t,scene_score
0,0.000000
0.0333333,0.000212
0.0666667,0.000007
0.1,0.000002
0.133333,0.000001
0.166667,0.000000
0.2,0.003168
0.233333,0.000001
0.266667,0.000000
0.3,0.000000
0.333333,0.000000
0.366667,0.000000
0.4,0.003150
0.433333,0.000000
0.466667,0.000000
0.5,0.000000
0.533333,0.000000
0.566667,0.000000
0.6,0.000000
0.633333,0.001145
0.666667,0.003856
0.7,0.015932
0.733333,0.018250
0.766667,0.020898
0.8,0.017287
0.833333,0.007548
0.866667,0.040222
0.9,0.000243
0.933333,0.000076
0.966667,0.000030
1,0.001101
1.033333,0.000206
1.066667,0.000082
1.1,0.000026
1.133333,0.000013
1.166667,0.000001
1.2,0.000005
1.233333,0.000003
1.266667,0.000001
1.3,0.000002
1.333333,0.000005
1.366667,0.000003
1.4,0.000242
1.433333,0.000071
1.466667,0.000035
1.5,0.000002
1.533333,0.000006
1.566667,0.000000
1.6,0.000002
1.633333,0.000003
1.666667,0.000001
1.7,0.000002
1.733333,0.000001
1.766667,0.000003
1.8,0.000006
1.833333,0.000004
1.866667,0.000002
1.9,0.000006
1.933333,0.000001
1.966667,0.000195
2,0.000716
2.033333,0.000131
2.066667,0.000010
2.1,0.000035
2.133333,0.000011
2.166667,0.000002
2.2,0.061046
2.233333,0.000031
2.266667,0.000010
2.3,0.000002
2.333333,0.000001
2.366667,0.000001
2.4,0.000002
2.433333,0.000001
2.466667,0.000001
2.5,0.000003
2.533333,0.000000
2.566667,0.000002
2.6,0.027126
2.633333,0.034073
2.666667,0.001307
2.7,0.000820
2.733333,0.001112
2.766667,0.001197
2.8,0.001029
2.833333,0.001308
2.866667,0.001292
2.9,0.001135
2.933333,0.025571
2.966667,0.000418
3,0.000127
3.033333,0.000044
3.066667,0.000008
3.1,0.000071
3.133333,0.000022
3.166667,0.000006
3.2,0.000003
3.233333,0.000000
3.266667,0.000000
3.3,0.000000
3.333333,0.000001
3.366667,0.000000
3.4,0.000001
3.433333,1.000000
3.466667,0.031579
3.5,0.000674
3.533333,0.002365
3.566667,0.011239
3.6,0.005998
3.633333,0.000545
3.666667,0.001492
3.7,0.017371
3.733333,0.012891
3.766667,0.000046
3.8,0.000302
3.833333,0.013910
3.866667,0.015246
3.9,0.001327
3.933333,0.000023
3.966667,0.012686
4,0.016353
4.033333,0.001492
4.066667,0.001449
4.1,0.006981
4.133333,0.011160
4.166667,0.005012
4.2,0.007547
4.233333,0.013668
4.266667,0.000090
4.3,0.000825
4.333333,0.000979
4.366667,0.022216
4.4,0.010216
4.433333,0.000784
4.466667,0.001947
4.5,0.017104
4.533333,0.019843
4.566667,0.000264
4.6,0.001712
4.633333,0.021208
4.666667,0.016923
4.7,0.000151
4.733333,0.000981
4.766667,0.016368
4.8,0.019414
4.833333,0.003075
4.866667,0.001426
4.9,0.011240
4.933333,0.003468
4.966667,0.023838
5,0.000523
5.033333,0.018181
5.066667,0.006681
5.1,0.003880
5.133333,0.000752
5.166667,0.012734
5.2,0.012923
5.233333,0.000397
5.266667,0.001439
5.3,0.014308
5.333333,0.013597
5.366667,0.000537
5.4,0.000052
5.433333,0.014925
5.466667,0.015136
5.5,0.000514
5.533333,0.000000
5.566667,0.014288
5.6,0.014101
5.633333,0.001411
5.666667,0.000135
5.7,0.015298
5.733333,0.014498
5.766667,0.000685
5.8,0.001226
5.833333,0.014349
5.866667,0.014857
5.9,0.000453
5.933333,0.000997
5.966667,0.023352
6,0.019567
6.033333,0.002945
6.066667,0.001065
6.1,0.012602
6.133333,0.015945
6.166667,0.000314
6.2,0.000678
6.233333,0.013833
6.266667,0.013381
6.3,0.002028
6.333333,0.003645
6.366667,0.010676
6.4,0.013795
6.433333,0.000389
6.466667,0.001665
6.5,0.013514
6.533333,0.011804
6.566667,0.000419
6.6,0.000823
6.633333,0.010460
6.666667,0.015184
6.7,0.000208
6.733333,0.003669
6.766667,0.008125
6.8,0.007284
6.833333,0.001388
6.866667,0.000413
6.9,0.010490
6.933333,0.012204
6.966667,0.001024
7,0.000084
7.033333,0.010382
7.066667,0.010173
7.1,0.001542
7.133333,0.000830
7.166667,0.010309
7.2,0.011742
7.233333,0.003295
7.266667,0.000931
7.3,0.011446
7.333333,0.007869
7.366667,0.003442
7.4,0.000136
7.433333,1.000000
7.466667,0.000012
7.5,0.000000
7.533333,0.000000
7.566667,0.000000
7.6,0.000394
7.633333,0.000186
7.666667,0.000063
7.7,0.000020
7.733333,0.000002
7.766667,0.000002
7.8,0.000006
7.833333,0.000354
7.866667,0.000106
7.9,0.000053
7.933333,0.000010
7.966667,0.000009
8,0.001032
8.033333,0.000201
8.066667,0.000044
8.1,0.000019
8.133333,0.000001
8.166667,0.000004
8.2,0.000003
8.233333,0.000001
8.266667,0.000003
8.3,0.000001
8.333333,0.000001
8.366667,0.000001
8.4,0.000001
8.433333,0.000003
8.466667,0.000002
8.5,0.000130
8.533333,0.000060
8.566667,0.000021
8.6,0.000001
8.633333,0.000005
8.666667,0.000001
8.7,0.000008
8.733333,0.000008
8.766667,0.000001
8.8,0.000003
8.833333,0.000003
8.866667,0.000001
8.9,0.000003
8.933333,0.000007
8.966667,0.000000
9,0.000840
9.033333,0.000168
9.066667,0.000047
9.1,0.000023
9.133333,0.000002
9.166667,0.000005
9.2,0.000581
9.233333,0.000085
9.266667,0.000142
9.3,0.000049
9.333333,0.000010
9.366667,0.000003
9.4,0.000000
9.433333,0.048193
9.466667,0.000009
9.5,0.000003
9.533333,0.000001
9.566667,0.000000
9.6,0.000001
9.633333,0.000000
9.666667,0.000000
9.7,0.000000
9.733333,0.000000
9.766667,0.000000
9.8,0.000000
9.833333,0.000000
9.866667,0.000000
9.9,0.000000
9.933333,0.000000
9.966667,0.000000
10,0.000282
10.033333,0.000117
10.066667,0.000030
10.1,0.000006
10.133333,0.000003
10.166667,0.000001
10.2,0.000000
10.233333,0.000000
10.266667,0.000000
10.3,0.000000
10.333333,0.000404
10.366667,0.000064
10.4,0.000009
10.433333,0.000073
10.466667,0.000018
10.5,0.000008
10.533333,0.000003
10.566667,0.000001
10.6,0.000000
10.633333,0.000000
10.666667,0.000001
10.7,0.000000
10.733333,0.000000
10.766667,0.000000
10.8,0.000000
10.833333,0.000000
10.866667,0.000001
10.9,0.000000
10.933333,0.000000
10.966667,0.000000
11,0.000330
11.033333,1.000000
11.066667,0.020801
11.1,0.001937
11.133333,0.000437
11.166667,0.001576
11.2,0.002429
11.233333,0.001008
11.266667,0.000348
11.3,0.000129
11.333333,0.001750
11.366667,0.002960
11.4,0.004002
11.433333,0.002403
11.466667,0.002530
11.5,0.002376
11.533333,0.001940
11.566667,0.005573
11.6,0.002496
11.633333,0.005508
11.666667,0.002661
11.7,0.000936
11.733333,0.002043
11.766667,0.004337
11.8,0.000598
11.833333,0.000819
11.866667,0.004028
11.9,0.002691
11.933333,0.003195
11.966667,0.002131
12,0.000502
12.033333,0.001707
12.066667,0.011476
12.1,0.009725
12.133333,0.010255
12.166667,0.008373
12.2,0.012088
12.233333,0.004110
12.266667,0.008799
12.3,0.002404
12.333333,0.001611
12.366667,0.003416
12.4,0.003694
12.433333,0.000667
12.466667,0.018276
12.5,0.014686
12.533333,0.004778
12.566667,0.002202
12.6,0.002996
12.633333,0.004582
12.666667,0.002042
12.7,0.008573
12.733333,0.002614
12.766667,0.000614
12.8,0.002283
12.833333,0.002526
12.866667,0.003171
12.9,0.003440
12.933333,0.001516
12.966667,0.004508
13,0.001326
13.033333,0.003625
13.066667,0.000942
13.1,0.001390
13.133333,0.005035
13.166667,0.000305
13.2,0.003994
13.233333,0.003187
13.266667,0.000957
13.3,0.001349
13.333333,0.001286
13.366667,0.001907
13.4,0.000437
13.433333,0.000754
13.466667,0.000868
13.5,0.002276
13.533333,0.001340
13.566667,0.001225
13.6,0.001376
13.633333,0.001063
13.666667,0.001822
13.7,0.001647
13.733333,0.002380
13.766667,0.002789
13.8,0.007292
13.833333,0.005785
13.866667,0.006748
13.9,0.005774
13.933333,0.000775
13.966667,0.004968
14,0.001275
14.033333,0.001250
14.066667,0.001275
14.1,0.000316
14.133333,0.485506
14.166667,0.052951
14.2,0.006695
14.233333,0.000448
14.266667,0.000185
14.3,0.000802
14.333333,0.006605
14.366667,0.016101
14.4,0.016523
14.433333,0.000032
14.466667,0.000008
14.5,0.000002
14.533333,0.000001
14.566667,0.000000
14.6,0.000549
14.633333,0.000016
14.666667,0.000005
14.7,0.000002
14.733333,0.000001
14.766667,0.000000
14.8,0.000000
14.833333,0.000548
14.866667,0.000035
14.9,0.016490
14.933333,0.020244
14.966667,0.016100
15,0.006619
15.033333,0.000701
15.066667,0.000100
15.1,0.000457
15.133333,0.006714
15.166667,0.016601
15.2,0.016481
15.233333,0.000016
15.266667,0.000004
15.3,0.000092
15.333333,0.000017
15.366667,0.000004
15.4,0.000002
15.433333,0.000000
15.466667,0.000000
15.5,0.000001
15.533333,0.045468
15.566667,0.007444
15.6,0.006713
15.633333,0.000456
15.666667,0.000093
15.7,0.000716
15.733333,0.006594
15.766667,0.016098
15.8,0.016521
15.833333,0.000030
15.866667,0.000007
15.9,0.000000
15.933333,0.000001
15.966667,0.000001
16,0.000583
16.033333,0.000027
16.066667,0.000007
16.1,0.000002
16.133333,0.000086
16.166667,0.519845
16.2,0.000365
16.233333,0.005830
16.266667,0.000316
16.3,0.000341
16.333333,0.000436
16.366667,0.002805
16.4,0.000066
16.433333,0.013761
16.466667,0.003333
16.5,0.002099
16.533333,0.004689
16.566667,0.001324
16.6,0.002037
16.633333,0.012867
16.666667,0.001951
16.7,0.003244
16.733333,0.003415
16.766667,0.004941
16.8,0.001013
16.833333,0.011273
16.866667,0.041307
16.9,0.022384
16.933333,0.009659
16.966667,0.000186
17,0.002794
17.033333,0.009221
17.066667,0.000999
17.1,0.001108
17.133333,0.000586
17.166667,0.002997
17.2,0.002024
17.233333,0.005762
17.266667,0.000113
17.3,0.000271
17.333333,0.000479
17.366667,0.007084
17.4,0.001081
17.433333,0.012093
17.466667,0.000793
17.5,0.002832
17.533333,0.004442
17.566667,0.001149
17.6,0.000159
17.633333,0.009708
17.666667,0.001070
17.7,0.003239
17.733333,0.000325
17.766667,0.000268
17.8,0.000572
17.833333,0.014596
17.866667,0.003371
17.9,0.003819
17.933333,0.005220
17.966667,0.004494
18,0.002390
18.033333,0.032633
18.066667,0.003827
18.1,0.000408
18.133333,0.004225
18.166667,0.000113
18.2,0.000143
18.233333,0.036498
18.266667,0.008046
18.3,0.000472
18.333333,0.009756
18.366667,0.004035
18.4,0.000658
18.433333,0.030494
18.466667,0.004316
18.5,0.007298
18.533333,0.011969
18.566667,0.008137
18.6,0.000550
18.633333,0.057783
18.666667,0.028812
18.7,0.002723
18.733333,0.005557
18.766667,0.004652
18.8,0.000004
18.833333,0.036767
18.866667,0.007148
18.9,0.002993
18.933333,0.001585
18.966667,0.002059
19,0.003603
19.033333,0.036952
19.066667,0.000978
19.1,0.001823
19.133333,0.000097
19.166667,0.004203
19.2,0.000008
19.233333,0.045276
19.266667,0.004296
19.3,0.007295
19.333333,0.003608
19.366667,0.006888
19.4,0.000007
19.433333,0.053037
19.466667,0.000682
19.5,0.006824
19.533333,0.003922
19.566667,0.008086
19.6,0.000072
19.633333,0.062947
19.666667,0.001771
19.7,0.007663
19.733333,0.005108
19.766667,0.000185
19.8,0.000071
19.833333,0.070829
19.866667,0.004703
19.9,0.001283
19.933333,0.543521
19.966667,0.000131
20,0.026097
20.033333,0.002310
20.066667,0.003154
20.1,0.001378
20.133333,0.001209
20.166667,0.029763
20.2,0.002463
20.233333,0.003984
20.266667,0.004439
20.3,0.000595
20.333333,0.019051
20.366667,0.002390
20.4,0.005437
20.433333,0.017318
20.466667,0.000446
20.5,0.054712
20.533333,0.005739
20.566667,0.005138
20.6,0.013989
20.633333,0.000533
20.666667,0.036295
20.7,0.013111
20.733333,0.006925
20.766667,0.007228
20.8,0.000519
20.833333,0.022396
20.866667,0.003851
20.9,0.002097
20.933333,0.006676
20.966667,0.000466
21,0.031415
21.033333,0.005563
21.066667,0.003836
21.1,0.000074
21.133333,0.000428
21.166667,0.025297
21.2,0.002827
21.233333,0.003854
21.266667,0.005600
21.3,0.000505
21.333333,0.016483
21.366667,0.005126
21.4,0.004438
21.433333,0.003937
21.466667,0.000519
21.5,0.026731
21.533333,0.004072
21.566667,0.002697
21.6,0.004656
21.633333,0.000600
21.666667,0.013660
21.7,0.004152
21.733333,0.007780
21.766667,0.007633
21.8,0.000800
21.833333,0.038228
21.866667,0.000873
21.9,0.003771
21.933333,0.001180
21.966667,0.000421
22,0.030551
22.033333,0.004305
22.066667,0.002199
22.1,0.032686
22.133333,0.000427
22.166667,0.028833
22.2,0.002297
22.233333,0.003662
22.266667,0.006273
22.3,0.000442
22.333333,0.014102
22.366667,0.003320
22.4,0.005078
22.433333,0.001429
22.466667,0.000462
22.5,0.023986
22.533333,0.004649
22.566667,0.001508
22.6,0.000601
22.633333,0.000473
22.666667,0.016885
22.7,0.000021
22.733333,0.001158
22.766667,0.001534
22.8,0.000550
22.833333,0.020761
22.866667,0.000228
22.9,0.002047
22.933333,0.000004
22.966667,0.000527
23,0.022112
23.033333,0.003647
23.066667,0.001172
23.1,0.003449
23.133333,0.000346
23.166667,0.033915
23.2,0.000299
23.233333,0.001177
23.266667,0.001804
23.3,0.000447
23.333333,0.033044
23.366667,0.001734
23.4,0.007004
23.433333,0.003822
23.466667,0.000400
23.5,0.027545
23.533333,0.000271
23.566667,0.005428
23.6,0.000628
23.633333,0.000434
23.666667,0.022760
23.7,0.000647
23.733333,0.000963
23.766667,0.004608
23.8,0.000485
23.833333,0.030129
23.866667,0.006189
23.9,0.004587
23.933333,0.000828
23.966667,0.000442
24,1.000000
24.033333,0.000697
24.066667,0.001019
24.1,0.000899
24.133333,0.000379
24.166667,0.000039
24.2,0.000000
24.233333,0.000352
24.266667,0.000897
24.3,0.000701
24.333333,0.002182
24.366667,0.004548
24.4,0.003684
24.433333,0.001764
24.466667,0.000055
24.5,0.000101
24.533333,0.000100
24.566667,0.001631
24.6,0.003765
24.633333,0.003007
24.666667,0.000207
24.7,0.000304
24.733333,0.000284
24.766667,0.000119
24.8,0.000007
24.833333,0.000001
24.866667,0.000015
24.9,0.000117
24.933333,0.000283
24.966667,0.000195
25,0.005788
25.033333,0.063115
25.066667,0.014897
25.1,0.006283
25.133333,0.008877
25.166667,0.014948
25.2,0.005674
25.233333,0.009021
25.266667,0.015793
25.3,0.011123
25.333333,0.000427
25.366667,0.000671
25.4,0.000802
25.433333,0.000713
25.466667,0.000295
25.5,0.000557
25.533333,0.000007
25.566667,0.000332
25.6,0.001047
25.633333,0.000583
25.666667,0.000523
25.7,0.000567
25.733333,0.000899
25.766667,0.001064
25.8,0.000802
25.833333,0.000790
25.866667,0.000847
25.9,0.000287
25.933333,0.001667
25.966667,0.001309
26,0.000827
26.033333,0.000558
26.066667,0.001232
26.1,0.001198
26.133333,0.000794
26.166667,0.000792
26.2,0.000757
26.233333,0.000391
26.266667,0.001964
26.3,0.001812
26.333333,0.000185
26.366667,0.002771
26.4,0.002573
26.433333,0.001483
26.466667,0.000374
26.5,0.000497
26.533333,0.000188
26.566667,0.001038
26.6,0.002907
26.633333,0.002123
26.666667,0.000301
26.7,0.000299
26.733333,0.000298
26.766667,0.000156
26.8,0.000006
26.833333,0.000030
26.866667,0.058610
26.9,0.000987
26.933333,0.000260
26.966667,0.000282
27,0.000468
27.033333,0.000431
27.066667,0.000070
27.1,0.000030
27.133333,0.000022
27.166667,0.000036
27.2,0.000002
27.233333,0.000023
27.266667,0.000068
27.3,0.000140
27.333333,0.000001
27.366667,0.000009
27.4,0.000009
27.433333,0.000008
27.466667,0.000007
27.5,0.000395
27.533333,0.000336
27.566667,0.000023
27.6,0.000013
27.633333,0.000016
27.666667,0.001324
27.7,0.002037
27.733333,0.001737
27.766667,0.065377
27.8,0.005995
27.833333,0.000007
27.866667,0.000028
27.9,0.000716
27.933333,0.001794
27.966667,0.001486
28,0.000569
28.033333,0.000364
28.066667,0.000015
28.1,0.000007
28.133333,0.000025
28.166667,0.000003
28.2,0.000005
28.233333,0.000023
28.266667,0.000006
28.3,0.000005
28.333333,0.000004
28.366667,0.000005
28.4,0.000007
28.433333,0.000012
28.466667,0.000002
28.5,0.000305
28.533333,0.000287
28.566667,0.000005
28.6,0.000012
28.633333,0.000003
28.666667,0.000091
28.7,0.000012
28.733333,0.000038
28.766667,0.000005
28.8,0.000011
28.833333,0.000032
28.866667,0.000016
28.9,0.000001
28.933333,0.000016
28.966667,0.000018
29,0.001459
29.033333,0.001667
29.066667,0.001679
29.1,0.000697
29.133333,0.000020
29.166667,0.000044
29.2,0.000002
29.233333,0.000680
29.266667,0.001650
29.3,0.001583
29.333333,0.000415
29.366667,0.000019
29.4,0.000013
29.433333,0.000012
29.466667,0.000007
29.5,0.000470
29.533333,0.000325
29.566667,0.000021
29.6,0.000015
29.633333,0.000014
29.666667,0.000104
29.7,0.319264
29.733333,0.000000
29.766667,0.000000
29.8,0.000198
29.833333,0.000581
29.866667,0.000963
29.9,0.000024
29.933333,0.000504
29.966667,0.000140
30,0.002241
30.033333,0.000026
30.066667,0.000013
30.1,0.000048
30.133333,0.000091
30.166667,0.000170
30.2,0.000055
30.233333,0.000026
30.266667,0.000004
30.3,0.000003
30.333333,0.000002
30.366667,0.000005
30.4,0.000000
30.433333,0.000002
30.466667,0.000001
30.5,0.000004
30.533333,0.000001
30.566667,0.000000
30.6,0.000005
30.633333,0.000001
30.666667,0.000006
30.7,0.000002
30.733333,0.000001
30.766667,0.000002
30.8,0.000004
30.833333,0.000000
30.866667,0.000003
30.9,0.000001
30.933333,0.000000
30.966667,0.000000
31,0.000377
31.033333,0.000076
31.066667,0.000069
31.1,0.032035
31.133333,0.004774
31.166667,0.001120
31.2,0.000354
31.233333,0.000100
31.266667,0.000815
31.3,0.003194
31.333333,0.002260
31.366667,0.000954
31.4,0.000706
31.433333,0.000063
31.466667,0.001477
31.5,0.000461
31.533333,0.001769
31.566667,0.002184
31.6,0.001331
31.633333,0.001714
31.666667,0.002003
31.7,0.001011
31.733333,0.000463
31.766667,0.001637
31.8,0.002329
31.833333,0.001438
31.866667,0.001688
31.9,0.002263
31.933333,0.000430
31.966667,0.000035
32,0.000286
32.033333,0.002332
32.066667,0.002450
32.1,0.001565
32.133333,0.001402
32.166667,0.000651
32.2,0.000147
32.233333,0.002233
32.266667,0.000543
32.3,0.000679
32.333333,0.000096
32.366667,0.000044
32.4,0.000000
32.433333,0.000028
32.466667,0.000010
32.5,0.000094
32.533333,0.000503
32.566667,0.000213
32.6,0.000088
32.633333,0.000018
32.666667,0.000002
32.7,0.000001
32.733333,0.000000
32.766667,0.034990
32.8,0.000078
32.833333,0.000010
32.866667,0.000001
32.9,0.000000
32.933333,0.000000
32.966667,0.000000
33,0.001026
33.033333,0.000395
33.066667,0.000118
33.1,0.000049
33.133333,0.000007
33.166667,0.000002
33.2,0.000000
33.233333,0.000000
33.266667,0.000000
33.3,0.000000
33.333333,0.000000
33.366667,0.000000
33.4,0.000000
33.433333,0.000000
33.466667,0.000000
33.5,0.000000
33.533333,0.000000
33.566667,0.000000
33.6,0.000000
33.633333,0.000000
33.666667,0.000000
33.7,0.000000
33.733333,0.000000
33.766667,0.000000
33.8,0.000000
33.833333,0.039501
33.866667,0.000070
33.9,0.000008
33.933333,0.000001
33.966667,0.000000
34,0.000353
34.033333,0.000020
34.066667,0.000118
34.1,0.000049
34.133333,0.000007
34.166667,0.000002
34.2,0.000000
34.233333,0.000000
34.266667,0.000000
34.3,0.000000
34.333333,0.000000
34.366667,0.000000
34.4,0.000000
34.433333,0.000000
34.466667,0.000000
34.5,0.000000
34.533333,0.000000
34.566667,0.000000
34.6,0.000000
34.633333,0.000574
34.666667,0.045150
34.7,0.022102
34.733333,0.012962
34.766667,0.010236
34.8,0.002499
34.833333,0.002242
34.866667,0.010648
34.9,0.026505
34.933333,0.003036
34.966667,0.019289
35,0.004288
35.033333,0.005091
35.066667,0.019340
35.1,0.000085
35.133333,0.000026
35.166667,0.000004
35.2,0.000000
35.233333,0.000000
35.266667,0.000000
35.3,0.000000
35.333333,0.000000
35.366667,0.040694
35.4,0.000063
35.433333,0.000009
35.466667,0.000001
35.5,0.000000
35.533333,0.000000
35.566667,0.000000
35.6,0.000000
35.633333,0.000000
35.666667,0.000000
35.7,0.000000
35.733333,0.000000
35.766667,0.000000
35.8,0.000000
35.833333,0.000000
35.866667,0.000000
35.9,0.000000
35.933333,0.000000
35.966667,0.000000
36,0.000367
36.033333,0.000073
36.066667,0.000100
36.1,0.000039
36.133333,0.000006
36.166667,0.000002
36.2,0.000000
36.233333,0.000000
36.266667,0.000000
36.3,0.000000
36.333333,0.000000
36.366667,0.000000
36.4,0.000000
36.433333,0.000000
36.466667,0.000000
36.5,0.000000
36.533333,0.000000
36.566667,0.000000
36.6,0.000000
36.633333,0.000000
36.666667,0.000000
36.7,0.000000
36.733333,0.000000
36.766667,0.000000
36.8,0.000000
36.833333,0.000000
36.866667,0.000000
36.9,0.000000
36.933333,0.000000
36.966667,0.000000
37,0.038413
37.033333,0.000344
37.066667,0.000098
37.1,0.000039
37.133333,0.000006
37.166667,0.000002
37.2,0.000000
37.233333,0.000000
37.266667,0.000000
37.3,0.000000
37.333333,0.000000
37.366667,0.000000
37.4,0.000000
37.433333,0.000000
37.466667,0.000000
37.5,0.000000
37.533333,0.000000
37.566667,0.000000
37.6,0.000000
37.633333,0.000000
37.666667,0.000000
37.7,0.000000
37.733333,0.000000
37.766667,0.000000
37.8,0.000000
37.833333,0.000000
37.866667,0.000000
37.9,0.000000
37.933333,0.000000
37.966667,0.000000
38,0.000307
38.033333,0.000014
38.066667,0.269361
38.1,0.000914
38.133333,0.000063
38.166667,0.000158
38.2,0.000041
38.233333,0.000012
38.266667,0.000005
38.3,0.000001
38.333333,0.000000
38.366667,0.000000
38.4,0.000000
38.433333,0.000000
38.466667,0.000000
38.5,0.000000
38.533333,0.000000
38.566667,0.000000
38.6,0.000000
38.633333,0.000000
38.666667,0.000000
38.7,0.000000
38.733333,0.000000
38.766667,0.000000
38.8,0.000000
38.833333,0.000000
38.866667,0.000000
38.9,0.000000
38.933333,0.000000
38.966667,0.000000
39,0.000105
39.033333,0.000036
39.066667,0.000636
39.1,0.000050
39.133333,0.000013
39.166667,0.000005
39.2,0.000001
39.233333,0.000000
39.266667,0.000000
39.3,0.000000
39.333333,0.000000
39.366667,0.000000
39.4,0.000000
39.433333,0.000000
39.466667,0.000000
39.5,0.000000
39.533333,0.000000
39.566667,0.000000
39.6,0.000000
39.633333,0.000000
39.666667,0.000000
39.7,0.000000
39.733333,0.000000
39.766667,0.000000
39.8,0.000000
39.833333,0.000000
39.866667,0.000000
39.9,0.000000
39.933333,0.000000
39.966667,0.000000
40,0.000062
40.033333,0.000033
40.066667,0.000003
40.1,0.000007
40.133333,0.000005
40.166667,0.000002
40.2,0.000000
40.233333,0.000000
40.266667,0.000000
40.3,0.000000
40.333333,0.000000
40.366667,0.000000
40.4,0.000000
40.433333,0.000000
40.466667,0.000000
40.5,0.000000
40.533333,0.000000
40.566667,0.000000
40.6,0.000000
40.633333,0.000000
40.666667,0.000000
40.7,0.000000
40.733333,0.000000
40.766667,0.000000
40.8,0.000000
40.833333,0.000000
40.866667,0.000000
40.9,0.000000
40.933333,0.000000
40.966667,0.091624
41,0.000091
41.033333,0.000042
41.066667,0.000320
41.1,0.001163
41.133333,0.003995
41.166667,0.010248
41.2,0.011477
41.233333,0.010750
41.266667,0.005738
41.3,0.001250
41.333333,0.000372
41.366667,0.002052
41.4,0.003650
41.433333,0.004842
41.466667,0.005328
41.5,0.013431
41.533333,0.008160
41.566667,0.004516
41.6,0.004153
41.633333,0.003409
41.666667,0.002255
41.7,0.000556
41.733333,0.000086
41.766667,0.000755
41.8,0.003698
41.833333,0.001424
41.866667,0.000192
41.9,0.001378
41.933333,0.000357
41.966667,0.001172
42,0.001973
42.033333,0.001658
42.066667,0.000134
42.1,0.001737
42.133333,0.002619
42.166667,0.004583
42.2,0.002576
42.233333,0.022422
42.266667,0.013478
42.3,0.010168
42.333333,0.011112
42.366667,0.007438
42.4,0.042198
42.433333,0.170163
42.466667,0.034294
42.5,0.012806
42.533333,0.003238
42.566667,0.005649
42.6,0.002037
42.633333,0.011449
42.666667,0.000065
42.7,0.000471
42.733333,0.001049
42.766667,0.002361
42.8,0.000572
42.833333,0.000418
42.866667,0.001566
42.9,0.001799
42.933333,0.001072
42.966667,0.001259
43,0.006740
43.033333,0.004268
43.066667,0.002162
43.1,0.003185
43.133333,0.002228
43.166667,0.001956
43.2,0.000992
43.233333,0.005187
43.266667,0.009439
43.3,0.001811
43.333333,0.001531
43.366667,0.000675
43.4,0.022212
43.433333,0.000962
43.466667,0.004188
43.5,0.012961
43.533333,0.007554
43.566667,0.021643
43.6,0.015632
43.633333,0.002094
43.666667,0.001897
43.7,0.001159
43.733333,0.001318
43.766667,0.001287
43.8,0.001136
43.833333,0.006862
43.866667,0.004196
43.9,0.001005
43.933333,0.000393
43.966667,0.002499
44,0.002986
44.033333,0.003059
44.066667,0.002272
44.1,0.000207
44.133333,0.000151
44.166667,0.000691
44.2,0.000000
44.233333,0.000703
44.266667,0.000692
44.3,0.000525
44.333333,0.001691
44.366667,0.002598
44.4,0.001158
44.433333,0.000957
44.466667,0.000895
44.5,0.001889
44.533333,0.001606
44.566667,0.000482
44.6,0.000796
44.633333,0.002224
44.666667,0.004144
44.7,0.004166
44.733333,0.001957
44.766667,0.055504
44.8,0.019706
44.833333,0.004292
44.866667,0.002880
44.9,0.000622
44.933333,0.040593
44.966667,0.019351
45,0.011786
45.033333,0.008009
45.066667,0.005757
45.1,0.006538
45.133333,0.003341
45.166667,0.001507
45.2,0.001795
45.233333,0.001246
45.266667,0.001133
45.3,0.001089
45.333333,0.001006
45.366667,0.011423
45.4,0.003683
45.433333,0.003266
45.466667,0.003028
45.5,0.003695
45.533333,0.000053
45.566667,0.001647
45.6,0.000841
45.633333,0.000573
45.666667,0.000243
45.7,0.001013
45.733333,0.000219
45.766667,0.000088
45.8,0.000837
45.833333,0.000415
45.866667,0.000963
45.9,0.000807
45.933333,0.000486
45.966667,0.000147
46,0.000350
46.033333,0.001807
46.066667,0.001052
46.1,0.000490
46.133333,0.000891
46.166667,0.000921
46.2,0.000228
46.233333,0.000505
46.266667,0.000806
46.3,0.000028
46.333333,0.000492
46.366667,0.056008
46.4,0.000246
46.433333,0.000030
46.466667,0.000014
46.5,0.000584
46.533333,0.005390
46.566667,0.006295
46.6,0.000268
46.633333,0.000106
46.666667,0.004199
46.7,0.001768
46.733333,0.005197
46.766667,0.002647
46.8,0.001621
46.833333,0.001593
46.866667,0.006231
46.9,0.011093
46.933333,0.002768
46.966667,0.006269
47,0.004379
47.033333,0.002140
47.066667,0.002222
47.1,0.001380
47.133333,0.001351
47.166667,0.000467
47.2,0.095633
47.233333,0.020868
47.266667,0.011198
47.3,0.006470
47.333333,0.000472
47.366667,0.001980
47.4,0.003464
47.433333,0.006768
47.466667,0.005283
47.5,0.009234
47.533333,0.000390
47.566667,0.004383
47.6,0.002727
47.633333,0.001922
47.666667,0.001165
47.7,0.000706
47.733333,0.000398
47.766667,0.000147
47.8,0.000054
47.833333,0.000018
47.866667,0.000008
47.9,0.000000
47.933333,0.000001
47.966667,0.000000
48,0.000092
48.033333,0.000041
48.066667,0.000182
48.1,0.000043
48.133333,0.000016
48.166667,0.000008
48.2,0.000002
48.233333,0.000001
48.266667,0.000000
48.3,0.000000
48.333333,0.000000
48.366667,0.000000
48.4,0.000000
48.433333,0.000000
48.466667,0.000001
48.5,0.000000
48.533333,0.000000
48.566667,0.000000
48.6,0.000001
48.633333,0.000000
48.666667,0.000000
48.7,0.000000
48.733333,0.000001
48.766667,0.000000
48.8,0.000000
48.833333,0.000000
48.866667,0.000000
48.9,0.000000
48.933333,0.000000
48.966667,0.000000
49,0.000087
49.033333,0.000033
49.066667,0.000009
49.1,0.000007
49.133333,0.000008
49.166667,0.000002
49.2,0.000001
49.233333,0.000000
49.266667,0.000001
49.3,0.000000
49.333333,0.000001
49.366667,0.000001
49.4,0.000001
49.433333,0.000000
49.466667,0.000001
49.5,0.000001
49.533333,0.000001
49.566667,0.000000
49.6,0.000001
49.633333,0.000001
49.666667,0.176802
49.7,0.000918
49.733333,0.000040
49.766667,0.000175
49.8,0.000144
49.833333,0.000023
49.866667,0.000002
49.9,0.000171
49.933333,0.000138
49.966667,0.000052
50,0.000211
50.033333,0.000118
50.066667,0.000025
50.1,0.000168
50.133333,0.000119
50.166667,0.000213
50.2,0.000121
50.233333,0.000186
50.266667,0.000064
50.3,0.000190
50.333333,0.000097
50.366667,0.000097
50.4,0.000005
50.433333,0.000316
50.466667,0.000418
50.5,0.000418
50.533333,0.002824
50.566667,0.000014
50.6,0.000005
50.633333,0.000001
50.666667,0.000000
50.7,0.000000
50.733333,0.000000
50.766667,0.000000
50.8,0.000000
50.833333,0.000000
50.866667,0.000000
50.9,0.000000
50.933333,0.000000
50.966667,0.000000
51,0.000060
51.033333,0.000009
51.066667,0.000016
51.1,0.000007
51.133333,0.000000
51.166667,0.000000
51.2,0.000000
51.233333,0.000000
51.266667,0.000000
51.3,0.000000
51.333333,0.000000
51.366667,0.000000
51.4,0.000000
51.433333,0.000000
51.466667,0.000000
51.5,0.000000
51.533333,0.000000
51.566667,0.000000
51.6,0.000000
51.633333,0.000000
51.666667,0.000000
51.7,0.000000
51.733333,0.000000
51.766667,0.000000
51.8,0.000000
51.833333,0.000000
51.866667,0.000000
51.9,0.000000
51.933333,0.000000
51.966667,0.000000
52,0.000053
52.033333,0.000002
52.066667,0.000016
52.1,0.065390
52.133333,0.001039
52.166667,0.000025
52.2,0.000063
52.233333,0.000233
52.266667,0.000252
52.3,0.000004
52.333333,0.000028
52.366667,0.000024
52.4,0.000004
52.433333,0.000019
52.466667,0.000006
52.5,0.000022
52.533333,0.000002
52.566667,0.000090
52.6,0.000047
52.633333,0.000091
52.666667,0.000055
52.7,0.000098
52.733333,0.000005
52.766667,0.000040
52.8,0.000025
52.833333,0.000031
52.866667,0.000093
52.9,0.000019
52.933333,0.000251
52.966667,0.000037
53,0.000048
53.033333,0.000106
53.066667,0.000050
53.1,0.000263
53.133333,0.000039
53.166667,0.000283
53.2,0.000169
53.233333,0.000622
53.266667,0.000917
53.3,0.050415
53.333333,0.000031
53.366667,0.000012
53.4,0.000004
53.433333,0.000001
53.466667,0.000000
53.5,0.000000
53.533333,0.000000
53.566667,0.000000
53.6,0.000000
53.633333,0.000000
53.666667,0.000000
53.7,0.000000
53.733333,0.000000
53.766667,0.000000
53.8,0.000000
53.833333,0.000000
53.866667,0.000000
53.9,0.000000
53.933333,0.000000
53.966667,0.000000
54,0.000078
54.033333,0.000017
54.066667,0.000017
54.1,0.000008
54.133333,0.000001
54.166667,0.000001
54.2,0.000000
54.233333,0.000000
54.266667,0.000000
54.3,0.000000
54.333333,0.000000
54.366667,0.000000
54.4,0.000000
54.433333,0.000000
54.466667,0.000000
54.5,0.000000
54.533333,0.000000
54.566667,0.000000
54.6,0.000000
54.633333,0.000000
54.666667,0.000000
54.7,0.000000
54.733333,0.000000
54.766667,0.000000
54.8,0.000000
54.833333,0.000000
54.866667,0.000000
54.9,0.000000
54.933333,0.000000
54.966667,0.000000
55,0.000064
55.033333,0.000003
55.066667,0.000017
55.1,0.000008
55.133333,0.000001
55.166667,0.050006
55.2,0.000015
55.233333,0.000006
55.266667,0.000001
55.3,0.000000
55.333333,0.000000
55.366667,0.000000
55.4,0.000000
55.433333,0.000000
55.466667,0.000000
55.5,0.000000
55.533333,0.000000
55.566667,0.000000
55.6,0.000000
55.633333,0.000000
55.666667,0.000000
55.7,0.000000
55.733333,0.000000
55.766667,0.000000
55.8,0.000000
55.833333,0.000000
55.866667,0.000000
55.9,0.000000
55.933333,0.000000
55.966667,0.000000
56,0.000065
56.033333,0.000006
56.066667,0.000017
56.1,0.000008
56.133333,0.000001
56.166667,0.000001
56.2,0.000000
56.233333,0.000000
56.266667,0.000000
56.3,0.000000
56.333333,0.000000
56.366667,0.000000
56.4,0.000000
56.433333,0.000000
56.466667,0.000000
56.5,0.000000
56.533333,0.000000
56.566667,0.000000
56.6,0.000000
56.633333,0.034327
56.666667,0.001307
56.7,0.000234
56.733333,0.000023
56.766667,0.000110
56.8,0.000187
56.833333,0.000041
56.866667,0.000085
56.9,0.000093
56.933333,0.000070
56.966667,0.000154
57,0.000133
57.033333,0.000049
57.066667,0.000029
57.1,0.000137
57.133333,0.000177
57.166667,0.000151
57.2,0.000253
57.233333,0.000215
57.266667,0.000457
57.3,0.000690
57.333333,0.079162
57.366667,0.000033
57.4,0.000014
57.433333,0.000004
57.466667,0.000001
57.5,0.000000
57.533333,0.000000
57.566667,0.000000
57.6,0.000000
57.633333,0.000000
57.666667,0.000000
57.7,0.000000
57.733333,0.000000
57.766667,0.000000
57.8,0.000000
57.833333,0.000000
57.866667,0.000000
57.9,0.000000
57.933333,0.000000
57.966667,0.000000
58,0.000105
58.033333,0.000033
58.066667,0.000022
58.1,0.000011
58.133333,0.000001
58.166667,0.000001
58.2,0.000000
58.233333,0.000000
58.266667,0.000000
58.3,0.000000
58.333333,0.000000
58.366667,0.000000
58.4,0.000000
58.433333,0.000000
58.466667,0.000000
58.5,0.000000
58.533333,0.000000
58.566667,0.000000
58.6,0.000000
58.633333,0.000000
58.666667,0.000000
58.7,0.000000
58.733333,0.000000
58.766667,0.000000
58.8,0.000000
58.833333,0.000000
58.866667,0.000000
58.9,0.000000
58.933333,0.000000
58.966667,0.000000
59,0.000076
59.033333,0.000003
59.066667,0.000022
59.1,0.000011
59.133333,0.000001
59.166667,0.000001
59.2,0.000000
59.233333,0.000000
59.266667,0.207401
59.3,0.000028
59.333333,0.000010
59.366667,0.000003
59.4,0.000000
59.433333,0.000000
59.466667,0.000000
59.5,0.000000
59.533333,0.000000
59.566667,0.000000
59.6,0.000000
59.633333,0.000000
59.666667,0.000000
59.7,0.000000
59.733333,0.000000
59.766667,0.000000
59.8,0.000000
59.833333,0.000000
59.866667,0.000000
59.9,0.000000
59.933333,0.000000
59.966667,0.000000
60,0.000053
60.033333,0.000018
60.066667,0.000012
60.1,0.000005
60.133333,0.000001
60.166667,0.000000
60.2,0.000000
60.233333,0.000000
60.266667,0.000000
60.3,0.000000
60.333333,0.000000
60.366667,0.000000
60.4,0.000000
60.433333,0.000000
60.466667,0.000000
60.5,0.000000
60.533333,0.000000
60.566667,0.000000
60.6,0.000000
60.633333,0.000000
60.666667,0.000000
60.7,0.000000
60.733333,0.000000
60.766667,0.000000
60.8,0.000000
60.833333,0.000000
60.866667,0.000000
60.9,0.000000
60.933333,0.000000
60.966667,0.000000
61,0.000036
61.033333,0.000002
61.066667,0.000012
61.1,0.000005
61.133333,0.000001
61.166667,0.000000
61.2,0.000000
61.233333,0.000000
61.266667,0.000000
61.3,0.000000
61.333333,0.000000
61.366667,0.000000
61.4,0.000000
61.433333,0.000000
61.466667,0.000000
61.5,0.000000
61.533333,0.000000
61.566667,0.000000
61.6,0.000000
61.633333,0.000000
61.666667,0.000000
61.7,0.000000
61.733333,0.000000
61.766667,0.000000
61.8,0.000000
61.833333,0.000000
61.866667,0.000000
61.9,0.000000
61.933333,0.000000
61.966667,0.000000
62,0.068054
62.033333,0.000034
62.066667,0.000010
62.1,0.000004
62.133333,0.000001
62.166667,0.000000
62.2,0.000000
62.233333,0.000000
62.266667,0.000000
62.3,0.000000
62.333333,0.000000
62.366667,0.000000
62.4,0.000000
62.433333,0.000000
62.466667,0.000000
62.5,0.000000
62.533333,0.000000
62.566667,0.000000
62.6,0.000000
62.633333,0.000000
62.666667,0.000000
62.7,0.000000
62.733333,0.000000
62.766667,0.000000
62.8,0.000000
62.833333,0.000000
62.866667,0.000000
62.9,0.000000
62.933333,0.000000
62.966667,0.000000
63,0.000029
63.033333,0.000001
63.066667,0.000010
63.1,0.000004
63.133333,0.000001
63.166667,0.000000
63.2,0.000000
63.233333,0.000000
63.266667,0.000000
63.3,0.000000
63.333333,0.000000
63.366667,0.000000
63.4,0.000000
63.433333,0.000000
63.466667,0.000000
63.5,0.000000
63.533333,0.000000
63.566667,0.000000
63.6,0.000000
63.633333,0.028859
63.666667,0.000052
63.7,0.000006
63.733333,0.000016
63.766667,0.000014
63.8,0.000001
63.833333,0.000015
63.866667,0.000015
63.9,0.000000
63.933333,0.000000
63.966667,0.000001
64,0.000035
64.033333,0.000002
64.066667,0.000026
64.1,0.000009
64.133333,0.000014
64.166667,0.000013
64.2,0.000001
64.233333,0.000001
64.266667,0.000000
64.3,0.000001
64.333333,0.000014
64.366667,0.000002
64.4,0.000001
64.433333,0.000015
64.466667,0.000014
64.5,0.000001
64.533333,0.000015
64.566667,0.000044
64.6,0.000043
64.633333,0.000383
64.666667,0.000007
64.7,0.000000
64.733333,0.000000
64.766667,0.000000
64.8,0.000000
64.833333,0.000000
64.866667,0.000000
64.9,0.000000
64.933333,0.000000
64.966667,0.027421
65,0.000091
65.033333,0.000002
65.066667,0.000029
65.1,0.000004
65.133333,0.000001
65.166667,0.000000
65.2,0.000001
65.233333,0.000014
65.266667,0.000014
65.3,0.000001
65.333333,0.000013
65.366667,0.000001
65.4,0.000001
65.433333,0.000000
65.466667,0.000001
65.5,0.000000
65.533333,0.000000
65.566667,0.000014
65.6,0.000000
65.633333,0.000000
65.666667,0.000014
65.7,0.000013
65.733333,0.000028
65.766667,0.000013
65.8,0.000028
65.833333,0.000001
65.866667,0.000030
65.9,0.000028
65.933333,0.000042
65.966667,0.000264
66,0.000043
66.033333,0.000002
66.066667,0.000013
66.1,0.000005
66.133333,0.000001
66.166667,0.000001
66.2,0.000000
66.233333,0.000000
66.266667,0.000000
66.3,0.000000
66.333333,0.000035
66.366667,0.000015
66.4,0.000014
66.433333,0.000014
66.466667,0.000001
66.5,0.000016
66.533333,0.000016
66.566667,0.000000
66.6,0.031258
66.633333,0.000066
66.666667,0.000007
66.7,0.000001
66.733333,0.000000
66.766667,0.000015
66.8,0.000014
66.833333,0.000014
66.866667,0.000000
66.9,0.000001
66.933333,0.000000
66.966667,0.000001
67,0.000058
67.033333,0.000010
67.066667,0.000027
67.1,0.000010
67.133333,0.000015
67.166667,0.000000
67.2,0.000016
67.233333,0.000045
67.266667,0.000045
67.3,0.000398
67.333333,0.000006
67.366667,0.000001
67.4,0.000000
67.433333,0.000000
67.466667,0.000000
67.5,0.000000
67.533333,0.000000
67.566667,0.000000
67.6,0.000000
67.633333,0.000000
67.666667,0.000048
67.7,0.000001
67.733333,0.000000
67.766667,0.000001
67.8,0.021303
67.833333,0.000066
67.866667,0.000008
67.9,0.000012
67.933333,0.000014
67.966667,0.000001
68,0.000058
68.033333,0.000010
68.066667,0.000028
68.1,0.000005
68.133333,0.000001
68.166667,0.000001
68.2,0.000000
68.233333,0.000014
68.266667,0.000000
68.3,0.000000
68.333333,0.000014
68.366667,0.000013
68.4,0.000028
68.433333,0.000013
68.466667,0.000028
68.5,0.000001
68.533333,0.000030
68.566667,0.000027
68.6,0.000043
68.633333,0.000264
68.666667,0.000007
68.7,0.000000
68.733333,0.000000
68.766667,0.000000
68.8,0.000000
68.833333,0.000000
68.866667,0.000000
68.9,0.000000
68.933333,0.000000
68.966667,0.000000
69,0.000073
69.033333,0.000013
69.066667,0.000043
69.1,0.032776
69.133333,0.000061
69.166667,0.000020
69.2,0.000016
69.233333,0.000000
69.266667,0.000000
69.3,0.000000
69.333333,0.000001
69.366667,0.000001
69.4,0.000001
69.433333,0.000014
69.466667,0.000014
69.5,0.000014
69.533333,0.000000
69.566667,0.000001
69.6,0.000000
69.633333,0.000001
69.666667,0.000014
69.7,0.000002
69.733333,0.000000
69.766667,0.000015
69.8,0.000015
69.833333,0.000001
69.866667,0.000016
69.9,0.000045
69.933333,0.000045
69.966667,0.000398
70,0.000034
70.033333,0.031602
70.066667,0.000020
70.1,0.000009
70.133333,0.000002
70.166667,0.000001
70.2,0.000000
70.233333,0.000000
70.266667,0.000000
70.3,0.000048
70.333333,0.000001
70.366667,0.000000
70.4,0.000001
70.433333,0.000001
70.466667,0.000000
70.5,0.000001
70.533333,0.000014
70.566667,0.000014
70.6,0.000001
70.633333,0.000012
70.666667,0.000001
70.7,0.000000
70.733333,0.000000
70.766667,0.000001
70.8,0.000000
70.833333,0.000000
70.866667,0.000014
70.9,0.000001
70.933333,0.000000
70.966667,0.000013
71,0.000023
71.033333,0.000025
71.066667,0.000041
71.1,0.000024
71.133333,0.000002
71.166667,0.021803
71.2,0.000191
71.233333,0.000037
71.266667,0.000263
71.3,0.000006
71.333333,0.000000
71.366667,0.000000
71.4,0.000000
71.433333,0.000000
71.466667,0.003291
71.5,0.001327
71.533333,0.000260
71.566667,0.000216
71.6,0.000136
71.633333,0.000002
71.666667,0.000131
71.7,0.000004
71.733333,0.000085
71.766667,0.000036
71.8,0.000083
71.833333,0.000002
71.866667,0.000001
71.9,0.000045
71.933333,0.000000
71.966667,0.000041
72,0.000069
72.033333,0.000049
72.066667,0.000020
72.1,0.000006
72.133333,0.000040
72.166667,0.000005
72.2,0.000043
72.233333,0.000040
72.266667,0.000050
72.3,0.000048
72.333333,0.000004
72.366667,0.000043
72.4,0.000043
72.433333,0.033330
72.466667,0.000221
72.5,0.000016
72.533333,0.000050
72.566667,0.000031
72.6,0.000004
72.633333,0.000034
72.666667,0.000038
72.7,0.000022
72.733333,0.000049
72.766667,0.000036
72.8,0.000005
72.833333,0.000021
72.866667,0.000013
72.9,0.000065
72.933333,0.000023
72.966667,0.000043
73,0.000073
73.033333,0.000013
73.066667,0.000032
73.1,0.000022
73.133333,0.000016
73.166667,0.000012
73.2,0.000001
73.233333,0.000020
73.266667,0.000011
73.3,0.000016
73.333333,0.000004
73.366667,0.000020
73.4,0.000029
73.433333,0.000013
73.466667,0.000013
73.5,0.000021
73.533333,0.000046
73.566667,0.000076
73.6,0.000043
73.633333,0.000021
73.666667,0.000052
73.7,0.000014
73.733333,0.000052
73.766667,0.000060
73.8,0.000014
73.833333,0.000067
73.866667,0.000050
73.9,0.000003
73.933333,0.000050
73.966667,0.000056
74,0.000047
74.033333,0.000086
74.066667,0.000048
74.1,0.000012
74.133333,0.040154
74.166667,0.000125
74.2,0.000063
74.233333,0.000058
74.266667,0.000057
74.3,0.000019
74.333333,0.000034
74.366667,0.000024
74.4,0.000192
74.433333,0.000090
74.466667,0.000377
74.5,0.000096
74.533333,0.000037
74.566667,0.000047
74.6,0.000017
74.633333,0.000050
74.666667,0.000006
74.7,0.000233
74.733333,0.000109
74.766667,0.000246
74.8,0.000159
74.833333,0.000190
74.866667,0.000002
74.9,0.000015
74.933333,0.000017
74.966667,0.000020
75,0.000146
75.033333,0.070658
75.066667,0.000076
75.1,0.000025
75.133333,0.000139
75.166667,0.000068
75.2,0.000047
75.233333,0.000021
75.266667,0.000037
75.3,0.000039
75.333333,0.000034
75.366667,0.000122
75.4,0.000043
75.433333,0.000075
75.466667,0.000048
75.5,0.000078
75.533333,0.000034
75.566667,0.000020
75.6,0.000031
75.633333,0.000108
75.666667,0.000194
75.7,0.000036
75.733333,0.000022
75.766667,0.000021
75.8,0.000038
75.833333,0.000022
75.866667,0.000112
75.9,0.000022
75.933333,0.000051
75.966667,0.000033
76,0.000015
76.033333,0.000073
76.066667,0.000068
76.1,0.000359
76.133333,0.000175
76.166667,0.000017
76.2,0.000075
76.233333,0.000137
76.266667,0.000000
76.3,0.000057
76.333333,0.000137
76.366667,0.000028
76.4,0.000035
76.433333,0.000031
76.466667,0.000090
76.5,0.000052
76.533333,0.000029
76.566667,0.000034
76.6,0.000012
76.633333,0.000024
76.666667,0.000015
76.7,0.000066
76.733333,0.000050
76.766667,0.000098
76.8,0.000049
76.833333,0.000070
76.866667,0.000057
76.9,0.000382
76.933333,0.000105
76.966667,0.000112
77,0.000158
77.033333,0.000099
77.066667,0.000043
77.1,0.000045
77.133333,0.000250
77.166667,0.000106
77.2,0.000019
77.233333,0.000025
77.266667,0.000053
77.3,0.000009
77.333333,0.034616
77.366667,0.000013
77.4,0.000006
77.433333,0.000001
77.466667,0.000000
77.5,0.000000
77.533333,0.000000
77.566667,0.000000
77.6,0.000000
77.633333,0.000000
77.666667,0.000000
77.7,0.000000
77.733333,0.000000
77.766667,0.000000
77.8,0.000000
77.833333,0.000000
77.866667,0.000000
77.9,0.000000
77.933333,0.000000
77.966667,0.000000
78,0.000041
78.033333,0.000005
78.066667,0.000011
78.1,0.000005
78.133333,0.000001
78.166667,0.000000
78.2,0.000000
78.233333,0.000000
78.266667,0.000000
78.3,0.000000
78.333333,0.000000
78.366667,0.000000
78.4,0.000000
78.433333,0.000000
78.466667,0.000000
78.5,0.000000
78.533333,0.000000
78.566667,0.000000
78.6,0.000000
78.633333,0.000000
78.666667,0.000000
78.7,0.000000
78.733333,0.000000
78.766667,0.000000
78.8,0.000000
78.833333,0.000000
78.866667,0.000000
78.9,0.000000
78.933333,0.000000
78.966667,0.000000
79,0.000038
79.033333,0.000002
79.066667,0.000011
79.1,0.000005
79.133333,0.000001
79.166667,0.000000
79.2,0.000000
79.233333,0.000000
79.266667,0.000000
79.3,0.000000
79.333333,0.000000
79.366667,0.000000
79.4,0.000000
79.433333,0.000000
79.466667,0.305494
79.5,0.000061
79.533333,0.000020
79.566667,0.000010
79.6,0.000001
79.633333,0.000000
79.666667,0.000000
79.7,0.000000
79.733333,0.000000
79.766667,0.000000
79.8,0.000000
79.833333,0.000000
79.866667,0.000000
79.9,0.000000
79.933333,0.000000
79.966667,0.000000
80,0.000078
80.033333,0.000024
80.066667,0.000017
80.1,0.000008
80.133333,0.000001
80.166667,0.000000
80.2,0.000000
80.233333,0.000000
80.266667,0.000000
80.3,0.000000
80.333333,0.000000
80.366667,0.017207
80.4,0.000016
80.433333,0.000006
80.466667,0.000001
80.5,0.000000
80.533333,0.000000
80.566667,0.000000
80.6,0.000000
80.633333,0.000000
80.666667,0.000000
80.7,0.000000
80.733333,0.000000
80.766667,0.000000
80.8,0.000000
80.833333,0.000000
80.866667,0.000000
80.9,0.000000
80.933333,0.000000
80.966667,0.000000
81,0.000063
81.033333,0.000008
81.066667,0.000018
81.1,0.000008
81.133333,0.000000
81.166667,0.000000
81.2,0.000000
81.233333,0.000000
81.266667,0.000000
81.3,0.000000
81.333333,0.000000
81.366667,0.054504
81.4,0.000014
81.433333,0.000005
81.466667,0.000001
81.5,0.000000
81.533333,0.000000
81.566667,0.000000
81.6,0.000000
81.633333,0.000000
81.666667,0.000000
81.7,0.000000
81.733333,0.000000
81.766667,0.000000
81.8,0.000000
81.833333,0.000000
81.866667,0.000000
81.9,0.000000
81.933333,0.000000
81.966667,0.000000
82,0.000058
82.033333,0.000005
82.066667,0.000016
82.1,0.000008
82.133333,0.000001
82.166667,0.000000
82.2,0.000000
82.233333,0.000000
82.266667,0.000000
82.3,0.000000
82.333333,0.000000
82.366667,0.000000
82.4,0.000000
82.433333,0.000000
82.466667,0.000000
82.5,0.000000
82.533333,0.000000
82.566667,0.000000
82.6,0.000000
82.633333,0.000000
82.666667,0.000000
82.7,0.000000
82.733333,0.000000
82.766667,0.000000
82.8,0.000000
82.833333,0.000000
82.866667,0.000000
82.9,0.000000
82.933333,0.000000
82.966667,0.000000
83,0.000056
83.033333,0.000003
83.066667,0.262988
83.1,0.000544
83.133333,0.000169
83.166667,0.000160
83.2,0.000001
83.233333,0.000002
83.266667,0.000003
83.3,0.000000
83.333333,0.000000
83.366667,0.000003
83.4,0.000160
83.433333,0.000160
83.466667,0.000003
83.5,0.000161
83.533333,0.000162
83.566667,0.000163
83.6,0.000003
83.633333,0.000001
83.666667,0.000001
83.7,0.000000
83.733333,0.000162
83.766667,0.000159
83.8,0.000161
83.833333,0.000003
83.866667,0.000001
83.9,0.000163
83.933333,0.000001
83.966667,0.000165
84,0.000036
84.033333,0.000005
84.066667,0.000306
84.1,0.000159
84.133333,0.000487
84.166667,0.000654
84.2,0.005277
84.233333,0.054075
84.266667,0.000020
84.3,0.000009
84.333333,0.000001
84.366667,0.000000
84.4,0.000000
84.433333,0.000000
84.466667,0.000000
84.5,0.000000
84.533333,0.000000
84.566667,0.000000
84.6,0.000000
84.633333,0.000000
84.666667,0.000000
84.7,0.000000
84.733333,0.000000
84.766667,0.000000
84.8,0.000000
84.833333,0.000000
84.866667,0.000000
84.9,0.000000
84.933333,0.000000
84.966667,0.000000
85,0.000039
85.033333,0.000005
85.066667,0.000013
85.1,0.000005
85.133333,0.000001
85.166667,0.000000
85.2,0.000000
85.233333,0.000000
85.266667,0.000000
85.3,0.000000
85.333333,0.000000
85.366667,0.000000
85.4,0.000000
85.433333,0.000000
85.466667,0.000000
85.5,0.000000
85.533333,0.000000
85.566667,0.000000
85.6,0.000000
85.633333,0.000000
85.666667,0.000000
85.7,0.000000
85.733333,0.000000
85.766667,0.000000
85.8,0.000000
85.833333,0.000000
85.866667,0.000000
85.9,0.000000
85.933333,0.000000
85.966667,0.000000
86,0.000036
86.033333,0.000002
86.066667,0.000013
86.1,0.000005
86.133333,0.000001
86.166667,0.000000
86.2,0.000000
86.233333,0.000000
86.266667,0.000000
86.3,0.000000
86.333333,0.000000
86.366667,0.000000
86.4,0.000000
86.433333,0.000000
86.466667,0.000000
86.5,0.000000
86.533333,0.000000
86.566667,0.000000
86.6,0.000000
86.633333,0.124158
86.666667,0.000017
86.7,0.000008
86.733333,0.000002
86.766667,0.000000
86.8,0.000000
86.833333,0.000000
86.866667,0.000000
86.9,0.000000
86.933333,0.000000
86.966667,0.000000
87,0.000039
87.033333,0.000007
87.066667,0.000011
87.1,0.000004
87.133333,0.000001
87.166667,0.000000
87.2,0.000000
87.233333,0.000000
87.266667,0.000000
87.3,0.000000
87.333333,0.000000
87.366667,0.000000
87.4,0.000000
87.433333,0.000000
87.466667,0.000000
87.5,0.046857
87.533333,0.000019
87.566667,0.000009
87.6,0.000002
87.633333,0.000000
87.666667,0.000000
87.7,0.000000
87.733333,0.000000
87.766667,0.000000
87.8,0.000000
87.833333,0.000000
87.866667,0.000000
87.9,0.000000
87.933333,0.000000
87.966667,0.000000
88,0.000049
88.033333,0.000010
88.066667,0.000014
88.1,0.000006
88.133333,0.000001
88.166667,0.000000
88.2,0.000000
88.233333,0.000000
88.266667,0.000000
88.3,0.000000
88.333333,0.000000
88.366667,0.000000
88.4,0.000000
88.433333,0.000000
88.466667,0.000000
88.5,0.000000
88.533333,0.000000
88.566667,0.000000
88.6,0.000000
88.633333,0.000000
88.666667,0.000000
88.7,0.000000
88.733333,0.000000
88.766667,0.000000
88.8,0.000000
88.833333,0.000000
88.866667,0.000000
88.9,0.000000
88.933333,0.000000
88.966667,0.000000
89,0.000041
89.033333,0.000003
89.066667,0.000014
89.1,0.000006
89.133333,0.000001
89.166667,0.000000
89.2,0.000000
89.233333,0.000000
89.266667,0.000000
89.3,0.090025
89.333333,0.000025
89.366667,0.000010
89.4,0.000002
89.433333,0.000000
89.466667,0.000000
89.5,0.000000
89.533333,0.000000
89.566667,0.000000
89.6,0.000000
89.633333,0.000000
89.666667,0.000000
89.7,0.000000
89.733333,0.000000
89.766667,0.000000
89.8,0.000000
89.833333,0.000000
89.866667,0.000000
89.9,0.000000
89.933333,0.000000
89.966667,0.000000
90,0.000054
90.033333,0.000012
90.066667,0.000014
90.1,0.000005
90.133333,0.000001
90.166667,0.000000
90.2,0.000000
90.233333,0.000000
90.266667,0.000000
90.3,0.000000
90.333333,0.000000
90.366667,0.000000
90.4,0.000000
90.433333,0.000000
90.466667,0.000000
90.5,0.000000
90.533333,0.000000
90.566667,0.032076
90.6,0.000016
90.633333,0.000008
90.666667,0.000001
90.7,0.000000
90.733333,0.000000
90.766667,0.000000
90.8,0.000000
90.833333,0.000000
90.866667,0.000000
90.9,0.000000
90.933333,0.000000
90.966667,0.000000
91,0.000042
91.033333,0.000003
91.066667,0.000013
91.1,0.000005
91.133333,0.000001
91.166667,0.000000
91.2,0.000000
91.233333,0.000000
91.266667,0.000000
91.3,0.000000
91.333333,0.000000
91.366667,0.000000
91.4,0.000000
91.433333,0.000000
91.466667,0.000000
91.5,0.000000
91.533333,0.000000
91.566667,0.000000
91.6,0.000000
91.633333,0.000000
91.666667,0.000000
91.7,0.000000
91.733333,0.000000
91.766667,0.000000
91.8,0.000000
91.833333,0.000000
91.866667,0.000000
91.9,0.000000
91.933333,0.000000
91.966667,0.000000
92,0.000042
92.033333,0.000002
92.066667,0.000013
92.1,0.000005
92.133333,0.000001
92.166667,0.000000
92.2,0.000000
92.233333,0.000000
92.266667,0.000000
92.3,0.000000
92.333333,0.231266
92.366667,0.000345
92.4,0.000026
92.433333,0.000001
92.466667,0.000005
92.5,0.000003
92.533333,0.000005
92.566667,0.000004
92.6,0.000009
92.633333,0.000002
92.666667,0.000001
92.7,0.000162
92.733333,0.000151
92.766667,0.000002
92.8,0.000004
92.833333,0.000004
92.866667,0.000003
92.9,0.000001
92.933333,0.000000
92.966667,0.000163
93,0.000093
93.033333,0.000014
93.066667,0.000040
93.1,0.000157
93.133333,0.000160
93.166667,0.000004
93.2,0.000002
93.233333,0.000169
93.266667,0.000166
93.3,0.000007
93.333333,0.000159
93.366667,0.000154
93.4,0.000003
93.433333,0.000159
93.466667,0.000155
93.5,0.000160
93.533333,0.000155
93.566667,0.000163
93.6,0.000159
93.633333,0.000163
93.666667,0.000152
93.7,0.000161
93.733333,0.000002
93.766667,0.000159
93.8,0.000163
93.833333,0.000005
93.866667,0.000012
93.9,0.000159
93.933333,0.000159
93.966667,0.000006
94,0.000063
94.033333,0.000007
94.066667,0.000026
94.1,0.000000
94.133333,0.000170
94.166667,0.000158
94.2,0.000018
94.233333,0.000164
94.266667,0.000148
94.3,0.000172
94.333333,0.000022
94.366667,0.000013
94.4,0.000012
94.433333,0.000018
94.466667,0.000040
94.5,0.000176
94.533333,0.000046
94.566667,0.000216
94.6,0.000051
94.633333,0.000265
94.666667,0.000298
94.7,0.000607
94.733333,0.052717
94.766667,0.000028
94.8,0.000011
94.833333,0.000003
94.866667,0.000000
94.9,0.000000
94.933333,0.000000
94.966667,0.000000
95,0.000070
95.033333,0.000019
95.066667,0.000016
95.1,0.000007
95.133333,0.000001
95.166667,0.000000
95.2,0.000000
95.233333,0.000000
95.266667,0.000000
95.3,0.000000
95.333333,0.000000
95.366667,0.000000
95.4,0.011266
95.433333,0.003952
95.466667,0.000907
95.5,0.000693
95.533333,0.000306
95.566667,0.000089
95.6,0.000232
95.633333,0.000210
95.666667,0.000052
95.7,0.000042
95.733333,0.000180
95.766667,0.000040
95.8,0.000021
95.833333,0.000012
95.866667,0.000029
95.9,0.000172
95.933333,0.000142
95.966667,0.000174
96,0.000039
96.033333,0.000021
96.066667,0.000047
96.1,0.000020
96.133333,0.000006
96.166667,0.000009
96.2,0.000164
96.233333,0.000144
96.266667,0.000005
96.3,0.000171
96.333333,0.000166
96.366667,0.101993
96.4,0.000627
96.433333,0.000153
96.466667,0.000164
96.5,0.000170
96.533333,0.000001
96.566667,0.000155
96.6,0.000169
96.633333,0.000003
96.666667,0.000008
96.7,0.000139
96.733333,0.000152
96.766667,0.000007
96.8,0.000152
96.833333,0.000136
96.866667,0.000016
96.9,0.000019
96.933333,0.000139
96.966667,0.000116
97,0.000212
97.033333,0.000021
97.066667,0.000001
97.1,0.000022
97.133333,0.000152
97.166667,0.000109
97.2,0.000176
97.233333,0.000015
97.266667,0.000190
97.3,0.000099
97.333333,0.000352
97.366667,0.000062
97.4,0.000241
97.433333,0.000275
97.466667,0.000530
97.5,0.000822
97.533333,0.044892
97.566667,0.000026
97.6,0.000011
97.633333,0.000002
97.666667,0.000001
97.7,0.000000
97.733333,0.000000
97.766667,0.000000
97.8,0.000000
97.833333,0.000000
97.866667,0.000000
97.9,0.000000
97.933333,0.000000
97.966667,0.000000
98,0.000060
98.033333,0.000014
98.066667,0.000015
98.1,0.000006
98.133333,0.000001
98.166667,0.000001
98.2,0.000000
98.233333,0.000000
98.266667,0.000000
98.3,0.000000
98.333333,0.000000
98.366667,0.000000
98.4,0.000000
98.433333,0.000000
98.466667,0.000000
98.5,0.000000
98.533333,0.000000
98.566667,0.009993
98.6,0.004015
98.633333,0.000896
98.666667,0.000514
98.7,0.000444
98.733333,0.000090
98.766667,0.000368
98.8,0.000081
98.833333,0.000332
98.866667,0.000085
98.9,0.000154
98.933333,0.000041
98.966667,0.000037
99,0.000106
99.033333,0.000037
99.066667,0.000054
99.1,0.000016
99.133333,0.000012
99.166667,0.000017
99.2,0.000023
99.233333,0.000141
99.266667,0.000025
99.3,0.000152
99.333333,0.000170
99.366667,0.000008
99.4,0.000004
99.433333,0.000010
99.466667,0.000010
99.5,0.000005
99.533333,0.097883
99.566667,0.000606
99.6,0.000194
99.633333,0.000172
99.666667,0.000005
99.7,0.000006
99.733333,0.000006
99.766667,0.000000
99.8,0.000002
99.833333,0.000003
99.866667,0.000177
99.9,0.000173
99.933333,0.000003
99.966667,0.000173
100,0.000109
100.033333,0.000152
100.066667,0.000033
100.1,0.000004
100.133333,0.000003
100.166667,0.000001
100.2,0.000171
100.233333,0.000169
100.266667,0.000176
100.3,0.000004
100.333333,0.000002
100.366667,0.000179
100.4,0.000001
100.433333,0.000177
100.466667,0.000008
100.5,0.000003
100.533333,0.000353
100.566667,0.063546
100.6,0.002404
100.633333,0.000702
100.666667,0.005733
100.7,0.000014
100.733333,0.000004
100.766667,0.000001
100.8,0.000000
100.833333,0.000000
100.866667,0.000000
100.9,0.000000
100.933333,0.000000
100.966667,0.000000
101,0.000059
101.033333,0.000008
101.066667,0.000016
101.1,0.000006
101.133333,0.000001
101.166667,0.000000
101.2,0.000000
101.233333,0.000000
101.266667,0.000000
101.3,0.000000
101.333333,0.000000
101.366667,0.000000
101.4,0.000000
101.433333,0.000000
101.466667,0.000000
101.5,0.000000
101.533333,0.000000
101.566667,0.000000
101.6,0.000000
101.633333,0.000000
101.666667,0.000000
101.7,0.000000
101.733333,0.000000
101.766667,0.000000
101.8,0.000000
101.833333,0.000000
101.866667,0.000000
101.9,0.000000
101.933333,0.000000
101.966667,0.000000
102,0.000053
102.033333,0.000002
102.066667,0.000016
102.1,0.000006
102.133333,0.000001
102.166667,0.000000
102.2,0.000000
102.233333,0.000000
102.266667,0.000000
102.3,0.000000
102.333333,0.000000
102.366667,0.000000
102.4,0.000000
102.433333,0.000000
102.466667,0.000000
102.5,0.000000
102.533333,0.000000
102.566667,0.000000
102.6,0.000000
102.633333,0.000000
102.666667,0.000000
102.7,0.000000
102.733333,0.000000
102.766667,0.000000
102.8,0.000000
102.833333,0.000000
102.866667,0.000000
102.9,0.052620
102.933333,0.005551
102.966667,0.001261
103,0.000609
103.033333,0.000601
103.066667,0.001430
103.1,0.001640
103.133333,0.000668
103.166667,0.000194
103.2,0.000829
103.233333,0.000157
103.266667,0.000185
103.3,0.000002
103.333333,0.000800
103.366667,0.001401
103.4,0.000556
103.433333,0.000576
103.466667,0.000712
103.5,0.000187
103.533333,0.000741
103.566667,0.000400
103.6,0.000180
103.633333,0.000692
103.666667,0.000266
103.7,0.000921
103.733333,0.000088
103.766667,0.000336
103.8,0.001103
103.833333,0.000332
103.866667,0.001124
103.9,0.000122
103.933333,0.000019
103.966667,0.000007
104,0.000071
104.033333,0.000034
104.066667,0.000011
104.1,0.000005
104.133333,0.000001
104.166667,0.000000
104.2,0.000000
104.233333,0.000000
104.266667,0.000000
104.3,0.000000
104.333333,0.037422
104.366667,0.000022
104.4,0.000010
104.433333,0.000002
104.466667,0.000000
104.5,0.000000
104.533333,0.000000
104.566667,0.000000
104.6,0.000000
104.633333,0.000000
104.666667,0.000000
104.7,0.000000
104.733333,0.000000
104.766667,0.000000
104.8,0.000000
104.833333,0.000000
104.866667,0.000000
104.9,0.000000
104.933333,0.000000
104.966667,0.000000
105,0.000054
105.033333,0.000005
105.066667,0.000015
105.1,0.000006
105.133333,0.000001
105.166667,0.000000
105.2,0.000000
105.233333,0.000000
105.266667,0.000000
105.3,0.000000
105.333333,0.000000
105.366667,0.000000
105.4,0.000000
105.433333,0.000000
105.466667,0.000000
105.5,0.000000
105.533333,0.000000
105.566667,0.000000
105.6,0.000000
105.633333,0.000000
105.666667,0.000000
105.7,0.000000
105.733333,0.000000
105.766667,0.000000
105.8,0.000000
105.833333,0.000000
105.866667,0.000000
105.9,0.000000
105.933333,0.000000
105.966667,0.000000
106,0.000051
106.033333,0.000002
106.066667,0.028948
106.1,0.000015
106.133333,0.000007
106.166667,0.000001
106.2,0.000000
106.233333,0.000000
106.266667,0.000000
106.3,0.000000
106.333333,0.000000
106.366667,0.000000
106.4,0.000000
106.433333,0.000000
106.466667,0.000000
106.5,0.000000
106.533333,0.000000
106.566667,0.000000
106.6,0.000000
106.633333,0.000000
106.666667,0.000000
106.7,0.000000
106.733333,0.000000
106.766667,0.000000
106.8,0.000000
106.833333,0.000000
106.866667,0.000000
106.9,0.000000
106.933333,0.000000
106.966667,0.000000
107,0.000046
107.033333,0.008548
107.066667,0.000138
107.1,0.001118
107.133333,0.000331
107.166667,0.001107
107.2,0.000336
107.233333,0.000084
107.266667,0.000925
107.3,0.000267
107.333333,0.000692
107.366667,0.000177
107.4,0.000402
107.433333,0.000740
107.466667,0.000188
107.5,0.000712
107.533333,0.000578
107.566667,0.000556
107.6,0.001397
107.633333,0.000797
107.666667,0.000003
107.7,0.000184
107.733333,0.000158
107.766667,0.000831
107.8,0.000194
107.833333,0.000669
107.866667,0.001646
107.9,0.001416
107.933333,0.000614
107.966667,0.000642
108,0.076821
108.033333,0.000062
108.066667,0.000018
108.1,0.000007
108.133333,0.000001
108.166667,0.000000
108.2,0.000000
108.233333,0.000000
108.266667,0.000000
108.3,0.000000
108.333333,0.000000
108.366667,0.000000
108.4,0.000000
108.433333,0.000000
108.466667,0.000000
108.5,0.000000
108.533333,0.000000
108.566667,0.000000
108.6,0.000000
108.633333,0.000000
108.666667,0.000000
108.7,0.000000
108.733333,0.000000
108.766667,0.000000
108.8,0.000000
108.833333,0.000000
108.866667,0.000000
108.9,0.000000
108.933333,0.000000
108.966667,0.000000
109,0.000056
109.033333,0.000003
109.066667,0.000018
109.1,0.000007
109.133333,0.000001
109.166667,0.000000
109.2,0.000000
109.233333,0.000000
109.266667,0.000000
109.3,0.000000
109.333333,0.033247
109.366667,0.003920
109.4,0.001166
109.433333,0.001000
109.466667,0.002080
109.5,0.000978
109.533333,0.000582
109.566667,0.001060
109.6,0.000323
109.633333,0.000752
109.666667,0.001016
109.7,0.000244
109.733333,0.000786
109.766667,0.001051
109.8,0.000841
109.833333,0.000766
109.866667,0.002987
109.9,0.002416
109.933333,0.001268
109.966667,0.000659
110,0.000039
110.033333,0.000273
110.066667,0.001065
110.1,0.002392
110.133333,0.002961
110.166667,0.001876
110.2,0.000384
110.233333,0.000154
110.266667,0.001634
110.3,0.001973
110.333333,0.001044
110.366667,0.000029
110.4,0.000008
110.433333,0.042343
110.466667,0.000120
110.5,0.000049
110.533333,0.000013
110.566667,0.000005
110.6,0.000001
110.633333,0.000000
110.666667,0.000000
110.7,0.000000
110.733333,0.000000
110.766667,0.000000
110.8,0.000000
110.833333,0.000000
110.866667,0.000000
110.9,0.000000
110.933333,0.000000
110.966667,0.000000
111,0.000154
111.033333,0.000056
111.066667,0.000014
111.1,0.000006
111.133333,0.000001
111.166667,0.000000
111.2,0.000000
111.233333,0.000000
111.266667,0.000000
111.3,0.000000
111.333333,0.000000
111.366667,0.000000
111.4,0.000000
111.433333,0.000000
111.466667,0.000000
111.5,0.000000
111.533333,0.000000
111.566667,0.000000
111.6,0.000000
111.633333,0.000000
111.666667,0.000000
111.7,0.000000
111.733333,0.000000
111.766667,0.000000
111.8,0.000000
111.833333,0.220253
111.866667,0.000679
111.9,0.000046
111.933333,0.000013
111.966667,0.000019
112,0.000027
112.033333,0.000019
112.066667,0.000036
112.1,0.000014
112.133333,0.000036
112.166667,0.000008
112.2,0.000003
112.233333,0.000097
112.266667,0.000085
112.3,0.000007
112.333333,0.000000
112.366667,0.000000
112.4,0.000000
112.433333,0.000000
112.466667,0.000000
112.5,0.000000
112.533333,0.000000
112.566667,0.000000
112.6,0.000000
112.633333,0.000000
112.666667,0.000000
112.7,0.000000
112.733333,0.000000
112.766667,0.000000
112.8,0.000000
112.833333,0.000000
112.866667,0.000000
112.9,0.000000
112.933333,0.000000
112.966667,0.000000
113,0.000042
113.033333,0.000006
113.066667,0.000012
113.1,0.000005
113.133333,0.000000
113.166667,0.000000
113.2,0.000000
113.233333,0.000000
113.266667,0.000000
113.3,0.000000
113.333333,0.000000
113.366667,0.000000
113.4,0.000000
113.433333,0.000000
113.466667,0.000000
113.5,0.000000
113.533333,0.000000
113.566667,0.000000
113.6,0.000000
113.633333,0.000000
113.666667,0.000000
113.7,0.000000
113.733333,0.000000
113.766667,0.000000
113.8,0.000000
113.833333,0.000000
113.866667,0.000000
113.9,0.000000
113.933333,0.000000
113.966667,0.000000
114,0.000038
114.033333,0.000002
114.066667,0.000012
114.1,0.000005
114.133333,0.000000
114.166667,0.000000
114.2,0.000000
114.233333,0.000000
114.266667,0.000000
114.3,0.000000
114.333333,0.000000
114.366667,0.000000
114.4,0.000000
114.433333,0.000000
114.466667,0.000000
114.5,0.000000
114.533333,0.000000
114.566667,0.007751
114.6,0.038715
114.633333,0.000015
114.666667,0.000006
114.7,0.000002
114.733333,0.000000
114.766667,0.000000
114.8,0.000000
114.833333,0.000000
114.866667,0.000000
114.9,0.000000
114.933333,0.000000
114.966667,0.000000
115,0.000047
115.033333,0.000011
115.066667,0.000011
115.1,0.000005
115.133333,0.000001
115.166667,0.000000
115.2,0.000000
115.233333,0.000000
115.266667,0.000000
115.3,0.000000
115.333333,0.000000
115.366667,0.000000
115.4,0.000000
115.433333,0.000000
115.466667,0.000000
115.5,0.000000
115.533333,0.000000
115.566667,0.000000
115.6,0.000000
115.633333,0.000000
115.666667,0.000000
115.7,0.000000
115.733333,0.000000
115.766667,0.000000
115.8,0.000000
115.833333,0.000000
115.866667,0.000000
115.9,0.000000
115.933333,0.000000
115.966667,0.000000
116,0.000037
116.033333,0.000002
116.066667,0.000011
116.1,0.000005
116.133333,0.000001
116.166667,0.000000
116.2,0.000000
116.233333,0.000000
116.266667,0.000000
116.3,0.000000
116.333333,0.000000
116.366667,0.000000
116.4,0.000000
116.433333,0.000000
116.466667,0.000000
116.5,0.000000
116.533333,0.000000
116.566667,0.000000
116.6,0.000000
116.633333,0.000000
116.666667,0.000000
116.7,0.000000
116.733333,0.000000
116.766667,0.000000
116.8,0.000000
116.833333,0.048164
116.866667,0.001440
116.9,0.000442
116.933333,0.000270
116.966667,0.000107
117,0.000078
117.033333,0.000002
117.066667,0.000039
117.1,0.000010
117.133333,0.000015
117.166667,0.000015
117.2,0.000105
117.233333,0.000006
117.266667,0.000138
117.3,0.000011
117.333333,0.000086
117.366667,0.000053
117.4,0.000097
117.433333,0.000161
117.466667,0.000103
117.5,0.000041
117.533333,0.000007
117.566667,0.000076
117.6,0.000215
117.633333,0.000025
117.666667,0.000005
117.7,0.000044
117.733333,0.000041
117.766667,0.000081
117.8,0.000020
117.833333,0.000121
117.866667,0.000265
117.9,0.000202
117.933333,0.000481
117.966667,0.000445
118,0.000223
118.033333,0.000146
118.066667,0.000193
118.1,0.000197
118.133333,0.000249
118.166667,0.000031
118.2,0.000234
118.233333,0.000586
118.266667,0.000770
118.3,0.000064
118.333333,0.000012
118.366667,0.000049
118.4,0.000048
118.433333,0.000081
118.466667,0.000050
118.5,0.000094
118.533333,0.000137
118.566667,0.000131
118.6,0.000058
118.633333,0.000184
118.666667,0.000015
118.7,0.000033
118.733333,0.000014
118.766667,0.000286
118.8,0.000005
118.833333,0.000012
118.866667,0.000055
118.9,0.000112
118.933333,0.001689
118.966667,0.001201
119,0.051771
119.033333,0.000313
119.066667,0.000039
119.1,0.000017
119.133333,0.000003
119.166667,0.000001
119.2,0.000000
119.233333,0.000000
119.266667,0.000000
119.3,0.000000
119.333333,0.000000
119.366667,0.000000
119.4,0.000000
119.433333,0.000000
119.466667,0.000000
119.5,0.000000
119.533333,0.000000
119.566667,0.000000
119.6,0.000000
119.633333,0.000000
119.666667,0.000000
119.7,0.000000
119.733333,0.000000
119.766667,0.000000
119.8,0.000000
119.833333,0.000000
119.866667,0.000000
119.9,0.000000
119.933333,0.000000
119.966667,0.000000
120,0.000129
120.033333,0.000036
120.066667,0.000029
120.1,0.000014
120.133333,0.000002
120.166667,0.000001
120.2,0.000000
120.233333,0.000000
120.266667,0.000000
120.3,0.000000
120.333333,0.000000
120.366667,0.000000
120.4,0.000000
120.433333,0.000000
120.466667,0.000000
120.5,0.000000
120.533333,0.000000
120.566667,0.000000
120.6,0.000000
120.633333,0.000000
120.666667,0.000000
120.7,0.000000
120.733333,0.193530
120.766667,0.000311
120.8,0.000008
120.833333,0.000001
120.866667,0.000272
120.9,0.000270
120.933333,0.000002
120.966667,0.000000
121,0.000035
121.033333,0.000010
121.066667,0.000254
121.1,0.000275
121.133333,0.000000
121.166667,0.000002
121.2,0.000271
121.233333,0.000271
121.266667,0.000001
121.3,0.000003
121.333333,0.000271
121.366667,0.000274
121.4,0.000003
121.433333,0.000272
121.466667,0.000271
121.5,0.000002
121.533333,0.000273
121.566667,0.000271
121.6,0.000271
121.633333,0.000272
121.666667,0.000000
121.7,0.000270
121.733333,0.000268
121.766667,0.000269
121.8,0.000266
121.833333,0.034742
121.866667,0.000322
121.9,0.000264
121.933333,0.000001
121.966667,0.000274
122,0.000312
122.033333,0.000283
122.066667,0.000251
122.1,0.000004
122.133333,0.000273
122.166667,0.000270
122.2,0.000002
122.233333,0.000001
122.266667,0.000005
122.3,0.000275
122.333333,0.000273
122.366667,0.000001
122.4,0.000002
122.433333,0.000001
122.466667,0.000003
122.5,0.000005
122.533333,0.000004
122.566667,0.000273
122.6,0.000272
122.633333,0.000000
122.666667,0.000000
122.7,0.000276
122.733333,0.000275
122.766667,0.000271
122.8,0.000266
122.833333,0.000269
122.866667,0.000003
122.9,0.000004
122.933333,0.000004
122.966667,0.000001
123,0.000036
123.033333,0.000008
123.066667,0.000255
123.1,0.000279
123.133333,0.000276
123.166667,0.000272
123.2,0.000273
123.233333,0.000277
123.266667,0.000002
123.3,0.000277
123.333333,0.000544
123.366667,0.000001
123.4,0.001089
123.433333,0.006221
123.466667,0.027225
123.5,0.000015
123.533333,0.000006
123.566667,0.000001
123.6,0.000000
123.633333,0.000000
123.666667,0.000000
123.7,0.000000
123.733333,0.000000
123.766667,0.000000
123.8,0.000000
123.833333,0.000000
123.866667,0.000000
123.9,0.000000
123.933333,0.000000
123.966667,0.000000
124,0.000038
124.033333,0.000007
124.066667,0.000013
124.1,0.000004
124.133333,0.000001
124.166667,0.000000
124.2,0.000000
124.233333,0.000000
124.266667,0.000000
124.3,0.000000
124.333333,0.000000
124.366667,0.000000
124.4,0.000000
124.433333,0.000000
124.466667,0.000000
124.5,0.000000
124.533333,0.038443
124.566667,0.000016
124.6,0.000007
124.633333,0.000001
124.666667,0.000000
124.7,0.000000
124.733333,0.000000
124.766667,0.000000
124.8,0.000000
124.833333,0.000000
124.866667,0.000000
124.9,0.000000
124.933333,0.000000
124.966667,0.000000
125,0.000037
125.033333,0.000004
125.066667,0.000013
125.1,0.000004
125.133333,0.000000
125.166667,0.000000
125.2,0.000000
125.233333,0.000000
125.266667,0.000000
125.3,0.000000
125.333333,0.000000
125.366667,0.000000
125.4,0.000000
125.433333,0.000000
125.466667,0.000000
125.5,0.000000
125.533333,0.000000
125.566667,0.000000
125.6,0.000000
125.633333,0.000000
125.666667,0.000000
125.7,0.000000
125.733333,0.000000
125.766667,0.000000
125.8,0.000000
125.833333,0.000000
125.866667,0.000000
125.9,0.000000
125.933333,0.000000
125.966667,0.000000
126,0.000035
126.033333,0.000002
126.066667,0.000013
126.1,0.000004
126.133333,0.000000
126.166667,0.000000
126.2,0.000000
126.233333,0.000000
126.266667,0.000000
126.3,0.000000
126.333333,0.000000
126.366667,0.000000
126.4,0.071949
126.433333,0.000021
126.466667,0.000010
126.5,0.000001
126.533333,0.000000
126.566667,0.000000
126.6,0.000000
126.633333,0.000000
126.666667,0.000000
126.7,0.000000
126.733333,0.000000
126.766667,0.000000
126.8,0.000000
126.833333,0.000000
126.866667,0.000000
126.9,0.000000
126.933333,0.000000
126.966667,0.000000
127,0.000042
127.033333,0.000005
127.066667,0.000015
127.1,0.000004
127.133333,0.000001
127.166667,0.000000
127.2,0.000000
127.233333,0.000000
127.266667,0.000000
127.3,0.000000
127.333333,0.000000
127.366667,0.000000
127.4,0.000000
127.433333,0.000000
127.466667,0.000000
127.5,0.000000
127.533333,0.000000
127.566667,0.000000
127.6,0.000000
127.633333,0.000000
127.666667,0.000000
127.7,0.000000
127.733333,0.000000
127.766667,0.000000
127.8,0.000000
127.833333,0.000000
127.866667,0.000000
127.9,0.000000
127.933333,0.000000
127.966667,0.000000
128,0.000038
128.033333,0.000001
128.066667,0.000015
128.1,0.000004
128.133333,0.000001
128.166667,0.000000
128.2,0.000000
128.233333,0.048909
128.266667,0.000010
128.3,0.000003
128.333333,0.000001
128.366667,0.000000
128.4,0.000000
128.433333,0.000000
128.466667,0.000000
128.5,0.000000
128.533333,0.000000
128.566667,0.000000
128.6,0.000000
128.633333,0.000000
128.666667,0.000000
128.7,0.000000
128.733333,0.000000
128.766667,0.000000
128.8,0.000000
128.833333,0.000000
128.866667,0.000000
128.9,0.000000
128.933333,0.000000
128.966667,0.000000
129,0.000033
129.033333,0.000002
129.066667,0.000012
129.1,0.000004
129.133333,0.000000
129.166667,0.000000
129.2,0.204565
129.233333,0.000034
129.266667,0.000011
129.3,0.000004
129.333333,0.000000
129.366667,0.000000
129.4,0.000000
129.433333,0.000000
129.466667,0.000000
129.5,0.000000
129.533333,0.000000
129.566667,0.000000
129.6,0.000000
129.633333,0.000000
129.666667,0.000000
129.7,0.000000
129.733333,0.000000
129.766667,0.000000
129.8,0.000000
129.833333,0.000000
129.866667,0.000000
129.9,0.000000
129.933333,0.000000
129.966667,0.000000
130,0.000052
130.033333,0.000013
130.066667,0.000013
130.1,0.000005
130.133333,0.000000
130.166667,0.000000
130.2,0.000000
130.233333,0.000000
130.266667,0.000000
130.3,0.000000
130.333333,0.000000
130.366667,0.000000
130.4,0.000000
130.433333,0.000000
130.466667,0.000000
130.5,0.000000
130.533333,0.000000
130.566667,0.000000
130.6,0.000000
130.633333,0.000000
130.666667,0.000000
130.7,0.000000
130.733333,0.000000
130.766667,0.000000
130.8,0.000000
130.833333,0.000000
130.866667,0.000000
130.9,0.000000
130.933333,0.000000
130.966667,0.000000
131,0.000040
131.033333,0.000002
131.066667,0.033134
131.1,0.000018
131.133333,0.000008
131.166667,0.000002
131.2,0.000000
131.233333,0.000000
131.266667,0.000000
131.3,0.000000
131.333333,0.000000
131.366667,0.000000
131.4,0.000000
131.433333,0.000000
131.466667,0.000000
131.5,0.000000
131.533333,0.000000
131.566667,0.000000
131.6,0.000000
131.633333,0.000000
131.666667,0.000000
131.7,0.000000
131.733333,0.000000
131.766667,0.000000
131.8,0.000000
131.833333,0.000000
131.866667,0.000000
131.9,0.000000
131.933333,0.000000
131.966667,0.000000
132,0.000050
132.033333,0.000010
132.066667,0.000014
132.1,0.000005
132.133333,0.000000
132.166667,0.000000
132.2,0.000000
132.233333,0.000000
132.266667,0.000000
132.3,0.000000
132.333333,0.000000
132.366667,0.000000
132.4,0.000000
132.433333,0.000000
132.466667,0.000000
132.5,0.000000
132.533333,0.000000
132.566667,0.000000
132.6,0.000000
132.633333,0.000000
132.666667,0.002398
132.7,0.035666
132.733333,0.000017
132.766667,0.000008
132.8,0.000001
132.833333,0.000000
132.866667,0.000000
132.9,0.000000
132.933333,0.000000
132.966667,0.000000
133,0.000045
133.033333,0.000005
133.066667,0.000012
133.1,0.000005
133.133333,0.000000
133.166667,0.000001
133.2,0.000000
133.233333,0.000000
133.266667,0.000000
133.3,0.000000
133.333333,0.000000
133.366667,0.000000
133.4,0.000000
133.433333,0.000000
133.466667,0.000000
133.5,0.000000
133.533333,0.000000
133.566667,0.000000
133.6,0.000000
133.633333,0.000000
133.666667,0.000000
133.7,0.000000
133.733333,0.000000
133.766667,0.000000
133.8,0.000000
133.833333,0.000000
133.866667,0.000000
133.9,0.000000
133.933333,0.000000
133.966667,0.000000
134,0.000042
134.033333,0.000001
134.066667,0.000012
134.1,0.000005
134.133333,0.000000
134.166667,0.000001
134.2,0.000000
134.233333,0.000000
134.266667,0.000000
134.3,0.000000
134.333333,0.000000
134.366667,0.000000
134.4,0.000000
134.433333,0.000000
134.466667,0.000000
134.5,0.000000
134.533333,0.000000
134.566667,0.000000
134.6,0.000000
134.633333,0.038772
134.666667,0.000131
134.7,0.000083
134.733333,0.000073
134.766667,0.000054
134.8,0.000039
134.833333,0.000069
134.866667,0.000159
134.9,0.000020
134.933333,0.000031
134.966667,0.000032
135,0.000129
135.033333,0.000083
135.066667,0.000086
135.1,0.000033
135.133333,0.000032
135.166667,0.000123
135.2,0.000088
135.233333,0.000127
135.266667,0.000026
135.3,0.000056
135.333333,0.000013
135.366667,0.000107
135.4,0.000253
135.433333,0.000126
135.466667,0.000016
135.5,0.000032
135.533333,0.000248
135.566667,0.000080
135.6,0.000049
135.633333,0.000052
135.666667,0.000041
135.7,0.000020
135.733333,0.000046
135.766667,0.000701
135.8,0.000133
135.833333,0.000216
135.866667,0.000241
135.9,0.000249
135.933333,0.000329
135.966667,0.000362
136,0.000083
136.033333,0.000037
136.066667,0.000469
136.1,0.041958
136.133333,0.000474
136.166667,0.000006
136.2,0.000050
136.233333,0.000047
136.266667,0.000170
136.3,0.000301
136.333333,0.000125
136.366667,0.000028
136.4,0.000034
136.433333,0.000253
136.466667,0.000032
136.5,0.000140
136.533333,0.000007
136.566667,0.000020
136.6,0.000084
136.633333,0.000110
136.666667,0.000158
136.7,0.000029
136.733333,0.000026
136.766667,0.000017
136.8,0.000169
136.833333,0.000021
136.866667,0.000025
136.9,0.000045
136.933333,0.000050
136.966667,0.000027
137,0.000084
137.033333,0.000089
137.066667,0.000045
137.1,0.000022
137.133333,0.000028
137.166667,0.000099
137.2,0.000025
137.233333,0.000010
137.266667,0.000029
137.3,0.000037
137.333333,0.000033
137.366667,0.000050
137.4,0.000130
137.433333,0.000019
137.466667,0.000014
137.5,0.000115
137.533333,0.000012
137.566667,0.000000
137.6,0.000000
137.633333,0.000000
137.666667,0.000000
137.7,0.000000
137.733333,0.000000
137.766667,0.000000
137.8,0.000000
137.833333,0.000000
137.866667,0.000000
137.9,0.000000
137.933333,0.000000
137.966667,0.000000
138,0.000087
138.033333,0.000013
138.066667,0.000023
138.1,0.000010
138.133333,0.000001
138.166667,0.000001
138.2,0.000000
138.233333,0.000000
138.266667,0.000000
138.3,0.000000
138.333333,0.000000
138.366667,0.000000
138.4,0.000000
138.433333,0.000000
138.466667,0.000000
138.5,0.277609
138.533333,0.000052
138.566667,0.000016
138.6,0.000006
138.633333,0.000001
138.666667,0.000000
138.7,0.000000
138.733333,0.000000
138.766667,0.000000
138.8,0.000000
138.833333,0.000000
138.866667,0.000000
138.9,0.000000
138.933333,0.000000
138.966667,0.000000
139,0.000070
139.033333,0.000015
139.066667,0.000018
139.1,0.000007
139.133333,0.000001
139.166667,0.000000
139.2,0.000000
139.233333,0.000000
139.266667,0.000000
139.3,0.000000
139.333333,0.000000
139.366667,0.000000
139.4,0.000000
139.433333,0.000000
139.466667,0.000000
139.5,0.000000
139.533333,0.000000
139.566667,0.000000
139.6,0.000000
139.633333,0.000000
139.666667,0.000000
139.7,0.000000
139.733333,0.000000
139.766667,0.000000
139.8,0.000000
139.833333,0.000000
139.866667,0.000000
139.9,0.000000
139.933333,0.000000
139.966667,0.000000
140,0.000057
140.033333,0.000003
140.066667,0.000018
140.1,0.000007
140.133333,0.000001
140.166667,0.000000
140.2,0.000000
140.233333,0.000000
140.266667,0.000000
140.3,0.000000
140.333333,0.000000
140.366667,0.000000
140.4,0.000000
140.433333,0.000000
140.466667,0.000000
140.5,0.000000
140.533333,0.000000
140.566667,0.000000
140.6,0.000000
140.633333,0.000000
140.666667,0.000000
140.7,0.000000
140.733333,0.000000
140.766667,0.056247
140.8,0.000018
140.833333,0.000008
140.866667,0.000002
140.9,0.000000
140.933333,0.000000
140.966667,0.000000
141,0.000052
141.033333,0.000002
141.066667,0.000017
141.1,0.000008
141.133333,0.000000
141.166667,0.000000
141.2,0.000000
141.233333,0.000000
141.266667,0.000000
141.3,0.000000
141.333333,0.000000
141.366667,0.000000
141.4,0.000000
141.433333,0.000000
141.466667,0.000000
141.5,0.000000
141.533333,0.000000
141.566667,0.000000
141.6,0.000000
141.633333,0.000000
141.666667,0.000000
141.7,0.000000
141.733333,0.000000
141.766667,0.000000
141.8,0.000000
141.833333,0.000000
141.866667,0.000000
141.9,0.000000
141.933333,0.000000
141.966667,0.000000
142,0.000053
142.033333,0.000002
142.066667,0.000017
142.1,0.000008
142.133333,0.000000
142.166667,0.000000
142.2,0.000000
142.233333,0.000000
142.266667,0.000000
142.3,0.018262
142.333333,0.000016
142.366667,0.000007
142.4,0.000001
142.433333,0.000001
142.466667,0.000000
142.5,0.000000
142.533333,0.000000
142.566667,0.000000
142.6,0.000000
142.633333,0.000000
142.666667,0.000000
142.7,0.000000
142.733333,0.000000
142.766667,0.000000
142.8,0.000000
142.833333,0.000000
142.866667,0.000000
142.9,0.000000
142.933333,0.000000
142.966667,0.000000
143,0.000060
143.033333,0.000010
143.066667,0.000016
143.1,0.000007
143.133333,0.000001
143.166667,0.000000
143.2,0.000000
143.233333,0.000000
143.266667,0.000000
143.3,0.000000
143.333333,0.000000
143.366667,0.000000
143.4,0.000000
143.433333,0.000000
143.466667,0.000000
143.5,0.000000
143.533333,0.064513
143.566667,0.000014
143.6,0.000007
143.633333,0.000001
143.666667,0.000000
143.7,0.000000
143.733333,0.000000
143.766667,0.000000
143.8,0.000000
143.833333,0.000000
143.866667,0.000000
143.9,0.000000
143.933333,0.000000
143.966667,0.000000
144,0.000053
144.033333,0.000004
144.066667,0.000014
144.1,0.000007
144.133333,0.000000
144.166667,0.000000
144.2,0.000000
144.233333,0.000000
144.266667,0.000000
144.3,0.000000
144.333333,0.000000
144.366667,0.000000
144.4,0.000000
144.433333,0.000000
144.466667,0.000000
144.5,0.000000
144.533333,0.000000
144.566667,0.000000
144.6,0.000000
144.633333,0.000000
144.666667,0.000000
144.7,0.000000
144.733333,0.000000
144.766667,0.000000
144.8,0.000000
144.833333,0.000000
144.866667,0.000000
144.9,0.000000
144.933333,0.000000
144.966667,0.000000
145,0.000052
145.033333,0.000002
145.066667,0.000014
145.1,0.000007
145.133333,0.000000
145.166667,0.000000
145.2,0.000000
145.233333,0.000000
145.266667,0.000000
145.3,0.000000
145.333333,0.000000
145.366667,0.000000
145.4,0.000000
145.433333,0.000000
145.466667,0.000000
145.5,0.000000
145.533333,0.000000
145.566667,0.000000
145.6,0.000000
145.633333,0.000000
145.666667,0.000000
145.7,0.000000
145.733333,0.065244
145.766667,0.000009
145.8,0.000003
145.833333,0.000001
145.866667,0.000000
145.9,0.000000
145.933333,0.000000
145.966667,0.000000
146,0.000050
146.033333,0.000004
146.066667,0.000013
146.1,0.000006
146.133333,0.000000
146.166667,0.000000
146.2,0.000000
146.233333,0.000000
146.266667,0.000000
146.3,0.000000
146.333333,0.000000
146.366667,0.000000
146.4,0.000000
146.433333,0.000000
146.466667,0.000000
146.5,0.000000
146.533333,0.000000
146.566667,0.000000
146.6,0.000000
146.633333,0.000000
146.666667,0.000000
146.7,0.000000
146.733333,0.000000
146.766667,0.000000
146.8,0.000000
146.833333,0.000000
146.866667,0.000000
146.9,0.000000
146.933333,0.000000
146.966667,0.000000
147,0.000048
147.033333,0.000002
147.066667,0.000013
147.1,0.018281
147.133333,0.000017
147.166667,0.000007
147.2,0.000002
147.233333,0.000000
147.266667,0.000000
147.3,0.000000
147.333333,0.000000
147.366667,0.000000
147.4,0.000000
147.433333,0.000000
147.466667,0.000000
147.5,0.000000
147.533333,0.000000
147.566667,0.000000
147.6,0.000000
147.633333,0.000000
147.666667,0.000000
147.7,0.000000
147.733333,0.000000
147.766667,0.000000
147.8,0.000000
147.833333,0.000000
147.866667,0.000000
147.9,0.000000
147.933333,0.000000
147.966667,0.000000
148,0.000056
148.033333,0.000005
148.066667,0.000016
148.1,0.000007
148.133333,0.000000
148.166667,0.000000
148.2,0.000000
148.233333,0.000000
148.266667,0.000000
148.3,0.025067
148.333333,0.000016
148.366667,0.000008
148.4,0.000001
148.433333,0.000000
148.466667,0.000000
148.5,0.000000
148.533333,0.000000
148.566667,0.000000
148.6,0.000000
148.633333,0.000000
148.666667,0.000000
148.7,0.000000
148.733333,0.000000
148.766667,0.000000
148.8,0.000000
148.833333,0.000000
148.866667,0.000000
148.9,0.000000
148.933333,0.000000
148.966667,0.000000
149,0.000060
149.033333,0.000008
149.066667,0.000016
149.1,0.000007
149.133333,0.000000
149.166667,0.000000
149.2,0.000000
149.233333,0.000000
149.266667,0.000000
149.3,0.000000
149.333333,0.000000
149.366667,0.000000
149.4,0.000000
149.433333,0.000000
149.466667,0.000000
149.5,0.000000
149.533333,0.000000
149.566667,0.000000
149.6,0.000000
149.633333,0.039413
149.666667,0.000021
149.7,0.000010
149.733333,0.000002
149.766667,0.000001
149.8,0.000000
149.833333,0.000000
149.866667,0.000000
149.9,0.000000
149.933333,0.000000
149.966667,0.000000
150,0.000064
150.033333,0.000010
150.066667,0.000018
150.1,0.000008
150.133333,0.000001
150.166667,0.000001
150.2,0.000000
150.233333,0.000000
150.266667,0.000000
150.3,0.000000
150.333333,0.000000
150.366667,0.000000
150.4,0.000000
150.433333,0.000000
150.466667,0.000000
150.5,0.000000
150.533333,0.000000
150.566667,0.000000
150.6,0.000000
150.633333,0.000000
150.666667,0.000000
150.7,0.000000
150.733333,0.000000
150.766667,0.000000
150.8,0.000000
150.833333,0.000000
150.866667,0.000000
150.9,0.000000
150.933333,0.000000
150.966667,0.000000
151,0.000058
151.033333,0.000003
151.066667,0.000018
151.1,0.000008
151.133333,0.000001
151.166667,0.000001
151.2,0.000000
151.233333,0.000000
151.266667,0.000000
151.3,0.000000
151.333333,0.000000
151.366667,0.000000
151.4,0.000000
151.433333,0.000000
151.466667,0.000000
151.5,0.031444
151.533333,0.000020
151.566667,0.000010
151.6,0.000001
151.633333,0.000000
151.666667,0.000000
151.7,0.000000
151.733333,0.000000
151.766667,0.000000
151.8,0.000000
151.833333,0.000000
151.866667,0.000000
151.9,0.000000
151.933333,0.000000
151.966667,0.000000
152,0.000065
152.033333,0.000011
152.066667,0.000018
152.1,0.000008
152.133333,0.000000
152.166667,0.000000
152.2,0.000000
152.233333,0.000000
152.266667,0.000000
152.3,0.000000
152.333333,0.000000
152.366667,0.000000
152.4,0.000000
152.433333,0.000000
152.466667,0.000000
152.5,0.000000
152.533333,0.000000
152.566667,0.000000
152.6,0.000000
152.633333,0.000000
152.666667,0.000000
152.7,0.000000
152.733333,0.000000
152.766667,0.000000
152.8,0.000000
152.833333,0.000000
152.866667,1.000000
152.9,0.102628
152.933333,0.057772
152.966667,0.005038
153,0.000379
153.033333,0.000079
153.066667,0.000113
153.1,0.000019
153.133333,0.000080
153.166667,0.000004
153.2,0.000001
153.233333,0.000000
153.266667,0.000000
153.3,0.000000
153.333333,0.000000
153.366667,0.000000
153.4,0.000000
153.433333,0.000000
153.466667,0.000000
153.5,0.000000
153.533333,0.000000
153.566667,0.000000
153.6,0.000000
153.633333,0.000000
153.666667,0.000000
153.7,0.000000
153.733333,0.000000
153.766667,0.000000
153.8,0.000000
153.833333,0.000000
153.866667,0.000000
153.9,0.000000
153.933333,0.000000
153.966667,0.000000
154,0.000144
154.033333,0.000063
154.066667,0.000113
154.1,0.000015
154.133333,1.000000
154.166667,0.000087
154.2,0.000023
154.233333,0.000009
154.266667,0.000001
154.3,0.000000
154.333333,0.000000
154.366667,0.000000
154.4,0.000000
154.433333,0.000000
154.466667,0.000000
154.5,0.000000
154.533333,0.000000
154.566667,0.000000
154.6,0.000000
154.633333,0.000000
154.666667,0.000000
154.7,0.000000
154.733333,0.000000
154.766667,0.000000
154.8,0.000000
154.833333,0.000000
154.866667,0.000000
154.9,0.000000
154.933333,0.000000
154.966667,0.000000
155,0.000085
155.033333,0.000037
155.066667,0.000015
155.1,0.000007
155.133333,0.000001
155.166667,0.000000
155.2,0.000000
155.233333,0.000000
155.266667,0.000000
155.3,0.000000
155.333333,0.000000
155.366667,0.000000
155.4,0.000000
155.433333,0.000000
155.466667,0.000000
155.5,0.000000
155.533333,0.000000
155.566667,0.027744
155.6,0.000013
155.633333,0.000007
155.666667,0.000000
155.7,0.000000
155.733333,0.000000
155.766667,0.000000
155.8,0.000000
155.833333,0.000000
155.866667,0.000000
155.9,0.000000
155.933333,0.000000
155.966667,0.000000
156,0.000050
156.033333,0.000002
156.066667,0.000014
156.1,0.000007
156.133333,0.000000
156.166667,0.000001
156.2,0.000000
156.233333,0.000000
156.266667,0.000000
156.3,0.000000
156.333333,0.000000
156.366667,0.000000
156.4,0.000000
156.433333,0.000000
156.466667,0.000000
156.5,0.000000
156.533333,0.000000
156.566667,0.000000
156.6,0.000000
156.633333,0.000000
156.666667,0.000000
156.7,0.000000
156.733333,0.000000
156.766667,0.000000
156.8,0.000000
156.833333,0.000000
156.866667,0.000000
156.9,0.000000
156.933333,0.000000
156.966667,0.035318
157,0.000057
157.033333,0.000002
157.066667,0.000017
157.1,0.000007
157.133333,0.000001
157.166667,0.000001
157.2,0.000000
157.233333,0.000000
157.266667,0.000000
157.3,0.000000
157.333333,0.000000
157.366667,0.000000
157.4,0.000000
157.433333,0.000000
157.466667,0.000000
157.5,0.000000
157.533333,0.000000
157.566667,0.000000
157.6,0.000000
157.633333,0.000000
157.666667,0.000000
157.7,0.000000
157.733333,0.000000
157.766667,0.000000
157.8,0.000000
157.833333,0.000000
157.866667,0.000000
157.9,0.000000
157.933333,0.000000
157.966667,0.000000
158,0.000055
158.033333,0.000003
158.066667,0.000017
158.1,0.000007
158.133333,0.000001
158.166667,0.000001
158.2,0.000000
158.233333,0.000000
158.266667,0.000000
158.3,0.000000
158.333333,0.000000
158.366667,0.000000
158.4,0.000000
158.433333,0.000000
158.466667,0.000000
158.5,0.000000
158.533333,0.000000
158.566667,0.039680
158.6,0.000014
158.633333,0.000006
158.666667,0.000000
158.7,0.000000
158.733333,0.000000
158.766667,0.000000
158.8,0.000000
158.833333,0.000000
158.866667,0.000000
158.9,0.000000
158.933333,0.000000
158.966667,0.000000
159,0.000059
159.033333,0.000010
159.066667,0.000015
159.1,0.000007
159.133333,0.000001
159.166667,0.000000
159.2,0.000000
159.233333,0.000000
159.266667,0.000000
159.3,0.000000
159.333333,0.000000
159.366667,0.000000
159.4,0.000000
159.433333,0.000000
159.466667,0.000000
159.5,0.000000
159.533333,0.000000
159.566667,0.000000
159.6,0.000000
159.633333,0.000000
159.666667,0.042046
159.7,0.000012
159.733333,0.000006
159.766667,0.000001
159.8,0.000000
159.833333,0.000000
159.866667,0.000000
159.9,0.000000
159.933333,0.000000
159.966667,0.000000
160,0.000052
160.033333,0.000004
160.066667,0.000013
160.1,0.000006
160.133333,0.000001
160.166667,0.000000
160.2,0.000000
160.233333,0.000000
160.266667,0.000000
160.3,0.000000
160.333333,0.000000
160.366667,0.000000
160.4,0.000000
160.433333,0.000000
160.466667,0.000000
160.5,0.000000
160.533333,0.000000
160.566667,0.000000
160.6,0.000000
160.633333,0.000000
160.666667,0.000000
160.7,0.000000
160.733333,0.000000
160.766667,0.000000
160.8,0.000000
160.833333,0.000000
160.866667,0.000000
160.9,0.000000
160.933333,0.000000
160.966667,0.000000
161,0.000050
161.033333,0.000003
161.066667,0.000013
161.1,0.000006
161.133333,0.000001
161.166667,0.000000
161.2,0.000000
161.233333,0.289535
161.266667,0.000030
161.3,0.000010
161.333333,0.000003
161.366667,0.000000
161.4,0.000000
161.433333,0.000000
161.466667,0.000000
161.5,0.000000
161.533333,0.000000
161.566667,0.000000
161.6,0.000000
161.633333,0.000000
161.666667,0.000000
161.7,0.000000
161.733333,0.000000
161.766667,0.000000
161.8,0.000000
161.833333,0.000000
161.866667,0.000000
161.9,0.000000
161.933333,0.000000
161.966667,0.000000
162,0.000041
162.033333,0.000006
162.066667,0.000012
162.1,0.000004
162.133333,0.000001
162.166667,0.000000
162.2,0.000000
162.233333,0.000000
162.266667,0.000000
162.3,0.000000
162.333333,0.000000
162.366667,0.000000
162.4,0.000000
162.433333,0.000000
162.466667,0.000000
162.5,0.000000
162.533333,0.000000
162.566667,0.000000
162.6,0.000000
162.633333,0.000000
162.666667,0.000000
162.7,0.000000
162.733333,0.000000
162.766667,0.000000
162.8,0.000000
162.833333,0.000000
162.866667,0.000000
162.9,0.000000
162.933333,0.000000
162.966667,0.000000
163,0.000036
163.033333,0.000001
163.066667,0.000012
163.1,0.000004
163.133333,0.000001
163.166667,0.000000
163.2,0.000000
163.233333,0.000000
163.266667,0.000000
163.3,0.000000
163.333333,0.000000
163.366667,0.000000
163.4,0.000000
163.433333,0.000000
163.466667,0.000000
163.5,0.000000
163.533333,0.000000
163.566667,0.050923
163.6,0.000015
163.633333,0.000007
163.666667,0.000002
163.7,0.000000
163.733333,0.000000
163.766667,0.000000
163.8,0.000000
163.833333,0.000000
163.866667,0.000000
163.9,0.000000
163.933333,0.000000
163.966667,0.000000
164,0.000034
164.033333,0.000002
164.066667,0.000011
164.1,0.000005
164.133333,0.000001
164.166667,0.000000
164.2,0.000000
164.233333,0.000000
164.266667,0.000000
164.3,0.000000
164.333333,0.000000
164.366667,0.000000
164.4,0.000000
164.433333,0.000000
164.466667,0.000000
164.5,0.000000
164.533333,0.000000
164.566667,0.000000
164.6,0.000000
164.633333,0.000000
164.666667,0.000000
164.7,0.000000
164.733333,0.000000
164.766667,0.000000
164.8,0.000000
164.833333,0.000000
164.866667,0.000000
164.9,0.000000
164.933333,0.000000
164.966667,0.000002
165,0.000039
165.033333,0.000001
165.066667,0.000018
165.1,0.000008
165.133333,0.000008
165.166667,0.000007
165.2,0.000007
165.233333,0.027306
165.266667,0.000040
165.3,0.000001
165.333333,0.000008
165.366667,0.000005
165.4,0.000009
165.433333,0.000013
165.466667,0.000006
165.5,0.000000
165.533333,0.000000
165.566667,0.000000
165.6,0.000000
165.633333,0.000000
165.666667,0.000000
165.7,0.000000
165.733333,0.000000
165.766667,0.000000
165.8,0.000000
165.833333,0.000000
165.866667,0.000000
165.9,0.000000
165.933333,0.000000
165.966667,0.000000
166,0.000043
166.033333,0.000009
166.066667,0.000013
166.1,0.000005
166.133333,0.000001
166.166667,0.000000
166.2,0.000000
166.233333,0.000000
166.266667,0.000000
166.3,0.000000
166.333333,0.000000
166.366667,0.000000
166.4,0.000000
166.433333,0.000000
166.466667,0.000000
166.5,0.000000
166.533333,0.000000
166.566667,0.000000
166.6,0.000000
166.633333,0.000000
166.666667,0.000000
166.7,0.025462
166.733333,0.000236
166.766667,0.000062
166.8,0.000060
166.833333,0.000055
166.866667,0.000004
166.9,0.000057
166.933333,0.000060
166.966667,0.000006
167,0.000031
167.033333,0.000003
167.066667,0.000019
167.1,0.000004
167.133333,0.000004
167.166667,0.000012
167.2,0.000047
167.233333,0.000010
167.266667,0.000043
167.3,0.000056
167.333333,0.000013
167.366667,0.000055
167.4,0.000036
167.433333,0.000062
167.466667,0.000065
167.5,0.000030
167.533333,0.000128
167.566667,0.000027
167.6,0.000098
167.633333,0.000189
167.666667,0.000344
167.7,0.001519
167.733333,0.000008
167.766667,0.000003
167.8,0.000000
167.833333,0.000000
167.866667,0.000000
167.9,0.000000
167.933333,0.000000
167.966667,0.000000
168,0.000036
168.033333,0.000003
168.066667,0.000011
168.1,0.000005
168.133333,0.000000
168.166667,0.000000
168.2,0.000000
168.233333,0.000000
168.266667,0.029150
168.3,0.000009
168.333333,0.000004
168.366667,0.000001
168.4,0.000000
168.433333,0.000000
168.466667,0.000000
168.5,0.000000
168.533333,0.000000
168.566667,0.000000
168.6,0.000000
168.633333,0.000000
168.666667,0.000000
168.7,0.000000
168.733333,0.000000
168.766667,0.000000
168.8,0.000000
168.833333,0.000000
168.866667,0.000000
168.9,0.000000
168.933333,0.000000
168.966667,0.000000
169,0.000032
169.033333,0.000003
169.066667,0.000009
169.1,0.000004
169.133333,0.000000
169.166667,0.000000
169.2,0.000000
169.233333,0.000000
169.266667,0.000000
169.3,0.000000
169.333333,0.000000
169.366667,0.000000
169.4,0.000000
169.433333,0.000000
169.466667,0.000000
169.5,0.000000
169.533333,0.000000
169.566667,0.000000
169.6,0.073836
169.633333,0.000073
169.666667,0.000009
169.7,0.000012
169.733333,0.000003
169.766667,0.000001
169.8,0.000017
169.833333,0.000005
169.866667,0.000000
169.9,0.000021
169.933333,0.000014
169.966667,0.000008
170,0.000052
170.033333,0.000033
170.066667,0.000055
170.1,0.000039
170.133333,0.000016
170.166667,0.000002
170.2,0.000022
170.233333,0.000019
170.266667,0.000075
170.3,0.000089
170.333333,0.000013
170.366667,0.000002
170.4,0.000021
170.433333,0.000013
170.466667,0.000024
170.5,0.000005
170.533333,0.000017
170.566667,0.000020
170.6,0.000007
170.633333,0.000018
170.666667,0.000018
170.7,0.000005
170.733333,0.000051
170.766667,0.000092
170.8,0.000027
170.833333,0.000035
170.866667,0.000010
170.9,0.000006
170.933333,0.000005
170.966667,0.000049
171,0.000088
171.033333,0.000032
171.066667,0.000031
171.1,0.000001
171.133333,0.000007
171.166667,0.000004
171.2,0.000016
171.233333,0.000006
171.266667,0.000013
171.3,0.000003
171.333333,0.000002
171.366667,0.000008
171.4,0.000001
171.433333,0.000025
171.466667,0.000053
171.5,0.000003
171.533333,0.000015
171.566667,0.000001
171.6,0.000007
171.633333,0.000010
171.666667,0.000015
171.7,0.047498
171.733333,0.000104
171.766667,0.000038
171.8,0.000007
171.833333,0.000004
171.866667,0.000004
171.9,0.000001
171.933333,0.000003
171.966667,0.000003
172,0.000061
172.033333,0.000014
172.066667,0.000035
172.1,0.000009
172.133333,0.000002
172.166667,0.000004
172.2,0.000004
172.233333,0.000000
172.266667,0.000004
172.3,0.000004
172.333333,0.000004
172.366667,0.000003
172.4,0.000001
172.433333,0.000003
172.466667,0.000004
172.5,0.000000
172.533333,0.000001
172.566667,0.000001
172.6,0.000003
172.633333,0.000004
172.666667,0.000000
172.7,0.000000
172.733333,0.000000
172.766667,0.000002
172.8,0.000001
172.833333,0.000001
172.866667,0.000000
172.9,0.000001
172.933333,0.000001
172.966667,0.000003
173,0.000047
173.033333,0.000004
173.066667,0.000037
173.1,0.000003
173.133333,0.000004
173.166667,0.000005
173.2,0.000003
173.233333,0.000004
173.266667,0.000000
173.3,0.000002
173.333333,0.000004
173.366667,0.000001
173.4,0.000001
173.433333,0.000005
173.466667,0.000002
173.5,0.000002
173.533333,0.000004
173.566667,0.000002
173.6,0.000003
173.633333,0.000001
173.666667,0.000008
173.7,0.000004
173.733333,0.000004
173.766667,0.000010
173.8,0.000013
173.833333,0.000021
173.866667,0.000020
173.9,0.000048
173.933333,0.007703
173.966667,0.000012
174,0.000055
174.033333,0.000010
174.066667,0.060527
174.1,0.000015
174.133333,0.000007
174.166667,0.000001
174.2,0.000000
174.233333,0.000000
174.266667,0.000000
174.3,0.000000
174.333333,0.000000
174.366667,0.000000
174.4,0.000000
174.433333,0.000000
174.466667,0.000000
174.5,0.000000
174.533333,0.000000
174.566667,0.000000
174.6,0.000000
174.633333,0.000000
174.666667,0.000000
174.7,0.000000
174.733333,0.000000
174.766667,0.000000
174.8,0.000000
174.833333,0.000000
174.866667,0.000000
174.9,0.000000
174.933333,0.000000
174.966667,0.000000
175,0.000043
175.033333,0.000003
175.066667,0.000013
175.1,0.000005
175.133333,0.000001
175.166667,0.000000
175.2,0.000000
175.233333,0.000000
175.266667,0.000000
175.3,0.000000
175.333333,0.000000
175.366667,0.000000
175.4,0.000000
175.433333,0.000000
175.466667,0.000000
175.5,0.000000
175.533333,0.000000
175.566667,0.000000
175.6,0.000000
175.633333,0.000000
175.666667,0.000000
175.7,0.000000
175.733333,0.000000
175.766667,0.000000
175.8,0.000000
175.833333,0.000000
175.866667,0.000000
175.9,0.000000
175.933333,0.000000
175.966667,0.000000
176,0.024329
176.033333,0.000045
176.066667,0.000013
176.1,0.000006
176.133333,0.000001
176.166667,0.000000
176.2,0.000000
176.233333,0.000000
176.266667,0.000000
176.3,0.000000
176.333333,0.000000
176.366667,0.000000
176.4,0.000000
176.433333,0.000000
176.466667,0.000000
176.5,0.000000
176.533333,0.000000
176.566667,0.000000
176.6,0.000000
176.633333,0.000000
176.666667,0.000000
176.7,0.000000
176.733333,0.000000
176.766667,0.000000
176.8,0.000000
176.833333,0.000000
176.866667,0.000000
176.9,0.000000
176.933333,0.000000
176.966667,0.000000
177,0.000041
177.033333,0.000002
177.066667,0.000013
177.1,0.000006
177.133333,0.000001
177.166667,0.000000
177.2,0.000000
177.233333,0.000000
177.266667,0.000000
177.3,0.000000
177.333333,0.000000
177.366667,0.000000
177.4,0.000000
177.433333,0.000000
177.466667,0.000000
177.5,0.000000
177.533333,0.000000
177.566667,0.000000
177.6,0.000000
177.633333,0.000000
177.666667,0.000000
177.7,0.000000
177.733333,0.000000
177.766667,0.035019
177.8,0.000016
177.833333,0.000007
177.866667,0.000001
177.9,0.000000
177.933333,0.000000
177.966667,0.000000
178,0.000046
178.033333,0.000004
178.066667,0.000014
178.1,0.000006
178.133333,0.000001
178.166667,0.000000
178.2,0.000000
178.233333,0.000000
178.266667,0.000000
178.3,0.000000
178.333333,0.000000
178.366667,0.000000
178.4,0.000000
178.433333,0.000000
178.466667,0.000000
178.5,0.000000
178.533333,0.000000
178.566667,0.000000
178.6,0.000000
178.633333,0.000000
178.666667,0.000000
178.7,0.000000
178.733333,0.000000
178.766667,0.000000
178.8,0.000000
178.833333,0.000000
178.866667,0.000000
178.9,0.000000
178.933333,0.000000
178.966667,0.000000
179,0.000043
179.033333,0.000002
179.066667,0.000014
179.1,0.000006
179.133333,0.000001
179.166667,0.000000
179.2,0.000000
179.233333,0.000000
179.266667,0.000000
179.3,0.000000
179.333333,0.000000
179.366667,0.000000
179.4,0.000000
179.433333,0.000000
179.466667,0.000000
179.5,0.000000
179.533333,0.105308
179.566667,0.000031
179.6,0.000011
179.633333,0.000003
179.666667,0.000001
179.7,0.000000
179.733333,0.000000
179.766667,0.000000
179.8,0.000000
179.833333,0.000000
179.866667,0.000000
179.9,0.000000
179.933333,0.000000
179.966667,0.000000
180,0.000047
180.033333,0.000011
180.066667,0.000013
180.1,0.000005
180.133333,0.000001
180.166667,0.000000
180.2,0.000000
180.233333,0.000000
180.266667,0.000000
180.3,0.000000
180.333333,0.000000
180.366667,0.000000
180.4,0.000000
180.433333,0.000000
180.466667,0.000000
180.5,0.000000
180.533333,0.000000
180.566667,0.000000
180.6,0.000000
180.633333,0.000000
180.666667,0.000000
180.7,0.000000
180.733333,0.000000
180.766667,0.000000
180.8,0.000000
180.833333,0.000000
180.866667,0.000000
180.9,0.000000
180.933333,0.000000
180.966667,0.000000
181,0.000038
181.033333,0.000002
181.066667,0.000013
181.1,0.000005
181.133333,0.000001
181.166667,0.000000
181.2,0.000000
181.233333,0.000000
181.266667,0.000000
181.3,0.000000
181.333333,0.000000
181.366667,0.000000
181.4,0.000000
181.433333,0.000000
181.466667,0.000000
181.5,0.046167
181.533333,0.000018
181.566667,0.000008
181.6,0.000001
181.633333,0.000000
181.666667,0.000000
181.7,0.000000
181.733333,0.000000
181.766667,0.000000
181.8,0.000000
181.833333,0.000000
181.866667,0.000000
181.9,0.000000
181.933333,0.000000
181.966667,0.000000
182,0.000037
182.033333,0.000004
182.066667,0.000011
182.1,0.000004
182.133333,0.000001
182.166667,0.000000
182.2,0.000000
182.233333,0.000000
182.266667,0.000000
182.3,0.000000
182.333333,0.000000
182.366667,0.000000
182.4,0.000000
182.433333,0.000000
182.466667,0.000000
182.5,0.000000
182.533333,0.000000
182.566667,0.000000
182.6,0.000000
182.633333,0.000000
182.666667,0.000000
182.7,0.000000
182.733333,0.000000
182.766667,0.000000
182.8,0.000000
182.833333,0.000000
182.866667,0.000000
182.9,0.000000
182.933333,0.000000
182.966667,0.000000
183,0.000034
183.033333,0.000002
183.066667,0.000011
183.1,0.000004
183.133333,0.000001
183.166667,0.000000
183.2,0.000000
183.233333,0.000000
183.266667,0.000000
183.3,0.000000
183.333333,0.000000
183.366667,0.000000
183.4,0.000000
183.433333,0.000000
183.466667,0.000000
183.5,0.000000
183.533333,0.000000
183.566667,0.000000
183.6,0.000000
183.633333,0.000000
183.666667,0.000000
183.7,0.000000
183.733333,0.000000
183.766667,0.000000
183.8,0.000000
183.833333,0.000000
183.866667,0.000000
183.9,0.000000
183.933333,0.000000
183.966667,0.037958
184,0.000036
184.033333,0.000006
184.066667,0.000012
184.1,0.000004
184.133333,0.000001
184.166667,0.000000
184.2,0.000000
184.233333,0.000000
184.266667,0.000000
184.3,0.000000
184.333333,0.000000
184.366667,0.000000
184.4,0.000000
184.433333,0.000000
184.466667,0.000000
184.5,0.000000
184.533333,0.000000
184.566667,0.000000
184.6,0.000000
184.633333,0.000000
184.666667,0.000000
184.7,0.000000
184.733333,0.000000
184.766667,0.000000
184.8,0.000000
184.833333,0.000000
184.866667,0.000000
184.9,0.000000
184.933333,0.000000
184.966667,0.000000
185,0.000036
185.033333,0.000002
185.066667,0.000012
185.1,0.000004
185.133333,0.000001
185.166667,0.000000
185.2,0.000000
185.233333,0.000000
185.266667,0.000000
185.3,0.000000
185.333333,0.000000
185.366667,0.000000
185.4,0.000000
185.433333,0.000000
185.466667,0.000000
185.5,0.000000
185.533333,0.000000
185.566667,0.000000
185.6,0.000000
185.633333,0.000000
185.666667,0.000000
185.7,0.000000
185.733333,0.000000
185.766667,0.000000
185.8,0.000000
185.833333,0.000000
185.866667,0.000000
185.9,0.000000
185.933333,0.000000
185.966667,0.000000
186,0.000036
186.033333,0.000002
186.066667,0.000012
186.1,0.000004
186.133333,0.000001
186.166667,0.000000
186.2,0.000000
186.233333,0.000000
186.266667,0.000000
186.3,0.000000
186.333333,0.000000
186.366667,0.000000
186.4,0.000000
186.433333,0.000000
186.466667,0.000000
186.5,0.040689
186.533333,0.000014
186.566667,0.000006
186.6,0.000001
186.633333,0.000000
186.666667,0.000000
186.7,0.000000
186.733333,0.000000
186.766667,0.000000
186.8,0.000000
186.833333,0.000000
186.866667,0.000000
186.9,0.000000
186.933333,0.000000
186.966667,0.000000
187,0.000035
187.033333,0.000003
187.066667,0.000010
187.1,0.000004
187.133333,0.000001
187.166667,0.000000
187.2,0.000000
187.233333,0.000000
187.266667,0.000000
187.3,0.000000
187.333333,0.000000
187.366667,0.000000
187.4,0.000000
187.433333,0.000000
187.466667,0.000000
187.5,0.000000
187.533333,0.000000
187.566667,0.000000
187.6,0.000000
187.633333,0.000000
187.666667,0.000000
187.7,0.000000
187.733333,0.000000
187.766667,0.000000
187.8,0.000000
187.833333,0.000000
187.866667,0.000000
187.9,0.000000
187.933333,0.000000
187.966667,0.000000
188,0.000033
188.033333,0.000002
188.066667,0.000010
188.1,0.000004
188.133333,0.000001
188.166667,0.000000
188.2,0.000000
188.233333,0.000000
188.266667,0.000000
188.3,0.000000
188.333333,0.000000
188.366667,0.000000
188.4,0.000000
188.433333,0.000000
188.466667,0.000000
188.5,0.000000
188.533333,0.053472
188.566667,0.000014
188.6,0.000006
188.633333,0.000002
188.666667,0.000000
188.7,0.000000
188.733333,0.000000
188.766667,0.000000
188.8,0.000000
188.833333,0.000000
188.866667,0.000000
188.9,0.000000
188.933333,0.000000
188.966667,0.000000
189,0.000036
189.033333,0.000004
189.066667,0.000010
189.1,0.000005
189.133333,0.000001
189.166667,0.000000
189.2,0.000000
189.233333,0.000000
189.266667,0.000000
189.3,0.000000
189.333333,0.000000
189.366667,0.000000
189.4,0.000000
189.433333,0.000000
189.466667,0.000000
189.5,0.000000
189.533333,0.000000
189.566667,0.000000
189.6,0.000000
189.633333,0.000000
189.666667,0.000000
189.7,0.000000
189.733333,0.000000
189.766667,0.000000
189.8,0.000000
189.833333,0.000000
189.866667,0.000000
189.9,0.000000
189.933333,0.000000
189.966667,0.000000
190,0.000034
190.033333,0.000002
190.066667,0.000010
190.1,0.000005
190.133333,0.000001
190.166667,0.000000
190.2,0.000000
190.233333,0.000000
190.266667,0.000000
190.3,0.000000
190.333333,0.000000
190.366667,0.000000
190.4,0.000000
190.433333,0.000000
190.466667,0.000000
190.5,0.000000
190.533333,0.000000
190.566667,0.000000
190.6,0.000000
190.633333,0.000000
190.666667,0.000000
190.7,0.000000
190.733333,0.000000
190.766667,0.000000
190.8,0.000000
190.833333,0.000000
190.866667,0.000000
190.9,0.000000
190.933333,0.000000
190.966667,0.000000
191,0.000034
191.033333,0.000002
191.066667,0.000010
191.1,0.052181
191.133333,0.000016
191.166667,0.000007
191.2,0.000001
191.233333,0.000000
191.266667,0.000000
191.3,0.000000
191.333333,0.000000
191.366667,0.000000
191.4,0.000000
191.433333,0.000000
191.466667,0.000000
191.5,0.000000
191.533333,0.000000
191.566667,0.000000
191.6,0.000000
191.633333,0.000000
191.666667,0.000000
191.7,0.000000
191.733333,0.000000
191.766667,0.000000
191.8,0.000000
191.833333,0.000000
191.866667,0.000000
191.9,0.000000
191.933333,0.000000
191.966667,0.000000
192,0.000035
192.033333,0.000002
192.066667,0.000011
192.1,0.000004
192.133333,0.000001
192.166667,0.000000
192.2,0.000000
192.233333,0.000000
192.266667,0.000000
192.3,0.000000
192.333333,0.000000
192.366667,0.000000
192.4,0.000000
192.433333,0.000000
192.466667,0.000000
192.5,0.000000
192.533333,0.000000
192.566667,0.000000
192.6,0.000000
192.633333,0.000000
192.666667,0.000000
192.7,0.000000
192.733333,0.000000
192.766667,0.000000
192.8,0.000000
192.833333,0.000000
192.866667,0.000000
192.9,0.000000
192.933333,0.000000
192.966667,0.000000
193,0.000034
193.033333,0.000002
193.066667,0.000011
193.1,0.000004
193.133333,0.000001
193.166667,0.000000
193.2,0.031389
193.233333,0.000027
193.266667,0.000010
193.3,0.000001
193.333333,0.000003
193.366667,0.000003
193.4,0.000000
193.433333,0.000000
193.466667,0.000001
193.5,0.000001
193.533333,0.000000
193.566667,0.000002
193.6,0.000002
193.633333,0.000000
193.666667,0.000000
193.7,0.000001
193.733333,0.000001
193.766667,0.000002
193.8,0.000002
193.833333,0.000005
193.866667,0.000003
193.9,0.000007
193.933333,0.000003
193.966667,0.000001
194,0.000039
194.033333,0.000006
194.066667,0.000021
194.1,0.000002
194.133333,0.000001
194.166667,0.000000
194.2,0.000001
194.233333,0.000002
194.266667,0.000003
194.3,0.000000
194.333333,0.000000
194.366667,0.000003
194.4,0.000003
194.433333,0.000001
194.466667,0.000000
194.5,0.000000
194.533333,0.000003
194.566667,0.000003
194.6,0.000000
194.633333,0.000000
194.666667,0.000000
194.7,0.000002
194.733333,0.000002
194.766667,0.000000
194.8,0.000000
194.833333,0.000000
194.866667,0.000003
194.9,0.000003
194.933333,0.000002
194.966667,0.000000
195,0.000031
195.033333,0.000014
195.066667,0.000010
195.1,0.000005
195.133333,0.000001
195.166667,0.000000
195.2,0.000000
195.233333,0.000000
195.266667,0.000000
195.3,0.000000
195.333333,0.063797
195.366667,0.000012
195.4,0.000006
195.433333,0.000001
195.466667,0.000000
195.5,0.000000
195.533333,0.000000
195.566667,0.000000
195.6,0.000000
195.633333,0.000000
195.666667,0.000000
195.7,0.000000
195.733333,0.000000
195.766667,0.000000
195.8,0.000000
195.833333,0.000000
195.866667,0.000000
195.9,0.000000
195.933333,0.000000
195.966667,0.000000
196,0.000033
196.033333,0.000004
196.066667,0.000010
196.1,0.000004
196.133333,0.000001
196.166667,0.000000
196.2,0.000000
196.233333,0.000000
196.266667,0.000000
196.3,0.000000
196.333333,0.000000
196.366667,0.000000
196.4,0.000000
196.433333,0.000000
196.466667,0.000000
196.5,0.129400
196.533333,0.000024
196.566667,0.000010
196.6,0.000001
196.633333,0.000001
196.666667,0.000000
196.7,0.000000
196.733333,0.000000
196.766667,0.000000
196.8,0.000000
196.833333,0.000000
196.866667,0.000000
196.9,0.000000
196.933333,0.000000
196.966667,0.000000
197,0.000048
197.033333,0.000008
197.066667,0.000015
197.1,0.000005
197.133333,0.000001
197.166667,0.000001
197.2,0.000000
197.233333,0.000000
197.266667,0.000000
197.3,0.000000
197.333333,0.000000
197.366667,0.000000
197.4,0.000000
197.433333,0.000000
197.466667,0.000000
197.5,0.000000
197.533333,0.000000
197.566667,0.000000
197.6,0.000000
197.633333,0.000000
197.666667,0.000000
197.7,0.000000
197.733333,0.000000
197.766667,0.000000
197.8,0.000000
197.833333,0.000000
197.866667,0.000000
197.9,0.000000
197.933333,0.000000
197.966667,0.000000
198,0.000042
198.033333,0.000002
198.066667,0.000015
198.1,0.000005
198.133333,0.000001
198.166667,0.000001
198.2,0.000000
198.233333,0.000000
198.266667,0.000000
198.3,0.000000
198.333333,0.000000
198.366667,0.000000
198.4,0.000000
198.433333,0.000000
198.466667,0.000000
198.5,0.000000
198.533333,0.000000
198.566667,0.000000
198.6,0.000000
198.633333,0.000000
198.666667,0.000000
198.7,0.000000
198.733333,0.000000
198.766667,0.000000
198.8,0.112942
198.833333,0.000017
198.866667,0.000007
198.9,0.000002
198.933333,0.000000
198.966667,0.000000
199,0.000042
199.033333,0.000009
199.066667,0.000011
199.1,0.000005
199.133333,0.000001
199.166667,0.000000
199.2,0.000000
199.233333,0.000000
199.266667,0.000000
199.3,0.000000
199.333333,0.000000
199.366667,0.000000
199.4,0.000000
199.433333,0.000000
199.466667,0.000000
199.5,0.000000
199.533333,0.000000
199.566667,0.000000
199.6,0.000000
199.633333,0.000000
199.666667,0.000000
199.7,0.000000
199.733333,0.000000
199.766667,0.000000
199.8,0.000000
199.833333,0.000000
199.866667,0.000000
199.9,0.000000
199.933333,0.000000
199.966667,0.000000
200,0.000035
200.033333,0.000002
200.066667,0.000011
200.1,0.000005
200.133333,0.000001
200.166667,0.000000
200.2,0.000000
200.233333,0.000000
200.266667,0.000000
200.3,0.000000
200.333333,0.000000
200.366667,0.000000
200.4,0.000000
200.433333,0.000000
200.466667,0.000000
200.5,0.000000
200.533333,0.000000
200.566667,0.000000
200.6,0.000000
200.633333,0.000000
200.666667,0.000000
200.7,0.000000
200.733333,0.000000
200.766667,0.000000
200.8,0.000000
200.833333,0.000000
200.866667,0.000000
200.9,0.000000
200.933333,0.000000
200.966667,0.000000
201,0.000035
201.033333,0.000002
201.066667,0.000011
201.1,0.000005
201.133333,0.000001
201.166667,0.000000
201.2,0.000000
201.233333,0.000000
201.266667,0.050186
201.3,0.000013
201.333333,0.000006
201.366667,0.000001
201.4,0.000000
201.433333,0.000000
201.466667,0.000000
201.5,0.000000
201.533333,0.000000
201.566667,0.000000
201.6,0.000000
201.633333,0.000000
201.666667,0.000000
201.7,0.000000
201.733333,0.000000
201.766667,0.000000
201.8,0.000000
201.833333,0.000000
201.866667,0.000000
201.9,0.000000
201.933333,0.000000
201.966667,0.000000
202,0.000035
202.033333,0.000004
202.066667,0.000010
202.1,0.000004
202.133333,0.000000
202.166667,0.000000
202.2,0.000000
202.233333,0.000000
202.266667,0.000000
202.3,0.000000
202.333333,0.000000
202.366667,0.000000
202.4,0.000000
202.433333,0.000000
202.466667,0.000000
202.5,0.000000
202.533333,0.000000
202.566667,0.000000
202.6,0.067132
202.633333,0.000136
202.666667,0.000008
202.7,0.000051
202.733333,0.000085
202.766667,0.000121
202.8,0.000046
202.833333,0.000090
202.866667,0.000067
202.9,0.000014
202.933333,0.000084
202.966667,0.000052
203,0.000104
203.033333,0.000073
203.066667,0.000068
203.1,0.000046
203.133333,0.000006
203.166667,0.000059
203.2,0.000050
203.233333,0.000010
203.266667,0.000047
203.3,0.000006
203.333333,0.000055
203.366667,0.000034
203.4,0.000016
203.433333,0.000087
203.466667,0.000016
203.5,0.000096
203.533333,0.000045
203.566667,0.000007
203.6,0.000043
203.633333,0.000022
203.666667,0.000028
203.7,0.000020
203.733333,0.000012
203.766667,0.000117
203.8,0.000001
203.833333,0.000103
203.866667,0.000006
203.9,0.000029
203.933333,0.000029
203.966667,0.000007
204,0.000090
204.033333,0.000038
204.066667,0.000053
204.1,0.000011
204.133333,0.000008
204.166667,0.000024
204.2,0.000067
204.233333,0.000044
204.266667,0.000029
204.3,0.000020
204.333333,0.000133
204.366667,0.000029
204.4,0.001692
204.433333,0.000180
204.466667,0.000010
204.5,0.000000
204.533333,0.000000
204.566667,0.000000
204.6,0.000000
204.633333,0.000000
204.666667,0.000000
204.7,0.000000
204.733333,0.000000
204.766667,0.000000
204.8,0.000000
204.833333,0.000000
204.866667,0.000000
204.9,0.000000
204.933333,0.000000
204.966667,0.000000
205,0.000063
205.033333,0.000012
205.066667,0.000018
205.1,0.000007
205.133333,0.000001
205.166667,0.000000
205.2,0.000000
205.233333,0.000000
205.266667,0.000000
205.3,0.000000
205.333333,0.057164
205.366667,0.000019
205.4,0.000009
205.433333,0.000001
205.466667,0.000000
205.5,0.000000
205.533333,0.000000
205.566667,0.000000
205.6,0.000000
205.633333,0.000000
205.666667,0.000000
205.7,0.000000
205.733333,0.000000
205.766667,0.000000
205.8,0.000000
205.833333,0.000000
205.866667,0.000000
205.9,0.000000
205.933333,0.000000
205.966667,0.000000
206,0.000052
206.033333,0.000007
206.066667,0.000015
206.1,0.000006
206.133333,0.000001
206.166667,0.000000
206.2,0.000000
206.233333,0.000000
206.266667,0.000000
206.3,0.000000
206.333333,0.000000
206.366667,0.000000
206.4,0.000000
206.433333,0.000000
206.466667,0.000000
206.5,0.000000
206.533333,0.000000
206.566667,0.000000
206.6,0.000000
206.633333,0.000000
206.666667,0.000000
206.7,0.000000
206.733333,0.000000
206.766667,0.000000
206.8,0.000000
206.833333,0.000000
206.866667,0.000000
206.9,0.000000
206.933333,0.000000
206.966667,0.000000
207,0.000048
207.033333,0.000003
207.066667,0.000015
207.1,0.000006
207.133333,0.000001
207.166667,0.000000
207.2,0.000000
207.233333,0.000000
207.266667,0.000000
207.3,0.000000
207.333333,0.000000
207.366667,0.000000
207.4,0.000000
207.433333,0.048886
207.466667,0.000021
207.5,0.000010
207.533333,0.000002
207.566667,0.000000
207.6,0.000000
207.633333,0.000000
207.666667,0.000000
207.7,0.000000
207.733333,0.000000
207.766667,0.000000
207.8,0.000000
207.833333,0.000000
207.866667,0.000000
207.9,0.000000
207.933333,0.000000
207.966667,0.000000
208,0.000052
208.033333,0.000005
208.066667,0.000016
208.1,0.000007
208.133333,0.000001
208.166667,0.000001
208.2,0.000000
208.233333,0.000000
208.266667,0.000000
208.3,0.000000
208.333333,0.000000
208.366667,0.000000
208.4,0.000000
208.433333,0.000000
208.466667,0.000000
208.5,0.000000
208.533333,0.000000
208.566667,0.000000
208.6,0.000000
208.633333,0.000000
208.666667,0.000000
208.7,0.000000
208.733333,0.000000
208.766667,0.000000
208.8,0.000000
208.833333,0.000000
208.866667,0.000000
208.9,0.000000
208.933333,0.023311
208.966667,0.000018
209,0.000045
209.033333,0.000008
209.066667,0.000016
209.1,0.000006
209.133333,0.000001
209.166667,0.000000
209.2,0.000000
209.233333,0.000000
209.266667,0.000000
209.3,0.000000
209.333333,0.000000
209.366667,0.000000
209.4,0.000000
209.433333,0.000000
209.466667,0.000000
209.5,0.000000
209.533333,0.000000
209.566667,0.000000
209.6,0.000000
209.633333,0.000000
209.666667,0.000000
209.7,0.000000
209.733333,0.000000
209.766667,0.000000
209.8,0.000000
209.833333,0.000000
209.866667,0.000000
209.9,0.000000
209.933333,0.000000
209.966667,0.000000
210,0.000050
210.033333,0.000002
210.066667,0.000016
210.1,0.000006
210.133333,0.000001
210.166667,0.000000
210.2,0.000000
210.233333,0.000000
210.266667,0.000000
210.3,0.000000
210.333333,0.000000
210.366667,0.000000
210.4,0.000000
210.433333,0.000000
210.466667,0.000000
210.5,0.045921
210.533333,0.000453
210.566667,0.000173
210.6,0.000093
210.633333,0.000072
210.666667,0.000289
210.7,0.000141
210.733333,0.000002
210.766667,0.000076
210.8,0.000206
210.833333,0.000112
210.866667,0.000394
210.9,0.000234
210.933333,0.000359
210.966667,0.000079
211,0.000274
211.033333,0.000103
211.066667,0.000452
211.1,0.000235
211.133333,0.000139
211.166667,0.000247
211.2,0.000015
211.233333,0.000026
211.266667,0.000007
211.3,0.000388
211.333333,0.000203
211.366667,0.000106
211.4,0.000027
211.433333,0.000139
211.466667,0.000066
211.5,0.000150
211.533333,0.000954
211.566667,0.000732
211.6,0.000309
211.633333,0.000054
211.666667,0.000067
211.7,0.000018
211.733333,0.000114
211.766667,0.000139
211.8,0.000054
211.833333,0.000015
211.866667,0.000025
211.9,0.000000
211.933333,0.000089
211.966667,0.000070
212,0.000463
212.033333,0.000329
212.066667,0.000478
212.1,0.000557
212.133333,0.000102
212.166667,0.000137
212.2,0.000055
212.233333,0.000098
212.266667,0.000029
212.3,0.001160
212.333333,0.000687
212.366667,0.000075
212.4,0.000219
212.433333,0.000221
212.466667,0.007233
212.5,0.031363
212.533333,0.000022
212.566667,0.000007
212.6,0.000001
212.633333,0.000000
212.666667,0.000000
212.7,0.000000
212.733333,0.000000
212.766667,0.000000
212.8,0.000000
212.833333,0.000000
212.866667,0.000000
212.9,0.000000
212.933333,0.000000
212.966667,0.000000
213,0.000143
213.033333,0.000033
213.066667,0.000034
213.1,0.000016
213.133333,0.000003
213.166667,0.000001
213.2,0.000000
213.233333,0.000000
213.266667,0.000000
213.3,0.000000
213.333333,0.000000
213.366667,0.000000
213.4,0.000000
213.433333,0.000000
213.466667,0.000000
213.5,0.000000
213.533333,0.000000
213.566667,0.000000
213.6,0.000000
213.633333,0.000000
213.666667,0.000000
213.7,0.000000
213.733333,0.000000
213.766667,0.000000
213.8,0.000000
213.833333,0.000000
213.866667,0.000000
213.9,0.000000
213.933333,0.000000
213.966667,0.000000
214,0.000114
214.033333,0.000008
214.066667,0.000034
214.1,0.000016
214.133333,0.000003
214.166667,0.000001
214.2,0.000000
214.233333,0.000000
214.266667,0.000000
214.3,0.000000
214.333333,0.000000
214.366667,0.000000
214.4,0.000000
214.433333,0.000000
214.466667,0.000000
214.5,0.000000
214.533333,0.000000
214.566667,0.983226
214.6,0.000385
214.633333,0.000180
214.666667,0.000043
214.7,0.000008
214.733333,0.000016
214.766667,0.000004
214.8,0.000001
214.833333,0.000000
214.866667,0.000000
214.9,0.000000
214.933333,0.000000
214.966667,0.000000
215,0.000252
215.033333,0.000110
215.066667,0.000030
215.1,0.000013
215.133333,0.000002
215.166667,0.000001
215.2,0.000000
215.233333,0.000000
215.266667,0.000000
215.3,0.000000
215.333333,0.000000
215.366667,0.000000
215.4,0.000000
215.433333,0.000000
215.466667,0.000000
215.5,0.000000
215.533333,0.000000
215.566667,0.000000
215.6,0.000000
215.633333,0.000000
215.666667,0.000000
215.7,0.000000
215.733333,0.000000
215.766667,0.000000
215.8,0.000000
215.833333,0.000000
215.866667,0.000000
215.9,0.000000
215.933333,0.000000
215.966667,0.000000
216,0.000103
216.033333,0.000006
216.066667,0.000030
216.1,0.000013
216.133333,0.000002
216.166667,0.000001
216.2,0.000000
216.233333,0.000000
216.266667,0.000000
216.3,0.000000
216.333333,0.000000
216.366667,0.000000
216.4,0.000000
216.433333,0.000000
216.466667,0.000000
216.5,0.000000
216.533333,0.000000
216.566667,0.000000
216.6,0.000000
216.633333,0.000000
216.666667,0.000000
216.7,0.000000
216.733333,0.000000
216.766667,0.000000
216.8,0.000000
216.833333,0.000000
216.866667,0.000000
216.9,0.000000
216.933333,0.000000
216.966667,0.000000
217,0.000103
217.033333,0.000006
217.066667,0.101283
217.1,0.000029
217.133333,0.000013
217.166667,0.000003
217.2,0.000000
217.233333,0.000000
217.266667,0.000000
217.3,0.000000
217.333333,0.000000
217.366667,0.000000
217.4,0.000000
217.433333,0.000000
217.466667,0.000000
217.5,0.000000
217.533333,0.000000
217.566667,0.000000
217.6,0.000000
217.633333,0.000000
217.666667,0.000000
217.7,0.000000
217.733333,0.000000
217.766667,0.000000
217.8,0.000000
217.833333,0.000000
217.866667,0.000000
217.9,0.000000
217.933333,0.000000
217.966667,0.000000
218,0.000101
218.033333,0.000013
218.066667,0.000028
218.1,0.000012
218.133333,0.000002
218.166667,0.000001
218.2,0.000000
218.233333,0.000000
218.266667,0.000000
218.3,0.000000
218.333333,0.000000
218.366667,0.000000
218.4,0.000000
218.433333,0.000000
218.466667,0.000000
218.5,0.000000
218.533333,0.000000
218.566667,0.000000
218.6,0.000000
218.633333,0.000000
218.666667,0.000000
218.7,0.000000
218.733333,0.000000
218.766667,0.000000
218.8,0.000000
218.833333,0.000000
218.866667,0.000000
218.9,0.000000
218.933333,0.000000
218.966667,0.000000
219,0.000093
219.033333,0.000005
219.066667,0.000028
219.1,0.000012
219.133333,0.000002
219.166667,0.000001
219.2,0.000000
219.233333,0.000000
219.266667,0.000000
219.3,0.000000
219.333333,0.000000
219.366667,0.000000
219.4,0.000000
219.433333,0.000000
219.466667,0.000000
219.5,0.000000
219.533333,0.000000
219.566667,0.000000
219.6,0.000000
219.633333,0.000000
219.666667,0.000000
219.7,0.000000
219.733333,0.000000
219.766667,0.000000
219.8,0.000000
219.833333,0.000000
219.866667,0.000000
219.9,0.000000
219.933333,0.000000
219.966667,0.000000
220,0.000093
220.033333,1.000000
220.066667,0.000091
220.1,0.000023
220.133333,0.000008
220.166667,0.000013
220.2,0.000004
220.233333,0.000000
220.266667,0.000000
220.3,0.000000
220.333333,0.000000
220.366667,0.000000
220.4,0.000000
220.433333,0.000000
220.466667,0.000000
220.5,0.000000
220.533333,0.000000
220.566667,0.000000
220.6,0.000000
220.633333,0.000000
220.666667,0.000000
220.7,0.000000
220.733333,0.000000
220.766667,0.000000
220.8,0.000000
220.833333,0.000000
220.866667,0.000000
220.9,0.000000
220.933333,0.000000
220.966667,0.000000
221,0.000086
221.033333,0.000045
221.066667,0.000014
221.1,0.000005
221.133333,0.000001
221.166667,0.000000
221.2,0.000000
221.233333,0.000000
221.266667,0.000000
221.3,0.000000
221.333333,0.000000
221.366667,0.000000
221.4,0.000000
221.433333,0.000000
221.466667,0.000000
221.5,0.000000
221.533333,0.000000
221.566667,0.000000
221.6,0.000000
221.633333,0.000000
221.666667,0.000000
221.7,0.000000
221.733333,0.000000
221.766667,0.000000
221.8,0.000000
221.833333,0.000000
221.866667,0.043876
221.9,0.000012
221.933333,0.000004
221.966667,0.000001
222,0.000042
222.033333,0.000004
222.066667,0.000013
222.1,0.000006
222.133333,0.000001
222.166667,0.000000
222.2,0.000000
222.233333,0.000000
222.266667,0.000000
222.3,0.000000
222.333333,0.000000
222.366667,0.000000
222.4,0.000000
222.433333,0.000000
222.466667,0.000000
222.5,0.000000
222.533333,0.000000
222.566667,0.000000
222.6,0.000000
222.633333,0.000000
222.666667,0.000000
222.7,0.000000
222.733333,0.000000
222.766667,0.000000
222.8,0.000000
222.833333,0.000000
222.866667,0.000000
222.9,0.000000
222.933333,0.000000
222.966667,0.000000
223,0.030953
223.033333,0.000117
223.066667,0.000031
223.1,0.000006
223.133333,0.000001
223.166667,0.000001
223.2,0.000002
223.233333,0.000007
223.266667,0.000006
223.3,0.000000
223.333333,0.000000
223.366667,0.000001
223.4,0.000001
223.433333,0.000001
223.466667,0.000000
223.5,0.000000
223.533333,0.000001
223.566667,0.000001
223.6,0.000000
223.633333,0.000001
223.666667,0.000000
223.7,0.000006
223.733333,0.000006
223.766667,0.000000
223.8,0.000000
223.833333,0.000000
223.866667,0.000000
223.9,0.000002
223.933333,0.000001
223.966667,0.000000
224,0.000043
224.033333,0.000002
224.066667,0.000034
224.1,0.000006
224.133333,0.000007
224.166667,0.000005
224.2,0.000000
224.233333,0.000000
224.266667,0.000000
224.3,0.000000
224.333333,0.000000
224.366667,0.000000
224.4,0.000001
224.433333,0.000000
224.466667,0.000001
224.5,0.000000
224.533333,0.000001
224.566667,0.000006
224.6,0.000005
224.633333,0.000000
224.666667,0.000000
224.7,0.028166
224.733333,0.000091
224.766667,0.000010
224.8,0.000002
224.833333,0.000000
224.866667,0.000001
224.9,0.000000
224.933333,0.000000
224.966667,0.000000
225,0.000056
225.033333,0.000020
225.066667,0.000030
225.1,0.000006
225.133333,0.000001
225.166667,0.000001
225.2,0.000001
225.233333,0.000006
225.266667,0.000002
225.3,0.000000
225.333333,0.000039
225.366667,0.000008
225.4,0.000000
225.433333,0.000000
225.466667,0.000000
225.5,0.000000
225.533333,0.000000
225.566667,0.000000
225.6,0.000000
225.633333,0.000000
225.666667,0.000000
225.7,0.000000
225.733333,0.000000
225.766667,0.000000
225.8,0.000000
225.833333,0.000000
225.866667,0.000000
225.9,0.000000
225.933333,0.000000
225.966667,0.000000
226,0.000045
226.033333,0.000003
226.066667,0.000014
226.1,0.000006
226.133333,0.000000
226.166667,0.000000
226.2,0.000000
226.233333,0.000000
226.266667,0.049661
226.3,0.000021
226.333333,0.000010
226.366667,0.000002
226.4,0.000000
226.433333,0.000000
226.466667,0.000000
226.5,0.000000
226.533333,0.000000
226.566667,0.000000
226.6,0.000000
226.633333,0.000000
226.666667,0.000000
226.7,0.000000
226.733333,0.000000
226.766667,0.000000
226.8,0.000000
226.833333,0.000000
226.866667,0.000000
226.9,0.000000
226.933333,0.000000
226.966667,0.000000
227,0.000048
227.033333,0.000003
227.066667,0.000015
227.1,0.000006
227.133333,0.000001
227.166667,0.000000
227.2,0.000000
227.233333,0.000000
227.266667,0.000000
227.3,0.000000
227.333333,0.000000
227.366667,0.000000
227.4,0.000000
227.433333,0.000276
227.466667,0.000021
227.5,0.000011
227.533333,0.000015
227.566667,0.000009
227.6,0.000009
227.633333,0.000010
227.666667,0.000007
227.7,0.000008
227.733333,0.000001
227.766667,0.000012
227.8,0.000001
227.833333,0.000007
227.866667,0.000005
227.9,0.000005
227.933333,0.000004
227.966667,0.000002
228,0.000041
228.033333,0.000005
228.066667,0.000043
228.1,0.000005
228.133333,0.000003
228.166667,0.000005
228.2,0.000000
228.233333,0.000005
228.266667,0.000001
228.3,0.000003
228.333333,0.000004
228.366667,0.000002
228.4,0.039279
228.433333,0.000045
228.466667,0.000019
228.5,0.000005
228.533333,0.000001
228.566667,0.000007
228.6,0.000007
228.633333,0.000000
228.666667,0.000007
228.7,0.000007
228.733333,0.000001
228.766667,0.000000
228.8,0.000001
228.833333,0.000007
228.866667,0.000007
228.9,0.000000
228.933333,0.000000
228.966667,0.000001
229,0.000057
229.033333,0.000012
229.066667,0.000038
229.1,0.000005
229.133333,0.000001
229.166667,0.000001
229.2,0.000007
229.233333,0.000007
229.266667,0.000001
229.3,0.000001
229.333333,0.000007
229.366667,0.000006
229.4,0.000006
229.433333,0.000006
229.466667,0.000007
229.5,0.000005
229.533333,0.000005
229.566667,0.000002
229.6,0.000002
229.633333,0.000004
229.666667,0.000005
229.7,0.000006
229.733333,0.000004
229.766667,0.000000
229.8,0.000000
229.833333,0.000007
229.866667,0.000001
229.9,0.000001
229.933333,0.000000
229.966667,0.000001
230,0.000057
230.033333,0.000009
230.066667,0.000023
230.1,0.000011
230.133333,0.000013
230.166667,0.000005
230.2,0.000008
230.233333,0.000022
230.266667,0.000032
230.3,0.000270
230.333333,0.000009
230.366667,0.000001
230.4,0.000000
230.433333,0.000000
230.466667,0.000000
230.5,0.000000
230.533333,0.000000
230.566667,0.000000
230.6,0.000000
230.633333,0.000000
230.666667,0.000000
230.7,0.000000
230.733333,0.000000
230.766667,0.000000
230.8,0.000000
230.833333,0.000000
230.866667,0.050425
230.9,0.000014
230.933333,0.000006
230.966667,0.000002
231,0.000052
231.033333,0.000008
231.066667,0.000014
231.1,0.000006
231.133333,0.000001
231.166667,0.000000
231.2,0.000000
231.233333,0.000000
231.266667,0.000000
231.3,0.000000
231.333333,0.000000
231.366667,0.000000
231.4,0.000000
231.433333,0.000000
231.466667,0.000000
231.5,0.000000
231.533333,0.000000
231.566667,0.000000
231.6,0.000000
231.633333,0.000000
231.666667,0.000000
231.7,0.000000
231.733333,0.000000
231.766667,0.000000
231.8,0.000000
231.833333,0.000000
231.866667,0.000000
231.9,0.000000
231.933333,0.000000
231.966667,0.000000
232,0.000045
232.033333,0.000002
232.066667,0.000014
232.1,0.000006
232.133333,0.000001
232.166667,0.000000
232.2,0.000000
232.233333,0.000000
232.266667,0.000000
232.3,0.000000
232.333333,0.000000
232.366667,0.000000
232.4,0.000000
232.433333,0.000000
232.466667,0.000000
232.5,0.000000
232.533333,0.000000
232.566667,0.000000
232.6,0.000000
232.633333,0.000000
232.666667,0.000000
232.7,0.000000
232.733333,0.000000
232.766667,0.000000
232.8,0.000000
232.833333,0.000000
232.866667,0.000000
232.9,0.000000
232.933333,0.000000
232.966667,0.000000
233,0.000045
233.033333,0.000002
233.066667,0.000014
233.1,0.000006
233.133333,0.000001
233.166667,0.000000
233.2,0.000000
233.233333,0.000000
233.266667,0.000000
233.3,0.000000
233.333333,0.000000
233.366667,0.000000
233.4,0.000000
233.433333,0.000000
233.466667,0.091747
233.5,0.000038
233.533333,0.000014
233.566667,0.000003
233.6,0.000001
233.633333,0.000000
233.666667,0.000002
233.7,0.000000
233.733333,0.000001
233.766667,0.000000
233.8,0.000001
233.833333,0.000001
233.866667,0.000001
233.9,0.000000
233.933333,0.000002
233.966667,0.000002
234,0.000062
234.033333,0.000010
234.066667,0.000031
234.1,0.000009
234.133333,0.000002
234.166667,0.000001
234.2,0.000001
234.233333,0.000001
234.266667,0.000000
234.3,0.000001
234.333333,0.000002
234.366667,0.000000
234.4,0.000001
234.433333,0.000001
234.466667,0.000000
234.5,0.000000
234.533333,0.000002
234.566667,0.000001
234.6,0.000000
234.633333,0.000002
234.666667,0.000002
234.7,0.000000
234.733333,0.000000
234.766667,0.000001
234.8,0.000000
234.833333,0.000000
234.866667,0.000001
234.9,0.000001
234.933333,0.000001
234.966667,0.000002
235,0.000053
235.033333,0.000003
235.066667,0.000031
235.1,0.000009
235.133333,0.000001
235.166667,0.000001
235.2,0.000001
235.233333,0.000000
235.266667,0.000000
235.3,0.000001
235.333333,0.000001
235.366667,0.000000
235.4,0.000001
235.433333,0.000001
235.466667,0.000001
235.5,0.000000
235.533333,0.000000
235.566667,0.000002
235.6,0.000002
235.633333,0.000001
235.666667,0.000001
235.7,0.000001
235.733333,0.000001
235.766667,0.000000
235.8,0.000001
235.833333,0.000001
235.866667,0.000000
235.9,0.000000
235.933333,0.000002
235.966667,0.000002
236,0.000055
236.033333,0.000003
236.066667,0.000030
236.1,0.000007
236.133333,0.000003
236.166667,0.044825
236.2,0.000019
236.233333,0.000009
236.266667,0.000001
236.3,0.000000
236.333333,0.000000
236.366667,0.000000
236.4,0.000000
236.433333,0.000000
236.466667,0.000000
236.5,0.000000
236.533333,0.000000
236.566667,0.000000
236.6,0.000000
236.633333,0.000000
236.666667,0.000000
236.7,0.000000
236.733333,0.000000
236.766667,0.000000
236.8,0.000000
236.833333,0.000000
236.866667,0.000000
236.9,0.000000
236.933333,0.000000
236.966667,0.000000
237,0.000050
237.033333,0.000003
237.066667,0.000015
237.1,0.000007
237.133333,0.000001
237.166667,0.000000
237.2,0.000000
237.233333,0.000000
237.266667,0.000000
237.3,0.000000
237.333333,0.000000
237.366667,0.000000
237.4,0.000000
237.433333,0.000000
237.466667,0.000000
237.5,0.000000
237.533333,0.000000
237.566667,0.000000
237.6,0.000000
237.633333,0.000000
237.666667,0.000000
237.7,0.000000
237.733333,0.000000
237.766667,0.000000
237.8,0.000000
237.833333,0.000000
237.866667,0.000000
237.9,0.000000
237.933333,0.000000
237.966667,0.000000
238,0.000048
238.033333,0.000002
238.066667,0.000015
238.1,0.000007
238.133333,0.000001
238.166667,0.000000
238.2,0.000000
238.233333,0.000000
238.266667,0.000000
238.3,0.000000
238.333333,0.000000
238.366667,0.000000
238.4,0.000000
238.433333,0.000000
238.466667,0.000000
238.5,0.000000
238.533333,0.000000
238.566667,0.000000
238.6,0.000000
238.633333,0.000000
238.666667,0.000000
238.7,0.000000
238.733333,0.000017
238.766667,0.055952
238.8,0.000034
238.833333,0.000009
238.866667,0.000001
238.9,0.000001
238.933333,0.000001
238.966667,0.000002
239,0.000049
239.033333,0.000006
239.066667,0.000032
239.1,0.000007
239.133333,0.000002
239.166667,0.000001
239.2,0.000001
239.233333,0.000001
239.266667,0.000001
239.3,0.000001
239.333333,0.000000
239.366667,0.000001
239.4,0.000002
239.433333,0.000002
239.466667,0.000002
239.5,0.000002
239.533333,0.000002
239.566667,0.000003
239.6,0.000002
239.633333,0.000001
239.666667,0.000001
239.7,0.000002
239.733333,0.000002
239.766667,0.000002
239.8,0.000002
239.833333,0.000001
239.866667,0.000002
239.9,0.000002
239.933333,0.000002
239.966667,0.000002
240,0.000048
240.033333,0.000004
240.066667,0.000031
240.1,0.000008
240.133333,0.000000
240.166667,0.000001
240.2,0.000002
240.233333,0.126304
240.266667,0.000448
240.3,0.000325
240.333333,0.000007
240.366667,0.000014
240.4,0.000001
240.433333,0.000263
240.466667,0.000091
240.5,0.000196
240.533333,0.000011
240.566667,0.000015
240.6,0.000023
240.633333,0.000092
240.666667,0.000117
240.7,0.000130
240.733333,0.000078
240.766667,0.000049
240.8,0.000041
240.833333,0.000008
240.866667,0.000183
240.9,0.000032
240.933333,0.000139
240.966667,0.000006
241,0.000133
241.033333,0.000050
241.066667,0.000152
241.1,0.000064
241.133333,0.001198
241.166667,0.000265
241.2,0.000112
241.233333,0.000007
241.266667,0.000340
241.3,0.000308
241.333333,0.000088
241.366667,0.000129
241.4,0.000032
241.433333,0.000124
241.466667,0.000017
241.5,0.000173
241.533333,0.000030
241.566667,0.000226
241.6,0.000010
241.633333,0.000089
241.666667,0.000087
241.7,0.000092
241.733333,0.000122
241.766667,0.000552
241.8,0.000347
241.833333,0.000092
241.866667,0.000076
241.9,0.000028
241.933333,0.000288
241.966667,0.000130
242,0.000692
242.033333,0.000015
242.066667,0.000035
242.1,0.000076
242.133333,0.000465
242.166667,0.000269
242.2,0.000124
242.233333,0.000039
242.266667,0.000036
242.3,0.000097
242.333333,0.000034
242.366667,0.000130
242.4,0.000038
242.433333,0.000055
242.466667,0.000124
242.5,0.000096
242.533333,0.000024
242.566667,0.000076
242.6,0.000018
242.633333,0.000085
242.666667,0.000004
242.7,0.000120
242.733333,0.000119
242.766667,0.000037
242.8,0.000053
242.833333,0.000066
242.866667,0.000015
242.9,0.000001
242.933333,0.000000
242.966667,0.000000
243,0.000113
243.033333,0.000024
243.066667,0.000030
243.1,0.000013
243.133333,0.088716
243.166667,0.000018
243.2,0.000005
243.233333,0.000000
243.266667,0.000000
243.3,0.000000
243.333333,0.000000
243.366667,0.000000
243.4,0.000000
243.433333,0.000000
243.466667,0.000000
243.5,0.000000
243.533333,0.000000
243.566667,0.000000
243.6,0.000000
243.633333,0.000000
243.666667,0.000000
243.7,0.000000
243.733333,0.000000
243.766667,0.000000
243.8,0.000000
243.833333,0.000000
243.866667,0.000000
243.9,0.000000
243.933333,0.000000
243.966667,0.000000
244,0.000086
244.033333,0.000010
244.066667,0.000025
244.1,0.098318
244.133333,0.000036
244.166667,0.000017
244.2,0.000003
244.233333,0.000000
244.266667,0.000000
244.3,0.000000
244.333333,0.000000
244.366667,0.000000
244.4,0.000000
244.433333,0.000000
244.466667,0.000000
244.5,0.000000
244.533333,0.000000
244.566667,0.000000
244.6,0.000000
244.633333,0.000000
244.666667,0.000000
244.7,0.000000
244.733333,0.000000
244.766667,0.000000
244.8,0.000000
244.833333,0.000000
244.866667,0.000000
244.9,0.000000
244.933333,0.000000
244.966667,0.000000
245,0.000094
245.033333,0.000008
245.066667,0.000029
245.1,0.000013
245.133333,0.000001
245.166667,0.000001
245.2,0.000000
245.233333,0.000000
245.266667,0.000000
245.3,0.000000
245.333333,0.000000
245.366667,0.000000
245.4,0.040230
245.433333,0.000025
245.466667,0.000009
245.5,0.000002
245.533333,0.000000
245.566667,0.000000
245.6,0.000000
245.633333,0.000000
245.666667,0.000000
245.7,0.000000
245.733333,0.000000
245.766667,0.000000
245.8,0.000000
245.833333,0.000000
245.866667,0.000000
245.9,0.000000
245.933333,0.000000
245.966667,0.000000
246,0.000093
246.033333,0.000010
246.066667,0.000028
246.1,0.000013
246.133333,0.000001
246.166667,0.000000
246.2,0.000000
246.233333,0.000000
246.266667,0.000000
246.3,0.000000
246.333333,0.000000
246.366667,0.000000
246.4,0.000000
246.433333,0.000000
246.466667,0.000000
246.5,0.000000
246.533333,0.000000
246.566667,0.000000
246.6,0.000000
246.633333,0.000000
246.666667,0.000000
246.7,0.000000
246.733333,0.000000
246.766667,0.000000
246.8,0.000000
246.833333,0.000000
246.866667,0.000000
246.9,0.000000
246.933333,0.044156
246.966667,0.000030
247,0.000081
247.033333,0.000010
247.066667,0.000029
247.1,0.000012
247.133333,0.000001
247.166667,0.000000
247.2,0.000000
247.233333,0.000000
247.266667,0.000000
247.3,0.000000
247.333333,0.000000
247.366667,0.000000
247.4,0.000000
247.433333,0.000000
247.466667,0.000000
247.5,0.000000
247.533333,0.000000
247.566667,0.000000
247.6,0.000000
247.633333,0.000000
247.666667,0.000000
247.7,0.000000
247.733333,0.000000
247.766667,0.000000
247.8,0.000000
247.833333,0.000000
247.866667,0.000000
247.9,0.000000
247.933333,0.000000
247.966667,0.000000
248,0.000090
248.033333,0.000004
248.066667,0.000029
248.1,0.000012
248.133333,0.000001
248.166667,0.000000
248.2,0.000000
248.233333,0.000000
248.266667,0.000000
248.3,0.000000
248.333333,0.000000
248.366667,0.000000
248.4,0.000000
248.433333,0.000000
248.466667,0.000000
248.5,0.000000
248.533333,0.000000
248.566667,0.000000
248.6,0.000000
248.633333,0.000000
248.666667,0.000000
248.7,0.000000
248.733333,0.000000
248.766667,0.000000
248.8,0.000000
248.833333,0.000000
248.866667,0.000000
248.9,0.000000
248.933333,0.000000
248.966667,0.000000
249,0.000090
249.033333,0.000004
249.066667,0.000029
249.1,0.000012
249.133333,0.000001
249.166667,0.000000
249.2,0.000000
249.233333,0.000000
249.266667,0.000000
249.3,0.000000
249.333333,0.000000
249.366667,0.000000
249.4,0.000000
249.433333,0.000000
249.466667,0.000000
249.5,0.000000
249.533333,0.000000
249.566667,0.000000
249.6,0.000000
249.633333,0.000000
249.666667,0.000000
249.7,0.971696
249.733333,0.000176
249.766667,0.000067
249.8,0.000019
249.833333,0.000008
249.866667,0.000001
249.9,0.000000
249.933333,0.000000
249.966667,0.000000
250,0.000152
250.033333,0.000078
250.066667,0.000020
250.1,0.000009
250.133333,0.000001
250.166667,0.000001
250.2,0.000000
250.233333,0.000000
250.266667,0.000000
250.3,0.000000
250.333333,0.000000
250.366667,0.000000
250.4,0.000000
250.433333,0.000000
250.466667,0.000000
250.5,0.000000
250.533333,0.000000
250.566667,0.000000
250.6,0.000000
250.633333,0.000000
250.666667,0.000000
250.7,0.000000
250.733333,0.000000
250.766667,0.000000
250.8,0.000000
250.833333,0.000000
250.866667,0.000000
250.9,0.000000
250.933333,0.000000
250.966667,0.000000
251,0.000074
251.033333,0.000004
251.066667,0.000020
251.1,0.000009
251.133333,0.000001
251.166667,0.000001
251.2,0.000000
251.233333,0.000000
251.266667,0.000000
251.3,0.000000
251.333333,0.000000
251.366667,0.000000
251.4,0.000000
251.433333,0.000000
251.466667,0.000000
251.5,0.000000
251.533333,0.000000
251.566667,0.000000
251.6,0.000000
251.633333,0.000000
251.666667,0.000000
251.7,0.000000
251.733333,0.000000
251.766667,0.000000
251.8,0.000000
251.833333,0.000000
251.866667,0.000000
251.9,0.000000
251.933333,0.000000
251.966667,0.000000
252,0.000074
252.033333,0.000004
252.066667,0.000020
252.1,0.000009
252.133333,0.000001
252.166667,0.042661
252.2,0.000012
252.233333,0.000003
252.266667,0.000000
252.3,0.000000
252.333333,0.000000
252.366667,0.000000
252.4,0.000000
252.433333,0.000000
252.466667,0.000000
252.5,0.000000
252.533333,0.000000
252.566667,0.000000
252.6,0.000000
252.633333,0.000000
252.666667,0.000000
252.7,0.000000
252.733333,0.000000
252.766667,0.000000
252.8,0.000000
252.833333,0.000000
252.866667,0.000000
252.9,0.000000
252.933333,0.000000
252.966667,0.000000
253,0.000071
253.033333,0.000005
253.066667,0.000018
253.1,0.000008
253.133333,0.000002
253.166667,0.046189
253.2,0.000016
253.233333,0.000005
253.266667,0.000001
253.3,0.000000
253.333333,0.000000
253.366667,0.000000
253.4,0.000000
253.433333,0.000000
253.466667,0.000000
253.5,0.000000
253.533333,0.000000
253.566667,0.000000
253.6,0.000000
253.633333,0.000000
253.666667,0.000000
253.7,0.000000
253.733333,0.000000
253.766667,0.000000
253.8,0.000000
253.833333,0.000000
253.866667,0.000000
253.9,0.000000
253.933333,0.000000
253.966667,0.000000
254,0.000074
254.033333,0.000005
254.066667,0.000020
254.1,0.000009
254.133333,0.000001
254.166667,0.000001
254.2,0.000000
254.233333,0.000000
254.266667,0.000000
254.3,0.000000
254.333333,0.000000
254.366667,0.000000
254.4,0.000000
254.433333,0.000000
254.466667,0.000000
254.5,0.000000
254.533333,0.000000
254.566667,0.000000
254.6,0.000000
254.633333,0.000000
254.666667,0.000000
254.7,0.000000
254.733333,0.000000
254.766667,0.000000
254.8,0.000000
254.833333,0.000000
254.866667,0.000000
254.9,0.000000
254.933333,0.000000
254.966667,0.000000
255,0.000073
255.033333,0.000004
255.066667,0.000020
255.1,0.000009
255.133333,0.000001
255.166667,0.000001
255.2,0.000000
255.233333,0.000000
255.266667,0.000000
255.3,0.000000
255.333333,0.000000
255.366667,0.039269
255.4,0.000015
255.433333,0.000005
255.466667,0.000001
255.5,0.000000
255.533333,0.000000
255.566667,0.000000
255.6,0.000000
255.633333,0.000000
255.666667,0.000000
255.7,0.000000
255.733333,0.000000
255.766667,0.000000
255.8,0.000000
255.833333,0.000000
255.866667,0.000000
255.9,0.000000
255.933333,0.000000
255.966667,0.000000
256,0.000076
256.033333,0.000008
256.066667,0.000019
256.1,0.000009
256.133333,0.000001
256.166667,0.000001
256.2,0.000000
256.233333,0.000000
256.266667,0.000000
256.3,0.000000
256.333333,0.000000
256.366667,0.000000
256.4,0.000000
256.433333,0.000000
256.466667,0.000000
256.5,0.000000
256.533333,0.000000
256.566667,0.000000
256.6,0.000000
256.633333,0.000000
256.666667,0.000000
256.7,0.000000
256.733333,0.000000
256.766667,0.000000
256.8,0.000000
256.833333,0.000000
256.866667,0.000000
256.9,0.000000
256.933333,0.045372
256.966667,0.000018
257,0.000070
257.033333,0.000008
257.066667,0.000021
257.1,0.000009
257.133333,0.000002
257.166667,0.000001
257.2,0.000000
257.233333,0.000000
257.266667,0.000000
257.3,0.000000
257.333333,0.000000
257.366667,0.000000
257.4,0.000000
257.433333,0.000000
257.466667,0.000000
257.5,0.000000
257.533333,0.000000
257.566667,0.000000
257.6,0.000000
257.633333,0.000000
257.666667,0.000000
257.7,0.000000
257.733333,0.000000
257.766667,0.000000
257.8,0.000000
257.833333,0.000000
257.866667,0.000000
257.9,0.000000
257.933333,0.000000
257.966667,0.000000
258,0.000076
258.033333,0.000004
258.066667,0.000021
258.1,0.000009
258.133333,0.000002
258.166667,0.000001
258.2,0.000000
258.233333,0.000000
258.266667,0.000000
258.3,0.000000
258.333333,0.000000
258.366667,0.000000
258.4,0.000000
258.433333,0.000000
258.466667,0.000000
258.5,0.000000
258.533333,0.000000
258.566667,0.000000
258.6,0.000000
258.633333,0.000000
258.666667,0.000000
258.7,0.000000
258.733333,0.000000
258.766667,0.000000
258.8,0.000000
258.833333,0.000000
258.866667,0.000000
258.9,0.000000
258.933333,0.000000
258.966667,0.000000
259,0.000076
259.033333,0.000004
259.066667,0.000021
259.1,0.000009
259.133333,0.000002
259.166667,0.000001
259.2,0.000000
259.233333,0.000000
259.266667,0.000000
259.3,0.000000
259.333333,0.000000
259.366667,0.000000
259.4,0.000000
259.433333,0.000000
259.466667,0.000000
259.5,0.000000
259.533333,0.000000
259.566667,0.000000
259.6,0.000000
259.633333,0.000000
259.666667,0.000000
259.7,1.000000
259.733333,0.000131
259.766667,0.000038
259.8,0.000000
259.833333,0.000015
259.866667,0.000006
259.9,0.000001
259.933333,0.000000
259.966667,0.000000
260,0.000115
260.033333,0.000058
260.066667,0.000016
260.1,0.000008
260.133333,0.000000
260.166667,0.000000
260.2,0.000000
260.233333,0.000000
260.266667,0.000000
260.3,0.000000
260.333333,0.000000
260.366667,0.000000
260.4,0.000000
260.433333,0.000000
260.466667,0.000000
260.5,0.000000
260.533333,0.000000
260.566667,0.000000
260.6,0.000000
260.633333,0.000000
260.666667,0.000000
260.7,0.000000
260.733333,0.000000
260.766667,0.000000
260.8,0.000000
260.833333,0.000000
260.866667,0.000000
260.9,0.000000
260.933333,0.000000
260.966667,0.000000
261,0.000053
261.033333,0.000003
261.066667,0.000016
261.1,0.000008
261.133333,0.000000
261.166667,0.000000
261.2,0.024888
261.233333,0.000212
261.266667,0.000015
261.3,0.000006
261.333333,0.000001
261.366667,0.000000
261.4,0.000000
261.433333,0.000000
261.466667,0.000000
261.5,0.000000
261.533333,0.000000
261.566667,0.000000
261.6,0.000000
261.633333,0.000000
261.666667,0.000000
261.7,0.000000
261.733333,0.000000
261.766667,0.000000
261.8,0.000000
261.833333,0.000000
261.866667,0.000000
261.9,0.000000
261.933333,0.000000
261.966667,0.000000
262,0.000060
262.033333,0.000011
262.066667,0.000016
262.1,0.000008
262.133333,0.000001
262.166667,0.000000
262.2,0.000000
262.233333,0.000000
262.266667,0.000000
262.3,0.000000
262.333333,0.085225
262.366667,0.000021
262.4,0.000010
262.433333,0.000001
262.466667,0.000000
262.5,0.000000
262.533333,0.000000
262.566667,0.000000
262.6,0.000000
262.633333,0.000000
262.666667,0.000000
262.7,0.000000
262.733333,0.000000
262.766667,0.000000
262.8,0.000000
262.833333,0.000000
262.866667,0.000000
262.9,0.000000
262.933333,0.000000
262.966667,0.000000
263,0.000060
263.033333,0.000005
263.066667,0.000017
263.1,0.000007
263.133333,0.000001
263.166667,0.000001
263.2,0.000000
263.233333,0.000000
263.266667,0.000000
263.3,0.000000
263.333333,0.000000
263.366667,0.000000
263.4,0.000000
263.433333,0.000000
263.466667,0.000000
263.5,0.000000
263.533333,0.000000
263.566667,0.000000
263.6,0.000000
263.633333,0.000000
263.666667,0.000000
263.7,0.000000
263.733333,0.000000
263.766667,0.000000
263.8,0.000000
263.833333,0.000000
263.866667,0.000000
263.9,0.000000
263.933333,0.000000
263.966667,0.000000
264,0.000057
264.033333,0.000003
264.066667,0.000017
264.1,0.000007
264.133333,0.000001
264.166667,0.000001
264.2,0.000000
264.233333,0.000000
264.266667,0.000000
264.3,0.000000
264.333333,0.000000
264.366667,0.000000
264.4,0.000000
264.433333,0.000000
264.466667,0.000000
264.5,0.000000
264.533333,0.000000
264.566667,0.000000
264.6,0.000000
264.633333,0.000000
264.666667,0.000000
264.7,0.000000
264.733333,0.000000
264.766667,0.000000
264.8,0.000000
264.833333,0.000000
264.866667,0.068682
264.9,0.000016
264.933333,0.000008
264.966667,0.000001
265,0.000055
265.033333,0.000005
265.066667,0.000015
265.1,0.000007
265.133333,0.000000
265.166667,0.000000
265.2,0.000000
265.233333,0.000000
265.266667,0.000000
265.3,0.000000
265.333333,0.000000
265.366667,0.000000
265.4,0.000000
265.433333,0.000000
265.466667,0.000000
265.5,0.000000
265.533333,0.000000
265.566667,0.000000
265.6,0.000000
265.633333,0.000000
265.666667,0.000000
265.7,0.000000
265.733333,0.000000
265.766667,0.000000
265.8,0.000000
265.833333,0.000000
265.866667,0.000000
265.9,0.000000
265.933333,0.000000
265.966667,0.000000
266,0.000052
266.033333,0.000003
266.066667,0.000015
266.1,0.000007
266.133333,0.000000
266.166667,0.000000
266.2,0.000000
266.233333,0.000000
266.266667,0.000000
266.3,0.000000
266.333333,0.000000
266.366667,0.000000
266.4,0.000000
266.433333,0.000000
266.466667,1.000000
266.5,0.001035
266.533333,0.000215
266.566667,0.000014
266.6,0.000111
266.633333,0.000477
266.666667,0.000130
266.7,0.000375
266.733333,0.000720
266.766667,0.000418
266.8,0.000214
266.833333,0.001051
266.866667,0.002747
266.9,0.000161
266.933333,0.000650
266.966667,0.000529
267,0.001479
267.033333,0.000297
267.066667,0.002215
267.1,0.002504
267.133333,0.000199
267.166667,0.000629
267.2,0.000529
267.233333,0.000825
267.266667,0.000498
267.3,0.002119
267.333333,0.002581
267.366667,0.000197
267.4,0.000651
267.433333,0.000169
267.466667,0.000964
267.5,0.000504
267.533333,0.002411
267.566667,0.003043
267.6,0.000211
267.633333,0.000871
267.666667,0.000098
267.7,0.001026
267.733333,0.000465
267.766667,0.002713
267.8,0.002975
267.833333,0.000316
267.866667,0.000910
267.9,0.000038
267.933333,0.000877
267.966667,0.000431
268,0.002597
268.033333,0.002817
268.066667,0.000639
268.1,0.000991
268.133333,0.000083
268.166667,0.000819
268.2,0.000342
268.233333,0.001886
268.266667,0.000673
268.3,0.000064
268.333333,0.000002
268.366667,0.000000
268.4,0.000000
268.433333,0.000370
268.466667,0.028402
268.5,0.000598
268.533333,0.000141
268.566667,0.000226
268.6,0.000229
268.633333,0.000164
268.666667,0.000248
268.7,0.000295
268.733333,0.000327
268.766667,0.000421
268.8,0.000304
268.833333,0.000288
268.866667,0.000363
268.9,0.000346
268.933333,0.000446
268.966667,0.000383
269,0.000747
269.033333,0.000406
269.066667,0.000325
269.1,0.000388
269.133333,0.000523
269.166667,0.000482
269.2,0.000651
269.233333,0.031688
269.266667,0.000077
269.3,0.000012
269.333333,0.000002
269.366667,0.000001
269.4,0.000000
269.433333,0.000000
269.466667,0.000000
269.5,0.000000
269.533333,0.000000
269.566667,0.000000
269.6,0.000000
269.633333,0.000000
269.666667,0.000000
269.7,0.000000
269.733333,0.000000
269.766667,0.000000
269.8,0.000000
269.833333,0.000000
269.866667,0.000000
269.9,0.000000
269.933333,0.000000
269.966667,0.000000
270,0.000310
270.033333,0.000030
270.066667,0.000109
270.1,0.000040
270.133333,0.000005
270.166667,0.000002
270.2,0.000000
270.233333,0.000000
270.266667,0.000000
270.3,0.000000
270.333333,0.000000
270.366667,0.000000
270.4,0.000000
270.433333,0.000000
270.466667,0.000000
270.5,0.000000
270.533333,0.000000
270.566667,0.000000
270.6,0.000000
270.633333,0.000000
270.666667,0.000000
270.7,0.000000
270.733333,0.000000
270.766667,0.000000
270.8,0.000000
270.833333,0.000000
270.866667,0.000000
270.9,0.000000
270.933333,0.000000
270.966667,0.000000
271,0.000292
271.033333,0.000012
271.066667,0.000109
271.1,0.000040
271.133333,0.000005
271.166667,0.000002
271.2,0.000000
271.233333,0.000000
271.266667,0.000000
271.3,0.000000
271.333333,0.000000
271.366667,1.000000
271.4,0.000609
271.433333,0.000104
271.466667,0.000026
271.5,0.000014
271.533333,0.000029
271.566667,0.000007
271.6,0.000014
271.633333,0.000015
271.666667,0.000013
271.7,0.000009
271.733333,0.000009
271.766667,0.000009
271.8,0.000013
271.833333,0.000003
271.866667,0.000016
271.9,0.000002
271.933333,0.000015
271.966667,0.000007
272,0.000130
272.033333,0.000039
272.066667,0.000028
272.1,0.000006
272.133333,0.000053
272.166667,0.000017
272.2,0.000007
272.233333,0.000027
272.266667,0.000040
272.3,0.000040
272.333333,0.000010
272.366667,0.000004
272.4,0.000005
272.433333,0.000001
272.466667,0.000034
272.5,0.000046
272.533333,0.000023
272.566667,0.000018
272.6,0.000013
272.633333,0.000002
272.666667,0.000006
272.7,0.000000
272.733333,0.000010
272.766667,0.000017
272.8,0.000016
272.833333,0.000016
272.866667,0.000159
272.9,0.000016
272.933333,0.000003
272.966667,0.000000
273,0.000078
273.033333,0.000017
273.066667,0.000023
273.1,0.000009
273.133333,0.000001
273.166667,0.000000
273.2,0.000000
273.233333,0.000000
273.266667,0.000000
273.3,0.000000
273.333333,0.000000
273.366667,0.000000
273.4,0.000000
273.433333,0.000000
273.466667,0.000000
273.5,0.000000
273.533333,0.000000
273.566667,0.000000
273.6,0.000000
273.633333,0.050671
273.666667,0.000462
273.7,0.000228
273.733333,0.000003
273.766667,0.000005
273.8,0.000002
273.833333,0.000004
273.866667,0.000007
273.9,0.000000
273.933333,0.000002
273.966667,0.000002
274,0.000078
274.033333,0.000007
274.066667,0.000050
274.1,0.000017
274.133333,0.000001
274.166667,0.000003
274.2,0.000002
274.233333,0.000000
274.266667,0.000002
274.3,0.000003
274.333333,0.000002
274.366667,0.000004
274.4,0.000003
274.433333,0.000000
274.466667,0.000009
274.5,0.000001
274.533333,0.000010
274.566667,0.000001
274.6,0.000001
274.633333,0.000107
274.666667,0.000043
274.7,0.000154
274.733333,0.000010
274.766667,0.000002
274.8,0.000000
274.833333,0.000003
274.866667,0.000000
274.9,0.000001
274.933333,0.000000
274.966667,0.000001
275,0.000072
275.033333,0.000005
275.066667,0.000056
275.1,0.000009
275.133333,0.000005
275.166667,0.000002
275.2,0.000000
275.233333,0.000001
275.266667,0.000007
275.3,0.000006
275.333333,0.000004
275.366667,0.000007
275.4,0.000004
275.433333,0.000000
275.466667,0.000002
275.5,0.000002
275.533333,0.000004
275.566667,0.000007
275.6,0.000099
275.633333,0.000016
275.666667,0.000002
275.7,0.000000
275.733333,0.000000
275.766667,0.000000
275.8,0.000000
275.833333,0.000000
275.866667,0.000000
275.9,0.000000
275.933333,0.000000
275.966667,0.000000
276,0.000074
276.033333,0.000006
276.066667,0.136226
276.1,0.000387
276.133333,0.000604
276.166667,0.000541
276.2,0.000575
276.233333,0.000444
276.266667,0.000490
276.3,0.000375
276.333333,0.000348
276.366667,0.000294
276.4,0.000229
276.433333,0.000120
276.466667,0.000208
276.5,0.000154
276.533333,0.000117
276.566667,0.000085
276.6,0.000021
276.633333,0.000049
276.666667,0.000058
276.7,0.000070
276.733333,0.000199
276.766667,0.000198
276.8,0.000300
276.833333,0.000333
276.866667,0.000365
276.9,0.000388
276.933333,0.000512
276.966667,0.000457
277,0.000498
277.033333,0.000546
277.066667,0.000374
277.1,0.000009
277.133333,0.000592
277.166667,0.000533
277.2,0.000572
277.233333,0.000461
277.266667,0.000504
277.3,0.000391
277.333333,0.000367
277.366667,0.000337
277.4,0.000293
277.433333,0.000195
277.466667,0.000200
277.5,0.000075
277.533333,0.000058
277.566667,0.000062
277.6,0.000055
277.633333,0.000067
277.666667,0.013226
277.7,0.004626
277.733333,0.000215
277.766667,0.000125
277.8,0.000232
277.833333,0.000292
277.866667,0.000346
277.9,0.000373
277.933333,0.000497
277.966667,0.000440
278,0.000498
278.033333,0.000558
278.066667,0.000384
278.1,0.000008
278.133333,0.000613
278.166667,0.000543
278.2,0.000575
278.233333,0.000445
278.266667,0.000489
278.3,0.000376
278.333333,0.000348
278.366667,0.000293
278.4,0.000228
278.433333,0.000121
278.466667,0.000208
278.5,0.000155
278.533333,0.000117
278.566667,0.000085
278.6,0.000021
278.633333,0.000049
278.666667,0.000059
278.7,0.000070
278.733333,0.000198
278.766667,0.000197
278.8,0.000301
278.833333,0.000332
278.866667,0.000366
278.9,0.000388
278.933333,0.000511
278.966667,0.000457
279,0.000504
279.033333,0.000538
279.066667,0.000374
279.1,0.000009
279.133333,0.000592
279.166667,0.000533
279.2,0.000573
279.233333,0.117029
279.266667,0.000013
279.3,0.000003
279.333333,0.000001
279.366667,0.000000
279.4,0.000000
279.433333,0.000000
279.466667,0.000000
279.5,0.000000
279.533333,0.000000
279.566667,0.000000
279.6,0.000000
279.633333,0.000000
279.666667,0.000000
279.7,0.000000
279.733333,0.000000
279.766667,0.000000
279.8,0.000000
279.833333,0.000000
279.866667,0.000000
279.9,0.000000
279.933333,0.000000
279.966667,0.000000
280,0.000055
280.033333,0.000002
280.066667,0.000018
280.1,0.000007
280.133333,0.045827
280.166667,0.000026
280.2,0.000011
280.233333,0.000002
280.266667,0.000000
280.3,0.000000
280.333333,0.000000
280.366667,0.000000
280.4,0.000000
280.433333,0.000000
280.466667,0.000000
280.5,0.000000
280.533333,0.000000
280.566667,0.000000
280.6,0.000000
280.633333,0.000000
280.666667,0.000000
280.7,0.000000
280.733333,0.000000
280.766667,0.000000
280.8,0.000000
280.833333,0.000000
280.866667,0.000000
280.9,0.000000
280.933333,0.000000
280.966667,0.000000
281,0.000068
281.033333,0.000004
281.066667,0.000022
281.1,0.000008
281.133333,0.000001
281.166667,0.000000
281.2,0.000000
281.233333,0.000000
281.266667,0.000000
281.3,0.000000
281.333333,0.000000
281.366667,0.000000
281.4,0.000000
281.433333,0.000000
281.466667,0.000000
281.5,0.000000
281.533333,0.000000
281.566667,0.000000
281.6,0.056673
281.633333,0.000029
281.666667,0.000013
281.7,0.000001
281.733333,0.000000
281.766667,0.000000
281.8,0.000000
281.833333,0.000000
281.866667,0.000000
281.9,0.000000
281.933333,0.000000
281.966667,0.000000
282,0.000070
282.033333,0.000005
282.066667,0.000024
282.1,0.000008
282.133333,0.000001
282.166667,0.000000
282.2,0.000000
282.233333,0.000000
282.266667,0.000000
282.3,0.000000
282.333333,0.000000
282.366667,0.000000
282.4,0.000000
282.433333,0.000000
282.466667,0.000000
282.5,0.000000
282.533333,0.000000
282.566667,0.000000
282.6,0.000000
282.633333,0.000000
282.666667,0.000000
282.7,0.000000
282.733333,0.000000
282.766667,0.000000
282.8,0.000000
282.833333,0.000000
282.866667,0.000000
282.9,0.000000
282.933333,0.000000
282.966667,0.000000
283,0.000067
283.033333,0.000002
283.066667,0.000024
283.1,0.000008
283.133333,0.000001
283.166667,0.000000
283.2,0.000000
283.233333,0.000000
283.266667,0.000000
283.3,0.000000
283.333333,0.000000
283.366667,0.000000
283.4,0.000000
283.433333,0.000000
283.466667,0.000000
283.5,0.000000
283.533333,0.000000
283.566667,0.000000
283.6,0.000000
283.633333,0.000000
283.666667,0.000000
283.7,0.000000
283.733333,0.000000
283.766667,0.000000
283.8,0.000000
283.833333,0.000000
283.866667,0.000000
283.9,0.000000
283.933333,0.000000
283.966667,0.000000
284,1.000000
284.033333,0.000413
284.066667,0.000157
284.1,0.000019
284.133333,0.000003
284.166667,0.000001
284.2,0.000000
284.233333,0.000000
284.266667,0.000000
284.3,0.000000
284.333333,0.000000
284.366667,0.000000
284.4,0.000539
284.433333,0.029777
284.466667,0.059671
284.5,0.056142
284.533333,0.004506
284.566667,0.000131
284.6,0.000020
284.633333,0.000003
284.666667,0.000000
284.7,0.000000
284.733333,0.000000
284.766667,0.000000
284.8,0.000000
284.833333,0.000000
284.866667,0.000000
284.9,0.000000
284.933333,0.000000
284.966667,0.000000
285,0.000266
285.033333,0.000031
285.066667,0.000128
285.1,0.000017
285.133333,0.000003
285.166667,0.000001
285.2,0.000000
285.233333,0.000000
285.266667,0.000000
285.3,0.000000
285.333333,0.000000
285.366667,0.000000
285.4,0.000000
285.433333,0.000000
285.466667,0.000000
285.5,0.000000
285.533333,0.000000
285.566667,0.000000
285.6,0.000000
285.633333,0.000000
285.666667,0.000000
285.7,0.000000
285.733333,0.000000
285.766667,0.000000
285.8,0.000000
285.833333,0.000000
285.866667,0.000000
285.9,0.000000
285.933333,0.000000
285.966667,0.036124
286,0.000342
286.033333,0.000005
286.066667,0.000127
286.1,0.000017
286.133333,0.000003
286.166667,0.000001
286.2,0.000000
286.233333,0.000000
286.266667,0.000000
286.3,0.000000
286.333333,0.000000
286.366667,0.000000
286.4,0.000000
286.433333,0.000000
286.466667,0.000000
286.5,0.000000
286.533333,0.000000
286.566667,0.000000
286.6,0.000000
286.633333,0.000000
286.666667,0.000000
286.7,0.000000
286.733333,0.000000
286.766667,0.000000
286.8,0.000000
286.833333,0.000000
286.866667,0.000000
286.9,0.000000
286.933333,0.000000
286.966667,0.000000
287,0.000240
287.033333,0.000008
287.066667,0.000127
287.1,0.000017
287.133333,0.000003
287.166667,0.000001
287.2,0.000000
287.233333,0.000000
287.266667,0.000000
287.3,0.000000
287.333333,0.000000
287.366667,0.000000
287.4,0.000000
287.433333,0.000000
287.466667,0.000000
287.5,0.000000
287.533333,0.000000
287.566667,0.000000
287.6,0.000000
287.633333,0.000000
287.666667,0.000000
287.7,0.000000
287.733333,0.000000
287.766667,0.000000
287.8,0.000000
287.833333,0.000000
287.866667,0.000000
287.9,0.000000
287.933333,0.000000
287.966667,0.000000
288,0.000240
288.033333,0.000008
288.066667,0.000127
288.1,0.000017
288.133333,0.000003
288.166667,0.000001
288.2,0.000000
288.233333,0.000000
288.266667,0.000000
288.3,0.000000
288.333333,0.000000
288.366667,0.000000
288.4,0.000000
288.433333,0.000000
288.466667,0.000000
288.5,1.000000
288.533333,0.000040
288.566667,0.000014
288.6,0.000005
288.633333,0.000001
288.666667,0.000000
288.7,0.000000
288.733333,0.000000
288.766667,0.000000
288.8,0.000000
288.833333,0.000000
288.866667,0.000000
288.9,0.000000
288.933333,0.000000
288.966667,0.000000
289,0.000043
289.033333,0.000010
289.066667,0.000014
289.1,0.000006
289.133333,0.000001
289.166667,0.000001
289.2,0.000000
289.233333,0.000000
289.266667,0.000000
289.3,0.000000
289.333333,0.000000
289.366667,0.000000
289.4,0.000000
289.433333,0.000000
289.466667,0.000000
289.5,0.000000
289.533333,0.000000
289.566667,0.000000
289.6,0.000000
289.633333,0.000000
289.666667,0.000000
289.7,0.000000
289.733333,0.000000
289.766667,0.000000
289.8,0.000000
289.833333,0.000000
289.866667,0.000000
289.9,0.000000
289.933333,0.000000
289.966667,0.000000
290,0.000035
290.033333,0.000002
290.066667,0.000014
290.1,0.000006
290.133333,0.000001
290.166667,0.000001
290.2,0.000000
290.233333,0.000000
290.266667,0.000000
290.3,0.000000
290.333333,0.000000
290.366667,0.000000
290.4,0.000000
290.433333,0.000000
290.466667,0.000000
290.5,0.000000
290.533333,0.000000
290.566667,0.000000
290.6,0.000000
290.633333,0.000000
290.666667,0.000000
290.7,0.000000
290.733333,0.000000
290.766667,0.000000
290.8,0.000000
290.833333,0.000000
290.866667,0.000000
290.9,0.000000
290.933333,0.000000
290.966667,0.000000
291,0.000035
291.033333,0.055983
291.066667,0.000015
291.1,0.000006
291.133333,0.000002
291.166667,0.000000
291.2,0.000000
291.233333,0.000000
291.266667,0.000000
291.3,0.000000
291.333333,0.000000
291.366667,0.000000
291.4,0.000000
291.433333,0.000000
291.466667,0.000000
291.5,0.000000
291.533333,0.000000
291.566667,0.000000
291.6,0.000000
291.633333,0.000000
291.666667,0.000000
291.7,0.000000
291.733333,0.000000
291.766667,0.000000
291.8,0.000000
291.833333,0.000000
291.866667,0.000000
291.9,0.000000
291.933333,0.000000
291.966667,0.000000
292,0.000026
292.033333,0.000001
292.066667,0.000008
292.1,0.000003
292.133333,0.000000
292.166667,0.000000
292.2,0.000000
292.233333,0.000000
292.266667,0.000000
292.3,0.000000
292.333333,0.000000
292.366667,0.027886
292.4,0.000011
292.433333,0.000005
292.466667,0.000001
292.5,0.000000
292.533333,0.000000
292.566667,0.000000
292.6,0.000000
292.633333,0.000000
292.666667,0.000000
292.7,0.000000
292.733333,0.000000
292.766667,0.000000
292.8,0.000000
292.833333,0.000000
292.866667,0.000000
292.9,0.000000
292.933333,0.000000
292.966667,0.000000
293,0.000027
293.033333,0.000003
293.066667,0.000008
293.1,0.000003
293.133333,0.000000
293.166667,0.000000
293.2,0.000000
293.233333,0.000000
293.266667,0.000000
293.3,0.000000
293.333333,0.000000
293.366667,0.000000
293.4,0.000000
293.433333,0.000000
293.466667,0.000000
293.5,0.000000
293.533333,0.000000
293.566667,0.000000
293.6,0.000000
293.633333,0.000000
293.666667,0.000000
293.7,0.000000
293.733333,0.000000
293.766667,0.000000
293.8,0.000000
293.833333,0.000000
293.866667,0.000000
293.9,0.000000
293.933333,0.000000
293.966667,0.000000
294,0.000025
294.033333,0.032198
294.066667,0.000011
294.1,0.000004
294.133333,0.000001
294.166667,0.000000
294.2,0.000000
294.233333,0.000000
294.266667,0.000000
294.3,0.000000
294.333333,0.000000
294.366667,0.000000
294.4,0.000000
294.433333,0.000000
294.466667,0.000000
294.5,0.000000
294.533333,0.000000
294.566667,0.000000
294.6,0.000000
294.633333,0.000000
294.666667,0.000000
294.7,0.000000
294.733333,0.000000
294.766667,0.000000
294.8,0.000000
294.833333,0.000000
294.866667,0.000000
294.9,0.000000
294.933333,0.000000
294.966667,0.000000
295,0.000026
295.033333,0.000004
295.066667,0.000006
295.1,0.000003
295.133333,0.000000
295.166667,0.000000
295.2,0.000000
295.233333,0.000000
295.266667,0.000000
295.3,0.000000
295.333333,0.000000
295.366667,0.000000
295.4,0.000000
295.433333,0.000000
295.466667,0.000000
295.5,0.000000
295.533333,0.000000
295.566667,0.000000
295.6,0.000000
295.633333,0.000000
295.666667,0.000000
295.7,0.000000
295.733333,0.000000
295.766667,0.000000
295.8,0.000000
295.833333,0.031343
295.866667,0.000011
295.9,0.000005
295.933333,0.000001
295.966667,0.000000
296,0.000025
296.033333,0.000001
296.066667,0.000008
296.1,0.000003
296.133333,0.000000
296.166667,0.000000
296.2,0.000000
296.233333,0.000000
296.266667,0.000000
296.3,0.000000
296.333333,0.000000
296.366667,0.000000
296.4,0.000000
296.433333,0.000000
296.466667,0.000000
296.5,0.000000
296.533333,0.000000
296.566667,0.000000
296.6,0.000000
296.633333,0.000000
296.666667,0.000000
296.7,0.000000
296.733333,0.000000
296.766667,0.000000
296.8,0.000000
296.833333,0.000000
296.866667,0.000000
296.9,0.000000
296.933333,0.000000
296.966667,0.000000
297,0.000025
297.033333,0.000001
297.066667,0.000008
297.1,0.000003
297.133333,0.000000
297.166667,0.000000
297.2,0.000000
297.233333,0.000000
297.266667,0.000000
297.3,0.000000
297.333333,0.000000
297.366667,0.000000
297.4,0.000000
297.433333,0.000000
297.466667,0.000000
297.5,0.000000
297.533333,0.000000
297.566667,0.051500
297.6,0.000064
297.633333,0.000051
297.666667,0.000051
297.7,0.000004
297.733333,0.000000
297.766667,0.000001
297.8,0.000004
297.833333,0.000009
297.866667,0.000011
297.9,0.000000
297.933333,0.000002
297.966667,0.000000
298,0.000006
298.033333,0.000084
298.066667,0.000027
298.1,0.000005
298.133333,0.000003
298.166667,0.000083
298.2,0.000016
298.233333,0.000001
298.266667,0.000000
298.3,0.000000
298.333333,0.000025
298.366667,0.000014
298.4,0.000011
298.433333,0.000000
298.466667,0.000000
298.5,0.000003
298.533333,0.000066
298.566667,0.000039
298.6,0.000001
298.633333,0.000001
298.666667,0.000022
298.7,0.000108
298.733333,0.000007
298.766667,0.000002
298.8,0.000001
298.833333,0.000002
298.866667,0.000003
298.9,0.000001
298.933333,0.000002
298.966667,0.000001
299,0.000046
299.033333,0.000012
299.066667,0.000071
299.1,0.000015
299.133333,0.000003
299.166667,0.000005
299.2,0.000010
299.233333,0.000012
299.266667,0.000002
299.3,0.000001
299.333333,0.000002
299.366667,0.000018
299.4,0.000027
299.433333,0.000045
299.466667,0.000003
299.5,0.000002
299.533333,0.000001
299.566667,0.000004
299.6,0.000014
299.633333,0.000002
299.666667,0.000001
299.7,0.000002
299.733333,0.000036
299.766667,0.000007
299.8,0.000001
299.833333,0.000001
299.866667,0.000000
299.9,0.061433
299.933333,0.000104
299.966667,0.000009
300,0.000043
300.033333,0.000011
300.066667,0.000025
300.1,0.000033
300.133333,0.000018
300.166667,0.000001
300.2,0.000000
300.233333,0.000004
300.266667,0.000025
300.3,0.000003
300.333333,0.000000
300.366667,0.000002
300.4,0.000000
300.433333,0.000016
300.466667,0.000012
300.5,0.000000
300.533333,0.000002
300.566667,0.000001
300.6,0.000000
300.633333,0.000026
300.666667,0.000002
300.7,0.000002
300.733333,0.000001
300.766667,0.000040
300.8,0.000035
300.833333,0.000004
300.866667,0.000001
300.9,0.000000
300.933333,0.000005
300.966667,0.000012
301,0.000037
301.033333,0.000015
301.066667,0.000035
301.1,0.000003
301.133333,0.000021
301.166667,0.000050
301.2,0.000001
301.233333,0.044728
301.266667,0.000022
301.3,0.000010
301.333333,0.000002
301.366667,0.000000
301.4,0.000000
301.433333,0.000000
301.466667,0.000000
301.5,0.000000
301.533333,0.000000
301.566667,0.000000
301.6,0.000000
301.633333,0.000000
301.666667,0.000000
301.7,0.000000
301.733333,0.000000
301.766667,0.000000
301.8,0.000000
301.833333,0.000000
301.866667,0.000000
301.9,0.000000
301.933333,0.000000
301.966667,0.000000
302,0.000052
302.033333,0.000008
302.066667,0.000015
302.1,0.000006
302.133333,0.000000
302.166667,0.000001
302.2,0.000000
302.233333,0.000000
302.266667,0.000000
302.3,0.000000
302.333333,0.000000
302.366667,0.000000
302.4,0.000000
302.433333,0.000000
302.466667,0.000000
302.5,0.000000
302.533333,0.000000
302.566667,0.000000
302.6,0.000000
302.633333,0.000000
302.666667,0.000000
302.7,0.000000
302.733333,0.000000
302.766667,0.000000
302.8,0.000000
302.833333,0.000000
302.866667,0.000000
302.9,0.000000
302.933333,0.000000
302.966667,0.039247
303,0.000048
303.033333,0.000002
303.066667,0.000014
303.1,0.000006
303.133333,0.000001
303.166667,0.000001
303.2,0.000000
303.233333,0.000000
303.266667,0.000000
303.3,0.000000
303.333333,0.000000
303.366667,0.000000
303.4,0.000000
303.433333,0.000000
303.466667,0.000000
303.5,0.000000
303.533333,0.000000
303.566667,0.000000
303.6,0.000000
303.633333,0.000000
303.666667,0.000000
303.7,0.000000
303.733333,0.000000
303.766667,0.000000
303.8,0.000000
303.833333,0.000000
303.866667,0.000000
303.9,0.000000
303.933333,0.000000
303.966667,0.000000
304,0.000045
304.033333,0.000002
304.066667,0.000014
304.1,0.000006
304.133333,0.000001
304.166667,0.000001
304.2,0.000000
304.233333,0.000000
304.266667,0.000000
304.3,0.000000
304.333333,0.000000
304.366667,0.000000
304.4,0.030788
304.433333,0.000017
304.466667,0.000009
304.5,0.000002
304.533333,0.000000
304.566667,0.000000
304.6,0.000000
304.633333,0.000000
304.666667,0.000000
304.7,0.000000
304.733333,0.000000
304.766667,0.000000
304.8,0.000000
304.833333,0.000000
304.866667,0.000000
304.9,0.000000
304.933333,0.000000
304.966667,0.000000
305,0.000055
305.033333,0.000011
305.066667,0.000015
305.1,0.000006
305.133333,0.000000
305.166667,0.000000
305.2,0.000000
305.233333,0.000000
305.266667,0.000000
305.3,0.000000
305.333333,0.000000
305.366667,0.000000
305.4,0.000000
305.433333,0.000000
305.466667,0.000000
305.5,0.000000
305.533333,0.000000
305.566667,0.000000
305.6,0.000000
305.633333,0.000000
305.666667,0.000000
305.7,0.000000
305.733333,0.000000
305.766667,0.000000
305.8,0.060746
305.833333,0.000013
305.866667,0.000006
305.9,0.000001
305.933333,0.000000
305.966667,0.000000
306,0.000044
306.033333,0.000004
306.066667,0.000011
306.1,0.000005
306.133333,0.000001
306.166667,0.000001
306.2,0.000000
306.233333,0.000000
306.266667,0.000000
306.3,0.000000
306.333333,0.000000
306.366667,0.000000
306.4,0.000000
306.433333,0.000000
306.466667,0.000000
306.5,0.000000
306.533333,0.000000
306.566667,0.000000
306.6,0.000000
306.633333,0.000000
306.666667,0.000000
306.7,0.000000
306.733333,0.000000
306.766667,0.000000
306.8,0.000000
306.833333,0.000000
306.866667,0.000000
306.9,0.000000
306.933333,0.000000
306.966667,0.000000
307,0.000042
307.033333,0.000002
307.066667,0.000011
307.1,0.000005
307.133333,0.000001
307.166667,0.000001
307.2,0.000000
307.233333,0.000000
307.266667,0.000000
307.3,0.000000
307.333333,0.000000
307.366667,0.000000
307.4,0.000000
307.433333,0.000000
307.466667,0.000000
307.5,0.000000
307.533333,0.000000
307.566667,0.000000
307.6,0.000000
307.633333,0.000000
307.666667,0.000000
307.7,0.000000
307.733333,0.000000
307.766667,0.000000
307.8,0.000000
307.833333,0.000000
307.866667,0.000000
307.9,0.000000
307.933333,0.000000
307.966667,0.000000
308,0.000042
308.033333,0.000002
308.066667,0.000011
308.1,0.000005
308.133333,0.000001
308.166667,0.064806
308.2,0.000013
308.233333,0.000006
308.266667,0.000001
308.3,0.000000
308.333333,0.000000
308.366667,0.000000
308.4,0.000000
308.433333,0.000000
308.466667,0.000000
308.5,0.000000
308.533333,0.000000
308.566667,0.000000
308.6,0.000000
308.633333,0.000000
308.666667,0.000000
308.7,0.000000
308.733333,0.000000
308.766667,0.000000
308.8,0.000000
308.833333,0.000000
308.866667,0.000000
308.9,0.000000
308.933333,0.000000
308.966667,0.000000
309,0.000043
309.033333,0.000005
309.066667,0.000012
309.1,0.000005
309.133333,0.000000
309.166667,0.000001
309.2,0.000000
309.233333,0.000000
309.266667,0.000000
309.3,0.000000
309.333333,0.000000
309.366667,0.000000
309.4,0.000000
309.433333,0.000000
309.466667,0.000000
309.5,0.000000
309.533333,0.000000
309.566667,0.000000
309.6,0.000000
309.633333,0.000000
309.666667,0.070003
309.7,0.000023
309.733333,0.000010
309.766667,0.000002
309.8,0.000000
309.833333,0.000000
309.866667,0.000000
309.9,0.000000
309.933333,0.000000
309.966667,0.000000
310,0.000056
310.033333,0.000009
310.066667,0.000015
310.1,0.000005
310.133333,0.000001
310.166667,0.000001
310.2,0.000000
310.233333,0.000000
310.266667,0.000000
310.3,0.000000
310.333333,0.000000
310.366667,0.000000
310.4,0.000000
310.433333,0.000000
310.466667,0.000000
310.5,0.000000
310.533333,0.000000
310.566667,0.000000
310.6,0.000000
310.633333,0.000000
310.666667,0.000000
310.7,0.000000
310.733333,0.000000
310.766667,0.000000
310.8,0.000000
310.833333,0.000000
310.866667,0.000000
310.9,0.000000
310.933333,0.000000
310.966667,0.000000
311,0.000049
311.033333,0.000002
311.066667,0.000015
311.1,0.000005
311.133333,0.000001
311.166667,0.000001
311.2,0.000000
311.233333,0.000000
311.266667,0.000000
311.3,0.000000
311.333333,0.000000
311.366667,0.000000
311.4,0.000000
311.433333,0.000000
311.466667,0.000000
311.5,0.000000
311.533333,0.000000
311.566667,0.000000
311.6,0.000000
311.633333,0.000000
311.666667,0.000000
311.7,0.000000
311.733333,0.000000
311.766667,0.000000
311.8,0.000000
311.833333,0.000000
311.866667,0.000000
311.9,0.000000
311.933333,0.000000
311.966667,0.000000
312,0.000049
312.033333,0.000002
312.066667,0.000015
312.1,0.049274
312.133333,0.000022
312.166667,0.000011
312.2,0.000002
312.233333,0.000000
312.266667,0.000000
312.3,0.000000
312.333333,0.000000
312.366667,0.000000
312.4,0.000000
312.433333,0.000000
312.466667,0.000000
312.5,0.000000
312.533333,0.000000
312.566667,0.000000
312.6,0.000000
312.633333,0.000000
312.666667,0.000000
312.7,0.000000
312.733333,0.000000
312.766667,0.000000
312.8,0.000000
312.833333,0.000000
312.866667,0.000000
312.9,0.000000
312.933333,0.000000
312.966667,0.000000
313,0.000050
313.033333,0.000004
313.066667,0.000016
313.1,0.000006
313.133333,0.000001
313.166667,0.000000
313.2,0.000000
313.233333,0.000000
313.266667,0.000000
313.3,0.000000
313.333333,0.000000
313.366667,0.000000
313.4,0.000000
313.433333,0.000000
313.466667,0.000000
313.5,0.000000
313.533333,0.000000
313.566667,0.000000
313.6,0.000000
313.633333,0.000000
313.666667,0.000000
313.7,0.000000
313.733333,0.000000
313.766667,0.000000
313.8,0.000000
313.833333,0.000000
313.866667,0.000000
313.9,0.000000
313.933333,0.000000
313.966667,0.000000
314,0.051524
314.033333,0.000041
314.066667,0.000011
314.1,0.000005
314.133333,0.000000
314.166667,0.000001
314.2,0.000000
314.233333,0.000000
314.266667,0.000000
314.3,0.000000
314.333333,0.000000
314.366667,0.000000
314.4,0.000000
314.433333,0.000000
314.466667,0.000000
314.5,0.000000
314.533333,0.000000
314.566667,0.000000
314.6,0.000000
314.633333,0.000000
314.666667,0.000000
314.7,0.000000
314.733333,0.000000
314.766667,0.000000
314.8,0.000000
314.833333,0.000000
314.866667,0.000000
314.9,0.000000
314.933333,0.000000
314.966667,0.000000
315,0.000038
315.033333,0.000002
315.066667,0.026755
315.1,0.000018
315.133333,0.000009
315.166667,0.000002
315.2,0.000000
315.233333,0.000000
315.266667,0.000000
315.3,0.000000
315.333333,0.000000
315.366667,0.000000
315.4,0.000000
315.433333,0.000000
315.466667,0.000000
315.5,0.000000
315.533333,0.000000
315.566667,0.000000
315.6,0.000000
315.633333,0.000000
315.666667,0.000000
315.7,0.000000
315.733333,0.000000
315.766667,0.000000
315.8,0.000000
315.833333,0.000000
315.866667,0.000000
315.9,0.000000
315.933333,0.000000
315.966667,0.000000
316,0.000046
316.033333,0.000003
316.066667,0.000014
316.1,0.000005
316.133333,0.000000
316.166667,0.000001
316.2,0.000000
316.233333,0.000000
316.266667,0.000000
316.3,0.000000
316.333333,0.000000
316.366667,0.000000
316.4,0.000000
316.433333,0.000000
316.466667,0.000000
316.5,0.000000
316.533333,0.000000
316.566667,0.000000
316.6,0.063671
316.633333,0.000019
316.666667,0.000009
316.7,0.000002
316.733333,0.000000
316.766667,0.000000
316.8,0.000000
316.833333,0.000000
316.866667,0.000000
316.9,0.000000
316.933333,0.000000
316.966667,0.000000
317,0.000048
317.033333,0.000005
317.066667,0.000015
317.1,0.000006
317.133333,0.000001
317.166667,0.000001
317.2,0.000000
317.233333,0.000000
317.266667,0.000000
317.3,0.000000
317.333333,0.000000
317.366667,0.000000
317.4,0.000000
317.433333,0.000000
317.466667,0.000000
317.5,0.000000
317.533333,0.000000
317.566667,0.000000
317.6,0.000000
317.633333,0.000000
317.666667,0.000000
317.7,0.000000
317.733333,0.000000
317.766667,0.000000
317.8,0.000000
317.833333,0.000000
317.866667,0.000000
317.9,0.000000
317.933333,0.000000
317.966667,0.000000
318,0.000046
318.033333,0.000002
318.066667,0.000015
318.1,0.000006
318.133333,0.000001
318.166667,0.000001
318.2,0.000000
318.233333,0.000000
318.266667,0.000000
318.3,0.000000
318.333333,0.000000
318.366667,0.000000
318.4,0.000000
318.433333,0.000000
318.466667,0.000000
318.5,0.000000
318.533333,0.000000
318.566667,0.000000
318.6,0.000000
318.633333,0.000000
318.666667,0.000000
318.7,0.000000
318.733333,0.000000
318.766667,0.000000
318.8,0.000000
318.833333,0.039867
318.866667,0.000021
318.9,0.000010
318.933333,0.000002
318.966667,0.000000
319,0.000048
319.033333,0.000003
319.066667,0.000015
319.1,0.000005
319.133333,0.000001
319.166667,0.000001
319.2,0.000000
319.233333,0.000000
319.266667,0.000000
319.3,0.000000
319.333333,0.000000
319.366667,0.000000
319.4,0.000000
319.433333,0.000000
319.466667,0.000000
319.5,0.000000
319.533333,0.000000
319.566667,0.000000
319.6,0.000000
319.633333,0.000000
319.666667,0.000000
319.7,0.000000
319.733333,0.000000
319.766667,0.000000
319.8,0.000000
319.833333,0.000000
319.866667,0.000000
319.9,0.000000
319.933333,0.000000
319.966667,0.000000
320,0.000048
320.033333,0.000002
320.066667,0.000015
320.1,0.000005
320.133333,0.000001
320.166667,0.000001
320.2,0.000000
320.233333,0.000000
320.266667,0.000000
320.3,0.000000
320.333333,0.000000
320.366667,0.000000
320.4,0.000000
320.433333,0.000000
320.466667,0.000000
320.5,0.000000
320.533333,0.000000
320.566667,0.000000
320.6,0.000000
320.633333,0.000000
320.666667,0.000000
320.7,0.000000
320.733333,0.000000
320.766667,0.000000
320.8,0.000000
320.833333,0.000000
320.866667,0.000000
320.9,0.000000
320.933333,0.000000
320.966667,0.000000
321,0.000048
321.033333,0.000002
321.066667,0.000015
321.1,0.000005
321.133333,0.000001
321.166667,0.000001
321.2,0.000000
321.233333,0.000000
321.266667,0.000000
321.3,0.000000
321.333333,0.000000
321.366667,0.000000
321.4,0.000000
321.433333,0.000000
321.466667,0.000000
321.5,0.000000
321.533333,0.000000
321.566667,0.033571
321.6,0.000018
321.633333,0.000009
321.666667,0.000001
321.7,0.000000
321.733333,0.000000
321.766667,0.000000
321.8,0.000000
321.833333,0.000000
321.866667,0.000000
321.9,0.000000
321.933333,0.000000
321.966667,0.000000
322,0.000053
322.033333,0.000008
322.066667,0.000015
322.1,0.000005
322.133333,0.000001
322.166667,0.000001
322.2,0.000000
322.233333,0.000000
322.266667,0.000000
322.3,0.000000
322.333333,0.000000
322.366667,0.000000
322.4,0.000000
322.433333,0.000000
322.466667,0.000000
322.5,0.000000
322.533333,0.000000
322.566667,0.000000
322.6,0.000000
322.633333,0.000000
322.666667,0.000000
322.7,0.000000
322.733333,0.000000
322.766667,0.000000
322.8,0.000000
322.833333,0.000000
322.866667,0.000000
322.9,0.000000
322.933333,0.000000
322.966667,0.000000
323,0.000047
323.033333,0.000002
323.066667,0.000015
323.1,0.000005
323.133333,0.000001
323.166667,0.000001
323.2,0.000000
323.233333,0.000000
323.266667,0.000000
323.3,0.000000
323.333333,0.000000
323.366667,0.000000
323.4,0.000000
323.433333,0.000000
323.466667,0.000000
323.5,0.000000
323.533333,0.000000
323.566667,0.000000
323.6,0.000000
323.633333,0.000000
323.666667,0.000000
323.7,0.000000
323.733333,0.000000
323.766667,0.000000
323.8,0.000000
323.833333,0.000000
323.866667,0.063271
323.9,0.000017
323.933333,0.000008
323.966667,0.000002
324,0.000048
324.033333,0.000007
324.066667,0.000014
324.1,0.000005
324.133333,0.000001
324.166667,0.000001
324.2,0.000000
324.233333,0.000000
324.266667,0.000000
324.3,0.000000
324.333333,0.000000
324.366667,0.000000
324.4,0.000000
324.433333,0.000000
324.466667,0.000000
324.5,0.000000
324.533333,0.000000
324.566667,0.000000
324.6,0.000000
324.633333,0.000000
324.666667,0.000000
324.7,0.000000
324.733333,0.000000
324.766667,0.000000
324.8,0.000000
324.833333,0.000000
324.866667,0.000000
324.9,0.000000
324.933333,0.000000
324.966667,0.000000
325,0.000043
325.033333,0.060828
325.066667,0.000027
325.1,0.000012
325.133333,0.000002
325.166667,0.000001
325.2,0.000000
325.233333,0.000000
325.266667,0.000000
325.3,0.000000
325.333333,0.000000
325.366667,0.000000
325.4,0.000000
325.433333,0.000000
325.466667,0.000000
325.5,0.000000
325.533333,0.000000
325.566667,0.000000
325.6,0.000000
325.633333,0.000000
325.666667,0.000000
325.7,0.000000
325.733333,0.000000
325.766667,0.000000
325.8,0.000000
325.833333,0.000000
325.866667,0.000000
325.9,0.000000
325.933333,0.000000
325.966667,0.000000
326,0.000056
326.033333,0.000009
326.066667,0.000016
326.1,0.000006
326.133333,0.000001
326.166667,0.000001
326.2,0.000000
326.233333,0.000000
326.266667,0.000000
326.3,0.000000
326.333333,0.000000
326.366667,0.000000
326.4,0.000000
326.433333,0.000000
326.466667,0.000000
326.5,0.000000
326.533333,0.000000
326.566667,0.000000
326.6,0.000000
326.633333,0.000000
326.666667,0.000000
326.7,0.000000
326.733333,0.000000
326.766667,0.000000
326.8,0.000000
326.833333,0.000000
326.866667,0.000000
326.9,0.000000
326.933333,0.000000
326.966667,0.000000
327,0.000049
327.033333,0.000003
327.066667,0.000016
327.1,0.000006
327.133333,0.000001
327.166667,0.000001
327.2,0.000000
327.233333,0.000000
327.266667,0.000000
327.3,0.000000
327.333333,0.000000
327.366667,0.000000
327.4,0.000000
327.433333,0.075329
327.466667,0.000024
327.5,0.000011
327.533333,0.000002
327.566667,0.000000
327.6,0.000000
327.633333,0.000000
327.666667,0.000000
327.7,0.000000
327.733333,0.000000
327.766667,0.000000
327.8,0.000000
327.833333,0.000000
327.866667,0.000000
327.9,0.000000
327.933333,0.000000
327.966667,0.000000
328,0.000051
328.033333,0.000004
328.066667,0.000016
328.1,0.000006
328.133333,0.000001
328.166667,0.000001
328.2,0.000000
328.233333,0.000000
328.266667,0.000000
328.3,0.000000
328.333333,0.000000
328.366667,0.000000
328.4,0.000000
328.433333,0.000000
328.466667,0.000000
328.5,0.000000
328.533333,0.000000
328.566667,0.000000
328.6,0.000000
328.633333,0.000000
328.666667,0.000000
328.7,0.000000
328.733333,0.000000
328.766667,0.000000
328.8,0.000000
328.833333,0.000000
328.866667,0.000000
328.9,0.000000
328.933333,0.000000
328.966667,0.000000
329,0.000049
329.033333,0.000002
329.066667,0.000016
329.1,0.000006
329.133333,0.000001
329.166667,0.000001
329.2,0.000000
329.233333,0.000000
329.266667,0.000000
329.3,0.000000
329.333333,0.000000
329.366667,0.000000
329.4,0.000000
329.433333,0.000000
329.466667,0.000000
329.5,0.000000
329.533333,0.000000
329.566667,0.000000
329.6,0.000000
329.633333,0.000000
329.666667,0.000000
329.7,0.000000
329.733333,0.000000
329.766667,0.000000
329.8,0.000000
329.833333,0.075467
329.866667,0.000703
329.9,0.000404
329.933333,0.000342
329.966667,0.000512
330,0.000480
330.033333,0.000101
330.066667,0.000098
330.1,0.000182
330.133333,0.000012
330.166667,0.000072
330.2,0.000177
330.233333,0.000240
330.266667,0.000143
330.3,0.000123
330.333333,0.000061
330.366667,0.000017
330.4,0.000131
330.433333,0.000294
330.466667,0.000366
330.5,0.000331
330.533333,0.000288
330.566667,0.000176
330.6,0.000018
330.633333,0.000030
330.666667,0.000133
330.7,0.000110
330.733333,0.000423
330.766667,0.000295
330.8,0.000143
330.833333,0.000047
330.866667,0.000729
330.9,0.000892
330.933333,0.000774
330.966667,0.000924
331,0.000683
331.033333,0.000406
331.066667,0.000010
331.1,0.000960
331.133333,0.001179
331.166667,0.000781
331.2,0.000178
331.233333,0.000259
331.266667,0.000498
331.3,0.000033
331.333333,0.000299
331.366667,0.000220
331.4,0.000344
331.433333,0.000045
331.466667,0.000087
331.5,0.000403
331.533333,0.000021
331.566667,0.000078
331.6,0.000256
331.633333,0.000349
331.666667,0.000025
331.7,0.000044
331.733333,0.000502
331.766667,0.000024
331.8,0.000379
331.833333,0.000055
331.866667,0.000074
331.9,0.000075
331.933333,0.000065
331.966667,0.000145
332,0.000128
332.033333,0.000098
332.066667,0.000024
332.1,0.000006
332.133333,0.000650
332.166667,0.000599
332.2,0.056822
332.233333,0.000021
332.266667,0.000007
332.3,0.000001
332.333333,0.000000
332.366667,0.000000
332.4,0.000000
332.433333,0.000000
332.466667,0.000000
332.5,0.000000
332.533333,0.000000
332.566667,0.000000
332.6,0.000000
332.633333,0.000000
332.666667,0.000000
332.7,0.000000
332.733333,0.000000
332.766667,0.000000
332.8,0.000000
332.833333,0.000000
332.866667,0.000000
332.9,0.000000
332.933333,0.000000
332.966667,0.000000
333,0.000104
333.033333,0.000017
333.066667,0.000027
333.1,0.000012
333.133333,0.000001
333.166667,0.000001
333.2,0.000000
333.233333,0.000000
333.266667,0.000000
333.3,0.000000
333.333333,0.000000
333.366667,0.000000
333.4,0.000000
333.433333,0.000000
333.466667,0.000000
333.5,0.024115
333.533333,0.000023
333.566667,0.000007
333.6,0.000001
333.633333,0.000000
333.666667,0.000000
333.7,0.000000
333.733333,0.000000
333.766667,0.000000
333.8,0.000000
333.833333,0.000000
333.866667,0.000000
333.9,0.000000
333.933333,0.000000
333.966667,0.000000
334,0.000097
334.033333,0.000008
334.066667,0.000029
334.1,0.000012
334.133333,0.000001
334.166667,0.000001
334.2,0.000000
334.233333,0.000000
334.266667,0.000000
334.3,0.000000
334.333333,0.000000
334.366667,0.000000
334.4,0.000000
334.433333,0.000000
334.466667,0.000000
334.5,0.000000
334.533333,0.000000
334.566667,0.000000
334.6,0.000000
334.633333,0.000000
334.666667,0.000000
334.7,0.000000
334.733333,0.000000
334.766667,0.000000
334.8,0.000000
334.833333,0.000000
334.866667,0.000000
334.9,0.000000
334.933333,0.000000
334.966667,0.000000
335,0.000094
335.033333,0.000004
335.066667,0.000029
335.1,0.000012
335.133333,0.000001
335.166667,0.035590
335.2,0.000025
335.233333,0.000008
335.266667,0.000002
335.3,0.000000
335.333333,0.000000
335.366667,0.000000
335.4,0.000000
335.433333,0.000000
335.466667,0.000000
335.5,0.000000
335.533333,0.000000
335.566667,0.000000
335.6,0.000000
335.633333,0.000000
335.666667,0.000000
335.7,0.000000
335.733333,0.000000
335.766667,0.000000
335.8,0.000000
335.833333,0.000000
335.866667,0.000000
335.9,0.000000
335.933333,0.000000
335.966667,0.000000
336,0.000106
336.033333,0.000013
336.066667,0.000030
336.1,0.000012
336.133333,0.000001
336.166667,0.000001
336.2,0.000000
336.233333,0.000000
336.266667,0.000000
336.3,0.000000
336.333333,0.000000
336.366667,0.000000
336.4,0.000000
336.433333,0.000000
336.466667,0.000000
336.5,0.000000
336.533333,0.000000
336.566667,0.000000
336.6,0.000000
336.633333,0.000000
336.666667,0.019435
336.7,0.000022
336.733333,0.000007
336.766667,0.000001
336.8,0.000000
336.833333,0.000000
336.866667,0.000000
336.9,0.000000
336.933333,0.000000
336.966667,0.000000
337,0.000096
337.033333,0.000006
337.066667,0.000028
337.1,0.000012
337.133333,0.000001
337.166667,0.000001
337.2,0.000000
337.233333,0.000000
337.266667,0.000000
337.3,0.000000
337.333333,0.000000
337.366667,0.000000
337.4,0.000000
337.433333,0.000000
337.466667,0.000000
337.5,0.000000
337.533333,0.000000
337.566667,0.000000
337.6,0.000000
337.633333,0.000000
337.666667,0.000000
337.7,0.000000
337.733333,0.000000
337.766667,0.000000
337.8,0.000000
337.833333,0.000000
337.866667,0.000000
337.9,0.000000
337.933333,0.000000
337.966667,0.000000
338,0.000094
338.033333,0.000004
338.066667,0.000028
338.1,0.109156
338.133333,0.000022
338.166667,0.000008
338.2,0.000002
338.233333,0.000000
338.266667,0.000000
338.3,0.000000
338.333333,0.000000
338.366667,0.000000
338.4,0.000000
338.433333,0.000000
338.466667,0.000000
338.5,0.000000
338.533333,0.000000
338.566667,0.000000
338.6,0.000000
338.633333,0.000000
338.666667,0.000000
338.7,0.000000
338.733333,0.000000
338.766667,0.000000
338.8,0.000000
338.833333,0.000000
338.866667,0.000000
338.9,0.000000
338.933333,0.000000
338.966667,0.000000
339,0.000038
339.033333,0.000007
339.066667,0.000010
339.1,0.000003
339.133333,0.000000
339.166667,0.000000
339.2,0.000000
339.233333,0.000000
339.266667,0.000000
339.3,0.000000
339.333333,0.000000
339.366667,0.000000
339.4,0.000000
339.433333,0.000000
339.466667,0.000000
339.5,0.000000
339.533333,0.000000
339.566667,0.029717
339.6,0.000012
339.633333,0.000006
339.666667,0.000001
339.7,0.000000
339.733333,0.000000
339.766667,0.000000
339.8,0.000000
339.833333,0.000000
339.866667,0.000000
339.9,0.000000
339.933333,0.000000
339.966667,0.000000
340,0.000032
340.033333,0.000002
340.066667,0.000010
340.1,0.000004
340.133333,0.000000
340.166667,0.000000
340.2,0.000000
340.233333,0.000000
340.266667,0.000000
340.3,0.000000
340.333333,0.000000
340.366667,0.000000
340.4,0.000000
340.433333,0.000000
340.466667,0.000000
340.5,0.000000
340.533333,0.000000
340.566667,0.000000
340.6,0.000000
340.633333,0.000000
340.666667,0.000000
340.7,0.000000
340.733333,0.000000
340.766667,0.000000
340.8,0.000000
340.833333,0.000000
340.866667,0.000000
340.9,0.000000
340.933333,0.000000
340.966667,0.000000
341,0.000031
341.033333,0.000002
341.066667,0.000010
341.1,0.000004
341.133333,0.048321
341.166667,0.000016
341.2,0.000007
341.233333,0.000001
341.266667,0.000000
341.3,0.000000
341.333333,0.000000
341.366667,0.000000
341.4,0.000000
341.433333,0.000000
341.466667,0.000000
341.5,0.000000
341.533333,0.000000
341.566667,0.000000
341.6,0.000000
341.633333,0.000000
341.666667,0.000000
341.7,0.000000
341.733333,0.000000
341.766667,0.000000
341.8,0.000000
341.833333,0.000000
341.866667,0.000000
341.9,0.000000
341.933333,0.000000
341.966667,0.000000
342,0.000041
342.033333,0.000007
342.066667,0.000010
342.1,0.000004
342.133333,0.000000
342.166667,0.000000
342.2,0.000000
342.233333,0.000000
342.266667,0.000000
342.3,0.000000
342.333333,0.000000
342.366667,0.000000
342.4,0.000000
342.433333,0.000000
342.466667,0.000000
342.5,0.000000
342.533333,0.000000
342.566667,0.000000
342.6,0.000000
342.633333,0.000000
342.666667,0.000000
342.7,0.000000
342.733333,0.000000
342.766667,0.000000
342.8,0.000000
342.833333,0.000000
342.866667,0.000000
342.9,0.000000
342.933333,0.000000
342.966667,0.000000
343,0.000035
343.033333,0.000001
343.066667,0.000010
343.1,0.000004
343.133333,0.000000
343.166667,0.000000
343.2,0.000000
343.233333,0.000000
343.266667,0.000000
343.3,0.000000
343.333333,0.000000
343.366667,0.000000
343.4,0.000000
343.433333,0.000000
343.466667,0.000000
343.5,0.000000
343.533333,0.046131
343.566667,0.000018
343.6,0.000009
343.633333,0.000002
343.666667,0.000001
343.7,0.000000
343.733333,0.000000
343.766667,0.000000
343.8,0.000000
343.833333,0.000000
343.866667,0.000000
343.9,0.000000
343.933333,0.000000
343.966667,0.000000
344,0.000042
344.033333,0.000007
344.066667,0.000013
344.1,0.000005
344.133333,0.000001
344.166667,0.000000
344.2,0.000000
344.233333,0.000000
344.266667,0.000000
344.3,0.000000
344.333333,0.000000
344.366667,0.000000
344.4,0.000000
344.433333,0.000000
344.466667,0.000000
344.5,0.000000
344.533333,0.000000
344.566667,0.000000
344.6,0.000000
344.633333,0.000000
344.666667,0.000000
344.7,0.000000
344.733333,0.000000
344.766667,0.000000
344.8,0.000000
344.833333,0.000000
344.866667,0.000000
344.9,0.000000
344.933333,0.000000
344.966667,0.000000
345,0.000036
345.033333,0.000002
345.066667,0.000013
345.1,0.000005
345.133333,0.000001
345.166667,0.063983
345.2,0.000012
345.233333,0.000006
345.266667,0.000001
345.3,0.000000
345.333333,0.000000
345.366667,0.000000
345.4,0.000000
345.433333,0.000000
345.466667,0.000000
345.5,0.000000
345.533333,0.000000
345.566667,0.000000
345.6,0.000000
345.633333,0.000000
345.666667,0.000000
345.7,0.000000
345.733333,0.000000
345.766667,0.000000
345.8,0.000000
345.833333,0.000000
345.866667,0.000000
345.9,0.000000
345.933333,0.000000
345.966667,0.000000
346,0.000034
346.033333,0.000003
346.066667,0.000009
346.1,0.000004
346.133333,0.000000
346.166667,0.000000
346.2,0.000000
346.233333,0.000000
346.266667,0.000000
346.3,0.000000
346.333333,0.000000
346.366667,0.000000
346.4,0.000000
346.433333,0.000000
346.466667,0.000000
346.5,0.000000
346.533333,0.000000
346.566667,0.000000
346.6,0.000000
346.633333,0.000000
346.666667,0.000000
346.7,0.000000
346.733333,0.000000
346.766667,0.000000
346.8,0.000000
346.833333,0.000000
346.866667,0.000000
346.9,0.000000
346.933333,0.000000
346.966667,0.000000
347,0.000032
347.033333,0.000002
347.066667,0.000009
347.1,0.000004
347.133333,0.000000
347.166667,0.000000
347.2,0.000000
347.233333,0.000000
347.266667,0.000000
347.3,0.000000
347.333333,0.000000
347.366667,0.000000
347.4,0.000000
347.433333,0.000000
347.466667,0.000000
347.5,0.000000
347.533333,0.000000
347.566667,0.000000
347.6,0.000000
347.633333,0.000000
347.666667,0.000000
347.7,0.064687
347.733333,0.000011
347.766667,0.000005
347.8,0.000000
347.833333,0.000000
347.866667,0.000000
347.9,0.000000
347.933333,0.000000
347.966667,0.000000
348,0.000031
348.033333,0.000002
348.066667,0.000009
348.1,0.000003
348.133333,0.000000
348.166667,0.000000
348.2,0.000000
348.233333,0.000000
348.266667,0.000000
348.3,0.000000
348.333333,0.000000
348.366667,0.000000
348.4,0.000000
348.433333,0.000000
348.466667,0.000000
348.5,0.000000
348.533333,0.000000
348.566667,0.000000
348.6,0.000000
348.633333,0.000000
348.666667,0.000000
348.7,0.000000
348.733333,0.000000
348.766667,0.000000
348.8,0.000000
348.833333,0.000000
348.866667,0.000000
348.9,0.000000
348.933333,0.000000
348.966667,0.051908
349,0.000033
349.033333,0.000002
349.066667,0.000009
349.1,0.000004
349.133333,0.000000
349.166667,0.000000
349.2,0.000000
349.233333,0.000000
349.266667,0.000000
349.3,0.000000
349.333333,0.000000
349.366667,0.000000
349.4,0.000000
349.433333,0.000000
349.466667,0.000000
349.5,0.000000
349.533333,0.000000
349.566667,0.000000
349.6,0.000000
349.633333,0.000000
349.666667,0.000000
349.7,0.000000
349.733333,0.000000
349.766667,0.000000
349.8,0.000000
349.833333,0.000000
349.866667,0.000000
349.9,0.000000
349.933333,0.000000
349.966667,0.000000
350,0.000033
350.033333,0.000002
350.066667,0.000009
350.1,0.000004
350.133333,0.000000
350.166667,0.000000
350.2,0.000000
350.233333,0.000000
350.266667,0.000000
350.3,0.000000
350.333333,0.000000
350.366667,0.000000
350.4,0.000000
350.433333,0.000000
350.466667,0.000000
350.5,0.000000
350.533333,0.000000
350.566667,0.000000
350.6,0.000000
350.633333,0.000000
350.666667,0.000000
350.7,0.000000
350.733333,0.000000
350.766667,0.000000
350.8,0.000000
350.833333,0.000000
350.866667,0.000000
350.9,0.000000
350.933333,0.000000
350.966667,0.000000
351,0.000033
351.033333,0.000002
351.066667,0.000009
351.1,0.000004
351.133333,0.000000
351.166667,0.000000
351.2,0.000000
351.233333,0.000000
351.266667,0.000000
351.3,0.000000
351.333333,0.042073
351.366667,0.000020
351.4,0.000010
351.433333,0.000002
351.466667,0.000000
351.5,0.000000
351.533333,0.000000
351.566667,0.000000
351.6,0.000000
351.633333,0.000000
351.666667,0.000000
351.7,0.000000
351.733333,0.000000
351.766667,0.000000
351.8,0.000000
351.833333,0.000000
351.866667,0.000000
351.9,0.000000
351.933333,0.000000
351.966667,0.000000
352,0.000040
352.033333,0.000004
352.066667,0.000013
352.1,0.000004
352.133333,0.000001
352.166667,0.000000
352.2,0.000000
352.233333,0.000000
352.266667,0.000000
352.3,0.000000
352.333333,0.000000
352.366667,0.000000
352.4,0.000000
352.433333,0.000000
352.466667,0.000000
352.5,0.000000
352.533333,0.000000
352.566667,0.000000
352.6,0.000000
352.633333,0.000000
352.666667,0.000000
352.7,0.000000
352.733333,0.000000
352.766667,0.000000
352.8,0.000000
352.833333,0.000000
352.866667,0.000000
352.9,0.000000
352.933333,0.000000
352.966667,0.000000
353,0.000038
353.033333,0.000001
353.066667,0.000013
353.1,0.000004
353.133333,0.000001
353.166667,0.000000
353.2,0.000000
353.233333,0.000000
353.266667,0.000000
353.3,0.000000
353.333333,0.000000
353.366667,0.000000
353.4,0.000000
353.433333,0.000000
353.466667,0.000000
353.5,0.000000
353.533333,0.000000
353.566667,0.000000
353.6,0.000000
353.633333,0.000000
353.666667,0.000000
353.7,0.000000
353.733333,0.000000
353.766667,0.000000
353.8,0.000000
353.833333,0.000000
353.866667,0.000000
353.9,0.000000
353.933333,0.000000
353.966667,0.000000
354,0.000038
354.033333,0.000001
354.066667,0.000013
354.1,0.000004
354.133333,0.040596
354.166667,0.000026
354.2,0.000011
354.233333,0.000003
354.266667,0.000000
354.3,0.000000
354.333333,0.000000
354.366667,0.000000
354.4,0.000000
354.433333,0.000000
354.466667,0.000000
354.5,0.000000
354.533333,0.000000
354.566667,0.000000
354.6,0.000000
354.633333,0.000000
354.666667,0.000000
354.7,0.000000
354.733333,0.000000
354.766667,0.000000
354.8,0.000000
354.833333,0.000000
354.866667,0.000000
354.9,0.000000
354.933333,0.000000
354.966667,0.000000
355,0.000050
355.033333,0.000011
355.066667,0.000014
355.1,0.000005
355.133333,0.000000
355.166667,0.000000
355.2,0.000000
355.233333,0.000000
355.266667,0.000000
355.3,0.000000
355.333333,0.000000
355.366667,0.000000
355.4,0.000000
355.433333,0.000000
355.466667,0.000000
355.5,0.000000
355.533333,0.000000
355.566667,0.000000
355.6,0.000000
355.633333,0.000000
355.666667,0.000000
355.7,0.000000
355.733333,0.000000
355.766667,0.000000
355.8,0.000000
355.833333,0.000000
355.866667,0.000000
355.9,0.000000
355.933333,0.000000
355.966667,0.000000
356,0.000041
356.033333,0.000002
356.066667,0.000014
356.1,0.000005
356.133333,0.000000
356.166667,0.000000
356.2,0.000000
356.233333,0.000000
356.266667,0.000000
356.3,0.000000
356.333333,0.000000
356.366667,0.000000
356.4,0.000000
356.433333,0.000000
356.466667,0.000000
356.5,0.000000
356.533333,0.000000
356.566667,0.000000
356.6,0.000000
356.633333,0.078467
356.666667,0.000018
356.7,0.000008
356.733333,0.000001
356.766667,0.000000
356.8,0.000000
356.833333,0.000000
356.866667,0.000000
356.9,0.000000
356.933333,0.000000
356.966667,0.000000
357,0.000045
357.033333,0.000009
357.066667,0.000011
357.1,0.000004
357.133333,0.000000
357.166667,0.000000
357.2,0.000000
357.233333,0.000000
357.266667,0.000000
357.3,0.000000
357.333333,0.000000
357.366667,0.000000
357.4,0.000000
357.433333,0.000000
357.466667,0.000000
357.5,0.000000
357.533333,0.000000
357.566667,0.000000
357.6,0.000000
357.633333,0.000000
357.666667,0.000000
357.7,0.000000
357.733333,0.000000
357.766667,0.000000
357.8,0.000000
357.833333,0.000000
357.866667,0.000000
357.9,0.000000
357.933333,0.000000
357.966667,0.000000
358,0.000037
358.033333,0.000001
358.066667,0.000011
358.1,0.000004
358.133333,0.000000
358.166667,0.030777
358.2,0.000017
358.233333,0.000008
358.266667,0.000001
358.3,0.000000
358.333333,0.000000
358.366667,0.000000
358.4,0.000000
358.433333,0.000000
358.466667,0.000000
358.5,0.000000
358.533333,0.000000
358.566667,0.000000
358.6,0.000000
358.633333,0.000000
358.666667,0.000000
358.7,0.000000
358.733333,0.000000
358.766667,0.000000
358.8,0.000000
358.833333,0.000000
358.866667,0.000000
358.9,0.000000
358.933333,0.000000
358.966667,0.000000
359,0.000035
359.033333,0.000000
359.066667,0.000012
359.1,0.000004
359.133333,0.000001
359.166667,0.000000
359.2,0.000000
359.233333,0.000000
359.266667,0.000000
359.3,0.000000
359.333333,0.000000
359.366667,0.000000
359.4,0.000000
359.433333,0.000000
359.466667,0.000000
359.5,0.000000
359.533333,0.000000
359.566667,0.000000
359.6,0.000000
359.633333,0.000000
359.666667,0.000000
359.7,0.000000
359.733333,0.000000
359.766667,0.000000
359.8,0.054887
359.833333,0.000012
359.866667,0.002103
359.9,0.000340
359.933333,0.000610
359.966667,0.000090
360,0.000104
360.033333,0.000021
360.066667,0.000082
360.1,0.000088
360.133333,0.000029
360.166667,0.000078
360.2,0.000181
360.233333,0.000491
360.266667,0.000777
360.3,0.000487
360.333333,0.000523
360.366667,0.000559
360.4,0.000336
360.433333,0.000947
360.466667,0.000914
360.5,0.000353
360.533333,0.000588
360.566667,0.000217
360.6,0.000307
360.633333,0.002297
360.666667,0.001585
360.7,0.001369
360.733333,0.001416
360.766667,0.000582
360.8,0.000122
360.833333,0.001105
360.866667,0.000607
360.9,0.001516
360.933333,0.001070
360.966667,0.000811
361,0.000586
361.033333,0.000766
361.066667,0.000259
361.1,0.001766
361.133333,0.000226
361.166667,0.001110
361.2,0.000034
361.233333,0.000350
361.266667,0.000060
361.3,0.001233
361.333333,0.000796
361.366667,0.000673
361.4,0.000714
361.433333,0.001358
361.466667,0.000536
361.5,0.037697
361.533333,0.000026
361.566667,0.000010
361.6,0.000001
361.633333,0.000000
361.666667,0.000000
361.7,0.000000
361.733333,0.000000
361.766667,0.000000
361.8,0.000000
361.833333,0.000000
361.866667,0.000000
361.9,0.000000
361.933333,0.000000
361.966667,0.000000
362,0.000118
362.033333,0.000025
362.066667,0.000028
362.1,0.000012
362.133333,0.000001
362.166667,0.000001
362.2,0.000000
362.233333,0.000000
362.266667,0.000000
362.3,0.000000
362.333333,0.000000
362.366667,0.000000
362.4,0.000000
362.433333,0.000000
362.466667,0.000000
362.5,0.000000
362.533333,0.000000
362.566667,0.000000
362.6,0.000000
362.633333,0.000000
362.666667,0.000000
362.7,0.000000
362.733333,0.000000
362.766667,0.000000
362.8,0.000000
362.833333,0.000000
362.866667,0.000000
362.9,0.000000
362.933333,0.000000
362.966667,0.000000
363,0.054644
363.033333,0.000150
363.066667,0.000072
363.1,0.000010
363.133333,0.000001
363.166667,0.000001
363.2,0.000002
363.233333,0.000001
363.266667,0.000002
363.3,0.000001
363.333333,0.000000
363.366667,0.000001
363.4,0.000002
363.433333,0.000001
363.466667,0.000002
363.5,0.000002
363.533333,0.000003
363.566667,0.000001
363.6,0.000004
363.633333,0.000003
363.666667,0.000004
363.7,0.000004
363.733333,0.000006
363.766667,0.000006
363.8,0.000006
363.833333,0.000010
363.866667,0.000012
363.9,0.000019
363.933333,0.000028
363.966667,0.000056
364,0.000496
364.033333,0.000109
364.066667,0.000029
364.1,0.000012
364.133333,0.000001
364.166667,0.000001
364.2,0.000000
364.233333,0.000000
364.266667,0.000000
364.3,0.000000
364.333333,0.000000
364.366667,0.000000
364.4,0.000000
364.433333,0.000000
364.466667,0.000000
364.5,0.000000
364.533333,0.000000
364.566667,0.000000
364.6,0.000000
364.633333,0.000000
364.666667,0.000000
364.7,0.000000
364.733333,0.000000
364.766667,0.000000
364.8,0.000000
364.833333,0.000000
364.866667,0.000000
364.9,0.000000
364.933333,0.000000
364.966667,0.000000
365,0.042159
365.033333,0.000111
365.066667,0.000031
365.1,0.000013
365.133333,0.000001
365.166667,0.000001
365.2,0.000000
365.233333,0.000000
365.266667,0.000000
365.3,0.000000
365.333333,0.000000
365.366667,0.000000
365.4,0.000000
365.433333,0.000000
365.466667,0.000000
365.5,0.000000
365.533333,0.000000
365.566667,0.000000
365.6,0.000000
365.633333,0.000000
365.666667,0.000000
365.7,0.000000
365.733333,0.000000
365.766667,0.000000
365.8,0.000000
365.833333,0.000000
365.866667,0.000000
365.9,0.000000
365.933333,0.000000
365.966667,0.000000
366,0.000100
366.033333,0.000004
366.066667,0.000031
366.1,0.000013
366.133333,0.000001
366.166667,0.000001
366.2,0.000000
366.233333,0.000000
366.266667,0.000000
366.3,0.000000
366.333333,0.000000
366.366667,0.000000
366.4,0.000000
366.433333,0.000000
366.466667,0.000000
366.5,0.000000
366.533333,0.000000
366.566667,0.000000
366.6,0.000000
366.633333,0.000000
366.666667,0.000000
366.7,0.993859
366.733333,0.000194
366.766667,0.000060
366.8,0.000030
366.833333,0.000014
366.866667,0.000003
366.9,0.000000
366.933333,0.000000
366.966667,0.000000
367,0.000156
367.033333,0.000081
367.066667,0.000021
367.1,0.000009
367.133333,0.000002
367.166667,0.000001
367.2,0.000000
367.233333,0.000000
367.266667,0.000000
367.3,0.000000
367.333333,0.000000
367.366667,0.000000
367.4,0.000000
367.433333,0.000000
367.466667,0.000000
367.5,0.000000
367.533333,0.000000
367.566667,0.000000
367.6,0.000000
367.633333,0.000000
367.666667,0.000000
367.7,0.000000
367.733333,0.000000
367.766667,0.000000
367.8,0.000000
367.833333,0.000000
367.866667,0.000000
367.9,0.000000
367.933333,0.000000
367.966667,0.000000
368,0.000078
368.033333,0.000003
368.066667,0.000021
368.1,0.000009
368.133333,0.000002
368.166667,0.000001
368.2,0.000000
368.233333,0.000000
368.266667,0.000000
368.3,0.000000
368.333333,0.000000
368.366667,0.000000
368.4,0.000000
368.433333,0.000000
368.466667,0.000000
368.5,0.000000
368.533333,0.000000
368.566667,0.000000
368.6,0.000000
368.633333,0.000000
368.666667,0.000000
368.7,0.000000
368.733333,0.000000
368.766667,0.000000
368.8,0.000000
368.833333,0.000000
368.866667,0.000000
368.9,0.000000
368.933333,0.000000
368.966667,0.000000
369,0.000078
369.033333,0.000003
369.066667,0.000021
369.1,1.000000
369.133333,0.000644
369.166667,0.000176
369.2,0.000112
369.233333,0.000038
369.266667,0.000011
369.3,0.000001
369.333333,0.000003
369.366667,0.000008
369.4,0.000012
369.433333,0.000007
369.466667,0.000004
369.5,0.000001
369.533333,0.000001
369.566667,0.000005
369.6,0.000008
369.633333,0.000006
369.666667,0.000214
369.7,0.000208
369.733333,0.000004
369.766667,0.000003
369.8,0.000005
369.833333,0.000008
369.866667,0.000002
369.9,0.000209
369.933333,0.000206
369.966667,0.000002
370,0.000214
370.033333,0.000134
370.066667,0.000143
370.1,0.000222
370.133333,0.000000
370.166667,0.000005
370.2,0.000204
370.233333,0.000203
370.266667,0.000004
370.3,0.000217
370.333333,0.000213
370.366667,0.000220
370.4,0.000219
370.433333,0.000007
370.466667,0.000208
370.5,0.000207
370.533333,0.000209
370.566667,0.000195
370.6,0.000190
370.633333,0.000019
370.666667,0.000216
370.7,0.000219
370.733333,0.000006
370.766667,0.000203
370.8,0.000207
370.833333,0.000010
370.866667,0.000005
370.9,0.000012
370.933333,0.000216
370.966667,0.000218
371,0.000087
371.033333,0.000202
371.066667,0.000266
371.1,0.000018
371.133333,0.000016
371.166667,0.000213
371.2,0.000213
371.233333,0.000226
371.266667,0.000208
371.3,0.000216
371.333333,0.000008
371.366667,0.000011
371.4,0.000232
371.433333,0.000211
371.466667,0.000229
371.5,0.000024
371.533333,0.000243
371.566667,0.000255
371.6,0.000268
371.633333,0.051699
371.666667,0.000029
371.7,0.000012
371.733333,0.000002
371.766667,0.000000
371.8,0.000000
371.833333,0.000000
371.866667,0.000000
371.9,0.000000
371.933333,0.000000
371.966667,0.000000
372,0.000096
372.033333,0.000010
372.066667,0.000029
372.1,0.000013
372.133333,0.000001
372.166667,0.000000
372.2,0.000000
372.233333,0.000000
372.266667,0.000000
372.3,0.000000
372.333333,0.000000
372.366667,0.000000
372.4,0.000000
372.433333,0.000000
372.466667,0.000000
372.5,0.000000
372.533333,0.000000
372.566667,0.000000
372.6,0.000000
372.633333,0.000000
372.666667,0.000000
372.7,0.000000
372.733333,0.000000
372.766667,0.000000
372.8,0.000000
372.833333,0.000000
372.866667,0.000000
372.9,0.000000
372.933333,0.000000
372.966667,0.000000
373,0.000090
373.033333,0.000005
373.066667,0.000029
373.1,0.000013
373.133333,0.000001
373.166667,0.000000
373.2,0.039501
373.233333,0.000017
373.266667,0.000005
373.3,0.000001
373.333333,0.000000
373.366667,0.000000
373.4,0.000000
373.433333,0.000000
373.466667,0.000000
373.5,0.000000
373.533333,0.000000
373.566667,0.000000
373.6,0.000000
373.633333,0.000000
373.666667,0.000000
373.7,0.000000
373.733333,0.000000
373.766667,0.000000
373.8,0.000000
373.833333,0.000000
373.866667,0.000000
373.9,0.000000
373.933333,0.000000
373.966667,0.000000
374,0.000085
374.033333,0.000006
374.066667,0.000025
374.1,0.000012
374.133333,0.000002
374.166667,0.000000
374.2,0.000000
374.233333,0.000000
374.266667,0.000000
374.3,0.000000
374.333333,0.000000
374.366667,0.000000
374.4,0.000000
374.433333,0.000000
374.466667,0.000000
374.5,0.000000
374.533333,0.000000
374.566667,0.000000
374.6,0.000000
374.633333,0.000000
374.666667,0.000000
374.7,0.000000
374.733333,0.000000
374.766667,0.000000
374.8,0.000000
374.833333,0.000000
374.866667,0.000000
374.9,0.000000
374.933333,0.000000
374.966667,0.000000
375,0.000084
375.033333,0.000005
375.066667,0.049924
375.1,0.000028
375.133333,0.000011
375.166667,0.000002
375.2,0.000000
375.233333,0.000000
375.266667,0.000000
375.3,0.000000
375.333333,0.000000
375.366667,0.000000
375.4,0.000000
375.433333,0.000000
375.466667,0.000000
375.5,0.000000
375.533333,0.000000
375.566667,0.000000
375.6,0.000000
375.633333,0.000000
375.666667,0.000000
375.7,0.000000
375.733333,0.000000
375.766667,0.000000
375.8,0.000000
375.833333,0.000000
375.866667,0.000000
375.9,0.000000
375.933333,0.000000
375.966667,0.000000
376,0.000095
376.033333,0.000008
376.066667,0.000029
376.1,0.000013
376.133333,0.000001
376.166667,0.000000
376.2,0.000000
376.233333,0.000000
376.266667,0.000000
376.3,0.000000
376.333333,0.000000
376.366667,0.000000
376.4,0.000000
376.433333,0.000000
376.466667,0.000000
376.5,0.000000
376.533333,0.000000
376.566667,0.000000
376.6,0.000000
376.633333,0.000000
376.666667,0.000000
376.7,0.000000
376.733333,0.000000
376.766667,0.000000
376.8,0.000000
376.833333,0.000000
376.866667,0.000000
376.9,0.000000
376.933333,0.000000
376.966667,0.000000
377,0.000091
377.033333,0.000004
377.066667,0.000029
377.1,0.000013
377.133333,0.000001
377.166667,0.000000
377.2,0.000000
377.233333,0.000000
377.266667,0.000000
377.3,0.000000
377.333333,0.000000
377.366667,0.000000
377.4,0.000000
377.433333,0.000000
377.466667,0.000000
377.5,0.000000
377.533333,0.000000
377.566667,0.000000
377.6,0.263188
377.633333,0.000502
377.666667,0.000129
377.7,0.000035
377.733333,0.000314
377.766667,0.000011
377.8,0.000002
377.833333,0.000001
377.866667,0.000005
377.9,0.000046
377.933333,0.000296
377.966667,0.000002
378,0.000178
378.033333,0.000092
378.066667,0.000073
378.1,0.000005
378.133333,0.000003
378.166667,0.000044
378.2,0.000296
378.233333,0.000012
378.266667,0.000018
378.3,0.000016
378.333333,0.000009
378.366667,0.000007
378.4,0.000008
378.433333,0.000002
378.466667,0.000005
378.5,0.000005
378.533333,0.000010
378.566667,0.000014
378.6,0.000013
378.633333,0.000011
378.666667,0.000006
378.7,0.000001
378.733333,0.000001
378.766667,0.000001
378.8,0.000003
378.833333,0.000006
378.866667,0.000006
378.9,0.000010
378.933333,0.000012
378.966667,0.000007
379,0.000386
379.033333,0.000304
379.066667,0.000069
379.1,0.000012
379.133333,0.000000
379.166667,0.000001
379.2,0.000302
379.233333,0.000302
379.266667,0.000004
379.3,0.000000
379.333333,0.000293
379.366667,0.000294
379.4,0.000001
379.433333,0.000297
379.466667,0.000291
379.5,0.000008
379.533333,0.000304
379.566667,0.000303
379.6,0.000005
379.633333,0.000293
379.666667,0.000285
379.7,0.000286
379.733333,0.000005
379.766667,0.000301
379.8,0.000305
379.833333,0.000307
379.866667,0.000308
379.9,0.000006
379.933333,0.000007
379.966667,0.000304
380,0.000394
380.033333,0.000012
380.066667,0.000064
380.1,0.000012
380.133333,0.000003
380.166667,0.000002
380.2,0.000304
380.233333,0.000303
380.266667,0.000300
380.3,0.000300
380.333333,0.000311
380.366667,0.000002
380.4,0.000004
380.433333,0.000005
380.466667,0.000298
380.5,0.000295
380.533333,0.000598
380.566667,0.062706
380.6,0.001901
380.633333,0.000587
380.666667,0.000017
380.7,0.000002
380.733333,0.000001
380.766667,0.000000
380.8,0.000000
380.833333,0.000000
380.866667,0.000000
380.9,0.000000
380.933333,0.000000
380.966667,0.000000
381,0.000101
381.033333,0.000009
381.066667,0.000028
381.1,0.000011
381.133333,0.000002
381.166667,0.000001
381.2,0.000000
381.233333,0.000000
381.266667,0.000000
381.3,0.000000
381.333333,0.000000
381.366667,0.000000
381.4,0.000000
381.433333,0.000000
381.466667,0.000000
381.5,0.000000
381.533333,0.000000
381.566667,0.000000
381.6,0.000000
381.633333,0.000000
381.666667,0.000000
381.7,0.000000
381.733333,0.000000
381.766667,0.000000
381.8,0.000000
381.833333,0.000000
381.866667,0.000000
381.9,0.000000
381.933333,0.000000
381.966667,0.000000
382,0.000097
382.033333,0.000004
382.066667,0.000028
382.1,0.000011
382.133333,0.000002
382.166667,0.000001
382.2,0.000000
382.233333,0.000000
382.266667,0.000000
382.3,0.000000
382.333333,0.000000
382.366667,0.000000
382.4,0.000000
382.433333,0.056839
382.466667,0.000030
382.5,0.000014
382.533333,0.000002
382.566667,0.000000
382.6,0.000000
382.633333,0.000000
382.666667,0.000000
382.7,0.000000
382.733333,0.000000
382.766667,0.000000
382.8,0.000000
382.833333,0.000000
382.866667,0.000000
382.9,0.000000
382.933333,0.000000
382.966667,0.000000
383,0.000097
383.033333,0.000010
383.066667,0.000026
383.1,0.000010
383.133333,0.000001
383.166667,0.000001
383.2,0.000000
383.233333,0.000000
383.266667,0.000000
383.3,0.000000
383.333333,0.000000
383.366667,0.000000
383.4,0.000000
383.433333,0.000000
383.466667,0.000000
383.5,0.000000
383.533333,0.000000
383.566667,0.000000
383.6,0.000000
383.633333,0.000000
383.666667,0.000000
383.7,0.000000
383.733333,0.000000
383.766667,0.000000
383.8,0.000000
383.833333,0.000000
383.866667,0.000000
383.9,0.000000
383.933333,0.000000
383.966667,0.000000
384,0.000091
384.033333,0.000004
384.066667,0.000026
384.1,0.000010
384.133333,0.000001
384.166667,0.000001
384.2,0.000000
384.233333,0.000000
384.266667,0.033974
384.3,0.000029
384.333333,0.000013
384.366667,0.000002
384.4,0.000000
384.433333,0.000000
384.466667,0.000000
384.5,0.000000
384.533333,0.000000
384.566667,0.000000
384.6,0.000000
384.633333,0.000000
384.666667,0.000000
384.7,0.000000
384.733333,0.000000
384.766667,0.000000
384.8,0.000000
384.833333,0.000000
384.866667,0.000000
384.9,0.000000
384.933333,0.000000
384.966667,0.000000
385,0.000101
385.033333,0.000011
385.066667,0.000028
385.1,0.000011
385.133333,0.000002
385.166667,0.000001
385.2,0.000000
385.233333,0.000000
385.266667,0.000071
385.3,0.000039
385.333333,0.000002
385.366667,0.000005
385.4,0.000002
385.433333,0.000021
385.466667,0.000012
385.5,0.000012
385.533333,0.000024
385.566667,0.000001
385.6,0.000049
385.633333,0.000002
385.666667,0.000012
385.7,0.000026
385.733333,0.000011
385.766667,0.000000
385.8,0.000000
385.833333,0.000000
385.866667,0.000000
385.9,0.000000
385.933333,0.000000
385.966667,0.000000
386,0.041004
386.033333,0.000099
386.066667,0.000025
386.1,0.000010
386.133333,0.000001
386.166667,0.000001
386.2,0.000000
386.233333,0.000000
386.266667,0.000000
386.3,0.000000
386.333333,0.000000
386.366667,0.000000
386.4,0.000000
386.433333,0.000000
386.466667,0.000000
386.5,0.000000
386.533333,0.000000
386.566667,0.000000
386.6,0.000000
386.633333,0.000000
386.666667,0.000000
386.7,0.000000
386.733333,0.000000
386.766667,0.000000
386.8,0.000000
386.833333,0.000000
386.866667,0.000000
386.9,0.000000
386.933333,0.000000
386.966667,0.000000
387,0.000090
387.033333,0.000003
387.066667,0.000025
387.1,0.000010
387.133333,0.000001
387.166667,0.000001
387.2,0.000000
387.233333,0.458318
387.266667,0.000194
387.3,0.000172
387.333333,0.000765
387.366667,0.000319
387.4,0.000228
387.433333,0.000154
387.466667,0.000027
387.5,0.000118
387.533333,0.000015
387.566667,0.000073
387.6,0.000018
387.633333,0.000010
387.666667,0.000005
387.7,0.000003
387.733333,0.000001
387.766667,0.000001
387.8,0.000001
387.833333,0.000001
387.866667,0.000003
387.9,0.000012
387.933333,0.000013
387.966667,0.000006
388,0.001151
388.033333,0.000484
388.066667,0.000226
388.1,0.000048
388.133333,0.000012
388.166667,0.000004
388.2,0.000004
388.233333,0.000002
388.266667,0.000002
388.3,0.000001
388.333333,0.000005
388.366667,0.000011
388.4,0.000017
388.433333,0.000015
388.466667,0.000007
388.5,0.000006
388.533333,0.000009
388.566667,0.000009
388.6,0.000004
388.633333,0.000005
388.666667,0.000001
388.7,0.000002
388.733333,0.000001
388.766667,0.000001
388.8,0.000003
388.833333,0.000001
388.866667,0.000002
388.9,0.000002
388.933333,0.000000
388.966667,0.000003
389,0.000325
389.033333,0.000031
389.066667,0.000222
389.1,0.000048
389.133333,0.000012
389.166667,0.000001
389.2,0.000001
389.233333,0.000005
389.266667,0.000003
389.3,0.000003
389.333333,0.000002
389.366667,0.000005
389.4,0.000007
389.433333,0.000002
389.466667,0.000001
389.5,0.000000
389.533333,0.000005
389.566667,0.000002
389.6,0.000001
389.633333,0.000001
389.666667,0.000003
389.7,0.000003
389.733333,0.000003
389.766667,0.000001
389.8,0.000000
389.833333,0.000006
389.866667,0.000001
389.9,0.000004
389.933333,0.000002
389.966667,0.000004
390,0.000322
390.033333,0.000015
390.066667,0.000225
390.1,0.000049
390.133333,0.000009
390.166667,0.000002
390.2,0.000016
390.233333,0.000036
390.266667,0.000027
390.3,0.036090
390.333333,0.000277
390.366667,0.000024
390.4,0.000000
390.433333,0.000000
390.466667,0.000005
390.5,0.000007
390.533333,0.000003
390.566667,0.000004
390.6,0.000002
390.633333,0.000001
390.666667,0.000005
390.7,0.000000
390.733333,0.000000
390.766667,0.000002
390.8,0.000003
390.833333,0.000002
390.866667,0.000001
390.9,0.000007
390.933333,0.000002
390.966667,0.000001
391,0.000347
391.033333,0.000057
391.066667,0.000223
391.1,0.000039
391.133333,0.000026
391.166667,0.000018
391.2,0.000008
391.233333,0.000011
391.266667,0.000005
391.3,0.000004
391.333333,0.000001
391.366667,0.000007
391.4,0.000002
391.433333,0.000000
391.466667,0.000006
391.5,0.000003
391.533333,0.000005
391.566667,0.000008
391.6,0.000005
391.633333,0.000006
391.666667,0.000007
391.7,0.000010
391.733333,0.000011
391.766667,0.000005
391.8,0.000005
391.833333,0.000004
391.866667,0.000002
391.9,0.000010
391.933333,0.000004
391.966667,0.000006
392,0.000313
392.033333,0.000015
392.066667,0.000216
392.1,0.000042
392.133333,0.000001
392.166667,0.000001
392.2,0.000013
392.233333,0.000014
392.266667,0.000013
392.3,0.000001
392.333333,0.000025
392.366667,0.000050
392.4,0.000020
392.433333,0.044145
392.466667,0.000060
392.5,0.000017
392.533333,0.000004
392.566667,0.000001
392.6,0.000000
392.633333,0.000000
392.666667,0.000000
392.7,0.000000
392.733333,0.000000
392.766667,0.000000
392.8,0.000000
392.833333,0.000000
392.866667,0.000000
392.9,0.000000
392.933333,0.000000
392.966667,0.000000
393,0.000338
393.033333,0.000048
393.066667,0.000102
393.1,0.000051
393.133333,0.000009
393.166667,0.000003
393.2,0.000000
393.233333,0.000000
393.266667,0.000000
393.3,0.000000
393.333333,0.000000
393.366667,0.000000
393.4,0.000000
393.433333,0.000000
393.466667,0.000000
393.5,0.000000
393.533333,0.000000
393.566667,0.000000
393.6,0.000000
393.633333,0.000000
393.666667,0.000000
393.7,0.000000
393.733333,0.000000
393.766667,0.000000
393.8,0.000000
393.833333,0.000000
393.866667,0.000000
393.9,0.000000
393.933333,0.000000
393.966667,0.000000
394,0.000306
394.033333,0.000017
394.066667,0.000102
394.1,0.000051
394.133333,0.000009
394.166667,0.000003
394.2,0.000000
394.233333,0.000000
394.266667,0.000000
394.3,0.000000
394.333333,0.000000
394.366667,0.000000
394.4,0.000000
394.433333,0.000000
394.466667,0.000000
394.5,0.000000
394.533333,0.000000
394.566667,0.000000
394.6,0.000000
394.633333,0.000000
394.666667,0.000000
394.7,0.075735
394.733333,0.000070
394.766667,0.000023
394.8,0.000006
394.833333,0.000000
394.866667,0.000001
394.9,0.000000
394.933333,0.000000
394.966667,0.000000
395,0.000337
395.033333,0.000034
395.066667,0.000107
395.1,0.000052
395.133333,0.000009
395.166667,0.000003
395.2,0.000000
395.233333,0.000000
395.266667,0.000000
395.3,0.000000
395.333333,0.000000
395.366667,0.000000
395.4,0.000000
395.433333,0.000000
395.466667,0.000000
395.5,0.000000
395.533333,0.000000
395.566667,0.000000
395.6,0.076876
395.633333,0.000058
395.666667,0.000015
395.7,0.000002
395.733333,0.000001
395.766667,0.000000
395.8,0.000000
395.833333,0.000000
395.866667,0.000000
395.9,0.000000
395.933333,0.000000
395.966667,0.000000
396,0.000323
396.033333,0.000032
396.066667,0.000103
396.1,0.000050
396.133333,0.000009
396.166667,0.000003
396.2,0.000000
396.233333,0.000000
396.266667,0.000000
396.3,0.000000
396.333333,0.000000
396.366667,0.000000
396.4,0.000000
396.433333,0.000000
396.466667,0.000000
396.5,0.000000
396.533333,0.000000
396.566667,0.000000
396.6,0.000000
396.633333,0.000000
396.666667,0.000000
396.7,0.000000
396.733333,0.000000
396.766667,0.000000
396.8,0.000000
396.833333,0.000000
396.866667,0.000000
396.9,0.000000
396.933333,0.000000
396.966667,0.000000
397,0.000307
397.033333,0.000017
397.066667,0.000103
397.1,0.000050
397.133333,0.000009
397.166667,0.000003
397.2,0.000000
397.233333,0.000000
397.266667,0.000000
397.3,0.000000
397.333333,0.000000
397.366667,0.000000
397.4,0.000000
397.433333,0.000000
397.466667,0.000000
397.5,0.000000
397.533333,0.000000
397.566667,0.000000
397.6,0.000000
397.633333,0.000000
397.666667,0.000000
397.7,0.000000
397.733333,0.000000
397.766667,0.000000
397.8,0.000000
397.833333,0.000000
397.866667,0.000000
397.9,0.000000
397.933333,0.000000
397.966667,0.000000
398,0.000307
398.033333,0.000017
398.066667,0.000103
398.1,0.049227
398.133333,0.016803
398.166667,0.034467
398.2,0.050611
398.233333,0.000235
398.266667,0.008107
398.3,0.002760
398.333333,0.000555
398.366667,0.000801
398.4,0.001711
398.433333,0.000683
398.466667,0.000858
398.5,0.000000
398.533333,0.000674
398.566667,0.000332
398.6,0.000370
398.633333,0.000264
398.666667,0.000180
398.7,0.002209
398.733333,0.000538
398.766667,0.000188
398.8,0.001183
398.833333,0.001412
398.866667,0.000702
398.9,0.001966
398.933333,0.000207
398.966667,0.001097
399,0.001234
399.033333,0.000193
399.066667,0.002566
399.1,0.002142
399.133333,0.000307
399.166667,0.000066
399.2,0.000027
399.233333,0.001110
399.266667,0.000342
399.3,0.000229
399.333333,0.000095
399.366667,0.000036
399.4,0.000017
399.433333,0.000001
399.466667,0.000303
399.5,0.000104
399.533333,0.000039
399.566667,0.000008
399.6,0.000001
399.633333,0.000001
399.666667,0.000000
399.7,0.000000
399.733333,0.000000
399.766667,0.000000
399.8,0.000000
399.833333,0.000000
399.866667,0.000000
399.9,0.000000
399.933333,0.000000
399.966667,0.000000
400,0.000549
400.033333,0.000198
400.066667,0.591671
400.1,0.000921
400.133333,0.000173
400.166667,0.000005
400.2,0.000015
400.233333,0.000031
400.266667,0.000013
400.3,0.000022
400.333333,0.029382
400.366667,0.000132
400.4,0.001063
400.433333,0.000040
400.466667,0.000348
400.5,0.000024
400.533333,0.000024
400.566667,0.000037
400.6,0.000098
400.633333,0.000013
400.666667,0.000037
400.7,0.000067
400.733333,0.001025
400.766667,0.000000
400.8,0.000043
400.833333,0.000048
400.866667,0.022719
400.9,0.001734
400.933333,0.000070
400.966667,0.000263
401,0.000794
401.033333,0.000143
401.066667,0.002216
401.1,0.000323
401.133333,0.000212
401.166667,0.000125
401.2,0.000035
401.233333,0.000141
401.266667,0.000074
401.3,0.000051
401.333333,0.000011
401.366667,0.000046
401.4,0.020940
401.433333,0.001357
401.466667,0.000385
401.5,0.000361
401.533333,0.000034
401.566667,0.000026
401.6,0.000043
401.633333,0.000008
401.666667,0.000094
401.7,0.000102
401.733333,0.000596
401.766667,0.000002
401.8,0.000023
401.833333,0.000015
401.866667,0.000018
401.9,0.021796
401.933333,0.001152
401.966667,0.000469
402,0.000272
402.033333,0.000151
402.066667,0.000662
402.1,0.000223
402.133333,0.000220
402.166667,0.036165
402.2,0.001346
402.233333,0.000150
402.266667,0.000052
402.3,0.000014
402.333333,0.026440
402.366667,0.000413
402.4,0.000261
402.433333,0.000058
402.466667,0.000146
402.5,0.000697
402.533333,0.000172
402.566667,0.000044
402.6,0.000037
402.633333,0.000053
402.666667,0.000053
402.7,0.000082
402.733333,0.001150
402.766667,0.000062
402.8,0.000020
402.833333,0.000055
402.866667,0.019022
402.9,0.001598
402.933333,0.000788
402.966667,0.001113
403,0.001537
403.033333,0.000030
403.066667,0.001305
403.1,0.000163
403.133333,0.000673
403.166667,0.000012
403.2,0.000018
403.233333,0.000173
403.266667,0.000011
403.3,0.000176
403.333333,0.000373
403.366667,0.000248
403.4,0.017336
403.433333,0.003187
403.466667,0.000625
403.5,0.000929
403.533333,0.000617
403.566667,0.000511
403.6,0.000570
403.633333,0.000248
403.666667,0.000368
403.7,0.001055
403.733333,0.000541
403.766667,0.000451
403.8,0.000167
403.833333,0.000036
403.866667,0.018108
403.9,0.001385
403.933333,0.000690
403.966667,0.000190
404,0.001932
404.033333,0.000101
404.066667,0.000000
404.1,0.000201
404.133333,0.000042
404.166667,0.001117
404.2,0.000246
404.233333,0.000458
404.266667,0.005197
404.3,0.002700
404.333333,0.019573
404.366667,0.000013
404.4,0.000135
404.433333,0.003507
404.466667,0.001565
404.5,0.037917
404.533333,0.002041
404.566667,0.000494
404.6,0.000701
404.633333,0.002237
404.666667,0.001073
404.7,0.000373
404.733333,0.001560
404.766667,0.000380
404.8,0.000469
404.833333,0.000125
404.866667,0.016517
404.9,0.000009
404.933333,0.000005
404.966667,0.000002
405,0.004387
405.033333,0.000004
405.066667,0.000001
405.1,0.000908
405.133333,0.000199
405.166667,0.001491
405.2,0.000550
405.233333,0.000022
405.266667,0.000711
405.3,0.000038
405.333333,0.000066
405.366667,0.000000
405.4,0.015962
405.433333,0.001822
405.466667,0.000149
405.5,0.000354
405.533333,0.000998
405.566667,0.000923
405.6,0.000616
405.633333,0.000025
405.666667,0.000087
405.7,0.000000
405.733333,0.000001
405.766667,0.000047
405.8,0.000081
405.833333,0.000374
405.866667,0.018281
405.9,0.001839
405.933333,0.000637
405.966667,0.000361
406,0.003261
406.033333,0.000000
406.066667,0.000003
406.1,0.000345
406.133333,0.000345
406.166667,0.000161
406.2,0.001385
406.233333,0.000301
406.266667,0.000003
406.3,0.000563
406.333333,0.021148
406.366667,0.000055
406.4,0.000019
406.433333,0.000013
406.466667,0.000012
406.5,0.000003
406.533333,0.043085
406.566667,0.002097
406.6,0.001044
406.633333,0.000421
406.666667,0.000209
406.7,0.001822
406.733333,0.000415
406.766667,0.000615
406.8,0.000362
406.833333,0.000114
406.866667,0.018136
406.9,0.001019
406.933333,0.000643
406.966667,0.000483
407,0.002345
407.033333,0.000653
407.066667,0.000235
407.1,0.000114
407.133333,0.000075
407.166667,0.000074
407.2,0.000024
407.233333,0.000012
407.266667,0.000004
407.3,0.000008
407.333333,0.000006
407.366667,0.017053
407.4,0.001410
407.433333,0.000507
407.466667,0.000207
407.5,0.000521
407.533333,0.000258
407.566667,0.000141
407.6,0.000013
407.633333,0.000016
407.666667,0.000019
407.7,0.000041
407.733333,0.000014
407.766667,0.000007
407.8,0.000036
407.833333,0.000009
407.866667,0.019049
407.9,0.001807
407.933333,0.000596
407.966667,0.000153
408,0.001152
408.033333,0.000364
408.066667,0.000073
408.1,0.000023
408.133333,0.000001
408.166667,0.000224
408.2,0.000192
408.233333,0.021596
408.266667,0.001251
408.3,0.000163
408.333333,0.000412
408.366667,0.022247
408.4,0.000057
408.433333,0.000027
408.466667,0.000010
408.5,0.002100
408.533333,0.000141
408.566667,0.000958
408.6,0.001135
408.633333,0.000456
408.666667,0.000728
408.7,0.000004
408.733333,0.000001
408.766667,0.000150
408.8,0.000058
408.833333,0.018579
408.866667,0.001414
408.9,0.000475
408.933333,0.000320
408.966667,0.000012
409,0.003579
409.033333,0.000003
409.066667,0.000000
409.1,0.000530
409.133333,0.000388
409.166667,0.000882
409.2,0.000486
409.233333,0.000135
409.266667,0.000568
409.3,0.000253
409.333333,0.000000
409.366667,0.016173
409.4,0.001907
409.433333,0.000013
409.466667,0.000007
409.5,0.000137
409.533333,0.000131
409.566667,0.020260
409.6,0.000489
409.633333,0.000234
409.666667,0.000004
409.7,0.000002
409.733333,0.000141
409.766667,0.000045
409.8,0.000176
409.833333,0.000135
409.866667,0.018874
409.9,0.001449
409.933333,0.000182
409.966667,0.000020
410,0.003435
410.033333,0.000005
410.066667,0.000002
410.1,0.000001
410.133333,0.000400
410.166667,0.000394
410.2,0.000662
410.233333,0.000135
410.266667,0.000108
410.3,0.022234
410.333333,0.000001
410.366667,0.000002
410.4,0.000003
410.433333,0.000002
410.466667,0.000845
410.5,0.000021
410.533333,0.000321
410.566667,0.000903
410.6,0.000035
410.633333,0.000563
410.666667,0.000117
410.7,0.000099
410.733333,0.000028
410.766667,0.000090
410.8,0.000065
410.833333,0.018545
410.866667,0.001380
410.9,0.000450
410.933333,0.389711
410.966667,0.000002
411,0.005083
411.033333,0.000004
411.066667,0.000000
411.1,0.000000
411.133333,0.000041
411.166667,0.000001
411.2,0.003506
411.233333,0.000931
411.266667,0.001114
411.3,0.000509
411.333333,0.000026
411.366667,0.000011
411.4,0.000724
411.433333,0.000201
411.466667,0.000071
411.5,0.000005
411.533333,0.000007
411.566667,0.001167
411.6,0.000218
411.633333,0.000472
411.666667,0.000114
411.7,0.000034
411.733333,0.000015
411.766667,0.000000
411.8,0.000103
411.833333,0.000002
411.866667,0.000058
411.9,0.000008
411.933333,0.000003
411.966667,0.000005
412,0.002361
412.033333,0.000214
412.066667,0.000044
412.1,0.000020
412.133333,0.000004
412.166667,0.000002
412.2,0.000004
412.233333,0.000004
412.266667,0.000000
412.3,0.000001
412.333333,0.000000
412.366667,0.000002
412.4,0.000002
412.433333,0.000001
412.466667,0.000002
412.5,0.000000
412.533333,0.000002
412.566667,0.000000
412.6,0.000000
412.633333,0.000002
412.666667,0.000000
412.7,0.000002
412.733333,0.000000
412.766667,0.000001
412.8,0.000001
412.833333,0.000000
412.866667,0.000001
412.9,0.000000
412.933333,0.000001
412.966667,0.000000
413,0.000207
413.033333,0.053489
413.066667,0.000062
413.1,0.000022
413.133333,0.000006
413.166667,0.000002
413.2,0.000003
413.233333,0.000003
413.266667,0.000001
413.3,0.000001
413.333333,0.000001
413.366667,0.000002
413.4,0.000002
413.433333,0.000002
413.466667,0.000002
413.5,0.000000
413.533333,0.000002
413.566667,0.000000
413.6,0.000000
413.633333,0.000001
413.666667,0.000000
413.7,0.000001
413.733333,0.000000
413.766667,0.000001
413.8,0.000001
413.833333,0.000001
413.866667,0.000001
413.9,0.000001
413.933333,0.000001
413.966667,0.000000
414,0.000299
414.033333,0.000103
414.066667,0.000043
414.1,0.000019
414.133333,0.000004
414.166667,0.000002
414.2,0.000003
414.233333,0.000003
414.266667,0.000000
414.3,0.000001
414.333333,0.000000
414.366667,0.000002
414.4,0.000002
414.433333,0.000001
414.466667,0.000002
414.5,0.000000
414.533333,0.000002
414.566667,0.000000
414.6,0.000000
414.633333,0.000001
414.666667,0.000000
414.7,0.000001
414.733333,0.000000
414.766667,0.000001
414.8,0.000000
414.833333,0.000001
414.866667,0.000001
414.9,0.000000
414.933333,0.000001
414.966667,0.000000
415,0.000200
415.033333,0.000004
415.066667,0.000043
415.1,0.000019
415.133333,0.000004
415.166667,0.000002
415.2,0.000003
415.233333,0.000003
415.266667,0.000000
415.3,0.000001
415.333333,0.055913
415.366667,0.000044
415.4,0.000017
415.433333,0.000001
415.466667,0.000003
415.5,0.000000
415.533333,0.000003
415.566667,0.000001
415.6,0.000000
415.633333,0.000001
415.666667,0.000000
415.7,0.000001
415.733333,0.000000
415.766667,0.000001
415.8,0.000001
415.833333,0.000001
415.866667,0.000001
415.9,0.000000
415.933333,0.000001
415.966667,0.000000
416,0.000345
416.033333,0.000142
416.066667,0.000043
416.1,0.000020
416.133333,0.000004
416.166667,0.000002
416.2,0.000003
416.233333,0.000003
416.266667,0.000000
416.3,0.000001
416.333333,0.000000
416.366667,0.000002
416.4,0.000002
416.433333,0.000002
416.466667,0.000002
416.5,0.000000
416.533333,0.000002
416.566667,0.000000
416.6,0.000000
416.633333,0.000002
416.666667,0.000000
416.7,0.000002
416.733333,0.000000
416.766667,0.000001
416.8,0.000001
416.833333,0.000001
416.866667,0.000001
416.9,0.000000
416.933333,0.000001
416.966667,0.000000
417,0.000207
417.033333,0.000004
417.066667,0.000043
417.1,0.000020
417.133333,0.039848
417.166667,0.000035
417.2,0.000016
417.233333,0.000005
417.266667,0.000000
417.3,0.000002
417.333333,0.000001
417.366667,0.000002
417.4,0.000002
417.433333,0.000002
417.466667,0.000002
417.5,0.000000
417.533333,0.000002
417.566667,0.000000
417.6,0.000000
417.633333,0.000002
417.666667,0.000000
417.7,0.000001
417.733333,0.000000
417.766667,0.000001
417.8,0.000001
417.833333,0.000001
417.866667,0.000001
417.9,0.000001
417.933333,0.000001
417.966667,0.000000
418,0.000304
418.033333,0.000104
418.066667,0.000044
418.1,0.000020
418.133333,0.000004
418.166667,0.000002
418.2,0.000004
418.233333,0.000004
418.266667,0.000000
418.3,0.000001
418.333333,0.000000
418.366667,0.000002
418.4,0.000002
418.433333,0.000001
418.466667,0.000003
418.5,0.000000
418.533333,0.000002
418.566667,0.000000
418.6,0.075413
418.633333,0.000032
418.666667,0.000015
418.7,0.000000
418.733333,0.000000
418.766667,0.000001
418.8,0.000000
418.833333,0.000001
418.866667,0.000001
418.9,0.000000
418.933333,0.000001
418.966667,0.000000
419,0.000307
419.033333,0.000109
419.066667,0.000042
419.1,0.000019
419.133333,0.000004
419.166667,0.000002
419.2,0.000003
419.233333,0.000003
419.266667,0.000000
419.3,0.000001
419.333333,0.000000
419.366667,0.000002
419.4,0.000002
419.433333,0.000001
419.466667,0.000002
419.5,0.000000
419.533333,0.000002
419.566667,0.000000
419.6,0.000000
419.633333,0.000002
419.666667,0.000000
419.7,0.000001
419.733333,0.000000
419.766667,0.000001
419.8,0.000001
419.833333,0.000001
419.866667,0.000001
419.9,0.000000
419.933333,0.000001
419.966667,0.000000
420,0.000203
420.033333,0.000004
420.066667,0.000042
420.1,0.000019
420.133333,0.000004
420.166667,0.000002
420.2,0.000003
420.233333,0.000003
420.266667,0.000000
420.3,0.000001
420.333333,0.000000
420.366667,0.000002
420.4,0.000002
420.433333,0.000001
420.466667,0.000002
420.5,0.000000
420.533333,0.000002
420.566667,0.000000
420.6,0.000000
420.633333,0.000002
420.666667,0.000000
420.7,0.000001
420.733333,0.000000
420.766667,0.000001
420.8,0.000001
420.833333,0.000001
420.866667,0.000001
420.9,0.000000
420.933333,0.000001
420.966667,0.000000
421,0.000203
421.033333,0.000004
421.066667,0.000042
421.1,0.000019
421.133333,0.000004
421.166667,0.000002
421.2,0.000003
421.233333,0.000003
421.266667,0.000000
421.3,0.000001
421.333333,0.000000
421.366667,0.000002
421.4,0.000002
421.433333,0.000001
421.466667,0.000002
421.5,0.000000
421.533333,1.000000
421.566667,0.000766
421.6,0.000279
421.633333,0.123448
421.666667,0.000776
421.7,0.000237
421.733333,0.000010
421.766667,0.093177
421.8,0.001736
421.833333,0.094464
421.866667,0.000181
421.9,0.098605
421.933333,0.000005
421.966667,0.101181
422,0.003598
422.033333,0.096666
422.066667,0.000030
422.1,0.000000
422.133333,0.097220
422.166667,0.000043
422.2,0.096293
422.233333,0.001656
422.266667,0.093810
422.3,0.000863
422.333333,0.092736
422.366667,0.001287
422.4,0.091378
422.433333,0.001336
422.466667,0.090769
422.5,0.001305
422.533333,0.090797
422.566667,0.001443
422.6,0.000002
422.633333,0.091653
422.666667,0.000897
422.7,0.090734
422.733333,0.001180
422.766667,0.092271
422.8,0.001646
422.833333,0.095366
422.866667,0.000875
422.9,0.100786
422.933333,0.001357
422.966667,0.100582
423,0.003601
423.033333,0.100088
423.066667,0.000014
423.1,0.000004
423.133333,0.105050
423.166667,0.000044
423.2,0.106314
423.233333,0.001602
423.266667,0.110641
423.3,0.000961
423.333333,0.121071
423.366667,0.001488
423.4,0.131740
423.433333,0.000028
423.466667,0.149700
423.5,0.001545
423.533333,0.166340
423.566667,0.001577
423.6,0.180045
423.633333,0.000027
423.666667,0.030584
423.7,0.170331
423.733333,0.001631
423.766667,0.209834
423.8,0.002422
423.833333,0.225125
423.866667,0.000014
423.9,0.240675
423.933333,0.000076
423.966667,0.236096
424,0.004715
424.033333,0.241782
424.066667,0.000154
424.1,0.264282
424.133333,0.000038
424.166667,0.000001
424.2,0.281153
424.233333,0.000244
424.266667,0.243846
424.3,0.000034
424.333333,0.223196
424.366667,0.000036
424.4,0.202546
424.433333,0.000071
424.466667,0.191227
424.5,0.000070
424.533333,0.162807
424.566667,0.000062
424.6,0.147889
424.633333,0.000071
424.666667,0.000019
424.7,0.143538
424.733333,0.000032
424.766667,0.125623
424.8,0.001129
424.833333,0.112378
424.866667,0.001638
424.9,0.104748
424.933333,0.001491
424.966667,0.104431
425,0.003733
425.033333,0.102455
425.066667,0.000016
425.1,0.107670
425.133333,0.000087
425.166667,0.104155
425.2,0.000122
425.233333,0.000006
425.266667,0.098099
425.3,0.001438
425.333333,0.091966
425.366667,0.001434
425.4,0.088363
425.433333,0.001532
425.466667,0.086564
425.5,0.000769
425.533333,0.086099
425.566667,0.001287
425.6,0.084843
425.633333,0.001359
425.666667,0.086446
425.7,0.001404
425.733333,0.000008
425.766667,0.089350
425.8,0.039507
425.833333,0.049675
425.866667,0.000937
425.9,0.088381
425.933333,0.001450
425.966667,0.088483
426,0.003001
426.033333,0.087077
426.066667,0.000009
426.1,0.087494
426.133333,0.000063
426.166667,0.088289
426.2,0.000039
426.233333,0.000001
426.266667,0.089508
426.3,0.001433
426.333333,0.090393
426.366667,0.000854
426.4,0.095810
426.433333,0.000827
426.466667,0.099704
426.5,0.001525
426.533333,0.100136
426.566667,0.000836
426.6,0.101928
426.633333,0.000018
426.666667,0.100799
426.7,0.000032
426.733333,0.101144
426.766667,0.001496
426.8,0.000008
426.833333,0.103494
426.866667,0.000944
426.9,0.105538
426.933333,0.001006
426.966667,0.108147
427,0.003215
427.033333,0.100015
427.066667,0.000011
427.1,0.090251
427.133333,0.000051
427.166667,0.086759
427.2,0.000035
427.233333,0.083126
427.266667,0.000029
427.3,0.000014
427.333333,0.083635
427.366667,0.001394
427.4,0.085098
427.433333,0.001032
427.466667,0.084656
427.5,0.000906
427.533333,0.085624
427.566667,0.001560
427.6,0.085853
427.633333,0.001293
427.666667,0.085659
427.7,0.001427
427.733333,0.083589
427.766667,0.001318
427.8,0.000005
427.833333,0.082785
427.866667,0.001399
427.9,0.084142
427.933333,0.001005
427.966667,0.088143
428,0.002954
428.033333,0.088226
428.066667,0.000006
428.1,0.092864
428.133333,0.000030
428.166667,0.094324
428.2,0.000037
428.233333,0.095292
428.266667,0.000024
428.3,0.095220
428.333333,0.000032
428.366667,0.000012
428.4,0.091940
428.433333,0.001559
428.466667,0.090435
428.5,0.001125
428.533333,0.128651
428.566667,0.001023
428.6,0.092132
428.633333,0.001624
428.666667,0.093116
428.7,0.000018
428.733333,0.095358
428.766667,0.000023
428.8,0.095944
428.833333,0.000029
428.866667,0.000010
428.9,0.095379
428.933333,0.001413
428.966667,0.091078
429,0.002833
429.033333,0.091909
429.066667,0.000097
429.1,0.097612
429.133333,0.000041
429.166667,0.100320
429.2,0.000086
429.233333,0.102067
429.266667,0.000068
429.3,0.103171
429.333333,0.000078
429.366667,0.000005
429.4,0.105996
429.433333,0.000020
429.466667,0.106449
429.5,0.001081
429.533333,0.105370
429.566667,0.000889
429.6,0.108120
429.633333,0.000021
429.666667,0.111116
429.7,0.000039
429.733333,0.113897
429.766667,0.000020
429.8,0.114875
429.833333,0.000016
429.866667,0.116926
429.9,0.000029
429.933333,0.000008
429.966667,0.118319
430,0.003554
430.033333,0.114451
430.066667,0.000956
430.1,0.114866
430.133333,0.000014
430.166667,0.117436
430.2,0.000040
430.233333,0.119496
430.266667,0.000034
430.3,0.120154
430.333333,0.000035
430.366667,0.120113
430.4,0.000033
430.433333,0.000003
430.466667,0.121861
430.5,0.001610
430.533333,0.119877
430.566667,0.001609
430.6,0.119555
430.633333,0.001512
430.666667,0.116291
430.7,0.000022
430.733333,0.150571
430.766667,0.000034
430.8,0.117124
430.833333,0.000050
430.866667,0.114762
430.9,0.000044
430.933333,0.000011
430.966667,0.113249
431,0.003919
431.033333,0.109994
431.066667,0.001528
431.1,0.112997
431.133333,0.000012
431.166667,0.114959
431.2,0.000039
431.233333,0.112771
431.266667,0.000045
431.3,0.112854
431.333333,0.000037
431.366667,0.114115
431.4,0.000037
431.433333,0.000001
431.466667,0.114671
431.5,0.001526
431.533333,0.112602
431.566667,0.001678
431.6,0.110745
431.633333,0.001700
431.666667,0.108590
431.7,0.000017
431.733333,0.106708
431.766667,0.000023
431.8,0.100775
431.833333,0.000017
431.866667,0.099389
431.9,0.000034
431.933333,0.098940
431.966667,0.000020
432,0.003973
432.033333,0.094304
432.066667,0.000029
432.1,0.098821
432.133333,0.000027
432.166667,0.100670
432.2,0.000022
432.233333,0.099674
432.266667,0.000028
432.3,0.097649
432.333333,0.000022
432.366667,0.094209
432.4,0.000025
432.433333,0.093563
432.466667,0.000026
432.5,0.000012
432.533333,0.096664
432.566667,0.001461
432.6,0.095476
432.633333,0.001013
432.666667,0.097911
432.7,0.001001
432.733333,0.098213
432.766667,0.001557
432.8,0.096227
432.833333,0.001286
432.866667,0.097232
432.9,0.000026
432.933333,0.127971
432.966667,0.000025
433,0.003645
433.033333,0.094509
433.066667,0.000020
433.1,0.099981
433.133333,0.000018
433.166667,0.099538
433.2,0.000021
433.233333,0.100156
433.266667,0.001448
433.3,0.099785
433.333333,0.001452
433.366667,0.099139
433.4,0.000016
433.433333,0.101223
433.466667,0.001410
433.5,0.099614
433.533333,0.000022
433.566667,0.000002
433.6,0.101506
433.633333,0.001716
433.666667,0.102623
433.7,0.002512
433.733333,0.103958
433.766667,0.000467
433.8,0.104525
433.833333,0.000052
433.866667,0.106127
433.9,0.000042
433.933333,0.106587
433.966667,0.000037
434,0.108354
434.033333,0.000039
434.066667,0.000001
434.1,0.107747
434.133333,0.001695
434.166667,0.108927
434.2,0.002419
434.233333,0.112052
434.266667,0.000009
434.3,0.116194
434.333333,0.000032
434.366667,0.121032
434.4,0.000036
434.433333,0.128367
434.466667,0.000045
434.5,0.126587
434.533333,0.000052
434.566667,0.000005
434.6,0.128743
434.633333,0.000027
434.666667,0.124396
434.7,0.001059
434.733333,0.124294
434.766667,0.001605
434.8,0.124495
434.833333,0.001395
434.866667,0.121908
434.9,0.000018
434.933333,0.122305
434.966667,0.000026
435,0.124179
435.033333,0.000021
435.066667,0.124372
435.1,0.001559
435.133333,0.000732
435.166667,0.127287
435.2,1.000000
435.233333,0.000186
435.266667,0.000057
435.3,0.000182
435.333333,0.000041
435.366667,0.000062
435.4,0.000002
435.433333,0.000067
435.466667,0.000381
435.5,0.000060
435.533333,0.000836
435.566667,0.000176
435.6,0.000258
435.633333,0.000408
435.666667,0.000227
435.7,0.000174
435.733333,0.000120
435.766667,0.000104
435.8,0.000070
435.833333,0.000075
435.866667,0.000038
435.9,0.000031
435.933333,0.000016
435.966667,0.000007
436,0.001822
436.033333,0.000529
436.066667,0.000151
436.1,0.000020
436.133333,0.000003
436.166667,0.000011
436.2,0.000006
436.233333,0.000001
436.266667,0.000002
436.3,0.000008
436.333333,0.000022
436.366667,0.000035
436.4,0.000034
436.433333,0.000022
436.466667,0.000007
436.5,0.000017
436.533333,0.000021
436.566667,0.000009
436.6,0.000009
436.633333,0.000002
436.666667,0.000001
436.7,0.000003
436.733333,0.000000
436.766667,0.000004
436.8,0.000002
436.833333,0.000009
436.866667,0.000002
436.9,0.000001
436.933333,0.000006
436.966667,0.000012
437,0.000208
437.033333,0.000022
437.066667,0.000149
437.1,0.000027
437.133333,0.000001
437.166667,0.000000
437.2,0.000012
437.233333,0.000008
437.266667,0.000007
437.3,0.000003
437.333333,0.000005
437.366667,0.000017
437.4,0.000001
437.433333,0.000005
437.466667,0.055424
437.5,0.000464
437.533333,0.000018
437.566667,0.000001
437.6,0.000000
437.633333,0.000005
437.666667,0.000007
437.7,0.000006
437.733333,0.000002
437.766667,0.000006
437.8,0.000013
437.833333,0.000003
437.866667,0.000013
437.9,0.000002
437.933333,0.000009
437.966667,0.000009
438,0.000369
438.033333,0.000147
438.066667,0.000162
438.1,0.000018
438.133333,0.000005
438.166667,0.000035
438.2,0.000081
438.233333,0.000058
438.266667,0.000019
438.3,0.000034
438.333333,0.000017
438.366667,0.000001
438.4,0.000002
438.433333,0.000001
438.466667,0.000002
438.5,0.000000
438.533333,0.000002
438.566667,0.000000
438.6,0.000000
438.633333,0.000002
438.666667,0.000000
438.7,0.036054
438.733333,0.000035
438.766667,0.000015
438.8,0.000002
438.833333,0.000000
438.866667,0.000001
438.9,0.000000
438.933333,0.000001
438.966667,0.000000
439,0.000405
439.033333,0.000199
439.066667,0.000045
439.1,0.000020
439.133333,0.000004
439.166667,0.000002
439.2,0.000003
439.233333,0.000003
439.266667,0.000000
439.3,0.000001
439.333333,0.000000
439.366667,0.000002
439.4,0.000002
439.433333,0.000001
439.466667,0.000003
439.5,0.000000
439.533333,0.000002
439.566667,0.000000
439.6,0.000000
439.633333,0.000002
439.666667,0.000000
439.7,0.000002
439.733333,0.000000
439.766667,0.000001
439.8,0.000001
439.833333,0.000001
439.866667,0.000001
439.9,0.000000
439.933333,0.000001
439.966667,0.000000
440,0.000210
440.033333,0.000004
440.066667,0.000045
440.1,0.000020
440.133333,0.000004
440.166667,0.000002
440.2,0.000003
440.233333,0.000003
440.266667,0.000000
440.3,0.000001
440.333333,0.000000
440.366667,0.000002
440.4,0.027781
440.433333,0.000032
440.466667,0.000014
440.5,0.000002
440.533333,0.000002
440.566667,0.000000
440.6,0.000000
440.633333,0.000001
440.666667,0.000000
440.7,0.000002
440.733333,0.000000
440.766667,0.000001
440.8,0.000000
440.833333,0.000001
440.866667,0.000001
440.9,0.000000
440.933333,0.000001
440.966667,0.000000
441,0.000278
441.033333,0.000074
441.066667,0.000044
441.1,0.000020
441.133333,0.000004
441.166667,0.000002
441.2,0.000003
441.233333,0.000003
441.266667,0.000000
441.3,0.000001
441.333333,0.000000
441.366667,0.000002
441.4,0.000002
441.433333,0.000001
441.466667,0.000003
441.5,0.000000
441.533333,0.000002
441.566667,0.000000
441.6,0.000000
441.633333,0.000002
441.666667,0.000000
441.7,0.000002
441.733333,0.000000
441.766667,0.000001
441.8,0.000001
441.833333,0.000001
441.866667,0.000001
441.9,0.000000
441.933333,0.000001
441.966667,0.000000
442,0.000208
442.033333,0.000004
442.066667,0.000044
442.1,0.000020
442.133333,0.000004
442.166667,0.000002
442.2,0.000003
442.233333,0.000003
442.266667,0.000000
442.3,0.000001
442.333333,0.000000
442.366667,0.000002
442.4,0.000002
442.433333,0.049746
442.466667,0.000034
442.5,0.000015
442.533333,0.000001
442.566667,0.000000
442.6,0.000000
442.633333,0.000002
442.666667,0.000000
442.7,0.000001
442.733333,0.000000
442.766667,0.000001
442.8,0.000001
442.833333,0.000001
442.866667,0.000001
442.9,0.000000
442.933333,0.000001
442.966667,0.000000
443,0.000298
443.033333,0.000101
443.066667,0.000043
443.1,0.000020
443.133333,0.000004
443.166667,0.000002
443.2,0.000003
443.233333,0.000003
443.266667,0.000000
443.3,0.000001
443.333333,0.000000
443.366667,0.000002
443.4,0.000002
443.433333,0.000001
443.466667,0.000002
443.5,0.000000
443.533333,0.000002
443.566667,0.000000
443.6,0.000000
443.633333,0.000001
443.666667,0.000000
443.7,0.000001
443.733333,0.000000
443.766667,0.000001
443.8,0.000001
443.833333,0.000000
443.866667,0.000001
443.9,0.000000
443.933333,0.000001
443.966667,0.000000
444,0.000201
444.033333,0.000004
444.066667,0.000043
444.1,0.000020
444.133333,0.000004
444.166667,0.000002
444.2,0.000003
444.233333,0.000003
444.266667,0.000000
444.3,0.000001
444.333333,0.000000
444.366667,0.000002
444.4,0.000002
444.433333,0.000001
444.466667,0.000002
444.5,0.000000
444.533333,0.000002
444.566667,0.000000
444.6,0.000000
444.633333,0.000001
444.666667,0.000000
444.7,0.000001
444.733333,0.000000
444.766667,0.000001
444.8,0.000001
444.833333,0.000000
444.866667,0.051401
444.9,0.000041
444.933333,0.000017
444.966667,0.000003
445,0.000339
445.033333,0.000136
445.066667,0.000044
445.1,0.000020
445.133333,0.000005
445.166667,0.000002
445.2,0.000003
445.233333,0.000004
445.266667,0.000000
445.3,0.000001
445.333333,0.000000
445.366667,0.000002
445.4,0.000002
445.433333,0.000001
445.466667,0.000003
445.5,0.000000
445.533333,0.000002
445.566667,0.000000
445.6,0.000000
445.633333,0.000002
445.666667,0.000000
445.7,0.000001
445.733333,0.000000
445.766667,0.000001
445.8,0.000001
445.833333,0.000001
445.866667,0.000001
445.9,0.000000
445.933333,0.000001
445.966667,0.000000
446,0.000209
446.033333,0.000005
446.066667,0.000044
446.1,0.000020
446.133333,0.000005
446.166667,0.000002
446.2,0.000003
446.233333,0.000004
446.266667,0.000000
446.3,0.000001
446.333333,0.000000
446.366667,0.000002
446.4,0.048712
446.433333,0.000040
446.466667,0.000017
446.5,0.000003
446.533333,0.000001
446.566667,0.000001
446.6,0.000000
446.633333,0.000002
446.666667,0.000000
446.7,0.000001
446.733333,0.000000
446.766667,0.000001
446.8,0.000000
446.833333,0.000001
446.866667,0.000001
446.9,0.000000
446.933333,0.000001
446.966667,0.000000
447,0.000318
447.033333,0.266278
447.066667,0.000000
447.1,0.000000
447.133333,0.000000
447.166667,0.000000
447.2,0.000000
447.233333,0.000000
447.266667,0.000012
447.3,0.000103
447.333333,0.000127
447.366667,0.000180
447.4,0.000271
447.433333,0.000408
447.466667,0.000550
447.5,0.000746
447.533333,0.000905
447.566667,0.001043
447.6,0.001118
447.633333,0.001291
447.666667,0.001295
447.7,0.001345
447.733333,0.001362
447.766667,0.001440
447.8,0.001127
447.833333,0.000773
447.866667,0.000351
447.9,0.000443
447.933333,0.000726
447.966667,0.000546
448,0.000550
448.033333,0.000771
448.066667,0.000102
448.1,0.000041
448.133333,0.000216
448.166667,0.000872
448.2,0.000840
448.233333,0.001012
448.266667,0.000958
448.3,0.000020
448.333333,0.000732
448.366667,0.001417
448.4,0.001943
448.433333,0.002250
448.466667,0.002989
448.5,0.002792
448.533333,0.002259
448.566667,0.000994
448.6,0.000750
448.633333,0.001812
448.666667,0.002537
448.7,0.002543
448.733333,0.002208
448.766667,0.001448
448.8,0.000308
448.833333,0.000238
448.866667,0.001290
448.9,0.001545
448.933333,0.002421
448.966667,0.002242
449,0.002023
449.033333,0.000965
449.066667,0.001433
449.1,0.001914
449.133333,0.002716
449.166667,0.002458
449.2,0.002496
449.233333,0.002063
449.266667,0.002000
449.3,0.001632
449.333333,0.001596
449.366667,0.001334
449.4,0.001024
449.433333,0.001222
449.466667,0.000676
449.5,0.000636
449.533333,0.000718
449.566667,0.000525
449.6,0.000456
449.633333,0.000356
449.666667,0.000617
449.7,0.000100
449.733333,0.000631
449.766667,0.000158
449.8,0.000200
449.833333,0.000220
449.866667,0.000082
449.9,0.000122
449.933333,0.000101
449.966667,0.000084
450,0.000425
450.033333,0.000630
450.066667,0.000538
450.1,0.000153
450.133333,0.000022
450.166667,0.000154
450.2,0.000056
450.233333,0.000019
450.266667,0.000144
450.3,0.000217
450.333333,0.000058
450.366667,0.000313
450.4,0.000015
450.433333,0.000148
450.466667,0.000351
450.5,0.000011
450.533333,0.000129
450.566667,0.000280
450.6,0.000069
450.633333,0.000092
450.666667,0.000120
450.7,0.000080
450.733333,0.000068
450.766667,0.000080
450.8,0.000072
450.833333,0.000069
450.866667,0.000007
450.9,0.000046
450.933333,0.000072
450.966667,0.000070
451,0.000093
451.033333,0.000191
451.066667,0.000100
451.1,0.000105
451.133333,0.000020
451.166667,0.000041
451.2,0.000024
451.233333,0.000040
451.266667,0.000036
451.3,0.000071
451.333333,0.000076
451.366667,0.000102
451.4,0.000089
451.433333,0.000139
451.466667,0.000106
451.5,0.000095
451.533333,0.000083
451.566667,0.000062
451.6,0.000080
451.633333,0.000058
451.666667,0.000050
451.7,0.000046
451.733333,0.000041
451.766667,0.000036
451.8,0.000035
451.833333,0.000042
451.866667,0.000049
451.9,0.000049
451.933333,0.000035
451.966667,0.000013
452,0.000064
452.033333,0.000516
452.066667,0.000113
452.1,0.000040
452.133333,0.000007
452.166667,0.000007
452.2,0.000003
452.233333,0.000001
452.266667,0.000000
452.3,0.000000
452.333333,0.000000
452.366667,0.000000
452.4,0.000000
452.433333,0.000000
452.466667,0.000000
452.5,0.000000
452.533333,0.000000
452.566667,0.000000
452.6,0.000000
452.633333,0.000000
452.666667,0.000000
452.7,0.000000
452.733333,0.000000
452.766667,0.000000
452.8,0.000000
