t,YDIF
0,0
0.0333333,0.0219375
0.0666667,0.0012025
0.1,0.00064
0.133333,0.000585
0.166667,8.25
0.2,8.25
0.233333,0
0.266667,0
0.3,0
0.333333,0
0.366667,0
0.4,0
0.433333,0
0.466667,0
0.5,0
0.533333,0
0.566667,0
0.6,0
0.633333,0.1858
0.666667,1.68949
0.7,5.78913
0.733333,8.77784
0.766667,10.2774
0.8,10.7042
0.833333,10.0398
0.866667,4.35911
0.9,0.02558
0.933333,0.01506
0.966667,0.01011
1,0.0962725
1.033333,0.0115475
1.066667,0.00465
1.1,0.003295
1.133333,0.00395
1.166667,0.00354
1.2,0.00342
1.233333,0.00378
1.266667,0.0035
1.3,0.00358
1.333333,0.00374
1.366667,0.00348
1.4,0.0221425
1.433333,0.0049975
1.466667,0.002425
1.5,0.002395
1.533333,0.00202
1.566667,0.0017
1.6,0.002
1.633333,0.00221
1.666667,0.00222
1.7,0.00212
1.733333,0.00181
1.766667,0.0016
1.8,0.00239
1.833333,0.00196
1.866667,0.0018
1.9,0.00242
1.933333,0.00203
1.966667,0.01615
2,0.06876
2.033333,0.0071025
2.066667,0.008265
2.1,0.0027
2.133333,0.001865
2.166667,0.00195
2.2,0.00148
2.233333,0.00157
2.266667,0.00155
2.3,0.00176
2.333333,0.0016
2.366667,0.00148
2.4,0.00156
2.433333,0.00171
2.466667,0.00185
2.5,0.00125
2.533333,0.00133
2.566667,0.00164
2.6,4.37293
2.633333,8.45503
2.666667,8.62621
2.7,8.76768
2.733333,8.93526
2.766667,9.14006
2.8,9.30687
2.833333,9.33414
2.866667,9.45406
2.9,9.13092
2.933333,6.14036
2.966667,0.045025
3,0.0264125
3.033333,0.00295
3.066667,0.00063
3.1,0.00518
3.133333,0.0015875
3.166667,0.00026
3.2,0.000135
3.233333,9
3.266667,9
3.3,0.00014
3.333333,0.000115
3.366667,0.0001
3.4,0.000125
3.433333,156.289
3.466667,6.11641
3.5,5.91793
3.533333,5.61634
3.566667,7.65056
3.6,6.48173
3.633333,6.84606
3.666667,7.36123
3.7,10.7067
3.733333,8.49306
3.766667,8.6148
3.8,8.662
3.833333,11.5261
3.866667,8.5447
3.9,8.31452
3.933333,8.14801
3.966667,10.7354
4,7.10931
4.033333,6.9099
4.066667,6.6558
4.1,8.25929
4.133333,5.37519
4.166667,4.45741
4.2,2.63623
4.233333,4.99619
4.266667,5.79655
4.3,5.56062
4.333333,5.45991
4.366667,9.44556
4.4,8.10322
4.433333,7.92486
4.466667,7.95564
4.5,9.49743
4.533333,5.38552
4.566667,4.66003
4.6,3.67595
4.633333,6.92319
4.666667,5.71145
4.7,6.28835
4.733333,7.32623
4.766667,11.0211
4.8,7.68595
4.833333,7.25891
4.866667,7.05525
4.9,9.42233
4.933333,4.84189
4.966667,4.18568
5,4.51525
5.033333,8.48523
5.066667,6.96751
5.1,7.44135
5.133333,7.70764
5.166667,10.2798
5.2,7.64881
5.233333,7.73871
5.266667,7.96125
5.3,10.8504
5.333333,8.00756
5.366667,7.88054
5.4,7.99699
5.433333,11.117
5.466667,7.98374
5.5,7.95025
5.533333,7.88942
5.566667,10.4524
5.6,7.33634
5.633333,6.98447
5.666667,6.98589
5.7,9.40151
5.733333,7.00055
5.766667,6.9588
5.8,6.81413
5.833333,8.99898
5.866667,6.64449
5.9,6.61037
5.933333,6.68477
5.966667,10.511
6,7.26656
6.033333,6.69394
6.066667,6.76131
6.1,8.55892
6.133333,6.08834
6.166667,5.99533
6.2,5.75351
6.233333,8.0163
6.266667,5.96441
6.3,5.73355
6.333333,5.00773
6.366667,6.45477
6.4,4.36261
6.433333,4.17394
6.466667,3.96874
6.5,5.6539
6.533333,4.03106
6.566667,4.08869
6.6,3.94077
6.633333,5.55467
6.666667,3.38744
6.7,3.0527
6.733333,2.74089
6.766667,3.81814
6.8,2.98459
6.833333,3.34807
6.866667,3.48381
6.9,4.82421
6.933333,3.22054
6.966667,3.03845
7,2.97771
7.033333,4.22704
7.066667,2.83527
7.1,2.94794
7.133333,3.19387
7.166667,4.90073
7.2,3.24384
7.233333,2.81253
7.266667,2.8845
7.3,4.66956
7.333333,3.07483
7.366667,3.14396
7.4,3.10155
7.433333,142.482
7.466667,0.00159
7.5,4
7.533333,0
7.566667,0
7.6,0.063085
7.633333,0.03092
7.666667,0.020315
7.7,0.023465
7.733333,0.02266
7.766667,0.02184
7.8,0.02352
7.833333,0.07553
7.866667,0.015965
7.9,0.008235
7.933333,0.006605
7.966667,0.0054625
8,0.165045
8.033333,0.029925
8.066667,0.0070425
8.1,0.0036225
8.133333,0.0039025
8.166667,0.00373
8.2,0.0030825
8.233333,0.002995
8.266667,0.00381
8.3,0.00354
8.333333,0.00329
8.366667,0.00337
8.4,0.00323
8.433333,0.0037
8.466667,0.00324
8.5,0.0225725
8.533333,0.00984
8.566667,0.0063325
8.6,0.00567
8.633333,0.0051025
8.666667,0.00528
8.7,0.00408
8.733333,0.00537
8.766667,0.00523
8.8,0.00502
8.833333,0.00525
8.866667,0.00477
8.9,0.00545
8.933333,0.0043
8.966667,0.00431
9,0.13117
9.033333,0.0267975
9.066667,0.0070875
9.1,0.0037175
9.133333,0.0037725
9.166667,0.00292
9.2,0.110745
9.233333,0.01509
9.266667,0.01877
9.3,0.004735
9.333333,0.0009575
9.366667,0.00033
9.4,0.000315
9.433333,0.0002975
9.466667,0.00015
9.5,0.0001
9.533333,0.00014
9.566667,0.00014
9.6,0.00012
9.633333,0.0001
9.666667,9
9.7,0.00012
9.733333,0.00014
9.766667,8
9.8,0.00012
9.833333,0.00017
9.866667,0.00011
9.9,7
9.933333,0.00012
9.966667,0.00014
10,0.04735
10.033333,0.0189075
10.066667,0.004755
10.1,0.001125
10.133333,0.0005225
10.166667,0.000265
10.2,0.000285
10.233333,0.000205
10.266667,0.000145
10.3,0.000295
10.333333,0.0726875
10.366667,0.011415
10.4,0.0017025
10.433333,0.0083125
10.466667,0.002
10.5,0.001055
10.533333,0.0008375
10.566667,0.000575
10.6,0.000655
10.633333,0.000675
10.666667,0.000555
10.7,0.000595
10.733333,0.00048
10.766667,0.00054
10.8,0.000695
10.833333,0.00063
10.866667,0.00052
10.9,0.0005
10.933333,0.00053
10.966667,0.000615
11,0.0540925
11.033333,149.314
11.066667,3.99561
11.1,4.15468
11.133333,4.228
11.166667,4.0397
11.2,4.00866
11.233333,4.1919
11.266667,4.16577
11.3,4.17875
11.333333,3.82568
11.366667,3.45436
11.4,2.67409
11.433333,2.27545
11.466667,2.05496
11.5,1.74452
11.533333,2.28828
11.566667,3.88939
11.6,2.87728
11.633333,3.48378
11.666667,3.70764
11.7,3.4074
11.733333,3.08349
11.766667,2.39729
11.8,2.41655
11.833333,2.14858
11.866667,2.39377
11.9,2.50152
11.933333,2.85624
11.966667,2.90765
12,2.95762
12.033333,3.23666
12.066667,5.38873
12.1,6.4679
12.133333,4.9294
12.166667,3.58305
12.2,1.55739
12.233333,0.863807
12.266667,2.26417
12.3,2.7322
12.333333,2.70275
12.366667,3.00478
12.4,3.45279
12.433333,3.40419
12.466667,2.66986
12.5,2.1064
12.533333,1.4253
12.566667,1.27242
12.6,0.645617
12.633333,1.13138
12.666667,1.25481
12.7,2.35488
12.733333,2.16482
12.766667,1.96575
12.8,1.73776
12.833333,1.51844
12.866667,2.30711
12.9,2.06182
12.933333,2.12446
12.966667,1.58357
13,1.57951
13.033333,1.69636
13.066667,1.6774
13.1,1.53282
13.133333,1.04693
13.166667,1.14265
13.2,1.54434
13.233333,2.15291
13.266667,2.05603
13.3,1.78734
13.333333,1.58811
13.366667,1.32471
13.4,1.43267
13.433333,1.23111
13.466667,1.06293
13.5,0.846923
13.533333,0.952562
13.566667,1.21625
13.6,1.3806
13.633333,1.35679
13.666667,1.22846
13.7,1.33229
13.733333,1.88505
13.766667,2.09418
13.8,1.15688
13.833333,2.13537
13.866667,1.3476
13.9,1.81301
13.933333,2.02521
13.966667,1.38528
14,1.10533
14.033333,0.95198
14.066667,0.942847
14.1,1.11489
14.133333,44.0125
14.166667,8.86276
14.2,11.9855
14.233333,14.2117
14.266667,15.2361
14.3,15.2571
14.333333,13.6728
14.366667,9.46556
14.4,4.48112
14.433333,0.009095
14.466667,0.0022575
14.5,0.001875
14.533333,0.0014
14.566667,0.0012975
14.6,0.145283
14.633333,0.004115
14.666667,0.0013675
14.7,0.0006825
14.733333,0.0001625
14.766667,0.00017
14.8,0.000125
14.833333,0.144173
14.866667,0.010135
14.9,4.48142
14.933333,9.46592
14.966667,13.6732
15,15.2575
15.033333,15.2339
15.066667,14.2108
15.1,11.9831
15.133333,8.86267
15.166667,5.40911
15.2,2.16609
15.233333,0.0031425
15.266667,0.00064
15.3,0.008425
15.333333,0.0014475
15.366667,0.00043
15.4,0.0003825
15.433333,0.0002875
15.466667,0.0002475
15.5,0.00022
15.533333,6.57276
15.566667,8.86152
15.6,11.982
15.633333,14.2101
15.666667,15.2329
15.7,15.2557
15.733333,13.6724
15.766667,9.46536
15.8,4.48032
15.833333,0.008305
15.866667,0.0019025
15.9,0.0018
15.933333,0.0013825
15.966667,0.0014425
16,0.145657
16.033333,0.004315
16.066667,0.00124
16.1,0.0007325
16.133333,0.0139225
16.166667,59.8291
16.2,0.01607
16.233333,0.699035
16.266667,0.77664
16.3,0.924005
16.333333,1.05949
16.366667,1.45114
16.4,0.0075225
16.433333,1.47342
16.466667,1.66021
16.5,1.83139
16.533333,1.85399
16.566667,2.08109
16.6,0.310347
16.633333,2.18724
16.666667,2.46791
16.7,2.2944
16.733333,2.59026
16.766667,2.38627
16.8,0.123508
16.833333,2.24439
16.866667,2.49887
16.9,2.76941
16.933333,2.30408
16.966667,2.21501
17,0.34077
17.033333,2.0404
17.066667,1.7987
17.1,1.49827
17.133333,1.33728
17.166667,0.836985
17.2,0.31858
17.233333,0.93445
17.266667,0.988128
17.3,0.98698
17.333333,1.02204
17.366667,1.33355
17.4,0.129497
17.433333,1.33546
17.466667,1.31889
17.5,1.03466
17.533333,0.48583
17.566667,0.61434
17.6,0.0186425
17.633333,1.17832
17.666667,1.07306
17.7,1.76944
17.733333,2.00483
17.766667,2.59965
17.8,0.0789225
17.833333,3.53123
17.866667,4.45353
17.9,5.62215
17.933333,6.42548
17.966667,6.86219
18,0.317242
18.033333,6.88453
18.066667,6.39665
18.1,5.74144
18.133333,5.55462
18.166667,5.7516
18.2,0.01247
18.233333,5.61401
18.266667,4.99694
18.3,4.5266
18.333333,3.61655
18.366667,3.02135
18.4,0.0941875
18.433333,2.90598
18.466667,3.66191
18.5,4.2178
18.533333,2.99142
18.566667,4.59457
18.6,0.0717125
18.633333,4.19655
18.666667,3.6771
18.7,4.07567
18.733333,4.70765
18.766667,4.81229
18.8,0.0004825
18.833333,5.60098
18.866667,7.54312
18.9,8.62535
18.933333,8.83177
18.966667,9.43
19,0.549015
19.033333,9.27949
19.066667,8.72737
19.1,7.57176
19.133333,7.06944
19.166667,7.5284
19.2,0.0001925
19.233333,7.78068
19.266667,8.01098
19.3,7.80828
19.333333,7.54851
19.366667,8.30886
19.4,0.000415
19.433333,8.45175
19.466667,7.40662
19.5,7.29414
19.533333,7.87976
19.566667,9.50455
19.6,0.0045675
19.633333,10.0534
19.666667,9.14825
19.7,10.9373
19.733333,11.6667
19.766667,11.8075
19.8,0.00896
19.833333,12.0935
19.866667,13.2715
19.9,12.7839
19.933333,51.4127
19.966667,0.0133
20,2.57934
20.033333,2.90197
20.066667,3.52325
20.1,3.76975
20.133333,0.169095
20.166667,3.76457
20.2,3.24586
20.233333,2.63828
20.266667,2.17866
20.3,0.08312
20.333333,2.09833
20.366667,2.33769
20.4,3.35272
20.433333,6.2501
20.466667,0.0640275
20.5,7.64762
20.533333,8.20284
20.566667,8.29127
20.6,6.6773
20.633333,0.07831
20.666667,4.50427
20.7,2.77513
20.733333,1.23229
20.766667,1.91386
20.8,0.0771975
20.833333,1.86336
20.866667,1.53466
20.9,1.81714
20.933333,2.65767
20.966667,0.0607825
21,2.99077
21.033333,2.65625
21.066667,2.67657
21.1,2.38798
21.133333,0.0580675
21.166667,2.93688
21.2,2.66751
21.233333,1.89921
21.266667,1.52743
21.3,0.0683675
21.333333,2.16484
21.366667,2.65298
21.4,2.55713
21.433333,2.76374
21.466667,0.0696
21.5,2.29713
21.533333,1.86816
21.566667,1.39979
21.6,1.02546
21.633333,0.0930925
21.666667,0.97018
21.7,1.72753
21.733333,2.65459
21.766667,3.5858
21.8,0.117023
21.833333,3.98135
21.866667,4.10422
21.9,3.61232
21.933333,3.38496
21.966667,0.0528925
22,2.94795
22.033333,2.79583
22.066667,2.59155
22.1,2.80245
22.133333,0.05548
22.166667,3.693
22.2,3.41752
22.233333,3.19768
22.266667,2.57783
22.3,0.0588775
22.333333,1.73081
22.366667,1.21996
22.4,1.50772
22.433333,2.2839
22.466667,0.060525
22.5,2.76881
22.533333,2.26726
22.566667,1.96908
22.6,1.87323
22.633333,0.0671425
22.666667,1.91979
22.7,1.90126
22.733333,1.32378
22.766667,1.47175
22.8,0.082255
22.833333,2.07007
22.866667,2.14694
22.9,1.78109
22.933333,2.23463
22.966667,0.06252
23,3.29073
23.033333,3.99568
23.066667,3.87342
23.1,4.22758
23.133333,0.039955
23.166667,4.42281
23.2,4.16751
23.233333,3.78143
23.266667,3.54575
23.3,0.0449175
23.333333,4.14933
23.366667,5.86363
23.4,5.1718
23.433333,3.97339
23.466667,0.0445975
23.5,4.63485
23.533333,5.33733
23.566667,4.94895
23.6,4.81782
23.633333,0.0523975
23.666667,5.30457
23.7,4.36991
23.733333,3.28181
23.766667,4.52972
23.8,0.0585375
23.833333,5.27135
23.866667,3.15386
23.9,2.3929
23.933333,2.46557
23.966667,0.050125
24,156.709
24.033333,0.229865
24.066667,0.531153
24.1,0.744865
24.133333,0.821152
24.166667,0.768742
24.2,0.745805
24.233333,0.61944
24.266667,0.383568
24.3,0.145593
24.333333,0.744568
24.366667,1.94898
24.4,2.8734
24.433333,3.26321
24.466667,3.03821
24.5,3.00322
24.533333,2.99227
24.566667,2.52131
24.6,1.5989
24.633333,0.582222
24.666667,0.0395025
24.7,0.094515
24.733333,0.149218
24.766667,0.17471
24.8,0.173652
24.833333,0.17262
24.866667,0.17147
24.9,0.145347
24.933333,0.0949175
24.966667,0.034355
25,0.766885
25.033333,2.06351
25.066667,3.28113
25.1,3.93887
25.133333,4.17232
25.166667,4.46274
25.2,5.35424
25.233333,5.17119
25.266667,3.51787
25.3,1.65679
25.333333,0.134532
25.366667,0.309993
25.4,0.460452
25.433333,0.527895
25.466667,0.521465
25.5,0.566165
25.533333,0.52673
25.566667,0.456927
25.6,0.314362
25.633333,0.11044
25.666667,0.0024175
25.7,0.001335
25.733333,0.00123
25.766667,0.0016675
25.8,0.0012775
25.833333,0.001165
25.866667,0.00659
25.9,0.00253
25.933333,0.0010625
25.966667,0.287045
26,0.143405
26.033333,0.2753
26.066667,0.570392
26.1,0.904835
26.133333,1.14489
26.166667,1.38316
26.2,1.61846
26.233333,1.53828
26.266667,1.01474
26.3,0.376425
26.333333,0.26639
26.366667,0.742955
26.4,1.21105
26.433333,1.50867
26.466667,1.5669
26.5,1.61178
26.533333,1.62556
26.566667,1.40194
26.6,0.891807
26.633333,0.329632
26.666667,0.0524825
26.7,0.12007
26.733333,0.191095
26.766667,0.226357
26.8,0.222605
26.833333,0.223525
26.866667,0.225062
26.9,0.19251
26.933333,0.11933
26.966667,0.0493875
27,0.135703
27.033333,0.0695775
27.066667,0.084
27.1,0.093595
27.133333,0.103078
27.166667,0.114517
27.2,0.117915
27.233333,0.122295
27.266667,0.109145
27.3,0.061875
27.333333,0.060325
27.366667,0.0573075
27.4,0.05773
27.433333,0.06079
27.466667,0.0609375
27.5,0.1287
27.533333,0.063425
27.566667,0.065765
27.6,0.064335
27.633333,0.069175
27.666667,0.225905
27.7,0.492765
27.733333,0.75817
27.766667,0.936072
27.8,0.977712
27.833333,1.01517
27.866667,1.05423
27.9,0.904493
27.933333,0.57138
27.966667,0.229247
28,0.148482
28.033333,0.05119
28.066667,0.0481775
28.1,0.048915
28.133333,0.0449
28.166667,0.04396
28.2,0.0436925
28.233333,0.0407925
28.266667,0.0394325
28.3,0.039865
28.333333,0.04756
28.366667,0.0486825
28.4,0.049125
28.433333,0.04776
28.466667,0.0474825
28.5,0.0964525
28.533333,0.0483025
28.566667,0.0471925
28.6,0.049375
28.633333,0.048685
28.666667,0.0493075
28.7,0.0512025
28.733333,0.0486825
28.766667,0.0497575
28.8,0.049995
28.833333,0.04976
28.866667,0.049095
28.9,0.0505925
28.933333,0.04797
28.966667,0.0494675
29,0.29787
29.033333,0.567375
29.066667,0.856507
29.1,0.99102
29.133333,0.957817
29.166667,0.912737
29.2,0.887585
29.233333,0.741138
29.266667,0.50108
29.3,0.221628
29.333333,0.0602725
29.366667,0.0580025
29.4,0.0578625
29.433333,0.0604425
29.466667,0.0615875
29.5,0.143255
29.533333,0.0637425
29.566667,0.0651475
29.6,0.0651575
29.633333,0.069125
29.666667,0.0688
29.7,41.4368
29.733333,0
29.766667,0
29.8,0.006295
29.833333,0.047425
29.866667,0.160765
29.9,0.223208
29.933333,0.0467975
29.966667,0.0136275
30,0.28803
30.033333,0.00274
30.066667,0.00141
30.1,0.00647
30.133333,0.01497
30.166667,0.0326975
30.2,0.0053525
30.233333,0.0033225
30.266667,0.002675
30.3,0.0024225
30.333333,0.002445
30.366667,0.001985
30.4,0.002145
30.433333,0.00188
30.466667,0.00173
30.5,0.002225
30.533333,0.002215
30.566667,0.002065
30.6,0.00156
30.633333,0.00175
30.666667,0.002355
30.7,0.002105
30.733333,0.001965
30.766667,0.00168
30.8,0.00211
30.833333,0.002145
30.866667,0.001795
30.9,0.001975
30.933333,0.00205
30.966667,0.00192
31,0.039935
31.033333,0.0321925
31.066667,0.0068825
31.1,0.00344
31.133333,0.694492
31.166667,0.780285
31.2,0.745507
31.233333,0.745542
31.266667,0.861143
31.3,0.54748
31.333333,0.749355
31.366667,0.705315
31.4,0.73974
31.433333,0.754678
31.466667,0.825832
31.5,0.836507
31.533333,0.649567
31.566667,0.879363
31.6,0.732595
31.633333,0.626803
31.666667,0.775335
31.7,0.850735
31.733333,0.831283
31.766667,0.662308
31.8,0.92704
31.833333,0.754872
31.866667,0.657605
31.9,0.851232
31.933333,0.841732
31.966667,0.90258
32,0.854383
32.033333,0.705828
32.066667,0.973002
32.1,0.820655
32.133333,0.131015
32.166667,0.055285
32.2,0.0150475
32.233333,0.250065
32.266667,0.125672
32.3,0.0846875
32.333333,0.0057075
32.366667,0.00259
32.4,0
32.433333,0.0012075
32.466667,0.0007075
32.5,0.00654
32.533333,0.03017
32.566667,0.01161
32.6,0.00616
32.633333,0.00599
32.666667,0.00595
32.7,0.00592
32.733333,0.00592
32.766667,0.00592
32.8,0.00592
32.833333,0.00592
32.866667,0.00592
32.9,0.00592
32.933333,0.00592
32.966667,0.00592
33,0.0844925
33.033333,0.0317875
33.066667,0.009125
33.1,0.0063525
33.133333,0.00598
33.166667,0.00588
33.2,0.0059
33.233333,0.005905
33.266667,0.005905
33.3,0.005905
33.333333,0.005905
33.366667,0.005905
33.4,0.005905
33.433333,0.005905
33.466667,0.005905
33.5,0.005905
33.533333,0.005905
33.566667,0.005905
33.6,0.005905
33.633333,0.005905
33.666667,0.005905
33.7,0.005905
33.733333,0.005905
33.766667,0.005905
33.8,0.005905
33.833333,0.005905
33.866667,0.005905
33.9,0.005905
33.933333,0.005905
33.966667,0.005905
34,0.03263
34.033333,0.0317875
34.066667,0.009125
34.1,0.0063525
34.133333,0.00598
34.166667,0.00588
34.2,0.0059
34.233333,0.005905
34.266667,0.005905
34.3,0.005905
34.333333,0.005905
34.366667,0.005905
34.4,0.005905
34.433333,0.005905
34.466667,0.005905
34.5,0.005905
34.533333,0.005905
34.566667,0.005905
34.6,0.005905
34.633333,0.005905
34.666667,0.005905
34.7,0.833963
34.733333,9.42797
34.766667,7.43346
34.8,5.6629
34.833333,3.73912
34.866667,1.33075
34.9,0.330558
34.933333,0.288917
34.966667,0.708777
35,1.27399
35.033333,1.80144
35.066667,0.85021
35.1,0.0068725
35.133333,0.00565
35.166667,0.00546
35.2,0.00549
35.233333,0.005475
35.266667,0.005475
35.3,0.005475
35.333333,0.005475
35.366667,0.005475
35.4,0.005475
35.433333,0.005475
35.466667,0.005475
35.5,0.005475
35.533333,0.005475
35.566667,0.005475
35.6,0.005475
35.633333,0.005475
35.666667,0.005475
35.7,0.005475
35.733333,0.005475
35.766667,0.005475
35.8,0.005475
35.833333,0.005475
35.866667,0.005475
35.9,0.005475
35.933333,0.005475
35.966667,0.005475
36,0.032735
36.033333,0.0302675
36.066667,0.0086825
36.1,0.0060125
36.133333,0.00565
36.166667,0.00553
36.2,0.00555
36.233333,0.005555
36.266667,0.005555
36.3,0.005555
36.333333,0.005555
36.366667,0.005555
36.4,0.005555
36.433333,0.005555
36.466667,0.005555
36.5,0.005555
36.533333,0.005555
36.566667,0.005555
36.6,0.005555
36.633333,0.005555
36.666667,0.005555
36.7,0.005555
36.733333,0.005555
36.766667,0.005555
36.8,0.005555
36.833333,0.005555
36.866667,0.005555
36.9,0.005555
36.933333,0.005555
36.966667,0.005555
37,0.0311025
37.033333,0.0302675
37.066667,0.0086825
37.1,0.0060125
37.133333,0.00565
37.166667,0.00553
37.2,0.00555
37.233333,0.005555
37.266667,0.005555
37.3,0.005555
37.333333,0.005555
37.366667,0.005555
37.4,0.005555
37.433333,0.005555
37.466667,0.005555
37.5,0.005555
37.533333,0.005555
37.566667,0.005555
37.6,0.005555
37.633333,0.005555
37.666667,0.005555
37.7,0.005555
37.733333,0.005555
37.766667,0.005555
37.8,0.005555
37.833333,0.005555
37.866667,0.005555
37.9,0.005555
37.933333,0.005555
37.966667,0.005555
38,0.0311025
38.033333,0.0302675
38.066667,21.4316
38.1,0.084035
38.133333,0.0919125
38.166667,0.011665
38.2,0.00325
38.233333,0.00082
38.266667,0.0004125
38.3,0.00036
38.333333,0.00036
38.366667,0.00036
38.4,0.00036
38.433333,0.00036
38.466667,0.00036
38.5,0.00036
38.533333,0.00036
38.566667,0.00036
38.6,0.00036
38.633333,0.00036
38.666667,0.00036
38.7,0.00036
38.733333,0.00036
38.766667,0.00036
38.8,0.00036
38.833333,0.00036
38.866667,0.00036
38.9,0.00036
38.933333,0.00036
38.966667,0.00036
39,0.010025
39.033333,0.0030825
39.066667,0.059295
39.1,0.00303
39.133333,0.0005975
39.166667,0.00025
39.2,0.00024
39.233333,0.00022
39.266667,0.00022
39.3,0.00022
39.333333,0.00022
39.366667,0.00022
39.4,0.00022
39.433333,0.00022
39.466667,0.00022
39.5,0.00022
39.533333,0.00022
39.566667,0.00022
39.6,0.00022
39.633333,0.00022
39.666667,0.00022
39.7,0.00022
39.733333,0.00022
39.766667,0.00022
39.8,0.00022
39.833333,0.00022
39.866667,0.00022
39.9,0.00022
39.933333,0.00022
39.966667,0.00022
40,0.0044625
40.033333,0.0024075
40.066667,0.001475
40.1,0.000905
40.133333,0.0003075
40.166667,0.00018
40.2,0.00018
40.233333,0.00018
40.266667,0.00018
40.3,0.00018
40.333333,0.00018
40.366667,0.00018
40.4,0.00018
40.433333,0.00018
40.466667,0.00018
40.5,0.00018
40.533333,0.00018
40.566667,0.00018
40.6,0.00018
40.633333,0.00018
40.666667,0.00018
40.7,0.00018
40.733333,0.00018
40.766667,0.00018
40.8,0.00018
40.833333,0.00018
40.866667,0.00018
40.9,0.00018
40.933333,0.00018
40.966667,0.00018
41,0.002645
41.033333,0.0059075
41.066667,0.10138
41.1,0.776915
41.133333,2.21114
41.166667,5.29868
41.2,8.32555
41.233333,10.3736
41.266667,11.2332
41.3,11.3101
41.333333,11.8118
41.366667,11.8007
41.4,10.9634
41.433333,9.68009
41.466667,8.2666
41.5,3.80669
41.533333,6.12505
41.566667,4.79756
41.6,3.56142
41.633333,2.39127
41.666667,1.29356
41.7,0.22147
41.733333,0.014485
41.766667,0.0032925
41.8,0.00088
41.833333,0.0005725
41.866667,0.00048
41.9,0.00046
41.933333,0.0128975
41.966667,0.0005825
42,0.0158625
42.033333,0.0039925
42.066667,0.108317
42.1,0.006255
42.133333,0.00312
42.166667,0.0004375
42.2,0.000405
42.233333,6.15907
42.266667,8.49969
42.3,6.24751
42.333333,3.84832
42.366667,1.9776
42.4,0.557265
42.433333,64.3049
42.466667,7.65214
42.5,2.64362
42.533333,3.09014
42.566667,1.61539
42.6,0.63508
42.633333,0.724952
42.666667,0.821403
42.7,0.797708
42.733333,0.707483
42.766667,0.615742
42.8,0.521595
42.833333,0.456203
42.866667,0.382003
42.9,0.31476
42.933333,0.26659
42.966667,0.20313
43,0.089255
43.033333,0.136865
43.066667,0.192175
43.1,0.0450325
43.133333,0.006655
43.166667,0.0013625
43.2,0.0004425
43.233333,0.000385
43.266667,0.00038
43.3,0.00038
43.333333,0.00038
43.366667,0.00038
43.4,0.00038
43.433333,0.00038
43.466667,0.00038
43.5,0.00893
43.533333,0.000745
43.566667,0.000485
43.6,0.00038
43.633333,0.00038
43.666667,0.00038
43.7,0.01273
43.733333,0.00056
43.766667,0.0004225
43.8,0.00038
43.833333,0.00038
43.866667,0.00038
43.9,0.00038
43.933333,0.00038
43.966667,0.00038
44,0.0087375
44.033333,0.29547
44.066667,1.71683
44.1,3.58709
44.133333,4.93904
44.166667,6.30771
44.2,6.82963
44.233333,6.96864
44.266667,7.84295
44.3,8.64816
44.333333,7.85692
44.366667,6.104
44.4,4.84572
44.433333,4.39316
44.466667,3.5127
44.5,2.19039
44.533333,1.3979
44.566667,0.846785
44.6,0.490642
44.633333,0.222598
44.666667,0.06586
44.7,0.0046875
44.733333,0.221908
44.766667,1.59796
44.8,2.23712
44.833333,2.40419
44.866667,2.80586
44.9,2.37863
44.933333,13.5781
44.966667,5.51262
45,2.82596
45.033333,4.55063
45.066667,4.14276
45.1,3.09376
45.133333,2.21044
45.166667,1.87344
45.2,1.75023
45.233333,1.62904
45.266667,1.34954
45.3,1.21082
45.333333,1.01216
45.366667,0.835377
45.4,0.682285
45.433333,0.558852
45.466667,0.463382
45.5,0.202022
45.533333,0.327065
45.566667,0.243723
45.6,0.164755
45.633333,0.0899425
45.666667,0.03734
45.7,0.195565
45.733333,0.231555
45.766667,0.253763
45.8,0.412278
45.833333,0.479357
45.866667,0.32793
45.9,0.19049
45.933333,0.103485
45.966667,0.0260125
46,0.08615
46.033333,0.418485
46.066667,0.618032
46.1,0.53787
46.133333,0.365885
46.166667,0.17103
46.2,0.04112
46.233333,0.13839
46.266667,0.292863
46.3,0.292015
46.333333,0.197782
46.366667,0.107283
46.4,0.0441775
46.433333,0.00357
46.466667,0.0020825
46.5,0.0019025
46.533333,0.0015375
46.566667,0.0013775
46.6,0.119135
46.633333,1.0158
46.666667,1.89366
46.7,1.90873
46.733333,1.31673
46.766667,0.911277
46.8,0.553632
46.833333,0.575925
46.866667,2.58802
46.9,6.25835
46.933333,5.61199
46.966667,3.61185
47,1.33178
47.033333,1.91378
47.066667,1.21835
47.1,0.833997
47.133333,0.463502
47.166667,0.126323
47.2,2.17831
47.233333,6.38298
47.266667,9.90085
47.3,11.139
47.333333,9.78189
47.366667,8.65526
47.4,8.08826
47.433333,6.36788
47.466667,5.5205
47.5,3.40784
47.533333,3.55984
47.566667,2.06809
47.6,1.3396
47.633333,0.923987
47.666667,0.595225
47.7,0.416828
47.733333,0.201815
47.766667,0.0718075
47.8,0.0239275
47.833333,0.005255
47.866667,0.001105
47.9,0.00087
47.933333,0.0008375
47.966667,0.00079
48,0.0078775
48.033333,0.0032075
48.066667,0.0162575
48.1,0.003
48.133333,0.0011575
48.166667,0.00061
48.2,0.0005425
48.233333,0.0005275
48.266667,0.0005125
48.3,0.000495
48.333333,0.0004875
48.366667,0.000535
48.4,0.0004725
48.433333,0.000525
48.466667,0.0004575
48.5,0.000545
48.533333,0.0004575
48.566667,0.00049
48.6,0.0004725
48.633333,0.000545
48.666667,0.0004625
48.7,0.00049
48.733333,0.0004675
48.766667,0.000545
48.8,0.0004725
48.833333,0.000475
48.866667,0.0004725
48.9,0.000545
48.933333,0.0004625
48.966667,0.00049
49,0.006735
49.033333,0.0025
49.066667,0.0017425
49.1,0.0012
49.133333,0.0007225
49.166667,0.0005075
49.2,0.000445
49.233333,0.00048
49.266667,0.00047
49.3,0.0004575
49.333333,0.0004175
49.366667,0.0004525
49.4,0.0004275
49.433333,0.0004775
49.466667,0.0003975
49.5,0.0004825
49.533333,0.0004275
49.566667,0.0004675
49.6,0.0003975
49.633333,0.0004725
49.666667,16.1662
49.7,0.24345
49.733333,0.244782
49.766667,0.302895
49.8,0.255515
49.833333,0.261635
49.866667,0.263358
49.9,0.318368
49.933333,0.27171
49.966667,0.286527
50,0.337583
50.033333,0.30253
50.066667,0.304075
50.1,0.361745
50.133333,0.31861
50.166667,0.386277
50.2,0.346577
50.233333,0.404668
50.266667,0.380723
50.3,0.442935
50.333333,0.468315
50.366667,0.498092
50.4,0.490785
50.433333,0.588167
50.466667,0.71392
50.5,0.83262
50.533333,1.63528
50.566667,0.00165
50.6,0.0006475
50.633333,0.0004875
50.666667,0.00046
50.7,0.00046
50.733333,0.00046
50.766667,0.00046
50.8,0.00046
50.833333,0.00046
50.866667,0.00046
50.9,0.00046
50.933333,0.00046
50.966667,0.00046
51,0.007135
51.033333,0.0048375
51.066667,0.0011125
51.1,0.00052
51.133333,0.00046
51.166667,0.00046
51.2,0.00046
51.233333,0.00046
51.266667,0.00046
51.3,0.00046
51.333333,0.00046
51.366667,0.00046
51.4,0.00046
51.433333,0.00046
51.466667,0.00046
51.5,0.00046
51.533333,0.00046
51.566667,0.00046
51.6,0.00046
51.633333,0.00046
51.666667,0.00046
51.7,0.00046
51.733333,0.00046
51.766667,0.00046
51.8,0.00046
51.833333,0.00046
51.866667,0.00046
51.9,0.00046
51.933333,0.00046
51.966667,0.00046
52,0.00501
52.033333,0.0048375
52.066667,0.0011125
52.1,2.52163
52.133333,0.312035
52.166667,0.306645
52.2,0.326785
52.233333,0.252177
52.266667,0.33036
52.3,0.330813
52.333333,0.33989
52.366667,0.34631
52.4,0.344955
52.433333,0.35066
52.466667,0.352403
52.5,0.360175
52.533333,0.359915
52.566667,0.38779
52.6,0.37406
52.633333,0.40096
52.666667,0.383537
52.7,0.414843
52.733333,0.41428
52.766667,0.427882
52.8,0.43556
52.833333,0.444352
52.866667,0.472558
52.9,0.467178
52.933333,0.54723
52.966667,0.534403
53,0.53394
53.033333,0.56998
53.066667,0.592888
53.1,0.677157
53.133333,0.687098
53.166667,0.77864
53.2,0.826237
53.233333,1.02261
53.266667,1.29947
53.3,2.42911
53.333333,0.0043
53.366667,0.0015675
53.4,0.001025
53.433333,0.000945
53.466667,0.000935
53.5,0.00092
53.533333,0.00094
53.566667,0.00094
53.6,0.00094
53.633333,0.00094
53.666667,0.00094
53.7,0.00094
53.733333,0.00094
53.766667,0.00094
53.8,0.00094
53.833333,0.00094
53.866667,0.00094
53.9,0.00094
53.933333,0.00094
53.966667,0.00094
54,0.012215
54.033333,0.0090625
54.066667,0.001965
54.1,0.001295
54.133333,0.0011
54.166667,0.000985
54.2,0.00098
54.233333,0.001
54.266667,0.001
54.3,0.001
54.333333,0.001
54.366667,0.001
54.4,0.001
54.433333,0.001
54.466667,0.001
54.5,0.001
54.533333,0.001
54.566667,0.001
54.6,0.001
54.633333,0.001
54.666667,0.001
54.7,0.001
54.733333,0.001
54.766667,0.001
54.8,0.001
54.833333,0.001
54.866667,0.001
54.9,0.001
54.933333,0.001
54.966667,0.001
55,0.0094075
55.033333,0.0090625
55.066667,0.001965
55.1,0.001295
55.133333,0.0011
55.166667,0.000985
55.2,0.00098
55.233333,0.001
55.266667,0.001
55.3,0.001
55.333333,0.001
55.366667,0.001
55.4,0.001
55.433333,0.001
55.466667,0.001
55.5,0.001
55.533333,0.001
55.566667,0.001
55.6,0.001
55.633333,0.001
55.666667,0.001
55.7,0.001
55.733333,0.001
55.766667,0.001
55.8,0.001
55.833333,0.001
55.866667,0.001
55.9,0.001
55.933333,0.001
55.966667,0.001
56,0.0094075
56.033333,0.0090625
56.066667,0.001965
56.1,0.001295
56.133333,0.0011
56.166667,0.000985
56.2,0.00098
56.233333,0.001
56.266667,0.001
56.3,0.001
56.333333,0.001
56.366667,0.001
56.4,0.001
56.433333,0.001
56.466667,0.001
56.5,0.001
56.533333,0.001
56.566667,0.001
56.6,0.001
56.633333,3.1383
56.666667,0.24422
56.7,0.284083
56.733333,0.278463
56.766667,0.26347
56.8,0.294183
56.833333,0.285515
56.866667,0.303475
56.9,0.3173
56.933333,0.307315
56.966667,0.334097
57,0.356897
57.033333,0.36366
57.066667,0.360833
57.1,0.38593
57.133333,0.416555
57.166667,0.44295
57.2,0.486882
57.233333,0.522212
57.266667,0.600997
57.3,0.71309
57.333333,1.3619
57.366667,0.003835
57.4,0.001655
57.433333,0.00125
57.466667,0.001165
57.5,0.00114
57.533333,0.00113
57.566667,0.001125
57.6,0.001125
57.633333,0.001125
57.666667,0.001125
57.7,0.001125
57.733333,0.001125
57.766667,0.001125
57.8,0.001125
57.833333,0.001125
57.866667,0.001125
57.9,0.001125
57.933333,0.001125
57.966667,0.001125
58,0.01586
58.033333,0.0108275
58.066667,0.0031125
58.1,0.0014575
58.133333,0.00123
58.166667,0.0011
58.2,0.001095
58.233333,0.001095
58.266667,0.001095
58.3,0.001095
58.333333,0.001095
58.366667,0.001095
58.4,0.001095
58.433333,0.001095
58.466667,0.001095
58.5,0.001095
58.533333,0.001095
58.566667,0.001095
58.6,0.001095
58.633333,0.001095
58.666667,0.001095
58.7,0.001095
58.733333,0.001095
58.766667,0.001095
58.8,0.001095
58.833333,0.001095
58.866667,0.001095
58.9,0.001095
58.933333,0.001095
58.966667,0.001095
59,0.0113575
59.033333,0.0108275
59.066667,0.0031125
59.1,0.0014575
59.133333,0.00123
59.166667,0.0011
59.2,0.001095
59.233333,0.001095
59.266667,36.4934
59.3,0.0005975
59.333333,0.000165
59.366667,2.5
59.4,4
59.433333,2
59.466667,2
59.5,2
59.533333,2
59.566667,2
59.6,2
59.633333,2
59.666667,2
59.7,2
59.733333,2
59.766667,2
59.8,2
59.833333,2
59.866667,2
59.9,2
59.933333,2
59.966667,2
60,0.00078
60.033333,0.00059
60.066667,0.000225
60.1,4.5
60.133333,6
60.166667,4
60.2,4
60.233333,4
60.266667,4
60.3,4
60.333333,4
60.366667,4
60.4,4
60.433333,4
60.466667,4
60.5,4
60.533333,4
60.566667,4
60.6,4
60.633333,4
60.666667,4
60.7,4
60.733333,4
60.766667,4
60.8,4
60.833333,4
60.866667,4
60.9,4
60.933333,4
60.966667,4
61,0.00059
61.033333,0.00059
61.066667,0.000225
61.1,4.5
61.133333,6
61.166667,4
61.2,4
61.233333,4
61.266667,4
61.3,4
61.333333,4
61.366667,4
61.4,4
61.433333,4
61.466667,4
61.5,4
61.533333,4
61.566667,4
61.6,4
61.633333,4
61.666667,4
61.7,4
61.733333,4
61.766667,4
61.8,4
61.833333,4
61.866667,4
61.9,4
61.933333,4
61.966667,4
62,0.00059
62.033333,0.00059
62.066667,0.000225
62.1,4.5
62.133333,6
62.166667,4
62.2,4
62.233333,4
62.266667,4
62.3,4
62.333333,4
62.366667,4
62.4,4
62.433333,4
62.466667,4
62.5,4
62.533333,4
62.566667,4
62.6,4
62.633333,4
62.666667,4
62.7,4
62.733333,4
62.766667,4
62.8,4
62.833333,4
62.866667,4
62.9,4
62.933333,4
62.966667,4
63,0.00059
63.033333,0.00059
63.066667,0.000225
63.1,4.5
63.133333,6
63.166667,4
63.2,4
63.233333,4
63.266667,4
63.3,4
63.333333,4
63.366667,4
63.4,4
63.433333,4
63.466667,4
63.5,4
63.533333,4
63.566667,4
63.6,4
63.633333,4
63.666667,4
63.7,4
63.733333,4
63.766667,4
63.8,4
63.833333,4
63.866667,4
63.9,4
63.933333,4
63.966667,4
64,0.00059
64.033333,0.00059
64.066667,0.000225
64.1,4.5
64.133333,6
64.166667,4
64.2,4
64.233333,4
64.266667,4
64.3,4
64.333333,4
64.366667,4
64.4,4
64.433333,4
64.466667,4
64.5,4
64.533333,4
64.566667,4
64.6,4
64.633333,4
64.666667,4
64.7,4
64.733333,4
64.766667,4
64.8,4
64.833333,4
64.866667,4
64.9,4
64.933333,4
64.966667,4
65,0.00059
65.033333,0.00059
65.066667,0.000225
65.1,4.5
65.133333,6
65.166667,4
65.2,4
65.233333,4
65.266667,4
65.3,4
65.333333,4
65.366667,4
65.4,4
65.433333,4
65.466667,4
65.5,4
65.533333,4
65.566667,4
65.6,4
65.633333,4
65.666667,4
65.7,4
65.733333,4
65.766667,4
65.8,4
65.833333,4
65.866667,4
65.9,4
65.933333,4
65.966667,4
66,0.00059
66.033333,0.00059
66.066667,0.000225
66.1,4.5
66.133333,6
66.166667,4
66.2,4
66.233333,4
66.266667,4
66.3,4
66.333333,4
66.366667,4
66.4,4
66.433333,4
66.466667,4
66.5,4
66.533333,4
66.566667,4
66.6,4
66.633333,4
66.666667,4
66.7,4
66.733333,4
66.766667,4
66.8,4
66.833333,4
66.866667,4
66.9,4
66.933333,4
66.966667,4
67,0.00059
67.033333,0.00059
67.066667,0.000225
67.1,4.5
67.133333,6
67.166667,4
67.2,4
67.233333,4
67.266667,4
67.3,4
67.333333,4
67.366667,4
67.4,4
67.433333,4
67.466667,4
67.5,4
67.533333,4
67.566667,4
67.6,4
67.633333,4
67.666667,4
67.7,4
67.733333,4
67.766667,4
67.8,4
67.833333,4
67.866667,4
67.9,4
67.933333,4
67.966667,4
68,0.00059
68.033333,0.00059
68.066667,0.000225
68.1,4.5
68.133333,6
68.166667,4
68.2,4
68.233333,4
68.266667,4
68.3,4
68.333333,4
68.366667,4
68.4,4
68.433333,4
68.466667,4
68.5,4
68.533333,4
68.566667,4
68.6,4
68.633333,4
68.666667,4
68.7,4
68.733333,4
68.766667,4
68.8,4
68.833333,4
68.866667,4
68.9,4
68.933333,4
68.966667,4
69,0.00059
69.033333,0.00059
69.066667,0.000225
69.1,4.5
69.133333,6
69.166667,4
69.2,4
69.233333,4
69.266667,4
69.3,4
69.333333,4
69.366667,4
69.4,4
69.433333,4
69.466667,4
69.5,4
69.533333,4
69.566667,4
69.6,4
69.633333,4
69.666667,4
69.7,4
69.733333,4
69.766667,4
69.8,4
69.833333,4
69.866667,4
69.9,4
69.933333,4
69.966667,4
70,0.00059
70.033333,0.00059
70.066667,0.000225
70.1,4.5
70.133333,6
70.166667,4
70.2,4
70.233333,4
70.266667,4
70.3,0.0249525
70.333333,0.02553
70.366667,0.02537
70.4,0.02583
70.433333,0.0254875
70.466667,0.0256225
70.5,0.02597
70.533333,0.03315
70.566667,0.02568
70.6,0.02638
70.633333,0.0328425
70.666667,0.033455
70.7,0.0333575
70.733333,0.0332675
70.766667,0.03387
70.8,0.03392
70.833333,0.033695
70.866667,0.0409025
70.9,0.0411925
70.933333,0.04139
70.966667,0.0482525
71,0.0420875
71.033333,0.0565625
71.066667,0.0492525
71.1,0.0638925
71.133333,0.063425
71.166667,0.078735
71.2,0.093005
71.233333,0.1151
71.266667,0.251922
71.3,0.000255
71.333333,0.00013
71.366667,0.000115
71.4,0.0001
71.433333,0.0001
71.466667,0.251855
71.5,0.11511
71.533333,0.0929575
71.566667,0.07885
71.6,0.06339
71.633333,0.0637675
71.666667,0.04915
71.7,0.05611
71.733333,0.0414525
71.766667,0.04829
71.8,0.0414725
71.833333,0.0412625
71.866667,0.040845
71.9,0.033635
71.933333,0.0336725
71.966667,0.0338475
72,0.034175
72.033333,0.033845
72.066667,0.03344
72.1,0.03297
72.133333,0.02631
72.166667,0.0257875
72.2,0.0330475
72.233333,0.0261275
72.266667,0.02545
72.3,0.0256625
72.333333,0.0257975
72.366667,0.02564
72.4,0.0253225
72.433333,0.142943
72.466667,0.0002175
72.5,4.5
72.533333,4
72.566667,4
72.6,4
72.633333,4
72.666667,4
72.7,4
72.733333,4
72.766667,4
72.8,4
72.833333,4
72.866667,4
72.9,4
72.933333,4
72.966667,4
73,0.000655
73.033333,0.000545
73.066667,0.000165
73.1,4.5
73.133333,6
73.166667,4
73.2,4
73.233333,4
73.266667,4
73.3,4
73.333333,4
73.366667,4
73.4,4
73.433333,4
73.466667,4
73.5,4
73.533333,4
73.566667,4
73.6,4
73.633333,4
73.666667,4
73.7,4
73.733333,4
73.766667,4
73.8,4
73.833333,4
73.866667,4
73.9,4
73.933333,4
73.966667,4
74,0.00059
74.033333,0.000545
74.066667,0.000165
74.1,4.5
74.133333,6
74.166667,0.05909
74.2,0.0941075
74.233333,0.027545
74.266667,0.05745
74.3,0.00755
74.333333,0.0249175
74.366667,0.010135
74.4,0.109243
74.433333,0.043915
74.466667,0.239215
74.5,0.189287
74.533333,0.01683
74.566667,0.0413525
74.6,0.006195
74.633333,0.0321525
74.666667,0.035295
74.7,0.15612
74.733333,0.0539975
74.766667,0.18166
74.8,0.0989825
74.833333,0.197455
74.866667,0.19662
74.9,0.00527
74.933333,0.01428
74.966667,0.024505
75,0.0841175
75.033333,0.016085
75.066667,0.02723
75.1,0.0077875
75.133333,0.08136
75.166667,0.0465675
75.2,0.071135
75.233333,0.08228
75.266667,0.0153475
75.3,0.0355225
75.333333,0.0179175
75.366667,0.0810875
75.4,0.01846
75.433333,0.0573225
75.466667,0.021045
75.5,0.0617275
75.533333,0.04414
75.566667,0.0069375
75.6,0.0230825
75.633333,0.07904
75.666667,0.179385
75.7,0.0149
75.733333,0.0262925
75.766667,0.0073825
75.8,0.02727
75.833333,0.00759
75.866667,0.0658175
75.9,0.0544925
75.933333,0.0278275
75.966667,0.0447025
76,0.0316675
76.033333,0.073255
76.066667,0.05146
76.1,0.240313
76.133333,0.0867475
76.166667,0.077985
76.2,0.0390325
76.233333,0.110165
76.266667,0.110387
76.3,0.0806
76.333333,0.15187
76.366667,0.0106475
76.4,0.02124
76.433333,0.0006175
76.466667,0.00056
76.5,0.000535
76.533333,0.000535
76.566667,0.00052
76.6,0.000535
76.633333,0.000535
76.666667,0.00052
76.7,0.000535
76.733333,0.000535
76.766667,0.00052
76.8,0.000535
76.833333,0.000535
76.866667,0.00052
76.9,0.000535
76.933333,0.000535
76.966667,0.00052
77,0.005355
77.033333,0.004135
77.066667,0.000945
77.1,0.00062
77.133333,0.000545
77.166667,0.00046
77.2,0.000475
77.233333,0.000475
77.266667,0.00046
77.3,0.000475
77.333333,0.000475
77.366667,0.00046
77.4,0.000475
77.433333,0.000475
77.466667,0.00046
77.5,0.000475
77.533333,0.000475
77.566667,0.00046
77.6,0.000475
77.633333,0.000475
77.666667,0.00046
77.7,0.000475
77.733333,0.000475
77.766667,0.00046
77.8,0.000475
77.833333,0.000475
77.866667,0.00046
77.9,0.000475
77.933333,0.000475
77.966667,0.00046
78,0.0044
78.033333,0.004135
78.066667,0.000945
78.1,0.00062
78.133333,0.000545
78.166667,0.00046
78.2,0.000475
78.233333,0.000475
78.266667,0.00046
78.3,0.000475
78.333333,0.000475
78.366667,0.00046
78.4,0.000475
78.433333,0.000475
78.466667,0.00046
78.5,0.000475
78.533333,0.000475
78.566667,0.00046
78.6,0.000475
78.633333,0.000475
78.666667,0.00046
78.7,0.000475
78.733333,0.000475
78.766667,0.00046
78.8,0.000475
78.833333,0.000475
78.866667,0.00046
78.9,0.000475
78.933333,0.000475
78.966667,0.00046
79,0.0044
79.033333,0.004135
79.066667,0.000945
79.1,0.00062
79.133333,0.000545
79.166667,0.00046
79.2,0.000475
79.233333,0.000475
79.266667,0.00046
79.3,0.000475
79.333333,0.000475
79.366667,0.00046
79.4,0.000475
79.433333,0.000475
79.466667,33.2703
79.5,0.00751
79.533333,0.0021825
79.566667,0.0012625
79.6,0.00121
79.633333,0.00115
79.666667,0.00113
79.7,0.00113
79.733333,0.00113
79.766667,0.00113
79.8,0.00113
79.833333,0.00113
79.866667,0.00113
79.9,0.00113
79.933333,0.00113
79.966667,0.00113
80,0.010335
80.033333,0.0076075
80.066667,0.0020825
80.1,0.0012025
80.133333,0.001125
80.166667,0.00107
80.2,0.00105
80.233333,0.00105
80.266667,0.00105
80.3,0.00105
80.333333,0.00105
80.366667,0.00105
80.4,0.00105
80.433333,0.00105
80.466667,0.00105
80.5,0.00105
80.533333,0.00105
80.566667,0.00105
80.6,0.00105
80.633333,0.00105
80.666667,0.00105
80.7,0.00105
80.733333,0.00105
80.766667,0.00105
80.8,0.00105
80.833333,0.00105
80.866667,0.00105
80.9,0.00105
80.933333,0.00105
80.966667,0.00105
81,0.0080825
81.033333,0.0076075
81.066667,0.0020825
81.1,0.0012025
81.133333,0.001125
81.166667,0.00107
81.2,0.00105
81.233333,0.00105
81.266667,0.00105
81.3,0.00105
81.333333,0.00105
81.366667,0.00105
81.4,0.00105
81.433333,0.00105
81.466667,0.00105
81.5,0.00105
81.533333,0.00105
81.566667,0.00105
81.6,0.00105
81.633333,0.00105
81.666667,0.00105
81.7,0.00105
81.733333,0.00105
81.766667,0.00105
81.8,0.00105
81.833333,0.00105
81.866667,0.00105
81.9,0.00105
81.933333,0.00105
81.966667,0.00105
82,0.0080825
82.033333,0.0076075
82.066667,0.0020825
82.1,0.0012025
82.133333,0.001125
82.166667,0.00107
82.2,0.00105
82.233333,0.00105
82.266667,0.00105
82.3,0.00105
82.333333,0.00105
82.366667,0.00105
82.4,0.00105
82.433333,0.00105
82.466667,0.00105
82.5,0.00105
82.533333,0.00105
82.566667,0.00105
82.6,0.00105
82.633333,0.00105
82.666667,0.00105
82.7,0.00105
82.733333,0.00105
82.766667,0.00105
82.8,0.00105
82.833333,0.00105
82.866667,0.00105
82.9,0.00105
82.933333,0.00105
82.966667,0.00105
83,0.0080825
83.033333,0.0076075
83.066667,30.0493
83.1,0.0001
83.133333,3.5
83.166667,2
83.2,2
83.233333,2
83.266667,2
83.3,2
83.333333,2.25
83.366667,2
83.4,2.5
83.433333,2
83.466667,2.75
83.5,2.25
83.533333,3
83.566667,2.25
83.6,2
83.633333,2.25
83.666667,2
83.7,2.25
83.733333,2.25
83.766667,2
83.8,2.25
83.833333,2.25
83.866667,2.75
83.9,2
83.933333,2.5
83.966667,2
84,9.5
84.033333,5.5
84.066667,3.75
84.1,2
84.133333,2
84.166667,2.25
84.2,2
84.233333,2
84.266667,2
84.3,2
84.333333,2
84.366667,2
84.4,2
84.433333,2
84.466667,2
84.5,2
84.533333,2
84.566667,2
84.6,2
84.633333,2
84.666667,2
84.7,2
84.733333,2
84.766667,2
84.8,2
84.833333,2
84.866667,2
84.9,2
84.933333,2
84.966667,2
85,5
85.033333,5.5
85.066667,3.5
85.1,2
85.133333,2
85.166667,2
85.2,2
85.233333,2
85.266667,2
85.3,2
85.333333,2
85.366667,2
85.4,2
85.433333,2
85.466667,2
85.5,2
85.533333,2
85.566667,2
85.6,2
85.633333,2
85.666667,2
85.7,2
85.733333,2
85.766667,2
85.8,2
85.833333,2
85.866667,2
85.9,2
85.933333,2
85.966667,2
86,5
86.033333,5.5
86.066667,3.5
86.1,2
86.133333,2
86.166667,2
86.2,2
86.233333,2
86.266667,2
86.3,2
86.333333,2
86.366667,2
86.4,2
86.433333,2
86.466667,2
86.5,2
86.533333,2
86.566667,2
86.6,2
86.633333,25.2828
86.666667,0.0010325
86.7,0.000415
86.733333,0.000245
86.766667,0.00026
86.8,0.000245
86.833333,0.00026
86.866667,0.00024
86.9,0.00024
86.933333,0.00024
86.966667,0.00024
87,0.0023125
87.033333,0.0011725
87.066667,0.000325
87.1,0.000145
87.133333,0.000145
87.166667,0.000135
87.2,0.00012
87.233333,0.00012
87.266667,0.00012
87.3,0.00012
87.333333,0.00012
87.366667,0.00012
87.4,0.00012
87.433333,0.00012
87.466667,0.00012
87.5,0.00012
87.533333,0.00012
87.566667,0.00012
87.6,0.00012
87.633333,0.00012
87.666667,0.00012
87.7,0.00012
87.733333,0.00012
87.766667,0.00012
87.8,0.00012
87.833333,0.00012
87.866667,0.00012
87.9,0.00012
87.933333,0.00012
87.966667,0.00012
88,0.0012325
88.033333,0.0011725
88.066667,0.000325
88.1,0.000145
88.133333,0.000145
88.166667,0.000135
88.2,0.00012
88.233333,0.00012
88.266667,0.00012
88.3,0.00012
88.333333,0.00012
88.366667,0.00012
88.4,0.00012
88.433333,0.00012
88.466667,0.00012
88.5,0.00012
88.533333,0.00012
88.566667,0.00012
88.6,0.00012
88.633333,0.00012
88.666667,0.00012
88.7,0.00012
88.733333,0.00012
88.766667,0.00012
88.8,0.00012
88.833333,0.00012
88.866667,0.00012
88.9,0.00012
88.933333,0.00012
88.966667,0.00012
89,0.0012325
89.033333,0.0011725
89.066667,0.000325
89.1,0.000145
89.133333,0.000145
89.166667,0.000135
89.2,0.00012
89.233333,0.00012
89.266667,0.00012
89.3,21.9102
89.333333,0.0017375
89.366667,0.00062
89.4,0.00031
89.433333,0.0003
89.466667,0.0003
89.5,0.0003
89.533333,0.0003
89.566667,0.0003
89.6,0.0003
89.633333,0.0003
89.666667,0.0003
89.7,0.0003
89.733333,0.0003
89.766667,0.0003
89.8,0.0003
89.833333,0.0003
89.866667,0.0003
89.9,0.0003
89.933333,0.0003
89.966667,0.0003
90,0.003845
90.033333,0.0027375
90.066667,0.000735
90.1,0.000505
90.133333,0.0004375
90.166667,0.00039
90.2,0.00034
90.233333,0.00034
90.266667,0.00034
90.3,0.00034
90.333333,0.00034
90.366667,0.00034
90.4,0.00034
90.433333,0.00034
90.466667,0.00034
90.5,0.00034
90.533333,0.00034
90.566667,0.00034
90.6,0.00034
90.633333,0.00034
90.666667,0.00034
90.7,0.00034
90.733333,0.00034
90.766667,0.00034
90.8,0.00034
90.833333,0.00034
90.866667,0.00034
90.9,0.00034
90.933333,0.00034
90.966667,0.00034
91,0.002985
91.033333,0.0027375
91.066667,0.000735
91.1,0.000505
91.133333,0.0004375
91.166667,0.00039
91.2,0.00034
91.233333,0.00034
91.266667,0.00034
91.3,0.00034
91.333333,0.00034
91.366667,0.00034
91.4,0.00034
91.433333,0.00034
91.466667,0.00034
91.5,0.00034
91.533333,0.00034
91.566667,0.00034
91.6,0.00034
91.633333,0.00034
91.666667,0.00034
91.7,0.00034
91.733333,0.00034
91.766667,0.00034
91.8,0.00034
91.833333,0.00034
91.866667,0.00034
91.9,0.00034
91.933333,0.00034
91.966667,0.00034
92,0.002985
92.033333,0.0027375
92.066667,0.000735
92.1,0.000505
92.133333,0.0004375
92.166667,0.00039
92.2,0.00034
92.233333,0.00034
92.266667,0.00034
92.3,0.00034
92.333333,48.5763
92.366667,0.077765
92.4,0.073935
92.433333,0.0741175
92.466667,0.075345
92.5,0.074085
92.533333,0.0753825
92.566667,0.074795
92.6,0.07605
92.633333,0.07572
92.666667,0.07516
92.7,0.12769
92.733333,0.076835
92.766667,0.0765625
92.8,0.0777575
92.833333,0.0776425
92.866667,0.0777675
92.9,0.0769875
92.933333,0.077545
92.966667,0.129293
93,0.0861275
93.033333,0.0838225
93.066667,0.0788025
93.1,0.130727
93.133333,0.079545
93.166667,0.07989
93.2,0.0788425
93.233333,0.133563
93.266667,0.079615
93.3,0.0812925
93.333333,0.13168
93.366667,0.08191
93.4,0.0818525
93.433333,0.134365
93.466667,0.082225
93.5,0.134373
93.533333,0.0831475
93.566667,0.135965
93.6,0.08279
93.633333,0.13607
93.666667,0.0853
93.7,0.137965
93.733333,0.137167
93.766667,0.0860275
93.8,0.138767
93.833333,0.137965
93.866667,0.14101
93.9,0.089605
93.933333,0.14033
93.966667,0.14215
94,0.148533
94.033333,0.147375
94.066667,0.145195
94.1,0.145003
94.133333,0.19883
94.166667,0.147435
94.2,0.150385
94.233333,0.20113
94.266667,0.152007
94.3,0.204855
94.333333,0.207918
94.366667,0.209533
94.4,0.211315
94.433333,0.213588
94.466667,0.218383
94.5,0.273012
94.533333,0.278445
94.566667,0.33637
94.6,0.343612
94.633333,0.407455
94.666667,0.47734
94.7,0.61722
94.733333,1.89552
94.766667,0.0020475
94.8,0.000975
94.833333,0.00078
94.866667,0.00074
94.9,0.00074
94.933333,0.00076
94.966667,0.00076
95,0.0082775
95.033333,0.0061125
95.066667,0.001435
95.1,0.000935
95.133333,0.000855
95.166667,0.00082
95.2,0.00082
95.233333,0.00082
95.266667,0.00082
95.3,0.00082
95.333333,0.00082
95.366667,0.00082
95.4,2.71051
95.433333,0.95022
95.466667,0.741865
95.5,0.559935
95.533333,0.489275
95.566667,0.476705
95.6,0.417633
95.633333,0.357173
95.666667,0.350845
95.7,0.346835
95.733333,0.29058
95.766667,0.286155
95.8,0.282973
95.833333,0.282385
95.866667,0.276805
95.9,0.22465
95.933333,0.273908
95.966667,0.219883
96,0.223757
96.033333,0.220915
96.066667,0.216083
96.1,0.213267
96.133333,0.21295
96.166667,0.210645
96.2,0.159795
96.233333,0.207953
96.266667,0.207455
96.3,0.15442
96.333333,0.20778
96.366667,13.0496
96.4,0.188872
96.433333,0.246075
96.466667,0.190167
96.5,0.248303
96.533333,0.249112
96.566667,0.19442
96.6,0.252362
96.633333,0.253285
96.666667,0.255752
96.7,0.20592
96.733333,0.258805
96.766667,0.260355
96.8,0.31399
96.833333,0.265305
96.866667,0.269705
96.9,0.275033
96.933333,0.32357
96.966667,0.280585
97,0.342285
97.033333,0.336973
97.066667,0.343357
97.1,0.350992
97.133333,0.403292
97.166667,0.36281
97.2,0.422542
97.233333,0.42641
97.266667,0.489717
97.3,0.451185
97.333333,0.570438
97.366667,0.586858
97.4,0.664162
97.433333,0.750152
97.466667,0.918523
97.5,1.17461
97.533333,2.85893
97.566667,0.00284
97.6,0.0012075
97.633333,0.000785
97.666667,0.000715
97.7,0.0007
97.733333,0.0007
97.766667,0.0007
97.8,0.0007
97.833333,0.0007
97.866667,0.0007
97.9,0.0007
97.933333,0.0007
97.966667,0.0007
98,0.008945
98.033333,0.0055875
98.066667,0.0015575
98.1,0.00078
98.133333,0.000725
98.166667,0.00068
98.2,0.00068
98.233333,0.00068
98.266667,0.00068
98.3,0.00068
98.333333,0.00068
98.366667,0.00068
98.4,0.00068
98.433333,0.00068
98.466667,0.00068
98.5,0.00068
98.533333,0.00068
98.566667,3.10062
98.6,1.26644
98.633333,0.987247
98.666667,0.825435
98.7,0.680723
98.733333,0.6575
98.766667,0.533708
98.8,0.56693
98.833333,0.453855
98.866667,0.487633
98.9,0.435235
98.933333,0.423378
98.966667,0.413062
99,0.3648
99.033333,0.354863
99.066667,0.347562
99.1,0.34319
99.133333,0.34009
99.166667,0.33539
99.2,0.32914
99.233333,0.279625
99.266667,0.27232
99.3,0.32558
99.333333,0.267235
99.366667,0.265462
99.4,0.264075
99.433333,0.261153
99.466667,0.258135
99.5,0.257103
99.533333,9.38451
99.566667,0.0024875
99.6,0.0004225
99.633333,0.000235
99.666667,0.00025
99.7,0.00023
99.733333,0.00023
99.766667,0.00023
99.8,0.00023
99.833333,0.00023
99.866667,0.00023
99.9,0.00023
99.933333,0.00023
99.966667,0.00023
100,0.0056975
100.033333,0.0029475
100.066667,0.000525
100.1,0.0002425
100.133333,0.00022
100.166667,0.00022
100.2,0.00022
100.233333,0.00022
100.266667,0.00022
100.3,0.00022
100.333333,0.00022
100.366667,0.00022
100.4,0.00022
100.433333,0.00022
100.466667,0.00022
100.5,0.00022
100.533333,0.00022
100.566667,0.00022
100.6,0.00022
100.633333,0.00022
100.666667,0.00022
100.7,0.00022
100.733333,0.00022
100.766667,0.00022
100.8,0.00022
100.833333,0.00022
100.866667,0.00022
100.9,0.00022
100.933333,0.00022
100.966667,0.00022
101,0.00304
101.033333,0.0029475
101.066667,0.000525
101.1,0.0002425
101.133333,0.00022
101.166667,0.00022
101.2,0.00022
101.233333,0.00022
101.266667,0.00022
101.3,0.00022
101.333333,0.00022
101.366667,0.00022
101.4,0.00022
101.433333,0.00022
101.466667,0.00022
101.5,0.00022
101.533333,0.00022
101.566667,0.00022
101.6,0.00022
101.633333,0.00022
101.666667,0.00022
101.7,0.00022
101.733333,0.00022
101.766667,0.00022
101.8,0.00022
101.833333,0.00022
101.866667,0.00022
101.9,0.00022
101.933333,0.00022
101.966667,0.00022
102,0.00304
102.033333,0.0029475
102.066667,0.000525
102.1,0.0002425
102.133333,0.00022
102.166667,0.00022
102.2,0.00022
102.233333,0.00022
102.266667,0.00022
102.3,0.00022
102.333333,0.00022
102.366667,0.00022
102.4,0.00022
102.433333,0.00022
102.466667,0.00022
102.5,0.00022
102.533333,0.00022
102.566667,0.00022
102.6,0.00022
102.633333,0.00022
102.666667,0.00022
102.7,0.00022
102.733333,0.00022
102.766667,0.00022
102.8,0.00022
102.833333,0.00022
102.866667,0.00022
102.9,0.00022
102.933333,0.827365
102.966667,1.22426
103,0.95119
103.033333,1.11383
103.066667,0.937192
103.1,1.09712
103.133333,0.97889
103.166667,1.09728
103.2,1.10391
103.233333,1.09455
103.266667,1.12532
103.3,1.11031
103.333333,1.10372
103.366667,1.24978
103.4,1.11687
103.433333,1.24415
103.466667,1.11331
103.5,1.12726
103.533333,1.27534
103.566667,1.4005
103.6,1.27079
103.633333,1.26415
103.666667,1.24204
103.7,1.39602
103.733333,1.27646
103.766667,1.30286
103.8,1.55255
103.833333,1.54576
103.866667,1.40713
103.9,1.29133
103.933333,0.0020175
103.966667,0.0004375
104,0.0069525
104.033333,0.0026225
104.066667,0.00049
104.1,0.0002275
104.133333,0.000195
104.166667,0.00019
104.2,0.00019
104.233333,0.00019
104.266667,0.00019
104.3,0.00019
104.333333,0.00019
104.366667,0.00019
104.4,0.00019
104.433333,0.00019
104.466667,0.00019
104.5,0.00019
104.533333,0.00019
104.566667,0.00019
104.6,0.00019
104.633333,0.00019
104.666667,0.00019
104.7,0.00019
104.733333,0.00019
104.766667,0.00019
104.8,0.00019
104.833333,0.00019
104.866667,0.00019
104.9,0.00019
104.933333,0.00019
104.966667,0.00019
105,0.00278
105.033333,0.0026225
105.066667,0.00049
105.1,0.0002275
105.133333,0.000195
105.166667,0.00019
105.2,0.00019
105.233333,0.00019
105.266667,0.00019
105.3,0.00019
105.333333,0.00019
105.366667,0.00019
105.4,0.00019
105.433333,0.00019
105.466667,0.00019
105.5,0.00019
105.533333,0.00019
105.566667,0.00019
105.6,0.00019
105.633333,0.00019
105.666667,0.00019
105.7,0.00019
105.733333,0.00019
105.766667,0.00019
105.8,0.00019
105.833333,0.00019
105.866667,0.00019
105.9,0.00019
105.933333,0.00019
105.966667,0.00019
106,0.00278
106.033333,0.0026225
106.066667,0.00049
106.1,0.0002275
106.133333,0.000195
106.166667,0.00019
106.2,0.00019
106.233333,0.00019
106.266667,0.00019
106.3,0.00019
106.333333,0.00019
106.366667,0.00019
106.4,0.00019
106.433333,0.00019
106.466667,0.00019
106.5,0.00019
106.533333,0.00019
106.566667,0.00019
106.6,0.00019
106.633333,0.00019
106.666667,0.00019
106.7,0.00019
106.733333,0.00019
106.766667,0.00019
106.8,0.00019
106.833333,0.00019
106.866667,0.00019
106.9,0.00019
106.933333,0.00019
106.966667,0.00019
107,0.00278
107.033333,1.29106
107.066667,1.40721
107.1,1.54555
107.133333,1.55286
107.166667,1.30186
107.2,1.27608
107.233333,1.39616
107.266667,1.24172
107.3,1.26442
107.333333,1.2706
107.366667,1.40076
107.4,1.27514
107.433333,1.12719
107.466667,1.11338
107.5,1.24317
107.533333,1.11691
107.566667,1.24976
107.6,1.10382
107.633333,1.11031
107.666667,1.12498
107.7,1.09454
107.733333,1.10406
107.766667,1.09725
107.8,0.97862
107.833333,1.09732
107.866667,0.937083
107.9,1.11345
107.933333,0.95008
107.966667,1.22429
108,11.2097
108.033333,0.0047825
108.066667,0.0011275
108.1,0.0006575
108.133333,0.00053
108.166667,0.00053
108.2,0.000545
108.233333,0.000545
108.266667,0.00053
108.3,0.000545
108.333333,0.000545
108.366667,0.00053
108.4,0.000545
108.433333,0.000545
108.466667,0.00053
108.5,0.000545
108.533333,0.000545
108.566667,0.00053
108.6,0.000545
108.633333,0.000545
108.666667,0.00053
108.7,0.000545
108.733333,0.000545
108.766667,0.00053
108.8,0.000545
108.833333,0.000545
108.866667,0.00053
108.9,0.000545
108.933333,0.000545
108.966667,0.00053
109,0.0050325
109.033333,0.0047825
109.066667,0.0011275
109.1,0.0006575
109.133333,0.00053
109.166667,0.00053
109.2,0.000545
109.233333,0.000545
109.266667,0.00053
109.3,0.000545
109.333333,0.000545
109.366667,0.68464
109.4,0.911042
109.433333,0.987088
109.466667,0.662207
109.5,0.877883
109.533333,0.753202
109.566667,0.874005
109.6,0.872358
109.633333,0.74653
109.666667,0.856832
109.7,0.871067
109.733333,0.740988
109.766667,0.85606
109.8,0.749112
109.833333,0.644155
109.866667,1.09153
109.9,0.740973
109.933333,0.874012
109.966667,0.86436
110,0.744528
110.033333,0.876962
110.066667,0.977923
110.1,0.653218
110.133333,1.09855
110.166667,0.757337
110.2,0.907868
110.233333,0.772903
110.266667,1.12626
110.3,0.799767
110.333333,0.919447
110.366667,0.004495
110.4,0.0008575
110.433333,0.0005775
110.466667,0.01542
110.5,0.0031275
110.533333,0.000815
110.566667,0.00067
110.6,0.00065
110.633333,0.00065
110.666667,0.00065
110.7,0.00065
110.733333,0.00065
110.766667,0.00065
110.8,0.00065
110.833333,0.00065
110.866667,0.00065
110.9,0.00065
110.933333,0.00065
110.966667,0.00065
111,0.017545
111.033333,0.0043625
111.066667,0.000965
111.1,0.00056
111.133333,0.00051
111.166667,0.00051
111.2,0.00051
111.233333,0.00051
111.266667,0.00051
111.3,0.00051
111.333333,0.00051
111.366667,0.00051
111.4,0.00051
111.433333,0.00051
111.466667,0.00051
111.5,0.00051
111.533333,0.00051
111.566667,0.00051
111.6,0.00051
111.633333,0.00051
111.666667,0.00051
111.7,0.00051
111.733333,0.00051
111.766667,0.00051
111.8,0.00051
111.833333,18.28
111.866667,2
111.9,0
111.933333,0
111.966667,0
112,0
112.033333,0
112.066667,0
112.1,0
112.133333,0
112.166667,0
112.2,0
112.233333,0
112.266667,0
112.3,0
112.333333,0
112.366667,0
112.4,0
112.433333,0
112.466667,0
112.5,0
112.533333,0
112.566667,0
112.6,0
112.633333,0
112.666667,0
112.7,0
112.733333,0
112.766667,0
112.8,0
112.833333,0
112.866667,0
112.9,0
112.933333,0
112.966667,0
113,0
113.033333,0
113.066667,0
113.1,0
113.133333,0
113.166667,0
113.2,0
113.233333,0
113.266667,0
113.3,0
113.333333,0
113.366667,0
113.4,0
113.433333,0
113.466667,0
113.5,0
113.533333,0
113.566667,0
113.6,0
113.633333,0
113.666667,0
113.7,0
113.733333,0
113.766667,0
113.8,0
113.833333,0
113.866667,0
113.9,0
113.933333,0
113.966667,0
114,0
114.033333,0
114.066667,0
114.1,0
114.133333,0
114.166667,0
114.2,0
114.233333,0
114.266667,0
114.3,0
114.333333,0
114.366667,0
114.4,0
114.433333,0
114.466667,0
114.5,0
114.533333,0
114.566667,0
114.6,0
114.633333,0
114.666667,0
114.7,0
114.733333,0
114.766667,0
114.8,0
114.833333,0
114.866667,0
114.9,0
114.933333,0
114.966667,0
115,0
115.033333,0
115.066667,0
115.1,0
115.133333,0
115.166667,0
115.2,0
115.233333,0
115.266667,0
115.3,0
115.333333,0
115.366667,0
115.4,0
115.433333,0
115.466667,0
115.5,0
115.533333,0
115.566667,0
115.6,0
115.633333,0
115.666667,0
115.7,0
115.733333,0
115.766667,0
115.8,0
115.833333,0
115.866667,0
115.9,0
115.933333,0
115.966667,0
116,0
116.033333,0
116.066667,0
116.1,0
116.133333,0
116.166667,0
116.2,0
116.233333,0
116.266667,0
116.3,0
116.333333,0
116.366667,0
116.4,0
116.433333,0
116.466667,0
116.5,0
116.533333,0
116.566667,0
116.6,0
116.633333,0
116.666667,0
116.7,0
116.733333,0
116.766667,0
116.8,0
116.833333,0
116.866667,0
116.9,0
116.933333,0
116.966667,0
117,0
117.033333,0
117.066667,0
117.1,0
117.133333,0
117.166667,0
117.2,0
117.233333,0
117.266667,0
117.3,0
117.333333,0
117.366667,0
117.4,0
117.433333,0
117.466667,0
117.5,0
117.533333,0
117.566667,0
117.6,0
117.633333,0.0520625
117.666667,0.551503
117.7,0.51723
117.733333,0.538977
117.766667,0.58011
117.8,0.587692
117.833333,0.526165
117.866667,0.636375
117.9,0.523165
117.933333,0.791303
117.966667,0.540042
118,0.624703
118.033333,0.559652
118.066667,0.666245
118.1,0.788652
118.133333,0.662215
118.166667,0.675898
118.2,0.799517
118.233333,1.08872
118.266667,0.6944
118.3,0.772822
118.333333,0.767663
118.366667,0.741112
118.4,0.71747
118.433333,0.751757
118.466667,0.7357
118.5,0.784133
118.533333,0.853568
118.566667,0.776927
118.6,0.74822
118.633333,0.853287
118.666667,0.840565
118.7,0.844583
118.733333,0.198573
118.766667,0.0022275
118.8,0.00187
118.833333,0.0018
118.866667,0.00178
118.9,0.00178
118.933333,0.00178
118.966667,0.00178
119,0.02689
119.033333,0.014485
119.066667,0.0042375
119.1,0.002145
119.133333,0.0018225
119.166667,0.001805
119.2,0.00178
119.233333,0.00176
119.266667,0.00176
119.3,0.00176
119.333333,0.00176
119.366667,0.00176
119.4,0.00176
119.433333,0.00176
119.466667,0.00176
119.5,0.00176
119.533333,0.00176
119.566667,0.00176
119.6,0.00176
119.633333,0.00176
119.666667,0.00176
119.7,0.00176
119.733333,0.00176
119.766667,0.00176
119.8,0.00176
119.833333,0.00176
119.866667,0.00176
119.9,0.00176
119.933333,0.00176
119.966667,0.00176
120,0.015165
120.033333,0.014485
120.066667,0.0042375
120.1,0.002145
120.133333,0.0018225
120.166667,0.001805
120.2,0.00178
120.233333,0.00176
120.266667,0.00176
120.3,0.00176
120.333333,0.00176
120.366667,0.00176
120.4,0.00176
120.433333,0.00176
120.466667,0.00176
120.5,0.00176
120.533333,0.00176
120.566667,0.00176
120.6,0.00176
120.633333,0.00176
120.666667,0.00176
120.7,0.00176
120.733333,28.5098
120.766667,0.000415
120.8,7.25
120.833333,2
120.866667,3.5
120.9,3.5
120.933333,3.5
120.966667,3.5
121,0.0004475
121.033333,0.000385
121.066667,8
121.1,3.5
121.133333,3.5
121.166667,4
121.2,4.75
121.233333,4.25
121.266667,3.5
121.3,4.5
121.333333,3.5
121.366667,4
121.4,3.75
121.433333,4
121.466667,4
121.5,3.5
121.533333,3.5
121.566667,3.5
121.6,3.5
121.633333,4
121.666667,4
121.7,3.5
121.733333,3.5
121.766667,3.5
121.8,3.75
121.833333,3.75
121.866667,3.5
121.9,3.5
121.933333,4.25
121.966667,3.75
122,0.0003925
122.033333,0.0003825
122.066667,8.25
122.1,5
122.133333,4.5
122.166667,4.25
122.2,4.75
122.233333,3.75
122.266667,4
122.3,3.5
122.333333,3.5
122.366667,4.5
122.4,6.25
122.433333,4.75
122.466667,3.5
122.5,4
122.533333,3.5
122.566667,4.75
122.6,4
122.633333,3.5
122.666667,4
122.7,5.75
122.733333,3.5
122.766667,3.5
122.8,4.25
122.833333,4.25
122.866667,4.5
122.9,3.5
122.933333,4
122.966667,4
123,0.0003925
123.033333,0.00039
123.066667,8
123.1,3.5
123.133333,4.25
123.166667,4.25
123.2,4.5
123.233333,4.75
123.266667,3.5
123.3,5.25
123.333333,3.5
123.366667,3.5
123.4,3.5
123.433333,4.75
123.466667,3.5
123.5,3.5
123.533333,3.5
123.566667,3.5
123.6,3.5
123.633333,3.5
123.666667,3.5
123.7,3.5
123.733333,3.5
123.766667,3.5
123.8,3.5
123.833333,3.5
123.866667,3.5
123.9,3.5
123.933333,3.5
123.966667,3.5
124,0.000385
124.033333,0.0003775
124.066667,7.25
124.1,3.5
124.133333,3.5
124.166667,3.5
124.2,3.5
124.233333,3.5
124.266667,3.5
124.3,3.5
124.333333,3.5
124.366667,3.5
124.4,3.5
124.433333,3.5
124.466667,3.5
124.5,3.5
124.533333,3.5
124.566667,3.5
124.6,3.5
124.633333,3.5
124.666667,3.5
124.7,3.5
124.733333,3.5
124.766667,3.5
124.8,3.5
124.833333,3.5
124.866667,3.5
124.9,3.5
124.933333,3.5
124.966667,3.5
125,0.000385
125.033333,0.0003775
125.066667,7.25
125.1,3.5
125.133333,3.5
125.166667,3.5
125.2,3.5
125.233333,3.5
125.266667,3.5
125.3,3.5
125.333333,3.5
125.366667,3.5
125.4,3.5
125.433333,3.5
125.466667,3.5
125.5,3.5
125.533333,3.5
125.566667,3.5
125.6,3.5
125.633333,3.5
125.666667,3.5
125.7,3.5
125.733333,3.5
125.766667,3.5
125.8,3.5
125.833333,3.5
125.866667,3.5
125.9,3.5
125.933333,3.5
125.966667,3.5
126,0.000385
126.033333,0.0003775
126.066667,7.25
126.1,3.5
126.133333,3.5
126.166667,3.5
126.2,3.5
126.233333,3.5
126.266667,3.5
126.3,3.5
126.333333,3.5
126.366667,3.5
126.4,11.6097
126.433333,0.000805
126.466667,0.000185
126.5,0.000135
126.533333,0.000115
126.566667,0.000115
126.6,0.000115
126.633333,0.000115
126.666667,0.000115
126.7,0.000115
126.733333,0.000115
126.766667,0.000115
126.8,0.000115
126.833333,0.000115
126.866667,0.000115
126.9,0.000115
126.933333,0.000115
126.966667,0.000115
127,0.0017975
127.033333,0.00125
127.066667,0.0002375
127.1,0.00012
127.133333,0.000115
127.166667,0.000115
127.2,0.000115
127.233333,0.000115
127.266667,0.000115
127.3,0.000115
127.333333,0.000115
127.366667,0.000115
127.4,0.000115
127.433333,0.000115
127.466667,0.000115
127.5,0.000115
127.533333,0.000115
127.566667,0.000115
127.6,0.000115
127.633333,0.000115
127.666667,0.000115
127.7,0.000115
127.733333,0.000115
127.766667,0.000115
127.8,0.000115
127.833333,0.000115
127.866667,0.000115
127.9,0.000115
127.933333,0.000115
127.966667,0.000115
128,0.0012925
128.033333,0.00125
128.066667,0.0002375
128.1,0.00012
128.133333,0.000115
128.166667,0.000115
128.2,0.000115
128.233333,0.000115
128.266667,0.000115
128.3,0.000115
128.333333,0.000115
128.366667,0.000115
128.4,0.000115
128.433333,0.000115
128.466667,0.000115
128.5,0.000115
128.533333,0.000115
128.566667,0.000115
128.6,0.000115
128.633333,0.000115
128.666667,0.000115
128.7,0.000115
128.733333,0.000115
128.766667,0.000115
128.8,0.000115
128.833333,0.000115
128.866667,0.000115
128.9,0.000115
128.933333,0.000115
128.966667,0.000115
129,0.0012925
129.033333,0.00125
129.066667,0.0002375
129.1,0.00012
129.133333,0.000115
129.166667,0.000115
129.2,19.7854
129.233333,3.75
129.266667,0
129.3,0
129.333333,0
129.366667,0
129.4,0
129.433333,0
129.466667,0
129.5,0
129.533333,0
129.566667,0
129.6,0
129.633333,0
129.666667,0
129.7,0
129.733333,0
129.766667,0
129.8,0
129.833333,0
129.866667,0
129.9,0
129.933333,0
129.966667,0
130,0.0001125
130.033333,2.5
130.066667,0
130.1,0
130.133333,0
130.166667,0
130.2,0
130.233333,0
130.266667,0
130.3,0
130.333333,0
130.366667,0
130.4,0
130.433333,0
130.466667,0
130.5,0
130.533333,0
130.566667,0
130.6,0
130.633333,0
130.666667,0
130.7,0
130.733333,0
130.766667,0
130.8,0
130.833333,0
130.866667,0
130.9,0
130.933333,0
130.966667,0
131,2.5
131.033333,2.5
131.066667,0
131.1,0
131.133333,0
131.166667,0
131.2,0
131.233333,0
131.266667,0
131.3,0
131.333333,0
131.366667,0
131.4,0
131.433333,0
131.466667,0
131.5,0
131.533333,0
131.566667,0
131.6,0
131.633333,0
131.666667,0
131.7,0
131.733333,0
131.766667,0
131.8,0
131.833333,0
131.866667,0
131.9,0
131.933333,0
131.966667,0
132,2.5
132.033333,2.5
132.066667,0
132.1,0
132.133333,0
132.166667,0
132.2,0
132.233333,0
132.266667,0
132.3,0
132.333333,0
132.366667,0
132.4,0
132.433333,0
132.466667,0
132.5,0
132.533333,0
132.566667,0
132.6,0
132.633333,0
132.666667,0
132.7,0
132.733333,0
132.766667,0
132.8,0
132.833333,0
132.866667,0
132.9,0
132.933333,0
132.966667,0
133,2.5
133.033333,2.5
133.066667,0
133.1,0
133.133333,0
133.166667,0
133.2,0
133.233333,0
133.266667,0
133.3,0
133.333333,0
133.366667,0
133.4,0
133.433333,0
133.466667,0
133.5,0
133.533333,0
133.566667,0
133.6,0
133.633333,0
133.666667,0
133.7,0
133.733333,0
133.766667,0
133.8,0
133.833333,0
133.866667,0
133.9,0
133.933333,0
133.966667,0
134,2.5
134.033333,2.5
134.066667,0
134.1,0
134.133333,0
134.166667,0
134.2,0
134.233333,0
134.266667,0
134.3,0
134.333333,0
134.366667,0
134.4,0
134.433333,0
134.466667,0
134.5,0
134.533333,0
134.566667,0
134.6,0
134.633333,0
134.666667,0.0496375
134.7,0.092645
134.733333,0.106932
134.766667,0.09134
134.8,0.0702675
134.833333,0.0343325
134.866667,0.11588
134.9,0.128037
134.933333,0.14502
134.966667,0.129295
135,0.0394925
135.033333,0.085885
135.066667,0.147063
135.1,0.16415
135.133333,0.146368
135.166667,0.08239
135.2,0.0386125
135.233333,0.103017
135.266667,0.113965
135.3,0.128172
135.333333,0.11601
135.366667,0.0596775
135.4,0.190803
135.433333,0.256173
135.466667,0.274095
135.5,0.263185
135.533333,0.09024
135.566667,0.046115
135.6,0.0719
135.633333,0.1011
135.666667,0.124338
135.7,0.112677
135.733333,0.0920075
135.766667,0.452823
135.8,0.522225
135.833333,0.607407
135.866667,0.48155
135.9,0.0986475
135.933333,0.28062
135.966667,0.46889
136,0.483422
136.033333,0.470485
136.066667,0.248895
136.1,0.0952775
136.133333,0.225387
136.166667,0.234432
136.2,0.20919
136.233333,0.18522
136.266667,0.07416
136.3,0.1855
136.333333,0.231962
136.366667,0.228463
136.4,0.22841
136.433333,0.103112
136.466667,0.07695
136.5,0.09377
136.533333,0.09154
136.566667,0.0876175
136.6,0.0762825
136.633333,0.0638375
136.666667,0.080305
136.7,0.083125
136.733333,0.08477
136.766667,0.0811675
136.8,0.063705
136.833333,0.0632125
136.866667,0.063555
136.9,0.0143475
136.933333,0.001325
136.966667,0.001255
137,0.0195375
137.033333,0.0099475
137.066667,0.002495
137.1,0.0013375
137.133333,0.001275
137.166667,0.00123
137.2,0.00118
137.233333,0.00118
137.266667,0.00121
137.3,0.00121
137.333333,0.00118
137.366667,0.00118
137.4,0.00121
137.433333,0.00121
137.466667,0.00118
137.5,0.00118
137.533333,0.00121
137.566667,0.00121
137.6,0.00118
137.633333,0.00118
137.666667,0.00121
137.7,0.00121
137.733333,0.00118
137.766667,0.00118
137.8,0.00121
137.833333,0.00121
137.866667,0.00118
137.9,0.00118
137.933333,0.00121
137.966667,0.00121
138,0.010215
138.033333,0.0099475
138.066667,0.002495
138.1,0.0013375
138.133333,0.001275
138.166667,0.00123
138.2,0.00118
138.233333,0.00118
138.266667,0.00121
138.3,0.00121
138.333333,0.00118
138.366667,0.00118
138.4,0.00121
138.433333,0.00121
138.466667,0.00118
138.5,37.2851
138.533333,0.0067625
138.566667,0.0018825
138.6,0.0010075
138.633333,0.00095
138.666667,0.00089
138.7,0.00087
138.733333,0.00087
138.766667,0.00087
138.8,0.00087
138.833333,0.00087
138.866667,0.00087
138.9,0.00087
138.933333,0.00087
138.966667,0.00087
139,0.00903
139.033333,0.0068925
139.066667,0.0018075
139.1,0.0009825
139.133333,0.000905
139.166667,0.00085
139.2,0.00083
139.233333,0.00083
139.266667,0.00083
139.3,0.00083
139.333333,0.00083
139.366667,0.00083
139.4,0.00083
139.433333,0.00083
139.466667,0.00083
139.5,0.00083
139.533333,0.00083
139.566667,0.00083
139.6,0.00083
139.633333,0.00083
139.666667,0.00083
139.7,0.00083
139.733333,0.00083
139.766667,0.00083
139.8,0.00083
139.833333,0.00083
139.866667,0.00083
139.9,0.00083
139.933333,0.00083
139.966667,0.00083
140,0.0073575
140.033333,0.0068925
140.066667,0.0018075
140.1,0.0009825
140.133333,0.000905
140.166667,0.00085
140.2,0.00083
140.233333,0.00083
140.266667,0.00083
140.3,0.00083
140.333333,0.00083
140.366667,0.00083
140.4,0.00083
140.433333,0.00083
140.466667,0.00083
140.5,0.00083
140.533333,0.00083
140.566667,0.00083
140.6,0.00083
140.633333,0.00083
140.666667,0.00083
140.7,0.00083
140.733333,0.00083
140.766667,0.00083
140.8,0.00083
140.833333,0.00083
140.866667,0.00083
140.9,0.00083
140.933333,0.00083
140.966667,0.00083
141,0.0073575
141.033333,0.0068925
141.066667,0.0018075
141.1,0.0009825
141.133333,0.000905
141.166667,0.00085
141.2,0.00083
141.233333,0.00083
141.266667,0.00083
141.3,0.00083
141.333333,0.00083
141.366667,0.00083
141.4,0.00083
141.433333,0.00083
141.466667,0.00083
141.5,0.00083
141.533333,0.00083
141.566667,0.00083
141.6,0.00083
141.633333,0.00083
141.666667,0.00083
141.7,0.00083
141.733333,0.00083
141.766667,0.00083
141.8,0.00083
141.833333,0.00083
141.866667,0.00083
141.9,0.00083
141.933333,0.00083
141.966667,0.00083
142,0.0073575
142.033333,0.0068925
142.066667,0.0018075
142.1,0.0009825
142.133333,0.000905
142.166667,0.00085
142.2,0.00083
142.233333,0.00083
142.266667,0.00083
142.3,0.00083
142.333333,0.00083
142.366667,0.00083
142.4,0.00083
142.433333,0.00083
142.466667,0.00083
142.5,0.00083
142.533333,0.00083
142.566667,0.00083
142.6,0.00083
142.633333,0.00083
142.666667,0.00083
142.7,0.00083
142.733333,0.00083
142.766667,0.00083
142.8,0.00083
142.833333,0.00083
142.866667,0.00083
142.9,0.00083
142.933333,0.00083
142.966667,0.00083
143,0.0073575
143.033333,0.0068925
143.066667,0.0018075
143.1,0.0009825
143.133333,0.000905
143.166667,0.00085
143.2,0.00083
143.233333,0.00083
143.266667,0.00083
143.3,0.00083
143.333333,0.00083
143.366667,0.00083
143.4,0.00083
143.433333,0.00083
143.466667,0.00083
143.5,0.00083
143.533333,0.00083
143.566667,0.00083
143.6,0.00083
143.633333,0.00083
143.666667,0.00083
143.7,0.00083
143.733333,0.00083
143.766667,0.00083
143.8,0.00083
143.833333,0.00083
143.866667,0.00083
143.9,0.00083
143.933333,0.00083
143.966667,0.00083
144,0.0073575
144.033333,0.0068925
144.066667,0.0018075
144.1,0.0009825
144.133333,0.000905
144.166667,0.00085
144.2,0.00083
144.233333,0.00083
144.266667,0.00083
144.3,0.00083
144.333333,0.00083
144.366667,0.00083
144.4,0.00083
144.433333,0.00083
144.466667,0.00083
144.5,0.00083
144.533333,0.00083
144.566667,0.00083
144.6,0.00083
144.633333,0.00083
144.666667,0.00083
144.7,0.00083
144.733333,0.00083
144.766667,0.00083
144.8,0.00083
144.833333,0.00083
144.866667,0.00083
144.9,0.00083
144.933333,0.00083
144.966667,0.00083
145,0.0073575
145.033333,0.0068925
145.066667,0.0018075
145.1,0.0009825
145.133333,0.000905
145.166667,0.00085
145.2,0.00083
145.233333,0.00083
145.266667,0.00083
145.3,0.00083
145.333333,0.00083
145.366667,0.00083
145.4,0.00083
145.433333,0.00083
145.466667,0.00083
145.5,0.00083
145.533333,0.00083
145.566667,0.00083
145.6,0.00083
145.633333,0.00083
145.666667,0.00083
145.7,0.00083
145.733333,0.00083
145.766667,0.00083
145.8,0.00083
145.833333,0.00083
145.866667,0.00083
145.9,0.00083
145.933333,0.00083
145.966667,0.00083
146,0.0073575
146.033333,0.0068925
146.066667,0.0018075
146.1,0.0009825
146.133333,0.000905
146.166667,0.00085
146.2,0.00083
146.233333,0.00083
146.266667,0.00083
146.3,0.00083
146.333333,0.00083
146.366667,0.00083
146.4,0.00083
146.433333,0.00083
146.466667,0.00083
146.5,0.00083
146.533333,0.00083
146.566667,0.00083
146.6,0.00083
146.633333,0.00083
146.666667,0.00083
146.7,0.00083
146.733333,0.00083
146.766667,0.00083
146.8,0.00083
146.833333,0.00083
146.866667,0.00083
146.9,0.00083
146.933333,0.00083
146.966667,0.00083
147,0.0073575
147.033333,0.0068925
147.066667,0.0018075
147.1,0.0009825
147.133333,0.000905
147.166667,0.00085
147.2,0.00083
147.233333,0.00083
147.266667,0.00083
147.3,0.00083
147.333333,0.00083
147.366667,0.00083
147.4,0.00083
147.433333,0.00083
147.466667,0.00083
147.5,0.00083
147.533333,0.00083
147.566667,0.00083
147.6,0.00083
147.633333,0.00083
147.666667,0.00083
147.7,0.00083
147.733333,0.00083
147.766667,0.00083
147.8,0.00083
147.833333,0.00083
147.866667,0.00083
147.9,0.00083
147.933333,0.00083
147.966667,0.00083
148,0.0073575
148.033333,0.0068925
148.066667,0.0018075
148.1,0.0009825
148.133333,0.000905
148.166667,0.00085
148.2,0.00083
148.233333,0.00083
148.266667,0.00083
148.3,0.00083
148.333333,0.00083
148.366667,0.00083
148.4,0.00083
148.433333,0.00083
148.466667,0.00083
148.5,0.00083
148.533333,0.00083
148.566667,0.00083
148.6,0.00083
148.633333,0.00083
148.666667,0.00083
148.7,0.00083
148.733333,0.00083
148.766667,0.00083
148.8,0.00083
148.833333,0.00083
148.866667,0.00083
148.9,0.00083
148.933333,0.00083
148.966667,0.00083
149,0.0073575
149.033333,0.0068925
149.066667,0.0018075
149.1,0.0009825
149.133333,0.000905
149.166667,0.00085
149.2,0.00083
149.233333,0.00083
149.266667,0.00083
149.3,0.00083
149.333333,0.00083
149.366667,0.00083
149.4,0.00083
149.433333,0.00083
149.466667,0.00083
149.5,0.00083
149.533333,0.00083
149.566667,0.00083
149.6,0.00083
149.633333,0.00083
149.666667,0.00083
149.7,0.00083
149.733333,0.00083
149.766667,0.00083
149.8,0.00083
149.833333,0.00083
149.866667,0.00083
149.9,0.00083
149.933333,0.00083
149.966667,0.00083
150,0.0073575
150.033333,0.0068925
150.066667,0.0018075
150.1,0.0009825
150.133333,0.000905
150.166667,0.00085
150.2,0.00083
150.233333,0.00083
150.266667,0.00083
150.3,0.00083
150.333333,0.00083
150.366667,0.00083
150.4,0.00083
150.433333,0.00083
150.466667,0.00083
150.5,0.00083
150.533333,0.00083
150.566667,0.00083
150.6,0.00083
150.633333,0.00083
150.666667,0.00083
150.7,0.00083
150.733333,0.00083
150.766667,0.00083
150.8,0.00083
150.833333,0.00083
150.866667,0.00083
150.9,0.00083
150.933333,0.00083
150.966667,0.00083
151,0.0073575
151.033333,0.0068925
151.066667,0.0018075
151.1,0.0009825
151.133333,0.000905
151.166667,0.00085
151.2,0.00083
151.233333,0.00083
151.266667,0.00083
151.3,0.00083
151.333333,0.00083
151.366667,0.00083
151.4,0.00083
151.433333,0.00083
151.466667,0.00083
151.5,0.00083
151.533333,0.00083
151.566667,0.00083
151.6,0.00083
151.633333,0.00083
151.666667,0.00083
151.7,0.00083
151.733333,0.00083
151.766667,0.00083
151.8,0.00083
151.833333,0.00083
151.866667,0.00083
151.9,0.00083
151.933333,0.00083
151.966667,0.00083
152,0.0073575
152.033333,0.0068925
152.066667,0.0018075
152.1,0.0009825
152.133333,0.000905
152.166667,0.00085
152.2,0.00083
152.233333,0.00083
152.266667,0.00083
152.3,0.00083
152.333333,0.00083
152.366667,0.00083
152.4,0.00083
152.433333,0.00083
152.466667,0.00083
152.5,0.00083
152.533333,0.00083
152.566667,0.00083
152.6,0.00083
152.633333,0.00083
152.666667,0.00083
152.7,0.00083
152.733333,0.00083
152.766667,0.00083
152.8,0.00083
152.833333,0.00083
152.866667,177.999
152.9,31.5121
152.933333,45.9475
152.966667,47.4539
153,0.0242625
153.033333,0.0219975
153.066667,0.0067225
153.1,0.00285
153.133333,0.0054975
153.166667,0.004875
153.2,0.0048525
153.233333,0.0048625
153.266667,0.0048425
153.3,0.00481
153.333333,0.00481
153.366667,0.0048425
153.4,0.0048425
153.433333,0.00481
153.466667,0.00481
153.5,0.0048425
153.533333,0.0048425
153.566667,0.00481
153.6,0.00481
153.633333,0.0048425
153.666667,0.0048425
153.7,0.00481
153.733333,0.00481
153.766667,0.0048425
153.8,0.0048425
153.833333,0.00481
153.866667,0.00481
153.9,0.0048425
153.933333,0.0048425
153.966667,0.00481
154,0.020485
154.033333,0.0219975
154.066667,0.0067225
154.1,0.005145
154.133333,129.252
154.166667,0.00708
154.2,0.0019025
154.233333,0.00093
154.266667,0.000885
154.3,0.000835
154.333333,0.00082
154.366667,0.00082
154.4,0.00082
154.433333,0.00082
154.466667,0.00082
154.5,0.00082
154.533333,0.00082
154.566667,0.00082
154.6,0.00082
154.633333,0.00082
154.666667,0.00082
154.7,0.00082
154.733333,0.00082
154.766667,0.00082
154.8,0.00082
154.833333,0.00082
154.866667,0.00082
154.9,0.00082
154.933333,0.00082
154.966667,0.00082
155,0.00964
155.033333,0.0068925
155.066667,0.0018075
155.1,0.0009825
155.133333,0.000905
155.166667,0.00085
155.2,0.00083
155.233333,0.00083
155.266667,0.00083
155.3,0.00083
155.333333,0.00083
155.366667,0.00083
155.4,0.00083
155.433333,0.00083
155.466667,0.00083
155.5,0.00083
155.533333,0.00083
155.566667,0.00083
155.6,0.00083
155.633333,0.00083
155.666667,0.00083
155.7,0.00083
155.733333,0.00083
155.766667,0.00083
155.8,0.00083
155.833333,0.00083
155.866667,0.00083
155.9,0.00083
155.933333,0.00083
155.966667,0.00083
156,0.0073575
156.033333,0.0068925
156.066667,0.0018075
156.1,0.0009825
156.133333,0.000905
156.166667,0.00085
156.2,0.00083
156.233333,0.00083
156.266667,0.00083
156.3,0.00083
156.333333,0.00083
156.366667,0.00083
156.4,0.00083
156.433333,0.00083
156.466667,0.00083
156.5,0.00083
156.533333,0.00083
156.566667,0.00083
156.6,0.00083
156.633333,0.00083
156.666667,0.00083
156.7,0.00083
156.733333,0.00083
156.766667,0.00083
156.8,0.00083
156.833333,0.00083
156.866667,0.00083
156.9,0.00083
156.933333,0.00083
156.966667,0.378385
157,0.00737
157.033333,0.0068825
157.066667,0.0018125
157.1,0.0009825
157.133333,0.000905
157.166667,0.00085
157.2,0.00083
157.233333,0.00083
157.266667,0.00083
157.3,0.00083
157.333333,0.00083
157.366667,0.00083
157.4,0.00083
157.433333,0.00083
157.466667,0.00083
157.5,0.00083
157.533333,0.00083
157.566667,0.00083
157.6,0.00083
157.633333,0.00083
157.666667,0.00083
157.7,0.00083
157.733333,0.00083
157.766667,0.00083
157.8,0.00083
157.833333,0.00083
157.866667,0.00083
157.9,0.00083
157.933333,0.00083
157.966667,0.00083
158,0.0073525
158.033333,0.0068825
158.066667,0.0018125
158.1,0.0009825
158.133333,0.000905
158.166667,0.00085
158.2,0.00083
158.233333,0.00083
158.266667,0.00083
158.3,0.00083
158.333333,0.00083
158.366667,0.00083
158.4,0.00083
158.433333,0.00083
158.466667,0.00083
158.5,0.00083
158.533333,0.00083
158.566667,0.00083
158.6,0.00083
158.633333,0.00083
158.666667,0.00083
158.7,0.00083
158.733333,0.00083
158.766667,0.00083
158.8,0.00083
158.833333,0.00083
158.866667,0.00083
158.9,0.00083
158.933333,0.00083
158.966667,0.00083
159,0.0073525
159.033333,0.0068825
159.066667,0.0018125
159.1,0.0009825
159.133333,0.000905
159.166667,0.00085
159.2,0.00083
159.233333,0.00083
159.266667,0.00083
159.3,0.00083
159.333333,0.00083
159.366667,0.00083
159.4,0.00083
159.433333,0.00083
159.466667,0.00083
159.5,0.00083
159.533333,0.00083
159.566667,0.00083
159.6,0.00083
159.633333,0.00083
159.666667,0.00083
159.7,0.00083
159.733333,0.00083
159.766667,0.00083
159.8,0.00083
159.833333,0.00083
159.866667,0.00083
159.9,0.00083
159.933333,0.00083
159.966667,0.00083
160,0.0073525
160.033333,0.0068825
160.066667,0.0018125
160.1,0.0009825
160.133333,0.000905
160.166667,0.00085
160.2,0.00083
160.233333,0.00083
160.266667,0.00083
160.3,0.00083
160.333333,0.00083
160.366667,0.00083
160.4,0.00083
160.433333,0.00083
160.466667,0.00083
160.5,0.00083
160.533333,0.00083
160.566667,0.00083
160.6,0.00083
160.633333,0.00083
160.666667,0.00083
160.7,0.00083
160.733333,0.00083
160.766667,0.00083
160.8,0.00083
160.833333,0.00083
160.866667,0.00083
160.9,0.00083
160.933333,0.00083
160.966667,0.00083
161,0.0073525
161.033333,0.0068825
161.066667,0.0018125
161.1,0.0009825
161.133333,0.000905
161.166667,0.00085
161.2,0.00083
161.233333,29.9785
161.266667,4.75
161.3,0
161.333333,0
161.366667,0
161.4,0
161.433333,0
161.466667,0
161.5,0
161.533333,0
161.566667,0
161.6,0
161.633333,0
161.666667,0
161.7,0
161.733333,0
161.766667,0
161.8,0
161.833333,0
161.866667,0
161.9,0
161.933333,0
161.966667,0
162,0
162.033333,0
162.066667,0
162.1,0
162.133333,0
162.166667,0
162.2,0
162.233333,0
162.266667,0
162.3,0
162.333333,0
162.366667,0
162.4,0
162.433333,0
162.466667,0
162.5,0
162.533333,0
162.566667,0
162.6,0
162.633333,0
162.666667,0
162.7,0
162.733333,0
162.766667,0
162.8,0
162.833333,0
162.866667,0
162.9,0
162.933333,0
162.966667,0
163,0
163.033333,0
163.066667,0
163.1,0
163.133333,0
163.166667,0
163.2,0
163.233333,0
163.266667,0
163.3,0
163.333333,0
163.366667,0
163.4,0
163.433333,0
163.466667,0
163.5,0
163.533333,0
163.566667,0
163.6,0
163.633333,0
163.666667,0
163.7,0
163.733333,0
163.766667,0
163.8,0
163.833333,0
163.866667,0
163.9,0
163.933333,0
163.966667,0
164,0
164.033333,0
164.066667,0
164.1,0
164.133333,0
164.166667,0
164.2,0
164.233333,0
164.266667,0
164.3,0
164.333333,0
164.366667,0
164.4,0
164.433333,0
164.466667,0
164.5,0
164.533333,0
164.566667,0
164.6,0
164.633333,0
164.666667,0
164.7,0
164.733333,0
164.766667,0
164.8,0
164.833333,0
164.866667,0
164.9,0
164.933333,0
164.966667,0
165,0
165.033333,0
165.066667,0
165.1,0
165.133333,0
165.166667,0
165.2,0
165.233333,0
165.266667,0
165.3,0
165.333333,0
165.366667,0
165.4,0
165.433333,0
165.466667,0
165.5,0
165.533333,0
165.566667,0
165.6,0
165.633333,0
165.666667,0
165.7,0
165.733333,0
165.766667,0
165.8,0
165.833333,0
165.866667,0
165.9,0
165.933333,0
165.966667,0
166,0
166.033333,0
166.066667,0
166.1,0
166.133333,0
166.166667,0
166.2,0
166.233333,0
166.266667,0
166.3,0
166.333333,0
166.366667,0
166.4,0
166.433333,0
166.466667,0
166.5,0
166.533333,0
166.566667,0
166.6,0
166.633333,0
166.666667,0
166.7,0
166.733333,0
166.766667,0
166.8,0
166.833333,0
166.866667,0
166.9,0
166.933333,0
166.966667,0
167,0
167.033333,0
167.066667,0
167.1,0
167.133333,0
167.166667,0
167.2,0
167.233333,0
167.266667,0
167.3,0
167.333333,0
167.366667,0
167.4,0
167.433333,0
167.466667,0
167.5,0
167.533333,0
167.566667,0
167.6,0
167.633333,0
167.666667,0
167.7,0
167.733333,0
167.766667,0
167.8,0
167.833333,0
167.866667,0
167.9,0
167.933333,0
167.966667,0
168,0
168.033333,0
168.066667,0
168.1,0
168.133333,0
168.166667,0
168.2,0
168.233333,0
168.266667,0
168.3,0
168.333333,0
168.366667,0
168.4,0
168.433333,0
168.466667,0
168.5,0
168.533333,0
168.566667,0
168.6,0
168.633333,0
168.666667,0
168.7,0
168.733333,0
168.766667,0
168.8,0
168.833333,0
168.866667,0
168.9,0
168.933333,0
168.966667,0
169,0
169.033333,0
169.066667,0
169.1,0
169.133333,0
169.166667,0
169.2,0
169.233333,0
169.266667,0
169.3,0
169.333333,0
169.366667,0
169.4,0
169.433333,0
169.466667,0
169.5,0
169.533333,0
169.566667,0
169.6,0
169.633333,0
169.666667,0
169.7,0
169.733333,0
169.766667,0
169.8,0
169.833333,0
169.866667,0
169.9,0
169.933333,0
169.966667,0
170,0
170.033333,0
170.066667,0
170.1,0
170.133333,0
170.166667,0
170.2,0
170.233333,0
170.266667,0
170.3,0
170.333333,0
170.366667,0
170.4,0
170.433333,0
170.466667,0
170.5,0
170.533333,0
170.566667,0
170.6,0
170.633333,0
170.666667,0
170.7,0
170.733333,0
170.766667,0
170.8,0
170.833333,0
170.866667,0
170.9,0
170.933333,0
170.966667,0
171,0
171.033333,0
171.066667,0
171.1,0
171.133333,0
171.166667,0
171.2,0
171.233333,0
171.266667,0
171.3,0
171.333333,0
171.366667,0
171.4,0
171.433333,0
171.466667,0
171.5,0
171.533333,0
171.566667,0
171.6,0
171.633333,0
171.666667,0
171.7,0
171.733333,0
171.766667,0
171.8,0
171.833333,0
171.866667,0
171.9,0
171.933333,0
171.966667,0
172,0
172.033333,0
172.066667,0
172.1,0
172.133333,0
172.166667,0
172.2,0
172.233333,0
172.266667,0
172.3,0
172.333333,0
172.366667,0
172.4,0
172.433333,0
172.466667,0
172.5,0
172.533333,0
172.566667,0
172.6,0
172.633333,0
172.666667,0
172.7,0
172.733333,0
172.766667,0
172.8,0
172.833333,0
172.866667,0
172.9,0
172.933333,0
172.966667,0
173,0
173.033333,0
173.066667,0
173.1,0
173.133333,0
173.166667,0
173.2,0
173.233333,0
173.266667,0
173.3,0
173.333333,0
173.366667,0
173.4,0
173.433333,0
173.466667,0
173.5,0
173.533333,0
173.566667,0
173.6,0
173.633333,0
173.666667,0
173.7,0
173.733333,0
173.766667,0
173.8,0
173.833333,0
173.866667,0
173.9,0
173.933333,0
173.966667,0
174,0
174.033333,0
174.066667,0
174.1,0
174.133333,0
174.166667,0
174.2,0
174.233333,0
174.266667,0
174.3,0
174.333333,0
174.366667,0
174.4,0
174.433333,0
174.466667,0
174.5,0
174.533333,0
174.566667,0
174.6,0
174.633333,0
174.666667,0
174.7,0
174.733333,0
174.766667,0
174.8,0
174.833333,0
174.866667,0
174.9,0
174.933333,0
174.966667,0
175,0
175.033333,0
175.066667,0
175.1,0
175.133333,0
175.166667,0
175.2,0
175.233333,0
175.266667,0
175.3,0
175.333333,0
175.366667,0
175.4,0
175.433333,0
175.466667,0
175.5,0
175.533333,0
175.566667,0
175.6,0
175.633333,0
175.666667,0
175.7,0
175.733333,0
175.766667,0
175.8,0
175.833333,0
175.866667,0
175.9,0
175.933333,0
175.966667,0
176,0
176.033333,0
176.066667,0
176.1,0
176.133333,0
176.166667,0
176.2,0
176.233333,0
176.266667,0
176.3,0
176.333333,0
176.366667,0
176.4,0
176.433333,0
176.466667,0
176.5,0
176.533333,0
176.566667,0
176.6,0
176.633333,0
176.666667,0
176.7,0
176.733333,0
176.766667,0
176.8,0
176.833333,0
176.866667,0
176.9,0
176.933333,0
176.966667,0
177,0
177.033333,0
177.066667,0
177.1,0
177.133333,0
177.166667,0
177.2,0
177.233333,0
177.266667,0
177.3,0
177.333333,0
177.366667,0
177.4,0
177.433333,0
177.466667,0
177.5,0
177.533333,0
177.566667,0
177.6,0
177.633333,0
177.666667,0
177.7,0
177.733333,0
177.766667,0
177.8,0
177.833333,0
177.866667,0
177.9,0
177.933333,0
177.966667,0
178,0
178.033333,0
178.066667,0
178.1,0
178.133333,0
178.166667,0
178.2,0
178.233333,0
178.266667,0
178.3,0
178.333333,0
178.366667,0
178.4,0
178.433333,0
178.466667,0
178.5,0
178.533333,0
178.566667,0
178.6,0
178.633333,0
178.666667,0
178.7,0
178.733333,0
178.766667,0
178.8,0
178.833333,0
178.866667,0
178.9,0
178.933333,0
178.966667,0
179,0
179.033333,0
179.066667,0
179.1,0
179.133333,0
179.166667,0
179.2,0
179.233333,0
179.266667,0
179.3,0
179.333333,0
179.366667,0
179.4,0
179.433333,0
179.466667,0
179.5,0
179.533333,0
179.566667,0
179.6,0
179.633333,0
179.666667,0
179.7,0
179.733333,0
179.766667,0
179.8,0
179.833333,0
179.866667,0
179.9,0
179.933333,0
179.966667,0
180,0
180.033333,0
180.066667,0
180.1,0
180.133333,0
180.166667,0
180.2,0
180.233333,0
180.266667,0
180.3,0
180.333333,0
180.366667,0
180.4,0
180.433333,0
180.466667,0
180.5,0
180.533333,0
180.566667,0
180.6,0
180.633333,0
180.666667,0
180.7,0
180.733333,0
180.766667,0
180.8,0
180.833333,0
180.866667,0
180.9,0
180.933333,0
180.966667,0
181,0
181.033333,0
181.066667,0
181.1,0
181.133333,0
181.166667,0
181.2,0
181.233333,0
181.266667,0
181.3,0
181.333333,0
181.366667,0
181.4,0
181.433333,0
181.466667,0
181.5,0
181.533333,0
181.566667,0
181.6,0
181.633333,0
181.666667,0
181.7,0
181.733333,0
181.766667,0
181.8,0
181.833333,0
181.866667,0
181.9,0
181.933333,0
181.966667,0
182,0
182.033333,0
182.066667,0
182.1,0
182.133333,0
182.166667,0
182.2,0
182.233333,0
182.266667,0
182.3,0
182.333333,0
182.366667,0
182.4,0
182.433333,0
182.466667,0
182.5,0
182.533333,0
182.566667,0
182.6,0
182.633333,0
182.666667,0
182.7,0
182.733333,0
182.766667,0
182.8,0
182.833333,0
182.866667,0
182.9,0
182.933333,0
182.966667,0
183,0
183.033333,0
183.066667,0
183.1,0
183.133333,0
183.166667,0
183.2,0
183.233333,0
183.266667,0
183.3,0
183.333333,0
183.366667,0
183.4,0
183.433333,0
183.466667,0
183.5,0
183.533333,0
183.566667,0
183.6,0
183.633333,0
183.666667,0
183.7,0
183.733333,0
183.766667,0
183.8,0
183.833333,0
183.866667,0
183.9,0
183.933333,0
183.966667,0
184,0
184.033333,0
184.066667,0
184.1,0
184.133333,0
184.166667,0
184.2,0
184.233333,0
184.266667,0
184.3,0
184.333333,0
184.366667,0
184.4,0
184.433333,0
184.466667,0
184.5,0
184.533333,0
184.566667,0
184.6,0
184.633333,0
184.666667,0
184.7,0
184.733333,0
184.766667,0
184.8,0
184.833333,0
184.866667,0
184.9,0
184.933333,0
184.966667,0
185,0
185.033333,0
185.066667,0
185.1,0
185.133333,0
185.166667,0
185.2,0
185.233333,0
185.266667,0
185.3,0
185.333333,0
185.366667,0
185.4,0
185.433333,0
185.466667,0
185.5,0
185.533333,0
185.566667,0
185.6,0
185.633333,0
185.666667,0
185.7,0
185.733333,0
185.766667,0
185.8,0
185.833333,0
185.866667,0
185.9,0
185.933333,0
185.966667,0
186,0
186.033333,0
186.066667,0
186.1,0
186.133333,0
186.166667,0
186.2,0
186.233333,0
186.266667,0
186.3,0
186.333333,0
186.366667,0
186.4,0
186.433333,0
186.466667,0
186.5,0
186.533333,0
186.566667,0
186.6,0
186.633333,0
186.666667,0
186.7,0
186.733333,0
186.766667,0
186.8,0
186.833333,0
186.866667,0
186.9,0
186.933333,0
186.966667,0
187,0
187.033333,0
187.066667,0
187.1,0
187.133333,0
187.166667,0
187.2,0
187.233333,0
187.266667,0
187.3,0
187.333333,0
187.366667,0
187.4,0
187.433333,0
187.466667,0
187.5,0
187.533333,0
187.566667,0
187.6,0
187.633333,0
187.666667,0
187.7,0
187.733333,0
187.766667,0
187.8,0
187.833333,0
187.866667,0
187.9,0
187.933333,0
187.966667,0
188,0
188.033333,0
188.066667,0
188.1,0
188.133333,0
188.166667,0
188.2,0
188.233333,0
188.266667,0
188.3,0
188.333333,0
188.366667,0
188.4,0
188.433333,0
188.466667,0
188.5,0
188.533333,0
188.566667,0
188.6,0
188.633333,0
188.666667,0
188.7,0
188.733333,0
188.766667,0
188.8,0
188.833333,0
188.866667,0
188.9,0
188.933333,0
188.966667,0
189,0
189.033333,0
189.066667,0
189.1,0
189.133333,0
189.166667,0
189.2,0
189.233333,0
189.266667,0
189.3,0
189.333333,0
189.366667,0
189.4,0
189.433333,0
189.466667,0
189.5,0
189.533333,0
189.566667,0
189.6,0
189.633333,0
189.666667,0
189.7,0
189.733333,0
189.766667,0
189.8,0
189.833333,0
189.866667,0
189.9,0
189.933333,0
189.966667,0
190,0
190.033333,0
190.066667,0
190.1,0
190.133333,0
190.166667,0
190.2,0
190.233333,0
190.266667,0
190.3,0
190.333333,0
190.366667,0
190.4,0
190.433333,0
190.466667,0
190.5,0
190.533333,0
190.566667,0
190.6,0
190.633333,0
190.666667,0
190.7,0
190.733333,0
190.766667,0
190.8,0
190.833333,0
190.866667,0
190.9,0
190.933333,0
190.966667,0
191,0
191.033333,0
191.066667,0
191.1,0
191.133333,0
191.166667,0
191.2,0
191.233333,0
191.266667,0
191.3,0
191.333333,0
191.366667,0
191.4,0
191.433333,0
191.466667,0
191.5,0
191.533333,0
191.566667,0
191.6,0
191.633333,0
191.666667,0
191.7,0
191.733333,0
191.766667,0
191.8,0
191.833333,0
191.866667,0
191.9,0
191.933333,0
191.966667,0
192,0
192.033333,0
192.066667,0
192.1,0
192.133333,0
192.166667,0
192.2,0
192.233333,0
192.266667,0
192.3,0
192.333333,0
192.366667,0
192.4,0
192.433333,0
192.466667,0
192.5,0
192.533333,0
192.566667,0
192.6,0
192.633333,0
192.666667,0
192.7,0
192.733333,0
192.766667,0
192.8,0
192.833333,0
192.866667,0
192.9,0
192.933333,0
192.966667,0
193,0
193.033333,0
193.066667,0
193.1,0
193.133333,0
193.166667,0
193.2,0
193.233333,0
193.266667,0
193.3,0
193.333333,0
193.366667,0
193.4,0
193.433333,0
193.466667,0
193.5,0
193.533333,0
193.566667,0
193.6,0
193.633333,0
193.666667,0
193.7,0
193.733333,0
193.766667,0
193.8,0
193.833333,0
193.866667,0
193.9,0
193.933333,0
193.966667,0
194,0
194.033333,0
194.066667,0
194.1,0
194.133333,0
194.166667,0
194.2,0
194.233333,0
194.266667,0
194.3,0
194.333333,0
194.366667,0
194.4,0
194.433333,0
194.466667,0
194.5,0
194.533333,0
194.566667,0
194.6,0
194.633333,0
194.666667,0
194.7,0
194.733333,0
194.766667,0
194.8,0
194.833333,0
194.866667,0
194.9,0
194.933333,0
194.966667,0
195,0
195.033333,0
195.066667,0
195.1,0
195.133333,0
195.166667,0
195.2,0
195.233333,0
195.266667,0
195.3,0
195.333333,0
195.366667,0
195.4,0
195.433333,0
195.466667,0
195.5,0
195.533333,0
195.566667,0
195.6,0
195.633333,0
195.666667,0
195.7,0
195.733333,0
195.766667,0
195.8,0
195.833333,0
195.866667,0
195.9,0
195.933333,0
195.966667,0
196,0
196.033333,0
196.066667,0
196.1,0
196.133333,0
196.166667,0
196.2,0
196.233333,0
196.266667,0
196.3,0
196.333333,0
196.366667,0
196.4,0
196.433333,0
196.466667,0
196.5,8.39711
196.533333,0.000815
196.566667,0.00018
196.6,9.5
196.633333,6
196.666667,6
196.7,6
196.733333,6
196.766667,6
196.8,6
196.833333,6
196.866667,6
196.9,6
196.933333,6
196.966667,6
197,0.000985
197.033333,0.0007825
197.066667,0.000155
197.1,7.5
197.133333,4
197.166667,4
197.2,4
197.233333,4
197.266667,4
197.3,4
197.333333,4
197.366667,4
197.4,4
197.433333,4
197.466667,4
197.5,4
197.533333,4
197.566667,4
197.6,4
197.633333,4
197.666667,4
197.7,4
197.733333,4
197.766667,4
197.8,4
197.833333,4
197.866667,4
197.9,4
197.933333,4
197.966667,4
198,0.0008225
198.033333,0.0007825
198.066667,0.000155
198.1,7.5
198.133333,4
198.166667,4
198.2,4
198.233333,4
198.266667,4
198.3,4
198.333333,4
198.366667,4
198.4,4
198.433333,4
198.466667,4
198.5,4
198.533333,4
198.566667,4
198.6,4
198.633333,4
198.666667,4
198.7,4
198.733333,4
198.766667,4
198.8,8.39712
198.833333,0
198.866667,0
198.9,0
198.933333,0
198.966667,0
199,0
199.033333,0
199.066667,0
199.1,0
199.133333,0
199.166667,0
199.2,0
199.233333,0
199.266667,0
199.3,0
199.333333,0
199.366667,0
199.4,0
199.433333,0
199.466667,0
199.5,0
199.533333,0
199.566667,0
199.6,0
199.633333,0
199.666667,0
199.7,0
199.733333,0
199.766667,0
199.8,0
199.833333,0
199.866667,0
199.9,0
199.933333,0
199.966667,0
200,0
200.033333,0
200.066667,0
200.1,0
200.133333,0
200.166667,0
200.2,0
200.233333,0
200.266667,0
200.3,0
200.333333,0
200.366667,0
200.4,0
200.433333,0
200.466667,0
200.5,0
200.533333,0
200.566667,0
200.6,0
200.633333,0
200.666667,0
200.7,0
200.733333,0
200.766667,0
200.8,0
200.833333,0
200.866667,0
200.9,0
200.933333,0
200.966667,0
201,0
201.033333,0
201.066667,0
201.1,0
201.133333,0
201.166667,0
201.2,0
201.233333,0
201.266667,0
201.3,0
201.333333,0
201.366667,0
201.4,0
201.433333,0
201.466667,0
201.5,0
201.533333,0
201.566667,0
201.6,0
201.633333,0
201.666667,0
201.7,0
201.733333,0
201.766667,0
201.8,0
201.833333,0
201.866667,0
201.9,0
201.933333,0
201.966667,0
202,0
202.033333,0
202.066667,0
202.1,0
202.133333,0
202.166667,0
202.2,0
202.233333,0
202.266667,0
202.3,0
202.333333,0
202.366667,0
202.4,0
202.433333,0
202.466667,0
202.5,0
202.533333,0
202.566667,0
202.6,0
202.633333,0
202.666667,0
202.7,0
202.733333,0
202.766667,0
202.8,0
202.833333,0
202.866667,0
202.9,0
202.933333,0
202.966667,0
203,0
203.033333,0
203.066667,0
203.1,0
203.133333,0
203.166667,0
203.2,0
203.233333,0
203.266667,0
203.3,0
203.333333,0
203.366667,0
203.4,0
203.433333,0
203.466667,0
203.5,0
203.533333,0
203.566667,0
203.6,0
203.633333,0
203.666667,0
203.7,0
203.733333,0
203.766667,0
203.8,0
203.833333,0
203.866667,0
203.9,0
203.933333,0
203.966667,0
204,0
204.033333,0
204.066667,0
204.1,0
204.133333,0
204.166667,0
204.2,0
204.233333,0
204.266667,0
204.3,0
204.333333,0
204.366667,0
204.4,0
204.433333,0
204.466667,0
204.5,0
204.533333,0
204.566667,0
204.6,0
204.633333,0
204.666667,0
204.7,0
204.733333,0
204.766667,0
204.8,0
204.833333,0
204.866667,0
204.9,0
204.933333,0
204.966667,0
205,0
205.033333,0
205.066667,0
205.1,0
205.133333,0
205.166667,0
205.2,0
205.233333,0
205.266667,0
205.3,0
205.333333,0
205.366667,0
205.4,0
205.433333,0
205.466667,0
205.5,0
205.533333,0
205.566667,0
205.6,0
205.633333,0
205.666667,0
205.7,0
205.733333,0
205.766667,0
205.8,0
205.833333,0
205.866667,0
205.9,0
205.933333,0
205.966667,0
206,0
206.033333,0
206.066667,0
206.1,0
206.133333,0
206.166667,0
206.2,0
206.233333,0
206.266667,0
206.3,0
206.333333,0
206.366667,0
206.4,0
206.433333,0
206.466667,0
206.5,0
206.533333,0
206.566667,0
206.6,0
206.633333,0
206.666667,0
206.7,0
206.733333,0
206.766667,0
206.8,0
206.833333,0
206.866667,0
206.9,0
206.933333,0
206.966667,0
207,0
207.033333,0
207.066667,0
207.1,0
207.133333,0
207.166667,0
207.2,0
207.233333,0
207.266667,0
207.3,0
207.333333,0
207.366667,0
207.4,0
207.433333,0
207.466667,0
207.5,0
207.533333,0
207.566667,0
207.6,0
207.633333,0
207.666667,0
207.7,0
207.733333,0
207.766667,0
207.8,0
207.833333,0
207.866667,0
207.9,0
207.933333,0
207.966667,0
208,0
208.033333,0
208.066667,0
208.1,0
208.133333,0
208.166667,0
208.2,0
208.233333,0
208.266667,0
208.3,0
208.333333,0
208.366667,0
208.4,0
208.433333,0
208.466667,0
208.5,0
208.533333,0
208.566667,0
208.6,0
208.633333,0
208.666667,0
208.7,0
208.733333,0
208.766667,0
208.8,0
208.833333,0
208.866667,0
208.9,0
208.933333,0
208.966667,0
209,0
209.033333,0
209.066667,0
209.1,0
209.133333,0
209.166667,0
209.2,0
209.233333,0
209.266667,0
209.3,0
209.333333,0
209.366667,0
209.4,0
209.433333,0
209.466667,0
209.5,0
209.533333,0
209.566667,0
209.6,0
209.633333,0
209.666667,0
209.7,0
209.733333,0
209.766667,0
209.8,0
209.833333,0
209.866667,0
209.9,0
209.933333,0
209.966667,0
210,0
210.033333,0
210.066667,0
210.1,0
210.133333,0
210.166667,0
210.2,0
210.233333,0
210.266667,0
210.3,0
210.333333,0
210.366667,0
210.4,0
210.433333,0
210.466667,0
210.5,0
210.533333,0
210.566667,0
210.6,0
210.633333,0
210.666667,0
210.7,0
210.733333,0
210.766667,0
210.8,0
210.833333,0
210.866667,0
210.9,0
210.933333,0.00123
210.966667,0.33356
211,0.43753
211.033333,0.400213
211.066667,0.176445
211.1,0.320663
211.133333,0.392153
211.166667,0.267267
211.2,0.272993
211.233333,0.23451
211.266667,0.231433
211.3,0.430248
211.333333,0.32556
211.366667,0.271883
211.4,0.283257
211.433333,0.23436
211.466667,0.27705
211.5,0.345998
211.533333,0.800307
211.566667,0.3146
211.6,0.152055
211.633333,0.18225
211.666667,0.24056
211.7,0.253308
211.733333,0.314233
211.766667,0.239127
211.8,0.21607
211.833333,0.227873
211.866667,0.263852
211.9,0.264485
211.933333,0.21846
211.966667,0.2551
212,0.41944
212.033333,0.264753
212.066667,0.560107
212.1,0.280175
212.133333,0.2294
212.166667,0.18835
212.2,0.0027775
212.233333,0.002345
212.266667,0.002255
212.3,0.00224
212.333333,0.002185
212.366667,0.002165
212.4,0.00218
212.433333,0.002185
212.466667,0.002165
212.5,0.00218
212.533333,0.002185
212.566667,0.002165
212.6,0.00218
212.633333,0.002185
212.666667,0.002165
212.7,0.00218
212.733333,0.002185
212.766667,0.002165
212.8,0.00218
212.833333,0.002185
212.866667,0.002165
212.9,0.00218
212.933333,0.002185
212.966667,0.002165
213,0.022455
213.033333,0.018725
213.066667,0.0052475
213.1,0.0027725
213.133333,0.002385
213.166667,0.002255
213.2,0.00222
213.233333,0.002225
213.266667,0.002205
213.3,0.00222
213.333333,0.002225
213.366667,0.002205
213.4,0.00222
213.433333,0.002225
213.466667,0.002205
213.5,0.00222
213.533333,0.002225
213.566667,0.002205
213.6,0.00222
213.633333,0.002225
213.666667,0.002205
213.7,0.00222
213.733333,0.002225
213.766667,0.002205
213.8,0.00222
213.833333,0.002225
213.866667,0.002205
213.9,0.00222
213.933333,0.002225
213.966667,0.002205
214,0.019745
214.033333,0.018725
214.066667,0.0052475
214.1,0.0027725
214.133333,0.002385
214.166667,0.002255
214.2,0.00222
214.233333,0.002225
214.266667,0.002205
214.3,0.00222
214.333333,0.002225
214.366667,0.002205
214.4,0.00222
214.433333,0.002225
214.466667,0.002205
214.5,0.00222
214.533333,0.002225
214.566667,99.6603
214.6,0.0410975
214.633333,0.0143375
214.666667,0.004465
214.7,0.0025625
214.733333,0.002265
214.766667,0.002295
214.8,0.00228
214.833333,0.00227
214.866667,0.00227
214.9,0.00227
214.933333,0.00227
214.966667,0.00227
215,0.033625
215.033333,0.016
215.066667,0.0046425
215.1,0.0026525
215.133333,0.00238
215.166667,0.00233
215.2,0.002385
215.233333,0.00235
215.266667,0.00235
215.3,0.00235
215.333333,0.00235
215.366667,0.00235
215.4,0.00235
215.433333,0.00235
215.466667,0.00235
215.5,0.00235
215.533333,0.00235
215.566667,0.00235
215.6,0.00235
215.633333,0.00235
215.666667,0.00235
215.7,0.00235
215.733333,0.00235
215.766667,0.00235
215.8,0.00235
215.833333,0.00235
215.866667,0.00235
215.9,0.00235
215.933333,0.00235
215.966667,0.00235
216,0.01693
216.033333,0.016
216.066667,0.0046425
216.1,0.0026525
216.133333,0.00238
216.166667,0.00233
216.2,0.002385
216.233333,0.00235
216.266667,0.00235
216.3,0.00235
216.333333,0.00235
216.366667,0.00235
216.4,0.00235
216.433333,0.00235
216.466667,0.00235
216.5,0.00235
216.533333,0.00235
216.566667,0.00235
216.6,0.00235
216.633333,0.00235
216.666667,0.00235
216.7,0.00235
216.733333,0.00235
216.766667,0.00235
216.8,0.00235
216.833333,0.00235
216.866667,0.00235
216.9,0.00235
216.933333,0.00235
216.966667,0.00235
217,0.01693
217.033333,0.016
217.066667,15.6565
217.1,0.0036475
217.133333,0.0022175
217.166667,0.0020225
217.2,0.00205
217.233333,0.00203
217.266667,0.00203
217.3,0.00203
217.333333,0.00203
217.366667,0.00203
217.4,0.00203
217.433333,0.00203
217.466667,0.00203
217.5,0.00203
217.533333,0.00203
217.566667,0.00203
217.6,0.00203
217.633333,0.00203
217.666667,0.00203
217.7,0.00203
217.733333,0.00203
217.766667,0.00203
217.8,0.00203
217.833333,0.00203
217.866667,0.00203
217.9,0.00203
217.933333,0.00203
217.966667,0.00203
218,0.015375
218.033333,0.013595
218.066667,0.0040475
218.1,0.002355
218.133333,0.00207
218.166667,0.002045
218.2,0.00209
218.233333,0.00207
218.266667,0.00207
218.3,0.00207
218.333333,0.00207
218.366667,0.00207
218.4,0.00207
218.433333,0.00207
218.466667,0.00207
218.5,0.00207
218.533333,0.00207
218.566667,0.00207
218.6,0.00207
218.633333,0.00207
218.666667,0.00207
218.7,0.00207
218.733333,0.00207
218.766667,0.00207
218.8,0.00207
218.833333,0.00207
218.866667,0.00207
218.9,0.00207
218.933333,0.00207
218.966667,0.00207
219,0.0143875
219.033333,0.013595
219.066667,0.0040475
219.1,0.002355
219.133333,0.00207
219.166667,0.002045
219.2,0.00209
219.233333,0.00207
219.266667,0.00207
219.3,0.00207
219.333333,0.00207
219.366667,0.00207
219.4,0.00207
219.433333,0.00207
219.466667,0.00207
219.5,0.00207
219.533333,0.00207
219.566667,0.00207
219.6,0.00207
219.633333,0.00207
219.666667,0.00207
219.7,0.00207
219.733333,0.00207
219.766667,0.00207
219.8,0.00207
219.833333,0.00207
219.866667,0.00207
219.9,0.00207
219.933333,0.00207
219.966667,0.00207
220,0.0143875
220.033333,104.951
220.066667,9.25
220.1,0
220.133333,0
220.166667,0
220.2,0
220.233333,0
220.266667,0
220.3,0
220.333333,0
220.366667,0
220.4,0
220.433333,0
220.466667,0
220.5,0
220.533333,0
220.566667,0
220.6,0
220.633333,0
220.666667,0
220.7,0
220.733333,0
220.766667,0
220.8,0
220.833333,0
220.866667,0
220.9,0
220.933333,0
220.966667,0
221,0
221.033333,0
221.066667,0
221.1,0
221.133333,0
221.166667,0
221.2,0
221.233333,0
221.266667,0
221.3,0
221.333333,0
221.366667,0
221.4,0
221.433333,0
221.466667,0
221.5,0
221.533333,0
221.566667,0
221.6,0
221.633333,0
221.666667,0
221.7,0
221.733333,0
221.766667,0
221.8,0
221.833333,0
221.866667,0
221.9,0
221.933333,0
221.966667,0
222,0
222.033333,0
222.066667,0
222.1,0
222.133333,0
222.166667,0
222.2,0
222.233333,0
222.266667,0
222.3,0
222.333333,0
222.366667,0
222.4,0
222.433333,0
222.466667,0
222.5,0
222.533333,0
222.566667,0
222.6,0
222.633333,0
222.666667,0
222.7,0
222.733333,0
222.766667,0
222.8,0
222.833333,0
222.866667,0
222.9,0
222.933333,0
222.966667,0
223,0
223.033333,0
223.066667,0
223.1,0
223.133333,0
223.166667,0
223.2,0
223.233333,0
223.266667,0
223.3,0
223.333333,0
223.366667,0
223.4,0
223.433333,0
223.466667,0
223.5,0
223.533333,0
223.566667,0
223.6,0
223.633333,0
223.666667,0
223.7,0
223.733333,0
223.766667,0
223.8,0
223.833333,0
223.866667,0
223.9,0
223.933333,0
223.966667,0
224,0
224.033333,0
224.066667,0
224.1,0
224.133333,0
224.166667,0
224.2,0
224.233333,0
224.266667,0
224.3,0
224.333333,0
224.366667,0
224.4,0
224.433333,0
224.466667,0
224.5,0
224.533333,0
224.566667,0
224.6,0
224.633333,0
224.666667,0
224.7,0
224.733333,0
224.766667,0
224.8,0
224.833333,0
224.866667,0
224.9,0
224.933333,0
224.966667,0
225,0
225.033333,0
225.066667,0
225.1,0
225.133333,0
225.166667,0
225.2,0
225.233333,0
225.266667,0
225.3,0
225.333333,0
225.366667,0
225.4,0
225.433333,0
225.466667,0
225.5,0
225.533333,0
225.566667,0
225.6,0
225.633333,0
225.666667,0
225.7,0
225.733333,0
225.766667,0
225.8,0
225.833333,0
225.866667,0
225.9,0
225.933333,0
225.966667,0
226,0
226.033333,0
226.066667,0
226.1,0
226.133333,0
226.166667,0
226.2,0
226.233333,0
226.266667,0
226.3,0
226.333333,0
226.366667,0
226.4,0
226.433333,0
226.466667,0
226.5,0
226.533333,0
226.566667,0
226.6,0
226.633333,0
226.666667,0
226.7,0
226.733333,0
226.766667,0
226.8,0
226.833333,0
226.866667,0
226.9,0
226.933333,0
226.966667,0
227,0
227.033333,0
227.066667,0
227.1,0
227.133333,0
227.166667,0
227.2,0
227.233333,0
227.266667,0
227.3,0
227.333333,0
227.366667,0
227.4,0
227.433333,0
227.466667,0
227.5,0
227.533333,0
227.566667,0
227.6,0
227.633333,0
227.666667,0
227.7,0
227.733333,0
227.766667,0
227.8,0
227.833333,0
227.866667,0
227.9,0
227.933333,0
227.966667,0
228,0
228.033333,0
228.066667,0
228.1,0
228.133333,0
228.166667,0
228.2,0
228.233333,0
228.266667,0
228.3,0
228.333333,0
228.366667,0
228.4,0.296405
228.433333,0.00452
228.466667,0.00315
228.5,0.0043725
228.533333,0.0045125
228.566667,0.00321
228.6,0.0045425
228.633333,0.0045625
228.666667,0.00338
228.7,0.0046225
228.733333,0.0046425
228.766667,0.004565
228.8,0.004655
228.833333,0.0033825
228.866667,0.00485
228.9,0.00472
228.933333,0.0048575
228.966667,0.0048225
229,0.005455
229.033333,0.0050125
229.066667,0.00486
229.1,0.00499
229.133333,0.00502
229.166667,0.0050125
229.2,0.006295
229.233333,0.0051275
229.266667,0.005115
229.3,0.0051275
229.333333,0.00634
229.366667,0.0053925
229.4,0.0063075
229.433333,0.00541
229.466667,0.006465
229.5,0.0055625
229.533333,0.0065275
229.566667,0.006655
229.6,0.0069075
229.633333,0.0057275
229.666667,0.006945
229.7,0.0082525
229.733333,0.0070925
229.766667,0.0071975
229.8,0.0072925
229.833333,0.0085575
229.866667,0.008865
229.9,0.0088375
229.933333,0.00909
229.966667,0.009235
230,0.0112675
230.033333,0.0099625
230.066667,0.012575
230.1,0.011715
230.133333,0.014525
230.166667,0.0152525
230.2,0.0170825
230.233333,0.021275
230.266667,0.0272925
230.3,0.078425
230.333333,0.0002825
230.366667,6.25
230.4,5
230.433333,2
230.466667,2
230.5,2
230.533333,2
230.566667,2
230.6,2
230.633333,2
230.666667,2
230.7,2
230.733333,2
230.766667,2
230.8,2
230.833333,2
230.866667,2
230.9,2
230.933333,2
230.966667,2
231,0.00123
231.033333,0.00081
231.066667,0.0001225
231.1,3
231.133333,4
231.166667,2
231.2,2
231.233333,2
231.266667,2
231.3,2
231.333333,2
231.366667,2
231.4,2
231.433333,2
231.466667,2
231.5,2
231.533333,2
231.566667,2
231.6,2
231.633333,2
231.666667,2
231.7,2
231.733333,2
231.766667,2
231.8,2
231.833333,2
231.866667,2
231.9,2
231.933333,2
231.966667,2
232,0.0008075
232.033333,0.00081
232.066667,0.0001225
232.1,3
232.133333,4
232.166667,2
232.2,2
232.233333,2
232.266667,2
232.3,2
232.333333,2
232.366667,2
232.4,2
232.433333,2
232.466667,2
232.5,2
232.533333,2
232.566667,2
232.6,2
232.633333,2
232.666667,2
232.7,2
232.733333,2
232.766667,2
232.8,2
232.833333,2
232.866667,2
232.9,2
232.933333,2
232.966667,2
233,0.0008075
233.033333,0.00081
233.066667,0.0001225
233.1,3
233.133333,4
233.166667,2
233.2,2
233.233333,2
233.266667,2
233.3,2
233.333333,2
233.366667,2
233.4,2
233.433333,2
233.466667,19.7744
233.5,0.0012875
233.533333,0.000505
233.566667,0.0002825
233.6,0.0002275
233.633333,0.00032
233.666667,0.00027
233.7,0.000255
233.733333,0.0002425
233.766667,0.0002625
233.8,0.0002975
233.833333,0.0002475
233.866667,0.0002175
233.9,0.00027
233.933333,0.0002975
233.966667,0.0002
234,0.0022
234.033333,0.001305
234.066667,0.000495
234.1,0.00023
234.133333,0.0002225
234.166667,0.0002775
234.2,0.000225
234.233333,0.00019
234.266667,0.0002125
234.3,0.000295
234.333333,0.000215
234.366667,0.000195
234.4,0.000265
234.433333,0.0002275
234.466667,0.0002325
234.5,0.0002625
234.533333,0.0003
234.566667,0.0002425
234.6,0.0002175
234.633333,0.0002625
234.666667,0.00019
234.7,0.000225
234.733333,0.000235
234.766667,0.000215
234.8,0.00024
234.833333,0.000235
234.866667,0.00024
234.9,0.00019
234.933333,0.00023
234.966667,0.0002375
235,0.001345
235.033333,0.001225
235.066667,0.000515
235.1,0.0002725
235.133333,0.00019
235.166667,0.0002225
235.2,0.00025
235.233333,0.00025
235.266667,0.00023
235.3,0.000245
235.333333,0.0002175
235.366667,0.000245
235.4,0.0003075
235.433333,0.0002175
235.466667,0.000215
235.5,0.0002175
235.533333,0.000255
235.566667,0.0002375
235.6,0.0002325
235.633333,0.00025
235.666667,0.000255
235.7,0.00032
235.733333,0.000265
235.766667,0.0002675
235.8,0.000235
235.833333,0.0003025
235.866667,0.000335
235.9,0.00026
235.933333,0.0002525
235.966667,0.000295
236,0.0013375
236.033333,0.0013775
236.066667,0.00044
236.1,0.00029
236.133333,0.0002375
236.166667,0.00031
236.2,0.00018
236.233333,0.00016
236.266667,0.00016
236.3,0.00016
236.333333,0.00016
236.366667,0.00016
236.4,0.00016
236.433333,0.00016
236.466667,0.00016
236.5,0.00016
236.533333,0.00016
236.566667,0.00016
236.6,0.00016
236.633333,0.00016
236.666667,0.00016
236.7,0.00016
236.733333,0.00016
236.766667,0.00016
236.8,0.00016
236.833333,0.00016
236.866667,0.00016
236.9,0.00016
236.933333,0.00016
236.966667,0.00016
237,0.0012575
237.033333,0.001195
237.066667,0.00036
237.1,0.00016
237.133333,0.00016
237.166667,0.00016
237.2,0.00016
237.233333,0.00016
237.266667,0.00016
237.3,0.00016
237.333333,0.00016
237.366667,0.00016
237.4,0.00016
237.433333,0.00016
237.466667,0.00016
237.5,0.00016
237.533333,0.00016
237.566667,0.00016
237.6,0.00016
237.633333,0.00016
237.666667,0.00016
237.7,0.00016
237.733333,0.00016
237.766667,0.00016
237.8,0.00016
237.833333,0.00016
237.866667,0.00016
237.9,0.00016
237.933333,0.00016
237.966667,0.00016
238,0.001185
238.033333,0.001195
238.066667,0.00036
238.1,0.00016
238.133333,0.00016
238.166667,0.00016
238.2,0.00016
238.233333,0.00016
238.266667,0.00016
238.3,0.00016
238.333333,0.00016
238.366667,0.00016
238.4,0.00016
238.433333,0.00016
238.466667,0.00016
238.5,0.00016
238.533333,0.00016
238.566667,0.00016
238.6,0.00016
238.633333,0.00016
238.666667,0.00016
238.7,0.00016
238.733333,0.0003425
238.766667,0.0003375
238.8,0.0002675
238.833333,0.0002525
238.866667,0.0003425
238.9,0.0003025
238.933333,0.0003225
238.966667,0.0003
239,0.0014575
239.033333,0.00131
239.066667,0.00052
239.1,0.0002925
239.133333,0.0003025
239.166667,0.00029
239.2,0.0003125
239.233333,0.0002725
239.266667,0.000285
239.3,0.0002525
239.333333,0.00029
239.366667,0.00028
239.4,0.0003025
239.433333,0.00023
239.466667,0.0003
239.5,0.000195
239.533333,0.0002975
239.566667,0.000185
239.6,0.0002625
239.633333,0.00022
239.666667,0.0003525
239.7,0.0002675
239.733333,0.000275
239.766667,0.000265
239.8,0.0002975
239.833333,0.00023
239.866667,0.0003125
239.9,0.0002575
239.933333,0.000295
239.966667,0.000185
240,0.001365
240.033333,0.001255
240.066667,0.0004825
240.1,0.000275
240.133333,0.000265
240.166667,0.000275
240.2,0.0003125
240.233333,19.4906
240.266667,0.21739
240.3,0.390112
240.333333,0.37617
240.366667,0.366123
240.4,0.367695
240.433333,0.113285
240.466667,0.0654325
240.5,0.167655
240.533333,0.172538
240.566667,0.18316
240.6,0.171005
240.633333,0.123972
240.666667,0.05784
240.7,0.121643
240.733333,0.15791
240.766667,0.183135
240.8,0.161098
240.833333,0.15672
240.866667,0.0602725
240.9,0.0764825
240.933333,0.149257
240.966667,0.151495
241,0.180127
241.033333,0.15772
241.066667,0.102565
241.1,0.0720125
241.133333,0.693735
241.166667,0.8318
241.2,0.895508
241.233333,0.89419
241.266667,0.717167
241.3,0.123563
241.333333,0.168835
241.366667,0.235223
241.4,0.25211
241.433333,0.18403
241.466667,0.173568
241.5,0.084995
241.533333,0.06906
241.566667,0.186012
241.6,0.190722
241.633333,0.238303
241.666667,0.194357
241.7,0.14609
241.733333,0.081575
241.766667,0.26565
241.8,0.381147
241.833333,0.393045
241.866667,0.38408
241.9,0.374665
241.933333,0.0989425
241.966667,0.0906725
242,0.112115
242.033333,0.104432
242.066667,0.0968325
242.1,0.098405
242.133333,0.0970275
242.166667,0.0988525
242.2,0.0975175
242.233333,0.0987475
242.266667,0.02636
242.3,0.001745
242.333333,0.00163
242.366667,0.001525
242.4,0.00153
242.433333,0.00153
242.466667,0.00151
242.5,0.00153
242.533333,0.00153
242.566667,0.00151
242.6,0.00153
242.633333,0.00153
242.666667,0.00151
242.7,0.00153
242.733333,0.00153
242.766667,0.00151
242.8,0.00153
242.833333,0.00153
242.866667,0.00151
242.9,0.00153
242.933333,0.00153
242.966667,0.00151
243,0.0151725
243.033333,0.01259
243.066667,0.0035075
243.1,0.00176
243.133333,0.00157
243.166667,0.0015
243.2,0.00151
243.233333,0.001515
243.266667,0.0015
243.3,0.00151
243.333333,0.00151
243.366667,0.00149
243.4,0.00151
243.433333,0.00151
243.466667,0.00149
243.5,0.00151
243.533333,0.00151
243.566667,0.00149
243.6,0.00151
243.633333,0.00151
243.666667,0.00149
243.7,0.00151
243.733333,0.00151
243.766667,0.00149
243.8,0.00151
243.833333,0.00151
243.866667,0.00149
243.9,0.00151
243.933333,0.00151
243.966667,0.00149
244,0.0131975
244.033333,0.01259
244.066667,0.0035075
244.1,10.2843
244.133333,0.006045
244.166667,0.002385
244.2,0.00177
244.233333,0.00182
244.266667,0.00174
244.3,0.0017125
244.333333,0.00171
244.366667,0.00169
244.4,0.00171
244.433333,0.00171
244.466667,0.00169
244.5,0.00171
244.533333,0.00171
244.566667,0.00169
244.6,0.00171
244.633333,0.00171
244.666667,0.00169
244.7,0.00171
244.733333,0.00171
244.766667,0.00169
244.8,0.00171
244.833333,0.00171
244.866667,0.00169
244.9,0.00171
244.933333,0.00171
244.966667,0.00169
245,0.016745
245.033333,0.0138575
245.066667,0.003835
245.1,0.00196
245.133333,0.001835
245.166667,0.0017
245.2,0.0016725
245.233333,0.001675
245.266667,0.00166
245.3,0.00167
245.333333,0.00167
245.366667,0.00165
245.4,12.9951
245.433333,0.004275
245.466667,0.0020275
245.5,0.0016025
245.533333,0.00145
245.566667,0.00144
245.6,0.00144
245.633333,0.00144
245.666667,0.00144
245.7,0.00144
245.733333,0.00144
245.766667,0.00144
245.8,0.00144
245.833333,0.00144
245.866667,0.00144
245.9,0.00144
245.933333,0.00144
245.966667,0.00144
246,0.0146625
246.033333,0.0125825
246.066667,0.0036675
246.1,0.00179
246.133333,0.001505
246.166667,0.00143
246.2,0.00142
246.233333,0.001425
246.266667,0.00143
246.3,0.00142
246.333333,0.00142
246.366667,0.00142
246.4,0.00142
246.433333,0.00142
246.466667,0.00142
246.5,0.00142
246.533333,0.00142
246.566667,0.00142
246.6,0.00142
246.633333,0.00142
246.666667,0.00142
246.7,0.00142
246.733333,0.00142
246.766667,0.00142
246.8,0.00142
246.833333,0.00142
246.866667,0.00142
246.9,0.00142
246.933333,0.00142
246.966667,0.00142
247,0.013495
247.033333,0.0125825
247.066667,0.0036675
247.1,0.00179
247.133333,0.001505
247.166667,0.00143
247.2,0.00142
247.233333,0.001425
247.266667,0.00143
247.3,0.00142
247.333333,0.00142
247.366667,0.00142
247.4,0.00142
247.433333,0.00142
247.466667,0.00142
247.5,0.00142
247.533333,0.00142
247.566667,0.00142
247.6,0.00142
247.633333,0.00142
247.666667,0.00142
247.7,0.00142
247.733333,0.00142
247.766667,0.00142
247.8,0.00142
247.833333,0.00142
247.866667,0.00142
247.9,0.00142
247.933333,0.00142
247.966667,0.00142
248,0.013495
248.033333,0.0125825
248.066667,0.0036675
248.1,0.00179
248.133333,0.001505
248.166667,0.00143
248.2,0.00142
248.233333,0.001425
248.266667,0.00143
248.3,0.00142
248.333333,0.00142
248.366667,0.00142
248.4,0.00142
248.433333,0.00142
248.466667,0.00142
248.5,0.00142
248.533333,0.00142
248.566667,0.00142
248.6,0.00142
248.633333,0.00142
248.666667,0.00142
248.7,0.00142
248.733333,0.00142
248.766667,0.00142
248.8,0.00142
248.833333,0.00142
248.866667,0.00142
248.9,0.00142
248.933333,0.00142
248.966667,0.00142
249,0.013495
249.033333,0.0125825
249.066667,0.0036675
249.1,0.00179
249.133333,0.001505
249.166667,0.00143
249.2,0.00142
249.233333,0.001425
249.266667,0.00143
249.3,0.00142
249.333333,0.00142
249.366667,0.00142
249.4,0.00142
249.433333,0.00142
249.466667,0.00142
249.5,0.00142
249.533333,0.00142
249.566667,0.00142
249.6,0.00142
249.633333,0.00142
249.666667,0.00142
249.7,95.3873
249.733333,0.0185375
249.766667,0.0040925
249.8,0.0017025
249.833333,0.001525
249.866667,0.00143
249.9,0.001425
249.933333,0.00143
249.966667,0.00141
250,0.0210325
250.033333,0.0098825
250.066667,0.0027575
250.1,0.0015025
250.133333,0.001415
250.166667,0.00133
250.2,0.00133
250.233333,0.001335
250.266667,0.001315
250.3,0.001315
250.333333,0.001315
250.366667,0.001315
250.4,0.001315
250.433333,0.001315
250.466667,0.001315
250.5,0.001315
250.533333,0.001315
250.566667,0.001315
250.6,0.001315
250.633333,0.001315
250.666667,0.001315
250.7,0.001315
250.733333,0.001315
250.766667,0.001315
250.8,0.001315
250.833333,0.001315
250.866667,0.001315
250.9,0.001315
250.933333,0.001315
250.966667,0.001315
251,0.0105125
251.033333,0.0098825
251.066667,0.0027575
251.1,0.0015025
251.133333,0.001415
251.166667,0.00133
251.2,0.00133
251.233333,0.001335
251.266667,0.001315
251.3,0.001315
251.333333,0.001315
251.366667,0.001315
251.4,0.001315
251.433333,0.001315
251.466667,0.001315
251.5,0.001315
251.533333,0.001315
251.566667,0.001315
251.6,0.001315
251.633333,0.001315
251.666667,0.001315
251.7,0.001315
251.733333,0.001315
251.766667,0.001315
251.8,0.001315
251.833333,0.001315
251.866667,0.001315
251.9,0.001315
251.933333,0.001315
251.966667,0.001315
252,0.0105125
252.033333,0.0098825
252.066667,0.0027575
252.1,0.0015025
252.133333,0.001415
252.166667,0.00133
252.2,0.00133
252.233333,0.001335
252.266667,0.001315
252.3,0.001315
252.333333,0.001315
252.366667,0.001315
252.4,0.001315
252.433333,0.001315
252.466667,0.001315
252.5,0.001315
252.533333,0.001315
252.566667,0.001315
252.6,0.001315
252.633333,0.001315
252.666667,0.001315
252.7,0.001315
252.733333,0.001315
252.766667,0.001315
252.8,0.001315
252.833333,0.001315
252.866667,0.001315
252.9,0.001315
252.933333,0.001315
252.966667,0.001315
253,0.0105125
253.033333,0.0098825
253.066667,0.0027575
253.1,0.0015025
253.133333,0.001415
253.166667,0.00133
253.2,0.00133
253.233333,0.001335
253.266667,0.001315
253.3,0.001315
253.333333,0.001315
253.366667,0.001315
253.4,0.001315
253.433333,0.001315
253.466667,0.001315
253.5,0.001315
253.533333,0.001315
253.566667,0.001315
253.6,0.001315
253.633333,0.001315
253.666667,0.001315
253.7,0.001315
253.733333,0.001315
253.766667,0.001315
253.8,0.001315
253.833333,0.001315
253.866667,0.001315
253.9,0.001315
253.933333,0.001315
253.966667,0.001315
254,0.0105125
254.033333,0.0098825
254.066667,0.0027575
254.1,0.0015025
254.133333,0.001415
254.166667,0.00133
254.2,0.00133
254.233333,0.001335
254.266667,0.001315
254.3,0.001315
254.333333,0.001315
254.366667,0.001315
254.4,0.001315
254.433333,0.001315
254.466667,0.001315
254.5,0.001315
254.533333,0.001315
254.566667,0.001315
254.6,0.001315
254.633333,0.001315
254.666667,0.001315
254.7,0.001315
254.733333,0.001315
254.766667,0.001315
254.8,0.001315
254.833333,0.001315
254.866667,0.001315
254.9,0.001315
254.933333,0.001315
254.966667,0.001315
255,0.0105125
255.033333,0.0098825
255.066667,0.0027575
255.1,0.0015025
255.133333,0.001415
255.166667,0.00133
255.2,0.00133
255.233333,0.001335
255.266667,0.001315
255.3,0.001315
255.333333,0.001315
255.366667,0.001315
255.4,0.001315
255.433333,0.001315
255.466667,0.001315
255.5,0.001315
255.533333,0.001315
255.566667,0.001315
255.6,0.001315
255.633333,0.001315
255.666667,0.001315
255.7,0.001315
255.733333,0.001315
255.766667,0.001315
255.8,0.001315
255.833333,0.001315
255.866667,0.001315
255.9,0.001315
255.933333,0.001315
255.966667,0.001315
256,0.0105125
256.033333,0.0098825
256.066667,0.0027575
256.1,0.0015025
256.133333,0.001415
256.166667,0.00133
256.2,0.00133
256.233333,0.001335
256.266667,0.001315
256.3,0.001315
256.333333,0.001315
256.366667,0.001315
256.4,0.001315
256.433333,0.001315
256.466667,0.001315
256.5,0.001315
256.533333,0.001315
256.566667,0.001315
256.6,0.001315
256.633333,0.001315
256.666667,0.001315
256.7,0.001315
256.733333,0.001315
256.766667,0.001315
256.8,0.001315
256.833333,0.001315
256.866667,0.001315
256.9,0.001315
256.933333,0.001315
256.966667,0.001315
257,0.0105125
257.033333,0.0098825
257.066667,0.0027575
257.1,0.0015025
257.133333,0.001415
257.166667,0.00133
257.2,0.00133
257.233333,0.001335
257.266667,0.001315
257.3,0.001315
257.333333,0.001315
257.366667,0.001315
257.4,0.001315
257.433333,0.001315
257.466667,0.001315
257.5,0.001315
257.533333,0.001315
257.566667,0.001315
257.6,0.001315
257.633333,0.001315
257.666667,0.001315
257.7,0.001315
257.733333,0.001315
257.766667,0.001315
257.8,0.001315
257.833333,0.001315
257.866667,0.001315
257.9,0.001315
257.933333,0.001315
257.966667,0.001315
258,0.0105125
258.033333,0.0098825
258.066667,0.0027575
258.1,0.0015025
258.133333,0.001415
258.166667,0.00133
258.2,0.00133
258.233333,0.001335
258.266667,0.001315
258.3,0.001315
258.333333,0.001315
258.366667,0.001315
258.4,0.001315
258.433333,0.001315
258.466667,0.001315
258.5,0.001315
258.533333,0.001315
258.566667,0.001315
258.6,0.001315
258.633333,0.001315
258.666667,0.001315
258.7,0.001315
258.733333,0.001315
258.766667,0.001315
258.8,0.001315
258.833333,0.001315
258.866667,0.001315
258.9,0.001315
258.933333,0.001315
258.966667,0.001315
259,0.0105125
259.033333,0.0098825
259.066667,0.0027575
259.1,0.0015025
259.133333,0.001415
259.166667,0.00133
259.2,0.00133
259.233333,0.001335
259.266667,0.001315
259.3,0.001315
259.333333,0.001315
259.366667,0.001315
259.4,0.001315
259.433333,0.001315
259.466667,0.001315
259.5,0.001315
259.533333,0.001315
259.566667,0.001315
259.6,0.001315
259.633333,0.001315
259.666667,0.001315
259.7,97.2366
259.733333,0.012885
259.766667,0.0028825
259.8,0.0010525
259.833333,0.0007675
259.866667,0.000685
259.9,0.000705
259.933333,0.000705
259.966667,0.000705
260,0.01365
260.033333,0.0068875
260.066667,0.0018125
260.1,0.0009825
260.133333,0.000905
260.166667,0.00085
260.2,0.00083
260.233333,0.00083
260.266667,0.00083
260.3,0.00083
260.333333,0.00083
260.366667,0.00083
260.4,0.00083
260.433333,0.00083
260.466667,0.00083
260.5,0.00083
260.533333,0.00083
260.566667,0.00083
260.6,0.00083
260.633333,0.00083
260.666667,0.00083
260.7,0.00083
260.733333,0.00083
260.766667,0.00083
260.8,0.00083
260.833333,0.00083
260.866667,0.00083
260.9,0.00083
260.933333,0.00083
260.966667,0.00083
261,0.0073575
261.033333,0.0068875
261.066667,0.0018125
261.1,0.0009825
261.133333,0.000905
261.166667,0.00085
261.2,2.68578
261.233333,0.000835
261.266667,0.00083
261.3,0.000835
261.333333,0.00085
261.366667,0.00083
261.4,0.00083
261.433333,0.00083
261.466667,0.00083
261.5,0.00083
261.533333,0.00083
261.566667,0.00083
261.6,0.00083
261.633333,0.00083
261.666667,0.00083
261.7,0.00083
261.733333,0.00083
261.766667,0.00083
261.8,0.00083
261.833333,0.00083
261.866667,0.00083
261.9,0.00083
261.933333,0.00083
261.966667,0.00083
262,0.007445
262.033333,0.0069075
262.066667,0.0018125
262.1,0.0009825
262.133333,0.000905
262.166667,0.00085
262.2,0.00083
262.233333,0.00083
262.266667,0.00083
262.3,0.00083
262.333333,0.00083
262.366667,0.00083
262.4,0.00083
262.433333,0.00083
262.466667,0.00083
262.5,0.00083
262.533333,0.00083
262.566667,0.00083
262.6,0.00083
262.633333,0.00083
262.666667,0.00083
262.7,0.00083
262.733333,0.00083
262.766667,0.00083
262.8,0.00083
262.833333,0.00083
262.866667,0.00083
262.9,0.00083
262.933333,0.00083
262.966667,0.00083
263,0.0073775
263.033333,0.0069075
263.066667,0.0018125
263.1,0.0009825
263.133333,0.000905
263.166667,0.00085
263.2,0.00083
263.233333,0.00083
263.266667,0.00083
263.3,0.00083
263.333333,0.00083
263.366667,0.00083
263.4,0.00083
263.433333,0.00083
263.466667,0.00083
263.5,0.00083
263.533333,0.00083
263.566667,0.00083
263.6,0.00083
263.633333,0.00083
263.666667,0.00083
263.7,0.00083
263.733333,0.00083
263.766667,0.00083
263.8,0.00083
263.833333,0.00083
263.866667,0.00083
263.9,0.00083
263.933333,0.00083
263.966667,0.00083
264,0.0073775
264.033333,0.0069075
264.066667,0.0018125
264.1,0.0009825
264.133333,0.000905
264.166667,0.00085
264.2,0.00083
264.233333,0.00083
264.266667,0.00083
264.3,0.00083
264.333333,0.00083
264.366667,0.00083
264.4,0.00083
264.433333,0.00083
264.466667,0.00083
264.5,0.00083
264.533333,0.00083
264.566667,0.00083
264.6,0.00083
264.633333,0.00083
264.666667,0.00083
264.7,0.00083
264.733333,0.00083
264.766667,0.00083
264.8,0.00083
264.833333,0.00083
264.866667,0.00083
264.9,0.00083
264.933333,0.00083
264.966667,0.00083
265,0.0073775
265.033333,0.0069075
265.066667,0.0018125
265.1,0.0009825
265.133333,0.000905
265.166667,0.00085
265.2,0.00083
265.233333,0.00083
265.266667,0.00083
265.3,0.00083
265.333333,0.00083
265.366667,0.00083
265.4,0.00083
265.433333,0.00083
265.466667,0.00083
265.5,0.00083
265.533333,0.00083
265.566667,0.00083
265.6,0.00083
265.633333,0.00083
265.666667,0.00083
265.7,0.00083
265.733333,0.00083
265.766667,0.00083
265.8,0.00083
265.833333,0.00083
265.866667,0.00083
265.9,0.00083
265.933333,0.00083
265.966667,0.00083
266,0.0073775
266.033333,0.0069075
266.066667,0.0018125
266.1,0.0009825
266.133333,0.000905
266.166667,0.00085
266.2,0.00083
266.233333,0.00083
266.266667,0.00083
266.3,0.00083
266.333333,0.00083
266.366667,0.00083
266.4,0.00083
266.433333,0.00083
266.466667,170.319
266.5,0.0753125
266.533333,0.0746075
266.566667,0.088425
266.6,0.112765
266.633333,0.15548
266.666667,0.34989
266.7,0.45251
266.733333,0.790935
266.766667,1.13023
266.8,1.10407
266.833333,0.68092
266.866667,1.96949
266.9,2.05496
266.933333,1.54111
266.966667,1.27938
267,2.02795
267.033333,2.13171
267.066667,0.764105
267.1,1.94794
267.133333,2.01704
267.166667,1.50901
267.2,1.23165
267.233333,1.84136
267.266667,1.94645
267.3,0.730553
267.333333,1.93573
267.366667,1.99781
267.4,1.47948
267.433333,1.38491
267.466667,2.05963
267.5,2.15134
267.533333,0.843457
267.566667,2.25119
267.6,2.30099
267.633333,1.6855
267.666667,1.6065
267.7,2.28924
267.733333,2.36207
267.766667,0.93523
267.8,0.780798
267.833333,0.008815
267.866667,0.00788
267.9,0.0077
267.933333,0.007685
267.966667,0.007665
268,0.071765
268.033333,0.044755
268.066667,0.0139475
268.1,0.0083875
268.133333,0.008075
268.166667,0.0079075
268.2,0.007885
268.233333,0.007905
268.266667,0.007895
268.3,0.007885
268.333333,0.0079
268.366667,0.007875
268.4,0.007885
268.433333,0.199577
268.466667,0.0081475
268.5,0.284445
268.533333,0.35883
268.566667,0.476245
268.6,0.594768
268.633333,0.679737
268.666667,0.808375
268.7,0.96119
268.733333,1.1308
268.766667,1.34899
268.8,1.50659
268.833333,1.65597
268.866667,1.84424
268.9,2.02376
268.933333,2.25485
268.966667,2.42999
269,2.58735
269.033333,2.68248
269.066667,2.75685
269.1,2.81493
269.133333,2.92826
269.166667,2.97615
269.2,3.07391
269.233333,3.1748
269.266667,0.0098075
269.3,0.008115
269.333333,0.00801
269.366667,0.00791
269.4,0.007845
269.433333,0.00786
269.466667,0.007835
269.5,0.007845
269.533333,0.00786
269.566667,0.007835
269.6,0.007845
269.633333,0.00786
269.666667,0.007835
269.7,0.007845
269.733333,0.00786
269.766667,0.007835
269.8,0.007845
269.833333,0.00786
269.866667,0.007835
269.9,0.007845
269.933333,0.00786
269.966667,0.007835
270,0.0511825
270.033333,0.044325
270.066667,0.013975
270.1,0.0084775
270.133333,0.00812
270.166667,0.0078675
270.2,0.007865
270.233333,0.007885
270.266667,0.007875
270.3,0.007865
270.333333,0.00788
270.366667,0.007855
270.4,0.007865
270.433333,0.00788
270.466667,0.007855
270.5,0.007865
270.533333,0.00788
270.566667,0.007855
270.6,0.007865
270.633333,0.00788
270.666667,0.007855
270.7,0.007865
270.733333,0.00788
270.766667,0.007855
270.8,0.007865
270.833333,0.00788
270.866667,0.007855
270.9,0.007865
270.933333,0.00788
270.966667,0.007855
271,0.04513
271.033333,0.044325
271.066667,0.013975
271.1,0.0084775
271.133333,0.00812
271.166667,0.0078675
271.2,0.007865
271.233333,0.007885
271.266667,0.007875
271.3,0.007865
271.333333,0.00788
271.366667,140.62
271.4,0.0045975
271.433333,0.00125
271.466667,0.0007725
271.5,0.00077
271.533333,0.000675
271.566667,0.00068
271.6,0.000685
271.633333,0.000675
271.666667,0.000675
271.7,0.000675
271.733333,0.000675
271.766667,0.000675
271.8,0.000675
271.833333,0.000675
271.866667,0.000675
271.9,0.000675
271.933333,0.000675
271.966667,0.000675
272,0.00417
272.033333,0.0046025
272.066667,0.0012675
272.1,0.0007975
272.133333,0.00079
272.166667,0.000695
272.2,0.0007
272.233333,0.000705
272.266667,0.000695
272.3,0.000695
272.333333,0.000695
272.366667,0.000695
272.4,0.000695
272.433333,0.000695
272.466667,0.000695
272.5,0.000695
272.533333,0.000695
272.566667,0.000695
272.6,0.000695
272.633333,0.000695
272.666667,0.000695
272.7,0.000695
272.733333,0.000695
272.766667,0.000695
272.8,0.000695
272.833333,0.000695
272.866667,0.000695
272.9,0.000695
272.933333,0.000695
272.966667,0.000695
273,0.0047525
273.033333,0.0046025
273.066667,0.0012675
273.1,0.0007975
273.133333,0.00079
273.166667,0.000695
273.2,0.0007
273.233333,0.000705
273.266667,0.000695
273.3,0.000695
273.333333,0.000695
273.366667,0.000695
273.4,0.000695
273.433333,0.000695
273.466667,0.000695
273.5,0.000695
273.533333,0.000695
273.566667,0.000695
273.6,0.000695
273.633333,0.000695
273.666667,0.000695
273.7,0.000695
273.733333,0.000695
273.766667,0.000695
273.8,0.000695
273.833333,0.000695
273.866667,0.000695
273.9,0.000695
273.933333,0.000695
273.966667,0.000695
274,0.0047525
274.033333,0.0046025
274.066667,0.0012675
274.1,0.0007975
274.133333,0.285785
274.166667,0.34073
274.2,0.342187
274.233333,0.343183
274.266667,0.341932
274.3,0.343732
274.333333,0.344565
274.366667,0.34347
274.4,0.344732
274.433333,0.344747
274.466667,0.349247
274.5,0.351768
274.533333,0.16545
274.566667,0.0122675
274.6,0.011355
274.633333,0.010215
274.666667,0.0007475
274.7,0.000695
274.733333,0.000695
274.766667,0.000695
274.8,0.000695
274.833333,0.000695
274.866667,0.000695
274.9,0.000695
274.933333,0.000695
274.966667,0.000695
275,0.0050775
275.033333,0.0047675
275.066667,0.0012875
275.1,0.0008175
275.133333,0.00081
275.166667,0.000715
275.2,0.00072
275.233333,0.000725
275.266667,0.000715
275.3,0.000715
275.333333,0.000715
275.366667,0.000715
275.4,0.000715
275.433333,0.000715
275.466667,0.000715
275.5,0.000715
275.533333,0.000715
275.566667,0.000715
275.6,0.000715
275.633333,0.000715
275.666667,0.000715
275.7,0.000715
275.733333,0.000715
275.766667,0.000715
275.8,0.000715
275.833333,0.000715
275.866667,0.000715
275.9,0.000715
275.933333,0.000715
275.966667,0.000715
276,0.0049175
276.033333,0.0047675
276.066667,19.6848
276.1,0.0749175
276.133333,0.190858
276.166667,0.302337
276.2,0.412413
276.233333,0.497945
276.266667,0.58659
276.3,0.655038
276.333333,0.713032
276.366667,0.770787
276.4,0.81228
276.433333,0.83889
276.466667,0.867245
276.5,0.886428
276.533333,0.893865
276.566667,0.907798
276.6,0.899047
276.633333,0.894467
276.666667,0.875795
276.7,0.864375
276.733333,0.829235
276.766667,0.796318
276.8,0.741865
276.833333,0.69022
276.866667,0.622162
276.9,0.549255
276.933333,0.45932
276.966667,0.37576
277,0.27726
277.033333,0.179187
277.066667,0.06352
277.1,0.0629075
277.133333,0.17495
277.166667,0.272577
277.2,0.37598
277.233333,0.46038
277.266667,0.548543
277.3,0.62186
277.333333,0.690568
277.366667,0.743188
277.4,0.796183
277.433333,0.828372
277.466667,0.863975
277.5,0.87644
277.533333,0.89508
277.566667,0.902543
277.6,0.903775
277.633333,0.893645
277.666667,0.885903
277.7,0.867777
277.733333,0.839117
277.766667,0.812375
277.8,0.770367
277.833333,0.712815
277.866667,0.65517
277.9,0.58725
277.933333,0.497383
277.966667,0.41191
278,0.306312
278.033333,0.193997
278.066667,0.0752825
278.1,0.0745525
278.133333,0.190477
278.166667,0.301975
278.2,0.41193
278.233333,0.49821
278.266667,0.586403
278.3,0.65516
278.333333,0.713278
278.366667,0.770678
278.4,0.81219
278.433333,0.838928
278.466667,0.867115
278.5,0.88647
278.533333,0.89376
278.566667,0.907745
278.6,0.89883
278.633333,0.894563
278.666667,0.87562
278.7,0.864255
278.733333,0.82913
278.766667,0.796388
278.8,0.741757
278.833333,0.69036
278.866667,0.622112
278.9,0.54923
278.933333,0.459335
278.966667,0.37588
279,0.277523
279.033333,0.17919
279.066667,0.0635225
279.1,0.062895
279.133333,0.174962
279.166667,0.272537
279.2,0.376018
279.233333,16.9975
279.266667,0.0008775
279.3,0.000775
279.333333,0.000735
279.366667,0.000735
279.4,0.000735
279.433333,0.000735
279.466667,0.000735
279.5,0.000735
279.533333,0.000735
279.566667,0.000735
279.6,0.000735
279.633333,0.000735
279.666667,0.000735
279.7,0.000735
279.733333,0.000735
279.766667,0.000735
279.8,0.000735
279.833333,0.000735
279.866667,0.000735
279.9,0.000735
279.933333,0.000735
279.966667,0.000735
280,0.005305
280.033333,0.0047675
280.066667,0.0012875
280.1,0.0008175
280.133333,0.00081
280.166667,0.000715
280.2,0.00072
280.233333,0.000725
280.266667,0.000715
280.3,0.000715
280.333333,0.000715
280.366667,0.000715
280.4,0.000715
280.433333,0.000715
280.466667,0.000715
280.5,0.000715
280.533333,0.000715
280.566667,0.000715
280.6,0.000715
280.633333,0.000715
280.666667,0.000715
280.7,0.000715
280.733333,0.000715
280.766667,0.000715
280.8,0.000715
280.833333,0.000715
280.866667,0.000715
280.9,0.000715
280.933333,0.000715
280.966667,0.000715
281,0.0049175
281.033333,0.0047675
281.066667,0.0012875
281.1,0.0008175
281.133333,0.00081
281.166667,0.000715
281.2,0.00072
281.233333,0.000725
281.266667,0.000715
281.3,0.000715
281.333333,0.000715
281.366667,0.000715
281.4,0.000715
281.433333,0.000715
281.466667,0.000715
281.5,0.000715
281.533333,0.000715
281.566667,0.000715
281.6,0.000715
281.633333,0.000715
281.666667,0.000715
281.7,0.000715
281.733333,0.000715
281.766667,0.000715
281.8,0.000715
281.833333,0.000715
281.866667,0.000715
281.9,0.000715
281.933333,0.000715
281.966667,0.000715
282,0.0049175
282.033333,0.0047675
282.066667,0.0012875
282.1,0.0008175
282.133333,0.00081
282.166667,0.000715
282.2,0.00072
282.233333,0.000725
282.266667,0.000715
282.3,0.000715
282.333333,0.000715
282.366667,0.000715
282.4,0.000715
282.433333,0.000715
282.466667,0.000715
282.5,0.000715
282.533333,0.000715
282.566667,0.000715
282.6,0.000715
282.633333,0.000715
282.666667,0.000715
282.7,0.000715
282.733333,0.000715
282.766667,0.000715
282.8,0.000715
282.833333,0.000715
282.866667,0.000715
282.9,0.000715
282.933333,0.000715
282.966667,0.000715
283,0.0049175
283.033333,0.0047675
283.066667,0.0012875
283.1,0.0008175
283.133333,0.00081
283.166667,0.000715
283.2,0.00072
283.233333,0.000725
283.266667,0.000715
283.3,0.000715
283.333333,0.000715
283.366667,0.000715
283.4,0.000715
283.433333,0.000715
283.466667,0.000715
283.5,0.000715
283.533333,0.000715
283.566667,0.000715
283.6,0.000715
283.633333,0.000715
283.666667,0.000715
283.7,0.000715
283.733333,0.000715
283.766667,0.000715
283.8,0.000715
283.833333,0.000715
283.866667,0.000715
283.9,0.000715
283.933333,0.000715
283.966667,0.000715
284,210.052
284.033333,0.05072
284.066667,0.01813
284.1,0.01517
284.133333,0.014965
284.166667,0.014755
284.2,0.014715
284.233333,0.014715
284.266667,0.014715
284.3,0.014715
284.333333,0.014715
284.366667,0.014715
284.4,0.294152
284.433333,10.5041
284.466667,27.5509
284.5,41.8189
284.533333,42.4918
284.566667,0.013085
284.6,0.00797
284.633333,0.0071225
284.666667,0.007055
284.7,0.00705
284.733333,0.007015
284.766667,0.007015
284.8,0.007005
284.833333,0.007015
284.866667,0.007015
284.9,0.007005
284.933333,0.007015
284.966667,0.007015
285,0.035475
285.033333,0.027635
285.066667,0.009695
285.1,0.007645
285.133333,0.0074475
285.166667,0.00729
285.2,0.007215
285.233333,0.007215
285.266667,0.007205
285.3,0.007215
285.333333,0.007215
285.366667,0.007205
285.4,0.007215
285.433333,0.007215
285.466667,0.007205
285.5,0.007215
285.533333,0.007215
285.566667,0.007205
285.6,0.007215
285.633333,0.007215
285.666667,0.007205
285.7,0.007215
285.733333,0.007215
285.766667,0.007205
285.8,0.007215
285.833333,0.007215
285.866667,0.007205
285.9,0.007215
285.933333,0.007215
285.966667,0.007205
286,0.0286875
286.033333,0.027635
286.066667,0.009695
286.1,0.007645
286.133333,0.0074475
286.166667,0.00729
286.2,0.007215
286.233333,0.007215
286.266667,0.007205
286.3,0.007215
286.333333,0.007215
286.366667,0.007205
286.4,0.007215
286.433333,0.007215
286.466667,0.007205
286.5,0.007215
286.533333,0.007215
286.566667,0.007205
286.6,0.007215
286.633333,0.007215
286.666667,0.007205
286.7,0.007215
286.733333,0.007215
286.766667,0.007205
286.8,0.007215
286.833333,0.007215
286.866667,0.007205
286.9,0.007215
286.933333,0.007215
286.966667,0.007205
287,0.0286875
287.033333,0.027635
287.066667,0.009695
287.1,0.007645
287.133333,0.0074475
287.166667,0.00729
287.2,0.007215
287.233333,0.007215
287.266667,0.007205
287.3,0.007215
287.333333,0.007215
287.366667,0.007205
287.4,0.007215
287.433333,0.007215
287.466667,0.007205
287.5,0.007215
287.533333,0.007215
287.566667,0.007205
287.6,0.007215
287.633333,0.007215
287.666667,0.007205
287.7,0.007215
287.733333,0.007215
287.766667,0.007205
287.8,0.007215
287.833333,0.007215
287.866667,0.007205
287.9,0.007215
287.933333,0.007215
287.966667,0.007205
288,0.0286875
288.033333,0.027635
288.066667,0.009695
288.1,0.007645
288.133333,0.0074475
288.166667,0.00729
288.2,0.007215
288.233333,0.007215
288.266667,0.007205
288.3,0.007215
288.333333,0.007215
288.366667,0.007205
288.4,0.007215
288.433333,0.007215
288.466667,0.007205
288.5,155.428
288.533333,6.5
288.566667,0
288.6,0
288.633333,0
288.666667,0
288.7,0
288.733333,0
288.766667,0
288.8,0
288.833333,0
288.866667,0
288.9,0
288.933333,0
288.966667,0
289,0
289.033333,0
289.066667,0
289.1,0
289.133333,0
289.166667,0
289.2,0
289.233333,0
289.266667,0
289.3,0
289.333333,0
289.366667,0
289.4,0
289.433333,0
289.466667,0
289.5,0
289.533333,0
289.566667,0
289.6,0
289.633333,0
289.666667,0
289.7,0
289.733333,0
289.766667,0
289.8,0
289.833333,0
289.866667,0
289.9,0
289.933333,0
289.966667,0
290,0
290.033333,0
290.066667,0
290.1,0
290.133333,0
290.166667,0
290.2,0
290.233333,0
290.266667,0
290.3,0
290.333333,0
290.366667,0
290.4,0
290.433333,0
290.466667,0
290.5,0
290.533333,0
290.566667,0
290.6,0
290.633333,0
290.666667,0
290.7,0
290.733333,0
290.766667,0
290.8,0
290.833333,0
290.866667,0
290.9,0
290.933333,0
290.966667,0
291,0
291.033333,0
291.066667,0
291.1,0
291.133333,0
291.166667,0
291.2,0
291.233333,0
291.266667,0
291.3,0
291.333333,0
291.366667,0
291.4,0
291.433333,0
291.466667,0
291.5,0
291.533333,0
291.566667,0
291.6,0
291.633333,0
291.666667,0
291.7,0
291.733333,0
291.766667,0
291.8,0
291.833333,0
291.866667,0
291.9,0
291.933333,0
291.966667,0
292,0
292.033333,0
292.066667,0
292.1,0
292.133333,0
292.166667,0
292.2,0
292.233333,0
292.266667,0
292.3,0
292.333333,0
292.366667,0
292.4,0
292.433333,0
292.466667,0
292.5,0
292.533333,0
292.566667,0
292.6,0
292.633333,0
292.666667,0
292.7,0
292.733333,0
292.766667,0
292.8,0
292.833333,0
292.866667,0
292.9,0
292.933333,0
292.966667,0
293,0
293.033333,0
293.066667,0
293.1,0
293.133333,0
293.166667,0
293.2,0
293.233333,0
293.266667,0
293.3,0
293.333333,0
293.366667,0
293.4,0
293.433333,0
293.466667,0
293.5,0
293.533333,0
293.566667,0
293.6,0
293.633333,0
293.666667,0
293.7,0
293.733333,0
293.766667,0
293.8,0
293.833333,0
293.866667,0
293.9,0
293.933333,0
293.966667,0
294,0
294.033333,0
294.066667,0
294.1,0
294.133333,0
294.166667,0
294.2,0
294.233333,0
294.266667,0
294.3,0
294.333333,0
294.366667,0
294.4,0
294.433333,0
294.466667,0
294.5,0
294.533333,0
294.566667,0
294.6,0
294.633333,0
294.666667,0
294.7,0
294.733333,0
294.766667,0
294.8,0
294.833333,0
294.866667,0
294.9,0
294.933333,0
294.966667,0
295,0
295.033333,0
295.066667,0
295.1,0
295.133333,0
295.166667,0
295.2,0
295.233333,0
295.266667,0
295.3,0
295.333333,0
295.366667,0
295.4,0
295.433333,0
295.466667,0
295.5,0
295.533333,0
295.566667,0
295.6,0
295.633333,0
295.666667,0
295.7,0
295.733333,0
295.766667,0
295.8,0
295.833333,0
295.866667,0
295.9,0
295.933333,0
295.966667,0
296,0
296.033333,0
296.066667,0
296.1,0
296.133333,0
296.166667,0
296.2,0
296.233333,0
296.266667,0
296.3,0
296.333333,0
296.366667,0
296.4,0
296.433333,0
296.466667,0
296.5,0
296.533333,0
296.566667,0
296.6,0
296.633333,0
296.666667,0
296.7,0
296.733333,0
296.766667,0
296.8,0
296.833333,0
296.866667,0
296.9,0
296.933333,0
296.966667,0
297,0
297.033333,0
297.066667,0
297.1,0
297.133333,0
297.166667,0
297.2,0
297.233333,0
297.266667,0
297.3,0
297.333333,0
297.366667,0
297.4,0
297.433333,0
297.466667,0
297.5,0
297.533333,0
297.566667,0
297.6,0
297.633333,0
297.666667,0
297.7,0
297.733333,0
297.766667,0
297.8,0
297.833333,0
297.866667,0
297.9,0
297.933333,0
297.966667,0
298,0
298.033333,0
298.066667,0
298.1,0
298.133333,0
298.166667,0
298.2,0
298.233333,0
298.266667,0
298.3,0
298.333333,0
298.366667,0
298.4,0
298.433333,0
298.466667,0
298.5,0
298.533333,0
298.566667,0
298.6,0
298.633333,0
298.666667,0
298.7,0
298.733333,0
298.766667,0
298.8,0
298.833333,0
298.866667,0
298.9,0
298.933333,0
298.966667,0
299,0
299.033333,0
299.066667,0
299.1,0
299.133333,0
299.166667,0
299.2,0
299.233333,0
299.266667,0
299.3,0
299.333333,0
299.366667,0
299.4,0
299.433333,0
299.466667,0
299.5,0
299.533333,0
299.566667,0
299.6,0
299.633333,0
299.666667,0
299.7,0
299.733333,0
299.766667,0
299.8,0
299.833333,0
299.866667,0
299.9,0
299.933333,0
299.966667,0
300,0
300.033333,0
300.066667,0
300.1,0
300.133333,0
300.166667,0
300.2,0
300.233333,0
300.266667,0
300.3,0
300.333333,0
300.366667,0
300.4,0
300.433333,0
300.466667,0
300.5,0
300.533333,0
300.566667,0
300.6,0
300.633333,0
300.666667,0
300.7,0
300.733333,0
300.766667,0
300.8,0
300.833333,0
300.866667,0
300.9,0
300.933333,0
300.966667,0
301,0
301.033333,0
301.066667,0
301.1,0
301.133333,0
301.166667,0
301.2,0
301.233333,0
301.266667,0
301.3,0
301.333333,0
301.366667,0
301.4,0
301.433333,0
301.466667,0
301.5,0
301.533333,0
301.566667,0
301.6,0
301.633333,0
301.666667,0
301.7,0
301.733333,0
301.766667,0
301.8,0
301.833333,0
301.866667,0
301.9,0
301.933333,0
301.966667,0
302,0
302.033333,0
302.066667,0
302.1,0
302.133333,0
302.166667,0
302.2,0
302.233333,0
302.266667,0
302.3,0
302.333333,0
302.366667,0
302.4,0
302.433333,0
302.466667,0
302.5,0
302.533333,0
302.566667,0
302.6,0
302.633333,0
302.666667,0
302.7,0
302.733333,0
302.766667,0
302.8,0
302.833333,0
302.866667,0
302.9,0
302.933333,0
302.966667,0
303,0
303.033333,0
303.066667,0
303.1,0
303.133333,0
303.166667,0
303.2,0
303.233333,0
303.266667,0
303.3,0
303.333333,0
303.366667,0
303.4,0
303.433333,0
303.466667,0
303.5,0
303.533333,0
303.566667,0
303.6,0
303.633333,0
303.666667,0
303.7,0
303.733333,0
303.766667,0
303.8,0
303.833333,0
303.866667,0
303.9,0
303.933333,0
303.966667,0
304,0
304.033333,0
304.066667,0
304.1,0
304.133333,0
304.166667,0
304.2,0
304.233333,0
304.266667,0
304.3,0
304.333333,0
304.366667,0
304.4,0
304.433333,0
304.466667,0
304.5,0
304.533333,0
304.566667,0
304.6,0
304.633333,0
304.666667,0
304.7,0
304.733333,0
304.766667,0
304.8,0
304.833333,0
304.866667,0
304.9,0
304.933333,0
304.966667,0
305,0
305.033333,0
305.066667,0
305.1,0
305.133333,0
305.166667,0
305.2,0
305.233333,0
305.266667,0
305.3,0
305.333333,0
305.366667,0
305.4,0
305.433333,0
305.466667,0
305.5,0
305.533333,0
305.566667,0
305.6,0
305.633333,0
305.666667,0
305.7,0
305.733333,0
305.766667,0
305.8,0
305.833333,0
305.866667,0
305.9,0
305.933333,0
305.966667,0
306,0
306.033333,0
306.066667,0
306.1,0
306.133333,0
306.166667,0
306.2,0
306.233333,0
306.266667,0
306.3,0
306.333333,0
306.366667,0
306.4,0
306.433333,0
306.466667,0
306.5,0
306.533333,0
306.566667,0
306.6,0
306.633333,0
306.666667,0
306.7,0
306.733333,0
306.766667,0
306.8,0
306.833333,0
306.866667,0
306.9,0
306.933333,0
306.966667,0
307,0
307.033333,0
307.066667,0
307.1,0
307.133333,0
307.166667,0
307.2,0
307.233333,0
307.266667,0
307.3,0
307.333333,0
307.366667,0
307.4,0
307.433333,0
307.466667,0
307.5,0
307.533333,0
307.566667,0
307.6,0
307.633333,0
307.666667,0
307.7,0
307.733333,0
307.766667,0
307.8,0
307.833333,0
307.866667,0
307.9,0
307.933333,0
307.966667,0
308,0
308.033333,0
308.066667,0
308.1,0
308.133333,0
308.166667,0
308.2,0
308.233333,0
308.266667,0
308.3,0
308.333333,0
308.366667,0
308.4,0
308.433333,0
308.466667,0
308.5,0
308.533333,0
308.566667,0
308.6,0
308.633333,0
308.666667,0
308.7,0
308.733333,0
308.766667,0
308.8,0
308.833333,0
308.866667,0
308.9,0
308.933333,0
308.966667,0
309,0
309.033333,0
309.066667,0
309.1,0
309.133333,0
309.166667,0
309.2,0
309.233333,0
309.266667,0
309.3,0
309.333333,0
309.366667,0
309.4,0
309.433333,0
309.466667,0
309.5,0
309.533333,0
309.566667,0
309.6,0
309.633333,0
309.666667,0
309.7,0
309.733333,0
309.766667,0
309.8,0
309.833333,0
309.866667,0
309.9,0
309.933333,0
309.966667,0
310,0
310.033333,0
310.066667,0
310.1,0
310.133333,0
310.166667,0
310.2,0
310.233333,0
310.266667,0
310.3,0
310.333333,0
310.366667,0
310.4,0
310.433333,0
310.466667,0
310.5,0
310.533333,0
310.566667,0
310.6,0
310.633333,0
310.666667,0
310.7,0
310.733333,0
310.766667,0
310.8,0
310.833333,0
310.866667,0
310.9,0
310.933333,0
310.966667,0
311,0
311.033333,0
311.066667,0
311.1,0
311.133333,0
311.166667,0
311.2,0
311.233333,0
311.266667,0
311.3,0
311.333333,0
311.366667,0
311.4,0
311.433333,0
311.466667,0
311.5,0
311.533333,0
311.566667,0
311.6,0
311.633333,0
311.666667,0
311.7,0
311.733333,0
311.766667,0
311.8,0
311.833333,0
311.866667,0
311.9,0
311.933333,0
311.966667,0
312,0
312.033333,0
312.066667,0
312.1,0
312.133333,0
312.166667,0
312.2,0
312.233333,0
312.266667,0
312.3,0
312.333333,0
312.366667,0
312.4,0
312.433333,0
312.466667,0
312.5,0
312.533333,0
312.566667,0
312.6,0
312.633333,0
312.666667,0
312.7,0
312.733333,0
312.766667,0
312.8,0
312.833333,0
312.866667,0
312.9,0
312.933333,0
312.966667,0
313,0
313.033333,0
313.066667,0
313.1,0
313.133333,0
313.166667,0
313.2,0
313.233333,0
313.266667,0
313.3,0
313.333333,0
313.366667,0
313.4,0
313.433333,0
313.466667,0
313.5,0
313.533333,0
313.566667,0
313.6,0
313.633333,0
313.666667,0
313.7,0
313.733333,0
313.766667,0
313.8,0
313.833333,0
313.866667,0
313.9,0
313.933333,0
313.966667,0
314,0
314.033333,0
314.066667,0
314.1,0
314.133333,0
314.166667,0
314.2,0
314.233333,0
314.266667,0
314.3,0
314.333333,0
314.366667,0
314.4,0
314.433333,0
314.466667,0
314.5,0
314.533333,0
314.566667,0
314.6,0
314.633333,0
314.666667,0
314.7,0
314.733333,0
314.766667,0
314.8,0
314.833333,0
314.866667,0
314.9,0
314.933333,0
314.966667,0
315,0
315.033333,0
315.066667,0
315.1,0
315.133333,0
315.166667,0
315.2,0
315.233333,0
315.266667,0
315.3,0
315.333333,0
315.366667,0
315.4,0
315.433333,0
315.466667,0
315.5,0
315.533333,0
315.566667,0
315.6,0
315.633333,0
315.666667,0
315.7,0
315.733333,0
315.766667,0
315.8,0
315.833333,0
315.866667,0
315.9,0
315.933333,0
315.966667,0
316,0
316.033333,0
316.066667,0
316.1,0
316.133333,0
316.166667,0
316.2,0
316.233333,0
316.266667,0
316.3,0
316.333333,0
316.366667,0
316.4,0
316.433333,0
316.466667,0
316.5,0
316.533333,0
316.566667,0
316.6,0
316.633333,0
316.666667,0
316.7,0
316.733333,0
316.766667,0
316.8,0
316.833333,0
316.866667,0
316.9,0
316.933333,0
316.966667,0
317,0
317.033333,0
317.066667,0
317.1,0
317.133333,0
317.166667,0
317.2,0
317.233333,0
317.266667,0
317.3,0
317.333333,0
317.366667,0
317.4,0
317.433333,0
317.466667,0
317.5,0
317.533333,0
317.566667,0
317.6,0
317.633333,0
317.666667,0
317.7,0
317.733333,0
317.766667,0
317.8,0
317.833333,0
317.866667,0
317.9,0
317.933333,0
317.966667,0
318,0
318.033333,0
318.066667,0
318.1,0
318.133333,0
318.166667,0
318.2,0
318.233333,0
318.266667,0
318.3,0
318.333333,0
318.366667,0
318.4,0
318.433333,0
318.466667,0
318.5,0
318.533333,0
318.566667,0
318.6,0
318.633333,0
318.666667,0
318.7,0
318.733333,0
318.766667,0
318.8,0
318.833333,0
318.866667,0
318.9,0
318.933333,0
318.966667,0
319,0
319.033333,0
319.066667,0
319.1,0
319.133333,0
319.166667,0
319.2,0
319.233333,0
319.266667,0
319.3,0
319.333333,0
319.366667,0
319.4,0
319.433333,0
319.466667,0
319.5,0
319.533333,0
319.566667,0
319.6,0
319.633333,0
319.666667,0
319.7,0
319.733333,0
319.766667,0
319.8,0
319.833333,0
319.866667,0
319.9,0
319.933333,0
319.966667,0
320,0
320.033333,0
320.066667,0
320.1,0
320.133333,0
320.166667,0
320.2,0
320.233333,0
320.266667,0
320.3,0
320.333333,0
320.366667,0
320.4,0
320.433333,0
320.466667,0
320.5,0
320.533333,0
320.566667,0
320.6,0
320.633333,0
320.666667,0
320.7,0
320.733333,0
320.766667,0
320.8,0
320.833333,0
320.866667,0
320.9,0
320.933333,0
320.966667,0
321,0
321.033333,0
321.066667,0
321.1,0
321.133333,0
321.166667,0
321.2,0
321.233333,0
321.266667,0
321.3,0
321.333333,0
321.366667,0
321.4,0
321.433333,0
321.466667,0
321.5,0
321.533333,0
321.566667,0
321.6,0
321.633333,0
321.666667,0
321.7,0
321.733333,0
321.766667,0
321.8,0
321.833333,0
321.866667,0
321.9,0
321.933333,0
321.966667,0
322,0
322.033333,0
322.066667,0
322.1,0
322.133333,0
322.166667,0
322.2,0
322.233333,0
322.266667,0
322.3,0
322.333333,0
322.366667,0
322.4,0
322.433333,0
322.466667,0
322.5,0
322.533333,0
322.566667,0
322.6,0
322.633333,0
322.666667,0
322.7,0
322.733333,0
322.766667,0
322.8,0
322.833333,0
322.866667,0
322.9,0
322.933333,0
322.966667,0
323,0
323.033333,0
323.066667,0
323.1,0
323.133333,0
323.166667,0
323.2,0
323.233333,0
323.266667,0
323.3,0
323.333333,0
323.366667,0
323.4,0
323.433333,0
323.466667,0
323.5,0
323.533333,0
323.566667,0
323.6,0
323.633333,0
323.666667,0
323.7,0
323.733333,0
323.766667,0
323.8,0
323.833333,0
323.866667,0
323.9,0
323.933333,0
323.966667,0
324,0
324.033333,0
324.066667,0
324.1,0
324.133333,0
324.166667,0
324.2,0
324.233333,0
324.266667,0
324.3,0
324.333333,0
324.366667,0
324.4,0
324.433333,0
324.466667,0
324.5,0
324.533333,0
324.566667,0
324.6,0
324.633333,0
324.666667,0
324.7,0
324.733333,0
324.766667,0
324.8,0
324.833333,0
324.866667,0
324.9,0
324.933333,0
324.966667,0
325,0
325.033333,0
325.066667,0
325.1,0
325.133333,0
325.166667,0
325.2,0
325.233333,0
325.266667,0
325.3,0
325.333333,0
325.366667,0
325.4,0
325.433333,0
325.466667,0
325.5,0
325.533333,0
325.566667,0
325.6,0
325.633333,0
325.666667,0
325.7,0
325.733333,0
325.766667,0
325.8,0
325.833333,0
325.866667,0
325.9,0
325.933333,0
325.966667,0
326,0
326.033333,0
326.066667,0
326.1,0
326.133333,0
326.166667,0
326.2,0
326.233333,0
326.266667,0
326.3,0
326.333333,0
326.366667,0
326.4,0
326.433333,0
326.466667,0
326.5,0
326.533333,0
326.566667,0
326.6,0
326.633333,0
326.666667,0
326.7,0
326.733333,0
326.766667,0
326.8,0
326.833333,0
326.866667,0
326.9,0
326.933333,0
326.966667,0
327,0
327.033333,0
327.066667,0
327.1,0
327.133333,0
327.166667,0
327.2,0
327.233333,0
327.266667,0
327.3,0
327.333333,0
327.366667,0
327.4,0
327.433333,0
327.466667,0
327.5,0
327.533333,0
327.566667,0
327.6,0
327.633333,0
327.666667,0
327.7,0
327.733333,0
327.766667,0
327.8,0
327.833333,0
327.866667,0
327.9,0
327.933333,0
327.966667,0
328,0
328.033333,0
328.066667,0
328.1,0
328.133333,0
328.166667,0
328.2,0
328.233333,0
328.266667,0
328.3,0
328.333333,0
328.366667,0
328.4,0
328.433333,0
328.466667,0
328.5,0
328.533333,0
328.566667,0
328.6,0
328.633333,0
328.666667,0
328.7,0
328.733333,0
328.766667,0
328.8,0
328.833333,0
328.866667,0
328.9,0
328.933333,0
328.966667,0
329,0
329.033333,0
329.066667,0
329.1,0
329.133333,0
329.166667,0
329.2,0
329.233333,0
329.266667,0
329.3,0
329.333333,0
329.366667,0
329.4,0
329.433333,0
329.466667,0
329.5,0
329.533333,0
329.566667,0
329.6,0
329.633333,0
329.666667,0
329.7,0
329.733333,0
329.766667,0
329.8,0
329.833333,0
329.866667,0
329.9,0
329.933333,0
329.966667,0
330,0
330.033333,0
330.066667,0
330.1,0
330.133333,0
330.166667,0
330.2,0
330.233333,0
330.266667,0
330.3,0
330.333333,0
330.366667,0
330.4,0
330.433333,0
330.466667,0
330.5,1
330.533333,0.182067
330.566667,0.13286
330.6,0.125535
330.633333,0.140185
330.666667,0.20953
330.7,0.15284
330.733333,0.372395
330.766667,0.21937
330.8,0.144712
330.833333,0.11908
330.866667,0.493017
330.9,0.917233
330.933333,0.346942
330.966667,0.833355
331,0.42763
331.033333,0.224095
331.066667,0.249803
331.1,0.753865
331.133333,1.31451
331.166667,0.287675
331.2,0.26998
331.233333,0.129537
331.266667,0.401693
331.3,0.389232
331.333333,0.234692
331.366667,0.350715
331.4,0.151422
331.433333,0.175173
331.466667,0.129815
331.5,0.321387
331.533333,0.300287
331.566667,0.260035
331.6,0.393593
331.633333,0.129195
331.666667,0.114825
331.7,0.0915125
331.733333,0.33807
331.766667,0.307918
331.8,0.10873
331.833333,0.002165
331.866667,0.0017925
331.9,0.00161
331.933333,0.00157
331.966667,0.00157
332,0.0223425
332.033333,0.01262
332.066667,0.0034325
332.1,0.00209
332.133333,0.00182
332.166667,0.00165
332.2,1.25626
332.233333,0.0024875
332.266667,0.001825
332.3,0.001775
332.333333,0.001775
332.366667,0.00173
332.4,0.001775
332.433333,0.001775
332.466667,0.00173
332.5,0.001775
332.533333,0.001775
332.566667,0.00173
332.6,0.001775
332.633333,0.001775
332.666667,0.00173
332.7,0.001775
332.733333,0.001775
332.766667,0.00173
332.8,0.001775
332.833333,0.001775
332.866667,0.00173
332.9,0.001775
332.933333,0.001775
332.966667,0.00173
333,0.016175
333.033333,0.0130125
333.066667,0.0036075
333.1,0.002215
333.133333,0.001925
333.166667,0.001755
333.2,0.00178
333.233333,0.00178
333.266667,0.001735
333.3,0.00178
333.333333,0.00178
333.366667,0.001735
333.4,0.00178
333.433333,0.00178
333.466667,0.001735
333.5,0.00178
333.533333,0.00178
333.566667,0.001735
333.6,0.00178
333.633333,0.00178
333.666667,0.001735
333.7,0.00178
333.733333,0.00178
333.766667,0.001735
333.8,0.00178
333.833333,0.00178
333.866667,0.001735
333.9,0.00178
333.933333,0.00178
333.966667,0.001735
334,0.013815
334.033333,0.0130125
334.066667,0.0036075
334.1,0.002215
334.133333,0.001925
334.166667,0.001755
334.2,0.00178
334.233333,0.00178
334.266667,0.001735
334.3,0.00178
334.333333,0.00178
334.366667,0.001735
334.4,0.00178
334.433333,0.00178
334.466667,0.001735
334.5,0.00178
334.533333,0.00178
334.566667,0.001735
334.6,0.00178
334.633333,0.00178
334.666667,0.001735
334.7,0.00178
334.733333,0.00178
334.766667,0.001735
334.8,0.00178
334.833333,0.00178
334.866667,0.001735
334.9,0.00178
334.933333,0.00178
334.966667,0.001735
335,0.013815
335.033333,0.0130125
335.066667,0.0036075
335.1,0.002215
335.133333,0.001925
335.166667,1.0989
335.2,0.00217
335.233333,0.0019
335.266667,0.001795
335.3,0.00184
335.333333,0.00184
335.366667,0.001795
335.4,0.00184
335.433333,0.00184
335.466667,0.001795
335.5,0.00184
335.533333,0.00184
335.566667,0.001795
335.6,0.00184
335.633333,0.00184
335.666667,0.001795
335.7,0.00184
335.733333,0.00184
335.766667,0.001795
335.8,0.00184
335.833333,0.00184
335.866667,0.001795
335.9,0.00184
335.933333,0.00184
335.966667,0.001795
336,0.0144125
336.033333,0.0133525
336.066667,0.0036875
336.1,0.002285
336.133333,0.001985
336.166667,0.001815
336.2,0.00184
336.233333,0.00184
336.266667,0.001795
336.3,0.00184
336.333333,0.00184
336.366667,0.001795
336.4,0.00184
336.433333,0.00184
336.466667,0.001795
336.5,0.00184
336.533333,0.00184
336.566667,0.001795
336.6,0.00184
336.633333,0.00184
336.666667,0.001795
336.7,0.00184
336.733333,0.00184
336.766667,0.001795
336.8,0.00184
336.833333,0.00184
336.866667,0.001795
336.9,0.00184
336.933333,0.00184
336.966667,0.001795
337,0.014125
337.033333,0.0133525
337.066667,0.0036875
337.1,0.002285
337.133333,0.001985
337.166667,0.001815
337.2,0.00184
337.233333,0.00184
337.266667,0.001795
337.3,0.00184
337.333333,0.00184
337.366667,0.001795
337.4,0.00184
337.433333,0.00184
337.466667,0.001795
337.5,0.00184
337.533333,0.00184
337.566667,0.001795
337.6,0.00184
337.633333,0.00184
337.666667,0.001795
337.7,0.00184
337.733333,0.00184
337.766667,0.001795
337.8,0.00184
337.833333,0.00184
337.866667,0.001795
337.9,0.00184
337.933333,0.00184
337.966667,0.001795
338,0.014125
338.033333,0.0133525
338.066667,0.0036875
338.1,14.5302
338.133333,3.25
338.166667,0
338.2,0
338.233333,0
338.266667,0
338.3,0
338.333333,0
338.366667,0
338.4,0
338.433333,0
338.466667,0
338.5,0
338.533333,0
338.566667,0
338.6,0
338.633333,0
338.666667,0
338.7,0
338.733333,0
338.766667,0
338.8,0
338.833333,0
338.866667,0
338.9,0
338.933333,0
338.966667,0
339,0
339.033333,0
339.066667,0
339.1,0
339.133333,0
339.166667,0
339.2,0
339.233333,0
339.266667,0
339.3,0
339.333333,0
339.366667,0
339.4,0
339.433333,0
339.466667,0
339.5,0
339.533333,0
339.566667,0
339.6,0
339.633333,0
339.666667,0
339.7,0
339.733333,0
339.766667,0
339.8,0
339.833333,0
339.866667,0
339.9,0
339.933333,0
339.966667,0
340,0
340.033333,0
340.066667,0
340.1,0
340.133333,0
340.166667,0
340.2,0
340.233333,0
340.266667,0
340.3,0
340.333333,0
340.366667,0
340.4,0
340.433333,0
340.466667,0
340.5,0
340.533333,0
340.566667,0
340.6,0
340.633333,0
340.666667,0
340.7,0
340.733333,0
340.766667,0
340.8,0
340.833333,0
340.866667,0
340.9,0
340.933333,0
340.966667,0
341,0
341.033333,0
341.066667,0
341.1,0
341.133333,0
341.166667,0
341.2,0
341.233333,0
341.266667,0
341.3,0
341.333333,0
341.366667,0
341.4,0
341.433333,0
341.466667,0
341.5,0
341.533333,0
341.566667,0
341.6,0
341.633333,0
341.666667,0
341.7,0
341.733333,0
341.766667,0
341.8,0
341.833333,0
341.866667,0
341.9,0
341.933333,0
341.966667,0
342,0
342.033333,0
342.066667,0
342.1,0
342.133333,0
342.166667,0
342.2,0
342.233333,0
342.266667,0
342.3,0
342.333333,0
342.366667,0
342.4,0
342.433333,0
342.466667,0
342.5,0
342.533333,0
342.566667,0
342.6,0
342.633333,0
342.666667,0
342.7,0
342.733333,0
342.766667,0
342.8,0
342.833333,0
342.866667,0
342.9,0
342.933333,0
342.966667,0
343,0
343.033333,0
343.066667,0
343.1,0
343.133333,0
343.166667,0
343.2,0
343.233333,0
343.266667,0
343.3,0
343.333333,0
343.366667,0
343.4,0
343.433333,0
343.466667,0
343.5,0
343.533333,0
343.566667,0
343.6,0
343.633333,0
343.666667,0
343.7,0
343.733333,0
343.766667,0
343.8,0
343.833333,0
343.866667,0
343.9,0
343.933333,0
343.966667,0
344,0
344.033333,0
344.066667,0
344.1,0
344.133333,0
344.166667,0
344.2,0
344.233333,0
344.266667,0
344.3,0
344.333333,0
344.366667,0
344.4,0
344.433333,0
344.466667,0
344.5,0
344.533333,0
344.566667,0
344.6,0
344.633333,0
344.666667,0
344.7,0
344.733333,0
344.766667,0
344.8,0
344.833333,0
344.866667,0
344.9,0
344.933333,0
344.966667,0
345,0
345.033333,0
345.066667,0
345.1,0
345.133333,0
345.166667,0
345.2,0
345.233333,0
345.266667,0
345.3,0
345.333333,0
345.366667,0
345.4,0
345.433333,0
345.466667,0
345.5,0
345.533333,0
345.566667,0
345.6,0
345.633333,0
345.666667,0
345.7,0
345.733333,0
345.766667,0
345.8,0
345.833333,0
345.866667,0
345.9,0
345.933333,0
345.966667,0
346,0
346.033333,0
346.066667,0
346.1,0
346.133333,0
346.166667,0
346.2,0
346.233333,0
346.266667,0
346.3,0
346.333333,0
346.366667,0
346.4,0
346.433333,0
346.466667,0
346.5,0
346.533333,0
346.566667,0
346.6,0
346.633333,0
346.666667,0
346.7,0
346.733333,0
346.766667,0
346.8,0
346.833333,0
346.866667,0
346.9,0
346.933333,0
346.966667,0
347,0
347.033333,0
347.066667,0
347.1,0
347.133333,0
347.166667,0
347.2,0
347.233333,0
347.266667,0
347.3,0
347.333333,0
347.366667,0
347.4,0
347.433333,0
347.466667,0
347.5,0
347.533333,0
347.566667,0
347.6,0
347.633333,0
347.666667,0
347.7,0
347.733333,0
347.766667,0
347.8,0
347.833333,0
347.866667,0
347.9,0
347.933333,0
347.966667,0
348,0
348.033333,0
348.066667,0
348.1,0
348.133333,0
348.166667,0
348.2,0
348.233333,0
348.266667,0
348.3,0
348.333333,0
348.366667,0
348.4,0
348.433333,0
348.466667,0
348.5,0
348.533333,0
348.566667,0
348.6,0
348.633333,0
348.666667,0
348.7,0
348.733333,0
348.766667,0
348.8,0
348.833333,0
348.866667,0
348.9,0
348.933333,0
348.966667,0
349,0
349.033333,0
349.066667,0
349.1,0
349.133333,0
349.166667,0
349.2,0
349.233333,0
349.266667,0
349.3,0
349.333333,0
349.366667,0
349.4,0
349.433333,0
349.466667,0
349.5,0
349.533333,0
349.566667,0
349.6,0
349.633333,0
349.666667,0
349.7,0
349.733333,0
349.766667,0
349.8,0
349.833333,0
349.866667,0
349.9,0
349.933333,0
349.966667,0
350,0
350.033333,0
350.066667,0
350.1,0
350.133333,0
350.166667,0
350.2,0
350.233333,0
350.266667,0
350.3,0
350.333333,0
350.366667,0
350.4,0
350.433333,0
350.466667,0
350.5,0
350.533333,0
350.566667,0
350.6,0
350.633333,0
350.666667,0
350.7,0
350.733333,0
350.766667,0
350.8,0
350.833333,0
350.866667,0
350.9,0
350.933333,0
350.966667,0
351,0
351.033333,0
351.066667,0
351.1,0
351.133333,0
351.166667,0
351.2,0
351.233333,0
351.266667,0
351.3,0
351.333333,0
351.366667,0
351.4,0
351.433333,0
351.466667,0
351.5,0
351.533333,0
351.566667,0
351.6,0
351.633333,0
351.666667,0
351.7,0
351.733333,0
351.766667,0
351.8,0
351.833333,0
351.866667,0
351.9,0
351.933333,0
351.966667,0
352,0
352.033333,0
352.066667,0
352.1,0
352.133333,0
352.166667,0
352.2,0
352.233333,0
352.266667,0
352.3,0
352.333333,0
352.366667,0
352.4,0
352.433333,0
352.466667,0
352.5,0
352.533333,0
352.566667,0
352.6,0
352.633333,0
352.666667,0
352.7,0
352.733333,0
352.766667,0
352.8,0
352.833333,0
352.866667,0
352.9,0
352.933333,0
352.966667,0
353,0
353.033333,0
353.066667,0
353.1,0
353.133333,0
353.166667,0
353.2,0
353.233333,0
353.266667,0
353.3,0
353.333333,0
353.366667,0
353.4,0
353.433333,0
353.466667,0
353.5,0
353.533333,0
353.566667,0
353.6,0
353.633333,0
353.666667,0
353.7,0
353.733333,0
353.766667,0
353.8,0
353.833333,0
353.866667,0
353.9,0
353.933333,0
353.966667,0
354,0
354.033333,0
354.066667,0
354.1,0
354.133333,0
354.166667,0
354.2,0
354.233333,0
354.266667,0
354.3,0
354.333333,0
354.366667,0
354.4,0
354.433333,0
354.466667,0
354.5,0
354.533333,0
354.566667,0
354.6,0
354.633333,0
354.666667,0
354.7,0
354.733333,0
354.766667,0
354.8,0
354.833333,0
354.866667,0
354.9,0
354.933333,0
354.966667,0
355,0
355.033333,0
355.066667,0
355.1,0
355.133333,0
355.166667,0
355.2,0
355.233333,0
355.266667,0
355.3,0
355.333333,0
355.366667,0
355.4,0
355.433333,0
355.466667,0
355.5,0
355.533333,0
355.566667,0
355.6,0
355.633333,0
355.666667,0
355.7,0
355.733333,0
355.766667,0
355.8,0
355.833333,0
355.866667,0
355.9,0
355.933333,0
355.966667,0
356,0
356.033333,0
356.066667,0
356.1,0
356.133333,0
356.166667,0
356.2,0
356.233333,0
356.266667,0
356.3,0
356.333333,0
356.366667,0
356.4,0
356.433333,0
356.466667,0
356.5,0
356.533333,0
356.566667,0
356.6,0
356.633333,3.42216
356.666667,0.0001275
356.7,4.5
356.733333,0
356.766667,0
356.8,0
356.833333,0
356.866667,0
356.9,0
356.933333,0
356.966667,0
357,0.0001675
357.033333,0.0001275
357.066667,4.5
357.1,0
357.133333,0
357.166667,0
357.2,0
357.233333,0
357.266667,0
357.3,0
357.333333,0
357.366667,0
357.4,0
357.433333,0
357.466667,0
357.5,0
357.533333,0
357.566667,0
357.6,0
357.633333,0
357.666667,0
357.7,0
357.733333,0
357.766667,0
357.8,0
357.833333,0
357.866667,0
357.9,0
357.933333,0
357.966667,0
358,0.0001525
358.033333,0.0001275
358.066667,4.5
358.1,0
358.133333,0
358.166667,0
358.2,0
358.233333,0
358.266667,0
358.3,0
358.333333,0
358.366667,0
358.4,0
358.433333,0
358.466667,0
358.5,0
358.533333,0
358.566667,0
358.6,0
358.633333,0
358.666667,0
358.7,0
358.733333,0
358.766667,0
358.8,0
358.833333,0
358.866667,0
358.9,0
358.933333,0
358.966667,0
359,0.0001525
359.033333,0.0001275
359.066667,4.5
359.1,0
359.133333,0
359.166667,0
359.2,0
359.233333,0
359.266667,0
359.3,0
359.333333,0
359.366667,0
359.4,0
359.433333,0
359.466667,0
359.5,0
359.533333,0
359.566667,0
359.6,0
359.633333,0
359.666667,0
359.7,0
359.733333,0
359.766667,0
359.8,3.42214
359.833333,0
359.866667,0
359.9,0
359.933333,0
359.966667,0
360,0
360.033333,0
360.066667,0
360.1,0
360.133333,0
360.166667,0
360.2,0
360.233333,0
360.266667,0
360.3,0
360.333333,0
360.366667,0
360.4,0
360.433333,0
360.466667,0.232863
360.5,0.653083
360.533333,0.34843
360.566667,0.461145
360.6,0.62006
360.633333,1.81069
360.666667,0.81717
360.7,1.48499
360.733333,0.66392
360.766667,0.362337
360.8,0.301145
360.833333,0.869552
360.866667,0.52721
360.9,1.23885
360.933333,0.735228
360.966667,1.15895
361,0.806368
361.033333,0.423928
361.066667,0.356785
361.1,1.28515
361.133333,1.12571
361.166667,0.36327
361.2,0.355295
361.233333,0.23224
361.266667,0.152367
361.3,0.002365
361.333333,0.0019925
361.366667,0.00184
361.4,0.001875
361.433333,0.001875
361.466667,0.00184
361.5,0.001875
361.533333,0.001875
361.566667,0.00184
361.6,0.001875
361.633333,0.001875
361.666667,0.00184
361.7,0.001875
361.733333,0.001875
361.766667,0.00184
361.8,0.001875
361.833333,0.001875
361.866667,0.00184
361.9,0.001875
361.933333,0.001875
361.966667,0.00184
362,0.018735
362.033333,0.014255
362.066667,0.0039075
362.1,0.0022775
362.133333,0.002065
362.166667,0.00197
362.2,0.001995
362.233333,0.001995
362.266667,0.00196
362.3,0.001995
362.333333,0.001995
362.366667,0.00196
362.4,0.001995
362.433333,0.001995
362.466667,0.00196
362.5,0.001995
362.533333,0.001995
362.566667,0.00196
362.6,0.001995
362.633333,0.001995
362.666667,0.00196
362.7,0.001995
362.733333,0.001995
362.766667,0.00196
362.8,0.001995
362.833333,0.001995
362.866667,0.00196
362.9,0.001995
362.933333,0.001995
362.966667,0.00196
363,0.659613
363.033333,0.0354275
363.066667,0.0261525
363.1,0.02543
363.133333,0.0254225
363.166667,0.025505
363.2,0.026285
363.233333,0.0268975
363.266667,0.0277425
363.3,0.028365
363.333333,0.0285625
363.366667,0.0293975
363.4,0.03046
363.433333,0.031135
363.466667,0.0320675
363.5,0.0332875
363.533333,0.03457
363.566667,0.035385
363.6,0.0372175
363.633333,0.0385425
363.666667,0.04036
363.7,0.042395
363.733333,0.0454975
363.766667,0.04843
363.8,0.05142
363.833333,0.0567825
363.866667,0.0630575
363.9,0.07244
363.933333,0.0867375
363.966667,0.115555
364,0.331175
364.033333,0.0146375
364.066667,0.0042425
364.1,0.0023925
364.133333,0.00217
364.166667,0.00212
364.2,0.002135
364.233333,0.002135
364.266667,0.0021
364.3,0.002135
364.333333,0.002135
364.366667,0.0021
364.4,0.002135
364.433333,0.002135
364.466667,0.0021
364.5,0.002135
364.533333,0.002135
364.566667,0.0021
364.6,0.002135
364.633333,0.002135
364.666667,0.0021
364.7,0.002135
364.733333,0.002135
364.766667,0.0021
364.8,0.002135
364.833333,0.002135
364.866667,0.0021
364.9,0.002135
364.933333,0.002135
364.966667,0.0021
365,1.80844
365.033333,0.0148375
365.066667,0.00414
365.1,0.00225
365.133333,0.00209
365.166667,0.00204
365.2,0.002055
365.233333,0.002055
365.266667,0.00202
365.3,0.002055
365.333333,0.002055
365.366667,0.00202
365.4,0.002055
365.433333,0.002055
365.466667,0.00202
365.5,0.002055
365.533333,0.002055
365.566667,0.00202
365.6,0.002055
365.633333,0.002055
365.666667,0.00202
365.7,0.002055
365.733333,0.002055
365.766667,0.00202
365.8,0.002055
365.833333,0.002055
365.866667,0.00202
365.9,0.002055
365.933333,0.002055
365.966667,0.00202
366,0.0155625
366.033333,0.0148375
366.066667,0.00414
366.1,0.00225
366.133333,0.00209
366.166667,0.00204
366.2,0.002055
366.233333,0.002055
366.266667,0.00202
366.3,0.002055
366.333333,0.002055
366.366667,0.00202
366.4,0.002055
366.433333,0.002055
366.466667,0.00202
366.5,0.002055
366.533333,0.002055
366.566667,0.00202
366.6,0.002055
366.633333,0.002055
366.666667,0.00202
366.7,96.9567
366.733333,0.027175
366.766667,0.006285
366.8,0.0024425
366.833333,0.00186
366.866667,0.001785
366.9,0.001815
366.933333,0.001805
366.966667,0.00178
367,0.0237925
367.033333,0.013575
367.066667,0.00357
367.1,0.0020675
367.133333,0.0018975
367.166667,0.001825
367.2,0.00184
367.233333,0.001835
367.266667,0.0018
367.3,0.001835
367.333333,0.001835
367.366667,0.0018
367.4,0.001835
367.433333,0.001835
367.466667,0.0018
367.5,0.001835
367.533333,0.001835
367.566667,0.0018
367.6,0.001835
367.633333,0.001835
367.666667,0.0018
367.7,0.001835
367.733333,0.001835
367.766667,0.0018
367.8,0.001835
367.833333,0.001835
367.866667,0.0018
367.9,0.001835
367.933333,0.001835
367.966667,0.0018
368,0.01404
368.033333,0.013575
368.066667,0.00357
368.1,0.0020675
368.133333,0.0018975
368.166667,0.001825
368.2,0.00184
368.233333,0.001835
368.266667,0.0018
368.3,0.001835
368.333333,0.001835
368.366667,0.0018
368.4,0.001835
368.433333,0.001835
368.466667,0.0018
368.5,0.001835
368.533333,0.001835
368.566667,0.0018
368.6,0.001835
368.633333,0.001835
368.666667,0.0018
368.7,0.001835
368.733333,0.001835
368.766667,0.0018
368.8,0.001835
368.833333,0.001835
368.866667,0.0018
368.9,0.001835
368.933333,0.001835
368.966667,0.0018
369,0.01404
369.033333,0.013575
369.066667,0.00357
369.1,107.825
369.133333,0.043335
369.166667,0.0200975
369.2,0.0052325
369.233333,0.00227
369.266667,0.00196
369.3,0.00183
369.333333,0.00184
369.366667,0.00184
369.4,0.00184
369.433333,0.00184
369.466667,0.00184
369.5,0.00184
369.533333,0.00184
369.566667,0.00184
369.6,0.00184
369.633333,0.00184
369.666667,0.00184
369.7,0.00184
369.733333,0.00184
369.766667,0.00184
369.8,0.00184
369.833333,0.00184
369.866667,0.00184
369.9,0.00184
369.933333,0.00184
369.966667,0.00184
370,0.0347575
370.033333,0.014175
370.066667,0.0038225
370.1,0.0019375
370.133333,0.0017075
370.166667,0.00163
370.2,0.00163
370.233333,0.001635
370.266667,0.00162
370.3,0.00163
370.333333,0.00163
370.366667,0.00161
370.4,0.00163
370.433333,0.00163
370.466667,0.00161
370.5,0.00163
370.533333,0.00163
370.566667,0.00161
370.6,0.00163
370.633333,0.00163
370.666667,0.00161
370.7,0.00163
370.733333,0.00163
370.766667,0.00161
370.8,0.00163
370.833333,0.00163
370.866667,0.00161
370.9,0.00163
370.933333,0.00163
370.966667,0.00161
371,0.0148875
371.033333,0.014175
371.066667,0.0038225
371.1,0.0019375
371.133333,0.0017075
371.166667,0.00163
371.2,0.00163
371.233333,0.001635
371.266667,0.00162
371.3,0.00163
371.333333,0.00163
371.366667,0.00161
371.4,0.00163
371.433333,0.00163
371.466667,0.00161
371.5,0.00163
371.533333,0.00163
371.566667,0.00161
371.6,0.00163
371.633333,0.00163
371.666667,0.00161
371.7,0.00163
371.733333,0.00163
371.766667,0.00161
371.8,0.00163
371.833333,0.00163
371.866667,0.00161
371.9,0.00163
371.933333,0.00163
371.966667,0.00161
372,0.0148875
372.033333,0.014175
372.066667,0.0038225
372.1,0.0019375
372.133333,0.0017075
372.166667,0.00163
372.2,0.00163
372.233333,0.001635
372.266667,0.00162
372.3,0.00163
372.333333,0.00163
372.366667,0.00161
372.4,0.00163
372.433333,0.00163
372.466667,0.00161
372.5,0.00163
372.533333,0.00163
372.566667,0.00161
372.6,0.00163
372.633333,0.00163
372.666667,0.00161
372.7,0.00163
372.733333,0.00163
372.766667,0.00161
372.8,0.00163
372.833333,0.00163
372.866667,0.00161
372.9,0.00163
372.933333,0.00163
372.966667,0.00161
373,0.0148875
373.033333,0.014175
373.066667,0.0038225
373.1,0.0019375
373.133333,0.0017075
373.166667,0.00163
373.2,0.00163
373.233333,0.001635
373.266667,0.00162
373.3,0.00163
373.333333,0.00163
373.366667,0.00161
373.4,0.00163
373.433333,0.00163
373.466667,0.00161
373.5,0.00163
373.533333,0.00163
373.566667,0.00161
373.6,0.00163
373.633333,0.00163
373.666667,0.00161
373.7,0.00163
373.733333,0.00163
373.766667,0.00161
373.8,0.00163
373.833333,0.00163
373.866667,0.00161
373.9,0.00163
373.933333,0.00163
373.966667,0.00161
374,0.0148875
374.033333,0.014175
374.066667,0.0038225
374.1,0.0019375
374.133333,0.0017075
374.166667,0.00163
374.2,0.00163
374.233333,0.001635
374.266667,0.00162
374.3,0.00163
374.333333,0.00163
374.366667,0.00161
374.4,0.00163
374.433333,0.00163
374.466667,0.00161
374.5,0.00163
374.533333,0.00163
374.566667,0.00161
374.6,0.00163
374.633333,0.00163
374.666667,0.00161
374.7,0.00163
374.733333,0.00163
374.766667,0.00161
374.8,0.00163
374.833333,0.00163
374.866667,0.00161
374.9,0.00163
374.933333,0.00163
374.966667,0.00161
375,0.0148875
375.033333,0.014175
375.066667,0.0038225
375.1,0.0019375
375.133333,0.0017075
375.166667,0.00163
375.2,0.00163
375.233333,0.001635
375.266667,0.00162
375.3,0.00163
375.333333,0.00163
375.366667,0.00161
375.4,0.00163
375.433333,0.00163
375.466667,0.00161
375.5,0.00163
375.533333,0.00163
375.566667,0.00161
375.6,0.00163
375.633333,0.00163
375.666667,0.00161
375.7,0.00163
375.733333,0.00163
375.766667,0.00161
375.8,0.00163
375.833333,0.00163
375.866667,0.00161
375.9,0.00163
375.933333,0.00163
375.966667,0.00161
376,0.0148875
376.033333,0.014175
376.066667,0.0038225
376.1,0.0019375
376.133333,0.0017075
376.166667,0.00163
376.2,0.00163
376.233333,0.001635
376.266667,0.00162
376.3,0.00163
376.333333,0.00163
376.366667,0.00161
376.4,0.00163
376.433333,0.00163
376.466667,0.00161
376.5,0.00163
376.533333,0.00163
376.566667,0.00161
376.6,0.00163
376.633333,0.00163
376.666667,0.00161
376.7,0.00163
376.733333,0.00163
376.766667,0.00161
376.8,0.00163
376.833333,0.00163
376.866667,0.00161
376.9,0.00163
376.933333,0.00163
376.966667,0.00161
377,0.0148875
377.033333,0.014175
377.066667,0.0038225
377.1,0.0019375
377.133333,0.0017075
377.166667,0.00163
377.2,0.00163
377.233333,0.001635
377.266667,0.00162
377.3,0.00163
377.333333,0.00163
377.366667,0.00161
377.4,0.00163
377.433333,0.00163
377.466667,0.00161
377.5,0.00163
377.533333,0.00163
377.566667,0.00161
377.6,27.5243
377.633333,0.020055
377.666667,0.00507
377.7,0.00237
377.733333,0.002065
377.766667,0.00193
377.8,0.001935
377.833333,0.001935
377.866667,0.0019
377.9,0.001935
377.933333,0.001935
377.966667,0.0019
378,0.023525
378.033333,0.014255
378.066667,0.0039075
378.1,0.0022775
378.133333,0.002065
378.166667,0.00197
378.2,0.001995
378.233333,0.001995
378.266667,0.00196
378.3,0.001995
378.333333,0.001995
378.366667,0.00196
378.4,0.001995
378.433333,0.001995
378.466667,0.00196
378.5,0.001995
378.533333,0.001995
378.566667,0.00196
378.6,0.001995
378.633333,0.001995
378.666667,0.00196
378.7,0.001995
378.733333,0.001995
378.766667,0.00196
378.8,0.001995
378.833333,0.001995
378.866667,0.00196
378.9,0.001995
378.933333,0.001995
378.966667,0.00196
379,0.01505
379.033333,0.014255
379.066667,0.0039075
379.1,0.0022775
379.133333,0.002065
379.166667,0.00197
379.2,0.001995
379.233333,0.001995
379.266667,0.00196
379.3,0.001995
379.333333,0.001995
379.366667,0.00196
379.4,0.001995
379.433333,0.001995
379.466667,0.00196
379.5,0.001995
379.533333,0.001995
379.566667,0.00196
379.6,0.001995
379.633333,0.001995
379.666667,0.00196
379.7,0.001995
379.733333,0.001995
379.766667,0.00196
379.8,0.001995
379.833333,0.001995
379.866667,0.00196
379.9,0.001995
379.933333,0.001995
379.966667,0.00196
380,0.01505
380.033333,0.014255
380.066667,0.0039075
380.1,0.0022775
380.133333,0.002065
380.166667,0.00197
380.2,0.001995
380.233333,0.001995
380.266667,0.00196
380.3,0.001995
380.333333,0.001995
380.366667,0.00196
380.4,0.001995
380.433333,0.001995
380.466667,0.00196
380.5,0.001995
380.533333,0.001995
380.566667,0.00196
380.6,0.001995
380.633333,0.001995
380.666667,0.00196
380.7,0.001995
380.733333,0.001995
380.766667,0.00196
380.8,0.001995
380.833333,0.001995
380.866667,0.00196
380.9,0.001995
380.933333,0.001995
380.966667,0.00196
381,0.01505
381.033333,0.014255
381.066667,0.0039075
381.1,0.0022775
381.133333,0.002065
381.166667,0.00197
381.2,0.001995
381.233333,0.001995
381.266667,0.00196
381.3,0.001995
381.333333,0.001995
381.366667,0.00196
381.4,0.001995
381.433333,0.001995
381.466667,0.00196
381.5,0.001995
381.533333,0.001995
381.566667,0.00196
381.6,0.001995
381.633333,0.001995
381.666667,0.00196
381.7,0.001995
381.733333,0.001995
381.766667,0.00196
381.8,0.001995
381.833333,0.001995
381.866667,0.00196
381.9,0.001995
381.933333,0.001995
381.966667,0.00196
382,0.01505
382.033333,0.014255
382.066667,0.0039075
382.1,0.0022775
382.133333,0.002065
382.166667,0.00197
382.2,0.001995
382.233333,0.001995
382.266667,0.00196
382.3,0.001995
382.333333,0.001995
382.366667,0.00196
382.4,0.001995
382.433333,3.25675
382.466667,0.0028075
382.5,0.0020525
382.533333,0.002
382.566667,0.001955
382.6,0.001955
382.633333,0.001955
382.666667,0.00192
382.7,0.001955
382.733333,0.001955
382.766667,0.00192
382.8,0.001955
382.833333,0.001955
382.866667,0.00192
382.9,0.001955
382.933333,0.001955
382.966667,0.00192
383,0.01501
383.033333,0.0136475
383.066667,0.00366
383.1,0.0023375
383.133333,0.002075
383.166667,0.00194
383.2,0.001975
383.233333,0.001975
383.266667,0.00194
383.3,0.001975
383.333333,0.001975
383.366667,0.00194
383.4,0.001975
383.433333,0.001975
383.466667,0.00194
383.5,0.001975
383.533333,0.001975
383.566667,0.00194
383.6,0.001975
383.633333,0.001975
383.666667,0.00194
383.7,0.001975
383.733333,0.001975
383.766667,0.00194
383.8,0.001975
383.833333,0.001975
383.866667,0.00194
383.9,0.001975
383.933333,0.001975
383.966667,0.00194
384,0.014305
384.033333,0.0136475
384.066667,0.00366
384.1,0.0023375
384.133333,0.002075
384.166667,0.00194
384.2,0.001975
384.233333,0.001975
384.266667,2.52448
384.3,0.00366
384.333333,0.0022975
384.366667,0.001955
384.4,0.001985
384.433333,0.001965
384.466667,0.00193
384.5,0.001965
384.533333,0.001965
384.566667,0.00193
384.6,0.001965
384.633333,0.001965
384.666667,0.00193
384.7,0.001965
384.733333,0.001965
384.766667,0.00193
384.8,0.001965
384.833333,0.001965
384.866667,0.00193
384.9,0.001965
384.933333,0.001965
384.966667,0.00193
385,0.01606
385.033333,0.01453
385.066667,0.0039575
385.1,0.0023975
385.133333,0.00214
385.166667,0.00199
385.2,0.00206
385.233333,0.00206
385.266667,0.038705
385.3,0.05912
385.333333,0.058285
385.366667,0.055915
385.4,0.057155
385.433333,0.0460425
385.466667,0.05242
385.5,0.0461125
385.533333,0.0335625
385.566667,0.0341625
385.6,0.0597175
385.633333,0.05843
385.666667,0.04665
385.7,0.0066975
385.733333,0.00223
385.766667,0.002085
385.8,0.002115
385.833333,0.002115
385.866667,0.00208
385.9,0.002115
385.933333,0.002115
385.966667,0.00208
386,0.017765
386.033333,0.01445
386.066667,0.0040375
386.1,0.00239
386.133333,0.00216
386.166667,0.00207
386.2,0.002095
386.233333,0.002095
386.266667,0.00206
386.3,0.002095
386.333333,0.002095
386.366667,0.00206
386.4,0.002095
386.433333,0.002095
386.466667,0.00206
386.5,0.002095
386.533333,0.002095
386.566667,0.00206
386.6,0.002095
386.633333,0.002095
386.666667,0.00206
386.7,0.002095
386.733333,0.002095
386.766667,0.00206
386.8,0.002095
386.833333,0.002095
386.866667,0.00206
386.9,0.002095
386.933333,0.002095
386.966667,0.00206
387,0.0150325
387.033333,0.01445
387.066667,0.0040375
387.1,0.00239
387.133333,0.00216
387.166667,0.00207
387.2,0.002095
387.233333,34.8796
387.266667,0.0036225
387.3,0.015
387.333333,0.0440425
387.366667,0.0817675
387.4,0.0168175
387.433333,0.0040725
387.466667,0.00044
387.5,0.00529
387.533333,0.006805
387.566667,0.0018975
387.6,0.00107
387.633333,0.0021525
387.666667,0.001725
387.7,0.00109
387.733333,0.001005
387.766667,0.001135
387.8,0.001265
387.833333,0.001335
387.866667,0.00106
387.9,0.000985
387.933333,0.001315
387.966667,0.00116
388,0.126485
388.033333,0.0290325
388.066667,0.0087325
388.1,0.00434
388.133333,0.003975
388.166667,0.003855
388.2,0.003805
388.233333,0.00378
388.266667,0.00378
388.3,0.00378
388.333333,0.00378
388.366667,0.00378
388.4,0.00378
388.433333,0.00378
388.466667,0.00378
388.5,0.00378
388.533333,0.00378
388.566667,0.00378
388.6,0.00378
388.633333,0.00378
388.666667,0.00378
388.7,0.00378
388.733333,0.00378
388.766667,0.00378
388.8,0.00378
388.833333,0.00378
388.866667,0.00378
388.9,0.00378
388.933333,0.00378
388.966667,0.00378
389,0.0303
389.033333,0.0290325
389.066667,0.0087325
389.1,0.00434
389.133333,0.003975
389.166667,0.003855
389.2,0.003805
389.233333,0.00378
389.266667,0.00378
389.3,0.00378
389.333333,0.00378
389.366667,0.00378
389.4,0.00378
389.433333,0.00378
389.466667,0.00378
389.5,0.00378
389.533333,0.00378
389.566667,0.00378
389.6,0.00378
389.633333,0.00378
389.666667,0.00378
389.7,0.00378
389.733333,0.00378
389.766667,0.00378
389.8,0.00378
389.833333,0.00378
389.866667,0.00378
389.9,0.00378
389.933333,0.00378
389.966667,0.00378
390,0.0303
390.033333,0.0290325
390.066667,0.0087325
390.1,0.00434
390.133333,0.003975
390.166667,0.003855
390.2,0.003805
390.233333,0.00378
390.266667,0.00378
390.3,0.00378
390.333333,0.06882
390.366667,0.067385
390.4,0.0689
390.433333,0.06891
390.466667,0.06672
390.5,0.0699775
390.533333,0.0706675
390.566667,0.0698875
390.6,0.07028
390.633333,0.0707975
390.666667,0.07306
390.7,0.0725825
390.733333,0.07263
390.766667,0.0717175
390.8,0.0729475
390.833333,0.0735975
390.866667,0.0729075
390.9,0.07502
390.933333,0.0745625
390.966667,0.0754375
391,0.10028
391.033333,0.09843
391.066667,0.081365
391.1,0.0804225
391.133333,0.074595
391.166667,0.08212
391.2,0.0784275
391.233333,0.0822875
391.266667,0.0815475
391.3,0.08157
391.333333,0.08293
391.366667,0.0844575
391.4,0.08441
391.433333,0.0850225
391.466667,0.08673
391.5,0.0882925
391.533333,0.085755
391.566667,0.0891975
391.6,0.090575
391.633333,0.0921625
391.666667,0.0912725
391.7,0.09268
391.733333,0.09741
391.766667,0.0950275
391.8,0.0976325
391.833333,0.098175
391.866667,0.099815
391.9,0.10304
391.933333,0.103807
391.966667,0.106605
392,0.130887
392.033333,0.130727
392.066667,0.117328
392.1,0.115135
392.133333,0.119255
392.166667,0.119837
392.2,0.124868
392.233333,0.129645
392.266667,0.134945
392.3,0.134105
392.333333,0.14396
392.366667,0.16309
392.4,0.155548
392.433333,0.0054725
392.466667,0.0041725
392.5,0.003725
392.533333,0.00342
392.566667,0.00341
392.6,0.00341
392.633333,0.00341
392.666667,0.00341
392.7,0.00341
392.733333,0.00341
392.766667,0.00341
392.8,0.00341
392.833333,0.00341
392.866667,0.00341
392.9,0.00341
392.933333,0.00341
392.966667,0.00341
393,0.0324725
393.033333,0.0269475
393.066667,0.008565
393.1,0.00408
393.133333,0.00366
393.166667,0.003525
393.2,0.003495
393.233333,0.00347
393.266667,0.00347
393.3,0.00347
393.333333,0.00347
393.366667,0.00347
393.4,0.00347
393.433333,0.00347
393.466667,0.00347
393.5,0.00347
393.533333,0.00347
393.566667,0.00347
393.6,0.00347
393.633333,0.00347
393.666667,0.00347
393.7,0.00347
393.733333,0.00347
393.766667,0.00347
393.8,0.00347
393.833333,0.00347
393.866667,0.00347
393.9,0.00347
393.933333,0.00347
393.966667,0.00347
394,0.0282475
394.033333,0.0269475
394.066667,0.008565
394.1,0.00408
394.133333,0.00366
394.166667,0.003525
394.2,0.003495
394.233333,0.00347
394.266667,0.00347
394.3,0.00347
394.333333,0.00347
394.366667,0.00347
394.4,0.00347
394.433333,0.00347
394.466667,0.00347
394.5,0.00347
394.533333,0.00347
394.566667,0.00347
394.6,0.00347
394.633333,0.00347
394.666667,0.00347
394.7,0.00347
394.733333,0.00347
394.766667,0.00347
394.8,0.00347
394.833333,0.00347
394.866667,0.00347
394.9,0.00347
394.933333,0.00347
394.966667,0.00347
395,0.0282475
395.033333,0.0269475
395.066667,0.008565
395.1,0.00408
395.133333,0.00366
395.166667,0.003525
395.2,0.003495
395.233333,0.00347
395.266667,0.00347
395.3,0.00347
395.333333,0.00347
395.366667,0.00347
395.4,0.00347
395.433333,0.00347
395.466667,0.00347
395.5,0.00347
395.533333,0.00347
395.566667,0.00347
395.6,0.00347
395.633333,0.00347
395.666667,0.00347
395.7,0.00347
395.733333,0.00347
395.766667,0.00347
395.8,0.00347
395.833333,0.00347
395.866667,0.00347
395.9,0.00347
395.933333,0.00347
395.966667,0.00347
396,0.0282475
396.033333,0.0269475
396.066667,0.008565
396.1,0.00408
396.133333,0.00366
396.166667,0.003525
396.2,0.003495
396.233333,0.00347
396.266667,0.00347
396.3,0.00347
396.333333,0.00347
396.366667,0.00347
396.4,0.00347
396.433333,0.00347
396.466667,0.00347
396.5,0.00347
396.533333,0.00347
396.566667,0.00347
396.6,0.00347
396.633333,0.00347
396.666667,0.00347
396.7,0.00347
396.733333,0.00347
396.766667,0.00347
396.8,0.00347
396.833333,0.00347
396.866667,0.00347
396.9,0.00347
396.933333,0.00347
396.966667,0.00347
397,0.0282475
397.033333,0.0269475
397.066667,0.008565
397.1,0.00408
397.133333,0.00366
397.166667,0.003525
397.2,0.003495
397.233333,0.00347
397.266667,0.00347
397.3,0.00347
397.333333,0.00347
397.366667,0.00347
397.4,0.00347
397.433333,0.00347
397.466667,0.00347
397.5,0.00347
397.533333,0.00347
397.566667,0.00347
397.6,0.00347
397.633333,0.00347
397.666667,0.00347
397.7,0.00347
397.733333,0.00347
397.766667,0.00347
397.8,0.00347
397.833333,0.00347
397.866667,0.00347
397.9,0.00347
397.933333,0.00347
397.966667,0.00347
398,0.0282475
398.033333,0.0269475
398.066667,0.008565
398.1,0.064885
398.133333,5.61406
398.166667,10.7316
398.2,17.3745
398.233333,11.5228
398.266667,0.145413
398.3,0.197738
398.333333,0.199302
398.366667,0.196373
398.4,0.203528
398.433333,0.206355
398.466667,0.213842
398.5,0.206792
398.533333,0.251292
398.566667,0.268597
398.6,0.220067
398.633333,0.251995
398.666667,0.217615
398.7,0.260675
398.733333,0.264225
398.766667,0.26424
398.8,0.270865
398.833333,0.320752
398.866667,0.275792
398.9,0.33119
398.933333,0.331912
398.966667,0.337775
399,0.417133
399.033333,0.354222
399.066667,0.446763
399.1,0.463263
399.133333,0.0021025
399.166667,0.00031
399.2,0.00029
399.233333,0.0111375
399.266667,0.00763
399.3,0.0069775
399.333333,0.001045
399.366667,0.00046
399.4,0.0003125
399.433333,0.00014
399.466667,0.001125
399.5,0.0006725
399.533333,0.00058
399.566667,0.000555
399.6,0.00054
399.633333,0.00054
399.666667,0.00054
399.7,0.00054
399.733333,0.00054
399.766667,0.00054
399.8,0.00054
399.833333,0.00054
399.866667,0.00054
399.9,0.00054
399.933333,0.00054
399.966667,0.00054
400,0.009245
400.033333,0.00518
400.066667,23.8286
400.1,0.03061
400.133333,0.0226825
400.166667,0.025175
400.2,0.020445
400.233333,0.0204
400.266667,0.02197
400.3,0.02067
400.333333,3.12001
400.366667,0.0116675
400.4,0.0687375
400.433333,0.068605
400.466667,0.02612
400.5,0.020745
400.533333,0.0191225
400.566667,0.02021
400.6,0.0237675
400.633333,0.0229825
400.666667,0.0226675
400.7,0.0025525
400.733333,0.0247425
400.766667,0.024105
400.8,0.024135
400.833333,0.025125
400.866667,2.60631
400.9,0.0893375
400.933333,0.082345
400.966667,0.0429025
401,0.09543
401.033333,0.01511
401.066667,0.0578025
401.1,0.013105
401.133333,0.124957
401.166667,0.149085
401.2,0.148698
401.233333,0.142707
401.266667,0.150078
401.3,0.151097
401.333333,0.15629
401.366667,0.0069675
401.4,2.53982
401.433333,0.215397
401.466667,0.18607
401.5,0.163057
401.533333,0.16242
401.566667,0.167162
401.6,0.176303
401.633333,0.17739
401.666667,0.188032
401.7,0.01766
401.733333,0.188865
401.766667,0.187285
401.8,0.19483
401.833333,0.201525
401.866667,0.204923
401.9,2.6055
401.933333,0.2237
401.966667,0.301853
402,0.320597
402.033333,0.015005
402.066667,0.229368
402.1,0.287835
402.133333,0.356492
402.166667,0.432403
402.2,0.354673
402.233333,0.0344775
402.266667,0.0201375
402.3,0.016875
402.333333,2.58315
402.366667,0.035265
402.4,0.0686425
402.433333,0.0587
402.466667,0.013035
402.5,0.1718
402.533333,0.204288
402.566667,0.217005
402.6,0.216888
402.633333,0.230162
402.666667,0.241418
402.7,0.01224
402.733333,0.250067
402.766667,0.25648
402.8,0.263395
402.833333,0.274147
402.866667,2.03773
402.9,0.250897
402.933333,0.404845
402.966667,0.257837
403,0.450585
403.033333,0.0032475
403.066667,0.2748
403.1,0.30262
403.133333,0.431017
403.166667,0.427077
403.2,0.423982
403.233333,0.402072
403.266667,0.404212
403.3,0.439035
403.333333,0.377365
403.366667,0.04726
403.4,1.90591
403.433333,0.607137
403.466667,0.69608
403.5,0.617027
403.533333,0.772382
403.566667,0.62621
403.6,0.100513
403.633333,0.137467
403.666667,0.0733625
403.7,0.278322
403.733333,0.0412375
403.766667,0.164048
403.8,0.0266475
403.833333,0.0065
403.866667,1.63805
403.9,0.151805
403.933333,0.27694
403.966667,0.0239125
404,0.257265
404.033333,0.007175
404.066667,0
404.1,0.0195125
404.133333,0.0157825
404.166667,0.150622
404.2,0.145657
404.233333,0.0289
404.266667,0.745772
404.3,0.336157
404.333333,1.80689
404.366667,0.0004875
404.4,0.0156775
404.433333,0.421575
404.466667,0.247168
404.5,0.346875
404.533333,0.240725
404.566667,0.196238
404.6,0.0922375
404.633333,0.353015
404.666667,0.131082
404.7,0.04631
404.733333,0.216142
404.766667,0.35803
404.8,0.246232
404.833333,0.14485
404.866667,1.56516
404.9,0.000705
404.933333,0.001005
404.966667,0.00102
405,0.540752
405.033333,4
405.066667,6.5
405.1,0.111555
405.133333,0.085145
405.166667,0.328435
405.2,0.260525
405.233333,0.171297
405.266667,0.0653175
405.3,0.0055475
405.333333,0.0163525
405.366667,0
405.4,1.51245
405.433333,0.201962
405.466667,0.22628
405.5,0.168545
405.533333,0.379497
405.566667,0.165865
405.6,0.114875
405.633333,0.0036925
405.666667,0.0167425
405.7,0
405.733333,0.0001625
405.766667,0.00514
405.8,0.01611
405.833333,0.04612
405.866667,1.70167
405.9,0.202497
405.933333,0.128887
405.966667,0.0399625
406,0.425953
406.033333,0
406.066667,0.00062
406.1,0.035295
406.133333,0.0798
406.166667,0.06318
406.2,0.282525
406.233333,0.231167
406.266667,0.196425
406.3,0.0699325
406.333333,1.77727
406.366667,0.00632
406.4,0.00253
406.433333,0.0035925
406.466667,0.006245
406.5,0.0004475
406.533333,0.268973
406.566667,0.231887
406.6,0.11604
406.633333,0.0495325
406.666667,0.0255025
406.7,0.245468
406.733333,0.222032
406.766667,0.0656525
406.8,0.03803
406.833333,0.03024
406.866667,1.54391
406.9,0.109878
406.933333,0.202365
406.966667,0.144045
407,0.40873
407.033333,0.07809
407.066667,0.051835
407.1,0.0355375
407.133333,0.02628
407.166667,0.0184625
407.2,0.0151075
407.233333,0.0136325
407.266667,0.01412
407.3,0.0128075
407.333333,0.0005675
407.366667,1.62268
407.4,0.12748
407.433333,0.0894425
407.466667,0.13917
407.5,0.06386
407.533333,0.0377675
407.566667,0.0158625
407.6,0.0158725
407.633333,0.0178375
407.666667,0.01505
407.7,0.0209825
407.733333,0.0221975
407.766667,0.021385
407.8,0.0168
407.833333,0.0163
407.866667,1.68847
407.9,0.184995
407.933333,0.12542
407.966667,0.155168
408,0.317103
408.033333,0.03973
408.066667,0.0084375
408.1,0.0068075
408.133333,0.00019
408.166667,0.02301
408.2,0.04972
408.233333,0.130312
408.266667,0.147863
408.3,0.18713
408.333333,0.037705
408.366667,1.79278
408.4,0.0087
408.433333,0.0021
408.466667,0.0009375
408.5,0.23721
408.533333,0.220807
408.566667,0.109713
408.6,0.253638
408.633333,0.221372
408.666667,0.03357
408.7,0.0005975
408.733333,0.000135
408.766667,0.017945
408.8,0.0243075
408.833333,1.61797
408.866667,0.17437
408.9,0.109073
408.933333,0.153062
408.966667,0.0015925
409,0.43461
409.033333,0.0002475
409.066667,0.00039
409.1,0.0523975
409.133333,0.119078
409.166667,0.273693
409.2,0.214775
409.233333,0.06885
409.266667,0.0455225
409.3,0.0323925
409.333333,5
409.366667,1.48534
409.4,0.210028
409.433333,0.214095
409.466667,0.21978
409.5,0.201955
409.533333,0.253157
409.566667,0.113623
409.6,0.047145
409.633333,0.0304525
409.666667,0.000495
409.7,0.0006925
409.733333,0.01676
409.766667,0.0226225
409.8,0.040025
409.833333,0.025115
409.866667,1.66133
409.9,0.223983
409.933333,0.12818
409.966667,0.002845
410,0.407245
410.033333,0.0004725
410.066667,0.00092
410.1,0.0001325
410.133333,0.0375525
410.166667,0.0950775
410.2,0.165568
410.233333,0.260703
410.266667,0.079905
410.3,1.86026
410.333333,0
410.366667,0.00054
410.4,0.0006725
410.433333,0.000375
410.466667,0.09758
410.5,0.09777
410.533333,0.066075
410.566667,0.23212
410.6,0.115998
410.633333,0.0460375
410.666667,0.010345
410.7,0.0247
410.733333,0.023725
410.766667,0.0326025
410.8,0.025585
410.833333,1.60913
410.866667,0.169565
410.9,0.105457
410.933333,32.7935
410.966667,0.000195
411,0.397728
411.033333,0.0011725
411.066667,0
411.1,0
411.133333,0.00693
411.166667,0.000285
411.2,0.266
411.233333,0.193898
411.266667,0.102095
411.3,0.035095
411.333333,0.0437675
411.366667,0.0413325
411.4,0.230437
411.433333,0.01514
411.466667,0.0039025
411.5,0.00294
411.533333,0.00394
411.566667,0.0210675
411.6,0.046365
411.633333,0.0095775
411.666667,0.0027625
411.7,0.00116
411.733333,0.000605
411.766667,2
411.8,0.0076575
411.833333,0.00015
411.866667,0.003875
411.9,0.00029
411.933333,0.0002
411.966667,0.000435
412,0.17845
412.033333,0.016465
412.066667,0.00288
412.1,0.0014375
412.133333,0.00101
412.166667,0.00082
412.2,0.000905
412.233333,0.00082
412.266667,0.00084
412.3,0.00068
412.333333,0.000705
412.366667,0.000875
412.4,0.00082
412.433333,0.00085
412.466667,0.00063
412.5,0.000695
412.533333,0.000905
412.566667,0.00082
412.6,0.00076
412.633333,0.00069
412.666667,0.000735
412.7,0.000875
412.733333,0.00084
412.766667,0.00073
412.8,0.00071
412.833333,0.000735
412.866667,0.000825
412.9,0.00081
412.933333,0.00085
412.966667,0.00075
413,0.0169025
413.033333,0.016465
413.066667,0.00288
413.1,0.0014375
413.133333,0.00101
413.166667,0.00082
413.2,0.000905
413.233333,0.00082
413.266667,0.00084
413.3,0.00068
413.333333,0.000705
413.366667,0.000875
413.4,0.00082
413.433333,0.00085
413.466667,0.00063
413.5,0.000695
413.533333,0.000905
413.566667,0.00082
413.6,0.00076
413.633333,0.00069
413.666667,0.000735
413.7,0.000875
413.733333,0.00084
413.766667,0.00073
413.8,0.00071
413.833333,0.000735
413.866667,0.000825
413.9,0.00081
413.933333,0.00085
413.966667,0.00075
414,0.0169025
414.033333,0.016465
414.066667,0.00288
414.1,0.0014375
414.133333,0.00101
414.166667,0.00082
414.2,0.000905
414.233333,0.00082
414.266667,0.00084
414.3,0.00068
414.333333,0.000705
414.366667,0.000875
414.4,0.00082
414.433333,0.00085
414.466667,0.00063
414.5,0.000695
414.533333,0.000905
414.566667,0.00082
414.6,0.00076
414.633333,0.00069
414.666667,0.000735
414.7,0.000875
414.733333,0.00084
414.766667,0.00073
414.8,0.00071
414.833333,0.000735
414.866667,0.000825
414.9,0.00081
414.933333,0.00085
414.966667,0.00075
415,0.0169025
415.033333,0.016465
415.066667,0.00288
415.1,0.0014375
415.133333,0.00101
415.166667,0.00082
415.2,0.000905
415.233333,0.00082
415.266667,0.00084
415.3,0.00068
415.333333,0.000705
415.366667,0.000875
415.4,0.00082
415.433333,0.00085
415.466667,0.00063
415.5,0.000695
415.533333,0.000905
415.566667,0.00082
415.6,0.00076
415.633333,0.00069
415.666667,0.000735
415.7,0.000875
415.733333,0.00084
415.766667,0.00073
415.8,0.00071
415.833333,0.000735
415.866667,0.000825
415.9,0.00081
415.933333,0.00085
415.966667,0.00075
416,0.0169025
416.033333,0.016465
416.066667,0.00288
416.1,0.0014375
416.133333,0.00101
416.166667,0.00082
416.2,0.000905
416.233333,0.00082
416.266667,0.00084
416.3,0.00068
416.333333,0.000705
416.366667,0.000875
416.4,0.00082
416.433333,0.00085
416.466667,0.00063
416.5,0.000695
416.533333,0.000905
416.566667,0.00082
416.6,0.00076
416.633333,0.00069
416.666667,0.000735
416.7,0.000875
416.733333,0.00084
416.766667,0.00073
416.8,0.00071
416.833333,0.000735
416.866667,0.000825
416.9,0.00081
416.933333,0.00085
416.966667,0.00075
417,0.0169025
417.033333,0.016465
417.066667,0.00288
417.1,0.0014375
417.133333,0.00101
417.166667,0.00082
417.2,0.000905
417.233333,0.00082
417.266667,0.00084
417.3,0.00068
417.333333,0.000705
417.366667,0.000875
417.4,0.00082
417.433333,0.00085
417.466667,0.00063
417.5,0.000695
417.533333,0.000905
417.566667,0.00082
417.6,0.00076
417.633333,0.00069
417.666667,0.000735
417.7,0.000875
417.733333,0.00084
417.766667,0.00073
417.8,0.00071
417.833333,0.000735
417.866667,0.000825
417.9,0.00081
417.933333,0.00085
417.966667,0.00075
418,0.0169025
418.033333,0.016465
418.066667,0.00288
418.1,0.0014375
418.133333,0.00101
418.166667,0.00082
418.2,0.000905
418.233333,0.00082
418.266667,0.00084
418.3,0.00068
418.333333,0.000705
418.366667,0.000875
418.4,0.00082
418.433333,0.00085
418.466667,0.00063
418.5,0.000695
418.533333,0.000905
418.566667,0.00082
418.6,0.00076
418.633333,0.00069
418.666667,0.000735
418.7,0.000875
418.733333,0.00084
418.766667,0.00073
418.8,0.00071
418.833333,0.000735
418.866667,0.000825
418.9,0.00081
418.933333,0.00085
418.966667,0.00075
419,0.0169025
419.033333,0.016465
419.066667,0.00288
419.1,0.0014375
419.133333,0.00101
419.166667,0.00082
419.2,0.000905
419.233333,0.00082
419.266667,0.00084
419.3,0.00068
419.333333,0.000705
419.366667,0.000875
419.4,0.00082
419.433333,0.00085
419.466667,0.00063
419.5,0.000695
419.533333,0.000905
419.566667,0.00082
419.6,0.00076
419.633333,0.00069
419.666667,0.000735
419.7,0.000875
419.733333,0.00084
419.766667,0.00073
419.8,0.00071
419.833333,0.000735
419.866667,0.000825
419.9,0.00081
419.933333,0.00085
419.966667,0.00075
420,0.0169025
420.033333,0.016465
420.066667,0.00288
420.1,0.0014375
420.133333,0.00101
420.166667,0.00082
420.2,0.000905
420.233333,0.00082
420.266667,0.00084
420.3,0.00068
420.333333,0.000705
420.366667,0.000875
420.4,0.00082
420.433333,0.00085
420.466667,0.00063
420.5,0.000695
420.533333,0.000905
420.566667,0.00082
420.6,0.00076
420.633333,0.00069
420.666667,0.000735
420.7,0.000875
420.733333,0.00084
420.766667,0.00073
420.8,0.00071
420.833333,0.000735
420.866667,0.000825
420.9,0.00081
420.933333,0.00085
420.966667,0.00075
421,0.0169025
421.033333,0.016465
421.066667,0.00288
421.1,0.0014375
421.133333,0.00101
421.166667,0.00082
421.2,0.000905
421.233333,0.00082
421.266667,0.00084
421.3,0.00068
421.333333,0.000705
421.366667,0.000875
421.4,0.00082
421.433333,0.00085
421.466667,0.00063
421.5,0.000695
421.533333,144.007
421.566667,0.074795
421.6,0.01677
421.633333,13.2422
421.666667,0.0541875
421.7,0.024
421.733333,0.00105
421.766667,8.85681
421.8,0.215792
421.833333,9.23633
421.866667,0.016925
421.9,9.53452
421.933333,0.0007825
421.966667,9.23433
422,0.39869
422.033333,8.91254
422.066667,0.0030175
422.1,0
422.133333,8.0549
422.166667,0.0041675
422.2,7.5241
422.233333,0.184312
422.266667,7.34544
422.3,0.09884
422.333333,7.28906
422.366667,0.143283
422.4,7.71823
422.433333,0.1453
422.466667,7.89592
422.5,0.148525
422.533333,9.0001
422.566667,0.165417
422.6,9
422.633333,9.07013
422.666667,0.106932
422.7,9.85097
422.733333,0.114672
422.766667,10.3468
422.8,0.19872
422.833333,11.0734
422.866667,0.104785
422.9,11.8529
422.933333,0.1633
422.966667,11.5645
423,0.414345
423.033333,12.3845
423.066667,0.00128
423.1,0.00134
423.133333,13.124
423.166667,0.005345
423.2,12.5259
423.233333,0.194447
423.266667,12.4341
423.3,0.118538
423.333333,12.976
423.366667,0.181812
423.4,12.7853
423.433333,0.0015725
423.466667,14.7939
423.5,0.188988
423.533333,17.013
423.566667,0.187402
423.6,20.2997
423.633333,0.00169
423.666667,0.000305
423.7,24.8916
423.733333,0.1915
423.766667,26.7194
423.8,0.32495
423.833333,31.2161
423.866667,0.0006325
423.9,35.5928
423.933333,0.006405
423.966667,29.686
424,0.536147
424.033333,31.9895
424.066667,0.016135
424.1,34.5123
424.133333,0.00261
424.166667,5.5
424.2,29.9779
424.233333,0.02295
424.266667,25.2949
424.3,0.0032175
424.333333,21.5816
424.366667,0.0024875
424.4,19.5919
424.433333,0.0066075
424.466667,17.3009
424.5,0.0048375
424.533333,13.4852
424.566667,0.004665
424.6,11.4704
424.633333,0.0038075
424.666667,0.006435
424.7,11.7923
424.733333,0.002795
424.766667,12.4669
424.8,0.118955
424.833333,12.2173
424.866667,0.198453
424.9,11.2039
424.933333,0.17689
424.966667,10.7243
425,0.435685
425.033333,11.049
425.066667,0.001465
425.1,11.4257
425.133333,0.00869
425.166667,11.8278
425.2,0.0120575
425.233333,0.0006
425.266667,11.6761
425.3,0.184743
425.333333,11.3273
425.366667,0.1932
425.4,10.8549
425.433333,0.205835
425.466667,10.5566
425.5,0.100812
425.533333,10.1507
425.566667,0.16669
425.6,10.1601
425.633333,0.180712
425.666667,10.4352
425.7,0.183707
425.733333,0.001025
425.766667,10.6809
425.8,0.109537
425.833333,10.4158
425.866667,0.117663
425.9,10.4154
425.933333,0.193793
425.966667,10.8027
426,0.373943
426.033333,10.901
426.066667,0.0008725
426.1,10.826
426.133333,0.0055
426.166667,11.9304
426.2,0.0035125
426.233333,0
426.266667,12.3172
426.3,0.192832
426.333333,13.0655
426.366667,0.124425
426.4,12.1752
426.433333,0.1181
426.466667,10.5181
426.5,0.211145
426.533333,10.2053
426.566667,0.114727
426.6,10.186
426.633333,0.0016475
426.666667,9.93012
426.7,0.0011125
426.733333,10.4219
426.766667,0.201712
426.8,0.00096
426.833333,10.7792
426.866667,0.127605
426.9,10.8534
426.933333,0.137105
426.966667,11.1329
427,0.416502
427.033333,11.6007
427.066667,0.0007975
427.1,11.7675
427.133333,0.0037975
427.166667,11.4466
427.2,0.002
427.233333,11.1558
427.266667,0.0024125
427.3,0.0019625
427.333333,11.1658
427.366667,0.186418
427.4,11.1697
427.433333,0.128997
427.466667,10.8545
427.5,0.120155
427.533333,11.1819
427.566667,0.20934
427.6,11.7093
427.633333,0.170685
427.666667,11.7127
427.7,0.187775
427.733333,11.3813
427.766667,0.176377
427.8,0.0004175
427.833333,11.077
427.866667,0.187172
427.9,11.6722
427.933333,0.13279
427.966667,12.2834
428,0.393632
428.033333,12.564
428.066667,0.0004925
428.1,12.3582
428.133333,0.00271
428.166667,11.9922
428.2,0.0038175
428.233333,11.9724
428.266667,0.00181
428.3,11.8568
428.333333,0.00254
428.366667,0.000735
428.4,11.5112
428.433333,0.204097
428.466667,11.5354
428.5,0.133365
428.533333,11.982
428.566667,0.127438
428.6,11.7816
428.633333,0.211482
428.666667,11.6363
428.7,0.0013325
428.733333,11.174
428.766667,0.00163
428.8,11.1316
428.833333,0.0026875
428.866667,0.0011675
428.9,10.979
428.933333,0.177515
428.966667,10.0917
429,0.33783
429.033333,10.131
429.066667,0.0043525
429.1,10.4863
429.133333,0.0033975
429.166667,10.7869
429.2,0.00934
429.233333,11.6323
429.266667,0.0069825
429.3,12.2256
429.333333,0.00657
429.366667,9.5
429.4,13.089
429.433333,0.001955
429.466667,13.6623
429.5,0.125305
429.533333,13.8696
429.566667,0.111507
429.6,13.9308
429.633333,0.0024325
429.666667,13.754
429.7,0.003785
429.733333,13.6135
429.766667,0.0015875
429.8,13.1382
429.833333,0.000695
429.866667,13.0322
429.9,0.0021475
429.933333,0.000285
429.966667,13.3366
430,0.446767
430.033333,12.9889
430.066667,0.123235
430.1,12.8805
430.133333,0.0012025
430.166667,13.7544
430.2,0.0033975
430.233333,14.1803
430.266667,0.003225
430.3,13.7882
430.333333,0.00283
430.366667,13.5806
430.4,0.00305
430.433333,0.0053225
430.466667,13.3641
430.5,0.202648
430.533333,13.4241
430.566667,0.213053
430.6,13.1547
430.633333,0.192955
430.666667,12.3123
430.7,0.00132
430.733333,11.7498
430.766667,0.00288
430.8,11.3181
430.833333,0.006
430.866667,10.5758
430.9,0.0037775
430.933333,0.0048975
430.966667,9.84849
431,0.433327
431.033333,9.48194
431.066667,0.173363
431.1,9.3324
431.133333,0.001575
431.166667,9.064
431.2,0.004165
431.233333,8.59082
431.266667,0.0060725
431.3,8.46772
431.333333,0.00308
431.366667,8.53016
431.4,0.003865
431.433333,0.003885
431.466667,8.6034
431.5,0.174455
431.533333,8.58139
431.566667,0.18713
431.6,8.53484
431.633333,0.188078
431.666667,8.75515
431.7,0.001145
431.733333,8.80751
431.766667,0.0028225
431.8,8.42584
431.833333,0.0019725
431.866667,8.529
431.9,0.003155
431.933333,8.56042
431.966667,0.0028075
432,0.422277
432.033333,8.3357
432.066667,0.0027475
432.1,8.52741
432.133333,0.003385
432.166667,8.58363
432.2,0.0018325
432.233333,8.76334
432.266667,0.00354
432.3,9.0446
432.333333,0.00186
432.366667,9.15496
432.4,0.00204
432.433333,8.87585
432.466667,0.0022
432.5,0.001285
432.533333,9.26763
432.566667,0.176902
432.6,9.50153
432.633333,0.121495
432.666667,9.43364
432.7,0.120993
432.733333,9.68738
432.766667,0.200302
432.8,10.2704
432.833333,0.16323
432.866667,11.1297
432.9,0.002185
432.933333,12.0722
432.966667,0.001485
433,0.45953
433.033333,13.1711
433.066667,0.001225
433.1,14.0703
433.133333,0.00204
433.166667,14.5027
433.2,0.00076
433.233333,15.1421
433.266667,0.19348
433.3,16.1444
433.333333,0.195048
433.366667,16.6754
433.4,0.0016625
433.433333,17.5595
433.466667,0.197032
433.5,18.4944
433.533333,0.000905
433.566667,0
433.6,19.5104
433.633333,0.23513
433.666667,20.8091
433.7,0.398197
433.733333,22.1568
433.766667,0.0561275
433.8,22.0531
433.833333,0.0062775
433.866667,22.5838
433.9,0.0031775
433.933333,23.0281
433.966667,0.0037925
434,23.3146
434.033333,0.001475
434.066667,0
434.1,22.425
434.133333,0.225683
434.166667,22.5837
434.2,0.365985
434.233333,22.9204
434.266667,0.0010525
434.3,22.5751
434.333333,0.0017775
434.366667,21.1762
434.4,0.0025125
434.433333,20.0259
434.466667,0.001945
434.5,18.7324
434.533333,0.00413
434.566667,0.0063725
434.6,17.7658
434.633333,0.00144
434.666667,16.7141
434.7,0.133022
434.733333,16.9635
434.766667,0.207198
434.8,16.9242
434.833333,0.180677
434.866667,14.7072
434.9,0.0013975
434.933333,12.789
434.966667,0.002745
435,11.6253
435.033333,0.001435
435.066667,10.6043
435.1,0.186675
435.133333,0.0846375
435.166667,10.0382
435.2,141.344
435.233333,0.03285
435.266667,0.0142
435.3,0.0568425
435.333333,0.0572475
435.366667,0.0481075
435.4,0.044385
435.433333,0.041895
435.466667,0.06125
435.5,0.0560125
435.533333,0.099865
435.566667,0.143577
435.6,0.0713725
435.633333,0.0563975
435.666667,0.0343175
435.7,0.06141
435.733333,0.0433575
435.766667,0.0564425
435.8,0.0629775
435.833333,0.0572775
435.866667,0.0518675
435.9,0.0580675
435.933333,0.0550125
435.966667,0.0568425
436,0.188475
436.033333,0.06763
436.066667,0.0566525
436.1,0.05559
436.133333,0.0564925
436.166667,0.0548025
436.2,0.0556175
436.233333,0.055495
436.266667,0.0561325
436.3,0.056895
436.333333,0.05333
436.366667,0.059845
436.4,0.0532175
436.433333,0.0571125
436.466667,0.058245
436.5,0.0554975
436.533333,0.0594
436.566667,0.0576675
436.6,0.0586075
436.633333,0.0596225
436.666667,0.05925
436.7,0.059375
436.733333,0.0591
436.766667,0.0605575
436.8,0.06051
436.833333,0.0616225
436.866667,0.0624075
436.9,0.0617625
436.933333,0.061235
436.966667,0.0633225
437,0.0777675
437.033333,0.07591
437.066667,0.067155
437.1,0.0644125
437.133333,0.064165
437.166667,0.0649325
437.2,0.066045
437.233333,0.06588
437.266667,0.066945
437.3,0.0669275
437.333333,0.065575
437.366667,0.0687075
437.4,0.07008
437.433333,0.06907
437.466667,0.068195
437.5,0.070635
437.533333,0.07237
437.566667,0.0717175
437.6,0.072555
437.633333,0.0735125
437.666667,0.0748475
437.7,0.075805
437.733333,0.075755
437.766667,0.0772825
437.8,0.0791775
437.833333,0.0790025
437.866667,0.081735
437.9,0.081345
437.933333,0.0839725
437.966667,0.08482
438,0.10431
438.033333,0.10511
438.066667,0.0938675
438.1,0.09187
438.133333,0.09261
438.166667,0.09898
438.2,0.114065
438.233333,0.10465
438.266667,0.10832
438.3,0.0039925
438.333333,0.0014075
438.366667,0.00099
438.4,0.000895
438.433333,0.00084
438.466667,0.000725
438.5,0.00076
438.533333,0.000885
438.566667,0.000855
438.6,0.000825
438.633333,0.00076
438.666667,0.00077
438.7,0.00091
438.733333,0.00085
438.766667,0.000775
438.8,0.000775
438.833333,0.000775
438.866667,0.00088
438.9,0.000845
438.933333,0.00087
438.966667,0.000785
439,0.0303575
439.033333,0.0166025
439.066667,0.0029075
439.1,0.0014075
439.133333,0.00099
439.166667,0.0008
439.2,0.000865
439.233333,0.00079
439.266667,0.00081
439.3,0.00066
439.333333,0.000685
439.366667,0.000835
439.4,0.00079
439.433333,0.00082
439.466667,0.00061
439.5,0.000675
439.533333,0.000865
439.566667,0.00079
439.6,0.00073
439.633333,0.00067
439.666667,0.000715
439.7,0.000835
439.733333,0.00081
439.766667,0.0007
439.8,0.00069
439.833333,0.000715
439.866667,0.000785
439.9,0.00078
439.933333,0.00082
439.966667,0.00073
440,0.0170225
440.033333,0.0166025
440.066667,0.0029075
440.1,0.0014075
440.133333,0.00099
440.166667,0.0008
440.2,0.000865
440.233333,0.00079
440.266667,0.00081
440.3,0.00066
440.333333,0.000685
440.366667,0.000835
440.4,0.00079
440.433333,0.00082
440.466667,0.00061
440.5,0.000675
440.533333,0.000865
440.566667,0.00079
440.6,0.00073
440.633333,0.00067
440.666667,0.000715
440.7,0.000835
440.733333,0.00081
440.766667,0.0007
440.8,0.00069
440.833333,0.000715
440.866667,0.000785
440.9,0.00078
440.933333,0.00082
440.966667,0.00073
441,0.0170225
441.033333,0.0166025
441.066667,0.0029075
441.1,0.0014075
441.133333,0.00099
441.166667,0.0008
441.2,0.000865
441.233333,0.00079
441.266667,0.00081
441.3,0.00066
441.333333,0.000685
441.366667,0.000835
441.4,0.00079
441.433333,0.00082
441.466667,0.00061
441.5,0.000675
441.533333,0.000865
441.566667,0.00079
441.6,0.00073
441.633333,0.00067
441.666667,0.000715
441.7,0.000835
441.733333,0.00081
441.766667,0.0007
441.8,0.00069
441.833333,0.000715
441.866667,0.000785
441.9,0.00078
441.933333,0.00082
441.966667,0.00073
442,0.0170225
442.033333,0.0166025
442.066667,0.0029075
442.1,0.0014075
442.133333,0.00099
442.166667,0.0008
442.2,0.000865
442.233333,0.00079
442.266667,0.00081
442.3,0.00066
442.333333,0.000685
442.366667,0.000835
442.4,0.00079
442.433333,0.00082
442.466667,0.00061
442.5,0.000675
442.533333,0.000865
442.566667,0.00079
442.6,0.00073
442.633333,0.00067
442.666667,0.000715
442.7,0.000835
442.733333,0.00081
442.766667,0.0007
442.8,0.00069
442.833333,0.000715
442.866667,0.000785
442.9,0.00078
442.933333,0.00082
442.966667,0.00073
443,0.0170225
443.033333,0.0166025
443.066667,0.0029075
443.1,0.0014075
443.133333,0.00099
443.166667,0.0008
443.2,0.000865
443.233333,0.00079
443.266667,0.00081
443.3,0.00066
443.333333,0.000685
443.366667,0.000835
443.4,0.00079
443.433333,0.00082
443.466667,0.00061
443.5,0.000675
443.533333,0.000865
443.566667,0.00079
443.6,0.00073
443.633333,0.00067
443.666667,0.000715
443.7,0.000835
443.733333,0.00081
443.766667,0.0007
443.8,0.00069
443.833333,0.000715
443.866667,0.000785
443.9,0.00078
443.933333,0.00082
443.966667,0.00073
444,0.0170225
444.033333,0.0166025
444.066667,0.0029075
444.1,0.0014075
444.133333,0.00099
444.166667,0.0008
444.2,0.000865
444.233333,0.00079
444.266667,0.00081
444.3,0.00066
444.333333,0.000685
444.366667,0.000835
444.4,0.00079
444.433333,0.00082
444.466667,0.00061
444.5,0.000675
444.533333,0.000865
444.566667,0.00079
444.6,0.00073
444.633333,0.00067
444.666667,0.000715
444.7,0.000835
444.733333,0.00081
444.766667,0.0007
444.8,0.00069
444.833333,0.000715
444.866667,0.000785
444.9,0.00078
444.933333,0.00082
444.966667,0.00073
445,0.0170225
445.033333,0.0166025
445.066667,0.0029075
445.1,0.0014075
445.133333,0.00099
445.166667,0.0008
445.2,0.000865
445.233333,0.00079
445.266667,0.00081
445.3,0.00066
445.333333,0.000685
445.366667,0.000835
445.4,0.00079
445.433333,0.00082
445.466667,0.00061
445.5,0.000675
445.533333,0.000865
445.566667,0.00079
445.6,0.00073
445.633333,0.00067
445.666667,0.000715
445.7,0.000835
445.733333,0.00081
445.766667,0.0007
445.8,0.00069
445.833333,0.000715
445.866667,0.000785
445.9,0.00078
445.933333,0.00082
445.966667,0.00073
446,0.0170225
446.033333,0.0166025
446.066667,0.0029075
446.1,0.0014075
446.133333,0.00099
446.166667,0.0008
446.2,0.000865
446.233333,0.00079
446.266667,0.00081
446.3,0.00066
446.333333,0.000685
446.366667,0.000835
446.4,0.00079
446.433333,0.00082
446.466667,0.00061
446.5,0.000675
446.533333,0.000865
446.566667,0.00079
446.6,0.00073
446.633333,0.00067
446.666667,0.000715
446.7,0.000835
446.733333,0.00081
446.766667,0.0007
446.8,0.00069
446.833333,0.000715
446.866667,0.000785
446.9,0.00078
446.933333,0.00082
446.966667,0.00073
447,0.0170225
447.033333,22.3941
447.066667,4.25
447.1,0
447.133333,0
447.166667,0
447.2,0
447.233333,0
447.266667,0.0064
447.3,0.059945
447.333333,0.121527
447.366667,0.200958
447.4,0.31094
447.433333,0.464305
447.466667,0.661425
447.5,0.931978
447.533333,1.24675
447.566667,1.51721
447.6,1.68559
447.633333,1.80004
447.666667,1.79876
447.7,1.93054
447.733333,2.12101
447.766667,2.36452
447.8,2.51651
447.833333,2.61313
447.866667,2.66735
447.9,2.64104
447.933333,2.61186
447.966667,2.64621
448,2.69737
448.033333,2.7485
448.066667,2.6617
448.1,2.54379
448.133333,2.4486
448.166667,2.20569
448.2,1.98131
448.233333,1.83862
448.266667,1.717
448.3,1.61442
448.333333,1.51351
448.366667,1.41679
448.4,1.31357
448.433333,1.22748
448.466667,1.14093
448.5,1.04066
448.533333,0.95802
448.566667,0.88346
448.6,0.781615
448.633333,0.703808
448.666667,0.632737
448.7,0.556837
448.733333,0.504822
448.766667,0.821762
448.8,1.44557
448.833333,2.2771
448.866667,3.47429
448.9,4.77163
448.933333,6.25601
448.966667,7.80489
449,9.05393
449.033333,9.73352
449.066667,9.60475
449.1,9.04375
449.133333,8.10024
449.166667,3.78244
449.2,3.23357
449.233333,2.82006
449.266667,2.50089
449.3,2.19284
449.333333,1.93271
449.366667,1.70939
449.4,1.50633
449.433333,1.32512
449.466667,1.17103
449.5,1.03547
449.533333,0.903125
449.566667,0.78799
449.6,0.66453
449.633333,0.605307
449.666667,0.437462
449.7,0.459008
449.733333,0.333222
449.766667,0.278662
449.8,0.20074
449.833333,0.135428
449.866667,0.107745
449.9,0.038205
449.933333,0.0001925
449.966667,0.00011
450,0.0028675
450.033333,0.02255
450.066667,0.0015525
450.1,0.0006925
450.133333,0.0002275
450.166667,8
450.2,8
450.233333,8
450.266667,8
450.3,8
450.333333,8
450.366667,8
450.4,8
450.433333,8
450.466667,8
450.5,8
450.533333,8
450.566667,8
450.6,8
450.633333,8
450.666667,0.00082
450.7,0.0033025
450.733333,0.004305
450.766667,0.01073
450.8,0.0186325
450.833333,0.026465
450.866667,0.0354125
450.9,0.043805
450.933333,0.0506975
450.966667,0.055725
451,0.060565
451.033333,0.0633225
451.066667,0.064205
451.1,0.0600175
451.133333,0.0577575
451.166667,0.05456
451.2,0.053075
451.233333,0.0480225
451.266667,0.04696
451.3,0.0434375
451.333333,0.040215
451.366667,0.036805
451.4,0.032315
451.433333,0.028575
451.466667,0.0250325
451.5,0.02252
451.533333,0.0165775
451.566667,0.0124325
451.6,0.0085425
451.633333,0.007345
451.666667,0.0076025
451.7,0.0046125
451.733333,0.0006675
451.766667,0.00038
451.8,0.000195
451.833333,0.000125
451.866667,0.00012
451.9,0.00012
451.933333,0.00012
451.966667,0.00012
452,0.003405
452.033333,0.0271475
452.066667,0.0041775
452.1,0.001335
452.133333,0.00146
452.166667,0.000205
452.2,0.00016
452.233333,0.00016
452.266667,0.00016
452.3,0.00016
452.333333,0.00016
452.366667,0.00016
452.4,0.00016
452.433333,0.00016
452.466667,0.00016
452.5,0.00016
452.533333,0.00016
452.566667,0.00016
452.6,0.00016
452.633333,0.00016
452.666667,0.00016
452.7,0.00016
452.733333,0.00016
452.766667,0.00016
452.8,0.00016
