t,YDIF
0,0
0.0333333,0.245388
0.0666667,0.213702
0.1,0.127587
0.133333,0.013725
0.166667,0.0007
0.2,3
0.233333,0
0.266667,0
0.3,0
0.333333,0
0.366667,0
0.4,0
0.433333,0
0.466667,0
0.5,0
0.533333,0
0.566667,0
0.6,0
0.633333,0
0.666667,0
0.7,0
0.733333,0
0.766667,0.04297
0.8,5.36983
0.833333,12.6915
0.866667,13.7226
0.9,10.8609
0.933333,0.02327
0.966667,0.0024275
1,0.00011
1.033333,0
1.066667,0
1.1,0
1.133333,0
1.166667,0
1.2,0
1.233333,0
1.266667,0
1.3,0
1.333333,0
1.366667,0
1.4,0
1.433333,0
1.466667,0
1.5,0
1.533333,0
1.566667,0
1.6,0
1.633333,0
1.666667,0
1.7,0
1.733333,0
1.766667,0
1.8,0
1.833333,0
1.866667,0
1.9,0
1.933333,0
1.966667,0
2,9.02586
2.033333,9.37029
2.066667,9.70492
2.1,10.0312
2.133333,10.1092
2.166667,9.62819
2.2,0.020455
2.233333,0.0019475
2.266667,5
2.3,0
2.333333,0
2.366667,0
2.4,0
2.433333,0
2.466667,0
2.5,0
2.533333,0
2.566667,0
2.6,0
2.633333,0
2.666667,0
2.7,0
2.733333,0
2.766667,0
2.8,0
2.833333,0
2.866667,0
2.9,0
2.933333,0
2.966667,0
3,0
3.033333,0
3.066667,0
3.1,0
3.133333,0
3.166667,0
3.2,0
3.233333,0
3.266667,0
3.3,0
3.333333,0
3.366667,0
3.4,0
3.433333,0
3.466667,0
3.5,0
3.533333,0
3.566667,0
3.6,0
3.633333,0
3.666667,0
3.7,0
3.733333,0
3.766667,0
3.8,0
3.833333,17.0859
3.866667,0.271645
3.9,0.22575
3.933333,0.221555
3.966667,0.222445
4,0.233985
4.033333,0.247303
4.066667,0.26147
4.1,0.289255
4.133333,0.320188
4.166667,0.365858
4.2,0.472062
4.233333,0.32204
4.266667,0.32628
4.3,0.335395
4.333333,0.33046
4.366667,0.328068
4.4,0.33181
4.433333,0.331995
4.466667,0.33144
4.5,0.349023
4.533333,0.341295
4.566667,0.364982
4.6,0.353573
4.633333,0.374358
4.666667,0.380742
4.7,0.38344
4.733333,0.394668
4.766667,0.396365
4.8,0.40483
4.833333,0.437928
4.866667,0.44026
4.9,0.450418
4.933333,0.463987
4.966667,0.4712
5,0.506622
5.033333,0.544103
5.066667,0.53537
5.1,0.601943
5.133333,0.62437
5.166667,0.68375
5.2,0.753707
5.233333,0.0300725
5.266667,0.00263
5.3,3
5.333333,0
5.366667,0
5.4,0
5.433333,0
5.466667,0
5.5,0
5.533333,0
5.566667,0
5.6,0
5.633333,0
5.666667,0
5.7,0
5.733333,0.25314
5.766667,0.296503
5.8,0.30765
5.833333,0.314817
5.866667,0.32321
5.9,0.330265
5.933333,0.34999
5.966667,0.358808
6,0.36168
6.033333,0.36261
6.066667,0.364435
6.1,0.369965
6.133333,0.366053
6.166667,0.36626
6.2,15.5819
6.233333,0.430028
6.266667,0.436362
6.3,0.437238
6.333333,0.43937
6.366667,0.437607
6.4,0.439972
6.433333,0.440425
6.466667,0.433745
6.5,0.419872
6.533333,0.392977
6.566667,0.38038
6.6,0.370937
6.633333,0.36747
6.666667,0.36053
6.7,0.33702
6.733333,0.02896
6.766667,0.003925
6.8,0.00024
6.833333,6
6.866667,0
6.9,0
6.933333,0
6.966667,0
7,0
7.033333,0
7.066667,0
7.1,0
7.133333,0
7.166667,0
7.2,0
7.233333,0
7.266667,0
7.3,0
7.333333,0
7.366667,0
7.4,0
7.433333,0
7.466667,0
7.5,0
7.533333,0
7.566667,0
7.6,0
7.633333,0
7.666667,0
7.7,0
7.733333,0
7.766667,0
7.8,0
7.833333,20.1549
7.866667,0.02248
7.9,0.00125
7.933333,0
7.966667,0
8,0.149643
8.033333,0.04607
8.066667,0.0800025
8.1,0.0054325
8.133333,0.0011125
8.166667,0.000805
8.2,0.00068
8.233333,0.00068
8.266667,0.00068
8.3,0.00068
8.333333,0.00068
8.366667,0.00068
8.4,0.00068
8.433333,0.00068
8.466667,0.00068
8.5,0.00068
8.533333,0.00068
8.566667,0.00068
8.6,0.00068
8.633333,0.00068
8.666667,0.00068
8.7,0.00068
8.733333,0.00068
8.766667,0.00068
8.8,0.00068
8.833333,0.00068
8.866667,0.00068
8.9,0.00068
8.933333,0.00068
8.966667,0.00068
9,0.00068
9.033333,0.00068
9.066667,0.00068
9.1,0.00068
9.133333,0.00068
9.166667,0.00068
9.2,0.00068
9.233333,0.00068
9.266667,0.00068
9.3,0.00068
9.333333,0.00068
9.366667,0.00068
9.4,0.00068
9.433333,0.00068
9.466667,0.00068
9.5,0.00068
9.533333,0.00068
9.566667,0.00068
9.6,0.00068
9.633333,0.00068
9.666667,0.00068
9.7,0.00068
9.733333,0.00068
9.766667,0.00068
9.8,0.00068
9.833333,0.00068
9.866667,0.00068
9.9,0.00068
9.933333,0.00068
9.966667,0.00068
10,0.00068
10.033333,0.00068
10.066667,0.00068
10.1,0.00068
10.133333,0.00068
10.166667,0.00068
10.2,0.00068
10.233333,0.00068
10.266667,0.00068
10.3,0.00068
10.333333,0.00068
10.366667,0.00068
10.4,0.00068
10.433333,197.606
10.466667,35.5604
10.5,58.7307
10.533333,55.4363
10.566667,0.00751
10.6,0.00187
10.633333,0.000965
10.666667,0.00083
10.7,0.00083
10.733333,0.00083
10.766667,0.00083
10.8,0.00083
10.833333,0.00083
10.866667,0.00083
10.9,0.00083
10.933333,0.00083
10.966667,0.00083
11,0.00083
11.033333,0.00083
11.066667,0.00083
11.1,0.00083
11.133333,0.00083
11.166667,0.00083
11.2,0.00083
11.233333,0.00083
11.266667,0.00083
11.3,0.00083
11.333333,0.00083
11.366667,0.00083
11.4,0.00083
11.433333,0.00083
11.466667,0.00083
11.5,0.00083
11.533333,0.00083
11.566667,0.00083
11.6,0.00083
11.633333,0.00083
11.666667,0.00083
11.7,0.00083
11.733333,0.00083
11.766667,0.00083
11.8,0.00083
11.833333,0.00083
11.866667,0.00083
11.9,0.00083
11.933333,0.00083
11.966667,0.00083
12,0.00083
12.033333,0.00083
12.066667,0.00083
12.1,144.749
12.133333,0.0028575
12.166667,0.0077475
12.2,0.00321
12.233333,0.0028125
12.266667,0.0014225
12.3,0.0010775
12.333333,0.00099
12.366667,0.00099
12.4,0.00099
12.433333,0.00099
12.466667,0.00099
12.5,0.00099
12.533333,0.00099
12.566667,0.00099
12.6,0.00099
12.633333,0.00099
12.666667,0.00099
12.7,0.00099
12.733333,0.00099
12.766667,0.00099
12.8,0.00099
12.833333,0.00099
12.866667,0.00099
12.9,0.00099
12.933333,0.00099
12.966667,0.00099
13,0.00099
13.033333,0.00099
13.066667,0.00099
13.1,0.00099
13.133333,0.00099
13.166667,0.00099
13.2,0.00099
13.233333,0.00099
13.266667,0.00099
13.3,0.00099
13.333333,0.00099
13.366667,0.00099
13.4,0.00099
13.433333,0.00099
13.466667,0.00099
13.5,0.00099
13.533333,0.00099
13.566667,0.00099
13.6,0.00099
13.633333,0.00099
13.666667,0.176292
13.7,0.190488
13.733333,0.196965
13.766667,0.20442
13.8,0.215482
13.833333,0.232428
13.866667,0.255868
13.9,0.264375
13.933333,0.26848
13.966667,0.267568
14,0.269352
14.033333,0.26757
14.066667,0.26951
14.1,0.268543
14.133333,0.270043
14.166667,0.26795
14.2,0.265533
14.233333,0.27746
14.266667,0.271522
14.3,0.273247
14.333333,0.27211
14.366667,0.26773
14.4,0.26366
14.433333,0.252422
14.466667,0.236593
14.5,0.22624
14.533333,0.220417
14.566667,0.216732
14.6,0.2099
14.633333,0.197327
14.666667,0.003585
14.7,0.0010525
14.733333,0.0006325
14.766667,0.000605
14.8,0.000605
14.833333,0.000605
14.866667,0.000605
14.9,0.000605
14.933333,0.000605
14.966667,0.000605
15,0.000605
15.033333,0.000605
15.066667,0.000605
15.1,0.000605
15.133333,0.000605
15.166667,0.000605
15.2,0.000605
15.233333,0.000605
15.266667,0.000605
15.3,0.000605
15.333333,0.000605
15.366667,0.000605
15.4,0.000605
15.433333,0.000605
15.466667,0.000605
15.5,0.000605
15.533333,0.000605
15.566667,0.000605
15.6,0.000605
15.633333,0.000605
15.666667,0.000605
15.7,0.000605
15.733333,0.000605
15.766667,0.000605
15.8,0.000605
15.833333,0.000605
15.866667,0.000605
15.9,0.000605
15.933333,0.000605
15.966667,0.000605
16,0.020435
16.033333,0.000865
16.066667,0.0001925
16.1,0.000145
16.133333,0.00012
16.166667,0.00012
16.2,0.00012
16.233333,0.00012
16.266667,0.00012
16.3,0.00012
16.333333,0.00012
16.366667,0.00012
16.4,0.00012
16.433333,0.00012
16.466667,0.00012
16.5,0.00012
16.533333,0.00012
16.566667,0.00012
16.6,0.00012
16.633333,0.00012
16.666667,0.00012
16.7,0.00012
16.733333,0.00012
16.766667,0.00012
16.8,0.00012
16.833333,0.00012
16.866667,0.00012
16.9,0.00012
16.933333,0.00012
16.966667,0.00012
17,0.00012
17.033333,0.00012
17.066667,0.00012
17.1,0.00012
17.133333,0.00012
17.166667,0.00012
17.2,0.00012
17.233333,0.00012
17.266667,0.00012
17.3,0.00012
17.333333,0.00012
17.366667,0.00012
17.4,0.00012
17.433333,0.00012
17.466667,0.00012
17.5,0.00012
17.533333,0.00012
17.566667,0.00012
17.6,0.00012
17.633333,0.00012
17.666667,0.00012
17.7,0.00012
17.733333,0.00012
17.766667,0.00012
17.8,0.00012
17.833333,0.00012
17.866667,0.00012
17.9,0.00012
17.933333,0.00012
17.966667,0.00012
18,0.00012
18.033333,0.00012
18.066667,0.00012
18.1,0.00012
18.133333,0.00012
18.166667,0.00012
18.2,0.00012
18.233333,0.00012
18.266667,0.00012
18.3,0.00012
18.333333,0.00012
18.366667,0.00012
18.4,0.00012
18.433333,0.00012
18.466667,0.00012
18.5,0.00012
18.533333,0.00012
18.566667,0.00012
18.6,0.00012
18.633333,0.00012
18.666667,0.00012
18.7,0.00012
18.733333,0.0776675
18.766667,0.205522
18.8,0.177758
18.833333,0.18214
18.866667,0.167295
18.9,0.160823
18.933333,0.162057
18.966667,0.205845
19,0.212285
19.033333,0.190875
19.066667,0.192442
19.1,0.164455
19.133333,0.154973
19.166667,0.0744425
19.2,0.0003075
19.233333,0.00027
19.266667,0.00026
19.3,0.00026
19.333333,0.00026
19.366667,0.00026
19.4,0.00026
19.433333,0.00026
19.466667,0.00026
19.5,0.00026
19.533333,0.00026
19.566667,0.00026
19.6,0.00026
19.633333,0.00026
19.666667,0.00026
19.7,0.00026
19.733333,0.00026
19.766667,0.00026
19.8,0.00026
19.833333,0.00026
19.866667,0.00026
19.9,0.00026
19.933333,0.00026
19.966667,0.00026
20,0.00026
20.033333,0.00026
20.066667,0.00026
20.1,0.00026
20.133333,0.00026
20.166667,0.00026
20.2,0.00026
20.233333,0.00026
20.266667,0.00026
20.3,0.00026
20.333333,0.00026
20.366667,0.00026
20.4,0.00026
20.433333,0.00026
20.466667,0.00026
20.5,0.00026
20.533333,0.00026
20.566667,0.00026
20.6,0.00026
20.633333,0.00026
20.666667,0.00026
20.7,0.00026
20.733333,0.00026
20.766667,0.00026
20.8,0.00026
20.833333,0.00026
20.866667,0.00026
20.9,0.00026
20.933333,0.00026
20.966667,0.00026
21,0.00026
21.033333,0.0824625
21.066667,0.0960225
21.1,0.0814325
21.133333,0.096645
21.166667,0.097005
21.2,0.0805825
21.233333,0.0983175
21.266667,0.0989175
21.3,0.10078
21.333333,0.100932
21.366667,0.10325
21.4,0.103673
21.433333,0.106468
21.466667,0.124933
21.5,0.10999
21.533333,0.129335
21.566667,0.131133
21.6,0.13447
21.633333,0.137475
21.666667,0.140487
21.7,0.161023
21.733333,0.166467
21.766667,0.17171
21.8,0.195105
21.833333,0.22241
21.866667,0.232228
21.9,0.265178
21.933333,0.344575
21.966667,0.44612
22,1.29676
22.033333,0.002675
22.066667,0.0010075
22.1,0.0006125
22.133333,0.000585
22.166667,0.000585
22.2,0.000585
22.233333,0.000585
22.266667,0.000585
22.3,0.000585
22.333333,0.000585
22.366667,0.000585
22.4,0.000585
22.433333,0.000585
22.466667,0.000585
22.5,0.000585
22.533333,0.000585
22.566667,0.000585
22.6,0.000585
22.633333,0.000585
22.666667,0.000585
22.7,0.000585
22.733333,0.000585
22.766667,0.000585
22.8,0.000585
22.833333,0.000585
22.866667,0.000585
22.9,0.000585
22.933333,0.000585
22.966667,0.000585
23,0.000585
23.033333,0.000585
23.066667,0.000585
23.1,0.000585
23.133333,0.000585
23.166667,0.000585
23.2,0.000585
23.233333,31.7336
23.266667,0.00358
23.3,0.000595
23.333333,0.0008525
23.366667,0.000485
23.4,0.000415
23.433333,0.000385
23.466667,0.000385
23.5,0.000385
23.533333,0.000385
23.566667,0.000385
23.6,0.000385
23.633333,0.000385
23.666667,0.000385
23.7,0.000385
23.733333,0.000385
23.766667,0.000385
23.8,0.000385
23.833333,0.000385
23.866667,0.000385
23.9,0.000385
23.933333,0.000385
23.966667,0.000385
24,0.01129
24.033333,0.0008625
24.066667,0.000305
24.1,0.000185
24.133333,0.00018
24.166667,0.00018
24.2,0.00018
24.233333,0.00018
24.266667,0.00018
24.3,0.00018
24.333333,0.00018
24.366667,0.00018
24.4,0.00018
24.433333,0.00018
24.466667,0.00018
24.5,0.00018
24.533333,0.00018
24.566667,0.00018
24.6,0.00018
24.633333,0.00018
24.666667,0.00018
24.7,0.00018
24.733333,0.00018
24.766667,0.00018
24.8,0.00018
24.833333,0.00018
24.866667,0.00018
24.9,0.00018
24.933333,0.00018
24.966667,0.00018
25,0.00018
25.033333,0.00018
25.066667,0.00018
25.1,0.00018
25.133333,0.00018
25.166667,0.00018
25.2,0.00018
25.233333,0.00018
25.266667,0.00018
25.3,0.00018
25.333333,0.00018
25.366667,0.057845
25.4,0.0594125
25.433333,0.0594325
25.466667,0.06015
25.5,0.06038
25.533333,0.0602375
25.566667,0.060865
25.6,0.0611725
25.633333,0.08446
25.666667,0.0613525
25.7,0.0619775
25.733333,0.0855775
25.766667,0.0622425
25.8,0.0860475
25.833333,0.063005
25.866667,0.08722
25.9,0.0639425
25.933333,0.0874875
25.966667,0.08818
26,0.0883875
26.033333,0.0889825
26.066667,0.09004
26.1,0.0903225
26.133333,0.11403
26.166667,0.0919525
26.2,0.115718
26.233333,0.1175
26.266667,0.11811
26.3,0.142935
26.333333,0.121578
26.366667,0.00134
26.4,0.0005075
26.433333,0.00029
26.466667,0.00025
26.5,0.00025
26.533333,0.00025
26.566667,0.00025
26.6,0.00025
26.633333,0.00025
26.666667,0.00025
26.7,0.00025
26.733333,0.00025
26.766667,0.00025
26.8,0.00025
26.833333,0.00025
26.866667,0.00025
26.9,0.00025
26.933333,0.00025
26.966667,0.00025
27,0.00025
27.033333,0.00025
27.066667,0.00025
27.1,0.00025
27.133333,0.00025
27.166667,0.00025
27.2,0.00025
27.233333,0.00025
27.266667,0.00025
27.3,0.00025
27.333333,0.00025
27.366667,0.00025
27.4,0.12028
27.433333,0.15236
27.466667,0.117862
27.5,0.11486
27.533333,0.155565
27.566667,0.115763
27.6,0.15093
27.633333,0.117142
27.666667,0.157485
27.7,0.156183
27.733333,0.114348
27.766667,0.159515
27.8,0.159295
27.833333,0.16117
27.866667,0.16146
27.9,0.162475
27.933333,0.164575
27.966667,0.165658
28,0.204915
28.033333,0.168387
28.066667,0.20799
28.1,0.17066
28.133333,0.213863
28.166667,0.216232
28.2,0.217528
28.233333,0.22144
28.266667,0.264965
28.3,0.269442
28.333333,0.268207
28.366667,0.277395
28.4,0.00249
28.433333,0.0008475
28.466667,0.000605
28.5,0.00052
28.533333,2.9874
28.566667,0.0010625
28.6,0.0006525
28.633333,0.0005675
28.666667,0.00056
28.7,0.00056
28.733333,0.00056
28.766667,0.00056
28.8,0.00056
28.833333,0.00056
28.866667,0.00056
28.9,0.00056
28.933333,0.00056
28.966667,0.00056
29,0.00056
29.033333,0.00056
29.066667,0.00056
29.1,0.00056
29.133333,0.00056
29.166667,0.00056
29.2,0.00056
29.233333,0.00056
29.266667,0.00056
29.3,0.00056
29.333333,0.00056
29.366667,0.00056
29.4,0.00056
29.433333,0.00056
29.466667,0.00056
29.5,0.00056
29.533333,0.00056
29.566667,0.00056
29.6,0.00056
29.633333,0.00056
29.666667,0.00056
29.7,0.00056
29.733333,0.00056
29.766667,0.00056
29.8,0.00056
29.833333,0.00056
29.866667,0.00056
29.9,0.00056
29.933333,0.00056
29.966667,0.00056
30,0.00056
30.033333,0.00056
30.066667,0.00056
30.1,0.00056
30.133333,0.00056
30.166667,0.00056
30.2,0.00056
30.233333,0.00056
30.266667,0.00056
30.3,0.00056
30.333333,0.00056
30.366667,0.00056
30.4,0.00056
30.433333,0.00056
30.466667,0.00056
30.5,0.00056
30.533333,0.00056
30.566667,0.00056
30.6,0.00056
30.633333,0.00056
30.666667,0.00056
30.7,0.00056
30.733333,0.00056
30.766667,0.00056
30.8,0.00056
30.833333,0.00056
30.866667,0.00056
30.9,0.00056
30.933333,0.00056
30.966667,0.00056
31,0.00056
31.033333,0.00056
31.066667,0.00056
31.1,0.00056
31.133333,0.00056
31.166667,0.00056
31.2,0.00056
31.233333,0.00056
31.266667,0.00056
31.3,0.00056
31.333333,0.00056
31.366667,0.00056
31.4,0.00056
31.433333,0.00056
31.466667,0.00056
31.5,0.00056
31.533333,0.00056
31.566667,0.00056
31.6,0.00056
31.633333,0.00056
31.666667,0.00056
31.7,0.00056
31.733333,0.00056
31.766667,0.00056
31.8,0.00056
31.833333,0.00056
31.866667,0.00056
31.9,0.00056
31.933333,0.00056
31.966667,0.00056
32,0.01784
32.033333,0.000995
32.066667,0.000305
32.1,0.0002025
32.133333,0.00019
32.166667,0.00019
32.2,0.00019
32.233333,0.00019
32.266667,0.00019
32.3,0.00019
32.333333,0.00019
32.366667,0.00019
32.4,0.00019
32.433333,0.00019
32.466667,0.00019
32.5,0.00019
32.533333,0.00019
32.566667,0.00019
32.6,0.00019
32.633333,0.00019
32.666667,0.00019
32.7,0.00019
32.733333,0.00019
32.766667,0.00019
32.8,0.00019
32.833333,0.00019
32.866667,0.00019
32.9,0.00019
32.933333,0.00019
32.966667,137.433
33,9.7139
33.033333,9.8639
33.066667,9.76641
33.1,9.52546
33.133333,9.40788
33.166667,9.29988
33.2,9.2225
33.233333,9.27463
33.266667,9.37093
33.3,9.46874
33.333333,9.2429
33.366667,9.28068
33.4,9.31055
33.433333,9.18824
33.466667,9.30453
33.5,9.46321
33.533333,9.24081
33.566667,9.0845
33.6,9.00898
33.633333,8.97294
33.666667,8.97832
33.7,8.93798
33.733333,8.96285
33.766667,8.82146
33.8,8.89818
33.833333,8.73583
33.866667,8.76155
33.9,8.73127
33.933333,8.61809
33.966667,8.71825
34,8.65258
34.033333,8.58899
34.066667,8.62599
34.1,8.65118
34.133333,8.85359
34.166667,8.70516
34.2,8.67377
34.233333,8.68769
34.266667,8.688
34.3,8.77035
34.333333,8.82958
34.366667,8.89167
34.4,8.94648
34.433333,9.18448
34.466667,9.20004
34.5,9.18679
34.533333,9.23973
34.566667,9.40365
34.6,9.5191
34.633333,9.61478
34.666667,9.64869
34.7,9.50803
34.733333,9.46673
34.766667,9.34463
34.8,9.42668
34.833333,9.31469
34.866667,9.33479
34.9,9.43002
34.933333,9.26002
34.966667,9.18057
35,9.0654
35.033333,9.03901
35.066667,9.05341
35.1,9.04928
35.133333,9.34765
35.166667,9.10421
35.2,8.85408
35.233333,8.80022
35.266667,8.76058
35.3,8.82929
35.333333,8.68106
35.366667,8.71993
35.4,8.6432
35.433333,8.51216
35.466667,8.5534
35.5,8.57357
35.533333,8.61221
35.566667,8.71444
35.6,8.87687
35.633333,8.98216
35.666667,8.79975
35.7,8.8175
35.733333,8.9883
35.766667,9.01924
35.8,9.11231
35.833333,9.05362
35.866667,9.08099
35.9,9.17503
35.933333,9.20744
35.966667,9.63593
36,9.31318
36.033333,9.27046
36.066667,9.2683
36.1,9.18416
36.133333,9.0863
36.166667,9.09516
36.2,9.0684
36.233333,9.04368
36.266667,8.95645
36.3,9.16058
36.333333,8.9142
36.366667,8.86071
36.4,8.81863
36.433333,8.86015
36.466667,9.30077
36.5,9.09909
36.533333,9.17031
36.566667,9.15772
36.6,9.12383
36.633333,9.03984
36.666667,9.05524
36.7,9.06619
36.733333,9.25458
36.766667,9.37886
36.8,9.34672
36.833333,9.23155
36.866667,9.15404
36.9,9.14228
36.933333,9.08323
36.966667,9.28154
37,9.31356
37.033333,9.22316
37.066667,9.14775
37.1,9.01602
37.133333,9.07873
37.166667,9.14781
37.2,9.13898
37.233333,9.29598
37.266667,9.20515
37.3,9.25536
37.333333,9.09651
37.366667,9.19212
37.4,9.18909
37.433333,9.13539
37.466667,9.308
37.5,9.24822
37.533333,9.24658
37.566667,9.39805
37.6,9.57109
37.633333,9.79605
37.666667,9.72464
37.7,10.1709
37.733333,10.1177
37.766667,131.846
37.8,0.0840175
37.833333,0.308177
37.866667,0.035155
37.9,0.210757
37.933333,0.032245
37.966667,0.16468
38,0.011715
38.033333,0.0222625
38.066667,0.0063025
38.1,0.00398
38.133333,0.00339
38.166667,0.00336
38.2,0.00336
38.233333,0.00336
38.266667,0.00336
38.3,0.00336
38.333333,0.00336
38.366667,0.00336
38.4,0.00336
38.433333,0.00336
38.466667,0.00336
38.5,0.00336
38.533333,0.00336
38.566667,0.00336
38.6,0.00336
38.633333,0.00336
38.666667,0.00336
38.7,0.00336
38.733333,0.00336
38.766667,0.00336
38.8,0.00336
38.833333,0.00336
38.866667,0.00336
38.9,0.00336
38.933333,0.00336
38.966667,0.00336
39,0.00336
39.033333,0.00336
39.066667,0.00336
39.1,0.00336
39.133333,0.00336
39.166667,0.00336
39.2,0.00336
39.233333,0.00336
39.266667,0.00336
39.3,0.00336
39.333333,0.00336
39.366667,0.00336
39.4,0.00336
39.433333,0.00336
39.466667,0.00336
39.5,0.00336
39.533333,0.00336
39.566667,0.00336
39.6,0.00336
39.633333,0.00336
39.666667,0.00336
39.7,0.00336
39.733333,0.00336
39.766667,0.00336
39.8,0.00336
39.833333,0.00336
39.866667,0.00336
39.9,0.00336
39.933333,0.00336
39.966667,0.00336
40,0.131117
40.033333,0.0068675
40.066667,0.00167
40.1,0.00125
40.133333,0.00119
40.166667,0.00119
40.2,0.00119
40.233333,0.00119
40.266667,0.00119
40.3,0.00119
40.333333,0.00119
40.366667,0.00119
40.4,0.00119
40.433333,0.00119
40.466667,0.00119
40.5,0.00119
40.533333,0.00119
40.566667,0.00119
40.6,0.00119
40.633333,0.00119
40.666667,0.00119
40.7,0.00119
40.733333,0.00119
40.766667,0.00119
40.8,0.00119
40.833333,0.00119
40.866667,0.00119
40.9,0.00119
40.933333,0.00119
40.966667,0.00119
41,0.00119
41.033333,0.00119
41.066667,0.00119
41.1,0.00119
41.133333,0.00119
41.166667,0.00119
41.2,0.00119
41.233333,0.00119
41.266667,0.00119
41.3,0.00119
41.333333,0.00119
41.366667,0.00119
41.4,0.00119
41.433333,0.00119
41.466667,0.00119
41.5,0.00119
41.533333,0.00119
41.566667,0.00119
41.6,0.00119
41.633333,0.00119
41.666667,0.00119
41.7,0.00119
41.733333,0.00119
41.766667,0.00119
41.8,0.00119
41.833333,0.00119
41.866667,0.00119
41.9,0.00119
41.933333,0.00119
41.966667,0.00119
42,0.00119
42.033333,0.00119
42.066667,0.00119
42.1,0.00119
42.133333,0.00119
42.166667,0.00119
42.2,0.00119
42.233333,0.00119
42.266667,0.00119
42.3,0.00119
42.333333,0.00119
42.366667,0.00119
42.4,0.00119
42.433333,0.00119
42.466667,0.00119
42.5,0.00119
42.533333,0.00119
42.566667,0.00119
42.6,0.00119
42.633333,0.00119
42.666667,0.00119
42.7,0.00119
42.733333,0.00119
42.766667,0.00119
42.8,0.00119
42.833333,0.00119
42.866667,0.00119
42.9,0.00119
42.933333,0.00119
42.966667,0.00119
43,0.00119
43.033333,0.00119
43.066667,0.00119
43.1,0.00119
43.133333,0.00119
43.166667,0.00119
43.2,0.00119
43.233333,0.00119
43.266667,0.00119
43.3,0.00119
43.333333,0.00119
43.366667,0.00119
43.4,0.00119
43.433333,0.00119
43.466667,0.00119
43.5,0.00119
43.533333,0.00119
43.566667,0.00119
43.6,0.00119
43.633333,0.00119
43.666667,0.00119
43.7,0.00119
43.733333,0.00119
43.766667,0.00119
43.8,0.00119
43.833333,0.00119
43.866667,0.00119
43.9,0.00119
43.933333,0.00119
43.966667,0.00119
44,0.00119
44.033333,0.00119
44.066667,0.00119
44.1,0.00119
44.133333,0.00119
44.166667,0.00119
44.2,0.00119
44.233333,0.00119
44.266667,0.00119
44.3,0.00119
44.333333,0.00119
44.366667,0.00119
44.4,0.00119
44.433333,0.00119
44.466667,0.00119
44.5,0.00119
44.533333,0.00119
44.566667,0.00119
44.6,0.00119
44.633333,0.00119
44.666667,0.00119
44.7,0.00119
44.733333,0.00119
44.766667,0.00119
44.8,0.00119
44.833333,0.00119
44.866667,0.00119
44.9,0.00119
44.933333,0.00119
44.966667,0.00119
45,0.00119
45.033333,0.00119
45.066667,0.00119
45.1,0.00119
45.133333,0.00119
45.166667,0.00119
45.2,0.00119
45.233333,0.00119
45.266667,0.00119
45.3,0.00119
45.333333,0.00119
45.366667,0.00119
45.4,0.00119
45.433333,0.00119
45.466667,0.00119
45.5,0.00119
45.533333,0.00119
45.566667,0.00119
45.6,0.00119
45.633333,0.00119
45.666667,0.00119
45.7,0.00119
45.733333,0.00119
45.766667,0.00119
45.8,0.00119
45.833333,0.00119
45.866667,0.00119
45.9,0.00119
45.933333,0.00119
45.966667,0.00119
46,0.00119
46.033333,0.00119
46.066667,0.00119
46.1,0.00119
46.133333,0.00119
46.166667,0.00119
46.2,0.00119
46.233333,0.00119
46.266667,0.00119
46.3,0.00119
46.333333,0.00119
46.366667,0.00119
46.4,0.00119
46.433333,0.00119
46.466667,0.00119
46.5,0.00119
46.533333,0.00119
46.566667,0.00119
46.6,0.00119
46.633333,0.00119
46.666667,0.00119
46.7,0.00119
46.733333,19.5108
46.766667,0
46.8,0
46.833333,0
46.866667,0
46.9,0
46.933333,0
46.966667,0
47,0
47.033333,0
47.066667,0
47.1,0
47.133333,0
47.166667,0
47.2,0
47.233333,0
47.266667,0
47.3,0
47.333333,0
47.366667,0
47.4,0
47.433333,0
47.466667,0
47.5,0
47.533333,0
47.566667,0
47.6,0
47.633333,0
47.666667,0
47.7,0
47.733333,0
47.766667,0
47.8,0.190692
47.833333,0.313727
47.866667,0.117435
47.9,0.114065
47.933333,0.089285
47.966667,0.066945
48,0.101803
48.033333,0.066195
48.066667,0.13369
48.1,0.162447
48.133333,0.323088
48.166667,1.05878
48.2,0.677835
48.233333,0.00043
48.266667,0.0002175
48.3,0.0002
48.333333,0.00019
48.366667,0.00019
48.4,0.00019
48.433333,0.00019
48.466667,0.00019
48.5,0.00019
48.533333,0.00019
48.566667,0.00019
48.6,0.00019
48.633333,0.00019
48.666667,0.00019
48.7,0.00019
48.733333,0.00019
48.766667,0.00019
48.8,0.00019
48.833333,0.00019
48.866667,0.00019
48.9,0.00019
48.933333,0.00019
48.966667,0.00019
49,0.00019
49.033333,0.00019
49.066667,0.00019
49.1,0.00019
49.133333,0.00019
49.166667,0.00019
49.2,0.00019
49.233333,0.00019
49.266667,0.00019
49.3,0.00019
49.333333,0.00019
49.366667,0.00019
49.4,0.00019
49.433333,0.00019
49.466667,0.00019
49.5,0.00019
49.533333,0.00019
49.566667,0.00019
49.6,0.00019
49.633333,0.00019
49.666667,0.00019
49.7,0.00019
49.733333,0.00019
49.766667,0.00019
49.8,0.00019
49.833333,0.00019
49.866667,0.00019
49.9,0.00019
49.933333,0.00019
49.966667,0.00019
50,0.00019
50.033333,0.00019
50.066667,0.00019
50.1,0.00019
50.133333,0.00019
50.166667,0.00019
50.2,0.00019
50.233333,0.00019
50.266667,0.00019
50.3,0.00019
50.333333,2.66898
50.366667,0.000755
50.4,0.00031
50.433333,0.00022
50.466667,0.00022
50.5,0.00022
50.533333,0.00022
50.566667,0.00022
50.6,0.00022
50.633333,0.00022
50.666667,0.00022
50.7,0.00022
50.733333,0.00022
50.766667,0.00022
50.8,0.00022
50.833333,0.00022
50.866667,0.00022
50.9,0.00022
50.933333,0.00022
50.966667,0.00022
51,0.00022
51.033333,0.00022
51.066667,0.00022
51.1,0.00022
51.133333,0.00022
51.166667,0.00022
51.2,0.00022
51.233333,0.00022
51.266667,0.00022
51.3,0.00022
51.333333,0.00022
51.366667,0.00022
51.4,0.00022
51.433333,0.00022
51.466667,0.00022
51.5,0.00022
51.533333,0.00022
51.566667,0.00022
51.6,0.00022
51.633333,0.00022
51.666667,0.00022
51.7,0.00022
51.733333,0.00022
51.766667,0.00022
51.8,0.00022
51.833333,0.00022
51.866667,0.00022
51.9,0.00022
51.933333,1.2315
51.966667,0.41084
52,0.321045
52.033333,0.412855
52.066667,0.56719
52.1,0.401323
52.133333,0.618805
52.166667,0.691843
52.2,0.224238
52.233333,0.16093
52.266667,0.0017975
52.3,0.001305
52.333333,0.00124
52.366667,0.00124
52.4,0.00124
52.433333,0.00124
52.466667,0.00124
52.5,0.00124
52.533333,0.00124
52.566667,0.00124
52.6,0.00124
52.633333,0.00124
52.666667,0.00124
52.7,0.00124
52.733333,0.00124
52.766667,0.00124
52.8,0.00124
52.833333,0.00124
52.866667,0.00124
52.9,0.00124
52.933333,0.00124
52.966667,0.00124
53,0.00124
53.033333,0.00124
53.066667,0.00124
53.1,0.00124
53.133333,0.00124
53.166667,0.00124
53.2,0.00124
53.233333,0.00124
53.266667,0.00124
53.3,0.00124
53.333333,0.00124
53.366667,0.00124
53.4,0.00124
53.433333,0.00124
53.466667,0.00124
53.5,0.00124
53.533333,0.00124
53.566667,0.00124
53.6,0.00124
53.633333,0.00124
53.666667,0.00124
53.7,0.00124
53.733333,0.00124
53.766667,0.00124
53.8,11.0996
53.833333,0
53.866667,0
53.9,0
53.933333,0
53.966667,0
54,0
54.033333,0
54.066667,0
54.1,0
54.133333,0
54.166667,0
54.2,0
54.233333,0
54.266667,0
54.3,0
54.333333,0
54.366667,0
54.4,0
54.433333,0
54.466667,0
54.5,0
54.533333,0
54.566667,0
54.6,0
54.633333,0
54.666667,0
54.7,0
54.733333,0
54.766667,0
54.8,0
54.833333,0
54.866667,0
54.9,0
54.933333,0
54.966667,0
55,0
55.033333,0
55.066667,0
55.1,0
55.133333,0
55.166667,0
55.2,0
55.233333,0
55.266667,0
55.3,0
55.333333,0
55.366667,0
55.4,0
55.433333,0
55.466667,0
55.5,0
55.533333,0
55.566667,0
55.6,0
55.633333,0
55.666667,0
55.7,0
55.733333,0
55.766667,0
55.8,0
55.833333,0
55.866667,0
55.9,0
55.933333,0
55.966667,0
56,2.5
56.033333,0.0067425
56.066667,0.05119
56.1,0.55177
56.133333,0.657857
56.166667,0.285268
56.2,0.58686
56.233333,0.225255
56.266667,0.39677
56.3,0.275543
56.333333,0.084245
56.366667,0.113278
56.4,0.203168
56.433333,0.450848
56.466667,0.200882
56.5,0.0008525
56.533333,0.0006
56.566667,0.000505
56.6,0.000515
56.633333,0.000505
56.666667,0.000515
56.7,0.000505
56.733333,0.000515
56.766667,0.000505
56.8,0.000515
56.833333,0.000505
56.866667,0.000515
56.9,0.000505
56.933333,0.000515
56.966667,0.000505
57,0.000515
57.033333,0.000505
57.066667,0.000515
57.1,0.000505
57.133333,0.000515
57.166667,0.000505
57.2,0.000515
57.233333,0.000505
57.266667,0.000515
57.3,0.000505
57.333333,0.000515
57.366667,0.000505
57.4,0.000515
57.433333,0.000505
57.466667,0.000515
57.5,0.000505
57.533333,0.000515
57.566667,0.000505
57.6,0.000515
57.633333,0.000505
57.666667,0.000515
57.7,0.000505
57.733333,0.000515
57.766667,0.000505
57.8,0.000515
57.833333,0.000505
57.866667,2.68449
57.9,0.0017225
57.933333,0.0007175
57.966667,0.0005475
58,0.0005325
58.033333,0.000515
58.066667,0.000525
58.1,0.000515
58.133333,0.000525
58.166667,0.000515
58.2,0.000525
58.233333,0.000515
58.266667,0.000525
58.3,0.000515
58.333333,0.000525
58.366667,0.000515
58.4,0.000525
58.433333,0.000515
58.466667,0.000525
58.5,0.000515
58.533333,0.000525
58.566667,0.000515
58.6,0.000525
58.633333,0.000515
58.666667,0.000525
58.7,0.000515
58.733333,0.000525
58.766667,0.000515
58.8,0.000525
58.833333,0.000515
58.866667,0.000525
58.9,0.000515
58.933333,0.000525
58.966667,0.000515
59,0.000525
59.033333,0.000515
59.066667,0.000525
59.1,0.000515
59.133333,0.000525
59.166667,0.000515
59.2,0.000525
59.233333,0.000515
59.266667,0.000525
59.3,0.000515
59.333333,0.000525
59.366667,0.000515
59.4,0.000525
59.433333,0.000515
59.466667,0.000525
59.5,0.000515
59.533333,0.000525
59.566667,0.000515
59.6,0.000525
59.633333,0.000515
59.666667,0.000525
59.7,0.000515
59.733333,0.000525
59.766667,0.000515
59.8,0.000525
59.833333,0.000515
59.866667,0.000525
59.9,0.000515
59.933333,0.000525
59.966667,0.000515
60,0.000525
60.033333,0.000515
60.066667,0.000525
60.1,0.000515
60.133333,0.000525
60.166667,0.000515
60.2,0.000525
60.233333,0.000515
60.266667,0.000525
60.3,0.000515
60.333333,0.000525
60.366667,0.000515
60.4,0.000525
60.433333,0.000515
60.466667,0.000525
60.5,0.000515
60.533333,0.000525
60.566667,0.000515
60.6,0.000525
60.633333,0.000515
60.666667,0.000525
60.7,0.0325975
60.733333,0.030865
60.766667,0.01884
60.8,0.00716
60.833333,0.0138575
60.866667,0.0367
60.9,0.03787
60.933333,0.03842
60.966667,0.0380825
61,0.0318675
61.033333,0.0159025
61.066667,0.014335
61.1,0.0147475
61.133333,0.0342325
61.166667,0.06966
61.2,0.0675125
61.233333,0.0710675
61.266667,0.06665
61.3,0.111918
61.333333,0.0707675
61.366667,0.07423
61.4,0.0812725
61.433333,0.0756925
61.466667,0.0509125
61.5,0.019945
61.533333,0.0173425
61.566667,0.01963
61.6,0.101028
61.633333,0.143978
61.666667,0.149423
61.7,0.137923
61.733333,0.14576
61.766667,0.144662
61.8,0.141605
61.833333,0.148152
61.866667,0.138802
61.9,0.147913
61.933333,0.0434625
61.966667,0.016585
62,0.016545
62.033333,0.01679
62.066667,0.02494
62.1,0.0268175
62.133333,0.02443
62.166667,0.026465
62.2,0.0439275
62.233333,0.05061
62.266667,0.026475
62.3,0.03129
62.333333,0.0337975
62.366667,0.03321
62.4,0.022745
62.433333,0.024115
62.466667,0.022975
62.5,0.042195
62.533333,0.15138
62.566667,0.132332
62.6,0.139417
62.633333,0.137703
62.666667,0.148652
62.7,0.142205
62.733333,0.132192
62.766667,0.13634
62.8,0.13739
62.833333,0.097995
62.866667,0.0171125
62.9,0.0153225
62.933333,0.01069
62.966667,0.033255
63,0.051055
63.033333,0.0565275
63.066667,0.052635
63.1,0.0552
63.133333,0.063515
63.166667,0.0518225
63.2,0.0555025
63.233333,0.0547575
63.266667,0.0540625
63.3,0.02504
63.333333,0.00751
63.366667,0.0080275
63.4,0.0081375
63.433333,0.023125
63.466667,0.03023
63.5,0.0283275
63.533333,0.0293875
63.566667,0.0335525
63.6,0.0473975
63.633333,0.0304075
63.666667,0.0287775
63.7,0.0295725
63.733333,0.0311525
63.766667,0.0095275
63.8,0.0083125
63.833333,0.00792
63.866667,0.0085725
63.9,0.01613
63.933333,0.016485
63.966667,0.015685
64,0.049175
64.033333,0.03053
64.066667,0.0238925
64.1,0.015925
64.133333,0.01572
64.166667,0.0157925
64.2,0.014205
64.233333,0.0073
64.266667,0.0073925
64.3,0.00743
64.333333,0.0098675
64.366667,0.0172225
64.4,0.0166325
64.433333,0.017685
64.466667,0.0163175
64.5,0.034005
64.533333,0.01895
64.566667,0.016655
64.6,0.0177375
64.633333,0.0165425
64.666667,0.0128025
64.7,0.0078025
64.733333,0.006895
64.766667,0.0078875
64.8,0.0202725
64.833333,0.02921
64.866667,0.030245
64.9,0.026795
64.933333,0.03082
64.966667,0.047425
65,0.02823
65.033333,0.0300275
65.066667,0.02805
65.1,0.029645
65.133333,0.01267
65.166667,0.00057
65.2,0.000555
65.233333,0.00053
65.266667,0.00053
65.3,0.00053
65.333333,0.00053
65.366667,0.00053
65.4,0.00053
65.433333,0.00053
65.466667,0.00053
65.5,0.00053
65.533333,0.00053
65.566667,0.00053
65.6,0.00053
65.633333,0.00053
65.666667,0.00053
65.7,0.00053
65.733333,0.00053
65.766667,0.00053
65.8,0.00053
65.833333,0.00053
65.866667,0.00053
65.9,0.00053
65.933333,0.00053
65.966667,0.00053
66,0.00053
66.033333,0.00053
66.066667,0.00053
66.1,0.00053
66.133333,0.00053
66.166667,0.00053
66.2,0.00053
66.233333,0.00053
66.266667,0.00053
66.3,0.00053
66.333333,0.00053
66.366667,0.00053
66.4,0.00053
66.433333,0.00053
66.466667,0.00053
66.5,0.00053
66.533333,0.00053
66.566667,0.00053
66.6,0.00053
66.633333,0.00053
66.666667,0.00053
66.7,0.00053
66.733333,0.00053
66.766667,0.00053
66.8,0.00053
66.833333,0.00053
66.866667,0.00053
66.9,0.00053
66.933333,0.00053
66.966667,0.00053
67,0.00053
67.033333,0.00053
67.066667,0.00053
67.1,0.00053
67.133333,0.00053
67.166667,0.00053
67.2,0.00053
67.233333,0.00053
67.266667,0.00053
67.3,0.00053
67.333333,0.00053
67.366667,0.00053
67.4,0.00053
67.433333,0.00053
67.466667,0.00053
67.5,0.00053
67.533333,0.00053
67.566667,0.00053
67.6,0.00053
67.633333,0.00053
67.666667,0.00053
67.7,0.00053
67.733333,0.00053
67.766667,0.00053
67.8,0.00053
67.833333,0.00053
67.866667,0.00053
67.9,0.00053
67.933333,0.00053
67.966667,0.00053
68,0.00053
68.033333,0.00053
68.066667,0.00053
68.1,0.00053
68.133333,0.00053
68.166667,0.00053
68.2,0.00053
68.233333,0.00053
68.266667,0.00053
68.3,0.00053
68.333333,0.00053
68.366667,0.00053
68.4,0.00053
68.433333,0.00053
68.466667,0.00053
68.5,0.00053
68.533333,0.00053
68.566667,0.00053
68.6,0.00053
68.633333,0.00053
68.666667,0.00053
68.7,0.00053
68.733333,0.00053
68.766667,0.00053
68.8,0.00053
68.833333,0.00053
68.866667,0.00053
68.9,0.00053
68.933333,0.00053
68.966667,0.00053
69,0.00053
69.033333,0.00053
69.066667,0.00053
69.1,0.00053
69.133333,0.00053
69.166667,0.00053
69.2,0.00053
69.233333,0.00053
69.266667,0.00053
69.3,0.00053
69.333333,0.00053
69.366667,0.00053
69.4,0.00053
69.433333,0.00053
69.466667,0.00053
69.5,0.00053
69.533333,0.00053
69.566667,0.00053
69.6,0.00053
69.633333,0.00053
69.666667,0.00053
69.7,0.00053
69.733333,0.00053
69.766667,56.7286
69.8,0.012155
69.833333,0.0031325
69.866667,0.00172
69.9,0.0015925
69.933333,0.001575
69.966667,0.001565
70,0.001565
70.033333,0.001565
70.066667,0.001565
70.1,0.001565
70.133333,0.001565
70.166667,0.001565
70.2,0.001565
70.233333,0.001565
70.266667,0.001565
70.3,0.001565
70.333333,0.001565
70.366667,0.001565
70.4,0.001565
70.433333,0.001565
70.466667,0.001565
70.5,0.001565
70.533333,0.001565
70.566667,0.001565
70.6,0.001565
70.633333,0.001565
70.666667,0.001565
70.7,0.001565
70.733333,0.001565
70.766667,0.001565
70.8,0.001565
70.833333,0.001565
70.866667,0.001565
70.9,0.001565
70.933333,0.001565
70.966667,0.001565
71,0.001565
71.033333,0.001565
71.066667,0.001565
71.1,0.001565
71.133333,0.001565
71.166667,0.001565
71.2,0.001565
71.233333,0.001565
71.266667,0.001565
71.3,0.001565
71.333333,0.001565
71.366667,0.001565
71.4,0.001565
71.433333,0.001565
71.466667,0.001565
71.5,0.001565
71.533333,0.001565
71.566667,0.001565
71.6,0.001565
71.633333,0.001565
71.666667,66.4408
71.7,0.004585
71.733333,0.0008375
71.766667,0.0011625
71.8,0.0005725
71.833333,0.000495
71.866667,0.000495
71.9,0.000495
71.933333,0.000495
71.966667,0.000495
72,0.01339
72.033333,0.0007775
72.066667,0.0001825
72.1,0.000135
72.133333,0.000135
72.166667,0.000135
72.2,0.000135
72.233333,0.000135
72.266667,0.000135
72.3,0.000135
72.333333,0.000135
72.366667,0.000135
72.4,0.000135
72.433333,0.000135
72.466667,0.000135
72.5,0.545283
72.533333,0.00036
72.566667,0.00018
72.6,0.0001625
72.633333,0.000155
72.666667,0.000155
72.7,0.000155
72.733333,0.000155
72.766667,0.000155
72.8,0.000155
72.833333,0.000155
72.866667,0.000155
72.9,0.000155
72.933333,0.000155
72.966667,0.000155
73,0.000155
73.033333,0.000155
73.066667,0.000155
73.1,0.000155
73.133333,0.000155
73.166667,0.000155
73.2,0.000155
73.233333,0.000155
73.266667,0.000155
73.3,0.000155
73.333333,0.000155
73.366667,0.000155
73.4,0.000155
73.433333,0.000155
73.466667,0.000155
73.5,0.000155
73.533333,0.000155
73.566667,0.000155
73.6,0.000155
73.633333,0.000155
73.666667,0.000155
73.7,0.000155
73.733333,0.000155
73.766667,0.000155
73.8,0.000155
73.833333,0.000155
73.866667,0.000155
73.9,0.000155
73.933333,0.000155
73.966667,0.000155
74,0.000155
74.033333,0.000155
74.066667,0.000155
74.1,0.000155
74.133333,0.000155
74.166667,0.000155
74.2,0.000155
74.233333,0.000155
74.266667,0.000155
74.3,0.000155
74.333333,0.000155
74.366667,0.000155
74.4,0.000155
74.433333,0.000155
74.466667,0.000155
74.5,0.000155
74.533333,0.000155
74.566667,0.000155
74.6,0.000155
74.633333,0.000155
74.666667,0.000155
74.7,0.000155
74.733333,0.000155
74.766667,0.000155
74.8,0.000155
74.833333,0.000155
74.866667,0.000155
74.9,0.000155
74.933333,0.000155
74.966667,0.000155
75,0.000155
75.033333,0.000155
75.066667,0.000155
75.1,0.000155
75.133333,0.000155
75.166667,0.000155
75.2,0.000155
75.233333,0.000155
75.266667,0.000155
75.3,0.000155
75.333333,0.000155
75.366667,0.000155
75.4,0.000155
75.433333,0.000155
75.466667,0.000155
75.5,0.000155
75.533333,0.000155
75.566667,0.000155
75.6,0.000155
75.633333,0.000155
75.666667,0.000155
75.7,0.000155
75.733333,0.000155
75.766667,0.000155
75.8,0.000155
75.833333,0.000155
75.866667,0.000155
75.9,0.000155
75.933333,0.000155
75.966667,0.000155
76,0.000155
76.033333,0.000155
76.066667,0.000155
76.1,0.000155
76.133333,0.000155
76.166667,0.000155
76.2,0.000155
76.233333,0.000155
76.266667,0.000155
76.3,0.000155
76.333333,0.000155
76.366667,0.000155
76.4,0.000155
76.433333,0.000155
76.466667,0.000155
76.5,0.000155
76.533333,0.000155
76.566667,0.000155
76.6,0.000155
76.633333,0.000155
76.666667,0.000155
76.7,0.000155
76.733333,0.000155
76.766667,0.000155
76.8,0.000155
76.833333,0.000155
76.866667,0.000155
76.9,0.000155
76.933333,0.000155
76.966667,0.000155
77,0.000155
77.033333,0.000155
77.066667,0.000155
77.1,0.000155
77.133333,0.000155
77.166667,0.000155
77.2,0.000155
77.233333,0.000155
77.266667,0.000155
77.3,0.000155
77.333333,0.000155
77.366667,0.000155
77.4,0.000155
77.433333,0.000155
77.466667,0.000155
77.5,0.000155
77.533333,0.000155
77.566667,0.000155
77.6,0.000155
77.633333,0.000155
77.666667,0.000155
77.7,0.000155
77.733333,0.000155
77.766667,0.000155
77.8,0.000155
77.833333,0.000155
77.866667,0.000155
77.9,0.000155
77.933333,0.000155
77.966667,0.000155
78,0.000155
78.033333,0.000155
78.066667,0.000155
78.1,0.000155
78.133333,0.000155
78.166667,0.000155
78.2,0.000155
78.233333,0.000155
78.266667,0.000155
78.3,0.000155
78.333333,0.000155
78.366667,0.000155
78.4,0.000155
78.433333,0.000155
78.466667,0.000155
78.5,0.000155
78.533333,0.000155
78.566667,0.000155
78.6,0.545257
78.633333,0.00015
78.666667,0.000135
78.7,0.000135
78.733333,0.000135
78.766667,0.000135
78.8,0.000135
78.833333,0.000135
78.866667,0.000135
78.9,0.000135
78.933333,0.000135
78.966667,0.000135
79,0.000135
79.033333,0.000135
79.066667,0.000135
79.1,0.000135
79.133333,0.000135
79.166667,0.000135
79.2,0.000135
79.233333,0.000135
79.266667,0.000135
79.3,0.000135
79.333333,0.000135
79.366667,0.000135
79.4,0.000135
79.433333,0.000135
79.466667,0.000135
79.5,0.000135
79.533333,0.000135
79.566667,0.000135
79.6,0.000135
79.633333,0.000135
79.666667,0.000135
79.7,0.000135
79.733333,0.000135
79.766667,0.000135
79.8,0.000135
79.833333,0.000135
79.866667,0.000135
79.9,0.000135
79.933333,0.000135
79.966667,0.000135
80,0.0009225
80.033333,0.0007775
80.066667,0.0001825
80.1,0.000135
80.133333,0.000135
80.166667,0.000135
80.2,0.000135
80.233333,0.000135
80.266667,0.000135
80.3,0.000135
80.333333,0.000135
80.366667,0.000135
80.4,0.000135
80.433333,0.000135
80.466667,0.000135
80.5,0.000135
80.533333,0.000135
80.566667,0.000135
80.6,0.000135
80.633333,0.000135
80.666667,0.000135
80.7,0.000135
80.733333,0.000135
80.766667,0.000135
80.8,0.000135
80.833333,0.000135
80.866667,0.000135
80.9,0.000135
80.933333,0.000135
80.966667,0.000135
81,0.000135
81.033333,0.000135
81.066667,0.000135
81.1,0.000135
81.133333,0.000135
81.166667,0.000135
81.2,0.000135
81.233333,0.000135
81.266667,0.000135
81.3,0.000135
81.333333,0.000135
81.366667,0.000135
81.4,0.000135
81.433333,0.000135
81.466667,0.000135
81.5,0.000135
81.533333,0.000135
81.566667,0.000135
81.6,0.000135
81.633333,0.000135
81.666667,0.000135
81.7,0.000135
81.733333,0.000135
81.766667,0.000135
81.8,0.000135
81.833333,14.44
81.866667,0.00066
81.9,0.000225
81.933333,9.5
81.966667,9
82,9
82.033333,9
82.066667,9
82.1,9
82.133333,9
82.166667,9
82.2,9
82.233333,9
82.266667,9
82.3,9
82.333333,9
82.366667,9
82.4,9
82.433333,9
82.466667,9
82.5,9
82.533333,9
82.566667,9
82.6,9
82.633333,9
82.666667,9
82.7,9
82.733333,9
82.766667,9
82.8,0.0844325
82.833333,0.058625
82.866667,0.0424875
82.9,0.03817
82.933333,0.0355075
82.966667,0.033495
83,0.03172
83.033333,0.0303175
83.066667,0.029385
83.1,0.028175
83.133333,0.02115
83.166667,0.0263175
83.2,0.01988
83.233333,0.01916
83.266667,0.01746
83.3,0.0243425
83.333333,0.01711
83.366667,0.0168575
83.4,0.0173725
83.433333,0.011205
83.466667,0.0181925
83.5,0.0167875
83.533333,0.017965
83.566667,0.011455
83.6,0.0195625
83.633333,0.018085
83.666667,0.0112
83.7,0.019875
83.733333,0.01115
83.766667,0.01982
83.8,0.0004525
83.833333,0.0002125
83.866667,0.00016
83.9,0.00014
83.933333,0.00014
83.966667,0.00014
84,0.00014
84.033333,0.00014
84.066667,0.00014
84.1,0.00014
84.133333,0.00014
84.166667,0.00014
84.2,0.00014
84.233333,0.00014
84.266667,0.00014
84.3,0.00014
84.333333,0.00014
84.366667,0.00014
84.4,0.00014
84.433333,0.00014
84.466667,0.687407
84.5,1.20033
84.533333,1.418
84.566667,1.37919
84.6,1.26561
84.633333,1.11961
84.666667,1.12419
84.7,1.15673
84.733333,1.23329
84.766667,1.21382
84.8,1.18172
84.833333,1.1459
84.866667,1.11929
84.9,1.12063
84.933333,1.1259
84.966667,1.10009
85,1.11029
85.033333,1.10726
85.066667,1.10603
85.1,1.10787
85.133333,1.10717
85.166667,1.10443
85.2,1.10659
85.233333,1.09659
85.266667,1.0453
85.3,0.984885
85.333333,0.940355
85.366667,0.928573
85.4,0.926985
85.433333,0.93117
85.466667,0.00127
85.5,0.000425
85.533333,0.0003075
85.566667,0.00027
85.6,0.00027
85.633333,0.00027
85.666667,0.00027
85.7,0.00027
85.733333,0.00027
85.766667,0.00027
85.8,0.00027
85.833333,0.00027
85.866667,0.00027
85.9,0.00027
85.933333,0.00027
85.966667,0.00027
86,0.00027
86.033333,0.00027
86.066667,0.00027
86.1,0.00027
86.133333,0.00027
86.166667,0.00027
86.2,0.00027
86.233333,0.00027
86.266667,0.00027
86.3,0.00027
86.333333,0.00027
86.366667,0.00027
86.4,0.00027
86.433333,0.00027
86.466667,0.00027
86.5,0.00027
86.533333,0.00027
86.566667,0.00027
86.6,0.00027
86.633333,0.00027
86.666667,0.00027
86.7,0.00027
86.733333,0.00027
86.766667,0.00027
86.8,0.00027
86.833333,0.00027
86.866667,0.00027
86.9,0.00027
86.933333,0.00027
86.966667,0.00027
87,0.00027
87.033333,0.00027
87.066667,0.00027
87.1,0.00027
87.133333,0.00027
87.166667,0.00027
87.2,0.00027
87.233333,0.00027
87.266667,0.00027
87.3,0.00027
87.333333,0.00027
87.366667,0.00027
87.4,0.00027
87.433333,0.00027
87.466667,0.00027
87.5,0.00027
87.533333,0.00027
87.566667,0.00027
87.6,0.00027
87.633333,0.00027
87.666667,0.00027
87.7,0.00027
87.733333,0.00027
87.766667,0.00027
87.8,0.00027
87.833333,0.00027
87.866667,0.00027
87.9,0.00027
87.933333,0.00027
87.966667,0.00027
88,0.011815
88.033333,0.0004425
88.066667,0.0001575
88.1,9
88.133333,9
88.166667,9
88.2,9
88.233333,9
88.266667,9
88.3,9
88.333333,9
88.366667,9
88.4,9
88.433333,9
88.466667,9
88.5,9
88.533333,9
88.566667,9
88.6,9
88.633333,9
88.666667,9
88.7,9
88.733333,9
88.766667,9
88.8,9
88.833333,9
88.866667,9
88.9,9
88.933333,9
88.966667,9
89,9
89.033333,9
89.066667,9
89.1,9
89.133333,9
89.166667,9
89.2,9
89.233333,9
89.266667,9
89.3,9
89.333333,9
89.366667,9
89.4,9
89.433333,9
89.466667,9
89.5,9
89.533333,9
89.566667,9
89.6,9
89.633333,9
89.666667,9
89.7,9
89.733333,9
89.766667,9
89.8,9
89.833333,9
89.866667,9
89.9,9
89.933333,9
89.966667,9
90,9
90.033333,9
90.066667,9
90.1,9
90.133333,9
90.166667,9
90.2,9
90.233333,9
90.266667,9
90.3,9
90.333333,9
90.366667,9
90.4,9
90.433333,9
90.466667,0.0010425
90.5,0.0010275
90.533333,0.0001
90.566667,9
90.6,9
90.633333,9
90.666667,9
90.7,9
90.733333,9
90.766667,9
90.8,9
90.833333,9
90.866667,9
90.9,9
90.933333,9
90.966667,9
91,0.001205
91.033333,0.1508
91.066667,0.0113025
91.1,0.00021
91.133333,0.0859525
91.166667,0.008485
91.2,0.268267
91.233333,0.000275
91.266667,0.157523
91.3,0.0002525
91.333333,0.0291725
91.366667,0.0428225
91.4,0.00023
91.433333,0.027305
91.466667,0.029995
91.5,0.016305
91.533333,0.0002025
91.566667,0.07856
91.6,0.000265
91.633333,0.0651125
91.666667,0.02957
91.7,0.042865
91.733333,0.0002425
91.766667,0.02662
91.8,0.03061
91.833333,0.00927
91.866667,0.051855
91.9,0.0002425
91.933333,0.0686625
91.966667,0.0913225
92,0.136162
92.033333,0.000235
92.066667,0.0436025
92.1,0.0002025
92.133333,0.03075
92.166667,0.01523
92.2,0.146645
92.233333,0.0002125
92.266667,0.0677225
92.3,0.091705
92.333333,0.135458
92.366667,0.021215
92.4,0.000225
92.433333,0.0366175
92.466667,0.0319575
92.5,0.0233875
92.533333,0.0002825
92.566667,0.131288
92.6,0.0002775
92.633333,0.0153325
92.666667,0.0553525
92.7,0.0418975
92.733333,0.000235
92.766667,0.11605
92.8,0.093015
92.833333,0.0824
92.866667,0.04367
92.9,0.000205
92.933333,0.0267325
92.966667,0.03043
93,0.00934
93.033333,0.0002225
93.066667,0.1506
93.1,0.0002675
93.133333,0.145072
93.166667,0.0833875
93.2,0.07744
93.233333,0.0002475
93.266667,0.04008
93.3,0.01756
93.333333,0.07137
93.366667,0.092435
93.4,0.0002175
93.433333,0.136063
93.466667,0.0208
93.5,0.0371625
93.533333,0.0002775
93.566667,0.031385
93.6,0.0236975
93.633333,0.0002125
93.666667,0.0445675
93.7,0.000255
93.733333,0.144012
93.766667,0.0837475
93.8,0.0768275
93.833333,0.0002575
93.866667,0.040055
93.9,0.0218075
93.933333,0.0002625
93.966667,0.016445
94,0.000185
94.033333,0.041075
94.066667,0.0155475
94.1,0.0001875
94.133333,0.0552975
94.166667,0.000275
94.2,0.0417125
94.233333,0.116285
94.266667,0.0002725
94.3,0.0923125
94.333333,0.0003075
94.366667,0.0951425
94.4,0.00025
94.433333,0.0260525
94.466667,0.0002275
94.5,0.0311425
94.533333,0.0094675
94.566667,0.0001675
94.6,0.05238
94.633333,0.0002925
94.666667,0.0678575
94.7,0.0920625
94.733333,0.00028
94.766667,0.13526
94.8,0.0277
94.833333,0.266172
94.866667,0.239648
94.9,0.247823
94.933333,0.328375
94.966667,0.315395
95,0.335112
95.033333,0.322833
95.066667,0.363992
95.1,0.314918
95.133333,0.325185
95.166667,0.3387
95.2,0.288425
95.233333,0.29213
95.266667,0.30926
95.3,0.30783
95.333333,0.209045
95.366667,0.205875
95.4,0.20504
95.433333,0.185663
95.466667,0.20135
95.5,0.19075
95.533333,0.165027
95.566667,0.153005
95.6,0.17297
95.633333,0.176232
95.666667,0.19466
95.7,0.1889
95.733333,0.152883
95.766667,0.15421
95.8,0.131688
95.833333,0.00259
95.866667,0.00076
95.9,0.0004575
95.933333,0.00044
95.966667,0.00044
96,0.0125
96.033333,0.0003725
96.066667,0.000125
96.1,4
96.133333,4
96.166667,4
96.2,4
96.233333,4
96.266667,4
96.3,4
96.333333,4
96.366667,4
96.4,4
96.433333,4
96.466667,4
96.5,4
96.533333,4
96.566667,4
96.6,4
96.633333,4
96.666667,4
96.7,4
96.733333,4
96.766667,4
96.8,4
96.833333,4
96.866667,4
96.9,4
96.933333,4
96.966667,4
97,4
97.033333,4
97.066667,4
97.1,4
97.133333,4
97.166667,4
97.2,4
97.233333,4
97.266667,4
97.3,4
97.333333,4
97.366667,4
97.4,4
97.433333,4
97.466667,4
97.5,4
97.533333,4
97.566667,4
97.6,4
97.633333,4
97.666667,4
97.7,4
97.733333,4
97.766667,4
97.8,4
97.833333,4
97.866667,4
97.9,4
97.933333,4
97.966667,4
98,4
98.033333,4
98.066667,4
98.1,4
98.133333,4
98.166667,4
98.2,4
98.233333,4
98.266667,4
98.3,4
98.333333,4
98.366667,4
98.4,4
98.433333,4
98.466667,4
98.5,4
98.533333,4
98.566667,4
98.6,4
98.633333,4
98.666667,4
98.7,4
98.733333,4
98.766667,4
98.8,4
98.833333,4
98.866667,4
98.9,4
98.933333,4
98.966667,4
99,4
99.033333,4
99.066667,4
99.1,4
99.133333,4
99.166667,4
99.2,4
99.233333,4
99.266667,4
99.3,4
99.333333,4
99.366667,4
99.4,4
99.433333,4
99.466667,4
99.5,9.04069
99.533333,0.00905
99.566667,0.003575
99.6,0.00549
99.633333,0.00496
99.666667,0.0050125
99.7,0.0021475
99.733333,0.00474
99.766667,0.0044775
99.8,0.0018525
99.833333,0.0043325
99.866667,0.0045075
99.9,0.0044475
99.933333,0.00147
99.966667,0.0045775
100,0.004175
100.033333,0.0043975
100.066667,0.001505
100.1,0.004425
100.133333,0.004345
100.166667,0.004345
100.2,0.004125
100.233333,0.0016025
100.266667,0.0042325
100.3,0.00434
100.333333,0.0044325
100.366667,0.0043025
100.4,0.00146
100.433333,0.0043625
100.466667,0.0043125
100.5,0.0041275
100.533333,0.000155
100.566667,0.00013
100.6,0.00013
100.633333,0.00013
100.666667,0.00013
100.7,0.00013
100.733333,0.00013
100.766667,0.00013
100.8,0.00013
100.833333,0.00013
100.866667,0.00013
100.9,0.00013
100.933333,0.00013
100.966667,0.00013
101,0.00013
101.033333,0.00013
101.066667,0.00013
101.1,0.00013
101.133333,0.00013
101.166667,0.00013
101.2,0.00013
101.233333,0.00013
101.266667,0.00013
101.3,0.00013
101.333333,0.00013
101.366667,0.00013
101.4,0.00013
101.433333,0.00013
101.466667,0.00013
101.5,0.00013
101.533333,0.00013
101.566667,0.00013
101.6,0.00013
101.633333,0.00013
101.666667,0.00013
101.7,0.00013
101.733333,0.00013
101.766667,0.00013
101.8,0.00013
101.833333,0.00013
101.866667,0.00013
101.9,0.00013
101.933333,0.00013
101.966667,0.0372575
102,0.093355
102.033333,0.096755
102.066667,0.0926625
102.1,0.062525
102.133333,0.02756
102.166667,0.046085
102.2,0.054055
102.233333,0.0498175
102.266667,0.0420125
102.3,0.029335
102.333333,0.128775
102.366667,0.14456
102.4,0.140352
102.433333,0.122203
102.466667,0.02978
102.5,0.04145
102.533333,0.0411275
102.566667,0.057645
102.6,0.0507375
102.633333,0.03262
102.666667,0.124585
102.7,0.182065
102.733333,0.19767
102.766667,0.18679
102.8,0.050995
102.833333,0.141637
102.866667,0.24029
102.9,0.244248
102.933333,0.243617
102.966667,0.08918
103,0.0832875
103.033333,0.16697
103.066667,0.159695
103.1,0.145377
103.133333,0.07659
103.166667,0.04686
103.2,0.0577975
103.233333,0.0542075
103.266667,0.061335
103.3,0.0449625
103.333333,0.01737
103.366667,0.0215875
103.4,0.030935
103.433333,0.0213275
103.466667,0.0188725
103.5,0.01535
103.533333,0.036305
103.566667,0.05168
103.6,0.041785
103.633333,0.0344775
103.666667,0.0154475
103.7,0.0847025
103.733333,0.11522
103.766667,0.121975
103.8,0.09842
103.833333,0.01614
103.866667,0.0526825
103.9,0.07435
103.933333,0.08302
103.966667,0.0744825
104,0.0455325
104.033333,0.0398925
104.066667,0.0615325
104.1,0.06339
104.133333,0.0619725
104.166667,0.0235575
104.2,0.0217825
104.233333,0.0361
104.266667,0.041395
104.3,0.0379525
104.333333,0.02216
104.366667,0.018625
104.4,0.0333075
104.433333,0.050395
104.466667,0.0496125
104.5,0.0413225
104.533333,0.0385725
104.566667,0.0911975
104.6,0.10459
104.633333,0.091355
104.666667,0.0006
104.7,0.0005075
104.733333,0.00047
104.766667,0.00047
104.8,0.00047
104.833333,0.00047
104.866667,0.00047
104.9,0.00047
104.933333,0.00047
104.966667,0.00047
105,0.00047
105.033333,0.00047
105.066667,0.00047
105.1,0.00047
105.133333,0.00047
105.166667,0.00047
105.2,0.00047
105.233333,0.00047
105.266667,0.00047
105.3,0.00047
105.333333,0.00047
105.366667,0.00047
105.4,0.00047
105.433333,0.00047
105.466667,0.00047
105.5,0.00047
105.533333,0.00047
105.566667,0.00047
105.6,0.00047
105.633333,0.00047
105.666667,0.00047
105.7,0.00047
105.733333,0.00047
105.766667,0.00047
105.8,0.00047
105.833333,0.00047
105.866667,0.00047
105.9,0.00047
105.933333,0.00047
105.966667,0.00047
106,0.00047
106.033333,0.00047
106.066667,0.00047
106.1,0.00047
106.133333,0.00047
106.166667,0.00047
106.2,0.00047
106.233333,0.00047
106.266667,0.00047
106.3,0.00047
106.333333,0.00047
106.366667,0.00047
106.4,0.00047
106.433333,0.00047
106.466667,0.00047
106.5,0.00047
106.533333,0.00047
106.566667,0.00047
106.6,0.00047
106.633333,0.00047
106.666667,0.00047
106.7,0.00047
106.733333,0.00047
106.766667,0.00047
106.8,0.00047
106.833333,0.00047
106.866667,0.00047
106.9,0.00047
106.933333,0.00047
106.966667,0.00047
107,0.00047
107.033333,0.00047
107.066667,0.00047
107.1,0.00047
107.133333,0.00047
107.166667,0.00047
107.2,0.00047
107.233333,0.00047
107.266667,0.00047
107.3,0.00047
107.333333,0.00047
107.366667,0.00047
107.4,0.00047
107.433333,0.00047
107.466667,0.00047
107.5,0.00047
107.533333,0.00047
107.566667,0.00047
107.6,0.00047
107.633333,0.00047
107.666667,0.00047
107.7,0.00047
107.733333,0.00047
107.766667,0.00047
107.8,0.00047
107.833333,0.00047
107.866667,0.00047
107.9,0.00047
107.933333,0.00047
107.966667,0.00047
108,0.00047
108.033333,0.00047
108.066667,0.00047
108.1,0.00047
108.133333,0.00047
108.166667,0.00047
108.2,1.75585
108.233333,0.0010225
108.266667,0.0006725
108.3,0.000595
108.333333,0.00058
108.366667,0.00058
108.4,0.00058
108.433333,0.00058
108.466667,0.00058
108.5,0.00058
108.533333,0.00058
108.566667,0.00058
108.6,0.00058
108.633333,0.00058
108.666667,0.00058
108.7,0.00058
108.733333,0.00058
108.766667,0.00058
108.8,0.00058
108.833333,0.00058
108.866667,0.00058
108.9,0.00058
108.933333,0.00058
108.966667,0.00058
109,0.00058
109.033333,0.00058
109.066667,0.00058
109.1,0.00058
109.133333,0.00058
109.166667,0.00058
109.2,0.00058
109.233333,0.00058
109.266667,0.00058
109.3,0.00058
109.333333,0.00058
109.366667,0.00058
109.4,0.00058
109.433333,0.00058
109.466667,0.00058
109.5,0.00058
109.533333,0.00058
109.566667,0.00058
109.6,0.00058
109.633333,0.00058
109.666667,0.00058
109.7,0.00058
109.733333,0.00058
109.766667,0.00058
109.8,0.00058
109.833333,0.00058
109.866667,0.00058
109.9,0.00058
109.933333,9.20258
109.966667,0
110,0
110.033333,0
110.066667,0
110.1,0
110.133333,0
110.166667,0
110.2,0
110.233333,0
110.266667,0
110.3,0
110.333333,0
110.366667,0
110.4,0
110.433333,0
110.466667,0
110.5,0
110.533333,0
110.566667,0
110.6,0
110.633333,0
110.666667,0
110.7,0
110.733333,0
110.766667,0
110.8,0
110.833333,0
110.866667,0
110.9,0
110.933333,0
110.966667,0
111,0
111.033333,0
111.066667,0
111.1,0
111.133333,0
111.166667,0
111.2,0
111.233333,0
111.266667,0
111.3,0
111.333333,0
111.366667,0
111.4,0
111.433333,0
111.466667,0
111.5,0
111.533333,0
111.566667,0
111.6,0
111.633333,0
111.666667,0
111.7,0
111.733333,0
111.766667,0
111.8,0
111.833333,0
111.866667,0
111.9,0
111.933333,0
111.966667,0
112,2.5
112.033333,0
112.066667,0
112.1,0
112.133333,0
112.166667,0
112.2,0
112.233333,0
112.266667,0
112.3,0
112.333333,0
112.366667,0
112.4,0
112.433333,0
112.466667,0
112.5,0
112.533333,0
112.566667,0
112.6,0
112.633333,0
112.666667,0
112.7,0
112.733333,0
112.766667,0
112.8,0
112.833333,0
112.866667,0
112.9,0
112.933333,0
112.966667,0
113,0
113.033333,0
113.066667,0
113.1,0.07145
113.133333,0.138362
113.166667,0.168708
113.2,0.10721
113.233333,0.184718
113.266667,0.156915
113.3,0.106682
113.333333,0.127498
113.366667,0.214727
113.4,0.244493
113.433333,0.69844
113.466667,0.59792
113.5,0.355527
113.533333,0.455205
113.566667,0.424415
113.6,0.136315
113.633333,0.0588875
113.666667,0.04445
113.7,0.0446575
113.733333,0.0464925
113.766667,0.04261
113.8,0.0433525
113.833333,0.075775
113.866667,0.08284
113.9,0.08812
113.933333,0.09535
113.966667,0.1011
114,0.113875
114.033333,0.11895
114.066667,0.0874675
114.1,0.09147
114.133333,0.097875
114.166667,0.0974
114.2,0.0804925
114.233333,0.0605275
114.266667,0.0578175
114.3,0.037415
114.333333,0.0332525
114.366667,0.0331525
114.4,0.0334775
114.433333,0.0343
114.466667,0.0331975
114.5,0.01313
114.533333,0.000605
114.566667,0.000595
114.6,0.000595
114.633333,0.000595
114.666667,0.000595
114.7,0.000595
114.733333,0.000595
114.766667,0.000595
114.8,0.000595
114.833333,0.000595
114.866667,0.000595
114.9,0.000595
114.933333,0.000595
114.966667,0.000595
115,0.000595
115.033333,0.000595
115.066667,0.000595
115.1,0.000595
115.133333,0.000595
115.166667,0.000595
115.2,0.000595
115.233333,0.000595
115.266667,27.8989
115.3,0.006205
115.333333,0.00107
115.366667,0.001365
115.4,0.0007225
115.433333,0.0006575
115.466667,0.00064
115.5,0.00064
115.533333,0.00064
115.566667,0.00064
115.6,0.00064
115.633333,0.00064
115.666667,0.00064
115.7,0.00064
115.733333,0.00064
115.766667,0.00064
115.8,0.00064
115.833333,0.00064
115.866667,0.00064
115.9,0.00064
115.933333,0.00064
115.966667,0.00064
116,0.00064
116.033333,0.00064
116.066667,0.00064
116.1,0.00064
116.133333,0.00064
116.166667,0.00064
116.2,0.00064
116.233333,0.00064
116.266667,0.00064
116.3,0.00064
116.333333,0.00064
116.366667,0.00064
116.4,0.00064
116.433333,0.00064
116.466667,0.00064
116.5,0.00064
116.533333,0.00064
116.566667,0.00064
116.6,0.00064
116.633333,0.00064
116.666667,0.00064
116.7,0.00064
116.733333,0.00064
116.766667,0.00064
116.8,0.00064
116.833333,0.00064
116.866667,0.00064
116.9,0.00064
116.933333,0.0276925
116.966667,0.0598275
117,0.137175
117.033333,0.1839
117.066667,0.06186
117.1,0.660517
117.133333,0.251827
117.166667,0.029085
117.2,0.157518
117.233333,0.18151
117.266667,0.079805
117.3,0.14322
117.333333,0.125883
117.366667,0.146125
117.4,0.335487
117.433333,0.327373
117.466667,0.017685
117.5,0.4381
117.533333,0.473407
117.566667,0.223385
117.6,0.97625
117.633333,0.142143
117.666667,0.261968
117.7,0.09696
117.733333,0.001005
117.766667,0.000945
117.8,0.0009325
117.833333,0.000905
117.866667,0.000905
117.9,0.000905
117.933333,0.000905
117.966667,0.000905
118,0.000905
118.033333,0.000905
118.066667,0.000905
118.1,0.000905
118.133333,0.000905
118.166667,0.000905
118.2,0.000905
118.233333,0.000905
118.266667,0.000905
118.3,0.000905
118.333333,0.000905
118.366667,0.115805
118.4,0.132527
118.433333,0.098855
118.466667,0.144643
118.5,0.10012
118.533333,0.136302
118.566667,0.0992725
118.6,0.165307
118.633333,0.102025
118.666667,0.108308
118.7,0.162522
118.733333,0.1191
118.766667,0.156025
118.8,0.135758
118.833333,0.136947
118.866667,0.173318
118.9,0.140233
118.933333,0.142705
118.966667,0.180388
119,0.174185
119.033333,5.50781
119.066667,0.207028
119.1,0.17502
119.133333,0.19801
119.166667,0.23556
119.2,0.238545
119.233333,0.271558
119.266667,0.340477
119.3,0.418465
119.333333,0.474527
119.366667,0.0013575
119.4,0.00081
119.433333,0.000745
119.466667,0.000745
119.5,0.000745
119.533333,0.000745
119.566667,0.000745
119.6,0.000745
119.633333,0.000745
119.666667,0.000745
119.7,0.000745
119.733333,0.000745
119.766667,0.000745
119.8,0.000745
119.833333,0.000745
119.866667,0.000745
119.9,0.000745
119.933333,0.000745
119.966667,0.000745
120,0.023275
120.033333,0.0010675
120.066667,0.000275
120.1,0.0002225
120.133333,0.000215
120.166667,0.000215
120.2,0.000215
120.233333,0.000215
120.266667,0.000215
120.3,0.000215
120.333333,0.000215
120.366667,0.000215
120.4,0.000215
120.433333,0.000215
120.466667,0.000215
120.5,0.000215
120.533333,0.000215
120.566667,0.000215
120.6,0.000215
120.633333,0.000215
120.666667,0.000215
120.7,0.000215
120.733333,0.000215
120.766667,0.000215
120.8,0.000215
120.833333,0.000215
120.866667,0.000215
120.9,0.000215
120.933333,0.000215
120.966667,0.000215
121,31.4024
121.033333,0.0035225
121.066667,0.0006
121.1,0.0007175
121.133333,0.00038
121.166667,0.000345
121.2,0.000325
121.233333,0.000325
121.266667,0.000325
121.3,0.000325
121.333333,0.000325
121.366667,0.000325
121.4,0.000325
121.433333,0.000325
121.466667,0.000325
121.5,0.000325
121.533333,0.000325
121.566667,0.000325
121.6,0.000325
121.633333,0.000325
121.666667,0.000325
121.7,0.000325
121.733333,0.000325
121.766667,0.000325
121.8,0.000325
121.833333,0.000325
121.866667,0.000325
121.9,0.000325
121.933333,0.000325
121.966667,0.000325
122,0.000325
122.033333,0.000325
122.066667,0.000325
122.1,0.000325
122.133333,0.000325
122.166667,0.000325
122.2,0.000325
122.233333,0.000325
122.266667,0.000325
122.3,0.000325
122.333333,0.000325
122.366667,0.000325
122.4,0.000325
122.433333,0.000325
122.466667,0.000325
122.5,0.000325
122.533333,0.000325
122.566667,0.000325
122.6,0.000325
122.633333,0.000325
122.666667,0.000325
122.7,0.000325
122.733333,0.000325
122.766667,0.000325
122.8,0.000325
122.833333,0.000325
122.866667,0.000325
122.9,0.000325
122.933333,0.000325
122.966667,0.000325
123,0.000325
123.033333,0.000325
123.066667,0.000325
123.1,0.000325
123.133333,0.000325
123.166667,0.000325
123.2,0.000325
123.233333,0.000325
123.266667,0.000325
123.3,0.000325
123.333333,0.000325
123.366667,0.000325
123.4,0.000325
123.433333,0.000325
123.466667,0.000325
123.5,0.000325
123.533333,0.000325
123.566667,0.000325
123.6,0.000325
123.633333,0.000325
123.666667,0.000325
123.7,0.000325
123.733333,0.000325
123.766667,0.000325
123.8,0.000325
123.833333,0.000325
123.866667,0.000325
123.9,0.000325
123.933333,0.000325
123.966667,0.000325
124,0.000325
124.033333,0.000325
124.066667,0.000325
124.1,0.000325
124.133333,0.000325
124.166667,0.000325
124.2,0.000325
124.233333,0.000325
124.266667,0.000325
124.3,0.000325
124.333333,0.000325
124.366667,0.000325
124.4,0.000325
124.433333,0.000325
124.466667,0.000325
124.5,0.000325
124.533333,0.000325
124.566667,0.000325
124.6,0.000325
124.633333,0.000325
124.666667,0.000325
124.7,0.000325
124.733333,0.000325
124.766667,0.000325
124.8,0.000325
124.833333,0.000325
124.866667,0.000325
124.9,0.000325
124.933333,0.000325
124.966667,0.000325
125,0.000325
125.033333,0.000325
125.066667,0.000325
125.1,0.000325
125.133333,0.000325
125.166667,0.000325
125.2,0.000325
125.233333,0.000325
125.266667,0.000325
125.3,0.000325
125.333333,0.000325
125.366667,0.000325
125.4,0.000325
125.433333,0.000325
125.466667,0.000325
125.5,0.000325
125.533333,0.000325
125.566667,0.000325
125.6,0.000325
125.633333,0.000325
125.666667,0.000325
125.7,0.000325
125.733333,0.000325
125.766667,0.000325
125.8,0.000325
125.833333,0.000325
125.866667,0.000325
125.9,0.000325
125.933333,0.000325
125.966667,0.000325
126,0.000325
126.033333,0.000325
126.066667,0.000325
126.1,0.000325
126.133333,0.000325
126.166667,0.000325
126.2,0.000325
126.233333,0.000325
126.266667,0.000325
126.3,0.000325
126.333333,0.000325
126.366667,0.000325
126.4,0.000325
126.433333,0.000325
126.466667,0.000325
126.5,0.000325
126.533333,0.000325
126.566667,0.000325
126.6,0.000325
126.633333,0.000325
126.666667,0.000325
126.7,0.000325
126.733333,0.000325
126.766667,0.000325
126.8,0.000325
126.833333,0.000325
126.866667,0.000325
126.9,0.000325
126.933333,0.000325
126.966667,0.000325
127,0.000325
127.033333,0.000325
127.066667,0.000325
127.1,0.000325
127.133333,0.000325
127.166667,0.000325
127.2,0.000325
127.233333,0.000325
127.266667,0.000325
127.3,0.000325
127.333333,0.000325
127.366667,0.000325
127.4,0.000325
127.433333,0.000325
127.466667,0.000325
127.5,0.000325
127.533333,0.000325
127.566667,0.000325
127.6,0.000325
127.633333,0.000325
127.666667,0.000325
127.7,0.000325
127.733333,0.000325
127.766667,0.000325
127.8,0.000325
127.833333,0.000325
127.866667,0.000325
127.9,0.000325
127.933333,0.000325
127.966667,0.000325
128,0.01086
128.033333,0.000615
128.066667,0.0001925
128.1,0.000125
128.133333,0.000125
128.166667,0.000125
128.2,0.000125
128.233333,0.000125
128.266667,0.000125
128.3,0.000125
128.333333,0.000125
128.366667,0.000125
128.4,0.000125
128.433333,0.000125
128.466667,0.000125
128.5,0.000125
128.533333,0.000125
128.566667,0.000125
128.6,0.000125
128.633333,0.000125
128.666667,0.000125
128.7,0.000125
128.733333,0.000125
128.766667,0.000125
128.8,0.000125
128.833333,0.000125
128.866667,0.000125
128.9,0.000125
128.933333,0.000125
128.966667,0.000125
129,0.000125
129.033333,0.000125
129.066667,0.000125
129.1,0.000125
129.133333,0.000125
129.166667,0.224743
129.2,0.239835
129.233333,0.24875
129.266667,0.253455
129.3,0.258283
129.333333,0.262877
129.366667,0.278005
129.4,0.286417
129.433333,0.290117
129.466667,0.288328
129.5,0.289455
129.533333,0.29262
129.566667,0.292475
129.6,0.2915
129.633333,0.294233
129.666667,0.294485
129.7,0.289287
129.733333,0.293275
129.766667,0.295942
129.8,0.294648
129.833333,0.297067
129.866667,0.294735
129.9,0.29227
129.933333,0.281402
129.966667,0.26416
130,0.25668
130.033333,0.249782
130.066667,0.247147
130.1,0.239643
130.133333,0.231258
130.166667,0.0224925
130.2,0.0039925
130.233333,0.001705
130.266667,0.0013575
130.3,0.00134
130.333333,0.00134
130.366667,0.00133
130.4,0.00134
130.433333,0.00133
130.466667,0.00134
130.5,0.00133
130.533333,0.00134
130.566667,0.00133
130.6,0.00134
130.633333,0.00133
130.666667,0.00134
130.7,0.00133
130.733333,0.00134
130.766667,0.00133
130.8,0.00134
130.833333,0.00133
130.866667,0.00134
130.9,0.00133
130.933333,0.00134
130.966667,0.00133
131,0.00134
131.033333,0.00133
131.066667,0.00134
131.1,0.00133
131.133333,0.00134
131.166667,0.00133
131.2,0.00134
131.233333,0.00133
131.266667,0.00134
131.3,0.00133
131.333333,0.00134
131.366667,0.00133
131.4,0.00134
131.433333,0.00133
131.466667,0.00134
131.5,0.00133
131.533333,0.00134
131.566667,0.00133
131.6,0.00134
131.633333,0.00133
131.666667,0.00134
131.7,0.00133
131.733333,0.00134
131.766667,0.00133
131.8,0.00134
131.833333,0.00133
131.866667,0.00134
131.9,0.00133
131.933333,0.00134
131.966667,0.00133
132,0.00134
132.033333,0.00133
132.066667,0.00134
132.1,0.00133
132.133333,0.00134
132.166667,0.00133
132.2,0.00134
132.233333,0.00133
132.266667,0.00134
132.3,0.00133
132.333333,0.00134
132.366667,0.00133
132.4,0.00134
132.433333,22.4046
132.466667,0.07423
132.5,0.082965
132.533333,0.0081775
132.566667,0.0022325
132.6,0.0006725
132.633333,0.000445
132.666667,0.00043
132.7,0.00043
132.733333,0.00043
132.766667,0.00043
132.8,0.00043
132.833333,0.00043
132.866667,0.00043
132.9,0.00043
132.933333,0.00043
132.966667,0.00043
133,0.00043
133.033333,0.00043
133.066667,0.00043
133.1,0.00043
133.133333,0.00043
133.166667,0.00043
133.2,0.00043
133.233333,0.00043
133.266667,0.00043
133.3,0.00043
133.333333,0.00043
133.366667,0.00043
133.4,0.00043
133.433333,0.05018
133.466667,0.0035525
133.5,0.000915
133.533333,0.0004575
133.566667,0.0004
133.6,0.0004
133.633333,0.0004
133.666667,0.0004
133.7,0.0004
133.733333,0.0004
133.766667,0.0004
133.8,0.0004
133.833333,0.0004
133.866667,0.0004
133.9,0.0004
133.933333,0.0004
133.966667,0.0004
134,0.0004
134.033333,0.0004
134.066667,0.0004
134.1,0.0004
134.133333,0.0004
134.166667,0.0004
134.2,0.0004
134.233333,0.0004
134.266667,0.0004
134.3,0.0004
134.333333,0.0004
134.366667,0.0004
134.4,0.0004
134.433333,0.000865
134.466667,0.0006925
134.5,0.00048
134.533333,0.0004
134.566667,0.0004
134.6,0.0004
134.633333,0.0004
134.666667,0.0004
134.7,0.0004
134.733333,0.0004
134.766667,0.0004
134.8,0.0004
134.833333,0.0004
134.866667,0.0004
134.9,0.0004
134.933333,0.0004
134.966667,0.0004
135,0.0004
135.033333,0.0004
135.066667,0.0004
135.1,0.0004
135.133333,0.0004
135.166667,0.0004
135.2,0.0004
135.233333,0.0004
135.266667,0.0004
135.3,0.0004
135.333333,0.0004
135.366667,0.0004
135.4,0.003825
135.433333,0.1002
135.466667,0.776215
135.5,2.2106
135.533333,5.29709
135.566667,8.32334
135.6,10.3701
135.633333,11.2295
135.666667,11.3077
135.7,11.8093
135.733333,11.798
135.766667,10.9626
135.8,9.67774
135.833333,8.26466
135.866667,3.80269
135.9,6.12313
135.933333,4.79511
135.966667,3.55972
136,2.39133
136.033333,1.28648
136.066667,0.211492
136.1,0.010615
136.133333,0.0021925
136.166667,0.0009575
136.2,0.000765
136.233333,0.000735
136.266667,0.000715
136.3,0.013105
136.333333,0.0008075
136.366667,0.000715
136.4,0.000715
136.433333,0.09434
136.466667,0.0074875
136.5,0.003235
136.533333,0.000765
136.566667,0.00065
136.6,6.16193
136.633333,8.50109
136.666667,6.24679
136.7,3.8466
136.733333,1.97602
136.766667,0.552392
136.8,64.3048
136.833333,7.64867
136.866667,2.64086
136.9,3.08839
136.933333,1.61192
136.966667,0.626535
137,0.719712
137.033333,0.819665
137.066667,0.797185
137.1,0.707345
137.133333,0.615865
137.166667,0.521493
137.2,0.45634
137.233333,0.381642
137.266667,0.31477
137.3,0.267033
137.333333,0.203363
137.366667,0.07547
137.4,0.134217
137.433333,0.177718
137.466667,0.044735
137.5,0.005595
137.533333,0.00149
137.566667,0.00084
137.6,0.000795
137.633333,0.000795
137.666667,0.000795
137.7,0.000795
137.733333,0.000795
137.766667,0.000795
137.8,0.000795
137.833333,0.000795
137.866667,0.009345
137.9,0.00116
137.933333,0.00088
137.966667,0.000795
138,0.000795
138.033333,0.000795
138.066667,0.0131525
138.1,0.00089
138.133333,0.0008025
138.166667,0.000795
138.2,0.000795
138.233333,0.000795
138.266667,0.000795
138.3,0.000795
138.333333,0.000795
138.366667,0.000795
138.4,0.291932
138.433333,1.71326
138.466667,3.58539
138.5,4.93876
138.533333,6.30751
138.566667,6.82895
138.6,6.96803
138.633333,7.84153
138.666667,8.64658
138.7,7.85611
138.733333,6.10291
138.766667,4.84527
138.8,4.39257
138.833333,3.51256
138.866667,2.19021
138.9,1.39841
138.933333,0.847067
138.966667,0.490843
139,0.222815
139.033333,0.0661325
139.066667,0.00491
139.1,0.222535
139.133333,1.59736
139.166667,2.23641
139.2,2.40297
139.233333,2.80451
139.266667,2.37751
139.3,13.578
139.333333,5.51106
139.366667,2.82089
139.4,4.54675
139.433333,4.13859
139.466667,3.09189
139.5,2.20979
139.533333,1.87311
139.566667,1.74952
139.6,1.62826
139.633333,1.34968
139.666667,1.20968
139.7,1.01258
139.733333,0.835025
139.766667,0.68234
139.8,0.558747
139.833333,0.463285
139.866667,0.201145
139.9,0.32692
139.933333,0.243113
139.966667,0.164545
140,0.0895425
140.033333,0.0359125
140.066667,0.195958
140.1,0.231627
140.133333,0.25394
140.166667,0.413017
140.2,0.479303
140.233333,0.327905
140.266667,0.19034
140.3,0.10401
140.333333,0.0256775
140.366667,0.0809725
140.4,0.414865
140.433333,0.615062
140.466667,0.525225
140.5,0.351872
140.533333,0.165752
140.566667,0.0388825
140.6,0.138093
140.633333,0.2928
140.666667,0.29214
140.7,0.197678
140.733333,0.107805
140.766667,0.04379
140.8,0.002725
140.833333,0.00159
140.866667,0.001215
140.9,0.0012225
140.933333,0.0011725
140.966667,0.118337
141,1.01629
141.033333,1.8935
141.066667,1.90861
141.1,1.31687
141.133333,0.911338
141.166667,0.553418
141.2,0.571553
141.233333,2.59268
141.266667,6.26232
141.3,5.61531
141.333333,3.61286
141.366667,1.33065
141.4,1.9145
141.433333,1.21947
141.466667,0.834875
141.5,0.461325
141.533333,0.12119
141.566667,2.17869
141.6,6.38583
141.633333,9.90093
141.666667,11.1386
141.7,9.78158
141.733333,8.65503
141.766667,8.08788
141.8,6.36667
141.833333,5.51882
141.866667,3.40579
141.9,3.55826
141.933333,2.06664
141.966667,1.33832
142,0.923085
142.033333,0.594697
142.066667,0.416455
142.1,0.201547
142.133333,0.071555
142.166667,0.02351
142.2,0.005025
142.233333,0.0008625
142.266667,0.0007625
142.3,0.0006975
142.333333,0.0007575
142.366667,0.00071
142.4,0.0007275
142.433333,0.00877
142.466667,0.0015925
142.5,0.0007325
142.533333,0.000505
142.566667,0.000455
142.6,0.0004875
142.633333,0.0004325
142.666667,0.00045
142.7,0.000455
142.733333,0.000485
142.766667,0.0004125
142.8,0.0004725
142.833333,0.0004425
142.866667,0.0004725
142.9,0.00041
142.933333,0.0004625
142.966667,0.00043
143,0.0004675
143.033333,0.0004175
143.066667,0.00047
143.1,0.000435
143.133333,0.000485
143.166667,0.0004
143.2,0.00045
143.233333,0.000455
143.266667,0.00048
143.3,0.000425
143.333333,0.0004775
143.366667,0.000445
143.4,0.000475
143.433333,0.0007175
143.466667,0.000605
143.5,0.000565
143.533333,0.0004625
143.566667,0.0004725
143.6,0.000485
143.633333,0.0004575
143.666667,0.000475
143.7,0.0004775
143.733333,0.000475
143.766667,0.0004325
143.8,0.0004675
143.833333,0.00045
143.866667,0.0004775
143.9,0.0004425
143.933333,0.000475
143.966667,0.00047
144,0.0114
144.033333,198.632
144.066667,15.6442
144.1,25.2707
144.133333,23.8509
144.166667,0.003815
144.2,0.0010475
144.233333,0.0005625
144.266667,0.00045
144.3,0.00045
144.333333,0.00045
144.366667,0.00045
144.4,0.00045
144.433333,0.00045
144.466667,0.00045
144.5,0.00045
144.533333,0.00045
144.566667,0.00045
144.6,0.00045
144.633333,0.00045
144.666667,0.00045
144.7,0.00045
144.733333,0.00045
144.766667,0.00045
144.8,0.00045
144.833333,0.00045
144.866667,0.00045
144.9,0.00045
144.933333,0.00045
144.966667,0.00045
145,0.00045
145.033333,0.00045
145.066667,0.00045
145.1,0.00045
145.133333,0.00045
145.166667,0.00045
145.2,0.00045
145.233333,0.00045
145.266667,0.00045
145.3,0.00045
145.333333,0.00045
145.366667,0.00045
145.4,0.00045
145.433333,0.00045
145.466667,0.00045
145.5,0.00045
145.533333,0.00045
145.566667,0.00045
145.6,0.00045
145.633333,0.00045
145.666667,0.00045
145.7,174.678
145.733333,0.0023975
145.766667,0.009635
145.8,0.0049325
145.833333,0.0027675
145.866667,0.0014525
145.9,0.001385
145.933333,0.001385
145.966667,0.001385
146,0.001385
146.033333,0.001385
146.066667,0.001385
146.1,0.001385
146.133333,0.001385
146.166667,0.001385
146.2,0.001385
146.233333,0.001385
146.266667,0.001385
146.3,0.001385
146.333333,0.001385
146.366667,0.001385
146.4,0.001385
146.433333,0.001385
146.466667,0.001385
146.5,0.001385
146.533333,0.001385
146.566667,0.001385
146.6,0.001385
146.633333,0.001385
146.666667,0.001385
146.7,0.001385
146.733333,0.001385
146.766667,0.001385
146.8,0.001385
146.833333,0.001385
146.866667,0.001385
146.9,0.001385
146.933333,0.001385
146.966667,0.001385
147,0.001385
147.033333,0.001385
147.066667,0.001385
147.1,0.001385
147.133333,0.001385
147.166667,0.001385
147.2,0.001385
147.233333,0.001385
147.266667,0.001385
147.3,0.001385
147.333333,0.001385
147.366667,0.001385
147.4,0.001385
147.433333,0.001385
147.466667,0.001385
147.5,0.001385
147.533333,0.001385
147.566667,0.001385
147.6,0.001385
147.633333,0.001385
147.666667,0.001385
147.7,0.001385
147.733333,0.001385
147.766667,0.001385
147.8,0.001385
147.833333,0.001385
147.866667,0.001385
147.9,0.001385
147.933333,0.001385
147.966667,0.001385
148,0.001385
148.033333,0.001385
148.066667,0.001385
148.1,0.001385
148.133333,0.001385
148.166667,0.001385
148.2,0.001385
148.233333,0.001385
148.266667,0.001385
148.3,0.001385
148.333333,0.001385
148.366667,0.001385
148.4,0.001385
148.433333,0.001385
148.466667,0.001385
148.5,0.001385
148.533333,0.001385
148.566667,0.001385
148.6,0.001385
148.633333,0.001385
148.666667,0.001385
148.7,0.001385
148.733333,0.001385
148.766667,0.001385
148.8,0.001385
148.833333,0.001385
148.866667,0.001385
148.9,0.001385
148.933333,0.001385
148.966667,0.001385
149,0.001385
149.033333,0.001385
149.066667,0.001385
149.1,0.001385
149.133333,0.001385
149.166667,0.001385
149.2,0.001385
149.233333,0.001385
149.266667,0.001385
149.3,0.001385
149.333333,0.001385
149.366667,0.001385
149.4,0.001385
149.433333,0.001385
149.466667,0.001385
149.5,0.001385
149.533333,0.001385
149.566667,0.001385
149.6,0.001385
149.633333,0.001385
149.666667,0.001385
149.7,0.001385
149.733333,0.001385
149.766667,0.001385
149.8,0.001385
149.833333,0.001385
149.866667,0.001385
149.9,0.001385
149.933333,0.001385
149.966667,0.001385
150,0.001385
150.033333,0.001385
150.066667,0.001385
150.1,0.001385
150.133333,0.001385
150.166667,0.001385
150.2,0.001385
150.233333,0.001385
150.266667,0.001385
150.3,0.001385
150.333333,0.001385
150.366667,0.001385
150.4,0.001385
150.433333,0.001385
150.466667,0.001385
150.5,0.001385
150.533333,0.001385
150.566667,0.001385
150.6,0.001385
150.633333,0.001385
150.666667,0.001385
150.7,0.001385
150.733333,0.001385
150.766667,0.001385
150.8,82.7957
150.833333,0.00268
150.866667,0.0295875
150.9,0.0065125
150.933333,0.0508475
150.966667,0.0041775
151,0.014405
151.033333,0.0101525
151.066667,0.009535
151.1,0.009495
151.133333,0.009495
151.166667,0.009495
151.2,0.009495
151.233333,0.009495
151.266667,0.009495
151.3,0.009495
151.333333,0.009495
151.366667,0.009495
151.4,0.009495
151.433333,0.009495
151.466667,0.009495
151.5,0.009495
151.533333,0.009495
151.566667,0.009495
151.6,0.009495
151.633333,0.009495
151.666667,0.009495
151.7,0.009495
151.733333,0.009495
151.766667,0.009495
151.8,0.009495
151.833333,0.009495
151.866667,0.009495
151.9,0.009495
151.933333,0.009495
151.966667,0.009495
152,0.224908
152.033333,0.011945
152.066667,0.0035025
152.1,0.002725
152.133333,0.002575
152.166667,0.002575
152.2,0.002575
152.233333,0.002575
152.266667,0.002575
152.3,0.002575
152.333333,0.002575
152.366667,0.002575
152.4,0.002575
152.433333,0.002575
152.466667,0.002575
152.5,0.002575
152.533333,0.002575
152.566667,0.002575
152.6,0.002575
152.633333,0.002575
152.666667,0.002575
152.7,0.002575
152.733333,0.002575
152.766667,0.002575
152.8,0.002575
152.833333,0.002575
152.866667,0.002575
152.9,0.002575
152.933333,0.002575
152.966667,0.002575
153,0.002575
153.033333,0.002575
153.066667,0.002575
153.1,0.002575
153.133333,0.002575
153.166667,0.002575
153.2,2.28533
153.233333,1.71392
153.266667,1.48844
153.3,2.03313
153.333333,7.63383
153.366667,6.4654
153.4,4.55871
153.433333,3.44849
153.466667,1.94865
153.5,1.23289
153.533333,1.16217
153.566667,1.39884
153.6,2.02784
153.633333,2.39761
153.666667,1.6163
153.7,0.812765
153.733333,0.884622
153.766667,0.734372
153.8,0.81166
153.833333,0.779055
153.866667,0.702067
153.9,0.674917
153.933333,0.71928
153.966667,0.667562
154,0.725055
154.033333,0.642177
154.066667,0.637833
154.1,0.62875
154.133333,0.63472
154.166667,0.601215
154.2,0.08462
154.233333,0.0959875
154.266667,0.0215475
154.3,0.011945
154.333333,0.00962
154.366667,0.00947
154.4,0.00947
154.433333,0.00947
154.466667,0.00947
154.5,0.00947
154.533333,0.00947
154.566667,0.00947
154.6,0.00947
154.633333,0.00947
154.666667,0.00947
154.7,0.00947
154.733333,0.00947
154.766667,0.00947
154.8,0.00947
154.833333,0.00947
154.866667,0.00947
154.9,0.00947
154.933333,0.00947
154.966667,0.00947
155,0.00947
155.033333,0.00947
155.066667,0.00947
155.1,0.00947
155.133333,0.00947
155.166667,0.00947
155.2,0.00947
155.233333,0.00947
155.266667,0.00947
155.3,0.00947
155.333333,0.00947
155.366667,0.00947
155.4,0.00947
155.433333,0.00947
155.466667,0.00947
155.5,0.00947
155.533333,0.00947
155.566667,0.00947
155.6,73.6969
155.633333,1.65795
155.666667,0.04875
155.7,0.9704
155.733333,1.02573
155.766667,1.17862
155.8,0.03422
155.833333,1.26623
155.866667,0.810145
155.9,1.10271
155.933333,0.02111
155.966667,1.70329
156,1.36898
156.033333,1.10874
156.066667,0.0252425
156.1,0.365535
156.133333,0.83526
156.166667,0.958982
156.2,0.023545
156.233333,0.760175
156.266667,0.560183
156.3,0.887108
156.333333,0.01391
156.366667,1.0885
156.4,1.4736
156.433333,1.73042
156.466667,0.0299075
156.5,2.0167
156.533333,2.05815
156.566667,2.15052
156.6,0.030175
156.633333,1.91702
156.666667,0.08478
156.7,1.27938
156.733333,0.0131975
156.766667,1.18742
156.8,0.88156
156.833333,1.05938
156.866667,0.02415
156.9,1.33967
156.933333,1.17007
156.966667,1.20231
157,0.0207325
157.033333,1.27016
157.066667,0.777615
157.1,1.35383
157.133333,0.017995
157.166667,2.62559
157.2,3.01691
157.233333,3.09882
157.266667,0.02865
157.3,0.26983
157.333333,2.05071
157.366667,1.98874
157.4,0.042355
157.433333,1.9482
157.466667,2.07807
157.5,2.24752
157.533333,0.0269025
157.566667,1.69402
157.6,1.13357
157.633333,1.34462
157.666667,0.0192525
157.7,1.1754
157.733333,0.96027
157.766667,0.983465
157.8,0.0195775
157.833333,0.900783
157.866667,0.119053
157.9,1.22562
157.933333,0.0065025
157.966667,1.21011
158,1.77891
158.033333,0.137572
158.066667,0.08744
158.1,0.91843
158.133333,0.913155
158.166667,1.11362
158.2,0.013225
158.233333,1.25359
158.266667,0.759273
158.3,0.424445
158.333333,0.0178125
158.366667,0.656218
158.4,91.9579
158.433333,0.00908
158.466667,0.00241
158.5,0.019545
158.533333,0.00131
158.566667,0.00261
158.6,0.000845
158.633333,0.0004925
158.666667,0.000425
158.7,0.000415
158.733333,0.000415
158.766667,0.000415
158.8,0.000415
158.833333,0.000415
158.866667,0.000415
158.9,0.000415
158.933333,0.000415
158.966667,0.000415
159,0.000415
159.033333,0.000415
159.066667,0.000415
159.1,0.000415
159.133333,0.000415
159.166667,0.000415
159.2,0.000415
159.233333,0.000415
159.266667,0.000415
159.3,0.000415
159.333333,0.000415
159.366667,0.000415
159.4,0.000415
159.433333,0.000415
159.466667,0.000415
159.5,0.000415
159.533333,0.000415
159.566667,0.000415
159.6,0.000415
159.633333,0.000415
159.666667,0.000415
159.7,0.000415
159.733333,0.000415
159.766667,0.000415
159.8,0.000415
159.833333,0.000415
159.866667,0.000415
159.9,0.000415
159.933333,0.000415
159.966667,0.000415
160,0.01349
160.033333,0.000615
160.066667,0.0001925
160.1,0.000125
160.133333,0.000125
160.166667,0.000125
160.2,0.000125
160.233333,0.000125
160.266667,0.000125
160.3,0.000125
160.333333,0.000125
160.366667,0.000125
160.4,0.000125
160.433333,0.000125
160.466667,0.000125
160.5,0.000125
160.533333,0.000125
160.566667,0.000125
160.6,0.000125
160.633333,0.000125
160.666667,0.000125
160.7,0.000125
160.733333,0.000125
160.766667,0.000125
160.8,0.000125
160.833333,0.000125
160.866667,0.000125
160.9,0.000125
160.933333,0.000125
160.966667,0.000125
161,0.000125
161.033333,0.000125
161.066667,0.000125
161.1,0.000125
161.133333,0.000125
161.166667,0.000125
161.2,0.000125
161.233333,0.000125
161.266667,0.000125
161.3,0.000125
161.333333,0.000125
161.366667,0.000125
161.4,0.000125
161.433333,0.000125
161.466667,0.000125
161.5,0.000125
161.533333,0.000125
161.566667,0.000125
161.6,0.000125
161.633333,0.000125
161.666667,0.000125
161.7,0.000125
161.733333,0.224755
161.766667,0.239865
161.8,0.248723
161.833333,0.253422
161.866667,0.25829
161.9,0.26289
161.933333,0.277987
161.966667,0.28644
162,0.290077
162.033333,0.288353
162.066667,0.289832
162.1,0.289475
162.133333,0.29208
162.166667,0.29148
162.2,0.294307
162.233333,0.294722
162.266667,0.28835
162.3,0.294193
162.333333,0.29832
162.366667,0.296967
162.4,0.298872
162.433333,0.296505
162.466667,0.294447
162.5,0.28377
162.533333,0.266867
162.566667,0.258568
162.6,0.252742
162.633333,0.249243
162.666667,0.2449
162.7,0.231733
162.733333,0.02617
162.766667,0.00637
162.8,0.002075
162.833333,0.00123
162.866667,0.00109
162.9,0.001075
162.933333,0.001075
162.966667,0.001075
163,0.001075
163.033333,0.001075
163.066667,0.001075
163.1,0.001075
163.133333,0.001075
163.166667,0.001075
163.2,0.001075
163.233333,0.001075
163.266667,0.001075
163.3,0.001075
163.333333,0.001075
163.366667,0.001075
163.4,0.001075
163.433333,0.001075
163.466667,0.001075
163.5,0.001075
163.533333,0.001075
163.566667,0.001075
163.6,0.001075
163.633333,0.001075
163.666667,0.001075
163.7,0.001075
163.733333,0.001075
163.766667,0.001075
163.8,0.001075
163.833333,0.001075
163.866667,0.001075
163.9,0.001075
163.933333,0.001075
163.966667,0.001075
164,0.001075
164.033333,0.001075
164.066667,0.001075
164.1,0.001075
164.133333,0.001075
164.166667,0.001075
164.2,0.001075
164.233333,0.001075
164.266667,0.001075
164.3,0.001075
164.333333,0.001075
164.366667,0.001075
164.4,0.001075
164.433333,0.001075
164.466667,0.001075
164.5,0.001075
164.533333,0.001075
164.566667,0.001075
164.6,0.001075
164.633333,0.001075
164.666667,0.001075
164.7,0.001075
164.733333,0.001075
164.766667,0.001075
164.8,0.001075
164.833333,0.001075
164.866667,0.001075
164.9,0.001075
164.933333,0.001075
164.966667,0.001075
165,0.001075
165.033333,0.001075
165.066667,0.001075
165.1,0.001075
165.133333,0.001075
165.166667,0.001075
165.2,0.001075
165.233333,0.001075
165.266667,0.001075
165.3,0.001075
165.333333,0.001075
165.366667,0.001075
165.4,0.001075
165.433333,0.001075
165.466667,0.001075
165.5,0.001075
165.533333,0.001075
165.566667,0.001075
165.6,0.001075
165.633333,0.001075
165.666667,0.001075
165.7,0.001075
165.733333,0.001075
165.766667,0.001075
165.8,0.001075
165.833333,0.001075
165.866667,0.001075
165.9,0.001075
165.933333,0.001075
165.966667,0.001075
166,19.9307
166.033333,0.0058075
166.066667,0.0107175
166.1,0.00305
166.133333,0.00205
166.166667,0.00186
166.2,0.00185
166.233333,0.00184
166.266667,0.00184
166.3,0.00184
166.333333,0.00184
166.366667,0.00184
166.4,0.00184
166.433333,0.00184
166.466667,0.00184
166.5,0.00184
166.533333,0.00184
166.566667,0.00184
166.6,0.00184
166.633333,0.00184
166.666667,0.00184
166.7,0.00184
166.733333,0.00184
166.766667,0.00184
166.8,0.00184
166.833333,0.00184
166.866667,0.00184
166.9,0.00184
166.933333,0.00184
166.966667,0.00184
167,0.00184
167.033333,0.00184
167.066667,0.00184
167.1,0.00184
167.133333,0.00184
167.166667,0.00184
167.2,0.00184
167.233333,0.00184
167.266667,0.00184
167.3,0.00184
167.333333,0.00184
167.366667,0.00184
167.4,0.00184
167.433333,0.00184
167.466667,0.00184
167.5,0.00184
167.533333,0.00184
167.566667,0.00184
167.6,0.00184
167.633333,0.00184
167.666667,0.00184
167.7,0.00184
167.733333,0.00184
167.766667,0.00184
167.8,0.00184
167.833333,0.00184
167.866667,0.00184
167.9,0.00184
167.933333,0.00184
167.966667,0.00184
168,0.04762
168.033333,0.00344
168.066667,0.00073
168.1,0.0005975
168.133333,0.000525
168.166667,0.000525
168.2,0.000525
168.233333,0.000525
168.266667,0.000525
168.3,0.000525
168.333333,0.000525
168.366667,0.000525
168.4,0.000525
168.433333,0.000525
168.466667,0.000525
168.5,0.000525
168.533333,0.000525
168.566667,0.000525
168.6,0.000525
168.633333,0.000525
168.666667,0.000525
168.7,0.000525
168.733333,0.000525
168.766667,0.000525
168.8,0.000525
168.833333,0.000525
168.866667,0.000525
168.9,0.000525
168.933333,0.000525
168.966667,0.000525
169,0.000525
169.033333,0.000525
169.066667,0.000525
169.1,0.000525
169.133333,0.000525
169.166667,0.000525
169.2,0.000525
169.233333,0.000525
169.266667,0.000525
169.3,0.000525
169.333333,0.000525
169.366667,0.000525
169.4,0.000525
169.433333,0.000525
169.466667,0.000525
169.5,0.000525
169.533333,0.000525
169.566667,0.000525
169.6,0.000525
169.633333,0.000525
169.666667,0.000525
169.7,0.000525
169.733333,0.000525
169.766667,0.000525
169.8,0.000525
169.833333,0.000525
169.866667,0.000525
169.9,0.000525
169.933333,0.000525
169.966667,0.000525
170,0.000525
170.033333,0.000525
170.066667,0.000525
170.1,0.000525
170.133333,0.000525
170.166667,0.000525
170.2,0.000525
170.233333,0.000525
170.266667,0.000525
170.3,0.183255
170.333333,0.101915
170.366667,0.451835
170.4,0.0825975
170.433333,0.0799075
170.466667,0.205792
170.5,0.438987
170.533333,0.07325
170.566667,0.07174
170.6,0.0667725
170.633333,0.434988
170.666667,0.225133
170.7,0.191642
170.733333,0.231322
170.766667,0.583875
170.8,0.215963
170.833333,0.220905
170.866667,0.320402
170.9,0.581165
170.933333,0.21433
170.966667,0.251972
171,0.221848
171.033333,0.5923
171.066667,0.25198
171.1,0.263085
171.133333,0.230485
171.166667,0.622537
171.2,0.262095
171.233333,0.394395
171.266667,0.272175
171.3,0.254107
171.333333,0.22834
171.366667,0.291345
171.4,0.26785
171.433333,0.31033
171.466667,0.35241
171.5,0.37435
171.533333,0.419303
171.566667,0.543403
171.6,0.665072
171.633333,1.52525
171.666667,0.0031075
171.7,0.002235
171.733333,0.0021125
171.766667,0.00206
171.8,0.00206
171.833333,0.00206
171.866667,0.00206
171.9,0.00206
171.933333,0.00206
171.966667,0.00206
172,0.00206
172.033333,0.00206
172.066667,0.00206
172.1,0.00206
172.133333,0.00206
172.166667,0.00206
172.2,0.00206
172.233333,0.00206
172.266667,0.00206
172.3,0.00206
172.333333,0.00206
172.366667,0.00206
172.4,0.00206
172.433333,0.00206
172.466667,0.00206
172.5,0.00206
172.533333,0.00206
172.566667,0.00206
172.6,0.00206
172.633333,0.00206
172.666667,0.00206
172.7,0.00206
172.733333,0.00206
172.766667,0.00206
172.8,0.00206
172.833333,0.00206
172.866667,0.00206
172.9,0.00206
172.933333,0.00206
172.966667,0.00206
173,0.00206
173.033333,0.00206
173.066667,0.00206
173.1,0.00206
173.133333,0.00206
173.166667,0.00206
173.2,0.00206
173.233333,0.00206
173.266667,0.00206
173.3,0.00206
173.333333,0.00206
173.366667,0.00206
173.4,0.00206
173.433333,0.00206
173.466667,0.00206
173.5,0.00206
173.533333,0.00206
173.566667,0.00206
173.6,0.00206
173.633333,0.00206
173.666667,0.00206
173.7,0.00206
173.733333,0.00206
173.766667,0.00206
173.8,0.00206
173.833333,0.00206
173.866667,0.00206
173.9,0.00206
173.933333,0.00206
173.966667,0.00206
174,0.00206
174.033333,0.00206
174.066667,0.00206
174.1,0.00206
174.133333,0.00206
174.166667,0.00206
174.2,0.00206
174.233333,0.00206
174.266667,0.00206
174.3,0.00206
174.333333,0.00206
174.366667,0.00206
174.4,0.00206
174.433333,0.00206
174.466667,0.00206
174.5,0.00206
174.533333,0.00206
174.566667,0.00206
174.6,0.00206
174.633333,0.00206
174.666667,0.00206
174.7,0.00206
174.733333,0.00206
174.766667,0.00206
174.8,0.00206
174.833333,0.00206
174.866667,0.00206
174.9,0.00206
174.933333,0.00206
174.966667,0.00206
175,0.00206
175.033333,0.00206
175.066667,0.00206
175.1,0.00206
175.133333,0.00206
175.166667,0.00206
175.2,0.00206
175.233333,0.00206
175.266667,0.00206
175.3,0.00206
175.333333,0.00206
175.366667,0.00206
175.4,0.00206
175.433333,0.00206
175.466667,0.00206
175.5,0.00206
175.533333,0.00206
175.566667,0.00206
175.6,0.00206
175.633333,0.00206
175.666667,0.00206
175.7,0.00206
175.733333,0.00206
175.766667,0.00206
175.8,0.00206
175.833333,0.00206
175.866667,0.00206
175.9,0.00206
175.933333,0.00206
175.966667,0.00206
176,0.06045
176.033333,0.00288
176.066667,0.00077
176.1,0.0006175
176.133333,0.000565
176.166667,0.000575
176.2,0.000565
176.233333,0.000575
176.266667,0.000565
176.3,0.000575
176.333333,0.000565
176.366667,0.000575
176.4,0.000565
176.433333,0.000575
176.466667,0.000565
176.5,0.000575
176.533333,0.000565
176.566667,0.000575
176.6,0.000565
176.633333,0.000575
176.666667,0.000565
176.7,0.000575
176.733333,0.000565
176.766667,0.000575
176.8,0.000565
176.833333,0.000575
176.866667,0.000565
176.9,0.000575
176.933333,0.000565
176.966667,0.000575
177,0.000565
177.033333,0.000575
177.066667,0.000565
177.1,0.000575
177.133333,0.000565
177.166667,0.000575
177.2,0.000565
177.233333,0.000575
177.266667,0.000565
177.3,0.000575
177.333333,0.000565
177.366667,0.000575
177.4,0.000565
177.433333,0.000575
177.466667,0.000565
177.5,0.000575
177.533333,0.000565
177.566667,0.000575
177.6,0.000565
177.633333,0.000575
177.666667,0.000565
177.7,0.000575
177.733333,0.000565
177.766667,0.000575
177.8,0.000565
177.833333,0.000575
177.866667,0.000565
177.9,0.000575
177.933333,0.000565
177.966667,0.000575
178,0.000565
178.033333,0.000575
178.066667,0.000565
178.1,0.000575
178.133333,0.000565
178.166667,0.000575
178.2,0.000565
178.233333,0.000575
178.266667,0.000565
178.3,0.000575
178.333333,0.000565
178.366667,0.000575
178.4,0.000565
178.433333,0.000575
178.466667,0.000565
178.5,0.000575
178.533333,0.000565
178.566667,0.000575
178.6,0.000565
178.633333,0.000575
178.666667,0.000565
178.7,0.000575
178.733333,0.000565
178.766667,0.000575
178.8,0.000565
178.833333,0.000575
178.866667,0.000565
178.9,0.000575
178.933333,0.000565
178.966667,0.000575
179,0.000565
179.033333,0.000575
179.066667,0.000565
179.1,0.000575
179.133333,0.000565
179.166667,0.000575
179.2,0.000565
179.233333,0.000575
179.266667,0.000565
179.3,0.000575
179.333333,0.000565
179.366667,0.000575
179.4,0.000565
179.433333,0.000575
179.466667,0.000565
179.5,0.000575
179.533333,0.000565
179.566667,0.000575
179.6,0.000565
179.633333,0.000575
179.666667,0.000565
179.7,0.000575
179.733333,0.000565
179.766667,0.000575
179.8,0.000565
179.833333,0.000575
179.866667,0.000565
179.9,0.000575
179.933333,0.000565
179.966667,0.000575
180,0.000565
180.033333,0.000575
180.066667,0.000565
180.1,0.000575
180.133333,0.000565
180.166667,0.000575
180.2,0.000565
180.233333,0.000575
180.266667,0.000565
180.3,0.000575
180.333333,0.000565
180.366667,0.000575
180.4,0.000565
180.433333,0.000575
180.466667,0.000565
180.5,0.000575
180.533333,0.000565
180.566667,0.000575
180.6,0.000565
180.633333,0.000575
180.666667,0.000565
180.7,0.000575
180.733333,0.000565
180.766667,0.000575
180.8,0.000565
180.833333,0.000575
180.866667,0.000565
180.9,0.000575
180.933333,0.000565
180.966667,0.000575
181,0.000565
181.033333,0.000575
181.066667,0.000565
181.1,0.000575
181.133333,0.000565
181.166667,0.000575
181.2,0.000565
181.233333,0.000575
181.266667,0.000565
181.3,0.000575
181.333333,0.000565
181.366667,0.000575
181.4,0.000565
181.433333,0.000575
181.466667,0.000565
181.5,0.000575
181.533333,0.000565
181.566667,0.000575
181.6,0.000565
181.633333,0.000575
181.666667,0.000565
181.7,0.000575
181.733333,0.000565
181.766667,0.000575
181.8,0.000565
181.833333,0.000575
181.866667,0.000565
181.9,0.000575
181.933333,0.000565
181.966667,0.000575
182,0.000565
182.033333,0.000575
182.066667,0.000565
182.1,0.000575
182.133333,0.000565
182.166667,0.000575
182.2,0.000565
182.233333,0.000575
182.266667,0.000565
182.3,0.000575
182.333333,0.000565
182.366667,0.000575
182.4,0.000565
182.433333,0.000575
182.466667,0.000565
182.5,0.000575
182.533333,0.000565
182.566667,0.000575
182.6,0.000565
182.633333,0.000575
182.666667,0.000565
182.7,0.000575
182.733333,0.000565
182.766667,0.000575
182.8,0.000565
182.833333,0.000575
182.866667,0.000565
182.9,0.000575
182.933333,0.000565
182.966667,0.000575
183,0.000565
183.033333,0.000575
183.066667,0.000565
183.1,0.000575
183.133333,0.000565
183.166667,0.000575
183.2,0.000565
183.233333,0.000575
183.266667,0.000565
183.3,0.000575
183.333333,0.000565
183.366667,0.000575
183.4,0.000565
183.433333,0.000575
183.466667,0.000565
183.5,0.000575
183.533333,0.000565
183.566667,0.000575
183.6,0.000565
183.633333,0.000575
183.666667,0.000565
183.7,0.000575
183.733333,0.000565
183.766667,0.000575
183.8,0.000565
183.833333,0.000575
183.866667,0.000565
183.9,0.000575
183.933333,0.000565
183.966667,0.000575
184,0.0030325
184.033333,0.00288
184.066667,0.00077
184.1,0.0006175
184.133333,0.000565
184.166667,0.000575
184.2,0.000565
184.233333,0.000575
184.266667,0.000565
184.3,0.000575
184.333333,0.000565
184.366667,0.000575
184.4,0.000565
184.433333,0.000575
184.466667,0.000565
184.5,0.000575
184.533333,0.000565
184.566667,0.000575
184.6,0.000565
184.633333,0.000575
184.666667,0.000565
184.7,0.000575
184.733333,0.000565
184.766667,0.000575
184.8,0.000565
184.833333,0.000575
184.866667,0.000565
184.9,0.000575
184.933333,0.000565
184.966667,0.000575
185,0.000565
185.033333,0.000575
185.066667,0.000565
185.1,0.000575
185.133333,0.000565
185.166667,0.000575
185.2,0.000565
185.233333,0.000575
185.266667,0.000565
185.3,0.000575
185.333333,0.000565
185.366667,0.000575
185.4,0.000565
185.433333,0.000575
185.466667,0.000565
185.5,0.000575
185.533333,0.000565
185.566667,0.000575
185.6,0.000565
185.633333,0.000575
185.666667,0.000565
185.7,0.000575
185.733333,0.000565
185.766667,0.000575
185.8,0.000565
185.833333,0.000575
185.866667,0.000565
185.9,0.000575
185.933333,0.000565
185.966667,0.000575
186,0.000565
186.033333,0.000575
186.066667,0.000565
186.1,0.000575
186.133333,0.000565
186.166667,0.000575
186.2,0.000565
186.233333,0.000575
186.266667,0.000565
186.3,0.000575
186.333333,0.000565
186.366667,0.000575
186.4,0.000565
186.433333,0.000575
186.466667,0.000565
186.5,0.000575
186.533333,0.000565
186.566667,0.000575
186.6,0.000565
186.633333,0.000575
186.666667,0.000565
186.7,0.000575
186.733333,0.000565
186.766667,0.000575
186.8,0.000565
186.833333,0.000575
186.866667,0.000565
186.9,0.000575
186.933333,0.000565
186.966667,0.000575
187,0.000565
187.033333,0.000575
187.066667,0.000565
187.1,0.000575
187.133333,0.000565
187.166667,0.000575
187.2,0.000565
187.233333,0.000575
187.266667,0.000565
187.3,0.000575
187.333333,0.000565
187.366667,0.000575
187.4,0.000565
187.433333,0.000575
187.466667,0.000565
187.5,0.000575
187.533333,0.000565
187.566667,0.000575
187.6,0.000565
187.633333,0.000575
187.666667,0.000565
187.7,0.000575
187.733333,0.000565
187.766667,0.000575
187.8,0.000565
187.833333,0.000575
187.866667,0.000565
187.9,0.000575
187.933333,0.000565
187.966667,0.000575
188,0.000565
188.033333,0.000575
188.066667,0.000565
188.1,0.000575
188.133333,0.000565
188.166667,0.000575
188.2,0.000565
188.233333,0.000575
188.266667,0.000565
188.3,0.000575
188.333333,0.000565
188.366667,0.000575
188.4,0.000565
188.433333,0.000575
188.466667,0.000565
188.5,0.000575
188.533333,0.000565
188.566667,0.000575
188.6,0.000565
188.633333,0.000575
188.666667,33.0655
188.7,0.0028325
188.733333,0.0076025
188.766667,0.00292
188.8,0.00252
188.833333,0.001415
188.866667,0.0011075
188.9,0.00108
188.933333,0.00106
188.966667,0.00106
189,0.00106
189.033333,0.00106
189.066667,0.00106
189.1,0.00106
189.133333,0.00106
189.166667,0.00106
189.2,0.00106
189.233333,0.00106
189.266667,0.00106
189.3,0.00106
189.333333,0.00106
189.366667,0.00106
189.4,0.00106
189.433333,0.00106
189.466667,0.00106
189.5,0.00106
189.533333,0.00106
189.566667,0.00106
189.6,0.00106
189.633333,0.00106
189.666667,0.00106
189.7,0.00106
189.733333,0.00106
189.766667,0.00106
189.8,0.00106
189.833333,0.00106
189.866667,0.00106
189.9,0.00106
189.933333,0.00106
189.966667,0.00106
190,0.00106
190.033333,0.00106
190.066667,0.00106
190.1,0.00106
190.133333,0.00106
190.166667,0.00106
190.2,0.00106
190.233333,0.00106
190.266667,0.00106
190.3,0.00106
190.333333,0.00106
190.366667,0.00106
190.4,0.00106
190.433333,0.00106
190.466667,0.00106
190.5,0.00106
190.533333,0.00106
190.566667,0.00106
190.6,0.00106
190.633333,0.00106
190.666667,0.00106
190.7,0.00106
190.733333,0.00106
190.766667,0.00106
190.8,0.00106
190.833333,0.00106
190.866667,0.00106
190.9,0.00106
190.933333,0.00106
190.966667,0.00106
191,0.00106
191.033333,0.00106
191.066667,0.00106
191.1,0.00106
191.133333,0.00106
191.166667,0.00106
191.2,0.00106
191.233333,0.00106
191.266667,0.00106
191.3,0.00106
191.333333,0.00106
191.366667,0.00106
191.4,0.00106
191.433333,0.00106
191.466667,0.00106
191.5,0.00106
191.533333,0.00106
191.566667,0.00106
191.6,0.00106
191.633333,0.00106
191.666667,0.00106
191.7,0.00106
191.733333,0.00106
191.766667,0.00106
191.8,0.00106
191.833333,0.00106
191.866667,0.00106
191.9,0.00106
191.933333,0.00106
191.966667,0.00106
192,0.0219
192.033333,0.0012125
192.066667,0.00037
192.1,0.0002625
192.133333,0.00024
192.166667,0.00024
192.2,0.00024
192.233333,0.00024
192.266667,0.00024
192.3,0.00024
192.333333,0.00024
192.366667,0.00024
192.4,0.00024
192.433333,0.00024
192.466667,0.00024
192.5,0.00024
192.533333,0.00024
192.566667,0.00024
192.6,0.00024
192.633333,0.00024
192.666667,0.00024
192.7,0.00024
192.733333,0.00024
192.766667,0.00024
192.8,0.00024
192.833333,0.00024
192.866667,0.00024
192.9,0.00024
192.933333,0.00024
192.966667,0.00024
193,0.00024
193.033333,0.00024
193.066667,0.00024
193.1,0.00024
193.133333,0.00024
193.166667,0.00024
193.2,0.00024
193.233333,0.00024
193.266667,0.00024
193.3,0.00024
193.333333,0.00024
193.366667,0.00024
193.4,0.00024
193.433333,0.00024
193.466667,0.00024
193.5,0.00024
193.533333,0.00024
193.566667,0.00024
193.6,0.00024
193.633333,0.00024
193.666667,0.00024
193.7,0.00024
193.733333,0.00024
193.766667,0.00024
193.8,0.00024
193.833333,0.00024
193.866667,0.00024
193.9,0.00024
193.933333,0.00024
193.966667,0.00024
194,0.00024
194.033333,0.00024
194.066667,0.00024
194.1,0.00024
194.133333,0.00024
194.166667,0.00024
194.2,0.00024
194.233333,0.00024
194.266667,0.00024
194.3,0.00024
194.333333,0.00024
194.366667,0.00024
194.4,0.00024
194.433333,0.00024
194.466667,0.00024
194.5,0.00024
194.533333,0.00024
194.566667,0.00024
194.6,0.00024
194.633333,0.00024
194.666667,0.00024
194.7,0.00024
194.733333,0.00024
194.766667,0.00024
194.8,0.00024
194.833333,0.00024
194.866667,0.00024
194.9,0.00024
194.933333,0.00024
194.966667,0.00024
195,0.00024
195.033333,0.00024
195.066667,0.00024
195.1,0.00024
195.133333,0.00024
195.166667,0.00024
195.2,0.00024
195.233333,0.00024
195.266667,0.00024
195.3,0.00024
195.333333,0.00024
195.366667,196.74
195.4,35.856
195.433333,55.5268
195.466667,53.7558
195.5,0.00537
195.533333,0.001475
195.566667,0.000745
195.6,0.00068
195.633333,0.000675
195.666667,0.000675
195.7,0.000675
195.733333,0.000675
195.766667,0.000675
195.8,0.000675
195.833333,0.000675
195.866667,0.000675
195.9,0.000675
195.933333,0.000675
195.966667,0.000675
196,0.000675
196.033333,0.000675
196.066667,0.000675
196.1,0.000675
196.133333,0.000675
196.166667,0.000675
196.2,0.000675
196.233333,0.000675
196.266667,0.000675
196.3,0.000675
196.333333,0.000675
196.366667,0.000675
196.4,0.000675
196.433333,0.000675
196.466667,0.000675
196.5,0.000675
196.533333,0.000675
196.566667,0.000675
196.6,0.000675
196.633333,0.000675
196.666667,0.000675
196.7,0.000675
196.733333,0.000675
196.766667,0.000675
196.8,0.000675
196.833333,0.000675
196.866667,0.000675
196.9,0.000675
196.933333,0.000675
196.966667,0.000675
197,0.000675
197.033333,133.358
197.066667,0.0017925
197.1,0.006985
197.133333,0.0007725
197.166667,0.0017875
197.2,0.0011575
197.233333,0.001075
197.266667,0.001075
197.3,0.001065
197.333333,0.001065
197.366667,0.001065
197.4,0.001065
197.433333,0.001065
197.466667,0.001065
197.5,0.001065
197.533333,0.001065
197.566667,0.001065
197.6,0.001065
197.633333,0.001065
197.666667,0.001065
197.7,0.001065
197.733333,0.001065
197.766667,0.001065
197.8,0.001065
197.833333,0.001065
197.866667,0.001065
197.9,0.001065
197.933333,0.001065
197.966667,0.001065
198,0.001065
198.033333,0.001065
198.066667,0.001065
198.1,0.001065
198.133333,0.001065
198.166667,0.001065
198.2,0.001065
198.233333,0.001065
198.266667,0.001065
198.3,0.001065
198.333333,0.001065
198.366667,0.001065
198.4,0.001065
198.433333,0.001065
198.466667,0.001065
198.5,0.001065
198.533333,0.001065
198.566667,0.001065
198.6,0.001065
198.633333,0.001065
198.666667,0.001065
198.7,0.001065
198.733333,0.001065
198.766667,0.001065
198.8,0.001065
198.833333,0.001065
198.866667,0.001065
198.9,0.001065
198.933333,0.001065
198.966667,0.001065
199,0.001065
199.033333,0.001065
199.066667,0.001065
199.1,0.001065
199.133333,0.001065
199.166667,0.001065
199.2,0.001065
199.233333,0.001065
199.266667,0.001065
199.3,0.001065
199.333333,0.001065
199.366667,0.001065
199.4,0.001065
199.433333,0.001065
199.466667,0.001065
199.5,0.001065
199.533333,0.001065
199.566667,0.001065
199.6,0.001065
199.633333,0.001065
199.666667,0.001065
199.7,0.001065
199.733333,0.001065
199.766667,0.001065
199.8,0.001065
199.833333,0.001065
199.866667,0.001065
199.9,0.001065
199.933333,0.001065
199.966667,0.001065
200,0.022095
200.033333,0.001165
200.066667,0.000265
200.1,0.000155
200.133333,0.00014
200.166667,0.00014
200.2,0.00014
200.233333,0.00014
200.266667,0.00014
200.3,0.00014
200.333333,0.00014
200.366667,0.00014
200.4,0.00014
200.433333,0.00014
200.466667,0.00014
200.5,0.00014
200.533333,0.00014
200.566667,0.00014
200.6,0.00014
200.633333,0.00014
200.666667,0.00014
200.7,0.00014
200.733333,0.00014
200.766667,0.00014
200.8,0.00014
200.833333,0.00014
200.866667,0.00014
200.9,0.00014
200.933333,0.00014
200.966667,0.00014
201,0.00014
201.033333,0.00014
201.066667,0.00014
201.1,0.00014
201.133333,0.00014
201.166667,0.00014
201.2,0.00014
201.233333,0.00014
201.266667,0.00014
201.3,0.00014
201.333333,0.00014
201.366667,0.00014
201.4,0.00014
201.433333,0.00014
201.466667,0.00014
201.5,0.00014
201.533333,0.00014
201.566667,0.00014
201.6,0.00014
201.633333,0.00014
201.666667,0.00014
201.7,0.00014
201.733333,0.00014
201.766667,0.00014
201.8,0.00014
201.833333,0.00014
201.866667,0.00014
201.9,0.00014
201.933333,0.00014
201.966667,0.00014
202,0.00014
202.033333,0.00014
202.066667,0.00014
202.1,0.00014
202.133333,0.00014
202.166667,0.00014
202.2,0.00014
202.233333,0.00014
202.266667,0.00014
202.3,0.00014
202.333333,0.00014
202.366667,0.00014
202.4,0.00014
202.433333,0.00014
202.466667,0.00014
202.5,0.00014
202.533333,0.00014
202.566667,0.00014
202.6,0.00014
202.633333,0.00014
202.666667,0.00014
202.7,0.00014
202.733333,0.00014
202.766667,0.00014
202.8,0.00014
202.833333,0.00014
202.866667,0.00014
202.9,0.00014
202.933333,0.00014
202.966667,0.00014
203,0.00014
203.033333,0.00014
203.066667,0.00014
203.1,0.00014
203.133333,0.00014
203.166667,0.00014
203.2,0.00014
203.233333,0.00014
203.266667,0.00014
203.3,0.00014
203.333333,0.00014
203.366667,0.00014
203.4,0.00014
203.433333,0.00014
203.466667,0.00014
203.5,0.00014
203.533333,0.00014
203.566667,0.00014
203.6,0.00014
203.633333,0.00014
203.666667,0.00014
203.7,0.00014
203.733333,0.00014
203.766667,0.00014
203.8,0.00014
203.833333,0.00014
203.866667,0.00014
203.9,0.00014
203.933333,0.00014
203.966667,0.00014
204,0.00014
204.033333,0.00014
204.066667,0.00014
204.1,0.00014
204.133333,0.00014
204.166667,0.00014
204.2,21.529
204.233333,0.00356
204.266667,0.00752
204.3,0.0021925
204.333333,0.0014325
204.366667,0.001315
204.4,0.0013
204.433333,0.00131
204.466667,0.0013
204.5,0.00131
204.533333,0.0013
204.566667,0.00131
204.6,0.0013
204.633333,0.00131
204.666667,0.0013
204.7,0.00131
204.733333,0.0013
204.766667,0.00131
204.8,0.0013
204.833333,0.00131
204.866667,0.0013
204.9,0.00131
204.933333,0.0013
204.966667,0.00131
205,0.0013
205.033333,0.00131
205.066667,0.0013
205.1,0.00131
205.133333,0.0013
205.166667,0.00131
205.2,0.0013
205.233333,0.00131
205.266667,0.0013
205.3,0.00131
205.333333,0.0013
205.366667,0.00131
205.4,0.0013
205.433333,0.00131
205.466667,0.0013
205.5,0.00131
205.533333,0.0013
205.566667,0.00131
205.6,0.0013
205.633333,0.00131
205.666667,0.0013
205.7,0.00131
205.733333,0.0013
205.766667,0.00131
205.8,0.0013
205.833333,0.00131
205.866667,0.0013
205.9,0.00131
205.933333,0.0013
205.966667,0.00131
206,0.0013
206.033333,0.00131
206.066667,0.0013
206.1,0.00131
206.133333,0.0013
206.166667,0.00131
206.2,0.0013
206.233333,0.00131
206.266667,0.0013
206.3,0.00131
206.333333,0.0013
206.366667,0.00131
206.4,0.0013
206.433333,0.00131
206.466667,0.0013
206.5,0.00131
206.533333,0.0013
206.566667,0.00131
206.6,0.0013
206.633333,0.00131
206.666667,0.0013
206.7,0.00131
206.733333,0.0013
206.766667,0.00131
206.8,0.0013
206.833333,0.00131
206.866667,0.0013
206.9,0.00131
206.933333,0.0013
206.966667,0.00131
207,0.0013
207.033333,0.00131
207.066667,0.0013
207.1,0.00131
207.133333,0.0013
207.166667,0.00131
207.2,0.0013
207.233333,0.00131
207.266667,0.0013
207.3,0.00131
207.333333,0.0013
207.366667,0.00131
207.4,0.0013
207.433333,0.00131
207.466667,0.0013
207.5,0.00131
207.533333,0.0013
207.566667,0.00131
207.6,0.0013
207.633333,0.00131
207.666667,0.0013
207.7,0.00131
207.733333,0.0013
207.766667,0.00131
207.8,0.0013
207.833333,0.00131
207.866667,0.0013
207.9,0.00131
207.933333,0.0013
207.966667,0.00131
208,0.02696
208.033333,0.240368
208.066667,0.134782
208.1,0.167575
208.133333,0.135962
208.166667,0.117737
208.2,0.106493
208.233333,0.0834625
208.266667,0.0979725
208.3,0.0944725
208.333333,0.0893475
208.366667,0.08656
208.4,0.0854825
208.433333,0.0812775
208.466667,0.06092
208.5,0.0816825
208.533333,0.078115
208.566667,0.07706
208.6,0.0761875
208.633333,0.0018525
208.666667,0.000695
208.7,0.00047
208.733333,0.00046
208.766667,0.00046
208.8,0.00046
208.833333,0.00046
208.866667,0.00046
208.9,0.00046
208.933333,0.00046
208.966667,0.00046
209,0.00046
209.033333,0.00046
209.066667,0.00046
209.1,0.00046
209.133333,0.00046
209.166667,0.00046
209.2,0.0891275
209.233333,0.100098
209.266667,0.121567
209.3,0.10559
209.333333,0.108555
209.366667,0.113385
209.4,0.139965
209.433333,0.126612
209.466667,0.427395
209.5,0.438248
209.533333,0.202932
209.566667,0.50413
209.6,0.585522
209.633333,0.323355
209.666667,0.317528
209.7,0.311717
209.733333,0.0499625
209.766667,0.31634
209.8,0.315945
209.833333,0.31552
209.866667,0.313277
209.9,0.31335
209.933333,0.3142
209.966667,0.309547
210,0.04822
210.033333,0.313745
210.066667,0.0024025
210.1,0.001065
210.133333,0.0007875
210.166667,0.00075
210.2,0.00074
210.233333,0.00075
210.266667,0.00074
210.3,0.00075
210.333333,0.00074
210.366667,0.00075
210.4,0.00074
210.433333,0.00075
210.466667,0.00074
210.5,0.00075
210.533333,0.00074
210.566667,0.00075
210.6,0.00074
210.633333,0.313273
210.666667,0.321055
210.7,0.324835
210.733333,0.595885
210.766667,0.3229
210.8,0.322865
210.833333,0.326713
210.866667,0.327095
210.9,0.33582
210.933333,0.59763
210.966667,0.324537
211,0.326235
211.033333,1.24963
211.066667,0.241905
211.1,0.135417
211.133333,0.16837
211.166667,0.13633
211.2,0.118612
211.233333,0.106567
211.266667,0.08419
211.3,0.0984775
211.333333,0.09468
211.366667,0.09003
211.4,0.0871575
211.433333,0.08589
211.466667,0.0817425
211.5,0.0615725
211.533333,0.0824625
211.566667,0.0783575
211.6,0.0777325
211.633333,0.076345
211.666667,0.00249
211.7,0.00121
211.733333,0.001025
211.766667,0.001
211.8,0.001
211.833333,0.001
211.866667,0.001
211.9,0.001
211.933333,0.001
211.966667,0.001
212,0.001
212.033333,0.001
212.066667,0.001
212.1,0.001
212.133333,0.001
212.166667,0.001
212.2,0.001
212.233333,0.001
212.266667,0.001
212.3,0.001
212.333333,0.001
212.366667,0.001
212.4,0.001
212.433333,0.001
212.466667,0.001
212.5,0.001
212.533333,0.001
212.566667,0.001
212.6,0.001
212.633333,0.001
212.666667,0.001
212.7,0.001
212.733333,0.001
212.766667,0.001
212.8,0.001
212.833333,0.001
212.866667,0.001
212.9,0.001
212.933333,0.001
212.966667,0.001
213,0.001
213.033333,0.001
213.066667,0.001
213.1,0.001
213.133333,0.001
213.166667,0.001
213.2,0.001
213.233333,0.001
213.266667,0.001
213.3,0.001
213.333333,0.001
213.366667,0.001
213.4,0.001
213.433333,0.001
213.466667,0.001
213.5,0.001
213.533333,0.001
213.566667,0.001
213.6,0.001
213.633333,0.001
213.666667,0.001
213.7,0.001
213.733333,0.001
213.766667,0.001
213.8,0.001
213.833333,0.001
213.866667,0.001
213.9,0.001
213.933333,0.001
213.966667,0.001
214,0.001
214.033333,0.001
214.066667,0.001
214.1,0.001
214.133333,0.001
214.166667,0.001
214.2,0.001
214.233333,0.001
214.266667,0.001
214.3,0.001
214.333333,0.001
214.366667,0.001
214.4,0.001
214.433333,0.001
214.466667,0.001
214.5,0.001
214.533333,0.001
214.566667,0.001
214.6,0.001
214.633333,0.001
214.666667,0.001
214.7,0.001
214.733333,0.001
214.766667,0.001
214.8,0.001
214.833333,0.001
214.866667,0.001
214.9,0.001
214.933333,0.001
214.966667,0.001
215,0.001
215.033333,0.001
215.066667,0.001
215.1,0.001
215.133333,0.001
215.166667,0.001
215.2,0.001
215.233333,0.001
215.266667,0.001
215.3,0.001
215.333333,0.001
215.366667,0.001
215.4,0.001
215.433333,0.001
215.466667,0.001
215.5,0.001
215.533333,0.001
215.566667,0.001
215.6,0.001
215.633333,0.001
215.666667,0.001
215.7,0.001
215.733333,0.001
215.766667,0.001
215.8,0.001
215.833333,0.001
215.866667,0.001
215.9,0.001
215.933333,0.001
215.966667,0.001
216,0.031885
216.033333,0.0016725
216.066667,0.00039
216.1,0.0002775
216.133333,0.00023
216.166667,0.00023
216.2,0.00023
216.233333,0.00023
216.266667,0.00023
216.3,0.00023
216.333333,0.00023
216.366667,0.00023
216.4,0.00023
216.433333,0.00023
216.466667,0.00023
216.5,0.00023
216.533333,0.00023
216.566667,0.00023
216.6,0.00023
216.633333,0.00023
216.666667,0.00023
216.7,0.00023
216.733333,0.00023
216.766667,0.00023
216.8,0.00023
216.833333,0.00023
216.866667,0.00023
216.9,0.00023
216.933333,0.00023
216.966667,0.00023
217,0.00023
217.033333,0.00023
217.066667,0.00023
217.1,0.00023
217.133333,0.00023
217.166667,0.00023
217.2,0.00023
217.233333,0.00023
217.266667,0.00023
217.3,0.00023
217.333333,0.00023
217.366667,0.00023
217.4,0.00023
217.433333,0.00023
217.466667,0.00023
217.5,0.00023
217.533333,0.00023
217.566667,0.00023
217.6,0.00023
217.633333,0.00023
217.666667,0.00023
217.7,0.00023
217.733333,0.00023
217.766667,0.00023
217.8,0.00023
217.833333,0.00023
217.866667,0.00023
217.9,0.00023
217.933333,0.00023
217.966667,0.00023
218,0.00023
218.033333,0.00023
218.066667,0.00023
218.1,0.00023
218.133333,0.00023
218.166667,0.00023
218.2,0.00023
218.233333,0.00023
218.266667,0.00023
218.3,0.00023
218.333333,0.00023
218.366667,0.00023
218.4,0.00023
218.433333,0.00023
218.466667,0.00023
218.5,0.00023
218.533333,0.00023
218.566667,0.00023
218.6,0.00023
218.633333,0.00023
218.666667,0.00023
218.7,0.00023
218.733333,0.00023
218.766667,0.00023
218.8,0.00023
218.833333,0.00023
218.866667,0.00023
218.9,0.00023
218.933333,0.00023
218.966667,0.00023
219,0.00023
219.033333,0.00023
219.066667,0.00023
219.1,0.00023
219.133333,0.00023
219.166667,0.00023
219.2,0.00023
219.233333,0.00023
219.266667,0.00023
219.3,0.00023
219.333333,0.00023
219.366667,0.00023
219.4,0.00023
219.433333,0.00023
219.466667,0.00023
219.5,0.00023
219.533333,0.00023
219.566667,0.00023
219.6,0.00023
219.633333,0.00023
219.666667,0.00023
219.7,0.00023
219.733333,0.00023
219.766667,0.00023
219.8,0.00023
219.833333,0.00023
219.866667,0.00023
219.9,0.00023
219.933333,0.00023
219.966667,0.00023
220,0.00023
220.033333,0.00023
220.066667,0.00023
220.1,0.00023
220.133333,0.00023
220.166667,0.00023
220.2,0.00023
220.233333,0.00023
220.266667,0.00023
220.3,0.00023
220.333333,0.00023
220.366667,0.00023
220.4,0.00023
220.433333,0.00023
220.466667,0.00023
220.5,0.00023
220.533333,0.00023
220.566667,0.00023
220.6,0.00023
220.633333,0.00023
220.666667,0.00023
220.7,0.00023
220.733333,0.00023
220.766667,0.00023
220.8,0.00023
220.833333,0.00023
220.866667,0.00023
220.9,0.00023
220.933333,0.00023
220.966667,0.00023
221,0.00023
221.033333,0.00023
221.066667,0.00023
221.1,0.00023
221.133333,0.00023
221.166667,0.00023
221.2,0.00023
221.233333,0.00023
221.266667,0.00023
221.3,0.00023
221.333333,0.00023
221.366667,0.00023
221.4,0.00023
221.433333,0.00023
221.466667,0.00023
221.5,0.00023
221.533333,0.00023
221.566667,0.00023
221.6,0.00023
221.633333,0.00023
221.666667,0.00023
221.7,0.00023
221.733333,0.00023
221.766667,0.00023
221.8,0.00023
221.833333,0.00023
221.866667,0.00023
221.9,0.00023
221.933333,0.00023
221.966667,0.00023
222,0.00023
222.033333,0.00023
222.066667,0.00023
222.1,0.00023
222.133333,0.00023
222.166667,0.00023
222.2,0.00023
222.233333,0.00023
222.266667,0.00023
222.3,0.00023
222.333333,0.00023
222.366667,0.00023
222.4,0.00023
222.433333,0.00023
222.466667,0.00023
222.5,0.00023
222.533333,0.00023
222.566667,0.00023
222.6,0.00023
222.633333,0.00023
222.666667,0.00023
222.7,0.0930225
222.733333,0.100792
222.766667,0.121953
222.8,0.105322
222.833333,0.108707
222.866667,0.113638
222.9,0.140098
222.933333,0.126498
222.966667,0.133667
223,0.150267
223.033333,0.187138
223.066667,0.215515
223.1,7.67923
223.133333,0.007705
223.166667,0.0049325
223.2,0.00244
223.233333,0.0011025
223.266667,0.000985
223.3,0.000975
223.333333,0.000975
223.366667,0.000975
223.4,0.000975
223.433333,0.000975
223.466667,0.000975
223.5,0.000975
223.533333,0.000975
223.566667,0.000975
223.6,0.000975
223.633333,0.000975
223.666667,0.000975
223.7,0.000975
223.733333,0.000975
223.766667,0.000975
223.8,0.000975
223.833333,0.000975
223.866667,0.000975
223.9,0.000975
223.933333,0.000975
223.966667,0.000975
224,0.034125
224.033333,0.001785
224.066667,0.0005125
224.1,0.000345
224.133333,0.00034
224.166667,0.00034
224.2,0.00034
224.233333,0.00034
224.266667,0.00034
224.3,0.00034
224.333333,0.00034
224.366667,0.00034
224.4,0.00034
224.433333,0.00034
224.466667,0.00034
224.5,0.00034
224.533333,0.00034
224.566667,0.00034
224.6,0.00034
224.633333,0.00034
224.666667,0.00034
224.7,0.00034
224.733333,0.00034
224.766667,0.00034
224.8,0.00034
224.833333,0.00034
224.866667,0.00034
224.9,0.00034
224.933333,0.00034
224.966667,0.00034
225,0.00034
225.033333,0.00034
225.066667,0.00034
225.1,0.00034
225.133333,0.00034
225.166667,0.00034
225.2,0.00034
225.233333,0.00034
225.266667,0.00034
225.3,0.00034
225.333333,0.00034
225.366667,0.00034
225.4,0.00034
225.433333,0.00034
225.466667,0.00034
225.5,0.00034
225.533333,0.00034
225.566667,0.00034
225.6,0.00034
225.633333,0.00034
225.666667,0.00034
225.7,0.00034
225.733333,0.00034
225.766667,0.00034
225.8,0.00034
225.833333,0.00034
225.866667,0.00034
225.9,0.00034
225.933333,0.00034
225.966667,0.00034
226,0.00034
226.033333,0.00034
226.066667,0.00034
226.1,0.00034
226.133333,0.00034
226.166667,0.00034
226.2,0.00034
226.233333,0.00034
226.266667,0.00034
226.3,0.00034
226.333333,0.00034
226.366667,0.00034
226.4,0.00034
226.433333,0.00034
226.466667,0.00034
226.5,0.00034
226.533333,0.00034
226.566667,0.00034
226.6,0.00034
226.633333,0.00034
226.666667,0.00034
226.7,0.00034
226.733333,0.00034
226.766667,0.00034
226.8,0.00034
226.833333,0.00034
226.866667,0.00034
226.9,0.00034
226.933333,0.00034
226.966667,0.00034
227,0.00034
227.033333,0.00034
227.066667,0.00034
227.1,0.00034
227.133333,0.00034
227.166667,0.00034
227.2,0.00034
227.233333,0.00034
227.266667,0.00034
227.3,0.00034
227.333333,0.00034
227.366667,0.00034
227.4,0.00034
227.433333,0.00034
227.466667,0.00034
227.5,0.00034
227.533333,0.00034
227.566667,0.00034
227.6,0.00034
227.633333,0.00034
227.666667,0.00034
227.7,0.00034
227.733333,0.00034
227.766667,0.00034
227.8,0.00034
227.833333,0.00034
227.866667,0.00034
227.9,0.00034
227.933333,0.00034
227.966667,0.00034
228,0.00034
228.033333,0.00034
228.066667,0.00034
228.1,0.00034
228.133333,0.00034
228.166667,0.00034
228.2,0.00034
228.233333,0.00034
228.266667,0.00034
228.3,0.00034
228.333333,0.00034
228.366667,0.00034
228.4,0.00034
228.433333,0.00034
228.466667,0.00034
228.5,0.00034
228.533333,0.00034
228.566667,0.00034
228.6,0.00034
228.633333,0.00034
228.666667,0.00034
228.7,0.00034
228.733333,0.00034
228.766667,0.00034
228.8,0.00034
228.833333,0.00034
228.866667,0.00034
228.9,0.00034
228.933333,0.00034
228.966667,0.00034
229,0.00034
229.033333,0.00034
229.066667,0.00034
229.1,0.00034
229.133333,0.00034
229.166667,0.00034
229.2,0.00034
229.233333,0.00034
229.266667,0.00034
229.3,0.00034
229.333333,0.00034
229.366667,0.00034
229.4,0.00034
229.433333,0.00034
229.466667,0.00034
229.5,0.00034
229.533333,0.00034
229.566667,0.00034
229.6,0.00034
229.633333,0.00034
229.666667,0.00034
229.7,0.00034
229.733333,0.00034
229.766667,0.00034
229.8,0.00034
229.833333,0.00034
229.866667,0.00034
229.9,0.00034
229.933333,0.00034
229.966667,0.00034
230,0.00034
230.033333,0.00034
230.066667,0.00034
230.1,0.00034
230.133333,0.00034
230.166667,0.00034
230.2,0.00034
230.233333,0.00034
230.266667,0.00034
230.3,0.00034
230.333333,0.00034
230.366667,0.00034
230.4,0.00034
230.433333,0.00034
230.466667,0.00034
230.5,0.00034
230.533333,0.00034
230.566667,0.00034
230.6,0.00034
230.633333,0.00034
230.666667,0.00034
230.7,0.00034
230.733333,0.00034
230.766667,0.00034
230.8,0.00034
230.833333,0.00034
230.866667,0.00034
230.9,0.00034
230.933333,0.00034
230.966667,0.00034
231,0.00034
231.033333,0.00034
231.066667,0.00034
231.1,0.00034
231.133333,0.00034
231.166667,0.00034
231.2,0.00034
231.233333,0.00034
231.266667,0.00034
231.3,0.00034
231.333333,0.00034
231.366667,0.00034
231.4,0.00034
231.433333,0.00034
231.466667,0.00034
231.5,0.00034
231.533333,0.00034
231.566667,0.00034
231.6,0.00034
231.633333,0.00034
231.666667,0.00034
231.7,0.00034
231.733333,0.00034
231.766667,0.00034
231.8,0.00034
231.833333,0.00034
231.866667,0.00034
231.9,0.00034
231.933333,0.00034
231.966667,0.00034
232,0.0019175
232.033333,0.001785
232.066667,0.0005125
232.1,0.000345
232.133333,0.00034
232.166667,0.00034
232.2,0.00034
232.233333,0.00034
232.266667,0.00034
232.3,0.00034
232.333333,0.00034
232.366667,0.00034
232.4,0.00034
232.433333,0.00034
232.466667,0.00034
232.5,0.00034
232.533333,0.00034
232.566667,0.00034
232.6,0.00034
232.633333,0.00034
232.666667,0.00034
232.7,0.00034
232.733333,0.00034
232.766667,0.00034
232.8,0.00034
232.833333,0.00034
232.866667,0.00034
232.9,0.00034
232.933333,0.00034
232.966667,0.00034
233,0.00034
233.033333,0.00034
233.066667,0.00034
233.1,0.00034
233.133333,0.00034
233.166667,0.00034
233.2,0.00034
233.233333,0.00034
233.266667,0.00034
233.3,0.00034
233.333333,0.00034
233.366667,0.00034
233.4,0.00034
233.433333,0.00034
233.466667,0.00034
233.5,0.00034
233.533333,0.00034
233.566667,0.00034
233.6,0.00034
233.633333,0.00034
233.666667,0.00034
233.7,0.00034
233.733333,0.00034
233.766667,0.00034
233.8,0.00034
233.833333,0.00034
233.866667,0.00034
233.9,0.00034
233.933333,0.00034
233.966667,0.00034
234,0.00034
234.033333,0.00034
234.066667,0.00034
234.1,0.00034
234.133333,0.00034
234.166667,0.00034
234.2,0.00034
234.233333,0.00034
234.266667,0.00034
234.3,0.00034
234.333333,0.00034
234.366667,0.00034
234.4,0.00034
234.433333,0.00034
234.466667,0.00034
234.5,0.00034
234.533333,0.00034
234.566667,0.00034
234.6,0.00034
234.633333,0.00034
234.666667,0.00034
234.7,0.00034
234.733333,0.00034
234.766667,0.00034
234.8,0.00034
234.833333,0.00034
234.866667,0.00034
234.9,0.00034
234.933333,0.00034
234.966667,0.00034
235,0.00034
235.033333,0.00034
235.066667,0.00034
235.1,0.00034
235.133333,0.00034
235.166667,0.00034
235.2,0.00034
235.233333,0.00034
235.266667,0.00034
235.3,0.00034
235.333333,0.00034
235.366667,0.00034
235.4,0.00034
235.433333,0.00034
235.466667,0.00034
235.5,0.00034
235.533333,0.00034
235.566667,0.00034
235.6,0.00034
235.633333,0.00034
235.666667,0.00034
235.7,0.00034
235.733333,0.00034
235.766667,0.00034
235.8,0.00034
235.833333,0.00034
235.866667,0.00034
235.9,0.00034
235.933333,0.00034
235.966667,0.00034
236,0.00034
236.033333,0.00034
236.066667,0.00034
236.1,0.00034
236.133333,0.00034
236.166667,0.00034
236.2,0.00034
236.233333,0.00034
236.266667,0.00034
236.3,0.00034
236.333333,0.00034
236.366667,0.00034
236.4,0.00034
236.433333,0.00034
236.466667,0.00034
236.5,0.00034
236.533333,0.00034
236.566667,0.00034
236.6,0.00034
236.633333,0.00034
236.666667,0.00034
236.7,0.00034
236.733333,0.00034
236.766667,0.00034
236.8,0.00034
236.833333,0.00034
236.866667,0.00034
236.9,0.00034
236.933333,0.00034
236.966667,0.00034
237,0.00034
237.033333,0.00034
237.066667,0.00034
237.1,0.00034
237.133333,0.00034
237.166667,0.00034
237.2,0.00034
237.233333,0.00034
237.266667,0.00034
237.3,0.00034
237.333333,0.00034
237.366667,0.00034
237.4,0.00034
237.433333,0.00034
237.466667,0.00034
237.5,0.00034
237.533333,0.00034
237.566667,0.00034
237.6,0.00034
237.633333,0.00034
237.666667,0.00034
237.7,0.00034
237.733333,0.00034
237.766667,0.00034
237.8,0.00034
237.833333,0.00034
237.866667,0.00034
237.9,0.00034
237.933333,0.00034
237.966667,0.00034
238,0.00034
238.033333,0.00034
238.066667,0.00034
238.1,0.00034
238.133333,29.6739
238.166667,0.0042325
238.2,0.013095
238.233333,0.003425
238.266667,0.0020325
238.3,0.00181
238.333333,0.00181
238.366667,0.00181
238.4,0.00181
238.433333,0.00181
238.466667,0.00181
238.5,0.00181
238.533333,0.00181
238.566667,0.00181
238.6,0.00181
238.633333,0.00181
238.666667,0.00181
238.7,0.00181
238.733333,0.00181
238.766667,0.00181
238.8,0.00181
238.833333,0.00181
238.866667,0.00181
238.9,0.00181
238.933333,0.00181
238.966667,0.00181
239,0.00181
239.033333,0.00181
239.066667,0.00181
239.1,0.00181
239.133333,0.00181
239.166667,0.00181
239.2,0.00181
239.233333,0.00181
239.266667,0.00181
239.3,0.00181
239.333333,0.00181
239.366667,0.00181
239.4,0.00181
239.433333,0.00181
239.466667,0.00181
239.5,0.00181
239.533333,0.00181
239.566667,0.00181
239.6,0.00181
239.633333,0.00181
239.666667,0.00181
239.7,0.00181
239.733333,0.00181
239.766667,0.00181
239.8,0.00181
239.833333,0.00181
239.866667,0.00181
239.9,0.00181
239.933333,0.00181
239.966667,0.00181
240,0.052345
240.033333,0.0034725
240.066667,0.0007375
240.1,0.000565
240.133333,0.0005
240.166667,0.0005
240.2,0.0005
240.233333,0.0005
240.266667,0.0005
240.3,0.0005
240.333333,0.0005
240.366667,0.0005
240.4,0.0005
240.433333,0.0005
240.466667,0.214885
240.5,0.123982
240.533333,0.106045
240.566667,0.0963875
240.6,0.0916975
240.633333,0.0927875
240.666667,0.08939
240.7,0.085855
240.733333,0.0841475
240.766667,0.084685
240.8,0.0832025
240.833333,0.0831525
240.866667,0.0827025
240.9,0.08323
240.933333,0.082785
240.966667,0.0828375
241,0.086695
241.033333,0.08582
241.066667,0.086805
241.1,0.0895775
241.133333,0.0910375
241.166667,0.095855
241.2,0.0953875
241.233333,0.10066
241.266667,0.106855
241.3,0.114385
241.333333,0.121167
241.366667,0.136735
241.4,0.157375
241.433333,0.312922
241.466667,0.0011625
241.5,0.000635
241.533333,0.0005375
241.566667,0.00053
241.6,0.00053
241.633333,0.00053
241.666667,0.00053
241.7,0.00053
241.733333,0.00053
241.766667,0.00053
241.8,0.00053
241.833333,0.00053
241.866667,0.360517
241.9,0.212393
241.933333,0.189188
241.966667,0.176632
242,0.17063
242.033333,0.155787
242.066667,0.157355
242.1,0.153422
242.133333,0.152415
242.166667,0.148688
242.2,0.148673
242.233333,0.147677
242.266667,0.149468
242.3,0.154515
242.333333,0.14686
242.366667,0.153725
242.4,0.15782
242.433333,0.15945
242.466667,0.159605
242.5,0.163925
242.533333,0.172547
242.566667,0.177283
242.6,0.185715
242.633333,0.196678
242.666667,0.214097
242.7,0.219295
242.733333,0.245005
242.766667,0.29711
242.8,0.368095
242.833333,0.907115
242.866667,0.00227
242.9,0.0010575
242.933333,0.0008025
242.966667,0.000765
243,0.000765
243.033333,0.000765
243.066667,0.000765
243.1,0.000765
243.133333,0.000765
243.166667,0.000765
243.2,0.000765
243.233333,0.000765
243.266667,0.000765
243.3,0.000765
243.333333,0.000765
243.366667,0.000765
243.4,0.000765
243.433333,0.000765
243.466667,0.000765
243.5,0.000765
243.533333,0.000765
243.566667,0.000765
243.6,0.000765
243.633333,0.000765
243.666667,0.000765
243.7,0.000765
243.733333,0.000765
243.766667,0.000765
243.8,0.68962
243.833333,0.243575
243.866667,0.190795
243.9,0.149668
243.933333,0.128098
243.966667,0.122052
244,0.107427
244.033333,0.100443
244.066667,0.0939275
244.1,0.08811
244.133333,0.081465
244.166667,0.077535
244.2,0.0771425
244.233333,0.0755675
244.266667,0.0715925
244.3,0.0646925
244.333333,0.068835
244.366667,0.0642475
244.4,0.0612875
244.433333,0.059955
244.466667,0.0584825
244.5,0.0584225
244.533333,0.05876
244.566667,0.0573575
244.6,0.05009
244.633333,0.0571425
244.666667,0.05654
244.7,0.053765
244.733333,0.0569025
244.766667,0.05166
244.8,0.00109
244.833333,0.0008075
244.866667,0.000745
244.9,0.000745
244.933333,0.000745
244.966667,0.000745
245,0.000745
245.033333,0.000745
245.066667,0.000745
245.1,0.000745
245.133333,0.000745
245.166667,0.000745
245.2,0.000745
245.233333,0.000745
245.266667,0.000745
245.3,0.000745
245.333333,0.000745
245.366667,0.000745
245.4,0.000745
245.433333,0.000745
245.466667,0.000745
245.5,0.000745
245.533333,0.000745
245.566667,0.000745
245.6,0.000745
245.633333,0.000745
245.666667,0.000745
245.7,0.000745
245.733333,0.000745
245.766667,0.000745
245.8,0.000745
245.833333,0.000745
245.866667,0.000745
245.9,0.000745
245.933333,0.000745
245.966667,0.000745
246,0.000745
246.033333,0.000745
246.066667,0.000745
246.1,0.000745
246.133333,0.000745
246.166667,0.000745
246.2,0.000745
246.233333,0.000745
246.266667,0.000745
246.3,0.000745
246.333333,0.000745
246.366667,0.000745
246.4,0.000745
246.433333,0.000745
246.466667,0.000745
246.5,0.000745
246.533333,0.000745
246.566667,0.000745
246.6,0.000745
246.633333,0.000745
246.666667,0.000745
246.7,0.000745
246.733333,0.000745
246.766667,0.000745
246.8,0.000745
246.833333,0.000745
246.866667,0.000745
246.9,0.000745
246.933333,0.000745
246.966667,0.000745
247,0.000745
247.033333,0.000745
247.066667,0.000745
247.1,0.000745
247.133333,0.000745
247.166667,0.000745
247.2,0.000745
247.233333,0.000745
247.266667,0.000745
247.3,0.000745
247.333333,0.000745
247.366667,0.000745
247.4,0.000745
247.433333,0.000745
247.466667,0.000745
247.5,0.000745
247.533333,0.000745
247.566667,0.000745
247.6,0.000745
247.633333,0.000745
247.666667,0.000745
247.7,0.000745
247.733333,0.000745
247.766667,0.000745
247.8,0.000745
247.833333,0.000745
247.866667,0.000745
247.9,0.000745
247.933333,0.000745
247.966667,0.000745
248,0.012655
248.033333,0.0034725
248.066667,0.0007375
248.1,0.000565
248.133333,0.0005
248.166667,0.0005
248.2,0.0005
248.233333,0.0005
248.266667,0.0005
248.3,0.0005
248.333333,0.0005
248.366667,0.0005
248.4,0.0005
248.433333,0.0005
248.466667,0.247778
248.5,0.163375
248.533333,0.175445
248.566667,0.13566
248.6,0.128532
248.633333,0.127303
248.666667,0.124012
248.7,0.12156
248.733333,0.148872
248.766667,0.116858
248.8,0.115755
248.833333,0.115565
248.866667,0.116197
248.9,0.118053
248.933333,0.144005
248.966667,0.113195
249,0.119025
249.033333,0.118548
249.066667,0.119752
249.1,0.15123
249.133333,0.120042
249.166667,0.126502
249.2,0.129332
249.233333,0.132525
249.266667,0.168175
249.3,0.143955
249.333333,0.151705
249.366667,0.16701
249.4,0.18984
249.433333,0.375223
249.466667,0.0036825
249.5,0.0013975
249.533333,0.001065
249.566667,0.001035
249.6,0.001035
249.633333,0.001035
249.666667,0.001035
249.7,0.001035
249.733333,0.001035
249.766667,0.001035
249.8,0.001035
249.833333,0.001035
249.866667,0.001035
249.9,0.001035
249.933333,0.001035
249.966667,0.001035
250,0.001035
250.033333,0.001035
250.066667,0.001035
250.1,0.001035
250.133333,0.001035
250.166667,0.001035
250.2,0.001035
250.233333,0.001035
250.266667,0.001035
250.3,0.001035
250.333333,0.001035
250.366667,0.001035
250.4,0.001035
250.433333,0.001035
250.466667,0.001035
250.5,0.001035
250.533333,0.001035
250.566667,0.001035
250.6,0.001035
250.633333,0.001035
250.666667,0.001035
250.7,0.001035
250.733333,0.001035
250.766667,0.001035
250.8,0.001035
250.833333,0.001035
250.866667,0.001035
250.9,0.001035
250.933333,0.001035
250.966667,0.001035
251,0.001035
251.033333,0.001035
251.066667,0.001035
251.1,0.001035
251.133333,0.001035
251.166667,0.001035
251.2,0.001035
251.233333,0.001035
251.266667,0.001035
251.3,0.001035
251.333333,0.001035
251.366667,0.001035
251.4,0.001035
251.433333,0.001035
251.466667,0.001035
251.5,0.001035
251.533333,0.001035
251.566667,0.001035
251.6,0.001035
251.633333,0.001035
251.666667,0.001035
251.7,0.001035
251.733333,0.001035
251.766667,0.001035
251.8,0.001035
251.833333,0.001035
251.866667,0.001035
251.9,0.001035
251.933333,0.001035
251.966667,0.001035
252,0.001035
252.033333,0.001035
252.066667,0.001035
252.1,0.001035
252.133333,0.001035
252.166667,0.001035
252.2,0.001035
252.233333,0.001035
252.266667,0.001035
252.3,0.001035
252.333333,0.001035
252.366667,0.001035
252.4,0.001035
252.433333,0.001035
252.466667,0.001035
252.5,0.001035
252.533333,0.001035
252.566667,0.001035
252.6,0.001035
252.633333,0.001035
252.666667,0.001035
252.7,0.001035
252.733333,0.001035
252.766667,0.001035
252.8,0.001035
252.833333,0.001035
252.866667,0.001035
252.9,0.001035
252.933333,0.001035
252.966667,0.001035
253,0.001035
253.033333,0.001035
253.066667,0.001035
253.1,0.001035
253.133333,0.001035
253.166667,0.001035
253.2,0.001035
253.233333,0.001035
253.266667,0.001035
253.3,0.001035
253.333333,0.001035
253.366667,0.001035
253.4,0.001035
253.433333,0.001035
253.466667,0.001035
253.5,0.001035
253.533333,0.001035
253.566667,0.001035
253.6,0.001035
253.633333,0.001035
253.666667,0.001035
253.7,0.001035
253.733333,0.001035
253.766667,0.001035
253.8,0.001035
253.833333,0.001035
253.866667,0.001035
253.9,0.001035
253.933333,0.001035
253.966667,0.001035
254,0.001035
254.033333,0.001035
254.066667,0.001035
254.1,0.001035
254.133333,0.001035
254.166667,0.001035
254.2,0.001035
254.233333,0.001035
254.266667,0.001035
254.3,0.001035
254.333333,0.001035
254.366667,0.001035
254.4,0.001035
254.433333,0.001035
254.466667,0.001035
254.5,0.001035
254.533333,0.001035
254.566667,0.001035
254.6,0.001035
254.633333,0.001035
254.666667,0.001035
254.7,0.001035
254.733333,0.001035
254.766667,0.001035
254.8,0.001035
254.833333,0.001035
254.866667,0.001035
254.9,0.001035
254.933333,0.001035
254.966667,0.001035
255,0.001035
255.033333,0.001035
255.066667,0.001035
255.1,0.001035
255.133333,0.001035
255.166667,0.001035
255.2,0.001035
255.233333,0.001035
255.266667,0.001035
255.3,0.001035
255.333333,0.001035
255.366667,0.001035
255.4,0.001035
255.433333,0.001035
255.466667,0.001035
255.5,0.001035
255.533333,0.001035
255.566667,0.001035
255.6,0.001035
255.633333,0.001035
255.666667,0.001035
255.7,0.001035
255.733333,0.001035
255.766667,0.001035
255.8,0.001035
255.833333,0.001035
255.866667,0.001035
255.9,0.001035
255.933333,0.001035
255.966667,0.001035
256,0.02885
256.033333,0.0033025
256.066667,0.0007
256.1,0.000515
256.133333,0.0005
256.166667,0.0005
256.2,0.0005
256.233333,0.0005
256.266667,0.0005
256.3,0.0005
256.333333,0.0005
256.366667,0.0005
256.4,0.0005
256.433333,0.0005
256.466667,0.0005
256.5,0.0005
256.533333,0.0005
256.566667,0.0005
256.6,0.0005
256.633333,0.0005
256.666667,0.0005
256.7,0.0005
256.733333,0.0005
256.766667,0.0005
256.8,0.0005
256.833333,0.0005
256.866667,0.0005
256.9,0.0005
256.933333,0.0005
256.966667,0.0005
257,0.0005
257.033333,0.0005
257.066667,0.0005
257.1,0.0005
257.133333,0.0005
257.166667,0.0005
257.2,0.0005
257.233333,0.0005
257.266667,0.534347
257.3,0.605245
257.333333,0.308613
257.366667,0.55937
257.4,0.313397
257.433333,0.53292
257.466667,0.302565
257.5,0.537512
257.533333,0.297343
257.566667,0.520497
257.6,0.322725
257.633333,0.520225
257.666667,0.29315
257.7,0.556018
257.733333,0.285108
257.766667,0.581193
257.8,0.32087
257.833333,0.563817
257.866667,0.324557
257.9,0.556558
257.933333,0.590935
257.966667,0.393065
258,0.610795
258.033333,0.40491
258.066667,0.682438
258.1,0.447757
258.133333,0.737223
258.166667,0.655
258.2,0.985927
258.233333,1.83345
258.266667,0.0070925
258.3,0.0024675
258.333333,0.001675
258.366667,0.00158
258.4,0.001575
258.433333,0.001575
258.466667,0.001575
258.5,0.001575
258.533333,0.001575
258.566667,0.001575
258.6,0.001575
258.633333,0.001575
258.666667,0.001575
258.7,0.001575
258.733333,0.001575
258.766667,0.001575
258.8,0.001575
258.833333,0.001575
258.866667,0.001575
258.9,0.001575
258.933333,0.001575
258.966667,0.001575
259,0.001575
259.033333,0.001575
259.066667,0.001575
259.1,0.001575
259.133333,0.001575
259.166667,0.001575
259.2,0.001575
259.233333,0.001575
259.266667,0.001575
259.3,0.001575
259.333333,0.001575
259.366667,0.001575
259.4,0.001575
259.433333,0.001575
259.466667,0.001575
259.5,0.001575
259.533333,0.001575
259.566667,0.001575
259.6,0.001575
259.633333,0.001575
259.666667,0.001575
259.7,0.001575
259.733333,0.001575
259.766667,0.001575
259.8,0.001575
259.833333,0.001575
259.866667,0.001575
259.9,0.001575
259.933333,0.001575
259.966667,0.001575
260,0.001575
260.033333,0.001575
260.066667,0.001575
260.1,0.001575
260.133333,0.001575
260.166667,0.001575
260.2,0.001575
260.233333,0.001575
260.266667,0.001575
260.3,0.001575
260.333333,0.001575
260.366667,0.001575
260.4,0.001575
260.433333,0.001575
260.466667,0.001575
260.5,0.001575
260.533333,0.001575
260.566667,0.001575
260.6,0.001575
260.633333,0.001575
260.666667,0.001575
260.7,0.001575
260.733333,0.001575
260.766667,0.001575
260.8,0.001575
260.833333,0.001575
260.866667,0.001575
260.9,0.001575
260.933333,0.001575
260.966667,0.001575
261,0.001575
261.033333,0.001575
261.066667,0.001575
261.1,0.001575
261.133333,0.001575
261.166667,0.001575
261.2,0.001575
261.233333,0.001575
261.266667,0.001575
261.3,0.001575
261.333333,0.001575
261.366667,0.001575
261.4,0.001575
261.433333,0.001575
261.466667,0.001575
261.5,0.001575
261.533333,0.001575
261.566667,0.001575
261.6,0.001575
261.633333,0.001575
261.666667,0.001575
261.7,0.001575
261.733333,0.001575
261.766667,0.001575
261.8,0.001575
261.833333,0.001575
261.866667,0.001575
261.9,0.001575
261.933333,0.001575
261.966667,0.001575
262,0.001575
262.033333,0.001575
262.066667,0.001575
262.1,0.001575
262.133333,0.001575
262.166667,0.001575
262.2,0.001575
262.233333,0.001575
262.266667,0.001575
262.3,0.001575
262.333333,0.001575
262.366667,0.001575
262.4,0.001575
262.433333,0.001575
262.466667,0.001575
262.5,0.001575
262.533333,0.001575
262.566667,0.001575
262.6,0.001575
262.633333,0.001575
262.666667,0.001575
262.7,0.001575
262.733333,0.001575
262.766667,0.001575
262.8,0.001575
262.833333,0.001575
262.866667,0.001575
262.9,0.001575
262.933333,0.001575
262.966667,0.001575
263,0.001575
263.033333,0.001575
263.066667,0.001575
263.1,0.001575
263.133333,0.001575
263.166667,0.001575
263.2,0.001575
263.233333,0.001575
263.266667,0.001575
263.3,0.001575
263.333333,0.001575
263.366667,0.001575
263.4,0.001575
263.433333,0.001575
263.466667,0.001575
263.5,0.001575
263.533333,0.001575
263.566667,0.001575
263.6,0.001575
263.633333,0.001575
263.666667,0.001575
263.7,0.001575
263.733333,0.001575
263.766667,0.001575
263.8,0.001575
263.833333,0.001575
263.866667,0.001575
263.9,0.001575
263.933333,0.001575
263.966667,0.001575
264,0.0523275
264.033333,0.0036675
264.066667,0.00088
264.1,0.000675
264.133333,0.000595
264.166667,0.000595
264.2,0.000595
264.233333,0.000595
264.266667,0.000595
264.3,0.000595
264.333333,0.000595
264.366667,0.000595
264.4,0.000595
264.433333,0.000595
264.466667,0.000595
264.5,0.000595
264.533333,0.000595
264.566667,0.000595
264.6,0.000595
264.633333,0.000595
264.666667,0.000595
264.7,0.000595
264.733333,0.000595
264.766667,0.000595
264.8,0.000595
264.833333,0.000595
264.866667,0.000595
264.9,0.000595
264.933333,0.000595
264.966667,0.000595
265,0.000595
265.033333,0.000595
265.066667,0.000595
265.1,0.000595
265.133333,0.000595
265.166667,0.000595
265.2,0.000595
265.233333,0.000595
265.266667,0.000595
265.3,0.000595
265.333333,0.000595
265.366667,0.000595
265.4,0.000595
265.433333,0.000595
265.466667,0.000595
265.5,0.000595
265.533333,0.000595
265.566667,0.000595
265.6,0.000595
265.633333,0.000595
265.666667,0.000595
265.7,0.000595
265.733333,0.000595
265.766667,0.000595
265.8,0.000595
265.833333,0.000595
265.866667,0.000595
265.9,0.000595
265.933333,0.000595
265.966667,0.000595
266,0.000595
266.033333,0.000595
266.066667,0.000595
266.1,0.000595
266.133333,0.000595
266.166667,0.000595
266.2,0.000595
266.233333,0.000595
266.266667,0.000595
266.3,0.000595
266.333333,0.000595
266.366667,0.000595
266.4,0.000595
266.433333,0.000595
266.466667,0.000595
266.5,0.000595
266.533333,0.000595
266.566667,0.000595
266.6,0.000595
266.633333,0.000595
266.666667,0.000595
266.7,0.000595
266.733333,0.000595
266.766667,0.000595
266.8,0.000595
266.833333,0.000595
266.866667,0.000595
266.9,0.000595
266.933333,0.000595
266.966667,0.000595
267,0.000595
267.033333,0.000595
267.066667,0.000595
267.1,0.000595
267.133333,0.000595
267.166667,0.000595
267.2,0.000595
267.233333,0.000595
267.266667,0.000595
267.3,0.000595
267.333333,0.000595
267.366667,0.000595
267.4,0.000595
267.433333,0.000595
267.466667,0.000595
267.5,0.000595
267.533333,0.000595
267.566667,0.000595
267.6,0.000595
267.633333,0.000595
267.666667,0.000595
267.7,0.000595
267.733333,0.000595
267.766667,0.000595
267.8,0.000595
267.833333,0.000595
267.866667,0.000595
267.9,0.000595
267.933333,0.000595
267.966667,0.000595
268,0.000595
268.033333,0.000595
268.066667,0.000595
268.1,0.000595
268.133333,0.000595
268.166667,0.000595
268.2,0.000595
268.233333,0.000595
268.266667,0.000595
268.3,0.000595
268.333333,0.000595
268.366667,0.000595
268.4,0.000595
268.433333,0.000595
268.466667,0.000595
268.5,0.000595
268.533333,0.000595
268.566667,2.03135
268.6,1.02199
268.633333,0.867463
268.666667,0.785795
268.7,0.685558
268.733333,0.742128
268.766667,0.644915
268.8,0.85909
268.833333,0.44869
268.866667,0.842098
268.9,0.642798
268.933333,0.575418
268.966667,0.659092
269,0.590623
269.033333,0.829905
269.066667,0.378792
269.1,0.856705
269.133333,0.39748
269.166667,0.815747
269.2,0.595978
269.233333,0.65063
269.266667,0.619215
269.3,0.875067
269.333333,0.474585
269.366667,0.857557
269.4,0.511502
269.433333,0.969355
269.466667,0.76924
269.5,0.98035
269.533333,1.32643
269.566667,0.0058275
269.6,0.0022625
269.633333,0.00171
269.666667,0.001665
269.7,0.001665
269.733333,0.001665
269.766667,0.001665
269.8,0.001665
269.833333,0.001665
269.866667,0.001665
269.9,0.001665
269.933333,0.001665
269.966667,0.001665
270,0.001665
270.033333,0.001665
270.066667,0.001665
270.1,0.001665
270.133333,0.001665
270.166667,0.001665
270.2,0.001665
270.233333,0.001665
270.266667,0.001665
270.3,0.001665
270.333333,0.001665
270.366667,0.001665
270.4,0.001665
270.433333,0.001665
270.466667,0.001665
270.5,0.001665
270.533333,0.001665
270.566667,0.001665
270.6,0.001665
270.633333,0.001665
270.666667,0.001665
270.7,0.001665
270.733333,0.001665
270.766667,0.001665
270.8,0.001665
270.833333,0.001665
270.866667,0.001665
270.9,0.001665
270.933333,0.001665
270.966667,0.001665
271,0.001665
271.033333,0.001665
271.066667,0.001665
271.1,0.001665
271.133333,0.001665
271.166667,0.001665
271.2,0.001665
271.233333,0.001665
271.266667,0.001665
271.3,0.001665
271.333333,0.001665
271.366667,0.001665
271.4,0.001665
271.433333,0.001665
271.466667,0.001665
271.5,0.001665
271.533333,0.001665
271.566667,0.001665
271.6,0.001665
271.633333,0.001665
271.666667,0.001665
271.7,0.001665
271.733333,0.001665
271.766667,0.001665
271.8,0.001665
271.833333,0.001665
271.866667,0.001665
271.9,0.001665
271.933333,0.001665
271.966667,0.001665
272,0.04843
272.033333,0.0034575
272.066667,0.000855
272.1,0.0007
272.133333,0.00066
272.166667,0.00066
272.2,0.00066
272.233333,0.00066
272.266667,0.00066
272.3,0.00066
272.333333,0.00066
272.366667,0.00066
272.4,0.00066
272.433333,0.00066
272.466667,0.00066
272.5,0.00066
272.533333,0.00066
272.566667,0.00066
272.6,0.00066
272.633333,0.00066
272.666667,0.00066
272.7,0.00066
272.733333,0.00066
272.766667,0.00066
272.8,0.00066
272.833333,0.00066
272.866667,0.00066
272.9,0.00066
272.933333,0.00066
272.966667,0.00066
273,0.00066
273.033333,0.00066
273.066667,0.00066
273.1,0.00066
273.133333,0.00066
273.166667,0.00066
273.2,0.00066
273.233333,0.00066
273.266667,0.00066
273.3,0.00066
273.333333,0.00066
273.366667,0.00066
273.4,0.00066
273.433333,0.00066
273.466667,0.00066
273.5,0.00066
273.533333,0.00066
273.566667,0.00066
273.6,0.00066
273.633333,0.00066
273.666667,0.00066
273.7,0.00066
273.733333,0.00066
273.766667,0.00066
273.8,0.00066
273.833333,0.00066
273.866667,0.00066
273.9,0.00066
273.933333,0.00066
273.966667,0.00066
274,0.00066
274.033333,0.00066
274.066667,0.00066
274.1,0.00066
274.133333,0.00066
274.166667,0.00066
274.2,0.00066
274.233333,0.00066
274.266667,0.00066
274.3,0.00066
274.333333,0.00066
274.366667,0.00066
274.4,0.00066
274.433333,0.00066
274.466667,0.00066
274.5,0.00066
274.533333,0.00066
274.566667,0.00066
274.6,0.00066
274.633333,0.00066
274.666667,0.00066
274.7,0.00066
274.733333,0.00066
274.766667,0.00066
274.8,0.00066
274.833333,0.00066
274.866667,0.00066
274.9,0.00066
274.933333,0.00066
274.966667,0.00066
275,0.00066
275.033333,0.00066
275.066667,0.00066
275.1,0.00066
275.133333,0.00066
275.166667,0.00066
275.2,0.00066
275.233333,0.00066
275.266667,0.00066
275.3,0.00066
275.333333,0.00066
275.366667,0.00066
275.4,0.00066
275.433333,0.00066
275.466667,0.00066
275.5,0.00066
275.533333,0.00066
275.566667,0.00066
275.6,0.00066
275.633333,0.00066
275.666667,0.00066
275.7,0.00066
275.733333,0.00066
275.766667,0.00066
275.8,0.00066
275.833333,0.00066
275.866667,0.00066
275.9,0.00066
275.933333,0.00066
275.966667,0.00066
276,0.00066
276.033333,0.00066
276.066667,0.00066
276.1,0.00066
276.133333,0.00066
276.166667,0.00066
276.2,0.00066
276.233333,0.00066
276.266667,0.00066
276.3,0.00066
276.333333,0.00066
276.366667,0.00066
276.4,0.00066
276.433333,0.00066
276.466667,0.00066
276.5,0.00066
276.533333,0.00066
276.566667,0.00066
276.6,0.00066
276.633333,0.00066
276.666667,0.00066
276.7,0.00066
276.733333,0.00066
276.766667,0.00066
276.8,0.00066
276.833333,0.00066
276.866667,0.00066
276.9,0.00066
276.933333,0.00066
276.966667,0.00066
277,0.00066
277.033333,0.00066
277.066667,0.00066
277.1,0.00066
277.133333,0.00066
277.166667,0.00066
277.2,0.00066
277.233333,0.00066
277.266667,0.00066
277.3,0.00066
277.333333,0.00066
277.366667,0.00066
277.4,0.00066
277.433333,0.00066
277.466667,0.00066
277.5,0.00066
277.533333,0.00066
277.566667,0.00066
277.6,0.00066
277.633333,0.00066
277.666667,0.00066
277.7,0.00066
277.733333,0.00066
277.766667,0.00066
277.8,0.00066
277.833333,0.00066
277.866667,0.00066
277.9,0.00066
277.933333,0.00066
277.966667,0.00066
278,0.00066
278.033333,0.00066
278.066667,0.00066
278.1,0.00066
278.133333,0.00066
278.166667,0.00066
278.2,0.00066
278.233333,0.00066
278.266667,0.00066
278.3,0.00066
278.333333,0.00066
278.366667,0.00066
278.4,0.00066
278.433333,0.00066
278.466667,0.00066
278.5,0.00066
278.533333,0.00066
278.566667,0.00066
278.6,0.00066
278.633333,0.00066
278.666667,0.00066
278.7,0.00066
278.733333,0.00066
278.766667,0.00066
278.8,0.00066
278.833333,0.00066
278.866667,0.00066
278.9,0.00066
278.933333,0.00066
278.966667,0.00066
279,0.00066
279.033333,0.00066
279.066667,0.00066
279.1,0.00066
279.133333,0.00066
279.166667,0.00066
279.2,0.00066
279.233333,0.00066
279.266667,0.00066
279.3,0.00066
279.333333,0.00066
279.366667,0.00066
279.4,0.00066
279.433333,0.00066
279.466667,0.00066
279.5,0.00066
279.533333,0.00066
279.566667,0.00066
279.6,0.00066
279.633333,0.421115
279.666667,0.579982
279.7,0.317918
279.733333,0.543488
279.766667,0.299563
279.8,0.493937
279.833333,0.296615
279.866667,0.531825
279.9,0.320723
279.933333,0.518053
279.966667,0.289843
280,0.548978
280.033333,0.276998
280.066667,0.556665
280.1,0.315738
280.133333,0.553115
280.166667,0.324345
280.2,0.567312
280.233333,0.331005
280.266667,0.593557
280.3,0.595128
280.333333,0.373845
280.366667,0.61949
280.4,0.414702
280.433333,0.725215
280.466667,0.463438
280.5,0.753718
280.533333,0.647343
280.566667,1.00814
280.6,1.94569
280.633333,0.00687
280.666667,0.00252
280.7,0.001825
280.733333,0.00174
280.766667,0.00173
280.8,0.00174
280.833333,0.00173
280.866667,0.00174
280.9,0.00173
280.933333,0.00174
280.966667,0.00173
281,0.00174
281.033333,0.00173
281.066667,0.00174
281.1,0.00173
281.133333,0.00174
281.166667,0.00173
281.2,0.00174
281.233333,0.00173
281.266667,0.00174
281.3,0.00173
281.333333,0.00174
281.366667,0.00173
281.4,0.00174
281.433333,0.00173
281.466667,0.00174
281.5,0.00173
281.533333,0.00174
281.566667,0.00173
281.6,0.00174
281.633333,0.00173
281.666667,0.00174
281.7,0.00173
281.733333,0.00174
281.766667,0.00173
281.8,0.00174
281.833333,0.00173
281.866667,0.00174
281.9,0.00173
281.933333,0.00174
281.966667,0.00173
282,0.00174
282.033333,0.00173
282.066667,0.00174
282.1,0.00173
282.133333,0.00174
282.166667,0.00173
282.2,0.00174
282.233333,0.00173
282.266667,0.00174
282.3,0.00173
282.333333,0.00174
282.366667,0.00173
282.4,0.00174
282.433333,0.00173
282.466667,0.00174
282.5,0.00173
282.533333,0.00174
282.566667,0.00173
282.6,0.00174
282.633333,0.00173
282.666667,0.00174
282.7,0.00173
282.733333,0.00174
282.766667,0.00173
282.8,0.00174
282.833333,0.00173
282.866667,0.00174
282.9,0.00173
282.933333,0.00174
282.966667,0.00173
283,0.00174
283.033333,0.00173
283.066667,0.00174
283.1,0.00173
283.133333,0.00174
283.166667,0.00173
283.2,0.00174
283.233333,0.00173
283.266667,0.00174
283.3,0.00173
283.333333,0.00174
283.366667,0.00173
283.4,0.00174
283.433333,0.00173
283.466667,0.00174
283.5,0.00173
283.533333,0.00174
283.566667,0.00173
283.6,0.00174
283.633333,0.00173
283.666667,0.00174
283.7,0.00173
283.733333,0.00174
283.766667,0.00173
283.8,0.00174
283.833333,0.00173
283.866667,0.00174
283.9,0.00173
283.933333,0.00174
283.966667,0.00173
284,0.00174
284.033333,0.00173
284.066667,0.00174
284.1,0.00173
284.133333,0.00174
284.166667,0.00173
284.2,0.00174
284.233333,0.00173
284.266667,0.00174
284.3,0.00173
284.333333,0.00174
284.366667,0.00173
284.4,0.00174
284.433333,0.00173
284.466667,0.00174
284.5,0.00173
284.533333,0.00174
284.566667,0.00173
284.6,0.00174
284.633333,0.00173
284.666667,0.00174
284.7,0.00173
284.733333,0.00174
284.766667,0.00173
284.8,0.00174
284.833333,0.00173
284.866667,0.00174
284.9,0.00173
284.933333,0.00174
284.966667,0.00173
285,0.00174
285.033333,0.00173
285.066667,0.00174
285.1,0.00173
285.133333,0.00174
285.166667,0.00173
285.2,0.00174
285.233333,0.00173
285.266667,0.00174
285.3,0.00173
285.333333,0.00174
285.366667,0.00173
285.4,0.00174
285.433333,0.00173
285.466667,0.00174
285.5,0.00173
285.533333,0.00174
285.566667,0.00173
285.6,0.00174
285.633333,0.00173
285.666667,0.00174
285.7,0.00173
285.733333,0.00174
285.766667,0.00173
285.8,0.00174
285.833333,0.00173
285.866667,0.00174
285.9,0.00173
285.933333,0.00174
285.966667,0.00173
286,0.00174
286.033333,0.00173
286.066667,0.00174
286.1,0.00173
286.133333,0.00174
286.166667,0.00173
286.2,0.00174
286.233333,0.00173
286.266667,0.00174
286.3,0.00173
286.333333,0.00174
286.366667,0.00173
286.4,0.00174
286.433333,0.00173
286.466667,0.00174
286.5,0.00173
286.533333,0.00174
286.566667,0.00173
286.6,0.00174
286.633333,0.00173
286.666667,0.00174
286.7,0.00173
286.733333,0.00174
286.766667,0.00173
286.8,0.00174
286.833333,0.00173
286.866667,0.00174
286.9,0.00173
286.933333,0.00174
286.966667,0.00173
287,0.00174
287.033333,0.00173
287.066667,0.00174
287.1,0.00173
287.133333,0.00174
287.166667,0.00173
287.2,0.00174
287.233333,0.00173
287.266667,0.00174
287.3,0.00173
287.333333,0.00174
287.366667,0.00173
287.4,0.00174
287.433333,0.00173
287.466667,0.00174
287.5,0.00173
287.533333,0.00174
287.566667,0.00173
287.6,0.00174
287.633333,0.00173
287.666667,0.00174
287.7,0.00173
287.733333,0.00174
287.766667,0.00173
287.8,0.00174
287.833333,0.00173
287.866667,0.00174
287.9,0.00173
287.933333,0.00174
287.966667,0.00173
288,0.0481
288.033333,0.003425
288.066667,0.000955
288.1,0.0007525
288.133333,0.00073
288.166667,0.00073
288.2,0.00073
288.233333,0.00073
288.266667,0.00073
288.3,0.00073
288.333333,0.00073
288.366667,0.00073
288.4,0.00073
288.433333,0.00073
288.466667,0.00073
288.5,0.00073
288.533333,0.00073
288.566667,0.00073
288.6,0.00073
288.633333,0.00073
288.666667,0.00073
288.7,0.00073
288.733333,0.00073
288.766667,0.00073
288.8,0.00073
288.833333,0.00073
288.866667,0.00073
288.9,0.00073
288.933333,0.00073
288.966667,0.00073
289,0.00073
289.033333,0.00073
289.066667,0.00073
289.1,0.00073
289.133333,0.00073
289.166667,0.00073
289.2,0.00073
289.233333,0.00073
289.266667,0.00073
289.3,0.00073
289.333333,0.00073
289.366667,0.00073
289.4,42.1743
289.433333,0.0066875
289.466667,0.0123725
289.5,0.0032875
289.533333,0.00237
289.566667,0.002175
289.6,0.002165
289.633333,0.002165
289.666667,0.002165
289.7,0.002165
289.733333,0.002165
289.766667,0.002165
289.8,0.002165
289.833333,0.002165
289.866667,0.002165
289.9,0.002165
289.933333,0.002165
289.966667,0.002165
290,0.002165
290.033333,0.002165
290.066667,0.002165
290.1,0.002165
290.133333,0.002165
290.166667,0.002165
290.2,0.002165
290.233333,0.002165
290.266667,0.002165
290.3,0.002165
290.333333,0.002165
290.366667,0.002165
290.4,0.002165
290.433333,0.002165
290.466667,0.002165
290.5,0.002165
290.533333,0.002165
290.566667,0.002165
290.6,0.002165
290.633333,0.002165
290.666667,0.002165
290.7,0.002165
290.733333,0.002165
290.766667,0.002165
290.8,0.002165
290.833333,0.002165
290.866667,0.002165
290.9,0.002165
290.933333,0.002165
290.966667,0.002165
291,0.002165
291.033333,0.002165
291.066667,0.002165
291.1,0.002165
291.133333,0.002165
291.166667,0.002165
291.2,0.002165
291.233333,0.002165
291.266667,0.002165
291.3,0.002165
291.333333,0.002165
291.366667,0.002165
291.4,0.002165
291.433333,0.002165
291.466667,0.002165
291.5,0.002165
291.533333,0.002165
291.566667,0.002165
291.6,0.002165
291.633333,0.002165
291.666667,0.002165
291.7,0.002165
291.733333,0.002165
291.766667,0.002165
291.8,0.002165
291.833333,0.002165
291.866667,0.002165
291.9,0.002165
291.933333,0.002165
291.966667,0.002165
292,0.002165
292.033333,0.002165
292.066667,0.002165
292.1,0.002165
292.133333,0.002165
292.166667,0.002165
292.2,0.002165
292.233333,0.002165
292.266667,0.002165
292.3,0.002165
292.333333,0.002165
292.366667,0.002165
292.4,0.002165
292.433333,0.002165
292.466667,0.002165
292.5,0.002165
292.533333,0.002165
292.566667,0.002165
292.6,0.002165
292.633333,0.002165
292.666667,0.002165
292.7,0.002165
292.733333,0.002165
292.766667,0.002165
292.8,0.002165
292.833333,0.002165
292.866667,0.002165
292.9,0.002165
292.933333,0.002165
292.966667,0.002165
293,0.002165
293.033333,0.002165
293.066667,0.002165
293.1,0.002165
293.133333,0.002165
293.166667,0.002165
293.2,0.002165
293.233333,0.002165
293.266667,0.002165
293.3,0.002165
293.333333,0.002165
293.366667,0.002165
293.4,0.002165
293.433333,0.002165
293.466667,0.002165
293.5,0.002165
293.533333,0.002165
293.566667,0.002165
293.6,0.002165
293.633333,0.002165
293.666667,0.002165
293.7,0.002165
293.733333,0.002165
293.766667,0.002165
293.8,0.002165
293.833333,0.002165
293.866667,0.002165
293.9,0.002165
293.933333,0.002165
293.966667,0.002165
294,20.9073
294.033333,0.002565
294.066667,0.0148775
294.1,0.0037425
294.133333,0.002275
294.166667,0.002025
294.2,0.002005
294.233333,0.001995
294.266667,0.002005
294.3,0.001995
294.333333,0.002005
294.366667,0.001995
294.4,0.002005
294.433333,0.001995
294.466667,0.002005
294.5,0.001995
294.533333,0.002005
294.566667,0.001995
294.6,0.002005
294.633333,0.001995
294.666667,0.002005
294.7,0.001995
294.733333,0.002005
294.766667,0.001995
294.8,0.002005
294.833333,0.001995
294.866667,0.002005
294.9,0.001995
294.933333,0.002005
294.966667,0.001995
295,0.002005
295.033333,0.001995
295.066667,0.002005
295.1,0.001995
295.133333,0.002005
295.166667,0.001995
295.2,0.002005
295.233333,0.001995
295.266667,0.002005
295.3,0.001995
295.333333,0.002005
295.366667,0.001995
295.4,0.002005
295.433333,0.001995
295.466667,0.002005
295.5,0.001995
295.533333,0.002005
295.566667,0.001995
295.6,0.002005
295.633333,0.001995
295.666667,0.002005
295.7,0.001995
295.733333,0.002005
295.766667,0.001995
295.8,0.002005
295.833333,0.001995
295.866667,0.002005
295.9,0.001995
295.933333,0.002005
295.966667,0.001995
296,0.0623425
296.033333,0.003845
296.066667,0.0009075
296.1,0.000715
296.133333,0.00067
296.166667,0.00065
296.2,0.00065
296.233333,0.00065
296.266667,0.00065
296.3,0.00065
296.333333,0.00065
296.366667,0.00065
296.4,0.00065
296.433333,0.00065
296.466667,0.00065
296.5,0.00065
296.533333,0.00065
296.566667,0.00065
296.6,0.00065
296.633333,0.00065
296.666667,0.00065
296.7,0.00065
296.733333,0.00065
296.766667,0.00065
296.8,0.00065
296.833333,0.00065
296.866667,0.00065
296.9,0.00065
296.933333,0.00065
296.966667,0.00065
297,0.00065
297.033333,0.00065
297.066667,0.00065
297.1,0.00065
297.133333,0.00065
297.166667,0.00065
297.2,0.00065
297.233333,0.00065
297.266667,0.00065
297.3,0.00065
297.333333,0.00065
297.366667,0.00065
297.4,0.00065
297.433333,0.00065
297.466667,0.00065
297.5,0.00065
297.533333,0.00065
297.566667,0.00065
297.6,0.00065
297.633333,0.00065
297.666667,0.00065
297.7,0.00065
297.733333,0.00065
297.766667,0.00065
297.8,0.00065
297.833333,0.00065
297.866667,0.00065
297.9,0.00065
297.933333,0.00065
297.966667,0.00065
298,0.00065
298.033333,0.00065
298.066667,0.00065
298.1,0.00065
298.133333,0.00065
298.166667,0.00065
298.2,0.00065
298.233333,0.00065
298.266667,0.00065
298.3,0.00065
298.333333,0.00065
298.366667,0.00065
298.4,0.00065
298.433333,0.00065
298.466667,0.00065
298.5,0.00065
298.533333,0.00065
298.566667,0.00065
298.6,0.00065
298.633333,0.00065
298.666667,14.7907
298.7,0
298.733333,0
298.766667,0
298.8,0
298.833333,0
298.866667,0
298.9,0
298.933333,0
298.966667,0
299,0
299.033333,0
299.066667,0
299.1,0
299.133333,0
299.166667,0
299.2,0
299.233333,0
299.266667,0
299.3,0
299.333333,0
299.366667,0
299.4,0
299.433333,0
299.466667,0
299.5,0
299.533333,0
299.566667,0
299.6,0
299.633333,0
299.666667,0
299.7,0
299.733333,0
299.766667,0
299.8,0
299.833333,0
299.866667,0
299.9,0
299.933333,0
299.966667,0
300,0
300.033333,0
300.066667,0
300.1,0
300.133333,0
300.166667,0
300.2,0
300.233333,0
300.266667,0
300.3,0
300.333333,0
300.366667,0
300.4,0
300.433333,0
300.466667,0
300.5,0
300.533333,0
300.566667,0
300.6,0
300.633333,0
300.666667,0
300.7,0
300.733333,0
300.766667,0
300.8,0
300.833333,0
300.866667,0
300.9,0
300.933333,0
300.966667,0
301,0
301.033333,0
301.066667,0
301.1,0
301.133333,0
301.166667,0
301.2,0
301.233333,0
301.266667,0
301.3,0
301.333333,0
301.366667,0
301.4,0
301.433333,0
301.466667,0
301.5,0
301.533333,0
301.566667,0
301.6,0
301.633333,0
301.666667,0
301.7,0
301.733333,0
301.766667,0
301.8,0
301.833333,0
301.866667,0
301.9,0
301.933333,0
301.966667,0
302,0
302.033333,0
302.066667,0
302.1,0
302.133333,0
302.166667,0
302.2,0
302.233333,0
302.266667,0
302.3,0
302.333333,0
302.366667,0
302.4,0
302.433333,0
302.466667,0
302.5,0
302.533333,0
302.566667,0
302.6,0
302.633333,0
302.666667,0
302.7,0
302.733333,0
302.766667,0
302.8,0
302.833333,0
302.866667,0
302.9,0
302.933333,0
302.966667,0
303,0
303.033333,0
303.066667,0
303.1,0
303.133333,0
303.166667,0
303.2,0
303.233333,0
303.266667,0
303.3,0
303.333333,0
303.366667,0
303.4,0
303.433333,0
303.466667,0
303.5,0
303.533333,0
303.566667,0
303.6,0
303.633333,0
303.666667,0
303.7,0
303.733333,0
303.766667,0
303.8,0
303.833333,0
303.866667,0
303.9,0
303.933333,0
303.966667,0
304,7.5
304.033333,0
304.066667,0
304.1,0
304.133333,0
304.166667,0
304.2,0
304.233333,0
304.266667,0
304.3,0
304.333333,0
304.366667,0
304.4,0
304.433333,0
304.466667,0
304.5,0
304.533333,0
304.566667,0
304.6,0
304.633333,0
304.666667,0
304.7,0
304.733333,0
304.766667,0
304.8,0
304.833333,0
304.866667,0
304.9,0
304.933333,0
304.966667,0
305,0
305.033333,0
305.066667,0
305.1,0
305.133333,0
305.166667,0
305.2,0
305.233333,0
305.266667,0
305.3,0
305.333333,0
305.366667,0
305.4,0
305.433333,0
305.466667,0
305.5,0
305.533333,0
305.566667,0
305.6,0
305.633333,0
305.666667,0
305.7,0
305.733333,0
305.766667,0
305.8,0
305.833333,0
305.866667,0
305.9,0
305.933333,0
305.966667,0
306,0
306.033333,0
306.066667,0
306.1,0
306.133333,0
306.166667,0
306.2,0
306.233333,0
306.266667,0
306.3,0
306.333333,0
306.366667,0
306.4,0
306.433333,0
306.466667,0
306.5,0
306.533333,0
306.566667,0
306.6,0
306.633333,0
306.666667,0
306.7,0
306.733333,0
306.766667,0
306.8,0
306.833333,0
306.866667,0
306.9,0
306.933333,0
306.966667,0
307,0
307.033333,0
307.066667,0
307.1,0
307.133333,0
307.166667,0
307.2,0
307.233333,0
307.266667,0
307.3,0
307.333333,0
307.366667,0
307.4,0
307.433333,0
307.466667,0
307.5,0
307.533333,0
307.566667,0
307.6,0
307.633333,0
307.666667,0
307.7,0
307.733333,0
307.766667,0
307.8,0
307.833333,0
307.866667,0
307.9,0
307.933333,0
307.966667,0
308,0
308.033333,0
308.066667,0
308.1,0
308.133333,0
308.166667,0
308.2,0
308.233333,0
308.266667,0
308.3,0
308.333333,0
308.366667,0
308.4,0
308.433333,0
308.466667,0
308.5,0
308.533333,0
308.566667,0
308.6,0
308.633333,0
308.666667,0
308.7,0
308.733333,0
308.766667,0
308.8,0
308.833333,0
308.866667,0
308.9,0
308.933333,0
308.966667,0
309,0
309.033333,0
309.066667,0
309.1,0
309.133333,0
309.166667,0
309.2,0
309.233333,0
309.266667,0
309.3,0
309.333333,0
309.366667,0
309.4,0
309.433333,0
309.466667,0
309.5,0
309.533333,0
309.566667,0
309.6,0
309.633333,0
309.666667,0
309.7,0
309.733333,0
309.766667,0
309.8,0
309.833333,0
309.866667,0
309.9,0
309.933333,0
309.966667,0
310,0
310.033333,0
310.066667,0
310.1,0
310.133333,0
310.166667,0
310.2,0
310.233333,0
310.266667,0
310.3,0
310.333333,0
310.366667,0
310.4,0
310.433333,0
310.466667,0
310.5,0
310.533333,0
310.566667,0
310.6,0
310.633333,0
310.666667,0.0359
310.7,0.0838425
310.733333,0.0861925
310.766667,0.0864175
310.8,0.08244
310.833333,0.0840575
310.866667,0.0842375
310.9,0.072315
310.933333,0.03947
310.966667,0.03956
311,0.04252
311.033333,0.0547575
311.066667,0.0538975
311.1,0.05526
311.133333,0.0709925
311.166667,0.05431
311.2,0.0545
311.233333,0.0539325
311.266667,0.039555
311.3,0.0390625
311.333333,0.041755
311.366667,0.11149
311.4,0.12396
311.433333,0.125743
311.466667,0.15082
311.5,0.134073
311.533333,0.128903
311.566667,0.134373
311.6,0.08944
311.633333,0.0461175
311.666667,0.0465
311.7,0.16599
311.733333,0.301077
311.766667,0.28117
311.8,0.283008
311.833333,0.298205
311.866667,0.284278
311.9,0.285932
311.933333,0.279562
311.966667,0.0548025
312,0.0139725
312.033333,0.0005075
312.066667,0.000145
312.1,8
312.133333,8
312.166667,8
312.2,8
312.233333,8
312.266667,8
312.3,8
312.333333,8
312.366667,8
312.4,8
312.433333,8
312.466667,8
312.5,8
312.533333,8
312.566667,8
312.6,8
312.633333,8
312.666667,8
312.7,8
312.733333,8
312.766667,8
312.8,8
312.833333,8
312.866667,8
312.9,8
312.933333,8
312.966667,8
313,8
313.033333,8
313.066667,8
313.1,8
313.133333,8
313.166667,8
313.2,8
313.233333,8
313.266667,8
313.3,8
313.333333,8
313.366667,8
313.4,8
313.433333,8
313.466667,8
313.5,8
313.533333,8
313.566667,8
313.6,8
313.633333,8
313.666667,8
313.7,8
313.733333,8
313.766667,8
313.8,8
313.833333,8
313.866667,8
313.9,8
313.933333,8
313.966667,8
314,8
314.033333,2.88429
314.066667,0.000715
314.1,0.0002275
314.133333,0.000145
314.166667,0.00013
314.2,0.00013
314.233333,0.00013
314.266667,0.00013
314.3,0.00013
314.333333,0.00013
314.366667,0.00013
314.4,0.00013
314.433333,0.00013
314.466667,0.00013
314.5,0.00013
314.533333,0.00013
314.566667,0.00013
314.6,0.00013
314.633333,0.00013
314.666667,0.00013
314.7,0.00013
314.733333,0.00013
314.766667,0.00013
314.8,0.00013
314.833333,0.00013
314.866667,0.00013
314.9,0.00013
314.933333,0.00013
314.966667,0.00013
315,0.00013
315.033333,0.00013
315.066667,0.00013
315.1,0.00013
315.133333,0.00013
315.166667,0.00013
315.2,0.00013
315.233333,0.00013
315.266667,0.00013
315.3,0.00013
315.333333,0.00013
315.366667,0.00013
315.4,0.00013
315.433333,0.00013
315.466667,0.00013
315.5,0.00013
315.533333,0.00013
315.566667,0.00013
315.6,0.00013
315.633333,0.00013
315.666667,0.00013
315.7,0.00013
315.733333,0.00013
315.766667,0.00013
315.8,0.00013
315.833333,0.00013
315.866667,0.00013
315.9,0.00013
315.933333,0.00013
315.966667,0.00013
316,0.00013
316.033333,0.00013
316.066667,0.00013
316.1,0.00013
316.133333,0.00013
316.166667,0.00013
316.2,0.00013
316.233333,0.00013
316.266667,0.00013
316.3,0.00013
316.333333,0.00013
316.366667,0.00013
316.4,0.00013
316.433333,0.00013
316.466667,0.00013
316.5,0.00013
316.533333,0.00013
316.566667,0.00013
316.6,0.00013
316.633333,0.00013
316.666667,0.00013
316.7,0.00013
316.733333,0.00013
316.766667,0.00013
316.8,0.00013
316.833333,0.00013
316.866667,0.00013
316.9,0.00013
316.933333,0.00013
316.966667,0.00013
317,0.00013
317.033333,0.00013
317.066667,0.00013
317.1,0.00013
317.133333,0.00013
317.166667,0.00013
317.2,0.00013
317.233333,0.00013
317.266667,0.00013
317.3,0.00013
317.333333,0.00013
317.366667,0.00013
317.4,0.00013
317.433333,0.00013
317.466667,0.00013
317.5,0.00013
317.533333,0.00013
317.566667,0.00013
317.6,0.00013
317.633333,0.00013
317.666667,0.00013
317.7,0.00013
317.733333,0.00013
317.766667,0.00013
317.8,0.00013
317.833333,0.00013
317.866667,0.00013
317.9,0.00013
317.933333,0.00013
317.966667,0.00013
318,0.00013
318.033333,0.00013
318.066667,0.00013
318.1,0.00013
318.133333,0.00013
318.166667,0.00013
318.2,0.00013
318.233333,0.00013
318.266667,0.00013
318.3,0.00013
318.333333,0.00013
318.366667,0.00013
318.4,0.00013
318.433333,0.00013
318.466667,0.337593
318.5,0.33697
318.533333,0.590753
318.566667,0.348938
318.6,0.338873
318.633333,0.339272
318.666667,0.601433
318.7,0.352768
318.733333,0.340548
318.766667,0.600487
318.8,0.356935
318.833333,0.356092
318.866667,0.606858
318.9,0.3551
318.933333,0.374138
318.966667,0.62115
319,0.363815
319.033333,0.636293
319.066667,0.37996
319.1,0.629968
319.133333,0.396238
319.166667,0.660907
319.2,0.415465
319.233333,0.670655
319.266667,0.68853
319.3,0.458885
319.333333,0.74652
319.366667,0.806323
319.4,0.693245
319.433333,1.33588
319.466667,0.0022275
319.5,0.0009475
319.533333,0.0005975
319.566667,0.000545
319.6,0.00054
319.633333,0.00054
319.666667,0.00054
319.7,0.00054
319.733333,0.00054
319.766667,0.00054
319.8,0.00054
319.833333,0.00054
319.866667,0.00054
319.9,0.00054
319.933333,0.00054
319.966667,0.00054
320,0.0116475
320.033333,0.0008775
320.066667,0.0003025
320.1,0.00023
320.133333,0.00021
320.166667,0.00021
320.2,0.00021
320.233333,0.00021
320.266667,0.00021
320.3,0.00021
320.333333,0.00021
320.366667,0.00021
320.4,0.00021
320.433333,0.00021
320.466667,0.00021
320.5,0.00021
320.533333,0.00021
320.566667,0.00021
320.6,0.00021
320.633333,0.00021
320.666667,0.00021
320.7,0.00021
320.733333,0.00021
320.766667,0.00021
320.8,0.00021
320.833333,0.00021
320.866667,0.00021
320.9,0.00021
320.933333,0.00021
320.966667,0.00021
321,0.00021
321.033333,0.00021
321.066667,0.00021
321.1,0.00021
321.133333,0.00021
321.166667,0.00021
321.2,0.00021
321.233333,0.00021
321.266667,0.00021
321.3,0.00021
321.333333,0.00021
321.366667,0.00021
321.4,0.103855
321.433333,0.138898
321.466667,0.11346
321.5,0.125938
321.533333,0.123563
321.566667,0.124565
321.6,0.127708
321.633333,0.133697
321.666667,0.125463
321.7,0.137915
321.733333,0.131562
321.766667,0.14103
321.8,0.142008
321.833333,0.138873
321.866667,0.149393
321.9,0.150042
321.933333,0.147267
321.966667,0.159862
322,0.159933
322.033333,0.163305
322.066667,0.165247
322.1,0.176795
322.133333,0.181962
322.166667,0.18858
322.2,0.19755
322.233333,0.209102
322.266667,0.22755
322.3,0.259767
322.333333,0.317215
322.366667,0.436165
322.4,0.00145
322.433333,0.00047
322.466667,0.0003175
322.5,0.00031
322.533333,0.00031
322.566667,0.00031
322.6,0.00031
322.633333,0.00031
322.666667,0.00031
322.7,0.00031
322.733333,0.00031
322.766667,0.00031
322.8,0.00031
322.833333,0.00031
322.866667,0.00031
322.9,0.00031
322.933333,0.00031
322.966667,0.00031
323,0.00031
323.033333,0.00031
323.066667,0.00031
323.1,0.00031
323.133333,0.00031
323.166667,0.00031
323.2,0.00031
323.233333,0.00031
323.266667,0.00031
323.3,0.00031
323.333333,0.00031
323.366667,0.00031
323.4,0.00031
323.433333,0.00031
323.466667,0.00031
323.5,0.00031
323.533333,0.00031
323.566667,0.00031
323.6,0.00031
323.633333,0.00031
323.666667,0.00031
323.7,0.00031
323.733333,0.00031
323.766667,0.00031
323.8,0.00031
323.833333,0.00031
323.866667,0.00031
323.9,0.00031
323.933333,0.00031
323.966667,0.00031
324,0.00031
324.033333,0.00031
324.066667,0.00031
324.1,0.00031
324.133333,0.00031
324.166667,0.00031
324.2,0.00031
324.233333,0.00031
324.266667,0.00031
324.3,0.00031
324.333333,0.00031
324.366667,0.00031
324.4,0.00031
324.433333,0.00031
324.466667,0.00031
324.5,0.00031
324.533333,0.00031
324.566667,0.00031
324.6,0.00031
324.633333,0.00031
324.666667,0.00031
324.7,0.00031
324.733333,0.00031
324.766667,0.00031
324.8,0.00031
324.833333,0.00031
324.866667,0.00031
324.9,0.00031
324.933333,0.00031
324.966667,0.00031
325,0.00031
325.033333,0.00031
325.066667,0.00031
325.1,0.00031
325.133333,0.00031
325.166667,0.00031
325.2,0.00031
325.233333,0.00031
325.266667,0.00031
325.3,0.00031
325.333333,0.00031
325.366667,0.00031
325.4,0.00031
325.433333,0.00031
325.466667,0.00031
325.5,0.00031
325.533333,0.00031
325.566667,0.00031
325.6,0.00031
325.633333,0.00031
325.666667,0.00031
325.7,0.00031
325.733333,0.00031
325.766667,0.00031
325.8,0.00031
325.833333,0.00031
325.866667,0.00031
325.9,0.00031
325.933333,0.00031
325.966667,0.00031
326,0.00031
326.033333,0.00031
326.066667,0.00031
326.1,0.00031
326.133333,0.00031
326.166667,0.00031
326.2,0.00031
326.233333,0.00031
326.266667,0.00031
326.3,0.00031
326.333333,0.00031
326.366667,0.00031
326.4,0.00031
326.433333,0.00031
326.466667,0.00031
326.5,0.00031
326.533333,0.00031
326.566667,0.00031
326.6,0.00031
326.633333,0.00031
326.666667,0.00031
326.7,0.00031
326.733333,0.00031
326.766667,0.00031
326.8,0.00031
326.833333,0.00031
326.866667,0.00031
326.9,0.00031
326.933333,0.00031
326.966667,0.00031
327,0.00031
327.033333,0.00031
327.066667,0.00031
327.1,0.00031
327.133333,0.00031
327.166667,0.00031
327.2,0.00031
327.233333,0.00031
327.266667,0.00031
327.3,0.00031
327.333333,0.00031
327.366667,0.00031
327.4,0.00031
327.433333,0.00031
327.466667,0.00031
327.5,0.00031
327.533333,0.00031
327.566667,0.00031
327.6,27.8983
327.633333,0
327.666667,0
327.7,0
327.733333,0
327.766667,0
327.8,0
327.833333,0
327.866667,0
327.9,0
327.933333,0
327.966667,0
328,0
328.033333,0
328.066667,0
328.1,0
328.133333,0
328.166667,0
328.2,0
328.233333,0
328.266667,0
328.3,0
328.333333,0
328.366667,0
328.4,0
328.433333,0.04182
328.466667,0.195483
328.5,0.142517
328.533333,0.245787
328.566667,0.172113
328.6,0.118388
328.633333,0.0949975
328.666667,0.442985
328.7,0.304758
328.733333,0.11666
328.766667,0.104322
328.8,0.11756
328.833333,0.14828
328.866667,0.24312
328.9,0.223298
328.933333,0.165923
328.966667,0.190605
329,0.17703
329.033333,0.24928
329.066667,0.288033
329.1,0.577032
329.133333,0.234285
329.166667,0.25362
329.2,0.181015
329.233333,0.380593
329.266667,0.277008
329.3,0.30581
329.333333,0.397323
329.366667,0.11929
329.4,0.150283
329.433333,0.119532
329.466667,0.209785
329.5,0.168962
329.533333,0.134008
329.566667,0.167533
329.6,0.11318
329.633333,0.169958
329.666667,0.135238
329.7,0.150212
329.733333,0.195788
329.766667,0.12305
329.8,0.188715
329.833333,0.202225
329.866667,0.10448
329.9,0.1772
329.933333,0.17009
329.966667,0.17447
330,0.24246
330.033333,0.00291
330.066667,0.00248
330.1,0.002385
330.133333,0.00237
330.166667,0.00237
330.2,0.00237
330.233333,0.00237
330.266667,0.00237
330.3,0.00237
330.333333,0.00237
330.366667,0.00237
330.4,0.00237
330.433333,0.00237
330.466667,0.00237
330.5,0.00237
330.533333,0.00237
330.566667,0.00237
330.6,0.00237
330.633333,0.00237
330.666667,0.00237
330.7,0.00237
330.733333,0.00237
330.766667,0.00237
330.8,0.00237
330.833333,0.00237
330.866667,0.00237
330.9,0.00237
330.933333,0.00237
330.966667,0.00237
331,0.00237
331.033333,0.00237
331.066667,0.00237
331.1,0.00237
331.133333,0.00237
331.166667,0.00237
331.2,0.00237
331.233333,0.00237
331.266667,0.00237
331.3,0.00237
331.333333,0.00237
331.366667,0.00237
331.4,0.00237
331.433333,0.00237
331.466667,0.00237
331.5,0.00237
331.533333,0.00237
331.566667,0.00237
331.6,0.00237
331.633333,0.00237
331.666667,0.00237
331.7,0.00237
331.733333,0.00237
331.766667,0.00237
331.8,0.00237
331.833333,0.00237
331.866667,0.00237
331.9,0.00237
331.933333,0.00237
331.966667,0.00237
332,0.00237
332.033333,0.00237
332.066667,0.00237
332.1,0.00237
332.133333,0.00237
332.166667,0.00237
332.2,0.00237
332.233333,0.00237
332.266667,0.00237
332.3,0.00237
332.333333,0.00237
332.366667,0.00237
332.4,0.00237
332.433333,0.00237
332.466667,0.00237
332.5,0.00237
332.533333,0.00237
332.566667,0.00237
332.6,0.00237
332.633333,0.00237
332.666667,0.00237
332.7,0.00237
332.733333,0.00237
332.766667,0.00237
332.8,0.00237
332.833333,0.00237
332.866667,0.00237
332.9,0.00237
332.933333,0.00237
332.966667,0.00237
333,0.00237
333.033333,0.00237
333.066667,0.00237
333.1,0.00237
333.133333,0.00237
333.166667,0.00237
333.2,0.00237
333.233333,0.00237
333.266667,0.00237
333.3,0.00237
333.333333,0.00237
333.366667,0.00237
333.4,0.00237
333.433333,0.00237
333.466667,0.00237
333.5,0.00237
333.533333,0.00237
333.566667,0.00237
333.6,0.00237
333.633333,0.00237
333.666667,0.00237
333.7,0.00237
333.733333,0.00237
333.766667,0.00237
333.8,0.00237
333.833333,0.00237
333.866667,0.00237
333.9,0.00237
333.933333,0.00237
333.966667,0.00237
334,0.00237
334.033333,0.00237
334.066667,0.00237
334.1,0.00237
334.133333,0.00237
334.166667,0.00237
334.2,0.00237
334.233333,0.00237
334.266667,0.00237
334.3,0.00237
334.333333,0.00237
334.366667,0.00237
334.4,0.00237
334.433333,0.00237
334.466667,0.00237
334.5,0.00237
334.533333,0.00237
334.566667,0.00237
334.6,0.00237
334.633333,0.00237
334.666667,0.00237
334.7,0.00237
334.733333,0.00237
334.766667,0.00237
334.8,0.00237
334.833333,0.00237
334.866667,0.00237
334.9,0.00237
334.933333,0.00237
334.966667,0.00237
335,0.00237
335.033333,0.00237
335.066667,0.00237
335.1,0.00237
335.133333,0.00237
335.166667,0.00237
335.2,0.00237
335.233333,0.00237
335.266667,0.00237
335.3,0.00237
335.333333,0.00237
335.366667,0.00237
335.4,0.00237
335.433333,0.00237
335.466667,0.00237
335.5,0.00237
335.533333,0.00237
335.566667,0.00237
335.6,0.00237
335.633333,0.00237
335.666667,0.00237
335.7,0.00237
335.733333,0.00237
335.766667,0.00237
335.8,0.00237
335.833333,0.00237
335.866667,0.00237
335.9,0.00237
335.933333,0.00237
335.966667,0.00237
336,0.06503
336.033333,0.0028375
336.066667,0.0009225
336.1,0.00074
336.133333,0.00071
336.166667,0.000705
336.2,0.000705
336.233333,0.000705
336.266667,0.000705
336.3,0.000705
336.333333,0.000705
336.366667,0.000705
336.4,0.000705
336.433333,0.000705
336.466667,0.000705
336.5,0.000705
336.533333,0.000705
336.566667,0.000705
336.6,0.000705
336.633333,0.000705
336.666667,0.000705
336.7,0.000705
336.733333,0.000705
336.766667,20.0947
336.8,0.00458
336.833333,0.0117075
336.866667,0.003095
336.9,0.0019675
336.933333,0.0018225
336.966667,0.0018
337,0.0018
337.033333,0.0018
337.066667,0.0018
337.1,0.0018
337.133333,0.0018
337.166667,0.0018
337.2,0.0018
337.233333,0.0018
337.266667,0.0018
337.3,0.0018
337.333333,0.0018
337.366667,0.0018
337.4,0.0018
337.433333,0.0018
337.466667,0.0018
337.5,0.0018
337.533333,0.0018
337.566667,0.0018
337.6,0.0018
337.633333,0.0018
337.666667,0.0018
337.7,0.0018
337.733333,0.0018
337.766667,0.0018
337.8,0.0018
337.833333,0.0018
337.866667,0.0018
337.9,0.0018
337.933333,0.0018
337.966667,0.0018
338,0.0018
338.033333,0.0018
338.066667,0.0018
338.1,0.0018
338.133333,0.0018
338.166667,0.0018
338.2,0.0018
338.233333,0.0018
338.266667,0.0018
338.3,0.0018
338.333333,0.0018
338.366667,0.0018
338.4,0.0018
338.433333,0.0018
338.466667,0.0018
338.5,0.0018
338.533333,0.0018
338.566667,0.0018
338.6,0.0018
338.633333,0.0018
338.666667,0.0018
338.7,0.0018
338.733333,0.0018
338.766667,0.0018
338.8,6.30239
338.833333,0.0026575
338.866667,0.00198
338.9,0.0018725
338.933333,0.0018625
338.966667,0.0018625
339,0.0018625
339.033333,0.0018625
339.066667,0.0018625
339.1,0.0018625
339.133333,0.0018625
339.166667,0.0018625
339.2,0.0018625
339.233333,0.0018625
339.266667,0.0018625
339.3,0.0018625
339.333333,0.0018625
339.366667,0.0018625
339.4,0.0018625
339.433333,0.0018625
339.466667,0.0018625
339.5,0.0018625
339.533333,0.0018625
339.566667,0.0018625
339.6,0.0018625
339.633333,0.0018625
339.666667,0.0018625
339.7,0.0018625
339.733333,0.0018625
339.766667,0.0018625
339.8,0.0018625
339.833333,0.0018625
339.866667,0.0018625
339.9,0.0018625
339.933333,0.0018625
339.966667,0.0018625
340,0.0018625
340.033333,0.0018625
340.066667,0.0018625
340.1,0.0018625
340.133333,0.0018625
340.166667,0.0018625
340.2,0.0018625
340.233333,0.0018625
340.266667,0.0018625
340.3,0.0018625
340.333333,0.0018625
340.366667,0.0018625
340.4,0.0018625
340.433333,0.0018625
340.466667,0.0018625
340.5,0.0018625
340.533333,0.0018625
340.566667,0.0018625
340.6,0.0018625
340.633333,0.0018625
340.666667,0.0018625
340.7,0.0018625
340.733333,0.0018625
340.766667,0.0018625
340.8,0.0018625
340.833333,0.0018625
340.866667,0.0018625
340.9,0.0018625
340.933333,0.0018625
340.966667,0.0018625
341,0.0018625
341.033333,0.0018625
341.066667,0.0018625
341.1,0.0018625
341.133333,0.0018625
341.166667,0.0018625
341.2,0.0018625
341.233333,0.0018625
341.266667,0.0018625
341.3,0.0018625
341.333333,0.0018625
341.366667,0.0018625
341.4,0.0018625
341.433333,0.0018625
341.466667,0.0018625
341.5,0.0018625
341.533333,0.0018625
341.566667,0.0018625
341.6,0.0018625
341.633333,0.0018625
341.666667,0.0018625
341.7,0.0018625
341.733333,0.0018625
341.766667,0.0018625
341.8,0.0018625
341.833333,0.0018625
341.866667,0.0018625
341.9,0.0018625
341.933333,0.0018625
341.966667,0.0018625
342,0.0018625
342.033333,0.0018625
342.066667,0.0018625
342.1,0.0018625
342.133333,2.98822
342.166667,0.0033775
342.2,0.002025
342.233333,0.0018025
342.266667,0.0018025
342.3,0.0018025
342.333333,0.0018025
342.366667,0.0018025
342.4,0.0018025
342.433333,0.0018025
342.466667,0.0018025
342.5,0.0018025
342.533333,0.0018025
342.566667,0.0018025
342.6,0.0018025
342.633333,0.0018025
342.666667,0.0018025
342.7,0.0018025
342.733333,0.0018025
342.766667,0.0018025
342.8,0.0018025
342.833333,0.0018025
342.866667,0.0018025
342.9,0.0018025
342.933333,0.0018025
342.966667,0.0018025
343,0.0018025
343.033333,0.0018025
343.066667,0.0018025
343.1,0.0018025
343.133333,0.0018025
343.166667,0.0018025
343.2,0.0018025
343.233333,0.0018025
343.266667,0.0018025
343.3,0.0018025
343.333333,0.0018025
343.366667,0.0018025
343.4,0.0018025
343.433333,0.0018025
343.466667,0.0018025
343.5,0.0018025
343.533333,0.0018025
343.566667,0.0018025
343.6,0.0018025
343.633333,0.0018025
343.666667,0.0018025
343.7,0.0018025
343.733333,0.0018025
343.766667,0.0018025
343.8,0.0018025
343.833333,0.0018025
343.866667,0.0018025
343.9,0.0018025
343.933333,0.0018025
343.966667,0.0018025
344,0.0554175
344.033333,0.0025325
344.066667,0.00073
344.1,0.000545
344.133333,0.000505
344.166667,0.000505
344.2,0.000505
344.233333,0.000505
344.266667,0.000505
344.3,0.000505
344.333333,0.000505
344.366667,0.000505
344.4,0.000505
344.433333,0.000505
344.466667,0.000505
344.5,0.000505
344.533333,0.000505
344.566667,0.000505
344.6,0.000505
344.633333,0.000505
344.666667,0.000505
344.7,0.000505
344.733333,0.000505
344.766667,0.000505
344.8,0.000505
344.833333,0.000505
344.866667,0.000505
344.9,0.000505
344.933333,0.000505
344.966667,0.000505
345,0.000505
345.033333,0.000505
345.066667,0.000505
345.1,0.000505
345.133333,0.000505
345.166667,0.000505
345.2,0.000505
345.233333,0.000505
345.266667,0.000505
345.3,0.000505
345.333333,0.000505
345.366667,0.000505
345.4,0.000505
345.433333,0.000505
345.466667,0.000505
345.5,0.000505
345.533333,0.000505
345.566667,0.000505
345.6,0.000505
345.633333,0.000505
345.666667,0.000505
345.7,0.000505
345.733333,0.000505
345.766667,1.05857
345.8,0.550893
345.833333,0.437148
345.866667,0.372323
345.9,0.333807
345.933333,0.318333
345.966667,0.290112
346,0.29022
346.033333,0.276685
346.066667,0.259337
346.1,0.26402
346.133333,0.252962
346.166667,0.253088
346.2,0.235283
346.233333,0.249473
346.266667,0.249218
346.3,0.233085
346.333333,0.238615
346.366667,0.238443
346.4,0.24271
346.433333,0.238822
346.466667,0.2438
346.5,0.25266
346.533333,0.252597
346.566667,0.253115
346.6,0.272255
346.633333,0.291498
346.666667,0.308592
346.7,0.36368
346.733333,0.63577
346.766667,0.003455
346.8,0.00132
346.833333,0.00093
346.866667,0.00086
346.9,0.00087
346.933333,0.00086
346.966667,0.00087
347,0.00086
347.033333,0.00087
347.066667,0.00086
347.1,0.00087
347.133333,0.00086
347.166667,0.00087
347.2,0.00086
347.233333,0.00087
347.266667,0.00086
347.3,0.00087
347.333333,0.00086
347.366667,0.00087
347.4,0.00086
347.433333,0.00087
347.466667,0.00086
347.5,0.00087
347.533333,0.00086
347.566667,0.00087
347.6,0.00086
347.633333,0.00087
347.666667,0.00086
347.7,0.00087
347.733333,0.00086
347.766667,0.00087
347.8,0.00086
347.833333,0.00087
347.866667,0.00086
347.9,0.00087
347.933333,0.00086
347.966667,0.00087
348,0.00086
348.033333,0.00087
348.066667,0.00086
348.1,0.00087
348.133333,0.00086
348.166667,0.00087
348.2,0.00086
348.233333,0.00087
348.266667,0.00086
348.3,0.00087
348.333333,0.00086
348.366667,0.00087
348.4,0.00086
348.433333,0.00087
348.466667,0.00086
348.5,0.00087
348.533333,0.00086
348.566667,0.00087
348.6,0.00086
348.633333,0.00087
348.666667,0.00086
348.7,0.00087
348.733333,0.00086
348.766667,0.00087
348.8,0.00086
348.833333,0.00087
348.866667,0.00086
348.9,0.00087
348.933333,0.00086
348.966667,0.00087
349,0.00086
349.033333,0.00087
349.066667,0.00086
349.1,0.00087
349.133333,0.00086
349.166667,0.00087
349.2,0.00086
349.233333,0.00087
349.266667,0.00086
349.3,0.00087
349.333333,0.00086
349.366667,0.00087
349.4,0.00086
349.433333,0.00087
349.466667,0.00086
349.5,0.00087
349.533333,0.00086
349.566667,0.00087
349.6,0.00086
349.633333,0.00087
349.666667,0.00086
349.7,0.00087
349.733333,0.00086
349.766667,0.00087
349.8,0.00086
349.833333,0.00087
349.866667,0.00086
349.9,0.00087
349.933333,0.00086
349.966667,0.00087
350,3.08467
350.033333,0.002655
350.066667,0.001225
350.1,0.00102
350.133333,0.000975
350.166667,0.000985
350.2,0.000975
350.233333,0.000985
350.266667,0.000975
350.3,0.000985
350.333333,0.000975
350.366667,0.000985
350.4,0.000975
350.433333,0.000985
350.466667,0.000975
350.5,0.000985
350.533333,0.000975
350.566667,0.000985
350.6,0.000975
350.633333,0.000985
350.666667,0.000975
350.7,0.000985
350.733333,0.000975
350.766667,0.000985
350.8,0.000975
350.833333,0.000985
350.866667,0.000975
350.9,0.000985
350.933333,0.000975
350.966667,0.000985
351,0.000975
351.033333,0.000985
351.066667,0.000975
351.1,0.000985
351.133333,0.000975
351.166667,0.000985
351.2,0.000975
351.233333,0.000985
351.266667,0.000975
351.3,0.000985
351.333333,0.000975
351.366667,0.000985
351.4,0.000975
351.433333,0.000985
351.466667,0.000975
351.5,0.000985
351.533333,0.000975
351.566667,0.000985
351.6,0.000975
351.633333,0.000985
351.666667,0.000975
351.7,0.000985
351.733333,0.000975
351.766667,0.000985
351.8,0.000975
351.833333,0.000985
351.866667,0.000975
351.9,0.000985
351.933333,0.000975
351.966667,0.000985
352,0.0207375
352.033333,0.00272
352.066667,0.0007825
352.1,0.00054
352.133333,0.0005
352.166667,0.0005
352.2,0.0005
352.233333,0.0005
352.266667,0.0005
352.3,0.0005
352.333333,0.0005
352.366667,0.0005
352.4,0.0005
352.433333,0.0005
352.466667,0.0005
352.5,0.0005
352.533333,0.0005
352.566667,0.0005
352.6,0.0005
352.633333,0.0005
352.666667,0.0005
352.7,0.0005
352.733333,0.0005
352.766667,0.0005
352.8,0.0005
352.833333,0.0005
352.866667,0.0005
352.9,0.0005
352.933333,0.0005
352.966667,0.0005
353,0.0005
353.033333,0.0005
353.066667,0.0005
353.1,0.0005
353.133333,0.0005
353.166667,0.0005
353.2,0.0005
353.233333,102.761
353.266667,0.0063725
353.3,0.01153
353.333333,0.002995
353.366667,0.0021575
353.4,0.00197
353.433333,0.00194
353.466667,0.00194
353.5,0.00194
353.533333,0.00194
353.566667,0.00194
353.6,0.00194
353.633333,0.00194
353.666667,0.00194
353.7,0.00194
353.733333,0.00194
353.766667,0.00194
353.8,0.00194
353.833333,0.00194
353.866667,0.00194
353.9,0.00194
353.933333,0.00194
353.966667,0.00194
354,0.00194
354.033333,0.00194
354.066667,0.00194
354.1,0.00194
354.133333,0.00194
354.166667,0.00194
354.2,0.00194
354.233333,0.00194
354.266667,0.00194
354.3,0.00194
354.333333,0.00194
354.366667,0.00194
354.4,0.00194
354.433333,0.00194
354.466667,0.00194
354.5,0.00194
354.533333,0.00194
354.566667,0.00194
354.6,0.00194
354.633333,0.00194
354.666667,0.00194
354.7,0.00194
354.733333,0.00194
354.766667,0.00194
354.8,0.00194
354.833333,0.00194
354.866667,0.00194
354.9,0.00194
354.933333,0.00194
354.966667,0.00194
355,0.00194
355.033333,0.00194
355.066667,0.00194
355.1,0.00194
355.133333,0.00194
355.166667,0.00194
355.2,0.00194
355.233333,0.00194
355.266667,0.00194
355.3,0.00194
355.333333,0.00194
355.366667,0.00194
355.4,0.00194
355.433333,0.00194
355.466667,0.00194
355.5,0.00194
355.533333,0.00194
355.566667,0.00194
355.6,0.00194
355.633333,0.00194
355.666667,0.00194
355.7,0.00194
355.733333,0.00194
355.766667,0.00194
355.8,0.00194
355.833333,0.00194
355.866667,0.00194
355.9,0.00194
355.933333,0.00194
355.966667,0.00194
356,0.00194
356.033333,0.00194
356.066667,0.00194
356.1,0.00194
356.133333,0.00194
356.166667,0.00194
356.2,0.00194
356.233333,0.00194
356.266667,0.00194
356.3,0.00194
356.333333,0.00194
356.366667,0.00194
356.4,0.00194
356.433333,0.00194
356.466667,0.00194
356.5,0.00194
356.533333,0.00194
356.566667,0.00194
356.6,0.00194
356.633333,0.00194
356.666667,0.00194
356.7,0.00194
356.733333,0.00194
356.766667,0.00194
356.8,0.00194
356.833333,0.00194
356.866667,0.00194
356.9,0.00194
356.933333,0.00194
356.966667,0.00194
357,0.00194
357.033333,0.00194
357.066667,0.00194
357.1,0.00194
357.133333,0.00194
357.166667,0.00194
357.2,0.00194
357.233333,0.00194
357.266667,0.00194
357.3,0.00194
357.333333,0.00194
357.366667,0.00194
357.4,0.00194
357.433333,0.00194
357.466667,0.00194
357.5,0.00194
357.533333,0.00194
357.566667,0.00194
357.6,0.00194
357.633333,0.00194
357.666667,0.00194
357.7,0.00194
357.733333,0.00194
357.766667,0.00194
357.8,0.00194
357.833333,0.00194
357.866667,0.00194
357.9,0.00194
357.933333,0.00194
357.966667,0.00194
358,0.00194
358.033333,0.00194
358.066667,0.00194
358.1,0.00194
358.133333,0.00194
358.166667,0.00194
358.2,0.00194
358.233333,0.00194
358.266667,0.00194
358.3,0.00194
358.333333,0.00194
358.366667,0.00194
358.4,0.00194
358.433333,0.00194
358.466667,0.00194
358.5,0.00194
358.533333,0.00194
358.566667,0.00194
358.6,0.00194
358.633333,0.00194
358.666667,0.00194
358.7,0.00194
358.733333,0.00194
358.766667,0.00194
358.8,0.00194
358.833333,0.00194
358.866667,0.00194
358.9,0.00194
358.933333,0.00194
358.966667,0.00194
359,0.00194
359.033333,0.00194
359.066667,0.00194
359.1,0.00194
359.133333,0.00194
359.166667,0.00194
359.2,0.00194
359.233333,0.00194
359.266667,0.00194
359.3,0.00194
359.333333,0.00194
359.366667,0.00194
359.4,0.00194
359.433333,0.00194
359.466667,110.585
359.5,0
359.533333,0
359.566667,0
359.6,0
359.633333,0
359.666667,0
359.7,0
359.733333,0
359.766667,0
359.8,0
359.833333,0
359.866667,0
359.9,0
359.933333,0
359.966667,0
360,0
360.033333,0
360.066667,0
360.1,0
360.133333,0
360.166667,0
360.2,0
360.233333,0
360.266667,0
360.3,0
360.333333,0
360.366667,0
360.4,0
360.433333,0
360.466667,0
360.5,0
360.533333,0
360.566667,0
360.6,0
360.633333,0
360.666667,0
360.7,0
360.733333,0
360.766667,0
360.8,0
360.833333,0
360.866667,0
360.9,0
360.933333,0
360.966667,0
361,0
361.033333,0
361.066667,0
361.1,0
361.133333,0
361.166667,0
361.2,0
361.233333,0
361.266667,0
361.3,0
361.333333,0
361.366667,0
361.4,0
361.433333,0
361.466667,0
361.5,0
361.533333,0
361.566667,0
361.6,0
361.633333,0
361.666667,0
361.7,0
361.733333,0
361.766667,0
361.8,0
361.833333,0
361.866667,0
361.9,0
361.933333,0
361.966667,0
362,0
362.033333,0
362.066667,0
362.1,0
362.133333,0
362.166667,0
362.2,0
362.233333,0
362.266667,0
362.3,0
362.333333,0
362.366667,0
362.4,0
362.433333,0
362.466667,0
362.5,0
362.533333,0
362.566667,0
362.6,0
362.633333,0
362.666667,0
362.7,0
362.733333,0
362.766667,0
362.8,0
362.833333,0
362.866667,0
362.9,0
362.933333,0
362.966667,0
363,0
363.033333,0
363.066667,0
363.1,0
363.133333,0
363.166667,0
363.2,0
363.233333,0
363.266667,0
363.3,0
363.333333,0
363.366667,0
363.4,0
363.433333,0
363.466667,0
363.5,0
363.533333,0
363.566667,0
363.6,0
363.633333,0
363.666667,0
363.7,0
363.733333,0
363.766667,0
363.8,0
363.833333,0
363.866667,0
363.9,0
363.933333,0
363.966667,0
364,0
364.033333,0
364.066667,0
364.1,0
364.133333,0
364.166667,0
364.2,0
364.233333,0
364.266667,0
364.3,0
364.333333,0
364.366667,0
364.4,0
364.433333,0
364.466667,0
364.5,0
364.533333,0
364.566667,0
364.6,0
364.633333,0
364.666667,0
364.7,0
364.733333,0
364.766667,0
364.8,0
364.833333,0
364.866667,0
364.9,0
364.933333,0
364.966667,0
365,0
365.033333,0
365.066667,0
365.1,0
365.133333,0
365.166667,0
365.2,0
365.233333,0
365.266667,0
365.3,0
365.333333,0
365.366667,0
365.4,0
365.433333,0
365.466667,0
365.5,0
365.533333,0
365.566667,0
365.6,0
365.633333,0
365.666667,0
365.7,0
365.733333,0
365.766667,0
365.8,0
365.833333,0
365.866667,0
365.9,0
365.933333,0
365.966667,0
366,0
366.033333,0
366.066667,0
366.1,0
366.133333,0
366.166667,0
366.2,0
366.233333,0
366.266667,0
366.3,0
366.333333,0
366.366667,0
366.4,0
366.433333,0
366.466667,0
366.5,0
366.533333,0
366.566667,0
366.6,0
366.633333,0
366.666667,0
366.7,0
366.733333,0
366.766667,0
366.8,0
366.833333,0
366.866667,0
366.9,0
366.933333,0
366.966667,0
367,0
367.033333,0
367.066667,0
367.1,0
367.133333,0
367.166667,0
367.2,0
367.233333,0
367.266667,0
367.3,0
367.333333,0
367.366667,0
367.4,0
367.433333,0
367.466667,0
367.5,0
367.533333,0
367.566667,0
367.6,0
367.633333,0
367.666667,0
367.7,0
367.733333,0
367.766667,0
367.8,0
367.833333,0
367.866667,0
367.9,0
367.933333,0
367.966667,0
368,0
368.033333,0
368.066667,0
368.1,0
368.133333,0
368.166667,0
368.2,0
368.233333,0
368.266667,0
368.3,0
368.333333,0
368.366667,0
368.4,0
368.433333,0
368.466667,0
368.5,0
368.533333,0
368.566667,0
368.6,0
368.633333,0
368.666667,0
368.7,0
368.733333,0
368.766667,0
368.8,0
368.833333,0
368.866667,0
368.9,0
368.933333,0
368.966667,0
369,0
369.033333,0
369.066667,0
369.1,0
369.133333,0
369.166667,0
369.2,0
369.233333,0
369.266667,0
369.3,0
369.333333,0
369.366667,0
369.4,0
369.433333,0
369.466667,0
369.5,0
369.533333,0
369.566667,0
369.6,0
369.633333,0
369.666667,0
369.7,0
369.733333,0
369.766667,0
369.8,0
369.833333,0
369.866667,0
369.9,0
369.933333,0
369.966667,0
370,0
370.033333,0
370.066667,0
370.1,0
370.133333,0
370.166667,0
370.2,0
370.233333,0
370.266667,0
370.3,0
370.333333,0
370.366667,0
370.4,0
370.433333,0
370.466667,0
370.5,0
370.533333,0
370.566667,0
370.6,0
370.633333,0
370.666667,0
370.7,0
370.733333,0
370.766667,0
370.8,0
370.833333,0
370.866667,0
370.9,0
370.933333,0
370.966667,0
371,0
371.033333,0
371.066667,0
371.1,0
371.133333,0
371.166667,0
371.2,0
371.233333,0
371.266667,0
371.3,0
371.333333,0
371.366667,0.588973
371.4,0.594257
371.433333,1.10772
371.466667,0.600818
371.5,0.594555
371.533333,0.596945
371.566667,1.11913
371.6,0.60521
371.633333,0.600178
371.666667,1.12291
371.7,0.608598
371.733333,0.611518
371.766667,1.12614
371.8,0.615345
371.833333,0.623533
371.866667,1.13694
371.9,0.622108
371.933333,1.1444
371.966667,0.638007
372,1.1504
372.033333,0.645842
372.066667,1.16817
372.1,0.661037
372.133333,1.17956
372.166667,1.19367
372.2,0.696385
372.233333,1.23127
372.266667,1.27702
372.3,0.811567
372.333333,1.64502
372.366667,0.001175
372.4,0.000275
372.433333,0.0001675
372.466667,0.00014
372.5,0.00014
372.533333,0.00014
372.566667,0.00014
372.6,0.00014
372.633333,0.00014
372.666667,0.00014
372.7,0.00014
372.733333,0.00014
372.766667,0.00014
372.8,0.00014
372.833333,0.00014
372.866667,0.00014
372.9,0.00014
372.933333,0.00014
372.966667,0.00014
373,0.00014
373.033333,0.00014
373.066667,0.00014
373.1,0.00014
373.133333,0.00014
373.166667,0.00014
373.2,0.00014
373.233333,0.00014
373.266667,0.00014
373.3,0.00014
373.333333,0.00014
373.366667,0.00014
373.4,0.00014
373.433333,0.00014
373.466667,0.00014
373.5,0.00014
373.533333,0.00014
373.566667,0.00014
373.6,0.00014
373.633333,0.00014
373.666667,0.00014
373.7,0.00014
373.733333,0.00014
373.766667,0.00014
373.8,0.00014
373.833333,0.00014
373.866667,0.00014
373.9,0.00014
373.933333,0.00014
373.966667,0.00014
374,0.00014
374.033333,0.00014
374.066667,0.00014
374.1,0.00014
374.133333,0.00014
374.166667,0.00014
374.2,0.00014
374.233333,0.00014
374.266667,0.00014
374.3,0.00014
374.333333,0.00014
374.366667,0.00014
374.4,0.00014
374.433333,0.00014
374.466667,0.00014
374.5,0.00014
374.533333,0.00014
374.566667,0.00014
374.6,0.00014
374.633333,0.00014
374.666667,26.3067
374.7,0
374.733333,0
374.766667,0
374.8,0
374.833333,0
374.866667,0
374.9,0
374.933333,0
374.966667,0
375,0
375.033333,0
375.066667,0
375.1,0
375.133333,0
375.166667,0
375.2,0
375.233333,0
375.266667,0
375.3,0
375.333333,0
375.366667,0
375.4,0
375.433333,0
375.466667,0
375.5,0
375.533333,0
375.566667,0
375.6,0
375.633333,0
375.666667,0
375.7,0
375.733333,0
375.766667,0
375.8,0
375.833333,0
375.866667,0
375.9,0
375.933333,0
375.966667,0
376,0
376.033333,0.210893
376.066667,0.217342
376.1,0.214768
376.133333,0.1823
376.166667,0.141088
376.2,0.145212
376.233333,0.147825
376.266667,0.164795
376.3,0.184567
376.333333,0.158748
376.366667,0.209165
376.4,0.237975
376.433333,0.144927
376.466667,0.0940075
376.5,0.095195
376.533333,0.098025
376.566667,0.09008
376.6,0.069195
376.633333,0.067275
376.666667,0.0648525
376.7,0.06488
376.733333,0.0649125
376.766667,0.05449
376.8,0.0373775
376.833333,0.0369325
376.866667,0.042315
376.9,0.0420475
376.933333,0.04096
376.966667,0.40602
377,0.0366125
377.033333,0.03818
377.066667,0.0350975
377.1,0.020325
377.133333,0.00267
377.166667,0.0010175
377.2,0.000985
377.233333,0.000995
377.266667,0.000985
377.3,0.000995
377.333333,0.000985
377.366667,0.000995
377.4,0.000985
377.433333,0.000995
377.466667,0.000985
377.5,0.000995
377.533333,0.000985
377.566667,0.000995
377.6,0.000985
377.633333,0.000995
377.666667,0.000985
377.7,0.000995
377.733333,0.000985
377.766667,0.000995
377.8,0.000985
377.833333,0.000995
377.866667,0.000985
377.9,0.000995
377.933333,0.000985
377.966667,0.000995
378,0.000985
378.033333,0.000995
378.066667,0.000985
378.1,0.000995
378.133333,0.000985
378.166667,0.000995
378.2,0.000985
378.233333,0.000995
378.266667,0.000985
378.3,0.000995
378.333333,0.000985
378.366667,0.000995
378.4,0.000985
378.433333,0.000995
378.466667,0.000985
378.5,0.000995
378.533333,0.000985
378.566667,0.000995
378.6,0.000985
378.633333,0.000995
378.666667,0.000985
378.7,0.000995
378.733333,0.000985
378.766667,0.000995
378.8,0.000985
378.833333,0.000995
378.866667,0.000985
378.9,0.000995
378.933333,0.000985
378.966667,0.000995
379,0.000985
379.033333,0.000995
379.066667,0.000985
379.1,0.000995
379.133333,0.000985
379.166667,0.000995
379.2,0.000985
379.233333,0.000995
379.266667,0.000985
379.3,0.000995
379.333333,0.000985
379.366667,0.000995
379.4,0.000985
379.433333,0.000995
379.466667,0.000985
379.5,0.000995
379.533333,0.000985
379.566667,3.82639
379.6,0
379.633333,0
379.666667,0
379.7,0
379.733333,0
379.766667,0
379.8,0
379.833333,0
379.866667,0
379.9,0
379.933333,0
379.966667,0
380,0
380.033333,0
380.066667,0
380.1,0
380.133333,0
380.166667,0
380.2,0
380.233333,0
380.266667,0
380.3,0
380.333333,0
380.366667,0
380.4,0
380.433333,0
380.466667,0
380.5,0
380.533333,0
380.566667,0
380.6,0
380.633333,0
380.666667,0
380.7,0
380.733333,0
380.766667,0
380.8,0
380.833333,0
380.866667,0
380.9,0
380.933333,0
380.966667,0
381,0
381.033333,0
381.066667,0
381.1,0
381.133333,0
381.166667,0
381.2,0
381.233333,0
381.266667,0
381.3,0
381.333333,0
381.366667,0
381.4,0
381.433333,0
381.466667,0
381.5,0
381.533333,0
381.566667,0
381.6,0
381.633333,0
381.666667,0
381.7,0
381.733333,0
381.766667,0
381.8,0
381.833333,0
381.866667,0
381.9,0
381.933333,0
381.966667,0
382,0
382.033333,0
382.066667,0
382.1,0
382.133333,0
382.166667,0
382.2,0
382.233333,0
382.266667,0
382.3,0
382.333333,0
382.366667,0
382.4,0
382.433333,0
382.466667,0
382.5,0
382.533333,0
382.566667,0
382.6,0
382.633333,0
382.666667,0
382.7,0
382.733333,0
382.766667,0
382.8,0
382.833333,0
382.866667,0
382.9,0
382.933333,0
382.966667,0
383,0
383.033333,0
383.066667,0
383.1,0
383.133333,0
383.166667,0
383.2,0
383.233333,0
383.266667,0
383.3,0
383.333333,0
383.366667,0
383.4,0
383.433333,0
383.466667,0
383.5,0
383.533333,0
383.566667,0
383.6,0
383.633333,0
383.666667,0
383.7,0
383.733333,0
383.766667,0
383.8,0
383.833333,0
383.866667,0
383.9,0
383.933333,0
383.966667,0
384,0
384.033333,0
384.066667,0
384.1,0
384.133333,0
384.166667,0
384.2,0
384.233333,0
384.266667,0
384.3,0
384.333333,0
384.366667,0
384.4,0
384.433333,0
384.466667,0
384.5,0
384.533333,0
384.566667,0
384.6,0
384.633333,0
384.666667,0
384.7,0
384.733333,0
384.766667,0
384.8,0
384.833333,0
384.866667,0
384.9,0
384.933333,0
384.966667,0
385,0
385.033333,0
385.066667,0
385.1,0
385.133333,0
385.166667,0
385.2,0
385.233333,0
385.266667,0
385.3,0
385.333333,0
385.366667,0
385.4,0
385.433333,0
385.466667,0
385.5,0
385.533333,0
385.566667,0
385.6,0
385.633333,0
385.666667,0
385.7,0
385.733333,0
385.766667,0
385.8,0
385.833333,0
385.866667,0
385.9,0
385.933333,0
385.966667,0
386,0
386.033333,0
386.066667,0
386.1,0
386.133333,0
386.166667,0
386.2,0
386.233333,0
386.266667,0
386.3,0
386.333333,0
386.366667,0
386.4,0
386.433333,0
386.466667,0
386.5,0
386.533333,0
386.566667,0
386.6,0
386.633333,0
386.666667,0
386.7,0
386.733333,0
386.766667,0
386.8,0
386.833333,0
386.866667,0
386.9,0
386.933333,0
386.966667,0
387,0
387.033333,0
387.066667,0
387.1,0
387.133333,0
387.166667,0
387.2,0
387.233333,0
387.266667,0
387.3,0
387.333333,0
387.366667,0
387.4,0
387.433333,0
387.466667,0
387.5,0
387.533333,0
387.566667,0
387.6,0
387.633333,0
387.666667,0
387.7,0
387.733333,0
387.766667,0
387.8,0
387.833333,0
387.866667,0
387.9,0
387.933333,0
387.966667,0
388,0
388.033333,0
388.066667,0
388.1,0
388.133333,0
388.166667,0
388.2,0
388.233333,0
388.266667,0
388.3,0
388.333333,0
388.366667,0
388.4,0
388.433333,0
388.466667,0
388.5,0
388.533333,0
388.566667,0
388.6,0
388.633333,0
388.666667,0
388.7,0
388.733333,0
388.766667,0
388.8,0
388.833333,0
388.866667,0
388.9,0
388.933333,0
388.966667,0
389,0
389.033333,0
389.066667,0
389.1,0
389.133333,0
389.166667,0
389.2,0
389.233333,0
389.266667,0
389.3,0
389.333333,0
389.366667,0
389.4,0
389.433333,0
389.466667,0
389.5,0
389.533333,0
389.566667,0
389.6,0
389.633333,0
389.666667,0
389.7,0
389.733333,0
389.766667,0
389.8,0
389.833333,0
389.866667,0
389.9,0
389.933333,0
389.966667,0
390,0
390.033333,0
390.066667,0
390.1,0
390.133333,0
390.166667,0
390.2,0
390.233333,0
390.266667,0
390.3,0
390.333333,0
390.366667,0
390.4,0
390.433333,0
390.466667,0
390.5,0
390.533333,0
390.566667,0
390.6,0
390.633333,0
390.666667,0
390.7,4.25
390.733333,0.0276475
390.766667,0.059695
390.8,0.0660425
390.833333,0.0553275
390.866667,0.0550225
390.9,0.0373425
390.933333,0.03564
390.966667,0.0413925
391,0.0461075
391.033333,0.0454175
391.066667,0.0525125
391.1,0.0461725
391.133333,0.0460025
391.166667,0.04251
391.2,0.0357275
391.233333,0.0367875
391.266667,0.0709275
391.3,0.0732075
391.333333,0.0738825
391.366667,0.077645
391.4,0.070315
391.433333,0.071895
391.466667,0.0418975
391.5,0.035215
391.533333,0.0381375
391.566667,0.0423275
391.6,0.0418825
391.633333,0.064315
391.666667,0.0466775
391.7,0.0443425
391.733333,0.042025
391.766667,0.035895
391.8,0.0357025
391.833333,0.039195
391.866667,0.04046
391.9,0.0433775
391.933333,0.0587425
391.966667,0.0418025
392,0.057665
392.033333,0.03856
392.066667,0.0368325
392.1,0.049825
392.133333,0.07259
392.166667,0.0712075
392.2,0.110418
392.233333,0.0781175
392.266667,0.0750225
392.3,0.0704175
392.333333,0.0500475
392.366667,0.0501925
392.4,0.10876
392.433333,0.124942
392.466667,0.124717
392.5,0.131227
392.533333,0.124605
392.566667,0.124558
392.6,0.0807075
392.633333,0.0480125
392.666667,0.052845
392.7,0.0707825
392.733333,0.071115
392.766667,0.0747925
392.8,0.0689825
392.833333,0.06726
392.866667,0.06634
392.9,0.0450925
392.933333,0.0440975
392.966667,0.07201
393,0.0874675
393.033333,0.0873025
393.066667,0.0873875
393.1,0.0873075
393.133333,0.084395
393.166667,0.0661775
393.2,0.04323
393.233333,0.0496225
393.266667,0.08376
393.3,0.0862975
393.333333,0.0912375
393.366667,0.096705
393.4,0.08888
393.433333,0.08848
393.466667,0.0497625
393.5,0.04683
393.533333,0.118347
393.566667,0.167515
393.6,0.167898
393.633333,0.17939
393.666667,0.16566
393.7,0.166547
393.733333,0.114102
393.766667,0.044665
393.8,0.0536025
393.833333,0.16126
393.866667,0.159532
393.9,0.163708
393.933333,0.16652
393.966667,0.15892
394,0.160188
394.033333,0.0523525
394.066667,0.0447275
394.1,0.08867
394.133333,0.130247
394.166667,0.126188
394.2,0.154002
394.233333,0.132318
394.266667,0.132495
394.3,0.102667
394.333333,0.0461
394.366667,0.0015075
394.4,0.00133
394.433333,0.0013125
394.466667,0.0013125
394.5,0.0013125
394.533333,0.0013125
394.566667,0.0013125
394.6,0.0013125
394.633333,0.0013125
394.666667,0.0013125
394.7,0.0013125
394.733333,0.0013125
394.766667,0.0013125
394.8,0.0013125
394.833333,0.0013125
394.866667,0.0013125
394.9,0.0013125
394.933333,0.0013125
394.966667,0.0013125
395,0.0013125
395.033333,0.0013125
395.066667,0.0013125
395.1,0.0013125
395.133333,0.0013125
395.166667,0.0013125
395.2,0.0013125
395.233333,0.0013125
395.266667,0.0013125
395.3,0.0013125
395.333333,0.0013125
395.366667,0.0013125
395.4,0.0013125
395.433333,0.0013125
395.466667,0.0013125
395.5,0.0013125
395.533333,0.0013125
395.566667,0.0013125
395.6,0.0013125
395.633333,0.0013125
395.666667,0.0013125
395.7,0.0013125
395.733333,0.0013125
395.766667,0.0013125
395.8,0.0013125
395.833333,0.0013125
395.866667,0.0013125
395.9,0.0013125
395.933333,0.0013125
395.966667,0.0013125
396,0.0013125
396.033333,0.0013125
396.066667,0.0013125
396.1,0.0013125
396.133333,0.0013125
396.166667,0.0013125
396.2,0.0013125
396.233333,0.0013125
396.266667,0.0013125
396.3,0.0013125
396.333333,0.0013125
396.366667,0.0013125
396.4,0.0013125
396.433333,0.0013125
396.466667,0.0013125
396.5,0.0013125
396.533333,0.0013125
396.566667,0.0013125
396.6,0.0013125
396.633333,0.0013125
396.666667,0.0013125
396.7,0.0013125
396.733333,0.0013125
396.766667,0.0013125
396.8,0.0013125
396.833333,0.0013125
396.866667,0.0013125
396.9,0.0013125
396.933333,0.0013125
396.966667,0.0013125
397,0.0013125
397.033333,0.0013125
397.066667,0.0013125
397.1,0.0013125
397.133333,0.0013125
397.166667,0.0013125
397.2,0.0013125
397.233333,0.0013125
397.266667,0.0013125
397.3,0.0013125
397.333333,0.0013125
397.366667,0.0013125
397.4,0.0013125
397.433333,0.0013125
397.466667,0.0013125
397.5,0.0013125
397.533333,0.0013125
397.566667,0.0013125
397.6,0.0013125
397.633333,0.0013125
397.666667,0.0013125
397.7,0.0013125
397.733333,0.0013125
397.766667,0.0013125
397.8,0.0013125
397.833333,0.0013125
397.866667,0.0013125
397.9,0.0013125
397.933333,0.0013125
397.966667,0.0013125
398,0.0013125
398.033333,0.0013125
398.066667,0.0013125
398.1,0.0013125
398.133333,0.0013125
398.166667,0.0013125
398.2,0.0013125
398.233333,0.0013125
398.266667,0.0013125
398.3,0.0013125
398.333333,0.0013125
398.366667,0.0013125
398.4,0.0013125
398.433333,0.0013125
398.466667,0.0013125
398.5,0.0013125
398.533333,0.0013125
398.566667,0.0013125
398.6,0.0013125
398.633333,0.0013125
398.666667,0.0013125
398.7,0.0013125
398.733333,0.0013125
398.766667,0.0013125
398.8,0.0013125
398.833333,0.0013125
398.866667,0.0013125
398.9,0.0013125
398.933333,0.0013125
398.966667,0.0013125
399,0.0013125
399.033333,0.0013125
399.066667,0.0013125
399.1,0.0013125
399.133333,0.0013125
399.166667,0.0013125
399.2,0.0013125
399.233333,0.0013125
399.266667,0.0013125
399.3,0.0013125
399.333333,0.0013125
399.366667,0.0013125
399.4,0.0013125
399.433333,0.0013125
399.466667,0.0013125
399.5,0.0013125
399.533333,0.0013125
399.566667,0.0013125
399.6,0.0013125
399.633333,0.0013125
399.666667,0.0013125
399.7,0.0013125
399.733333,0.0013125
399.766667,0.0013125
399.8,0.0013125
399.833333,0.0013125
399.866667,0.0013125
399.9,0.0013125
399.933333,0.0013125
399.966667,0.0013125
400,0.0353875
400.033333,0.0025625
400.066667,0.000635
400.1,0.0004825
400.133333,0.000445
400.166667,0.000445
400.2,0.000445
400.233333,0.000445
400.266667,0.000445
400.3,0.000445
400.333333,0.000445
400.366667,0.000445
400.4,0.000445
400.433333,0.000445
400.466667,0.000445
400.5,0.000445
400.533333,0.000445
400.566667,0.000445
400.6,0.000445
400.633333,0.000445
400.666667,0.000445
400.7,0.000445
400.733333,0.000445
400.766667,0.000445
400.8,0.000445
400.833333,0.000445
400.866667,0.000445
400.9,0.000445
400.933333,0.000445
400.966667,0.000445
401,0.000445
401.033333,0.000445
401.066667,0.000445
401.1,0.000445
401.133333,0.000445
401.166667,0.000445
401.2,0.000445
401.233333,0.000445
401.266667,0.000445
401.3,0.000445
401.333333,0.000445
401.366667,0.000445
401.4,0.000445
401.433333,0.000445
401.466667,0.000445
401.5,0.000445
401.533333,0.000445
401.566667,0.000445
401.6,0.000445
401.633333,0.000445
401.666667,0.000445
401.7,0.000445
401.733333,0.000445
401.766667,0.000445
401.8,8.38039
401.833333,0
401.866667,0
401.9,0
401.933333,0
401.966667,0
402,0
402.033333,0
402.066667,0
402.1,0
402.133333,0
402.166667,0
402.2,0
402.233333,0
402.266667,0
402.3,0
402.333333,0
402.366667,0
402.4,0
402.433333,0
402.466667,0
402.5,0
402.533333,0
402.566667,0
402.6,0
402.633333,0
402.666667,0
402.7,0
402.733333,0
402.766667,0
402.8,0
402.833333,0
402.866667,0
402.9,0
402.933333,0
402.966667,0
403,0
403.033333,0
403.066667,0
403.1,0
403.133333,0
403.166667,0
403.2,0
403.233333,0
403.266667,0
403.3,0
403.333333,0
403.366667,0
403.4,0
403.433333,0
403.466667,0
403.5,0
403.533333,0
403.566667,0
403.6,0
403.633333,0
403.666667,0
403.7,0
403.733333,0
403.766667,0
403.8,0
403.833333,0
403.866667,0
403.9,0
403.933333,0
403.966667,0
404,0
404.033333,0
404.066667,0
404.1,0
404.133333,0
404.166667,0
404.2,0
404.233333,0
404.266667,0
404.3,0
404.333333,0
404.366667,0
404.4,0
404.433333,0
404.466667,0
404.5,0
404.533333,0
404.566667,0
404.6,0
404.633333,0
404.666667,0
404.7,0
404.733333,0
404.766667,0
404.8,0
404.833333,0
404.866667,0
404.9,0
404.933333,0
404.966667,0
405,0
405.033333,0
405.066667,0
405.1,0
405.133333,0
405.166667,0
405.2,0
405.233333,0
405.266667,0
405.3,0
405.333333,0
405.366667,0
405.4,0
405.433333,0
405.466667,0
405.5,0
405.533333,0
405.566667,0
405.6,0
405.633333,0
405.666667,0
405.7,0
405.733333,0
405.766667,0
405.8,0
405.833333,0
405.866667,0
405.9,0
405.933333,0
405.966667,0
406,0
406.033333,0
406.066667,0
406.1,0
406.133333,0
406.166667,0
406.2,0
406.233333,0
406.266667,0
406.3,0
406.333333,0
406.366667,0
406.4,0
406.433333,0
406.466667,0
406.5,0
406.533333,0
406.566667,0
406.6,0
406.633333,0
406.666667,0
406.7,0
406.733333,0
406.766667,0
406.8,0
406.833333,0
406.866667,0
406.9,0
406.933333,0
406.966667,0
407,0
407.033333,0
407.066667,0
407.1,0
407.133333,0
407.166667,0
407.2,0
407.233333,0
407.266667,0
407.3,0
407.333333,0
407.366667,0
407.4,0
407.433333,0
407.466667,0
407.5,0
407.533333,0
407.566667,0
407.6,0
407.633333,0
407.666667,0
407.7,0
407.733333,0
407.766667,0
407.8,0
407.833333,0
407.866667,0
407.9,0
407.933333,0
407.966667,0
408,1.5
408.033333,0
408.066667,0
408.1,0
408.133333,0
408.166667,0
408.2,0
408.233333,0
408.266667,0
408.3,0
408.333333,0
408.366667,0
408.4,0
408.433333,0
408.466667,0
408.5,0
408.533333,0
408.566667,0
408.6,0
408.633333,0
408.666667,0
408.7,0
408.733333,0
408.766667,0
408.8,0
408.833333,0
408.866667,0
408.9,0
408.933333,0
408.966667,0
409,0
409.033333,0
409.066667,0
409.1,0
409.133333,0
409.166667,0
409.2,0
409.233333,0
409.266667,0
409.3,0
409.333333,0
409.366667,0
409.4,0
409.433333,0
409.466667,0
409.5,0
409.533333,0
409.566667,0
409.6,0
409.633333,0
409.666667,0
409.7,0
409.733333,0
409.766667,0
409.8,0
409.833333,0
409.866667,0
409.9,0
409.933333,0
409.966667,0
410,0
410.033333,0
410.066667,0
410.1,0
410.133333,0
410.166667,0
410.2,0
410.233333,0
410.266667,0
410.3,0
410.333333,0
410.366667,0
410.4,0
410.433333,0
410.466667,0
410.5,0
410.533333,0
410.566667,0
410.6,0
410.633333,0
410.666667,0
410.7,0
410.733333,0
410.766667,0
410.8,0
410.833333,0
410.866667,0
410.9,0
410.933333,0
410.966667,0
411,0
411.033333,0
411.066667,0
411.1,0
411.133333,0
411.166667,0
411.2,0
411.233333,0
411.266667,0
411.3,0
411.333333,0
411.366667,0
411.4,0
411.433333,0
411.466667,0
411.5,0
411.533333,0
411.566667,0
411.6,0
411.633333,0
411.666667,0
411.7,0
411.733333,0
411.766667,0
411.8,0
411.833333,0
411.866667,0
411.9,0
411.933333,0
411.966667,0
412,0
412.033333,0
412.066667,0
412.1,0
412.133333,0
412.166667,0
412.2,0
412.233333,0
412.266667,0
412.3,0
412.333333,0
412.366667,0
412.4,0
412.433333,0
412.466667,0
412.5,0
412.533333,0
412.566667,0
412.6,0
412.633333,0
412.666667,0
412.7,0
412.733333,0
412.766667,0
412.8,0
412.833333,0
412.866667,0
412.9,0
412.933333,0
412.966667,0
413,0
413.033333,0
413.066667,0
413.1,0
413.133333,0
413.166667,0
413.2,0
413.233333,0
413.266667,0
413.3,0
413.333333,0
413.366667,0
413.4,0
413.433333,0
413.466667,0
413.5,0
413.533333,0
413.566667,0
413.6,0
413.633333,0
413.666667,0
413.7,0
413.733333,0
413.766667,0
413.8,0
413.833333,0
413.866667,0
413.9,0
413.933333,0
413.966667,0.21272
414,0.213863
414.033333,0.394493
414.066667,0.21863
414.1,0.215625
414.133333,0.215998
414.166667,0.39903
414.2,0.2213
414.233333,0.217655
414.266667,0.399828
414.3,0.224765
414.333333,0.223598
414.366667,0.40166
414.4,0.227505
414.433333,0.229637
414.466667,0.409753
414.5,0.22885
414.533333,0.413365
414.566667,0.237595
414.6,0.41368
414.633333,0.24408
414.666667,0.425413
414.7,0.251315
414.733333,0.43141
414.766667,0.440182
414.8,0.27294
414.833333,0.46327
414.866667,0.4882
414.9,0.374152
414.933333,0.708865
414.966667,0.0009675
415,0.00023
415.033333,0.0001175
415.066667,9
415.1,9
415.133333,9
415.166667,9
415.2,9
415.233333,9
415.266667,9
415.3,9
415.333333,9
415.366667,9
415.4,9
415.433333,9
415.466667,9
415.5,9
415.533333,9
415.566667,9
415.6,9
415.633333,9
415.666667,9
415.7,9
415.733333,9
415.766667,9
415.8,9
415.833333,9
415.866667,9
415.9,9
415.933333,9
415.966667,9
416,0.00349
416.033333,0.000195
416.066667,5.5
416.1,3.75
416.133333,3
416.166667,3
416.2,3
416.233333,3
416.266667,3
416.3,3
416.333333,3
416.366667,3
416.4,3
416.433333,3
416.466667,3
416.5,3
416.533333,3
416.566667,3
416.6,3
416.633333,3
416.666667,3
416.7,3
416.733333,3
416.766667,3
416.8,3
416.833333,3
416.866667,3
416.9,3
416.933333,3
416.966667,3
417,3
417.033333,3
417.066667,3
417.1,3
417.133333,3
417.166667,3
417.2,3
417.233333,3
417.266667,3
417.3,3
417.333333,3
417.366667,3
417.4,3
417.433333,3
417.466667,3
417.5,3
417.533333,3
417.566667,3
417.6,3
417.633333,0.708022
417.666667,0.373875
417.7,0.487995
417.733333,0.463328
417.766667,0.27308
417.8,0.44024
417.833333,0.43122
417.866667,0.251445
417.9,0.42555
417.933333,0.243698
417.966667,0.413872
418,0.237565
418.033333,0.413375
418.066667,0.228873
418.1,0.409608
418.133333,0.229712
418.166667,0.227437
418.2,0.401772
418.233333,0.223625
418.266667,0.224862
418.3,0.399782
418.333333,0.217273
418.366667,0.221502
418.4,0.399128
418.433333,0.216028
418.466667,0.216385
418.5,0.219938
418.533333,0.394732
418.566667,0.213935
418.6,0.21272
418.633333,0
418.666667,0
418.7,0
418.733333,0
418.766667,0
418.8,0
418.833333,0
418.866667,0
418.9,0
418.933333,0
418.966667,0
419,0
419.033333,0
419.066667,0
419.1,0
419.133333,0
419.166667,0
419.2,0
419.233333,0
419.266667,0
419.3,0
419.333333,0
419.366667,0
419.4,0
419.433333,0
419.466667,0
419.5,0
419.533333,0
419.566667,0
419.6,0
419.633333,0
419.666667,0
419.7,0
419.733333,0
419.766667,1.25
419.8,0.118972
419.833333,0.169013
419.866667,0.390138
419.9,0.362378
419.933333,0.768302
419.966667,0.773235
420,0.824422
420.033333,0.94049
420.066667,1.06159
420.1,1.18843
420.133333,1.24633
420.166667,1.35031
420.2,1.33689
420.233333,1.52495
420.266667,1.52673
420.3,1.91202
420.333333,1.97572
420.366667,2.3461
420.4,2.52211
420.433333,0.110908
420.466667,0.181335
420.5,0.170895
420.533333,0.0706375
420.566667,0.0961425
420.6,0.098875
420.633333,0.0649075
420.666667,0.149815
420.7,0.164848
420.733333,0.101127
420.766667,0.17315
420.8,0.23109
420.833333,0.156823
420.866667,0.140575
420.9,0.21958
420.933333,0.193055
420.966667,0.16584
421,0.36656
421.033333,0.343065
421.066667,0.07835
421.1,0.09993
421.133333,0.100025
421.166667,0.077505
421.2,0.10337
421.233333,0.11294
421.266667,0.0850925
421.3,0.140102
421.333333,0.165348
421.366667,0.122515
421.4,0.0902075
421.433333,0.131435
421.466667,0.09606
421.5,0.085125
421.533333,0.114735
421.566667,0.102648
421.6,0.168818
421.633333,0.527898
421.666667,0.533022
421.7,0.12385
421.733333,0.365935
421.766667,0.422677
421.8,0.158543
421.833333,0.211968
421.866667,0.24457
421.9,0.153795
421.933333,0.002785
421.966667,0.002365
422,0.0022925
422.033333,0.0022925
422.066667,0.002285
422.1,0.002285
422.133333,0.002285
422.166667,0.002285
422.2,3.3607
422.233333,0.003805
422.266667,0.0026925
422.3,0.002485
422.333333,0.002405
422.366667,0.002395
422.4,0.002395
422.433333,0.002395
422.466667,0.002395
422.5,0.002395
422.533333,0.002395
422.566667,0.002395
422.6,0.002395
422.633333,0.002395
422.666667,0.002395
422.7,0.002395
422.733333,0.002395
422.766667,0.002395
422.8,0.002395
422.833333,0.002395
422.866667,0.002395
422.9,0.002395
422.933333,0.002395
422.966667,0.002395
423,0.002395
423.033333,0.002395
423.066667,0.002395
423.1,0.002395
423.133333,0.002395
423.166667,0.002395
423.2,0.002395
423.233333,0.002395
423.266667,0.002395
423.3,0.002395
423.333333,0.002395
423.366667,0.002395
423.4,0.002395
423.433333,0.002395
423.466667,0.002395
423.5,0.002395
423.533333,0.002395
423.566667,0.002395
423.6,0.002395
423.633333,0.002395
423.666667,0.002395
423.7,0.002395
423.733333,0.002395
423.766667,0.002395
423.8,0.002395
423.833333,0.002395
423.866667,0.002395
423.9,0.002395
423.933333,0.002395
423.966667,0.002395
424,0.0724475
424.033333,0.0037
424.066667,0.00093
424.1,0.00068
424.133333,0.00062
424.166667,0.000615
424.2,0.000615
424.233333,0.000615
424.266667,0.000615
424.3,0.000615
424.333333,0.000615
424.366667,0.000615
424.4,0.000615
424.433333,0.000615
424.466667,0.000615
424.5,0.000615
424.533333,0.000615
424.566667,0.000615
424.6,0.000615
424.633333,0.000615
424.666667,0.000615
424.7,0.000615
424.733333,0.000615
424.766667,0.000615
424.8,0.000615
424.833333,0.000615
424.866667,0.000615
424.9,0.000615
424.933333,0.000615
424.966667,0.000615
425,0.000615
425.033333,0.000615
425.066667,0.000615
425.1,0.000615
425.133333,0.000615
425.166667,0.000615
425.2,0.000615
425.233333,0.000615
425.266667,0.000615
425.3,0.000615
425.333333,0.000615
425.366667,0.000615
425.4,0.000615
425.433333,0.000615
425.466667,0.000615
425.5,0.000615
425.533333,0.000615
425.566667,0.000615
425.6,0.000615
425.633333,0.000615
425.666667,0.000615
425.7,0.000615
425.733333,0.000615
425.766667,0.000615
425.8,0.000615
425.833333,0.000615
425.866667,0.000615
425.9,0.000615
425.933333,0.000615
425.966667,0.000615
426,0.000615
426.033333,0.000615
426.066667,0.000615
426.1,0.000615
426.133333,0.000615
426.166667,0.000615
426.2,0.000615
426.233333,0.000615
426.266667,0.000615
426.3,0.000615
426.333333,0.000615
426.366667,0.000615
426.4,0.000615
426.433333,0.000615
426.466667,0.000615
426.5,0.000615
426.533333,0.000615
426.566667,0.000615
426.6,0.000615
426.633333,0.000615
426.666667,0.000615
426.7,0.000615
426.733333,0.000615
426.766667,0.000615
426.8,0.000615
426.833333,0.000615
426.866667,0.000615
426.9,0.000615
426.933333,0.000615
426.966667,0.000615
427,0.000615
427.033333,0.000615
427.066667,0.000615
427.1,0.000615
427.133333,0.000615
427.166667,0.000615
427.2,0.000615
427.233333,0.000615
427.266667,0.000615
427.3,0.000615
427.333333,0.000615
427.366667,0.000615
427.4,0.000615
427.433333,0.000615
427.466667,0.000615
427.5,0.000615
427.533333,0.000615
427.566667,0.000615
427.6,0.000615
427.633333,0.000615
427.666667,0.000615
427.7,0.000615
427.733333,0.000615
427.766667,0.000615
427.8,0.000615
427.833333,27.4943
427.866667,0.00648
427.9,0.0124525
427.933333,0.00329
427.966667,0.0023275
428,0.002085
428.033333,0.00207
428.066667,0.00207
428.1,0.00207
428.133333,0.00207
428.166667,0.00207
428.2,0.00207
428.233333,0.00207
428.266667,0.00207
428.3,0.00207
428.333333,0.00207
428.366667,0.00207
428.4,0.00207
428.433333,0.00207
428.466667,0.00207
428.5,0.00207
428.533333,1.75744
428.566667,1.1946
428.6,1.77636
428.633333,1.80097
428.666667,1.79633
428.7,1.8048
428.733333,1.81851
428.766667,1.23359
428.8,1.83524
428.833333,1.83245
428.866667,1.84584
428.9,1.86542
428.933333,1.8653
428.966667,1.88451
429,1.87393
429.033333,1.90406
429.066667,2.00263
429.1,2.57477
429.133333,1.97202
429.166667,1.99391
429.2,2.01245
429.233333,2.59895
429.266667,2.01401
429.3,2.04478
429.333333,2.63386
429.366667,2.08548
429.4,2.66223
429.433333,2.72445
429.466667,2.12189
429.5,2.73311
429.533333,0.0769825
429.566667,0.103267
429.6,0.07476
429.633333,0.074395
429.666667,0.078715
429.7,0.083115
429.733333,0.088425
429.766667,0.096225
429.8,0.105825
429.833333,0.112028
429.866667,0.127755
429.9,0.141948
429.933333,0.168415
429.966667,0.207668
430,0.282815
430.033333,0.835547
430.066667,0.0053575
430.1,0.0026275
430.133333,0.0021375
430.166667,0.00209
430.2,0.0021
430.233333,0.002085
430.266667,0.002085
430.3,0.002085
430.333333,0.002085
430.366667,0.002085
430.4,0.002085
430.433333,0.002085
430.466667,0.002085
430.5,0.002085
430.533333,0.002085
430.566667,0.002085
430.6,0.002085
430.633333,0.002085
430.666667,0.002085
430.7,0.002085
430.733333,0.002085
430.766667,0.002085
430.8,0.002085
430.833333,0.002085
430.866667,0.002085
430.9,0.002085
430.933333,0.002085
430.966667,0.002085
431,0.002085
431.033333,0.002085
431.066667,0.002085
431.1,0.002085
431.133333,0.002085
431.166667,0.002085
431.2,0.002085
431.233333,0.002085
431.266667,0.002085
431.3,0.002085
431.333333,0.002085
431.366667,0.002085
431.4,0.002085
431.433333,0.002085
431.466667,0.002085
431.5,0.002085
431.533333,0.002085
431.566667,0.002085
431.6,0.002085
431.633333,0.002085
431.666667,0.002085
431.7,0.002085
431.733333,0.002085
431.766667,0.002085
431.8,0.002085
431.833333,0.002085
431.866667,0.002085
431.9,0.002085
431.933333,1.32028
431.966667,1.13055
432,0.522185
432.033333,0.442
432.066667,0.431362
432.1,0.885728
432.133333,0.341332
432.166667,0.389338
432.2,0.84922
432.233333,0.298695
432.266667,0.348095
432.3,0.82762
432.333333,0.284037
432.366667,0.324228
432.4,0.799247
432.433333,0.307592
432.466667,0.305675
432.5,0.803105
432.533333,0.291847
432.566667,0.299165
432.6,0.786915
432.633333,0.311213
432.666667,0.293413
432.7,0.851827
432.733333,0.0180725
432.766667,0.00679
432.8,0.0030125
432.833333,0.002235
432.866667,0.00209
432.9,0.002095
432.933333,0.002075
432.966667,0.002095
433,0.002075
433.033333,0.002095
433.066667,0.002075
433.1,0.002095
433.133333,0.002075
433.166667,2.42974
433.2,1.831
433.233333,1.90498
433.266667,2.38399
433.3,1.81116
433.333333,1.85458
433.366667,1.79384
433.4,1.78117
433.433333,1.82875
433.466667,1.74449
433.5,1.73604
433.533333,1.72812
433.566667,1.82498
433.6,1.71205
433.633333,1.70724
433.666667,1.43565
433.7,1.37104
433.733333,1.44782
433.766667,1.62532
433.8,1.43203
433.833333,1.13315
433.866667,1.63941
433.9,1.34483
433.933333,1.33943
433.966667,1.41673
434,1.3378
434.033333,1.41985
434.066667,1.6125
434.1,1.05696
434.133333,1.61363
434.166667,0.20306
434.2,0.214548
434.233333,0.421878
434.266667,0.237285
434.3,0.26666
434.333333,0.259452
434.366667,0.307085
434.4,0.582383
434.433333,0.474515
434.466667,1.29019
434.5,0.020825
434.533333,0.0362075
434.566667,0.0383425
434.6,0.023765
434.633333,0.038325
434.666667,0.0042175
434.7,0.196225
434.733333,0.155477
434.766667,0.126823
434.8,0.137478
434.833333,0.131027
434.866667,0.131045
434.9,0.14438
434.933333,0.127013
434.966667,0.144285
435,0.157325
435.033333,0.158993
435.066667,0.159775
435.1,0.19264
435.133333,0.196155
435.166667,0.215715
435.2,0.265132
435.233333,0.322223
435.266667,0.623645
435.3,0.0031425
435.333333,0.0026775
435.366667,0.00257
435.4,0.002555
435.433333,0.002555
435.466667,0.002555
435.5,0.002555
435.533333,0.002555
435.566667,0.139098
435.6,0.101487
435.633333,0.095755
435.666667,0.092175
435.7,0.0910575
435.733333,0.0923725
435.766667,0.0920625
435.8,0.0940525
435.833333,0.0988325
435.866667,0.106262
435.9,0.115538
435.933333,0.1587
435.966667,0.0030325
436,0.0025075
436.033333,0.00249
436.066667,0.00245
436.1,0.00245
436.133333,0.00245
436.166667,0.00245
436.2,0.00245
436.233333,0.00245
436.266667,0.00245
436.3,0.00245
436.333333,0.00245
436.366667,0.00245
436.4,0.00245
436.433333,0.00245
436.466667,0.00245
436.5,0.00245
436.533333,0.00245
436.566667,0.00245
436.6,0.00245
436.633333,0.00245
436.666667,0.00245
436.7,0.00245
436.733333,0.00245
436.766667,0.00245
436.8,0.00245
436.833333,0.00245
436.866667,0.00245
436.9,0.00245
436.933333,0.00245
436.966667,0.00245
437,0.00245
437.033333,0.00245
437.066667,0.00245
437.1,0.00245
437.133333,0.00245
437.166667,0.00245
437.2,0.00245
437.233333,0.00245
437.266667,0.00245
437.3,0.00245
437.333333,0.00245
437.366667,0.00245
437.4,0.00245
437.433333,0.00245
437.466667,0.00245
437.5,0.00245
437.533333,0.00245
437.566667,0.00245
437.6,0.00245
437.633333,0.00245
437.666667,0.00245
437.7,0.00245
437.733333,0.00245
437.766667,0.00245
437.8,0.00245
437.833333,0.00245
437.866667,0.00245
437.9,0.00245
437.933333,0.00245
437.966667,0.00245
438,0.00245
438.033333,0.00245
438.066667,0.00245
438.1,0.00245
438.133333,0.00245
438.166667,0.00245
438.2,0.00245
438.233333,0.00245
438.266667,0.00245
438.3,0.00245
438.333333,0.00245
438.366667,0.00245
438.4,0.00245
438.433333,0.00245
438.466667,0.00245
438.5,0.00245
438.533333,0.00245
438.566667,0.00245
438.6,0.00245
438.633333,0.00245
438.666667,0.00245
438.7,0.00245
438.733333,0.00245
438.766667,0.00245
438.8,0.00245
438.833333,0.00245
438.866667,0.00245
438.9,0.00245
438.933333,0.00245
438.966667,0.00245
439,0.00245
439.033333,0.00245
439.066667,0.00245
439.1,0.00245
439.133333,0.00245
439.166667,0.00245
439.2,0.00245
439.233333,0.00245
439.266667,0.00245
439.3,0.00245
439.333333,0.00245
439.366667,0.00245
439.4,0.00245
439.433333,0.00245
439.466667,0.00245
439.5,0.00245
439.533333,0.00245
439.566667,0.00245
439.6,0.00245
439.633333,0.00245
439.666667,0.00245
439.7,0.00245
439.733333,0.00245
439.766667,0.00245
439.8,0.00245
439.833333,0.00245
439.866667,0.00245
439.9,0.00245
439.933333,0.00245
439.966667,0.00245
440,0.06971
440.033333,0.0035375
440.066667,0.000875
440.1,0.000725
440.133333,0.000725
440.166667,0.000725
440.2,0.000725
440.233333,0.000725
440.266667,0.000725
440.3,0.000725
440.333333,0.000725
440.366667,0.000725
440.4,0.000725
440.433333,0.000725
440.466667,0.000725
440.5,0.000725
440.533333,0.000725
440.566667,0.000725
440.6,0.000725
440.633333,0.000725
440.666667,0.000725
440.7,0.000725
440.733333,0.000725
440.766667,0.000725
440.8,0.000725
440.833333,0.000725
440.866667,0.000725
440.9,0.000725
440.933333,0.000725
440.966667,0.000725
441,0.000725
441.033333,0.000725
441.066667,0.000725
441.1,0.000725
441.133333,0.000725
441.166667,0.000725
441.2,0.000725
441.233333,0.000725
441.266667,0.000725
441.3,0.000725
441.333333,0.000725
441.366667,0.000725
441.4,1.30977
441.433333,0.549863
441.466667,0.46222
441.5,0.36925
441.533333,0.35787
441.566667,0.310735
441.6,0.281052
441.633333,0.291173
441.666667,0.251045
441.7,0.250123
441.733333,0.21505
441.766667,0.247207
441.8,0.194312
441.833333,0.22689
441.866667,0.195802
441.9,0.190365
441.933333,0.217145
441.966667,0.185095
442,0.177808
442.033333,0.19144
442.066667,0.186498
442.1,0.185395
442.133333,0.174695
442.166667,0.182572
442.2,0.177645
442.233333,0.187532
442.266667,0.173228
442.3,0.184032
442.333333,0.193095
442.366667,0.273213
442.4,5.63828
442.433333,5.42049
442.466667,5.37418
442.5,5.32455
442.533333,5.26349
442.566667,5.13717
442.6,4.97055
442.633333,4.90243
442.666667,4.82173
442.7,4.79324
442.733333,4.66569
442.766667,4.45757
442.8,4.36274
442.833333,4.21662
442.866667,4.19629
442.9,4.16439
442.933333,4.1413
442.966667,4.10488
443,4.00374
443.033333,4.00613
443.066667,3.95364
443.1,3.96761
443.133333,3.92977
443.166667,3.88517
443.2,3.84761
443.233333,3.7844
443.266667,3.68661
443.3,3.65556
443.333333,3.63702
443.366667,0.036735
443.4,0.08076
443.433333,13.1564
443.466667,0.051905
443.5,0.618645
443.533333,0.417953
443.566667,0.5628
443.6,0.536282
443.633333,0.622332
443.666667,0.627807
443.7,0.655168
443.733333,0.642232
443.766667,0.672693
443.8,0.76484
443.833333,0.756347
443.866667,0.687458
443.9,0.723843
443.933333,0.715495
443.966667,0.676655
444,0.65112
444.033333,0.656585
444.066667,0.602402
444.1,0.519672
444.133333,0.572497
444.166667,0.412938
444.2,0.414782
444.233333,0.230442
444.266667,0.29781
444.3,0.149012
444.333333,0.09391
444.366667,0.0893825
444.4,0.140602
444.433333,0.3065
444.466667,0.23248
444.5,0.408725
444.533333,0.41046
444.566667,0.579255
444.6,0.5409
444.633333,0.61641
444.666667,0.690845
444.7,0.68164
444.733333,0.711615
444.766667,0.755785
444.8,0.775652
444.833333,0.802323
444.866667,0.736357
444.9,0.807508
444.933333,0.739378
444.966667,0.690747
445,0.6909
445.033333,0.668438
445.066667,0.660447
445.1,0.561128
445.133333,0.596785
445.166667,0.43983
445.2,0.453022
445.233333,0.277133
445.266667,0.286658
445.3,0.193873
445.333333,0.064535
445.366667,0.0495125
445.4,0.184757
445.433333,0.278008
445.466667,41.2343
445.5,0.0019175
445.533333,0.0004925
445.566667,0.0002575
445.6,0.00023
445.633333,0.00023
445.666667,0.00023
445.7,0.00023
445.733333,0.00023
445.766667,0.00023
445.8,0.00023
445.833333,0.00023
445.866667,0.00023
445.9,0.00023
445.933333,0.00023
445.966667,0.00023
446,0.00023
446.033333,0.00023
446.066667,0.00023
446.1,0.00023
446.133333,0.00023
446.166667,0.00023
446.2,0.00023
446.233333,0.00023
446.266667,0.00023
446.3,0.00023
446.333333,0.00023
446.366667,0.00023
446.4,0.00023
446.433333,0.00023
446.466667,0.00023
446.5,0.00023
446.533333,0.00023
446.566667,0.00023
446.6,0.00023
446.633333,0.00023
446.666667,0.00023
446.7,0.00023
446.733333,0.00023
446.766667,0.00023
446.8,0.00023
446.833333,0.00023
446.866667,0.00023
446.9,0.00023
446.933333,0.00023
446.966667,0.00023
447,0.00023
447.033333,0.00023
447.066667,0.00023
447.1,0.00023
447.133333,0.00023
447.166667,0.00023
447.2,0.00023
447.233333,0.00023
447.266667,0.00023
447.3,0.00023
447.333333,0.00023
447.366667,0.00023
447.4,0.00023
447.433333,0.00023
447.466667,0.00023
447.5,0.00023
447.533333,0.00023
447.566667,0.00023
447.6,0.00023
447.633333,0.00023
447.666667,0.00023
447.7,0.00023
447.733333,0.00023
447.766667,0.00023
447.8,0.00023
447.833333,0.00023
447.866667,0.00023
447.9,0.00023
447.933333,0.00023
447.966667,0.00023
448,0.007155
448.033333,0.000525
448.066667,0.0001
448.1,7
448.133333,7
448.166667,7
448.2,7
448.233333,7
448.266667,7
448.3,7
448.333333,7
448.366667,7
448.4,7
448.433333,7
448.466667,7
448.5,7
448.533333,7
448.566667,7
448.6,7
448.633333,7
448.666667,7
448.7,7
448.733333,7
448.766667,7
448.8,7
448.833333,7
448.866667,7
448.9,7
448.933333,7
448.966667,7
449,7
449.033333,7
449.066667,7
449.1,7
449.133333,7
449.166667,7
449.2,0.305818
449.233333,0.0006525
449.266667,0.0001775
449.3,0.0001075
449.333333,7
449.366667,7
449.4,7
449.433333,7
449.466667,7
449.5,7
449.533333,7
449.566667,7
449.6,7
449.633333,7
449.666667,7
449.7,7
449.733333,7
449.766667,7
449.8,7
449.833333,7
449.866667,7
449.9,7
449.933333,7
449.966667,7
450,7
450.033333,7
450.066667,7
450.1,7
450.133333,7
450.166667,7
450.2,7
450.233333,7
450.266667,7
450.3,7
450.333333,7
450.366667,7
450.4,7
450.433333,7
450.466667,7
450.5,7
450.533333,7
450.566667,7
450.6,7
450.633333,7
450.666667,7
450.7,7
450.733333,7
450.766667,7
450.8,7
450.833333,7
450.866667,7
450.9,7
450.933333,7
450.966667,7
451,7
451.033333,7
451.066667,7
451.1,7
451.133333,7
451.166667,7
451.2,7
451.233333,7
451.266667,7
451.3,7
451.333333,7
451.366667,7
451.4,7
451.433333,7
451.466667,7
451.5,7
451.533333,7
451.566667,7
451.6,7
451.633333,7
451.666667,7
451.7,7
451.733333,7
451.766667,7
451.8,7
451.833333,7
451.866667,7
451.9,7
451.933333,7
451.966667,7
452,7
452.033333,7
452.066667,7
452.1,7
452.133333,7
452.166667,7
452.2,7
452.233333,7
452.266667,7
452.3,7
452.333333,7
452.366667,7
452.4,7
452.433333,7
452.466667,7
452.5,7
452.533333,7
452.566667,7
452.6,7
452.633333,7
452.666667,7
452.7,7
452.733333,7
452.766667,7
452.8,7
452.833333,7
452.866667,7
452.9,3.15959
452.933333,0.0008625
452.966667,0.0002375
453,0.000165
453.033333,0.000155
453.066667,0.000155
453.1,0.000155
453.133333,0.000155
453.166667,0.000155
453.2,0.000155
453.233333,0.000155
453.266667,0.000155
453.3,0.000155
453.333333,0.000155
453.366667,0.000155
453.4,0.000155
453.433333,0.000155
453.466667,0.000155
453.5,0.000155
453.533333,0.000155
453.566667,0.000155
453.6,0.000155
453.633333,0.000155
453.666667,0.000155
453.7,0.000155
453.733333,0.000155
453.766667,0.000155
453.8,0.000155
453.833333,0.000155
453.866667,0.000155
453.9,0.000155
453.933333,0.000155
453.966667,0.000155
454,0.000155
454.033333,0.000155
454.066667,0.000155
454.1,0.000155
454.133333,0.000155
454.166667,0.000155
454.2,0.000155
454.233333,0.000155
454.266667,0.000155
454.3,0.000155
454.333333,0.000155
454.366667,0.000155
454.4,0.000155
454.433333,0.000155
454.466667,0.000155
454.5,0.000155
454.533333,0.000155
454.566667,0.000155
454.6,0.000155
454.633333,0.000155
454.666667,0.000155
454.7,0.000155
454.733333,0.000155
454.766667,0.000155
454.8,0.000155
454.833333,0.000155
454.866667,0.000155
454.9,0.000155
454.933333,0.000155
454.966667,0.000155
455,0.000155
455.033333,0.000155
455.066667,0.000155
455.1,0.000155
455.133333,0.000155
455.166667,0.000155
455.2,0.000155
455.233333,0.000155
455.266667,0.000155
455.3,0.000155
455.333333,0.000155
455.366667,0.000155
455.4,0.000155
455.433333,0.000155
455.466667,0.000155
455.5,0.000155
455.533333,0.000155
455.566667,0.000155
455.6,0.000155
455.633333,0.000155
455.666667,0.000155
455.7,0.000155
455.733333,0.000155
455.766667,0.000155
455.8,0.000155
455.833333,0.000155
455.866667,0.000155
455.9,0.000155
455.933333,0.000155
455.966667,0.000155
456,0.0061425
456.033333,0.00038
456.066667,7.25
456.1,4
456.133333,4
456.166667,4
456.2,4
456.233333,4
456.266667,4
456.3,4
456.333333,4
456.366667,4
456.4,4
456.433333,4
456.466667,4
456.5,4
456.533333,4
456.566667,4
456.6,4
456.633333,4
456.666667,4
456.7,4
456.733333,4
456.766667,4
456.8,4
456.833333,4
456.866667,4
456.9,4
456.933333,4
456.966667,4
457,4
457.033333,4
457.066667,4
457.1,4
457.133333,4
457.166667,4
457.2,4
457.233333,4
457.266667,4
457.3,4
457.333333,4
457.366667,4
457.4,4
457.433333,4
457.466667,4
457.5,4
457.533333,4
457.566667,4
457.6,4
457.633333,4
457.666667,4
457.7,4
457.733333,0.09447
457.766667,0.22252
457.8,0.140473
457.833333,0.0002525
457.866667,0.000105
457.9,9
457.933333,8
457.966667,8
458,8
458.033333,8
458.066667,8
458.1,8
458.133333,8
458.166667,8
458.2,8
458.233333,8
458.266667,8
458.3,8
458.333333,8
458.366667,8
458.4,8
458.433333,8
458.466667,8
458.5,8
458.533333,8
458.566667,8
458.6,8
458.633333,8
458.666667,8
458.7,8
458.733333,8
458.766667,8
458.8,8
458.833333,8
458.866667,8
458.9,8
458.933333,8
458.966667,8
459,8
459.033333,8
459.066667,8
459.1,8
459.133333,8
459.166667,8
459.2,8
459.233333,8
459.266667,8
459.3,8
459.333333,8
459.366667,8
459.4,8
459.433333,8
459.466667,8
459.5,8
459.533333,8
459.566667,8
459.6,8
459.633333,8
459.666667,8
459.7,8
459.733333,8
459.766667,8
459.8,8
459.833333,8
459.866667,8
459.9,0.120703
459.933333,0.136027
459.966667,0.243558
460,0.242682
460.033333,0.24285
460.066667,0.24953
460.1,0.249943
460.133333,0.24878
460.166667,0.24674
460.2,0.251625
460.233333,0.135685
460.266667,0.132983
460.3,0.13381
460.333333,0.218683
460.366667,0.233047
460.4,0.23453
460.433333,0.242283
460.466667,0.297165
460.5,0.289372
460.533333,0.29415
460.566667,0.298565
460.6,0.230382
460.633333,0.205068
460.666667,0.205473
460.7,0.369507
460.733333,0.503618
460.766667,0.480115
460.8,0.47348
460.833333,0.467475
460.866667,0.460927
460.9,0.454888
460.933333,0.44814
460.966667,0.33761
461,0.131227
461.033333,0.132235
461.066667,0.136277
461.1,0.176835
461.133333,0.177177
461.166667,0.17724
461.2,0.197463
461.233333,0.173847
461.266667,0.171705
461.3,0.171792
461.333333,0.16725
461.366667,0.130985
461.4,0.133513
461.433333,0.133353
461.466667,0.825703
461.5,0.96685
461.533333,0.969217
461.566667,0.975648
461.6,0.983343
461.633333,0.971498
461.666667,0.972182
461.7,1.00445
461.733333,0.311727
461.766667,0.12695
461.8,0.126515
461.833333,0.168428
461.866667,0.200545
461.9,0.19904
461.933333,0.204005
461.966667,0.329305
462,0.202873
462.033333,0.204038
462.066667,0.203593
462.1,0.171785
462.133333,0.129
462.166667,0.130367
462.2,0.16013
462.233333,0.249325
462.266667,0.246012
462.3,0.248337
462.333333,0.363032
462.366667,0.25088
462.4,0.2461
462.433333,0.24672
462.466667,0.230118
462.5,0.13099
462.533333,0.128082
462.566667,0.131495
462.6,0.184833
462.633333,0.192373
462.666667,0.192007
462.7,0.218417
462.733333,0.0015025
462.766667,0.0014425
462.8,0.001415
462.833333,0.00139
462.866667,0.00139
462.9,0.00139
462.933333,0.00139
462.966667,0.00139
463,0.00139
463.033333,0.00139
463.066667,0.00139
463.1,0.00139
463.133333,0.00139
463.166667,0.00139
463.2,0.00139
463.233333,0.00139
463.266667,0.00139
463.3,0.00139
463.333333,0.00139
463.366667,0.00139
463.4,0.00139
463.433333,0.00139
463.466667,0.00139
463.5,0.00139
463.533333,0.00139
463.566667,0.00139
463.6,0.00139
463.633333,0.00139
463.666667,0.00139
463.7,0.00139
463.733333,0.00139
463.766667,0.00139
463.8,0.00139
463.833333,0.00139
463.866667,0.00139
463.9,0.00139
463.933333,0.00139
463.966667,0.00139
464,0.0437825
464.033333,0.0023275
464.066667,0.0006
464.1,0.0004875
464.133333,0.00047
464.166667,0.00047
464.2,0.00047
464.233333,0.00047
464.266667,0.00047
464.3,0.00047
464.333333,0.00047
464.366667,0.00047
464.4,0.00047
464.433333,0.00047
464.466667,0.00047
464.5,0.00047
464.533333,0.00047
464.566667,0.00047
464.6,0.00047
464.633333,0.00047
464.666667,0.00047
464.7,0.00047
464.733333,0.00047
464.766667,0.00047
464.8,0.00047
464.833333,0.00047
464.866667,0.00047
464.9,0.00047
464.933333,0.00047
464.966667,0.00047
465,0.00047
465.033333,36.8104
465.066667,0.18264
465.1,0.10491
465.133333,0.351758
465.166667,0.0854
465.2,0.078665
465.233333,0.083565
465.266667,0.316075
465.3,0.0782475
465.333333,0.0752875
465.366667,0.30946
465.4,0.0801375
465.433333,0.07164
465.466667,0.0716975
465.5,0.309943
465.533333,0.0748075
465.566667,0.0685575
465.6,0.0686125
465.633333,0.310883
465.666667,0.0660225
465.7,0.0710075
465.733333,0.0660175
465.766667,0.31238
465.8,0.064045
465.833333,0.071065
465.866667,0.0654725
465.9,0.310372
465.933333,0.06048
465.966667,0.0650125
466,0.06556
466.033333,0.309553
466.066667,0.06204
466.1,0.0633725
466.133333,0.0661
466.166667,0.306673
466.2,0.0620175
466.233333,0.0639325
466.266667,0.302447
466.3,0.062925
466.333333,0.06632
466.366667,0.0649475
466.4,0.307538
466.433333,0.058995
466.466667,0.0657425
466.5,0.06526
466.533333,0.306683
466.566667,0.06318
466.6,0.06583
466.633333,0.30068
466.666667,0.064955
466.7,0.06562
466.733333,0.065075
466.766667,0.306177
466.8,0.05988
466.833333,0.067395
466.866667,0.065585
466.9,0.306372
466.933333,0.0634225
466.966667,0.0675475
467,0.307775
467.033333,0.0618575
467.066667,0.0686
467.1,0.0680075
467.133333,0.306285
467.166667,0.0651875
467.2,0.06772
467.233333,0.309115
467.266667,0.062475
467.3,0.0708
467.333333,0.069285
467.366667,0.307443
467.4,0.067095
467.433333,0.0707
467.466667,0.31043
467.5,0.063735
467.533333,0.071895
467.566667,0.309175
467.6,0.07103
467.633333,0.073025
467.666667,0.0726775
467.7,0.313497
467.733333,0.07085
467.766667,0.07414
467.8,0.317483
467.833333,0.0680875
467.866667,0.0768925
467.9,0.315428
467.933333,0.0760625
467.966667,0.078095
468,0.0801475
468.033333,0.31799
468.066667,0.07924
468.1,0.080815
468.133333,0.325
468.166667,0.075885
468.2,0.0865875
468.233333,0.329033
468.266667,0.077445
468.3,0.089665
468.333333,0.331338
468.366667,0.084815
468.4,0.0945025
468.433333,0.0932075
468.466667,0.330653
468.5,0.09833
468.533333,0.102845
468.566667,0.339065
468.6,0.103722
468.633333,0.11324
468.666667,0.357208
468.7,0.12139
468.733333,0.126998
468.766667,0.376755
468.8,0.145957
468.833333,0.183053
468.866667,0.458637
468.9,0.53031
468.933333,0.0064
468.966667,0.0025575
469,0.0019225
469.033333,0.00184
469.066667,0.00184
469.1,0.00184
469.133333,0.00184
469.166667,0.00184
469.2,0.00184
469.233333,0.00184
469.266667,0.00184
469.3,0.00184
469.333333,0.00184
469.366667,0.00184
469.4,0.00184
469.433333,0.00184
469.466667,0.00184
469.5,0.00184
469.533333,0.00184
469.566667,0.00184
469.6,0.00184
469.633333,0.00184
469.666667,0.00184
469.7,0.00184
469.733333,0.00184
469.766667,0.00184
469.8,0.00184
469.833333,0.00184
469.866667,0.00184
469.9,0.00184
469.933333,0.00184
469.966667,0.00184
470,0.00184
470.033333,0.00184
470.066667,0.00184
470.1,0.00184
470.133333,0.00184
470.166667,0.00184
470.2,0.00184
470.233333,0.00184
470.266667,0.00184
470.3,0.00184
470.333333,0.00184
470.366667,0.00184
470.4,0.00184
470.433333,0.00184
470.466667,0.00184
470.5,0.00184
470.533333,0.00184
470.566667,0.00184
470.6,0.00184
470.633333,0.00184
470.666667,0.00184
470.7,0.00184
470.733333,0.00184
470.766667,0.00184
470.8,0.00184
470.833333,0.00184
470.866667,0.00184
470.9,0.00184
470.933333,0.00184
470.966667,0.00184
471,0.00184
471.033333,0.00184
471.066667,0.00184
471.1,0.00184
471.133333,0.00184
471.166667,0.00184
471.2,0.00184
471.233333,0.00184
471.266667,0.00184
471.3,0.00184
471.333333,0.00184
471.366667,0.00184
471.4,0.00184
471.433333,0.00184
471.466667,0.00184
471.5,0.00184
471.533333,0.00184
471.566667,0.00184
471.6,0.00184
471.633333,0.00184
471.666667,0.00184
471.7,0.00184
471.733333,0.00184
471.766667,0.00184
471.8,0.00184
471.833333,0.00184
471.866667,0.00184
471.9,0.00184
471.933333,0.00184
471.966667,0.00184
472,0.0588675
472.033333,0.00293
472.066667,0.000595
472.1,0.0004725
472.133333,0.000465
472.166667,0.00045
472.2,0.00045
472.233333,0.00045
472.266667,0.00045
472.3,0.00045
472.333333,0.00045
472.366667,0.00045
472.4,0.00045
472.433333,0.00045
472.466667,0.00045
472.5,0.00045
472.533333,0.00045
472.566667,0.00045
472.6,0.00045
472.633333,0.00045
472.666667,0.00045
472.7,0.00045
472.733333,0.00045
472.766667,0.00045
472.8,0.00045
472.833333,0.00045
472.866667,0.00045
472.9,0.00045
472.933333,0.00045
472.966667,0.00045
473,0.00045
473.033333,0.00045
473.066667,0.00045
473.1,0.00045
473.133333,0.00045
473.166667,0.00045
473.2,0.00045
473.233333,0.00045
473.266667,0.00045
473.3,0.00045
473.333333,0.00045
473.366667,0.00045
473.4,0.00045
473.433333,0.00045
473.466667,0.00045
473.5,0.00045
473.533333,0.00045
473.566667,0.00045
473.6,0.00045
473.633333,0.00045
473.666667,0.00045
473.7,0.00045
473.733333,0.00045
473.766667,0.00045
473.8,0.00045
473.833333,0.00045
473.866667,0.00045
473.9,0.00045
473.933333,0.00045
473.966667,0.00045
474,0.00045
474.033333,0.00045
474.066667,0.00045
474.1,0.00045
474.133333,0.00045
474.166667,0.00045
474.2,0.00045
474.233333,0.00045
474.266667,0.00045
474.3,0.00045
474.333333,0.00045
474.366667,0.00045
474.4,0.00045
474.433333,0.00045
474.466667,0.00045
474.5,0.00045
474.533333,0.00045
474.566667,0.00045
474.6,0.00045
474.633333,0.00045
474.666667,0.00045
474.7,0.00045
474.733333,0.00045
474.766667,0.00045
474.8,0.00045
474.833333,0.00045
474.866667,0.00045
474.9,0.00045
474.933333,0.00045
474.966667,0.00045
475,0.00045
475.033333,0.00045
475.066667,0.00045
475.1,0.00045
475.133333,0.00045
475.166667,0.00045
475.2,0.00045
475.233333,0.00045
475.266667,0.00045
475.3,0.00045
475.333333,0.00045
475.366667,0.00045
475.4,0.00045
475.433333,0.00045
475.466667,0.00045
475.5,0.00045
475.533333,0.200568
475.566667,0.167917
475.6,0.153092
475.633333,0.162387
475.666667,0.162
475.7,0.14849
475.733333,0.179753
475.766667,0.16167
475.8,0.163305
475.833333,0.180388
475.866667,0.165575
475.9,0.18571
475.933333,0.170903
475.966667,0.204302
476,0.19307
476.033333,0.209265
476.066667,0.211535
476.1,0.215225
476.133333,0.239822
476.166667,0.222452
476.2,0.261213
476.233333,0.269807
476.266667,0.279037
476.3,0.315837
476.333333,0.34469
476.366667,0.379933
476.4,0.435837
476.433333,0.532597
476.466667,0.720823
476.5,1.997
476.533333,0.0025475
476.566667,0.0009475
476.6,0.00074
476.633333,0.000695
476.666667,0.000695
476.7,0.000695
476.733333,0.000695
476.766667,0.000695
476.8,0.000695
476.833333,0.000695
476.866667,0.000695
476.9,0.000695
476.933333,0.000695
476.966667,0.000695
477,0.000695
477.033333,0.000695
477.066667,0.000695
477.1,0.000695
477.133333,0.000695
477.166667,0.000695
477.2,0.000695
477.233333,0.000695
477.266667,0.000695
477.3,0.000695
477.333333,0.000695
477.366667,0.000695
477.4,0.000695
477.433333,0.000695
477.466667,0.000695
477.5,0.000695
477.533333,0.000695
477.566667,0.000695
477.6,0.000695
477.633333,0.000695
477.666667,0.000695
477.7,0.000695
477.733333,0.000695
477.766667,0.000695
477.8,0.000695
477.833333,0.000695
477.866667,0.000695
477.9,0.000695
477.933333,0.000695
477.966667,0.000695
478,0.000695
478.033333,0.000695
478.066667,0.000695
478.1,0.000695
478.133333,0.000695
478.166667,0.000695
478.2,0.000695
478.233333,0.000695
478.266667,0.000695
478.3,0.000695
478.333333,0.000695
478.366667,0.000695
478.4,0.000695
478.433333,0.000695
478.466667,0.000695
478.5,0.000695
478.533333,0.000695
478.566667,0.000695
478.6,0.000695
478.633333,0.000695
478.666667,0.000695
478.7,0.000695
478.733333,0.000695
478.766667,1.99429
478.8,0.719342
478.833333,0.531868
478.866667,0.43534
478.9,0.379808
478.933333,0.344382
478.966667,0.315735
479,0.279085
479.033333,0.269618
479.066667,0.261493
479.1,0.222268
479.133333,0.239393
479.166667,0.215282
479.2,0.211562
479.233333,0.209102
479.266667,1.30829
479.3,1.29012
479.333333,0.873515
479.366667,0.998015
479.4,1.0602
479.433333,0.961263
479.466667,0.826723
479.5,1.23738
479.533333,0.749568
479.566667,1.0006
479.6,1.02319
479.633333,0.943052
479.666667,1.00323
479.7,1.01868
479.733333,1.00166
479.766667,0.620293
479.8,1.11794
479.833333,0.881138
479.866667,0.883968
479.9,0.928655
479.933333,0.881097
479.966667,0.894138
480,1.16332
480.033333,0.882155
480.066667,0.90693
480.1,1.1462
480.133333,0.91218
480.166667,1.1698
480.2,0.920133
480.233333,0.944195
480.266667,0.00943
480.3,0.002905
480.333333,0.0020925
480.366667,0.001885
480.4,0.001865
480.433333,0.001865
480.466667,0.001865
480.5,0.001865
480.533333,0.001865
480.566667,0.001865
480.6,0.001865
480.633333,0.001865
480.666667,0.001865
480.7,0.001865
480.733333,0.001865
480.766667,0.001865
480.8,0.001865
480.833333,0.001865
480.866667,0.001865
480.9,0.001865
480.933333,0.001865
480.966667,0.001865
481,0.001865
481.033333,0.001865
481.066667,0.001865
481.1,0.001865
481.133333,0.001865
481.166667,0.001865
481.2,0.001865
481.233333,0.001865
481.266667,0.001865
481.3,0.001865
481.333333,0.001865
481.366667,0.001865
481.4,0.001865
481.433333,0.001865
481.466667,0.001865
481.5,0.001865
481.533333,0.001865
481.566667,0.001865
481.6,0.001865
481.633333,0.001865
481.666667,0.001865
481.7,0.001865
481.733333,0.001865
481.766667,0.001865
481.8,0.001865
481.833333,0.001865
481.866667,0.001865
481.9,0.001865
481.933333,0.001865
481.966667,0.001865
482,0.001865
482.033333,0.001865
482.066667,0.001865
482.1,0.001865
482.133333,0.001865
482.166667,0.001865
482.2,0.001865
482.233333,0.001865
482.266667,0.001865
482.3,0.001865
482.333333,0.001865
482.366667,0.001865
482.4,0.001865
482.433333,0.001865
482.466667,0.001865
482.5,0.001865
482.533333,0.001865
482.566667,0.001865
482.6,0.001865
482.633333,0.001865
482.666667,0.001865
482.7,0.001865
482.733333,0.001865
482.766667,0.001865
482.8,0.001865
482.833333,0.001865
482.866667,0.001865
482.9,0.001865
482.933333,0.001865
482.966667,0.001865
483,0.001865
483.033333,0.001865
483.066667,0.001865
483.1,0.001865
483.133333,0.001865
483.166667,0.001865
483.2,0.001865
483.233333,0.001865
483.266667,0.001865
483.3,0.001865
483.333333,0.001865
483.366667,0.001865
483.4,0.001865
483.433333,0.001865
483.466667,0.001865
483.5,0.001865
483.533333,0.001865
483.566667,0.001865
483.6,0.001865
483.633333,0.001865
483.666667,0.001865
483.7,0.001865
483.733333,0.001865
483.766667,0.001865
483.8,0.001865
483.833333,0.001865
483.866667,0.001865
483.9,0.001865
483.933333,0.001865
483.966667,0.001865
484,0.001865
484.033333,0.001865
484.066667,0.001865
484.1,0.001865
484.133333,0.001865
484.166667,0.001865
484.2,0.001865
484.233333,0.001865
484.266667,0.001865
484.3,0.001865
484.333333,0.001865
484.366667,0.001865
484.4,0.001865
484.433333,0.001865
484.466667,0.001865
484.5,0.001865
484.533333,0.001865
484.566667,0.001865
484.6,0.001865
484.633333,0.001865
484.666667,0.001865
484.7,0.001865
484.733333,0.001865
484.766667,0.001865
484.8,0.001865
484.833333,0.001865
484.866667,0.001865
484.9,0.001865
484.933333,0.001865
484.966667,81.9765
485,0.0126325
485.033333,0.0013875
485.066667,0.0041775
485.1,0.0017625
485.133333,0.0014275
485.166667,0.001325
485.2,0.001325
485.233333,0.001325
485.266667,0.001325
485.3,0.001325
485.333333,0.001325
485.366667,0.001325
485.4,0.001325
485.433333,0.001325
485.466667,0.001325
485.5,0.001325
485.533333,0.001325
485.566667,0.001325
485.6,0.001325
485.633333,0.001325
485.666667,0.001325
485.7,0.001325
485.733333,0.001325
485.766667,0.001325
485.8,0.001325
485.833333,0.001325
485.866667,0.001325
485.9,0.001325
485.933333,0.001325
485.966667,0.001325
486,0.001325
486.033333,0.001325
486.066667,0.001325
486.1,0.001325
486.133333,0.001325
486.166667,0.001325
486.2,0.001325
486.233333,0.001325
486.266667,0.001325
486.3,0.001325
486.333333,0.001325
486.366667,0.001325
486.4,0.001325
486.433333,0.001325
486.466667,0.001325
486.5,0.001325
486.533333,0.001325
486.566667,0.001325
486.6,0.001325
486.633333,0.001325
486.666667,112.932
486.7,0.005765
486.733333,0.001225
486.766667,0.0008075
486.8,0.0008
486.833333,0.0008
486.866667,0.0008
486.9,0.0008
486.933333,0.0008
486.966667,0.0008
487,0.0008
487.033333,0.0008
487.066667,0.0008
487.1,0.0008
487.133333,0.0008
487.166667,0.0008
487.2,0.0008
487.233333,0.0008
487.266667,0.0008
487.3,0.0008
487.333333,0.0008
487.366667,0.0008
487.4,0.0008
487.433333,0.0008
487.466667,0.0008
487.5,0.0008
487.533333,0.0008
487.566667,0.0008
487.6,0.0008
487.633333,0.0008
487.666667,0.0008
487.7,0.0008
487.733333,0.0008
487.766667,0.0008
487.8,0.0008
487.833333,0.0008
487.866667,0.0008
487.9,0.0008
487.933333,0.0008
487.966667,0.0008
488,0.0390525
488.033333,0.0038275
488.066667,0.00069
488.1,0.0005775
488.133333,0.00057
488.166667,0.00057
488.2,0.00057
488.233333,0.00057
488.266667,0.00057
488.3,0.00057
488.333333,0.00057
488.366667,0.00057
488.4,0.00057
488.433333,0.00057
488.466667,0.00057
488.5,0.00057
488.533333,0.00057
488.566667,0.00057
488.6,0.00057
488.633333,0.00057
488.666667,0.00057
488.7,0.00057
488.733333,0.00057
488.766667,0.00057
488.8,0.00057
488.833333,0.00057
488.866667,0.00057
488.9,0.00057
488.933333,0.00057
488.966667,0.00057
489,0.00057
489.033333,0.00057
489.066667,0.00057
489.1,0.00057
489.133333,0.00057
489.166667,0.00057
489.2,0.00057
489.233333,0.00057
489.266667,0.00057
489.3,0.00057
489.333333,0.00057
489.366667,0.00057
489.4,0.00057
489.433333,0.00057
489.466667,0.00057
489.5,0.00057
489.533333,0.00057
489.566667,0.00057
489.6,0.00057
489.633333,0.00057
489.666667,0.00057
489.7,0.00057
489.733333,0.00057
489.766667,0.00057
489.8,0.00057
489.833333,0.00057
489.866667,0.00057
489.9,0.00057
489.933333,0.00057
489.966667,0.00057
490,0.00057
490.033333,0.00057
490.066667,0.00057
490.1,0.00057
490.133333,0.00057
490.166667,0.00057
490.2,0.00057
490.233333,0.00057
490.266667,0.00057
490.3,0.00057
490.333333,0.00057
490.366667,0.00057
490.4,0.00057
490.433333,0.00057
490.466667,0.00057
490.5,0.00057
490.533333,0.00057
490.566667,0.00057
490.6,0.00057
490.633333,0.00057
490.666667,0.00057
490.7,0.00057
490.733333,0.00057
490.766667,0.00057
490.8,0.00057
490.833333,0.00057
490.866667,0.00057
490.9,0.00057
490.933333,0.00057
490.966667,0.00057
491,0.00057
491.033333,0.00057
491.066667,0.00057
491.1,0.00057
491.133333,0.00057
491.166667,0.00057
491.2,0.00057
491.233333,0.00057
491.266667,0.00057
491.3,0.00057
491.333333,0.00057
491.366667,0.00057
491.4,0.00057
491.433333,0.00057
491.466667,0.00057
491.5,0.00057
491.533333,0.00057
491.566667,0.00057
491.6,0.00057
491.633333,0.00057
491.666667,0.00057
491.7,0.00057
491.733333,0.00057
491.766667,0.00057
491.8,0.00057
491.833333,0.00057
491.866667,0.00057
491.9,0.00057
491.933333,0.00057
491.966667,0.00057
492,0.00057
492.033333,0.00057
492.066667,0.00057
492.1,0.00057
492.133333,0.00057
492.166667,0.00057
492.2,0.00057
492.233333,0.00057
492.266667,0.00057
492.3,0.00057
492.333333,0.00057
492.366667,0.00057
492.4,0.00057
492.433333,0.00057
492.466667,0.00057
492.5,0.00057
492.533333,0.00057
492.566667,0.00057
492.6,0.00057
492.633333,0.00057
492.666667,0.00057
492.7,0.00057
492.733333,0.00057
492.766667,0.00057
492.8,0.00057
492.833333,0.00057
492.866667,0.00057
492.9,0.00057
492.933333,0.00057
492.966667,0.00057
493,0.00057
493.033333,0.00057
493.066667,0.00057
493.1,0.00057
493.133333,0.00057
493.166667,0.00057
493.2,0.038495
493.233333,0.0608625
493.266667,0.0633625
493.3,0.0675575
493.333333,0.071195
493.366667,0.07186
493.4,0.07295
493.433333,0.07538
493.466667,0.07705
493.5,0.0768325
493.533333,0.0805925
493.566667,0.07889
493.6,0.0821125
493.633333,0.081645
493.666667,0.086695
493.7,0.088935
493.733333,0.089685
493.766667,0.09104
493.8,0.0942775
493.833333,0.0920625
493.866667,0.095795
493.9,0.09777
493.933333,0.0997375
493.966667,0.102465
494,0.102428
494.033333,0.107
494.066667,0.107707
494.1,0.111897
494.133333,0.111437
494.166667,0.117045
494.2,0.117517
494.233333,0.11807
494.266667,0.12346
494.3,0.12266
494.333333,0.126812
494.366667,0.12818
494.4,0.13183
494.433333,0.134247
494.466667,0.138247
494.5,0.142085
494.533333,0.14224
494.566667,0.14865
494.6,0.153975
494.633333,0.156677
494.666667,0.1611
494.7,0.16345
494.733333,0.16436
494.766667,0.170552
494.8,0.172783
494.833333,0.17823
494.866667,0.181262
494.9,0.18908
494.933333,0.194103
494.966667,0.198563
495,0.208425
495.033333,0.21766
495.066667,0.22109
495.1,0.23293
495.133333,0.244407
495.166667,0.252783
495.2,0.268738
495.233333,0.282548
495.266667,0.30054
495.3,0.320562
495.333333,0.341162
495.366667,0.365638
495.4,0.399367
495.433333,0.438497
495.466667,0.463705
495.5,0.527652
495.533333,0.612267
495.566667,0.722653
495.6,1.01838
495.633333,0.26313
495.666667,0.078145
495.7,0.0870225
495.733333,0.0155925
495.766667,0.0656775
495.8,0.0120525
495.833333,0.0047975
495.866667,0.003785
495.9,0.0036525
495.933333,0.003645
495.966667,0.003645
496,0.101148
496.033333,0.00417
496.066667,0.00111
496.1,0.0008625
496.133333,0.000805
496.166667,0.000805
496.2,0.000805
496.233333,0.000805
496.266667,0.000805
496.3,0.000805
496.333333,0.000805
496.366667,0.000805
496.4,0.000805
496.433333,0.000805
496.466667,0.000805
496.5,0.000805
496.533333,0.000805
496.566667,0.000805
496.6,0.000805
496.633333,0.000805
496.666667,0.000805
496.7,0.000805
496.733333,0.000805
496.766667,0.000805
496.8,0.000805
496.833333,0.000805
496.866667,0.000805
496.9,0.000805
496.933333,0.000805
496.966667,0.000805
497,0.000805
497.033333,0.000805
497.066667,0.000805
497.1,0.000805
497.133333,0.000805
497.166667,0.000805
497.2,0.000805
497.233333,0.000805
497.266667,0.000805
497.3,0.000805
497.333333,0.000805
497.366667,0.000805
497.4,0.000805
497.433333,0.000805
497.466667,0.000805
497.5,200.771
497.533333,26.7283
497.566667,43.0853
497.6,41.5873
497.633333,0.0064625
497.666667,0.0018075
497.7,0.0009975
497.733333,0.00094
497.766667,0.00094
497.8,0.00094
497.833333,0.00094
497.866667,0.00094
497.9,0.00094
497.933333,0.00094
497.966667,0.00094
498,0.00094
498.033333,0.00094
498.066667,0.00094
498.1,0.00094
498.133333,0.00094
498.166667,0.00094
498.2,0.00094
498.233333,0.00094
498.266667,0.00094
498.3,0.00094
498.333333,0.00094
498.366667,0.00094
498.4,0.00094
498.433333,0.00094
498.466667,0.00094
498.5,0.00094
498.533333,0.00094
498.566667,0.00094
498.6,0.00094
498.633333,0.00094
498.666667,0.00094
498.7,0.00094
498.733333,0.00094
498.766667,0.00094
498.8,0.00094
498.833333,0.00094
498.866667,0.00094
498.9,0.00094
498.933333,0.00094
498.966667,0.00094
499,0.00094
499.033333,0.00094
499.066667,0.00094
499.1,0.00094
499.133333,0.00094
499.166667,156.933
499.2,0.0025925
499.233333,0.0180475
499.266667,0.0105425
499.3,0.00507
499.333333,0.0025225
499.366667,0.00231
499.4,0.00227
499.433333,0.00227
499.466667,0.00227
499.5,0.00227
499.533333,0.00227
499.566667,0.00227
499.6,0.00227
499.633333,0.00227
499.666667,0.00227
499.7,0.00227
499.733333,0.00227
499.766667,0.00227
499.8,0.00227
499.833333,0.00227
499.866667,0.00227
499.9,0.00227
499.933333,0.00227
499.966667,0.00227
500,0.00227
500.033333,0.00227
500.066667,0.00227
500.1,0.00227
500.133333,0.00227
500.166667,0.00227
500.2,0.00227
500.233333,0.00227
500.266667,0.00227
500.3,0.00227
500.333333,0.00227
500.366667,0.00227
500.4,0.00227
500.433333,0.00227
500.466667,0.00227
500.5,0.00227
500.533333,0.00227
500.566667,0.00227
500.6,0.00227
500.633333,0.00227
500.666667,0.00227
500.7,0.00227
500.733333,0.00227
500.766667,0.00227
500.8,0.00227
500.833333,0.00227
500.866667,0.00227
500.9,0.00227
500.933333,0.00227
500.966667,0.00227
501,0.00227
501.033333,0.00227
501.066667,0.00227
501.1,0.00227
501.133333,0.00227
501.166667,0.00227
501.2,0.00227
501.233333,0.00227
501.266667,0.00227
501.3,0.00227
501.333333,0.00227
501.366667,0.00227
501.4,0.00227
501.433333,0.00227
501.466667,0.00227
501.5,0.00227
501.533333,0.00227
501.566667,0.00227
501.6,0.00227
501.633333,0.00227
501.666667,0.00227
501.7,0.00227
501.733333,0.00227
501.766667,0.00227
501.8,0.00227
501.833333,0.00227
501.866667,0.00227
501.9,0.00227
501.933333,0.00227
501.966667,0.00227
502,0.00227
502.033333,0.00227
502.066667,0.00227
502.1,0.00227
502.133333,0.00227
502.166667,0.00227
502.2,0.00227
502.233333,0.00227
502.266667,0.00227
502.3,0.00227
502.333333,0.00227
502.366667,0.00227
502.4,0.00227
502.433333,0.00227
502.466667,0.00227
502.5,0.00227
502.533333,0.00227
502.566667,0.00227
502.6,0.00227
502.633333,0.00227
502.666667,0.00227
502.7,0.00227
502.733333,0.00227
502.766667,0.00227
502.8,0.00227
502.833333,0.00227
502.866667,0.00227
502.9,0.00227
502.933333,0.00227
502.966667,0.00227
503,0.00227
503.033333,0.00227
503.066667,0.00227
503.1,0.00227
503.133333,0.00227
503.166667,0.00227
503.2,0.00227
503.233333,0.00227
503.266667,0.00227
503.3,0.00227
503.333333,0.00227
503.366667,0.00227
503.4,0.00227
503.433333,0.00227
503.466667,0.00227
503.5,0.00227
503.533333,0.00227
503.566667,0.00227
503.6,0.00227
503.633333,0.00227
503.666667,0.00227
503.7,0.00227
503.733333,0.00227
503.766667,0.00227
503.8,0.00227
503.833333,0.00227
503.866667,0.00227
503.9,0.00227
503.933333,0.00227
503.966667,0.00227
504,0.06337
504.033333,0.00417
504.066667,0.00111
504.1,0.0008625
504.133333,0.000805
504.166667,0.000805
504.2,0.000805
504.233333,0.000805
504.266667,0.000805
504.3,0.000805
504.333333,0.000805
504.366667,0.000805
504.4,0.000805
504.433333,0.000805
504.466667,0.000805
504.5,0.000805
504.533333,0.000805
504.566667,0.000805
504.6,0.000805
504.633333,0.000805
504.666667,0.000805
504.7,0.000805
504.733333,0.000805
504.766667,0.000805
504.8,0.000805
504.833333,0.000805
504.866667,0.000805
504.9,0.000805
504.933333,0.000805
504.966667,0.000805
505,0.000805
505.033333,0.000805
505.066667,0.000805
505.1,0.000805
505.133333,0.000805
505.166667,0.000805
505.2,0.000805
505.233333,0.000805
505.266667,0.000805
505.3,0.000805
505.333333,0.000805
505.366667,0.000805
505.4,0.000805
505.433333,0.000805
505.466667,0.000805
505.5,0.000805
505.533333,0.000805
505.566667,0.000805
505.6,0.000805
505.633333,0.000805
505.666667,0.000805
505.7,0.000805
505.733333,0.000805
505.766667,0.000805
505.8,90.107
505.833333,0.0052975
505.866667,0.0128625
505.9,0.0032375
505.933333,0.0018325
505.966667,0.001645
506,0.0016
506.033333,0.0016
506.066667,0.0016
506.1,0.0016
506.133333,0.0016
506.166667,0.0016
506.2,0.0016
506.233333,0.0016
506.266667,0.0016
506.3,0.0016
506.333333,0.0016
506.366667,0.0016
506.4,0.0016
506.433333,0.0016
506.466667,0.0016
506.5,0.0016
506.533333,0.0016
506.566667,0.0016
506.6,0.0016
506.633333,0.0016
506.666667,0.0016
506.7,0.0016
506.733333,0.0016
506.766667,0.0016
506.8,0.0016
506.833333,0.0016
506.866667,0.0016
506.9,0.882097
506.933333,0.0036125
506.966667,0.00202
507,0.00177
507.033333,0.00174
507.066667,0.001735
507.1,0.001735
507.133333,0.001735
507.166667,0.001735
507.2,0.001735
507.233333,0.001735
507.266667,0.001735
507.3,0.001735
507.333333,0.001735
507.366667,0.001735
507.4,0.001735
507.433333,0.001735
507.466667,0.001735
507.5,0.001735
507.533333,0.001735
507.566667,0.001735
507.6,0.001735
507.633333,0.001735
507.666667,0.001735
507.7,0.001735
507.733333,0.001735
507.766667,0.001735
507.8,0.001735
507.833333,4.5115
507.866667,0.011385
507.9,0.0035525
507.933333,0.0024875
507.966667,0.0022725
508,0.0022625
508.033333,0.0022625
508.066667,0.0022625
508.1,0.0022625
508.133333,0.0022625
508.166667,0.0022625
508.2,0.0022625
508.233333,0.0022625
508.266667,0.0022625
508.3,0.0022625
508.333333,0.0022625
508.366667,0.0022625
508.4,0.0022625
508.433333,0.0022625
508.466667,0.0022625
508.5,0.0022625
508.533333,0.0022625
508.566667,0.0022625
508.6,0.0022625
508.633333,0.0022625
508.666667,0.0022625
508.7,0.0022625
508.733333,0.0022625
508.766667,0.0022625
508.8,0.0022625
508.833333,0.0022625
508.866667,0.0022625
508.9,0.0022625
508.933333,0.0022625
508.966667,0.0022625
509,0.0022625
509.033333,0.0022625
509.066667,0.0022625
509.1,0.0022625
509.133333,0.0022625
509.166667,0.0022625
509.2,0.0022625
509.233333,0.0022625
509.266667,0.0022625
509.3,0.0022625
509.333333,0.0022625
509.366667,0.0022625
509.4,86.613
509.433333,0.001785
509.466667,0.0235875
509.5,0.00243
509.533333,0.00805
509.566667,0.0030125
509.6,0.0025475
509.633333,0.002385
509.666667,0.00235
509.7,0.00235
509.733333,0.00235
509.766667,0.00235
509.8,0.00235
509.833333,0.00235
509.866667,0.00235
509.9,0.00235
509.933333,0.00235
509.966667,0.00235
510,0.00235
510.033333,0.00235
510.066667,0.00235
510.1,0.00235
510.133333,0.00235
510.166667,0.00235
510.2,0.00235
510.233333,0.00235
510.266667,0.00235
510.3,0.00235
510.333333,0.00235
510.366667,0.00235
510.4,0.00235
510.433333,0.00235
510.466667,0.00235
510.5,0.00235
510.533333,0.00235
510.566667,0.00235
510.6,0.00235
510.633333,0.00235
510.666667,0.00235
510.7,0.00235
510.733333,0.00235
510.766667,0.00235
510.8,0.00235
510.833333,1.06205
510.866667,2.29929
510.9,2.2813
510.933333,2.17813
510.966667,2.17359
511,2.14363
511.033333,2.29624
511.066667,2.44642
511.1,2.4932
511.133333,2.69543
511.166667,2.83049
511.2,2.85213
511.233333,2.7503
511.266667,1.19964
511.3,0.002575
511.333333,0.00197
511.366667,0.0019475
511.4,0.001925
511.433333,0.00192
511.466667,0.00192
511.5,0.00192
511.533333,0.00192
511.566667,0.00192
511.6,0.00192
511.633333,0.00192
511.666667,0.00192
511.7,0.00192
511.733333,0.00192
511.766667,0.00192
511.8,0.00192
511.833333,0.00192
511.866667,0.00192
511.9,0.00192
511.933333,0.00192
511.966667,0.00192
512,0.0510775
512.033333,0.003435
512.066667,0.000955
512.1,0.0007625
512.133333,0.00073
512.166667,0.000725
512.2,0.000725
512.233333,0.000725
512.266667,0.000725
512.3,0.000725
512.333333,0.000725
512.366667,0.000725
512.4,0.000725
512.433333,0.000725
512.466667,0.000725
512.5,0.000725
512.533333,0.000725
512.566667,0.000725
512.6,0.000725
512.633333,0.000725
512.666667,0.000725
512.7,0.000725
512.733333,0.000725
512.766667,0.000725
512.8,0.000725
512.833333,0.000725
512.866667,0.000725
512.9,0.000725
512.933333,0.000725
512.966667,0.000725
513,0.000725
513.033333,0.000725
513.066667,0.000725
513.1,0.000725
513.133333,0.000725
513.166667,0.000725
513.2,0.000725
513.233333,0.000725
513.266667,0.000725
513.3,0.000725
513.333333,0.000725
513.366667,0.000725
513.4,0.000725
513.433333,0.000725
513.466667,0.000725
513.5,0.000725
513.533333,0.000725
513.566667,0.000725
513.6,0.000725
513.633333,0.000725
513.666667,0.000725
513.7,0.000725
513.733333,0.000725
513.766667,0.000725
513.8,0.000725
513.833333,0.000725
513.866667,0.000725
513.9,0.000725
513.933333,0.000725
513.966667,0.000725
514,0.000725
514.033333,0.000725
514.066667,0.000725
514.1,0.000725
514.133333,0.000725
514.166667,0.000725
514.2,0.000725
514.233333,0.000725
514.266667,0.000725
514.3,0.000725
514.333333,0.000725
514.366667,0.000725
514.4,0.000725
514.433333,0.000725
514.466667,0.000725
514.5,0.000725
514.533333,0.000725
514.566667,0.000725
514.6,0.000725
514.633333,0.000725
514.666667,0.000725
514.7,0.000725
514.733333,0.000725
514.766667,0.000725
514.8,0.000725
514.833333,0.000725
514.866667,0.000725
514.9,0.000725
514.933333,0.000725
514.966667,0.000725
515,0.000725
515.033333,0.000725
515.066667,0.000725
515.1,0.000725
515.133333,0.000725
515.166667,0.000725
515.2,0.000725
515.233333,0.000725
515.266667,0.000725
515.3,0.000725
515.333333,0.000725
515.366667,0.000725
515.4,0.000725
515.433333,0.000725
515.466667,0.000725
515.5,0.000725
515.533333,0.000725
515.566667,0.000725
515.6,0.000725
515.633333,0.000725
515.666667,0.000725
515.7,0.000725
515.733333,0.000725
515.766667,0.000725
515.8,0.000725
515.833333,0.000725
515.866667,0.000725
515.9,0.000725
515.933333,0.000725
515.966667,0.000725
516,0.000725
516.033333,0.000725
516.066667,0.000725
516.1,0.000725
516.133333,0.000725
516.166667,0.000725
516.2,0.000725
516.233333,0.000725
516.266667,0.000725
516.3,0.000725
516.333333,0.000725
516.366667,0.000725
516.4,0.000725
516.433333,0.000725
516.466667,0.000725
516.5,0.000725
516.533333,0.000725
516.566667,0.320752
516.6,0.336162
516.633333,0.3382
516.666667,0.471322
516.7,0.337838
516.733333,0.417307
516.766667,0.42095
516.8,0.301915
516.833333,0.31127
516.866667,0.308773
516.9,0.385323
516.933333,0.2304
516.966667,0.278543
517,0.314775
517.033333,0.35417
517.066667,0.22555
517.1,0.261825
517.133333,0.209285
517.166667,0.347957
517.2,0.104832
517.233333,0.352608
517.266667,0.2442
517.3,0.09961
517.333333,0.163225
517.366667,0.319093
517.4,0.0741575
517.433333,0.14744
517.466667,0.139253
517.5,0.22856
517.533333,0.15265
517.566667,0.0074175
517.6,0.0029225
517.633333,0.002285
517.666667,0.002195
517.7,0.00219
517.733333,0.00219
517.766667,0.00219
517.8,0.00219
517.833333,0.00219
517.866667,0.00219
517.9,0.00219
517.933333,0.00219
517.966667,0.00219
518,0.00219
518.033333,0.00219
518.066667,0.00219
518.1,0.00219
518.133333,0.00219
518.166667,0.00219
518.2,0.00219
518.233333,0.00219
518.266667,0.00219
518.3,0.00219
518.333333,0.00219
518.366667,0.00219
518.4,0.00219
518.433333,0.00219
518.466667,0.00219
518.5,0.00219
518.533333,0.00219
518.566667,0.00219
518.6,0.00219
518.633333,0.00219
518.666667,0.00219
518.7,0.00219
518.733333,0.00219
518.766667,0.00219
518.8,0.00219
518.833333,0.00219
518.866667,0.00219
518.9,0.00219
518.933333,0.00219
518.966667,0.00219
519,0.00219
519.033333,0.00219
519.066667,0.00219
519.1,0.00219
519.133333,0.00219
519.166667,0.00219
519.2,0.00219
519.233333,0.00219
519.266667,0.00219
519.3,0.00219
519.333333,0.00219
519.366667,0.00219
519.4,0.00219
519.433333,0.00219
519.466667,0.00219
519.5,0.00219
519.533333,0.00219
519.566667,0.00219
519.6,0.00219
519.633333,0.00219
519.666667,0.00219
519.7,0.00219
519.733333,0.00219
519.766667,0.00219
519.8,0.00219
519.833333,0.00219
519.866667,0.00219
519.9,0.00219
519.933333,0.00219
519.966667,0.00219
520,0.0671875
520.033333,0.0035125
520.066667,0.00095
520.1,0.0007425
520.133333,0.00072
520.166667,0.00072
520.2,0.00072
520.233333,0.00072
520.266667,0.00072
520.3,0.00072
520.333333,0.00072
520.366667,0.00072
520.4,0.00072
520.433333,0.00072
520.466667,0.00072
520.5,0.00072
520.533333,0.00072
520.566667,0.00072
520.6,0.00072
520.633333,0.00072
520.666667,42.0738
520.7,0.0027275
520.733333,0.0168675
520.766667,0.00428
520.8,0.0025975
520.833333,0.0023425
520.866667,0.002295
520.9,0.002305
520.933333,0.002295
520.966667,0.002305
521,0.002295
521.033333,0.002305
521.066667,0.002295
521.1,0.002305
521.133333,0.002295
521.166667,0.002305
521.2,0.002295
521.233333,0.002305
521.266667,0.002295
521.3,1.47205
521.333333,1.37202
521.366667,1.17606
521.4,1.29868
521.433333,1.11373
521.466667,1.05371
521.5,1.24578
521.533333,1.24714
521.566667,1.07813
521.6,1.23734
521.633333,1.08066
521.666667,1.23235
521.7,1.23614
521.733333,1.22697
521.766667,1.22826
521.8,1.08377
521.833333,1.24034
521.866667,1.46519
521.9,1.39796
521.933333,1.08079
521.966667,1.25257
522,1.40336
522.033333,1.26396
522.066667,1.48961
522.1,1.27607
522.133333,1.42156
522.166667,1.29614
522.2,1.67154
522.233333,1.29937
522.266667,1.55865
522.3,0.046185
522.333333,0.0127575
522.366667,0.0045625
522.4,0.0030625
522.433333,0.0028225
522.466667,0.002785
522.5,0.0028
522.533333,0.00278
522.566667,0.0028
522.6,0.00278
522.633333,0.0028
522.666667,0.00278
522.7,0.0028
522.733333,0.00278
522.766667,0.0028
522.8,0.00278
522.833333,0.0028
522.866667,0.00278
522.9,0.0028
522.933333,0.00278
522.966667,0.0028
523,0.00278
523.033333,0.0028
523.066667,0.00278
523.1,0.0028
523.133333,0.00278
523.166667,0.0028
523.2,0.00278
523.233333,0.0028
523.266667,0.00278
523.3,0.0028
523.333333,0.00278
523.366667,0.0028
523.4,0.00278
523.433333,0.0028
523.466667,0.00278
523.5,0.0028
523.533333,0.00278
523.566667,0.0028
523.6,0.00278
523.633333,0.0028
523.666667,0.00278
523.7,0.0028
523.733333,0.00278
523.766667,0.0028
523.8,0.00278
523.833333,0.0028
523.866667,0.00278
523.9,0.0028
523.933333,0.00278
523.966667,0.0028
524,0.00278
524.033333,0.0028
524.066667,0.00278
524.1,0.0028
524.133333,0.00278
524.166667,0.0028
524.2,0.00278
524.233333,0.0028
524.266667,0.00278
524.3,0.0028
524.333333,0.00278
524.366667,0.0028
524.4,0.00278
524.433333,0.0028
524.466667,0.00278
524.5,0.0028
524.533333,0.00278
524.566667,0.0028
524.6,0.00278
524.633333,0.0028
524.666667,0.00278
524.7,0.0028
524.733333,0.00278
524.766667,0.0028
524.8,0.00278
524.833333,0.0028
524.866667,0.952422
524.9,0.836205
524.933333,1.09754
524.966667,0.95793
525,0.886927
525.033333,0.904783
525.066667,0.926133
525.1,0.87688
525.133333,0.99645
525.166667,0.805895
525.2,0.76016
525.233333,0.881848
525.266667,0.943638
525.3,0.838882
525.333333,0.712708
525.366667,0.907543
525.4,0.75839
525.433333,0.879787
525.466667,0.827425
525.5,0.756288
525.533333,0.90252
525.566667,0.718673
525.6,0.894827
525.633333,0.82358
525.666667,0.7891
525.7,0.813638
525.733333,0.92326
525.766667,0.842845
525.8,1.03924
525.833333,1.15584
525.866667,0.010615
525.9,0.0194075
525.933333,0.00538
525.966667,0.003535
526,0.00321
526.033333,0.00319
526.066667,0.0032
526.1,0.00319
526.133333,0.0032
526.166667,0.00319
526.2,0.0032
526.233333,0.00319
526.266667,0.0032
526.3,0.00319
526.333333,0.0032
526.366667,0.00319
526.4,0.0032
526.433333,0.00319
526.466667,0.0032
526.5,0.00319
526.533333,0.0032
526.566667,0.00319
526.6,0.0032
526.633333,0.00319
526.666667,0.0032
526.7,0.00319
526.733333,0.0032
526.766667,0.00319
526.8,0.0032
526.833333,0.00319
526.866667,0.0032
526.9,0.00319
526.933333,0.0032
526.966667,0.00319
527,0.0032
527.033333,0.00319
527.066667,0.0032
527.1,0.00319
527.133333,0.0032
527.166667,0.00319
527.2,0.0032
527.233333,0.00319
527.266667,0.0032
527.3,0.00319
527.333333,0.0032
527.366667,0.00319
527.4,0.0032
527.433333,0.00319
527.466667,0.0032
527.5,0.00319
527.533333,0.0032
527.566667,0.00319
527.6,0.0032
527.633333,0.00319
527.666667,0.0032
527.7,0.00319
527.733333,1.6728
527.766667,1.36749
527.8,1.55251
527.833333,1.41614
527.866667,1.38087
527.9,1.42425
527.933333,1.45242
527.966667,1.2055
528,1.6471
528.033333,1.38426
528.066667,1.42507
528.1,1.20527
528.133333,1.42449
528.166667,1.52146
528.2,1.40946
528.233333,1.46189
528.266667,1.40615
528.3,1.41994
528.333333,1.42216
528.366667,1.46223
528.4,1.57019
528.433333,1.44836
528.466667,1.4608
528.5,1.67274
528.533333,1.47313
528.566667,1.54682
528.6,1.73016
528.633333,1.51004
528.666667,1.56421
528.7,1.74926
528.733333,0.055465
528.766667,0.0654
528.8,0.0107025
528.833333,0.004445
528.866667,0.0036375
528.9,0.0035575
528.933333,0.00354
528.966667,0.00355
529,0.00354
529.033333,0.00355
529.066667,0.00354
529.1,0.00355
529.133333,0.00354
529.166667,0.00355
529.2,0.00354
529.233333,0.00355
529.266667,0.00354
529.3,0.00355
529.333333,0.00354
529.366667,0.00355
529.4,0.00354
529.433333,0.00355
529.466667,0.00354
529.5,0.00355
529.533333,0.00354
529.566667,0.00355
529.6,0.00354
529.633333,0.00355
529.666667,0.00354
529.7,0.00355
529.733333,0.00354
529.766667,0.00355
529.8,0.00354
529.833333,0.00355
529.866667,0.00354
529.9,0.00355
529.933333,0.00354
529.966667,0.00355
530,0.00354
530.033333,0.00355
530.066667,0.00354
530.1,0.00355
530.133333,0.00354
530.166667,0.00355
530.2,0.00354
530.233333,0.00355
530.266667,0.00354
530.3,0.00355
530.333333,0.00354
530.366667,0.00355
530.4,0.00354
530.433333,0.00355
530.466667,0.00354
530.5,0.00355
530.533333,0.00354
530.566667,0.00355
530.6,0.50017
530.633333,0.52296
530.666667,0.515425
530.7,0.508238
530.733333,0.556688
530.766667,0.50163
530.8,0.49959
530.833333,0.500135
530.866667,0.497695
530.9,0.630332
530.933333,0.53277
530.966667,0.496302
531,0.49837
531.033333,0.504077
531.066667,0.554268
531.1,0.507405
531.133333,0.626745
531.166667,0.53019
531.2,0.543935
531.233333,0.52003
531.266667,0.54461
531.3,0.716172
531.333333,0.544848
531.366667,0.56345
531.4,0.54568
531.433333,0.709472
531.466667,0.54585
531.5,0.656915
531.533333,0.67398
531.566667,1.30103
531.6,0.0096175
531.633333,0.0043675
531.666667,0.00339
531.7,0.0033
531.733333,0.00329
531.766667,0.0033
531.8,0.00329
531.833333,0.0033
531.866667,0.00329
531.9,0.0033
531.933333,0.00329
531.966667,0.0033
532,0.00329
532.033333,0.0033
532.066667,0.00329
532.1,0.0033
532.133333,0.00329
532.166667,0.0033
532.2,0.00329
532.233333,0.0033
532.266667,0.00329
532.3,0.0033
532.333333,0.00329
532.366667,0.0033
532.4,0.00329
532.433333,0.0033
532.466667,0.00329
532.5,0.0033
532.533333,0.00329
532.566667,0.0033
532.6,0.00329
532.633333,0.0033
532.666667,0.00329
532.7,0.0033
532.733333,0.00329
532.766667,0.0033
532.8,0.00329
532.833333,0.0033
532.866667,0.00329
532.9,0.0033
532.933333,0.00329
532.966667,0.0033
533,0.00329
533.033333,0.0033
533.066667,0.00329
533.1,0.0033
533.133333,0.00329
533.166667,0.0033
533.2,0.00329
533.233333,0.0033
533.266667,0.00329
533.3,0.0033
533.333333,0.00329
533.366667,0.0033
533.4,0.00329
533.433333,0.0033
533.466667,0.00329
533.5,0.0033
533.533333,0.00329
533.566667,0.0033
533.6,0.00329
533.633333,0.0033
533.666667,0.00329
533.7,0.0033
533.733333,0.00329
533.766667,0.0033
533.8,0.00329
533.833333,0.0033
533.866667,0.00329
533.9,0.0033
533.933333,0.00329
533.966667,0.0033
534,0.00329
534.033333,0.0033
534.066667,0.00329
534.1,0.0033
534.133333,0.00329
534.166667,0.0033
534.2,0.00329
534.233333,0.0033
534.266667,0.00329
534.3,0.0033
534.333333,0.00329
534.366667,0.0033
534.4,0.00329
534.433333,0.0033
534.466667,0.00329
534.5,0.0033
534.533333,0.00329
534.566667,0.0033
534.6,0.00329
534.633333,0.0033
534.666667,0.00329
534.7,0.0033
534.733333,0.00329
534.766667,0.0033
534.8,0.00329
534.833333,0.0033
534.866667,0.00329
534.9,51.7205
534.933333,0.0026325
534.966667,0.01817
535,0.010465
535.033333,0.0051675
535.066667,0.0025525
535.1,0.00234
535.133333,0.00229
535.166667,0.00229
535.2,0.00229
535.233333,0.00229
535.266667,0.00229
535.3,0.00229
535.333333,0.00229
535.366667,0.00229
535.4,0.00229
535.433333,0.00229
535.466667,0.00229
535.5,0.00229
535.533333,0.00229
535.566667,0.00229
535.6,0.00229
535.633333,0.00229
535.666667,0.00229
535.7,0.00229
535.733333,0.00229
535.766667,0.00229
535.8,0.00229
535.833333,0.00229
535.866667,0.00229
535.9,1.15809
535.933333,1.08482
535.966667,0.917105
536,1.07707
536.033333,0.86834
536.066667,0.83807
536.1,1.0361
536.133333,1.01282
536.166667,0.872572
536.2,1.01529
536.233333,0.879997
536.266667,1.01241
536.3,1.0251
536.333333,1.03205
536.366667,1.00036
536.4,0.898303
536.433333,1.02521
536.466667,1.20456
536.5,1.20108
536.533333,0.885563
536.566667,1.03778
536.6,1.20483
536.633333,1.04361
536.666667,1.23545
536.7,1.05581
536.733333,1.21483
536.766667,1.07755
536.8,1.42196
536.833333,1.07606
536.866667,1.30069
536.9,0.0220875
536.933333,0.0094175
536.966667,0.003375
537,0.0023075
537.033333,0.00208
537.066667,0.00207
537.1,0.00207
537.133333,0.00207
537.166667,0.00207
537.2,0.00207
537.233333,0.00207
537.266667,0.00207
537.3,0.00207
537.333333,0.00207
537.366667,0.00207
537.4,0.00207
537.433333,0.00207
537.466667,0.00207
537.5,0.00207
537.533333,0.00207
537.566667,0.00207
537.6,0.00207
537.633333,0.00207
537.666667,0.00207
537.7,0.00207
537.733333,0.00207
537.766667,0.00207
537.8,0.00207
537.833333,0.00207
537.866667,0.00207
537.9,0.00207
537.933333,0.00207
537.966667,0.00207
538,0.00207
538.033333,0.00207
538.066667,0.00207
538.1,0.00207
538.133333,0.00207
538.166667,0.00207
538.2,0.00207
538.233333,0.00207
538.266667,0.00207
538.3,0.00207
538.333333,0.00207
538.366667,0.00207
538.4,0.00207
538.433333,0.00207
538.466667,0.00207
538.5,0.00207
538.533333,0.00207
538.566667,0.00207
538.6,0.00207
538.633333,0.00207
538.666667,0.00207
538.7,0.00207
538.733333,0.00207
538.766667,0.00207
538.8,0.00207
538.833333,0.00207
538.866667,0.00207
538.9,0.00207
538.933333,0.00207
538.966667,0.00207
539,0.00207
539.033333,0.00207
539.066667,0.00207
539.1,0.00207
539.133333,0.00207
539.166667,0.00207
539.2,0.00207
539.233333,0.00207
539.266667,0.00207
539.3,0.00207
539.333333,0.00207
539.366667,0.00207
539.4,0.00207
539.433333,0.00207
539.466667,0.00207
539.5,0.00207
539.533333,0.00207
539.566667,1.2629
539.6,1.07343
539.633333,1.41825
539.666667,1.07669
539.7,1.21203
539.733333,1.05481
539.766667,1.23352
539.8,1.04083
539.833333,1.20355
539.866667,1.03565
539.9,0.884997
539.933333,1.19207
539.966667,1.20129
540,1.03064
540.033333,0.883923
540.066667,1.0071
540.1,1.03195
540.133333,1.02367
540.166667,1.0109
540.2,0.881375
540.233333,1.01509
540.266667,0.872833
540.3,1.01366
540.333333,1.03828
540.366667,0.8368
540.4,0.896188
540.433333,1.04115
540.466667,0.92027
540.5,1.08759
540.533333,1.18266
540.566667,0.0183775
540.6,0.0350025
540.633333,0.0068625
540.666667,0.00421
540.7,0.00354
540.733333,0.003515
540.766667,0.003515
540.8,0.003515
540.833333,0.003515
540.866667,0.003515
540.9,0.003515
540.933333,0.003515
540.966667,0.003515
541,0.003515
541.033333,0.003515
541.066667,0.003515
541.1,0.003515
541.133333,0.003515
541.166667,0.003515
541.2,0.003515
541.233333,0.003515
541.266667,0.003515
541.3,0.003515
541.333333,0.003515
541.366667,0.003515
541.4,0.003515
541.433333,0.003515
541.466667,0.003515
541.5,0.003515
541.533333,0.003515
541.566667,0.003515
541.6,0.003515
541.633333,0.003515
541.666667,0.003515
541.7,0.003515
541.733333,0.003515
541.766667,0.003515
541.8,0.003515
541.833333,0.003515
541.866667,0.003515
541.9,0.003515
541.933333,0.003515
541.966667,0.003515
542,0.003515
542.033333,0.003515
542.066667,0.003515
542.1,0.003515
542.133333,0.003515
542.166667,0.003515
542.2,0.003515
542.233333,0.003515
542.266667,0.003515
542.3,0.003515
542.333333,0.003515
542.366667,0.003515
542.4,0.003515
542.433333,0.003515
542.466667,0.003515
542.5,0.003515
542.533333,0.003515
542.566667,0.003515
542.6,0.003515
542.633333,0.003515
542.666667,0.003515
542.7,0.003515
542.733333,0.003515
542.766667,0.003515
542.8,0.003515
542.833333,0.003515
542.866667,0.003515
542.9,0.003515
542.933333,0.003515
542.966667,0.003515
543,0.003515
543.033333,0.003515
543.066667,0.003515
543.1,0.003515
543.133333,0.003515
543.166667,0.003515
543.2,0.003515
543.233333,0.003515
543.266667,0.003515
543.3,0.003515
543.333333,0.003515
543.366667,0.003515
543.4,0.003515
543.433333,0.003515
543.466667,0.003515
543.5,0.003515
543.533333,0.003515
543.566667,0.003515
543.6,0.003515
543.633333,0.003515
543.666667,0.003515
543.7,0.003515
543.733333,0.003515
543.766667,0.003515
543.8,0.003515
543.833333,0.003515
543.866667,0.003515
543.9,0.003515
543.933333,0.003515
543.966667,0.003515
544,0.085945
544.033333,0.00417
544.066667,0.00111
544.1,0.0008625
544.133333,0.000805
544.166667,0.000805
544.2,0.000805
544.233333,0.000805
544.266667,0.000805
544.3,0.000805
544.333333,0.000805
544.366667,0.000805
544.4,0.000805
544.433333,0.000805
544.466667,0.000805
544.5,0.000805
544.533333,0.000805
544.566667,0.000805
544.6,0.000805
544.633333,0.000805
544.666667,0.000805
544.7,0.000805
544.733333,0.000805
544.766667,0.000805
544.8,0.000805
544.833333,0.000805
544.866667,0.000805
544.9,0.000805
544.933333,0.000805
544.966667,0.000805
545,0.000805
545.033333,0.000805
545.066667,0.000805
545.1,0.000805
545.133333,0.000805
545.166667,0.000805
545.2,0.000805
545.233333,0.000805
545.266667,0.000805
545.3,0.000805
545.333333,0.000805
545.366667,0.000805
545.4,0.000805
545.433333,0.000805
545.466667,0.000805
545.5,0.000805
545.533333,0.000805
545.566667,0.000805
545.6,0.000805
545.633333,0.000805
545.666667,0.000805
545.7,0.000805
545.733333,0.000805
545.766667,0.000805
545.8,0.000805
545.833333,0.000805
545.866667,0.000805
545.9,0.000805
545.933333,0.000805
545.966667,0.000805
546,0.000805
546.033333,0.000805
546.066667,0.000805
546.1,0.000805
546.133333,0.000805
546.166667,0.000805
546.2,0.000805
546.233333,0.000805
546.266667,0.000805
546.3,0.000805
546.333333,0.000805
546.366667,0.000805
546.4,0.000805
546.433333,0.000805
546.466667,0.000805
546.5,0.000805
546.533333,0.000805
546.566667,0.000805
546.6,0.000805
546.633333,0.000805
546.666667,0.000805
546.7,0.000805
546.733333,0.000805
546.766667,0.000805
546.8,0.000805
546.833333,0.000805
546.866667,0.000805
546.9,0.000805
546.933333,0.000805
546.966667,0.000805
547,0.000805
547.033333,0.000805
547.066667,0.000805
547.1,0.000805
547.133333,0.000805
547.166667,0.000805
547.2,0.000805
547.233333,0.000805
547.266667,0.000805
547.3,0.000805
547.333333,0.000805
547.366667,0.000805
547.4,0.000805
547.433333,0.000805
547.466667,0.000805
547.5,0.000805
547.533333,0.000805
547.566667,0.000805
547.6,0.000805
547.633333,0.000805
547.666667,0.000805
547.7,0.000805
547.733333,0.000805
547.766667,0.000805
547.8,0.000805
547.833333,0.000805
547.866667,0.000805
547.9,0.000805
547.933333,0.000805
547.966667,0.000805
548,0.000805
548.033333,0.000805
548.066667,0.0565875
548.1,0.0571225
548.133333,0.05926
548.166667,0.0598925
548.2,0.0604675
548.233333,0.0612325
548.266667,0.062775
548.3,0.064255
548.333333,0.067505
548.366667,0.06615
548.4,0.067595
548.433333,0.071845
548.466667,0.0707075
548.5,0.075235
548.533333,0.072825
548.566667,0.0779975
548.6,0.07695
548.633333,0.0821125
548.666667,0.0834325
548.7,0.0861875
548.733333,0.0889575
548.766667,0.0917
548.8,0.09559
548.833333,0.100178
548.866667,0.103102
548.9,0.10798
548.933333,0.114135
548.966667,0.11996
549,0.13077
549.033333,0.13353
549.066667,0.0029625
549.1,0.0014275
549.133333,0.0011475
549.166667,0.001115
549.2,0.001115
549.233333,0.001115
549.266667,0.001115
549.3,0.001115
549.333333,0.001115
549.366667,0.001115
549.4,0.001115
549.433333,0.001115
549.466667,0.001115
549.5,0.001115
549.533333,0.001115
549.566667,0.001115
549.6,0.001115
549.633333,0.001115
549.666667,0.001115
549.7,0.001115
549.733333,0.001115
549.766667,0.001115
549.8,0.001115
549.833333,0.001115
549.866667,0.001115
549.9,0.001115
549.933333,0.001115
549.966667,0.001115
550,0.001115
550.033333,0.001115
550.066667,0.001115
550.1,0.001115
550.133333,0.001115
550.166667,0.001115
550.2,0.001115
550.233333,0.001115
550.266667,0.001115
550.3,0.001115
550.333333,0.001115
550.366667,0.001115
550.4,0.001115
550.433333,0.001115
550.466667,0.001115
550.5,0.001115
550.533333,0.001115
550.566667,0.001115
550.6,0.001115
550.633333,0.001115
550.666667,0.001115
550.7,0.001115
550.733333,0.001115
550.766667,0.001115
550.8,0.001115
550.833333,0.001115
550.866667,0.001115
550.9,0.001115
550.933333,0.001115
550.966667,0.001115
551,0.001115
551.033333,0.001115
551.066667,0.001115
551.1,0.001115
551.133333,0.001115
551.166667,0.001115
551.2,0.001115
551.233333,0.001115
551.266667,0.001115
551.3,0.001115
551.333333,0.001115
551.366667,0.001115
551.4,0.001115
551.433333,0.001115
551.466667,0.001115
551.5,0.001115
551.533333,0.001115
551.566667,0.001115
551.6,0.001115
551.633333,7.9383
551.666667,0.002845
551.7,0.0014825
551.733333,0.0012925
551.766667,0.00128
551.8,0.00128
551.833333,0.00128
551.866667,0.00128
551.9,0.00128
551.933333,0.00128
551.966667,0.00128
552,0.01962
552.033333,0.004235
552.066667,0.0011675
552.1,0.000925
552.133333,0.00087
552.166667,0.00087
552.2,0.00087
552.233333,0.00087
552.266667,0.00087
552.3,0.00087
552.333333,0.00087
552.366667,0.00087
552.4,0.00087
552.433333,0.00087
552.466667,0.00087
552.5,0.00087
552.533333,0.00087
552.566667,0.00087
552.6,0.00087
552.633333,0.00087
552.666667,0.00087
552.7,0.00087
552.733333,0.00087
552.766667,0.00087
552.8,0.00087
552.833333,0.00087
552.866667,0.00087
552.9,0.00087
552.933333,0.00087
552.966667,0.00087
553,0.00087
553.033333,0.00087
553.066667,0.00087
553.1,0.00087
553.133333,0.00087
553.166667,0.00087
553.2,0.00087
553.233333,0.00087
553.266667,0.00087
553.3,0.00087
553.333333,0.00087
553.366667,0.00087
553.4,0.00087
553.433333,0.00087
553.466667,0.00087
553.5,0.00087
553.533333,0.00087
553.566667,0.00087
553.6,0.00087
553.633333,0.00087
553.666667,0.00087
553.7,0.00087
553.733333,0.00087
553.766667,0.00087
553.8,0.00087
553.833333,0.00087
553.866667,0.00087
553.9,0.00087
553.933333,0.00087
553.966667,0.00087
554,0.00087
554.033333,0.00087
554.066667,0.00087
554.1,0.00087
554.133333,7.9372
554.166667,0.00339
554.2,0.215045
554.233333,0.20045
554.266667,0.182968
554.3,0.1697
554.333333,0.15738
554.366667,0.149177
554.4,0.140822
554.433333,0.134488
554.466667,0.126982
554.5,0.123295
554.533333,0.117998
554.566667,0.11395
554.6,0.11014
554.633333,0.103807
554.666667,0.105142
554.7,0.0982225
554.733333,0.100297
554.766667,0.0954675
554.8,0.0027325
554.833333,0.0014025
554.866667,0.00125
554.9,0.001215
554.933333,0.00121
554.966667,0.00121
555,0.00121
555.033333,0.00121
555.066667,0.00121
555.1,0.00121
555.133333,0.00121
555.166667,0.00121
555.2,0.00121
555.233333,0.00121
555.266667,0.00121
555.3,0.00121
555.333333,0.00121
555.366667,0.00121
555.4,0.00121
555.433333,0.00121
555.466667,0.00121
555.5,0.00121
555.533333,0.00121
555.566667,0.00121
555.6,0.00121
555.633333,0.00121
555.666667,0.00121
555.7,0.00121
555.733333,0.00121
555.766667,0.00121
555.8,0.00121
555.833333,0.00121
555.866667,0.00121
555.9,0.00121
555.933333,0.00121
555.966667,0.00121
556,0.00121
556.033333,0.00121
556.066667,0.00121
556.1,0.00121
556.133333,0.00121
556.166667,0.00121
556.2,0.00121
556.233333,0.00121
556.266667,0.00121
556.3,0.00121
556.333333,0.00121
556.366667,0.00121
556.4,0.00121
556.433333,0.00121
556.466667,0.00121
556.5,0.00121
556.533333,0.00121
556.566667,0.00121
556.6,0.00121
556.633333,0.00121
556.666667,0.00121
556.7,0.00121
556.733333,0.00121
556.766667,0.00121
556.8,0.00121
556.833333,0.00121
556.866667,0.00121
556.9,0.00121
556.933333,0.00121
556.966667,0.00121
557,0.00121
557.033333,0.00121
557.066667,0.00121
557.1,0.00121
557.133333,0.00121
557.166667,0.00121
557.2,0.00121
557.233333,0.00121
557.266667,0.00121
557.3,0.00121
557.333333,0.00121
557.366667,0.00121
557.4,0.00121
557.433333,0.00121
557.466667,0.00121
557.5,0.203013
557.533333,0.20437
557.566667,0.193035
557.6,0.20254
557.633333,0.207258
557.666667,0.194582
557.7,0.208725
557.733333,0.211308
557.766667,0.215645
557.8,0.21557
557.833333,0.218815
557.866667,0.22552
557.9,0.227575
557.933333,0.245205
557.966667,0.235747
558,0.254365
558.033333,0.26069
558.066667,0.268547
558.1,0.275512
558.133333,0.285573
558.166667,0.307215
558.2,0.320827
558.233333,0.334693
558.266667,0.36298
558.3,0.395518
558.333333,0.420488
558.366667,0.473828
558.4,0.559737
558.433333,0.70223
558.466667,1.45579
558.5,0.0042725
558.533333,0.00168
558.566667,0.0012675
558.6,0.0011825
558.633333,0.001165
558.666667,0.001165
558.7,0.001165
558.733333,0.001165
558.766667,0.001165
558.8,0.001165
558.833333,0.001165
558.866667,0.001165
558.9,0.001165
558.933333,0.001165
558.966667,0.001165
559,0.001165
559.033333,0.001165
559.066667,0.001165
559.1,0.001165
559.133333,0.001165
559.166667,0.001165
559.2,0.001165
559.233333,0.001165
559.266667,0.001165
559.3,0.001165
559.333333,0.001165
559.366667,0.001165
559.4,0.001165
559.433333,0.001165
559.466667,0.001165
559.5,0.001165
559.533333,0.001165
559.566667,0.001165
559.6,0.001165
559.633333,0.001165
559.666667,0.001165
559.7,0.001165
559.733333,0.001165
559.766667,0.001165
559.8,0.001165
559.833333,0.001165
559.866667,0.001165
559.9,0.001165
559.933333,0.001165
559.966667,0.001165
560,0.0210625
560.033333,0.004235
560.066667,0.0011675
560.1,0.000925
560.133333,0.00087
560.166667,0.00087
560.2,0.00087
560.233333,0.00087
560.266667,0.00087
560.3,0.00087
560.333333,0.00087
560.366667,0.00087
560.4,0.00087
560.433333,0.00087
560.466667,0.00087
560.5,0.00087
560.533333,0.00087
560.566667,0.00087
560.6,0.00087
560.633333,0.00087
560.666667,0.00087
560.7,0.00087
560.733333,0.00087
560.766667,0.00087
560.8,0.00087
560.833333,0.00087
560.866667,0.00087
560.9,0.00087
560.933333,0.00087
560.966667,0.00087
561,0.00087
561.033333,0.00087
561.066667,0.00087
561.1,0.00087
561.133333,0.00087
561.166667,0.00087
561.2,0.00087
561.233333,0.00087
561.266667,0.00087
561.3,0.00087
561.333333,0.00087
561.366667,0.00087
561.4,0.00087
561.433333,0.00087
561.466667,0.00087
561.5,0.00087
561.533333,0.00087
561.566667,0.00087
561.6,0.00087
561.633333,0.00087
561.666667,0.00087
561.7,0.00087
561.733333,0.00087
561.766667,0.00087
561.8,0.00087
561.833333,0.00087
561.866667,0.00087
561.9,0.00087
561.933333,0.00087
561.966667,0.00087
562,0.00087
562.033333,0.00087
562.066667,0.00087
562.1,0.00087
562.133333,0.00087
562.166667,0.00087
562.2,0.00087
562.233333,0.00087
562.266667,0.00087
562.3,0.00087
562.333333,0.00087
562.366667,0.00087
562.4,0.00087
562.433333,0.00087
562.466667,0.00087
562.5,0.00087
562.533333,0.00087
562.566667,0.00087
562.6,0.00087
562.633333,0.00087
562.666667,0.00087
562.7,0.00087
562.733333,0.00087
562.766667,0.00087
562.8,0.00087
562.833333,0.00087
562.866667,0.00087
562.9,0.00087
562.933333,0.00087
562.966667,0.00087
563,0.00087
563.033333,0.00087
563.066667,0.00087
563.1,0.00087
563.133333,0.00087
563.166667,0.00087
563.2,0.00087
563.233333,0.00087
563.266667,0.00087
563.3,0.00087
563.333333,0.00087
563.366667,0.00087
563.4,0.00087
563.433333,0.00087
563.466667,0.00087
563.5,0.00087
563.533333,0.00087
563.566667,0.00087
563.6,0.00087
563.633333,0.00087
563.666667,0.00087
563.7,0.00087
563.733333,0.00087
563.766667,0.00087
563.8,0.00087
563.833333,0.00087
563.866667,0.00087
563.9,0.00087
563.933333,0.00087
563.966667,0.00087
564,0.00087
564.033333,0.00087
564.066667,0.00087
564.1,0.00087
564.133333,0.00087
564.166667,0.00087
564.2,0.00087
564.233333,0.00087
564.266667,0.00087
564.3,0.00087
564.333333,0.00087
564.366667,0.00087
564.4,0.00087
564.433333,0.00087
564.466667,0.00087
564.5,0.00087
564.533333,0.00087
564.566667,0.00087
564.6,0.00087
564.633333,0.00087
564.666667,0.00087
564.7,0.00087
564.733333,0.00087
564.766667,0.00087
564.8,0.00087
564.833333,0.00087
564.866667,0.00087
564.9,0.00087
564.933333,0.00087
564.966667,0.00087
565,0.00087
565.033333,0.00087
565.066667,0.00087
565.1,0.00087
565.133333,0.00087
565.166667,0.00087
565.2,0.00087
565.233333,0.00087
565.266667,0.00087
565.3,0.00087
565.333333,0.00087
565.366667,0.00087
565.4,0.00087
565.433333,0.00087
565.466667,0.00087
565.5,0.00087
565.533333,0.00087
565.566667,0.00087
565.6,0.00087
565.633333,0.00087
565.666667,0.00087
565.7,0.00087
565.733333,0.00087
565.766667,0.00087
565.8,0.00087
565.833333,0.00087
565.866667,0.00087
565.9,0.00087
565.933333,0.00087
565.966667,0.00087
566,0.00087
566.033333,0.00087
566.066667,0.00087
566.1,0.00087
566.133333,0.00087
566.166667,0.00087
566.2,0.00087
566.233333,0.00087
566.266667,0.00087
566.3,0.00087
566.333333,0.00087
566.366667,0.00087
566.4,0.00087
566.433333,0.00087
566.466667,0.00087
566.5,0.00087
566.533333,0.00087
566.566667,0.00087
566.6,0.00087
566.633333,0.00087
566.666667,0.00087
566.7,0.00087
566.733333,0.00087
566.766667,0.00087
566.8,0.00087
566.833333,0.00087
566.866667,0.00087
566.9,0.00087
566.933333,0.00087
566.966667,0.00087
567,0.00087
567.033333,0.00087
567.066667,0.00087
567.1,0.00087
567.133333,0.00087
567.166667,0.00087
567.2,0.00087
567.233333,0.00087
567.266667,0.00087
567.3,0.00087
567.333333,0.00087
567.366667,0.00087
567.4,0.00087
567.433333,0.00087
567.466667,0.00087
567.5,0.00087
567.533333,0.00087
567.566667,0.00087
567.6,0.00087
567.633333,0.00087
567.666667,0.00087
567.7,17.9754
567.733333,0
567.766667,0
567.8,0
567.833333,0
567.866667,0
567.9,0
567.933333,0
567.966667,0
568,5
568.033333,0
568.066667,0
568.1,0
568.133333,0
568.166667,0
568.2,0
568.233333,0
568.266667,0
568.3,0
568.333333,0
568.366667,0
568.4,0
568.433333,0
568.466667,0
568.5,0
568.533333,0
568.566667,0
568.6,0
568.633333,0
568.666667,0
568.7,0
568.733333,0
568.766667,0
568.8,0
568.833333,0
568.866667,0
568.9,0
568.933333,0
568.966667,0
569,0
569.033333,0
569.066667,0
569.1,0
569.133333,0
569.166667,0
569.2,0
569.233333,0
569.266667,0
569.3,0
569.333333,0
569.366667,0
569.4,0
569.433333,0
569.466667,0
569.5,0
569.533333,0
569.566667,0
569.6,0
569.633333,0
569.666667,0
569.7,0
569.733333,0
569.766667,0
569.8,0
569.833333,0
569.866667,0
569.9,0
569.933333,0
569.966667,0
570,0
570.033333,0
570.066667,0
570.1,0
570.133333,0
570.166667,0
570.2,0
570.233333,0
570.266667,0
570.3,0
570.333333,0
570.366667,0
570.4,0
570.433333,0
570.466667,0
570.5,0
570.533333,0
570.566667,0
570.6,0
570.633333,0
570.666667,0
570.7,0
570.733333,0
570.766667,0
570.8,0
570.833333,0
570.866667,0
570.9,0
570.933333,0
570.966667,0
571,0
571.033333,0
571.066667,0
571.1,0
571.133333,0
571.166667,0
571.2,0
571.233333,0
571.266667,0
571.3,0
571.333333,0
571.366667,0
571.4,0
571.433333,0
571.466667,0
571.5,0
571.533333,0
571.566667,0
571.6,0
571.633333,0
571.666667,0
571.7,0
571.733333,0
571.766667,0
571.8,0
571.833333,0
571.866667,0
571.9,0
571.933333,0
571.966667,0
572,0
572.033333,0
572.066667,0
572.1,0
572.133333,0
572.166667,0
572.2,0
572.233333,0
572.266667,0
572.3,0
572.333333,0
572.366667,0
572.4,0
572.433333,0
572.466667,0
572.5,0
572.533333,0
572.566667,0
572.6,0
572.633333,0
572.666667,0
572.7,0
572.733333,0
572.766667,0
572.8,0
572.833333,0
572.866667,0
572.9,0
572.933333,0
572.966667,0
573,0
573.033333,0
573.066667,0
573.1,0
573.133333,0
573.166667,0
573.2,0
573.233333,0
573.266667,0
573.3,0
573.333333,0
573.366667,0
573.4,0
573.433333,0
573.466667,0
573.5,0
573.533333,0
573.566667,0
573.6,0
573.633333,0
573.666667,0
573.7,0
573.733333,0
573.766667,0
573.8,0
573.833333,0
573.866667,0
573.9,0
573.933333,0
573.966667,0
574,0
574.033333,0
574.066667,0
574.1,0
574.133333,0
574.166667,0
574.2,0
574.233333,0
574.266667,0
574.3,0
574.333333,0
574.366667,0
574.4,0
574.433333,0
574.466667,0
574.5,0
574.533333,0
574.566667,0
574.6,0
574.633333,0
574.666667,0
574.7,0
574.733333,0
574.766667,0
574.8,0
574.833333,0
574.866667,0
574.9,0
574.933333,0
574.966667,0
575,0
575.033333,0
575.066667,0
575.1,0
575.133333,0
575.166667,0
575.2,0
575.233333,0
575.266667,0
575.3,0
575.333333,0
575.366667,0
575.4,0
575.433333,0
575.466667,0
575.5,0
575.533333,0
575.566667,0
575.6,0
575.633333,0
575.666667,0
575.7,0
575.733333,0
575.766667,0
575.8,0
575.833333,0
575.866667,0
575.9,0
575.933333,0
575.966667,0
576,0
576.033333,0
576.066667,0
576.1,0
576.133333,0
576.166667,0
576.2,0
576.233333,0
576.266667,0
576.3,0
576.333333,0
576.366667,0
576.4,0
576.433333,0
576.466667,0
576.5,0
576.533333,0
576.566667,0
576.6,0
576.633333,0
576.666667,0
576.7,0
576.733333,0
576.766667,0
576.8,0
576.833333,0
576.866667,0
576.9,0
576.933333,0
576.966667,0
577,0
577.033333,0
577.066667,0
577.1,0
577.133333,0
577.166667,0
577.2,0
577.233333,0
577.266667,0
577.3,0
577.333333,0
577.366667,0
577.4,0
577.433333,0
577.466667,0
577.5,0
577.533333,0
577.566667,0
577.6,0
577.633333,0
577.666667,0
577.7,0
577.733333,0
577.766667,0
577.8,0
577.833333,0
577.866667,0
577.9,0
577.933333,0
577.966667,0
578,0
578.033333,0
578.066667,0
578.1,0
578.133333,0
578.166667,0
578.2,0
578.233333,0
578.266667,0
578.3,0
578.333333,0
578.366667,0
578.4,0
578.433333,0
578.466667,0
578.5,0
578.533333,0
578.566667,0
578.6,0
578.633333,0
578.666667,0
578.7,0
578.733333,0
578.766667,0
578.8,0
578.833333,0
578.866667,0
578.9,0
578.933333,0
578.966667,0
579,0
579.033333,0
579.066667,0
579.1,0
579.133333,0
579.166667,0
579.2,0
579.233333,0
579.266667,0
579.3,0
579.333333,0
579.366667,0
579.4,0
579.433333,0
579.466667,0
579.5,0
579.533333,0
579.566667,0
579.6,0
579.633333,0
579.666667,0
579.7,0
579.733333,0
579.766667,0
579.8,0
579.833333,0
579.866667,0
579.9,0
579.933333,0
579.966667,0
580,0
580.033333,0
580.066667,0
580.1,0
580.133333,0
580.166667,0
580.2,0
580.233333,0
580.266667,0
580.3,0
580.333333,0
580.366667,0
580.4,0
580.433333,0
580.466667,0
580.5,0
580.533333,0
580.566667,0
580.6,0
580.633333,0
580.666667,0
580.7,0
580.733333,0
580.766667,0
580.8,0
580.833333,0
580.866667,0
580.9,0
580.933333,0
580.966667,0
581,0
581.033333,0
581.066667,0
581.1,0
581.133333,0
581.166667,0
581.2,0
581.233333,0
581.266667,0
581.3,0
581.333333,0
581.366667,0
581.4,0
581.433333,0
581.466667,0
581.5,0
581.533333,0
581.566667,0
581.6,0
581.633333,0
581.666667,0
581.7,0
581.733333,0
581.766667,0
581.8,0
581.833333,0
581.866667,0
581.9,0
581.933333,0
581.966667,0
582,0
582.033333,0
582.066667,0
582.1,0
582.133333,0
582.166667,0
582.2,0
582.233333,0
582.266667,0
582.3,0
582.333333,0
582.366667,0
582.4,0
582.433333,0
582.466667,0
582.5,0
582.533333,0
582.566667,0
582.6,0
582.633333,0
582.666667,0
582.7,0
582.733333,0
582.766667,0
582.8,0
582.833333,0
582.866667,0
582.9,0
582.933333,0
582.966667,0
583,0
583.033333,0
583.066667,0
583.1,0
583.133333,0
583.166667,0
583.2,0
583.233333,0
583.266667,0
583.3,0
583.333333,0
583.366667,0
583.4,0
583.433333,0
583.466667,0
583.5,0
583.533333,0
583.566667,0
583.6,0
583.633333,0
583.666667,0
583.7,0
583.733333,0
583.766667,0
583.8,0
583.833333,0
583.866667,0
583.9,0
583.933333,0
583.966667,0
584,0
584.033333,0
584.066667,0
584.1,0
584.133333,0
584.166667,0
584.2,0
584.233333,0
584.266667,0
584.3,0
584.333333,0
584.366667,0
584.4,0
584.433333,0
584.466667,0
584.5,0
584.533333,0
584.566667,0
584.6,0
584.633333,0
584.666667,0
584.7,0
584.733333,0
584.766667,0
584.8,0
584.833333,0
584.866667,0
584.9,0
584.933333,0
584.966667,0
585,0
585.033333,0
585.066667,0
585.1,0
585.133333,0
585.166667,0
585.2,0
585.233333,0
585.266667,0
585.3,0
585.333333,0
585.366667,0
585.4,0
585.433333,0
585.466667,0
585.5,0
585.533333,0
585.566667,0
585.6,0
585.633333,0
585.666667,0
585.7,0
585.733333,0
585.766667,0
585.8,0
585.833333,0
585.866667,0
585.9,0
585.933333,0
585.966667,0
586,0
586.033333,0
586.066667,0
586.1,0
586.133333,0
586.166667,0
586.2,0
586.233333,0
586.266667,0
586.3,0
586.333333,0
586.366667,0
586.4,0
586.433333,0
586.466667,0
586.5,0
586.533333,0
586.566667,0
586.6,0
586.633333,0
586.666667,0
586.7,0
586.733333,0
586.766667,0
586.8,0
586.833333,0
586.866667,0
586.9,0
586.933333,0
586.966667,0
587,0
587.033333,0
587.066667,0
587.1,0
587.133333,0
587.166667,0
587.2,0
587.233333,0
587.266667,0
587.3,0
587.333333,0
587.366667,0
587.4,0
587.433333,0
587.466667,0
587.5,0
587.533333,0
587.566667,0
587.6,0
587.633333,0
587.666667,0
587.7,0
587.733333,0
587.766667,0
587.8,0
587.833333,0
587.866667,0
587.9,0
587.933333,0
587.966667,0
588,0
588.033333,0
588.066667,0
588.1,0
588.133333,0
588.166667,0
588.2,0
588.233333,0
588.266667,0
588.3,0
588.333333,0
588.366667,0
588.4,0
588.433333,0
588.466667,0
588.5,0
588.533333,0
588.566667,0
588.6,0
588.633333,0
588.666667,0
588.7,0
588.733333,0
588.766667,0
588.8,0
588.833333,0
588.866667,0
588.9,0
588.933333,0
588.966667,0
589,0
589.033333,0
589.066667,0
589.1,0
589.133333,0
589.166667,0
589.2,0
589.233333,0
589.266667,0
589.3,0
589.333333,0
589.366667,0
589.4,0
589.433333,0
589.466667,0
589.5,0
589.533333,0
589.566667,0
589.6,0
589.633333,0
589.666667,0
589.7,0
589.733333,0
589.766667,0
589.8,0
589.833333,0
589.866667,0
589.9,0
589.933333,0
589.966667,0
590,0
590.033333,0
590.066667,0
590.1,0
590.133333,0
590.166667,0
590.2,0
590.233333,0
590.266667,0
590.3,0
590.333333,0
590.366667,0
590.4,0
590.433333,0
590.466667,0
590.5,0
590.533333,0
590.566667,0
590.6,0
590.633333,0
590.666667,0
590.7,0
590.733333,0
590.766667,0
590.8,0
590.833333,0
590.866667,0
590.9,0
590.933333,0
590.966667,0
591,0
591.033333,0
591.066667,0
591.1,0
591.133333,0
591.166667,0
591.2,0
591.233333,0
591.266667,0
591.3,0
591.333333,0
591.366667,0
591.4,0
591.433333,0
591.466667,0
591.5,0
591.533333,0
591.566667,0
591.6,0
591.633333,0
591.666667,0
591.7,0
591.733333,0
591.766667,0
591.8,0
591.833333,0
591.866667,0
591.9,0
591.933333,0
591.966667,0
592,0
592.033333,0
592.066667,0
592.1,0
592.133333,0
592.166667,0
592.2,0
592.233333,0
592.266667,0
592.3,0
592.333333,0
592.366667,0
592.4,0
592.433333,0
592.466667,0
592.5,0
592.533333,0
592.566667,0
592.6,0
592.633333,0
592.666667,0
592.7,0
592.733333,0
592.766667,0
592.8,0
592.833333,0
592.866667,0
592.9,0
592.933333,0
592.966667,0
593,0
593.033333,0
593.066667,0
593.1,0
593.133333,0
593.166667,0
593.2,0
593.233333,0
593.266667,0
593.3,0
593.333333,0
593.366667,0
593.4,0
593.433333,0
593.466667,0
593.5,0
593.533333,0
593.566667,0
593.6,0
593.633333,0
593.666667,0
593.7,0
593.733333,0
593.766667,0
593.8,0
593.833333,0
593.866667,0
593.9,0
593.933333,0
593.966667,0
594,0
594.033333,0
594.066667,0
594.1,0
594.133333,0
594.166667,0
594.2,0
594.233333,0
594.266667,0
594.3,0
594.333333,0
594.366667,0
594.4,0
594.433333,0
594.466667,0
594.5,0
594.533333,0
594.566667,0
594.6,0
594.633333,0
594.666667,0
594.7,0
594.733333,0
594.766667,0
594.8,0
594.833333,0
594.866667,0
594.9,0
594.933333,0
594.966667,0
595,0
595.033333,0
595.066667,0
595.1,0
595.133333,0
595.166667,0
595.2,0
595.233333,0
595.266667,0
595.3,0
595.333333,0
595.366667,0
595.4,0
595.433333,0
595.466667,0
595.5,0
595.533333,0
595.566667,0
595.6,0
595.633333,0
595.666667,0
595.7,0
595.733333,0
595.766667,0
595.8,0
595.833333,0
595.866667,0
595.9,0
595.933333,0
595.966667,0
596,0
596.033333,0
596.066667,0
596.1,0
596.133333,0
596.166667,0
596.2,0
596.233333,0
596.266667,0
596.3,0
596.333333,0
596.366667,3.36665
596.4,0.0005475
596.433333,9.75
596.466667,4.75
596.5,3
596.533333,3
596.566667,3
596.6,3
596.633333,3
596.666667,3
596.7,3
596.733333,3
596.766667,3
596.8,3
596.833333,3
596.866667,3
596.9,3
596.933333,3
596.966667,3
597,3
597.033333,3
597.066667,3
597.1,3
597.133333,3
597.166667,3
597.2,3
597.233333,3
597.266667,3
597.3,3
597.333333,3
597.366667,3
597.4,3
597.433333,3
597.466667,3
597.5,3
597.533333,3
597.566667,3
597.6,3
597.633333,3
597.666667,3
597.7,3
597.733333,3
597.766667,3
597.8,3
597.833333,3
597.866667,3
597.9,3
597.933333,3
597.966667,3
598,3
598.033333,3
598.066667,3
598.1,3
598.133333,3
598.166667,3
598.2,3
598.233333,3
598.266667,3
598.3,3
598.333333,3
598.366667,3
598.4,3
598.433333,3
598.466667,3
598.5,3
598.533333,3
598.566667,3
598.6,3
598.633333,3
598.666667,3
598.7,3
598.733333,3
598.766667,3
598.8,3
598.833333,3
598.866667,3
598.9,3
598.933333,3
598.966667,3
599,3
599.033333,3
599.066667,3
599.1,3
599.133333,3
599.166667,3
599.2,3
599.233333,3
599.266667,3
599.3,3
599.333333,3
599.366667,3
599.4,3
599.433333,3
599.466667,3
599.5,3
599.533333,3
599.566667,3
599.6,3
599.633333,3
599.666667,3
599.7,3
599.733333,3
599.766667,3
599.8,3
599.833333,3
599.866667,3
599.9,3
599.933333,3
599.966667,3
600,0.001965
600.033333,0.000105
600.066667,7
600.1,7
600.133333,7
600.166667,7
600.2,7
600.233333,7
600.266667,7
600.3,7
600.333333,7
600.366667,7
600.4,7
600.433333,7
600.466667,7
600.5,7
600.533333,7
600.566667,7
600.6,7
600.633333,7
600.666667,7
600.7,7
600.733333,7
600.766667,7
600.8,7
600.833333,7
600.866667,7
600.9,7
600.933333,7
600.966667,7
601,7
601.033333,7
601.066667,7
601.1,7
601.133333,7
601.166667,7
601.2,7
601.233333,7
601.266667,7
601.3,7
601.333333,7
601.366667,7
601.4,7
601.433333,7
601.466667,7
601.5,7
601.533333,7
601.566667,7
601.6,7
601.633333,7
601.666667,7
601.7,7
601.733333,7
601.766667,7
601.8,7
601.833333,7
601.866667,7
601.9,7
601.933333,7
601.966667,7
602,7
602.033333,7
602.066667,7
602.1,7
602.133333,7
602.166667,7
602.2,7
602.233333,7
602.266667,7
602.3,7
602.333333,7
602.366667,7
602.4,7
602.433333,7
602.466667,7
602.5,7
602.533333,7
602.566667,7
602.6,7
602.633333,7
602.666667,7
602.7,7
602.733333,7
602.766667,7
602.8,7
602.833333,7
602.866667,7
602.9,7
602.933333,7
602.966667,7
603,7
603.033333,7
603.066667,7
603.1,7
603.133333,7
603.166667,7
603.2,7
603.233333,7
603.266667,7
603.3,7
603.333333,7
603.366667,7
603.4,7
603.433333,7
603.466667,7
603.5,7
603.533333,7
603.566667,7
603.6,7
603.633333,7
603.666667,7
603.7,7
603.733333,7
603.766667,7
603.8,7
603.833333,7
603.866667,7
603.9,7
603.933333,7
603.966667,7
604,7
604.033333,7
604.066667,7
604.1,7
604.133333,3.36668
604.166667,0
604.2,0
604.233333,0
604.266667,0
604.3,0
604.333333,0
604.366667,0
604.4,0
604.433333,0
604.466667,0
604.5,0
604.533333,0
604.566667,0
604.6,0
604.633333,0
604.666667,0
604.7,0
604.733333,0
604.766667,0
604.8,0
604.833333,0
604.866667,0
604.9,0
604.933333,0
604.966667,0
605,0
605.033333,0
605.066667,0
605.1,0
605.133333,0
605.166667,0
605.2,0
605.233333,0
605.266667,0
605.3,0
605.333333,0
605.366667,0
605.4,0
605.433333,0
605.466667,0
605.5,0
605.533333,0
605.566667,0
605.6,0
605.633333,0
605.666667,0
605.7,0
605.733333,0
605.766667,0
605.8,0
605.833333,0
605.866667,0
605.9,0
605.933333,0
605.966667,0
606,0
606.033333,0
606.066667,0
606.1,0
606.133333,0
606.166667,0
606.2,0
606.233333,0
606.266667,0
606.3,0
606.333333,0
606.366667,0
606.4,0
606.433333,0
606.466667,0
606.5,0
606.533333,0
606.566667,0
606.6,0
606.633333,0
606.666667,0
606.7,0
606.733333,0
606.766667,0
606.8,0
606.833333,0
606.866667,0
606.9,0
606.933333,0
606.966667,0
607,0
607.033333,0
607.066667,0
607.1,0
607.133333,0
607.166667,0
607.2,0
607.233333,0
607.266667,0
607.3,0
607.333333,0
607.366667,0
607.4,0
607.433333,0
607.466667,0
607.5,0
607.533333,0
607.566667,0
607.6,0
607.633333,0
607.666667,0
607.7,0
607.733333,0
607.766667,0
607.8,0
607.833333,0
607.866667,0
607.9,0
607.933333,0
607.966667,0
608,0
608.033333,0
608.066667,0
608.1,0
608.133333,0
608.166667,0
608.2,0
608.233333,0
608.266667,0
608.3,0
608.333333,0
608.366667,0
608.4,0
608.433333,0
608.466667,0
608.5,0
608.533333,0
608.566667,0
608.6,0
608.633333,0
608.666667,0
608.7,0
608.733333,0
608.766667,0
608.8,0
608.833333,0
608.866667,0
608.9,0
608.933333,0
608.966667,0
609,0
609.033333,0
609.066667,0
609.1,0
609.133333,0
609.166667,0
609.2,0
609.233333,0
609.266667,0
609.3,0
609.333333,0
609.366667,0
609.4,0
609.433333,0
609.466667,0
609.5,0
609.533333,0
609.566667,0
609.6,0
609.633333,0
609.666667,0
609.7,0
609.733333,0
609.766667,0
609.8,0
609.833333,0
609.866667,0
609.9,0
609.933333,0
609.966667,0
610,0
610.033333,0
610.066667,0
610.1,0
610.133333,0
610.166667,0
610.2,0
610.233333,0
610.266667,0
610.3,0
610.333333,0
610.366667,0
610.4,0
610.433333,0
610.466667,0
610.5,0
610.533333,0
610.566667,0
610.6,0
610.633333,0
610.666667,0
610.7,0
610.733333,0
610.766667,0
610.8,0
610.833333,0
610.866667,0
610.9,0
610.933333,0
610.966667,0
611,0
611.033333,0
611.066667,0
611.1,0
611.133333,0
611.166667,0
611.2,0
611.233333,0
611.266667,0
611.3,0
611.333333,0
611.366667,0
611.4,0
611.433333,0
611.466667,0
611.5,0
611.533333,0
611.566667,0
611.6,0.032255
611.633333,0.351967
611.666667,0.264412
611.7,0.219535
611.733333,0.324302
611.766667,0.186225
611.8,0.128972
611.833333,0.123988
611.866667,0.131373
611.9,0.24033
611.933333,0.14663
611.966667,0.132275
612,0.156727
612.033333,0.0994475
612.066667,0.155028
612.1,0.12111
612.133333,0.106635
612.166667,0.141125
612.2,0.108317
612.233333,0.29472
612.266667,0.26471
612.3,0.131245
612.333333,0.182298
612.366667,0.137423
612.4,0.213
612.433333,0.249502
612.466667,0.14479
612.5,0.218083
612.533333,0.196703
612.566667,0.431598
612.6,0.631685
612.633333,0.245435
612.666667,0.29606
612.7,0.232585
612.733333,0.0018825
612.766667,0.0015725
612.8,0.001505
612.833333,0.001495
612.866667,0.001495
612.9,0.001495
612.933333,0.001495
612.966667,0.001495
613,0.001495
613.033333,0.001495
613.066667,0.001495
613.1,0.001495
613.133333,0.001495
613.166667,0.001495
613.2,0.001495
613.233333,0.001495
613.266667,0.001495
613.3,0.001495
613.333333,0.001495
613.366667,0.001495
613.4,0.001495
613.433333,0.001495
613.466667,0.001495
613.5,0.001495
613.533333,0.001495
613.566667,0.001495
613.6,0.001495
613.633333,0.001495
613.666667,0.001495
613.7,0.001495
613.733333,0.001495
613.766667,0.001495
613.8,0.001495
613.833333,4.78797
613.866667,0.002745
613.9,0.00179
613.933333,0.00165
613.966667,0.001615
614,0.001625
614.033333,0.001615
614.066667,0.001625
614.1,0.001615
614.133333,0.001625
614.166667,0.001615
614.2,0.001625
614.233333,0.001615
614.266667,0.001625
614.3,0.001615
614.333333,0.001625
614.366667,0.001615
614.4,0.001625
614.433333,0.001615
614.466667,0.001625
614.5,0.001615
614.533333,0.001625
614.566667,0.001615
614.6,0.001625
614.633333,0.001615
614.666667,0.001625
614.7,0.001615
614.733333,0.001625
614.766667,0.001615
614.8,0.001625
614.833333,0.001615
614.866667,0.001625
614.9,0.001615
614.933333,0.001625
614.966667,0.001615
615,0.001625
615.033333,0.001615
615.066667,0.001625
615.1,0.001615
615.133333,0.001625
615.166667,0.001615
615.2,0.001625
615.233333,0.001615
615.266667,0.001625
615.3,0.001615
615.333333,0.001625
615.366667,0.001615
615.4,0.001625
615.433333,0.001615
615.466667,0.001625
615.5,0.001615
615.533333,0.001625
615.566667,0.001615
615.6,0.001625
615.633333,0.001615
615.666667,0.001625
615.7,0.001615
615.733333,0.001625
615.766667,0.001615
615.8,0.001625
615.833333,0.001615
615.866667,0.001625
615.9,0.001615
615.933333,0.001625
615.966667,0.001615
616,0.0528925
616.033333,0.00308
616.066667,0.000705
616.1,0.0005
616.133333,0.00048
616.166667,0.00048
616.2,0.00048
616.233333,0.00048
616.266667,0.00048
616.3,0.00048
616.333333,0.00048
616.366667,0.00048
616.4,0.00048
616.433333,0.00048
616.466667,0.00048
616.5,0.00048
616.533333,0.00048
616.566667,0.00048
616.6,0.00048
616.633333,0.00048
616.666667,0.00048
616.7,0.00048
616.733333,0.405077
616.766667,0.24885
616.8,0.273977
616.833333,0.263298
616.866667,0.257468
616.9,0.252792
616.933333,0.196818
616.966667,0.246855
617,0.244425
617.033333,0.245015
617.066667,0.2442
617.1,0.24187
617.133333,0.2436
617.166667,0.245062
617.2,0.0022875
617.233333,0.000945
617.266667,0.000795
617.3,0.00073
617.333333,0.00073
617.366667,0.00073
617.4,0.00073
617.433333,0.00073
617.466667,0.00073
617.5,0.00073
617.533333,0.00073
617.566667,0.00073
617.6,0.00073
617.633333,0.00073
617.666667,0.00073
617.7,0.00073
617.733333,0.00073
617.766667,0.00073
617.8,0.00073
617.833333,0.00073
617.866667,0.00073
617.9,0.00073
617.933333,0.00073
617.966667,0.00073
618,0.00073
618.033333,0.00073
618.066667,0.00073
618.1,0.00073
618.133333,0.00073
618.166667,0.00073
618.2,0.00073
618.233333,0.00073
618.266667,0.00073
618.3,0.00073
618.333333,0.00073
618.366667,0.00073
618.4,0.00073
618.433333,0.00073
618.466667,0.00073
618.5,0.00073
618.533333,0.00073
618.566667,0.00073
618.6,0.00073
618.633333,0.00073
618.666667,0.00073
618.7,0.00073
618.733333,0.00073
618.766667,0.00073
618.8,0.00073
618.833333,0.00073
618.866667,0.00073
618.9,0.272062
618.933333,0.336735
618.966667,0.330505
619,0.285288
619.033333,0.281822
619.066667,0.339375
619.1,0.29235
619.133333,0.29623
619.166667,0.36276
619.2,0.342375
619.233333,5.95901
619.266667,0.0052975
619.3,0.0015475
619.333333,0.00105
619.366667,0.0009825
619.4,0.000965
619.433333,0.000965
619.466667,0.000965
619.5,0.000965
619.533333,0.000965
619.566667,0.000965
619.6,0.000965
619.633333,0.000965
619.666667,0.000965
619.7,0.000965
619.733333,0.000965
619.766667,0.000965
619.8,0.000965
619.833333,0.000965
619.866667,0.000965
619.9,0.000965
619.933333,0.000965
619.966667,0.000965
620,0.000965
620.033333,0.000965
620.066667,0.000965
620.1,0.000965
620.133333,0.000965
620.166667,0.000965
620.2,0.000965
620.233333,0.000965
620.266667,0.000965
620.3,0.000965
620.333333,0.000965
620.366667,0.000965
620.4,0.000965
620.433333,0.000965
620.466667,0.000965
620.5,0.000965
620.533333,0.000965
620.566667,0.000965
620.6,0.000965
620.633333,0.000965
620.666667,0.000965
620.7,0.000965
620.733333,0.000965
620.766667,0.000965
620.8,0.000965
620.833333,0.000965
620.866667,0.278875
620.9,0.327568
620.933333,0.25427
620.966667,0.257273
621,0.32287
621.033333,0.255877
621.066667,0.324375
621.1,0.258337
621.133333,0.32737
621.166667,0.3318
621.2,0.263777
621.233333,0.335825
621.266667,0.336628
621.3,0.339845
621.333333,0.00276
621.366667,0.001455
621.4,0.0012475
621.433333,0.00124
621.466667,0.00124
621.5,0.00124
621.533333,0.172648
621.566667,0.298548
621.6,0.311132
621.633333,0.2308
621.666667,0.21262
621.7,0.336477
621.733333,0.359557
621.766667,0.264018
621.8,0.267373
621.833333,0.34394
621.866667,0.41957
621.9,0.291432
621.933333,0.188153
621.966667,0.21248
622,0.20176
622.033333,0.175015
622.066667,0.158665
622.1,0.158532
622.133333,0.144393
622.166667,0.140967
622.2,0.0023475
622.233333,0.0020325
622.266667,0.001975
622.3,0.001965
622.333333,0.001965
622.366667,0.001965
622.4,0.001965
622.433333,0.001965
622.466667,0.001965
622.5,0.001965
622.533333,0.001965
622.566667,0.001965
622.6,0.001965
622.633333,0.001965
622.666667,0.001965
622.7,0.001965
622.733333,0.001965
622.766667,0.001965
622.8,0.001965
622.833333,0.001965
622.866667,0.001965
622.9,0.001965
622.933333,0.001965
622.966667,0.001965
623,0.001965
623.033333,0.582655
623.066667,0.495375
623.1,0.584438
623.133333,0.486548
623.166667,0.572998
623.2,0.482527
623.233333,0.482202
623.266667,0.48103
623.3,0.487443
623.333333,0.494928
623.366667,5.06394
623.4,0.0059375
623.433333,0.00254
623.466667,0.0019375
623.5,0.00186
623.533333,0.001845
623.566667,0.001845
623.6,0.001845
623.633333,0.001845
623.666667,0.001845
623.7,0.001845
623.733333,0.001845
623.766667,0.001845
623.8,0.001845
623.833333,0.001845
623.866667,0.001845
623.9,0.001845
623.933333,0.001845
623.966667,0.001845
624,0.05201
624.033333,0.0046375
624.066667,0.001055
624.1,0.00074
624.133333,0.0006975
624.166667,0.00069
624.2,0.00069
624.233333,0.00069
624.266667,0.00069
624.3,0.00069
624.333333,0.00069
624.366667,0.00069
624.4,0.00069
624.433333,0.00069
624.466667,0.268197
624.5,0.02319
624.533333,0.0010725
624.566667,0.00082
624.6,0.000795
624.633333,0.000785
624.666667,0.000785
624.7,0.000785
624.733333,0.000785
624.766667,0.000785
624.8,0.000785
624.833333,0.000785
624.866667,0.000785
624.9,0.000785
624.933333,0.000785
624.966667,0.000785
625,0.000785
625.033333,0.000785
625.066667,0.000785
625.1,0.000785
625.133333,0.000785
625.166667,0.000785
625.2,0.000785
625.233333,0.000785
625.266667,0.000785
625.3,0.000785
625.333333,0.000785
625.366667,0.000785
625.4,0.000785
625.433333,0.000785
625.466667,0.000785
625.5,0.000785
625.533333,0.000785
625.566667,0.000785
625.6,0.000785
625.633333,0.000785
625.666667,0.000785
625.7,0.000785
625.733333,0.000785
625.766667,0.000785
625.8,0.000785
625.833333,0.000785
625.866667,0.000785
625.9,0.000785
625.933333,0.000785
625.966667,0.000785
626,0.000785
626.033333,0.000785
626.066667,0.000785
626.1,0.000785
626.133333,0.000785
626.166667,0.000785
626.2,0.000785
626.233333,0.000785
626.266667,0.000785
626.3,0.000785
626.333333,0.000785
626.366667,0.000785
626.4,0.000785
626.433333,0.000785
626.466667,0.000785
626.5,0.000785
626.533333,0.000785
626.566667,0.000785
626.6,0.000785
626.633333,0.000785
626.666667,0.000785
626.7,0.000785
626.733333,0.000785
626.766667,0.000785
626.8,0.000785
626.833333,0.000785
626.866667,0.000785
626.9,0.000785
626.933333,0.000785
626.966667,0.000785
627,0.000785
627.033333,0.000785
627.066667,0.000785
627.1,0.000785
627.133333,0.000785
627.166667,0.000785
627.2,0.000785
627.233333,0.000785
627.266667,0.000785
627.3,0.000785
627.333333,0.000785
627.366667,0.000785
627.4,0.000785
627.433333,0.000785
627.466667,0.000785
627.5,0.000785
627.533333,0.000785
627.566667,101.199
627.6,0.0052325
627.633333,0.0126725
627.666667,0.0035575
627.7,0.002215
627.733333,0.001985
627.766667,0.001985
627.8,0.001985
627.833333,0.001985
627.866667,0.001985
627.9,0.001985
627.933333,0.001985
627.966667,0.001985
628,0.001985
628.033333,0.001985
628.066667,0.001985
628.1,0.001985
628.133333,0.001985
628.166667,0.001985
628.2,0.001985
628.233333,0.001985
628.266667,0.001985
628.3,0.001985
628.333333,0.001985
628.366667,0.001985
628.4,0.001985
628.433333,0.001985
628.466667,0.001985
628.5,0.001985
628.533333,0.001985
628.566667,0.001985
628.6,0.001985
628.633333,0.001985
628.666667,0.001985
628.7,0.001985
628.733333,0.001985
628.766667,0.001985
628.8,0.001985
628.833333,0.001985
628.866667,0.001985
628.9,0.001985
628.933333,0.001985
628.966667,0.001985
629,0.001985
629.033333,0.001985
629.066667,0.001985
629.1,0.001985
629.133333,0.001985
629.166667,0.001985
629.2,0.001985
629.233333,0.001985
629.266667,0.001985
629.3,0.001985
629.333333,0.001985
629.366667,0.001985
629.4,0.001985
629.433333,0.001985
629.466667,0.001985
629.5,0.001985
629.533333,0.001985
629.566667,0.001985
629.6,0.001985
629.633333,0.001985
629.666667,0.001985
629.7,0.001985
629.733333,0.001985
629.766667,0.001985
629.8,0.001985
629.833333,0.001985
629.866667,0.001985
629.9,0.001985
629.933333,0.001985
629.966667,0.001985
630,0.001985
630.033333,0.001985
630.066667,0.001985
630.1,0.001985
630.133333,0.001985
630.166667,0.001985
630.2,0.001985
630.233333,0.001985
630.266667,0.001985
630.3,0.001985
630.333333,0.001985
630.366667,0.001985
630.4,0.001985
630.433333,0.001985
630.466667,0.001985
630.5,0.001985
630.533333,0.001985
630.566667,0.001985
630.6,0.001985
630.633333,0.001985
630.666667,0.001985
630.7,0.001985
630.733333,0.001985
630.766667,0.001985
630.8,0.001985
630.833333,0.001985
630.866667,0.001985
630.9,0.001985
630.933333,0.001985
630.966667,0.001985
631,0.001985
631.033333,0.001985
631.066667,0.001985
631.1,0.001985
631.133333,0.001985
631.166667,0.001985
631.2,0.001985
631.233333,0.001985
631.266667,0.001985
631.3,0.001985
631.333333,0.001985
631.366667,0.001985
631.4,0.001985
631.433333,0.001985
631.466667,0.001985
631.5,0.001985
631.533333,0.001985
631.566667,0.001985
631.6,0.001985
631.633333,0.001985
631.666667,0.001985
631.7,0.001985
631.733333,0.001985
631.766667,0.001985
631.8,0.001985
631.833333,0.001985
631.866667,0.001985
631.9,0.001985
631.933333,0.001985
631.966667,0.001985
632,0.0546075
632.033333,0.003885
632.066667,0.00103
632.1,0.00077
632.133333,0.00071
632.166667,0.00071
632.2,0.00071
632.233333,0.00071
632.266667,0.00071
632.3,0.00071
632.333333,0.00071
632.366667,0.00071
632.4,0.00071
632.433333,0.00071
632.466667,0.00071
632.5,0.00071
632.533333,0.00071
632.566667,0.00071
632.6,0.00071
632.633333,0.00071
632.666667,0.00071
632.7,0.00071
632.733333,0.00071
632.766667,0.00071
632.8,0.00071
632.833333,0.00071
632.866667,0.00071
632.9,0.00071
632.933333,0.00071
632.966667,0.00071
633,0.00071
633.033333,0.00071
633.066667,0.00071
633.1,0.00071
633.133333,0.00071
633.166667,0.00071
633.2,0.00071
633.233333,0.00071
633.266667,0.00071
633.3,0.00071
633.333333,0.00071
633.366667,0.00071
633.4,0.00071
633.433333,0.00071
633.466667,0.00071
633.5,0.00071
633.533333,0.00071
633.566667,0.00071
633.6,0.00071
633.633333,0.00071
633.666667,0.00071
633.7,0.00071
633.733333,0.00071
633.766667,0.00071
633.8,0.00071
633.833333,0.00071
633.866667,0.00071
633.9,0.00071
633.933333,0.00071
633.966667,0.00071
634,0.00071
634.033333,0.00071
634.066667,0.00071
634.1,0.00071
634.133333,0.00071
634.166667,0.00071
634.2,0.00071
634.233333,0.00071
634.266667,0.00071
634.3,0.00071
634.333333,0.00071
634.366667,0.00071
634.4,0.00071
634.433333,0.00071
634.466667,0.00071
634.5,0.00071
634.533333,0.00071
634.566667,0.00071
634.6,0.00071
634.633333,0.00071
634.666667,0.00071
634.7,0.00071
634.733333,0.00071
634.766667,0.00071
634.8,0.00071
634.833333,0.00071
634.866667,103.097
634.9,0.0026225
634.933333,0.0179925
634.966667,0.003415
635,0.0043175
635.033333,0.0026575
635.066667,0.0024675
635.1,0.00242
635.133333,0.00242
635.166667,0.00242
635.2,0.00242
635.233333,0.00242
635.266667,0.00242
635.3,0.00242
635.333333,0.00242
635.366667,0.00242
635.4,0.00242
635.433333,0.00242
635.466667,0.00242
635.5,0.00242
635.533333,0.00242
635.566667,0.00242
635.6,0.00242
635.633333,0.00242
635.666667,0.00242
635.7,0.00242
635.733333,0.00242
635.766667,0.00242
635.8,0.00242
635.833333,0.00242
635.866667,0.00242
635.9,0.00242
635.933333,0.00242
635.966667,0.00242
636,0.00242
636.033333,0.00242
636.066667,0.00242
636.1,0.00242
636.133333,0.00242
636.166667,0.00242
636.2,0.00242
636.233333,0.00242
636.266667,0.00242
636.3,0.00242
636.333333,0.00242
636.366667,0.00242
636.4,0.00242
636.433333,0.00242
636.466667,0.00242
636.5,0.00242
636.533333,0.00242
636.566667,0.00242
636.6,0.00242
636.633333,0.00242
636.666667,0.00242
636.7,0.00242
636.733333,0.00242
636.766667,0.00242
636.8,0.00242
636.833333,0.00242
636.866667,0.00242
636.9,0.00242
636.933333,0.00242
636.966667,0.00242
637,0.00242
637.033333,0.00242
637.066667,0.00242
637.1,0.00242
637.133333,0.00242
637.166667,0.00242
637.2,0.00242
637.233333,0.00242
637.266667,0.00242
637.3,0.00242
637.333333,0.00242
637.366667,0.00242
637.4,0.00242
637.433333,0.00242
637.466667,0.00242
637.5,0.00242
637.533333,0.00242
637.566667,0.00242
637.6,0.00242
637.633333,0.00242
637.666667,0.00242
637.7,0.00242
637.733333,0.00242
637.766667,0.00242
637.8,0.00242
637.833333,0.00242
637.866667,0.00242
637.9,0.00242
637.933333,0.00242
637.966667,0.00242
638,0.00242
638.033333,0.00242
638.066667,0.00242
638.1,17.7219
638.133333,0.001335
638.166667,0.0247625
638.2,0.0088825
638.233333,0.006385
638.266667,0.003515
638.3,0.00292
638.333333,0.00267
638.366667,0.002655
638.4,0.002645
638.433333,0.002655
638.466667,0.002645
638.5,0.002655
638.533333,0.002645
638.566667,0.00267
638.6,0.002655
638.633333,0.002655
638.666667,0.002645
638.7,0.002655
638.733333,0.002645
638.766667,0.002655
638.8,0.002645
638.833333,0.002655
638.866667,0.002645
638.9,0.002655
638.933333,0.002645
638.966667,0.002655
639,0.00265
639.033333,0.00266
639.066667,0.002645
639.1,0.002655
639.133333,0.002645
639.166667,0.002655
639.2,0.002645
639.233333,0.002655
639.266667,0.002645
639.3,0.002655
639.333333,0.002645
639.366667,0.002655
639.4,0.002645
639.433333,0.002655
639.466667,0.002655
639.5,0.002655
639.533333,0.002645
639.566667,0.002655
639.6,0.002645
639.633333,0.002655
639.666667,0.002645
639.7,0.002655
639.733333,0.002645
639.766667,0.002655
639.8,0.002645
639.833333,0.002655
639.866667,0.002645
639.9,0.002655
639.933333,0.002645
639.966667,0.002655
640,0.0716175
640.033333,0.0039625
640.066667,0.001235
640.1,0.000955
640.133333,0.00092
640.166667,0.00092
640.2,0.00092
640.233333,0.00092
640.266667,0.00092
640.3,0.00092
640.333333,0.00092
640.366667,0.00092
640.4,0.068895
640.433333,8.09679
640.466667,9.99598
640.5,11.9698
640.533333,10.1062
640.566667,0.174593
640.6,0.20889
640.633333,0.227052
640.666667,0.216135
640.7,0.229598
640.733333,0.219427
640.766667,0.220582
640.8,0.221518
640.833333,0.224332
640.866667,0.273207
640.9,0.228213
640.933333,0.278945
640.966667,0.232545
641,0.283363
641.033333,0.286473
641.066667,0.289602
641.1,0.29306
641.133333,0.34459
641.166667,0.301858
641.2,0.355112
641.233333,0.359762
641.266667,0.366737
641.3,0.42206
641.333333,0.384113
641.366667,0.487997
641.4,0.503455
641.433333,0.00197
641.466667,0.001405
641.5,0.0013275
641.533333,0.001315
641.566667,0.001305
641.6,0.001305
641.633333,0.001305
641.666667,0.001305
641.7,0.001305
641.733333,0.001305
641.766667,0.001305
641.8,0.001305
641.833333,0.001305
641.866667,0.001305
641.9,0.001305
641.933333,0.001305
641.966667,0.001305
642,0.001305
642.033333,0.001305
642.066667,0.001305
642.1,0.001305
642.133333,0.001305
642.166667,0.377165
642.2,23.3811
642.233333,0.0167025
642.266667,0.0416275
642.3,0.023955
642.333333,0.018965
642.366667,0.0199375
642.4,0.0191125
642.433333,3.10941
642.466667,0.0498425
642.5,0.064
642.533333,0.0226325
642.566667,0.01908
642.6,0.0179325
642.633333,0.018905
642.666667,0.0203225
642.7,0.0203875
642.733333,0.020085
642.766667,0.0221125
642.8,0.0215675
642.833333,0.022295
642.866667,0.0224625
642.9,2.58782
642.933333,0.0520175
642.966667,0.0801675
643,0.037195
643.033333,0.0404525
643.066667,0.0529325
643.1,0.0068125
643.133333,0.116362
643.166667,0.127095
643.2,0.134552
643.233333,0.132985
643.266667,0.138442
643.3,0.139885
643.333333,0.145418
643.366667,2.52194
643.4,0.1708
643.433333,0.180743
643.466667,0.15382
643.5,0.152528
643.533333,0.158085
643.566667,0.161793
643.6,0.164665
643.633333,0.170953
643.666667,0.17357
643.7,0.174363
643.733333,0.181542
643.766667,0.18673
643.8,0.190477
643.833333,2.58095
643.866667,0.18743
643.9,0.286247
643.933333,0.235235
643.966667,0.243423
644,0.268848
644.033333,0.335552
644.066667,0.405863
644.1,0.327568
644.133333,0.02224
644.166667,0.00659
644.2,0.004175
644.233333,2.56072
644.266667,0.03749
644.3,0.0666875
644.333333,0.0170175
644.366667,0.148973
644.4,0.182383
644.433333,0.192362
644.466667,0.193578
644.5,0.202585
644.533333,0.212152
644.566667,0.221425
644.6,0.224765
644.633333,0.23378
644.666667,0.23459
644.7,1.99987
644.733333,0.170717
644.766667,0.350957
644.8,0.254902
644.833333,0.310082
644.866667,0.299972
644.9,0.304098
644.933333,0.313513
644.966667,0.327093
645,0.335562
645.033333,0.350318
645.066667,0.362048
645.1,0.372475
645.133333,0.396027
645.166667,1.8986
645.2,0.318362
645.233333,0.586248
645.266667,0.612073
645.3,0.78616
645.333333,0.58517
645.366667,0.092305
645.4,0.0764675
645.433333,0.124397
645.466667,0.00261
645.5,0.0384075
645.533333,0.015985
645.566667,0.012335
645.6,1.59291
645.633333,0.01116
645.666667,0.124558
645.7,0.0832525
645.733333,0.0299475
645.766667,0.02176
645.8,0.0121925
645.833333,0.010185
645.866667,0.009695
645.9,0.009525
645.933333,0.009475
645.966667,0.635478
646,0.20436
646.033333,1.81691
646.066667,0.0334325
646.1,0.307645
646.133333,0.044365
646.166667,0.365272
646.2,0.0044125
646.233333,0.137242
646.266667,0.0517075
646.3,0.329888
646.333333,0.00617
646.366667,0.04291
646.4,0.0993225
646.433333,0.0384425
646.466667,0.0438975
646.5,1.58959
646.533333,0.00651
646.566667,0.0481375
646.6,0.089015
646.633333,0.057335
646.666667,0.03091
646.7,0.019125
646.733333,0.0179375
646.766667,0.01751
646.8,0.0165775
646.833333,0.0169475
646.866667,0.01626
646.9,0.0164125
646.933333,0.0156725
646.966667,1.54468
647,0.0075225
647.033333,0.0463925
647.066667,0.0836475
647.1,0.020815
647.133333,0.031315
647.166667,0.0191325
647.2,0.0175375
647.233333,0.017415
647.266667,0.016815
647.3,0.01647
647.333333,0.0161375
647.366667,0.0158425
647.4,1.61781
647.433333,0.0064975
647.466667,0.0526075
647.5,0.0930325
647.533333,0.031505
647.566667,0.0459825
647.6,0.021795
647.633333,0.018385
647.666667,0.01808
647.7,0.0169
647.733333,0.016435
647.766667,0.0166075
647.8,0.0162725
647.833333,1.80701
647.866667,0.0086
647.9,0.0450175
647.933333,0.0865025
647.966667,0.02131
648,0.260855
648.033333,0.019015
648.066667,0.0144775
648.1,0.01087
648.133333,0.0101325
648.166667,0.0094175
648.2,0.0100375
648.233333,0.0095275
648.266667,0.009555
648.3,1.55152
648.333333,0.005405
648.366667,0.0439475
648.4,0.0787675
648.433333,0.03091
648.466667,0.01958
648.5,0.015805
648.533333,0.0150975
648.566667,0.015215
648.6,0.0146175
648.633333,0.0144
648.666667,0.0143225
648.7,0.0144025
648.733333,1.53058
648.766667,0.0074625
648.8,0.0437
648.833333,0.0815725
648.866667,0.0306925
648.9,0.02076
648.933333,0.016525
648.966667,0.0161325
649,0.0151675
649.033333,0.015745
649.066667,0.0148525
649.1,0.0151375
649.133333,0.01445
649.166667,0.014995
649.2,1.61065
649.233333,0.00683
649.266667,0.0498475
649.3,0.08831
649.333333,0.073705
649.366667,0.0410225
649.4,0.0232675
649.433333,0.01804
649.466667,0.0164825
649.5,0.01625
649.533333,0.015805
649.566667,0.0155375
649.6,0.0153275
649.633333,1.80154
649.666667,0.0078775
649.7,0.042445
649.733333,0.0822125
649.766667,0.0469925
649.8,0.0260325
649.833333,0.015955
649.866667,0.01446
649.9,0.0136925
649.933333,0.0138725
649.966667,0.013295
650,0.0133075
650.033333,0.0127225
650.066667,1.54928
650.1,0.005115
650.133333,0.0432375
650.166667,0.0809625
650.2,0.0320625
650.233333,0.0201925
650.266667,0.0170225
650.3,0.0161925
650.333333,0.01543
650.366667,0.015245
650.4,0.0155425
650.433333,0.015075
650.466667,0.014695
650.5,0.0150125
650.533333,1.52573
650.566667,0.00662
650.6,0.04481
650.633333,0.0788225
650.666667,0.0301725
650.7,0.0178625
650.733333,0.015225
650.766667,0.0141075
650.8,0.0141125
650.833333,0.0135325
650.866667,0.013525
650.9,0.0134525
650.933333,0.013285
650.966667,0.01328
651,1.60241
651.033333,0.0083775
651.066667,0.052275
651.1,0.0886825
651.133333,0.0715325
651.166667,0.03964
651.2,0.0227975
651.233333,0.016735
651.266667,0.015525
651.3,0.0150525
651.333333,0.0149125
651.366667,0.0145375
651.4,1.80201
651.433333,0.0071775
651.466667,0.0432425
651.5,0.0806
651.533333,0.0484125
651.566667,0.0254875
651.6,0.01593
651.633333,0.014305
651.666667,0.014005
651.7,0.01371
651.733333,62.0006
651.766667,0.00128
651.8,0.03873
651.833333,0.00501
651.866667,0.0986025
651.9,0.00224
651.933333,0.040595
651.966667,0.0322725
652,0.015805
652.033333,0.012785
652.066667,0.011715
652.1,0.01164
652.133333,0.01165
652.166667,0.01164
652.2,0.01165
652.233333,0.01164
652.266667,0.01165
652.3,0.01164
652.333333,0.01165
652.366667,0.01164
652.4,0.01165
652.433333,0.01164
652.466667,0.01165
652.5,0.01164
652.533333,0.01165
652.566667,0.01164
652.6,0.01165
652.633333,0.01164
652.666667,0.01165
652.7,0.01164
652.733333,0.01165
652.766667,0.01164
652.8,0.01165
652.833333,0.01164
652.866667,0.01165
652.9,0.01164
652.933333,0.01165
652.966667,0.01164
653,0.01165
653.033333,0.01164
653.066667,0.01165
653.1,0.01164
653.133333,0.01165
653.166667,0.01164
653.2,0.01165
653.233333,0.01164
653.266667,0.01165
653.3,0.01164
653.333333,0.01165
653.366667,0.01164
653.4,0.01165
653.433333,0.01164
653.466667,0.01165
653.5,0.01164
653.533333,0.01165
653.566667,0.01164
653.6,0.01165
653.633333,0.01164
653.666667,0.01165
653.7,0.01164
653.733333,0.01165
653.766667,0.01164
653.8,0.01165
653.833333,0.01164
653.866667,0.01165
653.9,0.01164
653.933333,0.01165
653.966667,0.01164
654,0.01165
654.033333,0.01164
654.066667,0.01165
654.1,0.01164
654.133333,0.01165
654.166667,0.01164
654.2,0.01165
654.233333,0.01164
654.266667,0.01165
654.3,0.01164
654.333333,0.01165
654.366667,0.01164
654.4,0.01165
654.433333,0.01164
654.466667,0.01165
654.5,0.01164
654.533333,0.01165
654.566667,0.01164
654.6,0.01165
654.633333,0.01164
654.666667,0.01165
654.7,0.01164
654.733333,0.01165
654.766667,0.02701
654.8,0.023525
654.833333,0.023515
654.866667,0.023525
654.9,0.023515
654.933333,0.023525
654.966667,0.023515
655,0.023525
655.033333,0.023515
655.066667,0.023525
655.1,0.023515
655.133333,0.023525
655.166667,0.023515
655.2,0.023525
655.233333,0.023515
655.266667,0.023525
655.3,0.023515
655.333333,0.023525
655.366667,0.023515
655.4,0.023525
655.433333,0.023515
655.466667,0.023525
655.5,0.023515
655.533333,0.023525
655.566667,0.023515
655.6,0.023525
655.633333,0.023515
655.666667,0.023525
655.7,0.023515
655.733333,0.023525
655.766667,0.023515
655.8,0.023525
655.833333,0.023515
655.866667,0.023525
655.9,0.023515
655.933333,0.023525
655.966667,0.001625
656,0.25192
656.033333,0.0110125
656.066667,0.04543
656.1,6.65899
656.133333,4.40495
656.166667,2.95312
656.2,1.93417
656.233333,1.06674
656.266667,0.298847
656.3,0.249535
656.333333,0.612485
656.366667,0.953192
656.4,0.819852
656.433333,0.340695
656.466667,0.0008325
656.5,0.0149725
656.533333,0.0044775
656.566667,0.003255
656.6,0.0029575
656.633333,0.0029425
656.666667,0.0029325
656.7,0.0029425
656.733333,0.0029325
656.766667,0.0029425
656.8,0.0029325
656.833333,0.0029425
656.866667,0.0029325
656.9,0.0029425
656.933333,0.0029325
656.966667,0.0029425
657,0.0029325
657.033333,0.0029425
657.066667,0.0029325
657.1,0.0029425
657.133333,0.0029325
657.166667,0.0029425
657.2,0.0029325
657.233333,0.0029425
657.266667,0.0029325
657.3,0.0029425
657.333333,0.499978
657.366667,0.530358
657.4,0.570752
657.433333,0.607442
657.466667,0.62993
657.5,0.67981
657.533333,0.72084
657.566667,0.73722
657.6,0.750618
657.633333,0.80057
657.666667,0.873267
657.7,0.91375
657.733333,0.947858
657.766667,0.986097
657.8,1.01056
657.833333,1.03702
657.866667,0.0034175
657.9,0.010905
657.933333,0.00368
657.966667,0.00276
658,0.00269
658.033333,0.00269
658.066667,0.00268
658.1,0.00269
658.133333,0.00268
658.166667,0.00269
658.2,0.00268
658.233333,0.00269
658.266667,0.00268
658.3,0.00269
658.333333,0.00268
658.366667,0.00269
658.4,0.00268
658.433333,0.00269
658.466667,0.00268
658.5,0.00269
658.533333,0.00268
658.566667,0.00269
658.6,0.00268
658.633333,0.00269
658.666667,0.00268
658.7,0.00269
658.733333,0.00268
658.766667,0.00269
658.8,0.00268
658.833333,0.00269
658.866667,0.00268
658.9,0.00269
658.933333,0.00268
658.966667,0.00269
659,0.00268
659.033333,0.00269
659.066667,0.00268
659.1,0.00269
659.133333,0.00268
659.166667,0.00269
659.2,0.00268
659.233333,0.00269
659.266667,0.00268
659.3,0.00269
659.333333,0.00268
659.366667,0.00269
659.4,0.00268
659.433333,0.00269
659.466667,0.00268
659.5,0.00269
659.533333,0.00268
659.566667,0.00269
659.6,0.00268
659.633333,0.00269
659.666667,0.00268
659.7,0.00269
659.733333,0.00268
659.766667,0.00269
659.8,0.00268
659.833333,0.00269
659.866667,0.00268
659.9,0.00269
659.933333,0.00268
659.966667,0.00269
660,0.00268
660.033333,0.00269
660.066667,0.00268
660.1,0.00269
660.133333,0.00268
660.166667,0.00269
660.2,0.00268
660.233333,0.00269
660.266667,0.00268
660.3,0.00269
660.333333,0.00268
660.366667,0.00269
660.4,0.00268
660.433333,0.00269
660.466667,0.00268
660.5,0.00269
660.533333,0.00268
660.566667,0.00269
660.6,0.00268
660.633333,0.00269
660.666667,0.00268
660.7,69.545
660.733333,0
660.766667,0
660.8,8.62121
660.833333,0.0045725
660.866667,0.0010875
660.9,0.0004975
660.933333,0.0004125
660.966667,0.0004125
661,0.0004125
661.033333,0.0004125
661.066667,0.0004125
661.1,0.0004125
661.133333,0.0004125
661.166667,0.0004125
661.2,0.0004125
661.233333,0.0004125
661.266667,0.0004125
661.3,0.0004125
661.333333,0.0004125
661.366667,0.0004125
661.4,0.0004125
661.433333,0.0004125
661.466667,0.0004125
661.5,0.0004125
661.533333,0.0004125
661.566667,0.0004125
661.6,0.0004125
661.633333,0.0004125
661.666667,0.0004125
661.7,0.0004125
661.733333,0.0004125
661.766667,0.0004125
661.8,0.0004125
661.833333,0.0004125
661.866667,0.0004125
661.9,0.0004125
661.933333,0.0004125
661.966667,0.0004125
662,0.0004125
662.033333,0.0004125
662.066667,0.0004125
662.1,0.0004125
662.133333,0.0004125
662.166667,0.0004125
662.2,0.0004125
662.233333,0.0004125
662.266667,0.0004125
662.3,0.0004125
662.333333,0.0004125
662.366667,0.0004125
662.4,0.0004125
662.433333,0.0004125
662.466667,0.0004125
662.5,0.0004125
662.533333,0.0004125
662.566667,0.0004125
662.6,0.0004125
662.633333,0.0004125
662.666667,0.0004125
662.7,0.0004125
662.733333,0.0004125
662.766667,0.0004125
662.8,0.0004125
662.833333,0.0004125
662.866667,0.0004125
662.9,0.0004125
662.933333,0.0004125
662.966667,0.0004125
663,0.0004125
663.033333,0.0004125
663.066667,0.0004125
663.1,0.0004125
663.133333,0.0004125
663.166667,0.0004125
663.2,0.0004125
663.233333,0.0004125
663.266667,0.0004125
663.3,0.0004125
663.333333,0.0004125
663.366667,0.0004125
663.4,0.0004125
663.433333,0.0004125
663.466667,0.0004125
663.5,0.0004125
663.533333,0.0004125
663.566667,0.0004125
663.6,0.0004125
663.633333,0.0004125
663.666667,0.0004125
663.7,0.0004125
663.733333,0.0004125
663.766667,0.0004125
663.8,0.0004125
663.833333,0.0004125
663.866667,0.0004125
663.9,0.0004125
663.933333,0.25138
663.966667,0.26949
664,0.293365
664.033333,0.272267
664.066667,0.292125
664.1,0.301183
664.133333,0.31742
664.166667,0.329045
664.2,0.333562
664.233333,0.334817
664.266667,0.330755
664.3,0.33974
664.333333,0.33817
664.366667,0.34132
664.4,0.341165
664.433333,0.763625
664.466667,0.85526
664.5,0.713445
664.533333,0.720163
664.566667,0.688815
664.6,0.817235
664.633333,0.699052
664.666667,0.833535
664.7,0.638678
664.733333,0.828838
664.766667,0.513787
664.8,0.84293
664.833333,0.600912
664.866667,0.797255
664.9,0.63786
664.933333,0.594335
664.966667,0.466905
665,0.471835
665.033333,0.570755
665.066667,0.629188
665.1,0.473017
665.133333,0.598975
665.166667,0.671793
665.2,0.353205
665.233333,0.704538
665.266667,0.50841
665.3,0.747062
665.333333,0.679087
665.366667,0.886548
665.4,1.4893
665.433333,0.00652
665.466667,0.002425
665.5,0.001705
665.533333,0.00163
665.566667,0.00163
665.6,0.00163
665.633333,0.00163
665.666667,0.00163
665.7,0.00163
665.733333,0.00163
665.766667,0.00163
665.8,0.00163
665.833333,0.00163
665.866667,0.00163
665.9,0.00163
665.933333,0.00163
665.966667,0.00163
666,0.00163
666.033333,0.00163
666.066667,0.00163
666.1,0.00163
666.133333,0.00163
666.166667,0.00163
666.2,0.00163
666.233333,0.00163
666.266667,0.00163
666.3,0.00163
666.333333,0.00163
666.366667,0.00163
666.4,0.00163
666.433333,0.00163
666.466667,0.00163
666.5,0.00163
666.533333,0.00163
666.566667,0.00163
666.6,0.00163
666.633333,0.00163
666.666667,0.00163
666.7,0.00163
666.733333,0.00163
666.766667,0.00163
666.8,0.00163
666.833333,0.00163
666.866667,0.00163
666.9,0.00163
666.933333,0.00163
666.966667,0.00163
667,0.00163
667.033333,0.00163
667.066667,0.00163
667.1,0.00163
667.133333,0.00163
667.166667,0.00163
667.2,0.00163
667.233333,0.00163
667.266667,0.00163
667.3,0.00163
667.333333,0.00163
667.366667,0.00163
667.4,0.00163
667.433333,0.00163
667.466667,0.00163
667.5,0.00163
667.533333,0.00163
667.566667,0.00163
667.6,0.00163
667.633333,0.00163
667.666667,0.00163
667.7,0.00163
667.733333,0.00163
667.766667,0.00163
667.8,0.00163
667.833333,0.00163
667.866667,0.00163
667.9,0.00163
667.933333,0.00163
667.966667,0.00163
668,0.00163
668.033333,0.00163
668.066667,0.00163
668.1,0.00163
668.133333,0.00163
668.166667,0.00163
668.2,0.00163
668.233333,0.00163
668.266667,0.00163
668.3,0.00163
668.333333,0.00163
668.366667,0.00163
668.4,0.00163
668.433333,0.00163
668.466667,0.00163
668.5,0.00163
668.533333,0.00163
668.566667,0.00163
668.6,0.00163
668.633333,0.00163
668.666667,0.00163
668.7,0.00163
668.733333,0.00163
668.766667,0.00163
668.8,0.00163
668.833333,0.00163
668.866667,0.00163
668.9,0.00163
668.933333,0.00163
668.966667,0.00163
669,0.00163
669.033333,0.00163
669.066667,0.00163
669.1,0.00163
669.133333,0.00163
669.166667,0.00163
669.2,0.00163
669.233333,0.00163
669.266667,0.00163
669.3,0.00163
669.333333,0.00163
669.366667,0.00163
669.4,0.00163
669.433333,0.00163
669.466667,0.00163
669.5,0.00163
669.533333,0.00163
669.566667,0.00163
669.6,0.00163
669.633333,0.00163
669.666667,0.00163
669.7,0.00163
669.733333,0.00163
669.766667,0.00163
669.8,0.00163
669.833333,0.00163
669.866667,0.00163
669.9,0.00163
669.933333,0.00163
669.966667,0.00163
670,0.00163
670.033333,0.00163
670.066667,0.00163
670.1,0.00163
670.133333,0.00163
670.166667,0.00163
670.2,0.00163
670.233333,0.00163
670.266667,0.00163
670.3,0.00163
670.333333,0.00163
670.366667,0.00163
670.4,0.00163
670.433333,0.00163
670.466667,0.00163
670.5,0.00163
670.533333,0.00163
670.566667,0.00163
670.6,0.00163
670.633333,0.00163
670.666667,0.00163
670.7,0.00163
670.733333,0.00163
670.766667,0.00163
670.8,0.00163
670.833333,0.00163
670.866667,0.00163
670.9,0.00163
670.933333,30.6576
670.966667,0.00111
671,0.02108
671.033333,0.0018025
671.066667,0.007255
671.1,0.0028725
671.133333,0.0022
671.166667,0.00204
671.2,0.00203
671.233333,0.00203
671.266667,0.00203
671.3,0.00203
671.333333,0.00203
671.366667,0.00203
671.4,0.00203
671.433333,0.00203
671.466667,0.00203
671.5,0.00203
671.533333,0.00203
671.566667,0.00203
671.6,0.152095
671.633333,0.129735
671.666667,0.129917
671.7,0.128362
671.733333,0.12363
671.766667,0.127653
671.8,0.126615
671.833333,0.122648
671.866667,0.125605
671.9,0.127498
671.933333,0.118453
671.966667,0.124088
672,0.178855
672.033333,0.11087
672.066667,0.119795
672.1,0.12483
672.133333,0.124375
672.166667,0.121447
672.2,0.12621
672.233333,0.130335
672.266667,0.125388
672.3,0.121545
672.333333,0.13324
672.366667,0.127523
672.4,0.13024
672.433333,0.122972
672.466667,0.128427
672.5,0.13336
672.533333,0.130015
672.566667,0.12893
672.6,0.0073
672.633333,0.00261
672.666667,0.00185
672.7,0.00173
672.733333,0.00173
672.766667,0.00173
672.8,0.00173
672.833333,0.00173
672.866667,0.00173
672.9,0.00173
672.933333,0.00173
672.966667,0.00173
673,0.00173
673.033333,0.00173
673.066667,0.00173
673.1,0.00173
673.133333,0.00173
673.166667,0.00173
673.2,0.00173
673.233333,0.00173
673.266667,0.00173
673.3,0.00173
673.333333,0.00173
673.366667,0.00173
673.4,0.00173
673.433333,0.00173
673.466667,0.00173
673.5,0.00173
673.533333,0.00173
673.566667,0.00173
673.6,0.00173
673.633333,0.00173
673.666667,0.00173
673.7,0.00173
673.733333,0.00173
673.766667,0.0371675
673.8,0.0382475
673.833333,0.03893
673.866667,0.03949
673.9,0.0399775
673.933333,0.04078
673.966667,0.040785
674,0.0425675
674.033333,0.04501
674.066667,0.04446
674.1,0.04441
674.133333,0.04765
674.166667,0.04681
674.2,0.04903
674.233333,0.0491125
674.266667,0.0520925
674.3,0.0508825
674.333333,0.0546075
674.366667,0.0555075
674.4,0.05759
674.433333,0.059285
674.466667,0.0603525
674.5,0.0631975
674.533333,0.066915
674.566667,0.0681025
674.6,0.0719025
674.633333,0.075795
674.666667,0.0794525
674.7,0.086645
674.733333,0.0880375
674.766667,0.0030575
674.8,0.00208
674.833333,0.0018725
674.866667,0.00186
674.9,0.00186
674.933333,0.00186
674.966667,0.00186
675,0.00186
675.033333,0.00186
675.066667,0.00186
675.1,0.00186
675.133333,0.00186
675.166667,0.00186
675.2,0.00186
675.233333,0.00186
675.266667,0.00186
675.3,0.00186
675.333333,0.00186
675.366667,0.00186
675.4,0.00186
675.433333,0.00186
675.466667,0.00186
675.5,0.00186
675.533333,0.00186
675.566667,0.00186
675.6,0.00186
675.633333,0.00186
675.666667,0.00186
675.7,0.00186
675.733333,0.00186
675.766667,0.00186
675.8,0.00186
675.833333,0.00186
675.866667,0.00186
675.9,0.00186
675.933333,0.00186
675.966667,0.00186
676,0.00186
676.033333,0.00186
676.066667,0.00186
676.1,0.00186
676.133333,0.00186
676.166667,0.00186
676.2,0.00186
676.233333,0.00186
676.266667,0.00186
676.3,0.00186
676.333333,0.00186
676.366667,0.00186
676.4,0.00186
676.433333,0.00186
676.466667,0.00186
676.5,0.00186
676.533333,0.00186
676.566667,0.00186
676.6,0.00186
676.633333,0.00186
676.666667,0.00186
676.7,0.00186
676.733333,0.00186
676.766667,0.00186
676.8,0.00186
676.833333,0.00186
676.866667,0.00186
676.9,0.00186
676.933333,0.00186
676.966667,0.00186
677,0.00186
677.033333,0.00186
677.066667,0.00186
677.1,0.00186
677.133333,0.00186
677.166667,0.00186
677.2,0.00186
677.233333,0.00186
677.266667,0.00186
677.3,0.00186
677.333333,0.00186
677.366667,0.00186
677.4,0.00186
677.433333,0.00186
677.466667,0.00186
677.5,0.00186
677.533333,0.00186
677.566667,0.00186
677.6,0.00186
677.633333,0.00186
677.666667,0.00186
677.7,0.00186
677.733333,0.00186
677.766667,0.00186
677.8,0.00186
677.833333,0.00186
677.866667,0.00186
677.9,0.00186
677.933333,0.00186
677.966667,0.00186
678,0.00186
678.033333,0.00186
678.066667,0.00186
678.1,0.00186
678.133333,0.00186
678.166667,0.00186
678.2,0.00186
678.233333,0.00186
678.266667,0.00186
678.3,0.00186
678.333333,0.00186
678.366667,0.00186
678.4,0.00186
678.433333,0.00186
678.466667,0.00186
678.5,0.00186
678.533333,0.00186
678.566667,0.00186
678.6,0.00186
678.633333,0.00186
678.666667,0.00186
678.7,0.00186
678.733333,0.00186
678.766667,0.00186
678.8,0.00186
678.833333,0.00186
678.866667,0.00186
678.9,0.00186
678.933333,0.00186
678.966667,0.00186
679,0.00186
679.033333,0.00186
679.066667,0.00186
679.1,0.00186
679.133333,0.00186
679.166667,0.00186
679.2,0.00186
679.233333,0.00186
679.266667,0.00186
679.3,0.00186
679.333333,0.00186
679.366667,0.00186
679.4,0.00186
679.433333,0.00186
679.466667,0.00186
679.5,0.00186
679.533333,0.00186
679.566667,0.00186
679.6,0.00186
679.633333,0.00186
679.666667,0.00186
679.7,0.00186
679.733333,0.00186
679.766667,0.00186
679.8,0.00186
679.833333,0.00186
679.866667,0.00186
679.9,0.00186
679.933333,0.00186
679.966667,0.00186
680,0.0625025
680.033333,0.00413
680.066667,0.0009
680.1,0.0006475
680.133333,0.000625
680.166667,0.00062
680.2,0.00062
680.233333,0.00062
680.266667,0.00062
680.3,0.00062
680.333333,0.00062
680.366667,0.00062
680.4,0.00062
680.433333,0.00062
680.466667,0.00062
680.5,0.00062
680.533333,0.00062
680.566667,0.00062
680.6,0.00062
680.633333,0.00062
680.666667,0.00062
680.7,0.00062
680.733333,0.00062
680.766667,0.00062
680.8,0.00062
680.833333,0.00062
680.866667,0.00062
680.9,0.00062
680.933333,0.00062
680.966667,0.00062
681,0.00062
681.033333,0.00062
681.066667,0.00062
681.1,0.00062
681.133333,0.00062
681.166667,0.00062
681.2,0.00062
681.233333,0.00062
681.266667,0.00062
681.3,0.00062
681.333333,0.00062
681.366667,0.00062
681.4,0.00062
681.433333,0.00062
681.466667,0.00062
681.5,0.00062
681.533333,0.00062
681.566667,0.00062
681.6,0.00062
681.633333,0.00062
681.666667,0.00062
681.7,0.00062
681.733333,0.00062
681.766667,0.00062
681.8,0.00062
681.833333,0.00062
681.866667,0.00062
681.9,0.00062
681.933333,0.00062
681.966667,0.00062
682,0.00062
682.033333,0.00062
682.066667,0.00062
682.1,0.00062
682.133333,0.00062
682.166667,0.00062
682.2,0.00062
682.233333,0.00062
682.266667,0.00062
682.3,0.00062
682.333333,0.00062
682.366667,0.00062
682.4,0.00062
682.433333,0.00062
682.466667,0.00062
682.5,0.00062
682.533333,0.00062
682.566667,0.00062
682.6,0.00062
682.633333,0.00062
682.666667,0.00062
682.7,0.00062
682.733333,0.00062
682.766667,0.00062
682.8,0.00062
682.833333,0.00062
682.866667,0.00062
682.9,0.00062
682.933333,0.00062
682.966667,23.6885
683,3.08444
683.033333,6.29751
683.066667,6.70678
683.1,8.3695
683.133333,9.78589
683.166667,9.21759
683.2,4.83643
683.233333,0.032875
683.266667,0.0864725
683.3,0.01555
683.333333,0.0741325
683.366667,0.002385
683.4,0.01263
683.433333,0.00585
683.466667,0.004635
683.5,0.0045
683.533333,0.155103
683.566667,0.161018
683.6,0.16441
683.633333,0.16614
683.666667,0.172735
683.7,0.17082
683.733333,0.172745
683.766667,0.175465
683.8,0.1835
683.833333,0.18296
683.866667,0.184837
683.9,0.192275
683.933333,0.192897
683.966667,0.20097
684,0.201068
684.033333,0.207698
684.066667,0.21483
684.1,0.214512
684.133333,0.224977
684.166667,0.230783
684.2,0.237973
684.233333,0.244058
684.266667,0.25351
684.3,0.262188
684.333333,0.27216
684.366667,0.28992
684.4,0.296595
684.433333,0.32383
684.466667,0.34001
684.5,0.379692
684.533333,0.0069475
684.566667,0.0049625
684.6,0.0046275
684.633333,0.004595
684.666667,0.004585
684.7,0.004595
684.733333,0.004585
684.766667,0.004595
684.8,0.004585
684.833333,0.004595
684.866667,0.004585
684.9,0.004595
684.933333,0.004585
684.966667,0.004595
685,0.004585
685.033333,0.004595
685.066667,0.004585
685.1,0.004595
685.133333,0.004585
685.166667,0.004595
685.2,0.004585
685.233333,0.004595
685.266667,0.004585
685.3,0.004595
685.333333,0.004585
685.366667,0.004595
685.4,0.004585
685.433333,0.004595
685.466667,0.004585
685.5,0.004595
685.533333,0.004585
685.566667,0.004595
685.6,0.004585
685.633333,0.004595
685.666667,0.004585
685.7,0.004595
685.733333,0.004585
685.766667,0.004595
685.8,0.004585
685.833333,0.004595
685.866667,0.004585
685.9,0.004595
685.933333,0.004585
685.966667,0.004595
686,0.004585
686.033333,0.004595
686.066667,0.004585
686.1,0.004595
686.133333,0.004585
686.166667,0.004595
686.2,0.004585
686.233333,0.004595
686.266667,0.004585
686.3,0.004595
686.333333,0.004585
686.366667,0.004595
686.4,0.004585
686.433333,0.004595
686.466667,0.004585
686.5,0.004595
686.533333,0.004585
686.566667,0.004595
686.6,0.004585
686.633333,0.004595
686.666667,0.004585
686.7,0.004595
686.733333,0.004585
686.766667,0.004595
686.8,0.004585
686.833333,0.004595
686.866667,0.004585
686.9,0.004595
686.933333,0.004585
686.966667,0.004595
687,0.004585
687.033333,0.004595
687.066667,0.004585
687.1,0.004595
687.133333,0.004585
687.166667,0.004595
687.2,0.004585
687.233333,0.004595
687.266667,0.004585
687.3,0.004595
687.333333,0.004585
687.366667,0.004595
687.4,0.004585
687.433333,0.004595
687.466667,0.004585
687.5,0.004595
687.533333,0.004585
687.566667,0.004595
687.6,0.004585
687.633333,0.004595
687.666667,0.004585
687.7,0.004595
687.733333,0.004585
687.766667,0.004595
687.8,0.004585
687.833333,0.004595
687.866667,0.004585
687.9,0.004595
687.933333,0.004585
687.966667,0.004595
688,0.126845
688.033333,0.005775
688.066667,0.0015575
688.1,0.0011925
688.133333,0.001105
688.166667,0.001105
688.2,0.001105
688.233333,0.001105
688.266667,0.001105
688.3,0.001105
688.333333,0.001105
688.366667,0.001105
688.4,0.001105
688.433333,0.001105
688.466667,0.001105
688.5,0.001105
688.533333,0.001105
688.566667,0.001105
688.6,0.001105
688.633333,0.001105
688.666667,0.001105
688.7,0.001105
688.733333,0.001105
688.766667,0.001105
688.8,0.001105
688.833333,0.001105
688.866667,0.001105
688.9,0.001105
688.933333,0.001105
688.966667,0.001105
689,0.001105
689.033333,0.001105
689.066667,0.001105
689.1,0.001105
689.133333,0.001105
689.166667,0.001105
689.2,0.001105
689.233333,0.001105
689.266667,0.001105
689.3,0.001105
689.333333,0.001105
689.366667,0.001105
689.4,0.001105
689.433333,0.001105
689.466667,0.001105
689.5,0.001105
689.533333,0.001105
689.566667,0.001105
689.6,0.001105
689.633333,0.001105
689.666667,0.001105
689.7,0.001105
689.733333,0.001105
689.766667,0.001105
689.8,0.001105
689.833333,0.001105
689.866667,0.001105
689.9,0.001105
689.933333,0.001105
689.966667,0.001105
690,0.001105
690.033333,0.001105
690.066667,0.001105
690.1,0.001105
690.133333,0.001105
690.166667,0.001105
690.2,0.001105
690.233333,0.001105
690.266667,0.001105
690.3,0.001105
690.333333,0.001105
690.366667,0.001105
690.4,0.001105
690.433333,0.001105
690.466667,0.001105
690.5,0.001105
690.533333,0.001105
690.566667,0.001105
690.6,0.001105
690.633333,0.001105
690.666667,0.001105
690.7,0.001105
690.733333,0.001105
690.766667,0.001105
690.8,0.001105
690.833333,0.001105
690.866667,0.001105
690.9,0.001105
690.933333,0.001105
690.966667,0.001105
691,12.7189
691.033333,0.0033075
691.066667,0.0016
691.1,0.001305
691.133333,0.0012725
691.166667,0.001265
691.2,0.001265
691.233333,0.001265
691.266667,0.001265
691.3,0.001265
691.333333,0.001265
691.366667,0.001265
691.4,0.001265
691.433333,0.001265
691.466667,0.001265
691.5,0.001265
691.533333,0.001265
691.566667,0.001265
691.6,0.001265
691.633333,0.001265
691.666667,0.001265
691.7,0.001265
691.733333,0.001265
691.766667,0.001265
691.8,0.001265
691.833333,0.001265
691.866667,0.001265
691.9,0.001265
691.933333,6.72278
691.966667,0.00337
692,0.0016425
692.033333,0.0012575
692.066667,0.00119
692.1,0.00119
692.133333,0.00119
692.166667,0.00119
692.2,0.00119
692.233333,0.00119
692.266667,0.00119
692.3,0.00119
692.333333,0.00119
692.366667,0.00119
692.4,0.00119
692.433333,0.00119
692.466667,0.00119
692.5,0.00119
692.533333,0.00119
692.566667,0.00119
692.6,0.00119
692.633333,0.00119
692.666667,0.00119
692.7,0.00119
692.733333,0.00119
692.766667,0.00119
692.8,0.00119
692.833333,0.00119
692.866667,0.00119
692.9,0.00119
692.933333,0.00119
692.966667,0.00119
693,0.00119
693.033333,0.00119
693.066667,0.00119
693.1,8.1865
693.133333,0.0029725
693.166667,0.0015125
693.2,0.0012525
693.233333,0.00124
693.266667,0.00124
693.3,0.00124
693.333333,0.00124
693.366667,0.00124
693.4,0.00124
693.433333,0.00124
693.466667,0.00124
693.5,0.00124
693.533333,0.00124
693.566667,0.00124
693.6,0.00124
693.633333,0.00124
693.666667,0.00124
693.7,0.00124
693.733333,0.00124
693.766667,0.00124
693.8,0.00124
693.833333,0.00124
693.866667,0.00124
693.9,0.00124
693.933333,0.00124
693.966667,0.00124
694,29.2735
694.033333,0
694.066667,0
694.1,0
694.133333,0
694.166667,0
694.2,0
694.233333,0.0064
694.266667,0.059925
694.3,0.12172
694.333333,0.200905
694.366667,0.31091
694.4,0.463803
694.433333,0.661147
694.466667,0.931388
694.5,1.24605
694.533333,1.51625
694.566667,1.68497
694.6,1.79846
694.633333,1.79777
694.666667,1.92919
694.7,2.11974
694.733333,2.36267
694.766667,2.51479
694.8,2.61117
694.833333,2.66616
694.866667,2.63967
694.9,2.6105
694.933333,2.64434
694.966667,2.69615
695,2.74587
695.033333,2.65978
695.066667,2.54234
695.1,2.44618
695.133333,2.20371
695.166667,1.98091
695.2,1.83818
695.233333,1.71691
695.266667,1.61352
695.3,1.51326
695.333333,1.41653
695.366667,1.31376
695.4,1.2283
695.433333,1.14138
695.466667,1.04016
695.5,0.957483
695.533333,0.88412
695.566667,0.781162
695.6,0.702985
695.633333,0.632023
695.666667,0.554998
695.7,0.503395
695.733333,0.82031
695.766667,1.44508
695.8,2.27741
695.833333,3.47409
695.866667,4.77205
695.9,6.25394
695.933333,7.80395
695.966667,9.05039
696,9.73426
696.033333,9.6042
696.066667,9.04331
696.1,8.09992
696.133333,3.78252
696.166667,3.23335
696.2,2.82
696.233333,2.50113
696.266667,2.19314
696.3,1.9329
696.333333,1.70961
696.366667,1.50662
696.4,1.32523
696.433333,1.17088
696.466667,1.03527
696.5,0.90307
696.533333,0.787952
696.566667,0.664462
696.6,0.60542
696.633333,0.437265
696.666667,0.45876
696.7,0.33303
696.733333,0.27857
696.766667,0.200765
696.8,0.135357
696.833333,0.107667
696.866667,0.0381525
696.9,0.0001925
696.933333,9
696.966667,9
697,0.0215875
697.033333,0.001315
697.066667,0.000665
697.1,0.000205
697.133333,0.000115
697.166667,9.5
697.2,9.5
697.233333,9.5
697.266667,9.5
697.3,9.5
697.333333,9.5
697.366667,9.5
697.4,9.5
697.433333,9.5
697.466667,9.5
697.5,9.5
697.533333,9.5
697.566667,9.5
697.6,9.5
697.633333,0.000715
697.666667,0.0032425
697.7,0.0042825
697.733333,0.01074
697.766667,0.0185675
697.8,0.0263775
697.833333,0.0353425
697.866667,0.0437
697.9,0.050615
697.933333,0.0556425
697.966667,0.0587125
698,0.061905
698.033333,0.0638675
698.066667,0.06001
698.1,0.0576125
698.133333,0.0545125
698.166667,0.0529775
698.2,0.0478825
698.233333,0.04685
698.266667,0.043295
698.3,0.0400025
698.333333,0.0368075
698.366667,0.03213
698.4,0.028405
698.433333,0.0248725
698.466667,0.0223475
698.5,0.01596
698.533333,0.0120975
698.566667,0.00827
698.6,0.00712
698.633333,0.0075775
698.666667,0.004535
698.7,0.0006225
698.733333,0.000235
698.766667,0.0001225
698.8,9.75
698.833333,9
698.866667,9
698.9,9
698.933333,9
698.966667,9
699,0.0238075
699.033333,0.0036825
699.066667,0.001145
699.1,0.001255
699.133333,0.0001275
699.166667,0.000115
699.2,0.000115
699.233333,0.000115
699.266667,0.000115
699.3,0.000115
699.333333,0.000115
699.366667,0.000115
699.4,0.000115
699.433333,0.000115
699.466667,0.000115
699.5,0.000115
699.533333,0.000115
699.566667,0.000115
699.6,0.000115
699.633333,0.000115
699.666667,0.000115
699.7,0.000115
699.733333,0.000115
699.766667,0.000115
