t,scene_score
0,0.000000
0.0333333,0.001534
0.0666667,0.000141
0.1,0.000157
0.133333,0.000014
0.166667,0.000001
0.2,0.003165
0.233333,0.000045
0.266667,0.000007
0.3,0.000001
0.333333,0.000000
0.366667,0.000000
0.4,0.003152
0.433333,0.000044
0.466667,0.000007
0.5,0.000000
0.533333,0.000000
0.566667,0.000000
0.6,0.003137
0.633333,0.000045
0.666667,0.000007
0.7,0.000000
0.733333,0.000000
0.766667,0.000079
0.8,0.016588
0.833333,0.036125
0.866667,0.033751
0.9,0.004708
0.933333,0.000168
0.966667,0.000020
1,0.003115
1.033333,0.000044
1.066667,0.000007
1.1,0.000001
1.133333,0.000000
1.166667,0.000000
1.2,0.003125
1.233333,0.000043
1.266667,0.000007
1.3,0.000000
1.333333,0.000000
1.366667,0.000000
1.4,0.003138
1.433333,0.000046
1.466667,0.000008
1.5,0.000001
1.533333,0.000000
1.566667,0.000000
1.6,0.003136
1.633333,0.000045
1.666667,0.000006
1.7,0.000000
1.733333,0.000000
1.766667,0.000000
1.8,0.003135
1.833333,0.000045
1.866667,0.000007
1.9,0.000000
1.933333,0.000000
1.966667,0.000000
2,0.076326
2.033333,0.001110
2.066667,0.002163
2.1,0.064300
2.133333,0.059204
2.166667,0.001920
2.2,0.003277
2.233333,0.000059
2.266667,0.000009
2.3,0.000001
2.333333,0.000000
2.366667,0.000000
2.4,0.003134
2.433333,0.000044
2.466667,0.000006
2.5,0.000000
2.533333,0.000000
2.566667,0.000000
2.6,0.003132
2.633333,0.000045
2.666667,0.000006
2.7,0.000000
2.733333,0.000000
2.766667,0.000000
2.8,0.003140
2.833333,0.000045
2.866667,0.000008
2.9,0.000000
2.933333,0.000000
2.966667,0.000000
3,0.003131
3.033333,0.000043
3.066667,0.000007
3.1,0.000001
3.133333,0.000000
3.166667,0.000000
3.2,0.003122
3.233333,0.000044
3.266667,0.000007
3.3,0.000000
3.333333,0.000000
3.366667,0.000000
3.4,0.003137
3.433333,0.000045
3.466667,0.000007
3.5,0.000000
3.533333,0.000000
3.566667,0.000000
3.6,1.000000
3.633333,0.058401
3.666667,0.000479
3.7,0.000407
3.733333,0.000354
3.766667,0.000766
3.8,0.000191
3.833333,0.000061
3.866667,0.000717
3.9,0.000322
3.933333,0.000907
3.966667,0.000238
4,0.000481
4.033333,0.000375
4.066667,0.000074
4.1,0.000664
4.133333,0.000420
4.166667,0.000220
4.2,0.000706
4.233333,0.000569
4.266667,0.000077
4.3,0.000493
4.333333,0.000557
4.366667,0.000396
4.4,0.000370
4.433333,0.000106
4.466667,0.000647
4.5,0.000007
4.533333,0.000108
4.566667,0.000095
4.6,0.001093
4.633333,0.000787
4.666667,0.000515
4.7,0.000869
4.733333,0.010061
4.766667,0.005967
4.8,0.001916
4.833333,0.001003
4.866667,0.001072
4.9,0.000459
4.933333,0.000310
4.966667,0.000127
5,0.000200
5.033333,0.000210
5.066667,0.000848
5.1,0.000111
5.133333,0.000460
5.166667,0.000736
5.2,0.001469
5.233333,0.000124
5.266667,0.000281
5.3,0.000157
5.333333,0.000125
5.366667,0.000582
5.4,0.000595
5.433333,0.000038
5.466667,0.000850
5.5,0.000367
5.533333,0.000244
5.566667,0.000276
5.6,0.001072
5.633333,0.000138
5.666667,0.000128
5.7,0.000133
5.733333,0.000307
5.766667,0.000538
5.8,0.000552
5.833333,0.000274
5.866667,0.000604
5.9,0.000039
5.933333,0.001106
5.966667,0.000412
6,0.000162
6.033333,0.000255
6.066667,0.000564
6.1,0.000224
6.133333,0.000225
6.166667,0.000230
6.2,0.000448
6.233333,0.000148
6.266667,0.000528
6.3,0.108611
6.333333,0.059114
6.366667,0.000528
6.4,0.000755
6.433333,0.000641
6.466667,0.001009
6.5,0.000187
6.533333,0.000857
6.566667,0.000428
6.6,0.000448
6.633333,0.000210
6.666667,0.001807
6.7,0.000491
6.733333,0.000775
6.766667,0.000147
6.8,0.000472
6.833333,0.000031
6.866667,0.000123
6.9,0.000312
6.933333,0.001319
6.966667,0.000318
7,0.000796
7.033333,0.000483
7.066667,0.000137
7.1,0.001126
7.133333,0.000228
7.166667,0.000250
7.2,0.000609
7.233333,0.000362
7.266667,0.000120
7.3,0.000516
7.333333,0.000639
7.366667,0.000183
7.4,0.000257
7.433333,0.000441
7.466667,0.045987
7.5,0.000944
7.533333,0.000031
7.566667,0.000006
7.6,0.000006
7.633333,0.000045
7.666667,0.000002
7.7,0.000032
7.733333,0.000007
7.766667,0.000009
7.8,0.000006
7.833333,0.000008
7.866667,0.000004
7.9,0.000019
7.933333,0.000006
7.966667,0.000013
8,0.000757
8.033333,0.000673
8.066667,0.000124
8.1,0.000310
8.133333,0.000006
8.166667,0.000006
8.2,0.000005
8.233333,0.000022
8.266667,0.000031
8.3,0.000011
8.333333,0.000000
8.366667,0.000002
8.4,0.000003
8.433333,0.000012
8.466667,0.000012
8.5,0.000006
8.533333,0.000020
8.566667,0.000007
8.6,0.000014
8.633333,0.000008
8.666667,0.000021
8.7,0.000003
8.733333,0.000002
8.766667,0.000009
8.8,0.000009
8.833333,0.000009
8.866667,0.000003
8.9,0.000005
8.933333,1.000000
8.966667,0.000015
9,0.000258
9.033333,0.000245
9.066667,0.000208
9.1,0.000155
9.133333,0.000073
9.166667,0.000005
9.2,0.000000
9.233333,0.000000
9.266667,0.000000
9.3,0.000000
9.333333,0.000000
9.366667,0.000000
9.4,0.000000
9.433333,0.000000
9.466667,0.000000
9.5,0.000000
9.533333,0.000000
9.566667,0.000000
9.6,0.000000
9.633333,0.000000
9.666667,0.000000
9.7,0.000000
9.733333,0.000000
9.766667,0.000000
9.8,0.000000
9.833333,0.000000
9.866667,0.000000
9.9,0.000000
9.933333,0.000000
9.966667,0.000000
10,0.000000
10.033333,0.000000
10.066667,0.000000
10.1,0.000000
10.133333,0.000000
10.166667,0.000000
10.2,0.000000
10.233333,0.000000
10.266667,0.000000
10.3,0.000000
10.333333,0.000000
10.366667,0.000000
10.4,0.000000
10.433333,0.030388
10.466667,0.000086
10.5,0.000008
10.533333,0.000001
10.566667,0.000000
10.6,0.000000
10.633333,0.000000
10.666667,0.000000
10.7,0.000000
10.733333,0.000000
10.766667,0.000000
10.8,0.000000
10.833333,0.000000
10.866667,0.000000
10.9,0.000000
10.933333,0.000000
10.966667,0.000000
11,0.000000
11.033333,0.000000
11.066667,0.000000
11.1,0.000000
11.133333,0.000000
11.166667,0.000000
11.2,0.000000
11.233333,0.000000
11.266667,0.000000
11.3,0.000000
11.333333,0.000000
11.366667,0.000000
11.4,0.000000
11.433333,0.000000
11.466667,0.000000
11.5,0.000000
11.533333,0.000000
11.566667,0.000000
11.6,0.000000
11.633333,0.000000
11.666667,0.000000
11.7,0.000000
11.733333,0.000000
11.766667,0.000000
11.8,0.000000
11.833333,0.029506
11.866667,0.000089
11.9,0.000010
11.933333,0.000002
11.966667,0.000000
12,0.000000
12.033333,0.000000
12.066667,0.000000
12.1,0.000000
12.133333,0.000000
12.166667,0.000000
12.2,0.000000
12.233333,0.000000
12.266667,0.000000
12.3,0.000000
12.333333,0.000000
12.366667,0.000000
12.4,0.000000
12.433333,0.000000
12.466667,0.000000
12.5,0.000000
12.533333,0.000000
12.566667,0.000000
12.6,0.000000
12.633333,0.000000
12.666667,0.000000
12.7,0.000000
12.733333,0.000000
12.766667,0.000000
12.8,0.000000
12.833333,0.000000
12.866667,0.000000
12.9,0.000000
12.933333,0.000000
12.966667,0.000000
13,0.000000
13.033333,0.000000
13.066667,0.000000
13.1,0.000000
13.133333,0.000000
13.166667,0.000000
13.2,0.000000
13.233333,0.000000
13.266667,0.000000
13.3,0.017714
13.333333,0.000085
13.366667,0.000007
13.4,0.000001
13.433333,0.000000
13.466667,0.000000
13.5,0.000000
13.533333,0.000000
13.566667,0.000000
13.6,0.000000
13.633333,0.000000
13.666667,0.000000
13.7,0.000000
13.733333,0.000000
13.766667,0.000000
13.8,0.000000
13.833333,0.000000
13.866667,0.000000
13.9,0.000000
13.933333,0.000000
13.966667,0.005625
14,0.000138
14.033333,0.000085
14.066667,0.000028
14.1,0.000035
14.133333,0.000073
14.166667,0.000126
14.2,0.000119
14.233333,0.000215
14.266667,0.000227
14.3,0.000265
14.333333,0.000259
14.366667,0.000118
14.4,0.000037
14.433333,0.022949
14.466667,0.005949
14.5,0.000223
14.533333,0.048252
14.566667,0.033757
14.6,0.026192
14.633333,0.013714
14.666667,0.002101
14.7,0.003855
14.733333,0.006771
14.766667,0.045522
14.8,0.005213
14.833333,0.034698
14.866667,0.007550
14.9,0.009662
14.933333,0.040109
14.966667,0.000598
15,0.000992
15.033333,0.000167
15.066667,0.000462
15.1,0.000075
15.133333,0.000633
15.166667,0.000081
15.2,0.000106
15.233333,0.000068
15.266667,0.000014
15.3,0.000001
15.333333,0.000000
15.366667,0.000000
15.4,0.000000
15.433333,0.000000
15.466667,0.000000
15.5,0.000000
15.533333,0.000000
15.566667,0.000000
15.6,0.000000
15.633333,0.000000
15.666667,0.000000
15.7,0.000000
15.733333,0.000000
15.766667,0.000000
15.8,0.000000
15.833333,0.000000
15.866667,0.000000
15.9,0.000000
15.933333,0.000000
15.966667,0.000000
16,0.002299
16.033333,0.000106
16.066667,0.000032
16.1,0.000008
16.133333,0.000002
16.166667,0.000000
16.2,0.000000
16.233333,0.000000
16.266667,0.000000
16.3,0.000000
16.333333,0.000000
16.366667,0.000000
16.4,0.000000
16.433333,0.000000
16.466667,0.000000
16.5,0.000000
16.533333,0.000000
16.566667,0.000000
16.6,0.000000
16.633333,0.000000
16.666667,0.000000
16.7,0.000000
16.733333,0.000000
16.766667,0.000000
16.8,1.000000
16.833333,0.034493
16.866667,0.001740
16.9,0.003973
16.933333,0.005111
16.966667,0.004252
17,0.002840
17.033333,0.007203
17.066667,0.003223
17.1,0.001413
17.133333,0.003683
17.166667,0.002740
17.2,0.002634
17.233333,0.004425
17.266667,0.001575
17.3,0.000029
17.333333,0.004775
17.366667,0.004383
17.4,0.002572
17.433333,0.001749
17.466667,0.002015
17.5,0.000143
17.533333,0.001242
17.566667,0.001624
17.6,0.000470
17.633333,0.000424
17.666667,0.000666
17.7,0.000712
17.733333,0.000686
17.766667,0.000323
17.8,0.000010
17.833333,0.659968
17.866667,0.023584
17.9,0.003878
17.933333,0.000106
17.966667,0.001648
18,0.001767
18.033333,0.000776
18.066667,0.001893
18.1,0.000417
18.133333,0.000987
18.166667,0.003779
18.2,0.003417
18.233333,0.004331
18.266667,0.001872
18.3,0.000849
18.333333,0.003195
18.366667,0.000093
18.4,0.002096
18.433333,0.001446
18.466667,0.001261
18.5,0.001033
18.533333,0.001549
18.566667,0.005415
18.6,0.000140
18.633333,0.004131
18.666667,0.002750
18.7,0.001524
18.733333,0.002506
18.766667,0.001027
18.8,0.000710
18.833333,0.004551
18.866667,0.029646
18.9,0.005050
18.933333,0.024869
18.966667,0.004168
19,0.021991
19.033333,0.004223
19.066667,0.013246
19.1,0.005138
19.133333,0.012284
19.166667,0.004192
19.2,0.004836
19.233333,0.003656
19.266667,0.004344
19.3,0.003572
19.333333,0.004676
19.366667,0.003399
19.4,0.007920
19.433333,0.984357
19.466667,0.001901
19.5,0.000290
19.533333,0.001345
19.566667,0.000782
19.6,0.000003
19.633333,0.001307
19.666667,0.000016
19.7,0.000029
19.733333,0.000073
19.766667,0.000100
19.8,0.000087
19.833333,0.000005
19.866667,0.000036
19.9,0.000012
19.933333,0.000029
19.966667,0.000537
20,0.001890
20.033333,0.000517
20.066667,0.000126
20.1,0.000228
20.133333,0.001487
20.166667,0.000086
20.2,0.000211
20.233333,0.000124
20.266667,0.000063
20.3,0.000082
20.333333,0.000118
20.366667,0.000379
20.4,0.000622
20.433333,0.000747
20.466667,0.003875
20.5,0.001587
20.533333,0.000262
20.566667,0.032513
20.6,0.007445
20.633333,0.001502
20.666667,0.000503
20.7,0.000295
20.733333,0.000452
20.766667,0.000451
20.8,0.000045
20.833333,0.000555
20.866667,0.000344
20.9,0.000798
20.933333,0.000237
20.966667,0.000506
21,0.000844
21.033333,0.000803
21.066667,0.000518
21.1,0.000113
21.133333,0.000227
21.166667,0.000192
21.2,0.000707
21.233333,0.000241
21.266667,0.000060
21.3,0.002047
21.333333,0.000510
21.366667,0.000624
21.4,0.001263
21.433333,0.001824
21.466667,0.000648
21.5,0.000308
21.533333,0.000074
21.566667,0.000006
21.6,0.000527
21.633333,0.000096
21.666667,0.000030
21.7,0.000055
21.733333,0.000043
21.766667,0.000000
21.8,0.000006
21.833333,0.000018
21.866667,0.000001
21.9,0.000004
21.933333,0.000001
21.966667,0.001780
22,0.000089
22.033333,0.000021
22.066667,0.000042
22.1,0.000013
22.133333,0.000002
22.166667,0.000000
22.2,0.000001
22.233333,0.000000
22.266667,1.000000
22.3,0.015927
22.333333,0.000232
22.366667,0.000984
22.4,0.000448
22.433333,0.000612
22.466667,0.001037
22.5,0.001442
22.533333,0.001881
22.566667,0.001916
22.6,0.000644
22.633333,0.000695
22.666667,0.000475
22.7,0.000207
22.733333,0.000297
22.766667,0.002016
22.8,0.002791
22.833333,0.000984
22.866667,0.000043
22.9,0.000218
22.933333,0.000154
22.966667,0.000222
23,0.000167
23.033333,0.001708
23.066667,0.002289
23.1,0.000371
23.133333,0.000312
23.166667,0.000390
23.2,0.000015
23.233333,0.000607
23.266667,0.002624
23.3,0.002599
23.333333,0.000453
23.366667,0.001274
23.4,0.000375
23.433333,0.000207
23.466667,0.000122
23.5,0.000730
23.533333,0.002214
23.566667,0.002117
23.6,0.000092
23.633333,0.000030
23.666667,0.000010
23.7,0.000130
23.733333,0.000188
23.766667,0.001966
23.8,0.002246
23.833333,0.000481
23.866667,0.000138
23.9,0.000091
23.933333,0.000001
23.966667,0.000003
24,0.000776
24.033333,0.000895
24.066667,0.002227
24.1,0.000528
24.133333,0.000122
24.166667,0.000153
24.2,0.000117
24.233333,0.000376
24.266667,0.002273
24.3,0.000366
24.333333,0.000268
24.366667,0.000027
24.4,0.000445
24.433333,0.000132
24.466667,0.000107
24.5,0.000537
24.533333,0.002477
24.566667,0.002325
24.6,0.000124
24.633333,0.000191
24.666667,0.000127
24.7,0.000441
24.733333,0.000079
24.766667,0.001736
24.8,0.001845
24.833333,0.000297
24.866667,0.000093
24.9,0.000016
24.933333,0.000351
24.966667,0.534989
25,0.000949
25.033333,0.000394
25.066667,0.000523
25.1,0.001947
25.133333,0.000542
25.166667,0.003896
25.2,0.000415
25.233333,0.002387
25.266667,0.001319
25.3,0.000615
25.333333,0.006611
25.366667,0.001282
25.4,0.005038
25.433333,0.002186
25.466667,0.001044
25.5,0.005328
25.533333,0.001066
25.566667,0.004505
25.6,0.002158
25.633333,0.001021
25.666667,0.005141
25.7,0.000586
25.733333,0.005117
25.766667,0.001933
25.8,0.000902
25.833333,0.006650
25.866667,0.001208
25.9,0.005020
25.933333,0.002213
25.966667,0.000602
26,0.005008
26.033333,0.001422
26.066667,0.003318
26.1,0.002058
26.133333,0.000971
26.166667,0.004511
26.2,0.000484
26.233333,0.004218
26.266667,0.001282
26.3,0.000260
26.333333,0.004436
26.366667,0.001251
26.4,0.001956
26.433333,0.001565
26.466667,0.000006
26.5,0.357888
26.533333,0.015639
26.566667,0.000604
26.6,0.000670
26.633333,0.001019
26.666667,0.000306
26.7,0.000316
26.733333,0.001522
26.766667,0.000345
26.8,0.000576
26.833333,0.000176
26.866667,0.000627
26.9,0.000692
26.933333,0.000613
26.966667,0.001851
27,0.000060
27.033333,0.000932
27.066667,0.000518
27.1,0.000586
27.133333,0.000558
27.166667,0.001134
27.2,0.001296
27.233333,0.000228
27.266667,0.000863
27.3,0.000982
27.333333,0.000475
27.366667,0.000222
27.4,0.000599
27.433333,0.000649
27.466667,0.000096
27.5,0.000472
27.533333,0.000289
27.566667,0.001219
27.6,0.001075
27.633333,0.000065
27.666667,0.001290
27.7,0.001124
27.733333,0.005872
27.766667,0.006139
27.8,0.001808
27.833333,0.001285
27.866667,0.000204
27.9,0.000592
27.933333,0.001190
27.966667,0.000694
28,0.000123
28.033333,0.000322
28.066667,0.001517
28.1,0.001032
28.133333,0.000020
28.166667,0.001067
28.2,0.272037
28.233333,0.000172
28.266667,0.000003
28.3,0.000022
28.333333,0.000012
28.366667,0.000005
28.4,0.000002
28.433333,0.000000
28.466667,0.000000
28.5,0.000000
28.533333,0.000000
28.566667,0.000000
28.6,0.000000
28.633333,0.000000
28.666667,0.000000
28.7,0.000000
28.733333,0.000000
28.766667,0.000000
28.8,0.000000
28.833333,0.000000
28.866667,0.000000
28.9,0.000000
28.933333,0.000000
28.966667,0.000000
29,0.000000
29.033333,0.031298
29.066667,0.000017
29.1,0.000006
29.133333,0.000002
29.166667,0.000000
29.2,0.000000
29.233333,0.000000
29.266667,0.000000
29.3,0.000000
29.333333,0.000000
29.366667,0.000000
29.4,0.000000
29.433333,0.000000
29.466667,0.000000
29.5,0.000000
29.533333,0.000000
29.566667,0.000000
29.6,0.000000
29.633333,0.000000
29.666667,0.000000
29.7,0.000000
29.733333,0.000000
29.766667,0.000000
29.8,0.000000
29.833333,0.000000
29.866667,0.000000
29.9,0.000000
29.933333,0.000000
29.966667,0.000000
30,0.000000
30.033333,0.000000
30.066667,0.000000
30.1,0.000000
30.133333,0.000000
30.166667,0.000000
30.2,0.000000
30.233333,0.000000
30.266667,0.000000
30.3,0.000000
30.333333,0.000000
30.366667,0.000000
30.4,0.000000
30.433333,0.000000
30.466667,0.000000
30.5,0.000000
30.533333,0.000000
30.566667,0.000000
30.6,0.000000
30.633333,0.000000
30.666667,0.000000
30.7,0.000000
30.733333,0.000000
30.766667,0.000000
30.8,0.000000
30.833333,0.000000
30.866667,0.000000
30.9,0.000000
30.933333,0.000000
30.966667,0.000000
31,0.000000
31.033333,0.000000
31.066667,0.000000
31.1,0.000000
31.133333,0.000000
31.166667,0.000000
31.2,0.000000
31.233333,0.000000
31.266667,0.000000
31.3,0.000000
31.333333,0.000000
31.366667,0.000000
31.4,0.000000
31.433333,0.000000
31.466667,0.000000
31.5,0.000000
31.533333,0.000000
31.566667,0.000000
31.6,0.000000
31.633333,0.000000
31.666667,0.000000
31.7,0.000000
31.733333,0.000000
31.766667,0.000000
31.8,0.000000
31.833333,0.000000
31.866667,0.000000
31.9,0.000000
31.933333,1.000000
31.966667,0.026912
32,0.004200
32.033333,0.000922
32.066667,0.005307
32.1,0.012384
32.133333,0.002925
32.166667,0.002282
32.2,0.002512
32.233333,0.002177
32.266667,0.000629
32.3,0.000788
32.333333,0.002661
32.366667,0.011161
32.4,0.007764
32.433333,0.002488
32.466667,0.001805
32.5,0.003615
32.533333,0.000795
32.566667,0.000480
32.6,0.005346
32.633333,0.002945
32.666667,0.003861
32.7,0.001717
32.733333,0.001497
32.766667,0.003862
32.8,0.004015
32.833333,0.000061
32.866667,0.001962
32.9,0.000637
32.933333,0.000193
32.966667,0.000267
33,0.000542
33.033333,0.000296
33.066667,0.000054
33.1,0.000112
33.133333,0.002824
33.166667,0.002528
33.2,0.000282
33.233333,0.000394
33.266667,0.000389
33.3,0.002607
33.333333,0.000492
33.366667,0.019277
33.4,0.000037
33.433333,0.018965
33.466667,0.000080
33.5,0.020191
33.533333,0.002210
33.566667,0.000287
33.6,0.000055
33.633333,0.023180
33.666667,0.000068
33.7,0.024382
33.733333,0.000071
33.766667,0.024034
33.8,0.000207
33.833333,0.023284
33.866667,0.000205
33.9,0.023220
33.933333,0.000071
33.966667,0.023208
34,0.000206
34.033333,0.022725
34.066667,0.000206
34.1,0.036213
34.133333,0.017900
34.166667,0.016523
34.2,0.016560
34.233333,0.017523
34.266667,0.015591
34.3,0.017852
34.333333,0.012336
34.366667,0.019270
34.4,0.012535
34.433333,0.016744
34.466667,0.014514
34.5,0.016278
34.533333,0.009201
34.566667,0.018656
34.6,0.012652
34.633333,0.013751
34.666667,0.008723
34.7,0.016135
34.733333,0.009354
34.766667,0.011863
34.8,0.008478
34.833333,0.015206
34.866667,0.008403
34.9,0.001372
34.933333,0.000000
34.966667,0.000024
35,0.096490
35.033333,0.000005
35.066667,0.000335
35.1,0.010138
35.133333,0.000000
35.166667,0.000077
35.2,0.005505
35.233333,0.021686
35.266667,0.000715
35.3,0.004161
35.333333,0.000016
35.366667,0.000510
35.4,0.002053
35.433333,0.000000
35.466667,0.000474
35.5,0.001924
35.533333,0.000024
35.566667,0.000187
35.6,0.001179
35.633333,0.000030
35.666667,0.000114
35.7,0.000130
35.733333,0.000113
35.766667,0.000117
35.8,0.000130
35.833333,0.000006
35.866667,0.000001
35.9,0.000579
35.933333,0.000418
35.966667,0.000418
36,0.000423
36.033333,0.000419
36.066667,0.000415
36.1,0.000415
36.133333,0.000417
36.166667,0.000419
36.2,0.034634
36.233333,0.001240
36.266667,0.000585
36.3,0.000653
36.333333,0.000528
36.366667,0.000548
36.4,0.000433
36.433333,0.000426
36.466667,0.000423
36.5,0.000415
36.533333,0.000410
36.566667,0.000000
36.6,0.000411
36.633333,0.000423
36.666667,0.000430
36.7,0.000431
36.733333,0.000431
36.766667,0.000429
36.8,0.000419
36.833333,0.000422
36.866667,0.000005
36.9,0.000256
36.933333,0.000037
36.966667,0.000088
37,0.000001
37.033333,0.000000
37.066667,0.000000
37.1,0.000000
37.133333,0.000000
37.166667,0.000000
37.2,0.000000
37.233333,0.000000
37.266667,0.000000
37.3,0.000000
37.333333,0.000000
37.366667,0.000000
37.4,0.000000
37.433333,0.000000
37.466667,0.000000
37.5,0.000000
37.533333,0.000000
37.566667,0.000000
37.6,0.000000
37.633333,0.000000
37.666667,0.000000
37.7,0.000000
37.733333,0.000000
37.766667,0.000000
37.8,0.000000
37.833333,0.000000
37.866667,0.000000
37.9,0.000000
37.933333,0.000000
37.966667,0.000000
38,0.000000
38.033333,0.000000
38.066667,0.000000
38.1,0.656652
38.133333,0.000810
38.166667,0.000112
38.2,0.000155
38.233333,0.000044
38.266667,0.000020
38.3,0.000010
38.333333,0.000002
38.366667,0.000000
38.4,0.000000
38.433333,0.000000
38.466667,0.000000
38.5,0.000000
38.533333,0.000000
38.566667,0.000000
38.6,0.000000
38.633333,0.000000
38.666667,0.000000
38.7,0.000000
38.733333,0.000000
38.766667,0.000000
38.8,0.000000
38.833333,0.000000
38.866667,0.000000
38.9,0.000000
38.933333,0.000000
38.966667,0.000000
39,0.000000
39.033333,0.000000
39.066667,0.000000
39.1,0.000558
39.133333,0.000048
39.166667,0.000012
39.2,0.000006
39.233333,0.000001
39.266667,0.000000
39.3,0.000000
39.333333,0.000000
39.366667,0.000000
39.4,0.000000
39.433333,0.000000
39.466667,0.000000
39.5,0.000000
39.533333,0.000000
39.566667,0.000000
39.6,0.000000
39.633333,0.000000
39.666667,0.000000
39.7,0.000000
39.733333,0.000000
39.766667,0.000000
39.8,0.000000
39.833333,0.000000
39.866667,0.000000
39.9,0.000000
39.933333,0.000000
39.966667,0.000000
40,0.000178
40.033333,0.000007
40.066667,0.000002
40.1,0.000010
40.133333,0.000003
40.166667,0.000003
40.2,0.000001
40.233333,0.000000
40.266667,0.000000
40.3,0.000000
40.333333,0.000000
40.366667,0.000000
40.4,0.000000
40.433333,0.000000
40.466667,0.000000
40.5,0.000000
40.533333,0.000000
40.566667,0.000000
40.6,0.000000
40.633333,0.000000
40.666667,0.000000
40.7,0.000000
40.733333,0.000000
40.766667,0.000000
40.8,0.000000
40.833333,0.000000
40.866667,0.000000
40.9,0.000000
40.933333,0.000000
40.966667,0.000000
41,0.091624
41.033333,0.000049
41.066667,0.000019
41.1,0.000303
41.133333,0.001196
41.166667,0.003999
41.2,0.010246
41.233333,0.011474
41.266667,0.010748
41.3,0.005738
41.333333,0.001251
41.366667,0.000373
41.4,0.002053
41.433333,0.003645
41.466667,0.004844
41.5,0.005327
41.533333,0.013420
41.566667,0.008165
41.6,0.004518
41.633333,0.004151
41.666667,0.003412
41.7,0.002258
41.733333,0.000574
41.766667,0.000072
41.8,0.000764
41.833333,0.003701
41.866667,0.001424
41.9,0.000193
41.933333,0.001378
41.966667,0.000356
42,0.001172
42.033333,0.001905
42.066667,0.001709
42.1,0.000164
42.133333,0.001686
42.166667,0.002619
42.2,0.004585
42.233333,0.002577
42.266667,0.022435
42.3,0.013472
42.333333,0.010177
42.366667,0.011113
42.4,0.007440
42.433333,0.042186
42.466667,0.170158
42.5,0.034275
42.533333,0.012795
42.566667,0.003243
42.6,0.005654
42.633333,0.002022
42.666667,0.011457
42.7,0.000055
42.733333,0.000474
42.766667,0.001048
42.8,0.002360
42.833333,0.000570
42.866667,0.000419
42.9,0.001567
42.933333,0.001799
42.966667,0.001072
43,0.001262
43.033333,0.006820
43.066667,0.004326
43.1,0.002221
43.133333,0.003104
43.166667,0.002233
43.2,0.001950
43.233333,0.000989
43.266667,0.005189
43.3,0.009438
43.333333,0.001809
43.366667,0.001533
43.4,0.000672
43.433333,0.022214
43.466667,0.000961
43.5,0.004190
43.533333,0.012961
43.566667,0.007555
43.6,0.021636
43.633333,0.015604
43.666667,0.002078
43.7,0.001891
43.733333,0.001158
43.766667,0.001315
43.8,0.001288
43.833333,0.001135
43.866667,0.006861
43.9,0.004196
43.933333,0.001005
43.966667,0.000394
44,0.002501
44.033333,0.003046
44.066667,0.003098
44.1,0.002243
44.133333,0.000255
44.166667,0.000154
44.2,0.000697
44.233333,0.000002
44.266667,0.000702
44.3,0.000689
44.333333,0.000525
44.366667,0.001690
44.4,0.002605
44.433333,0.001154
44.466667,0.000961
44.5,0.000896
44.533333,0.001889
44.566667,0.001607
44.6,0.000482
44.633333,0.000798
44.666667,0.002223
44.7,0.004146
44.733333,0.004164
44.766667,0.001957
44.8,0.055496
44.833333,0.019679
44.866667,0.004283
44.9,0.002870
44.933333,0.000620
44.966667,0.040593
45,0.019349
45.033333,0.011852
45.066667,0.008052
45.1,0.005798
45.133333,0.006482
45.166667,0.003339
45.2,0.001501
45.233333,0.001794
45.266667,0.001244
45.3,0.001133
45.333333,0.001090
45.366667,0.001003
45.4,0.011422
45.433333,0.003684
45.466667,0.003267
45.5,0.003029
45.533333,0.003689
45.566667,0.000046
45.6,0.001651
45.633333,0.000839
45.666667,0.000568
45.7,0.000234
45.733333,0.001024
45.766667,0.000218
45.8,0.000088
45.833333,0.000840
45.866667,0.000412
45.9,0.000962
45.933333,0.000806
45.966667,0.000485
46,0.000145
46.033333,0.000297
46.066667,0.001837
46.1,0.001061
46.133333,0.000570
46.166667,0.000893
46.2,0.000881
46.233333,0.000208
46.266667,0.000517
46.3,0.000811
46.333333,0.000026
46.366667,0.000491
46.4,0.056009
46.433333,0.000238
46.466667,0.000021
46.5,0.000011
46.533333,0.000590
46.566667,0.005398
46.6,0.006294
46.633333,0.000273
46.666667,0.000114
46.7,0.004196
46.733333,0.001767
46.766667,0.005198
46.8,0.002645
46.833333,0.001621
46.866667,0.001602
46.9,0.006258
46.933333,0.011086
46.966667,0.002766
47,0.006276
47.033333,0.004356
47.066667,0.002159
47.1,0.002236
47.133333,0.001363
47.166667,0.001357
47.2,0.000449
47.233333,0.095652
47.266667,0.020857
47.3,0.011197
47.333333,0.006473
47.366667,0.000469
47.4,0.001980
47.433333,0.003466
47.466667,0.006769
47.5,0.005282
47.533333,0.009237
47.566667,0.000391
47.6,0.004382
47.633333,0.002726
47.666667,0.001922
47.7,0.001163
47.733333,0.000705
47.766667,0.000395
47.8,0.000144
47.833333,0.000051
47.866667,0.000016
47.9,0.000008
47.933333,0.000000
47.966667,0.000001
48,0.000130
48.033333,0.000011
48.066667,0.000004
48.1,0.000097
48.133333,0.000018
48.166667,0.000008
48.2,0.000002
48.233333,0.000000
48.266667,0.000000
48.3,0.000000
48.333333,0.000000
48.366667,0.000000
48.4,0.000000
48.433333,0.000000
48.466667,0.000000
48.5,0.000000
48.533333,0.000000
48.566667,0.000000
48.6,0.000000
48.633333,0.000000
48.666667,0.000000
48.7,0.000000
48.733333,0.000000
48.766667,0.000000
48.8,0.000000
48.833333,0.000000
48.866667,0.000000
48.9,0.000000
48.933333,0.000000
48.966667,0.000000
49,0.000000
49.033333,0.000000
49.066667,0.000000
49.1,0.000002
49.133333,0.000001
49.166667,0.000001
49.2,0.000000
49.233333,0.000000
49.266667,0.000000
49.3,0.000000
49.333333,0.000000
49.366667,0.000000
49.4,0.000000
49.433333,0.000000
49.466667,0.000000
49.5,0.000000
49.533333,0.000000
49.566667,0.000000
49.6,0.000000
49.633333,0.000000
49.666667,0.000000
49.7,0.428264
49.733333,0.000316
49.766667,0.000060
49.8,0.000044
49.833333,0.000030
49.866667,0.000061
49.9,0.000039
49.933333,0.000032
49.966667,0.000001
50,0.000078
50.033333,0.000101
50.066667,0.000028
50.1,0.000070
50.133333,0.000342
50.166667,0.000224
50.2,0.000005
50.233333,0.000014
50.266667,0.000109
50.3,0.000129
50.333333,0.000062
50.366667,0.000020
50.4,0.000148
50.433333,0.000136
50.466667,0.000115
50.5,0.000118
50.533333,0.000052
50.566667,0.000219
50.6,0.000093
50.633333,0.000171
50.666667,0.000370
50.7,0.002421
50.733333,0.001452
50.766667,0.000038
50.8,0.000059
50.833333,0.000110
50.866667,0.000215
50.9,0.000058
50.933333,0.000134
50.966667,0.000274
51,0.000016
51.033333,0.000283
51.066667,0.000776
51.1,0.003511
51.133333,0.000737
51.166667,0.000002
51.2,0.000001
51.233333,0.000006
51.266667,0.000005
51.3,0.000125
51.333333,0.000041
51.366667,0.000131
51.4,0.000067
51.433333,0.000154
51.466667,0.000015
51.5,0.035799
51.533333,0.001344
51.566667,0.000132
51.6,0.000272
51.633333,0.000644
51.666667,0.003608
51.7,0.000025
51.733333,0.000009
51.766667,0.000002
51.8,0.000000
51.833333,0.000000
51.866667,0.000000
51.9,0.000000
51.933333,0.000000
51.966667,0.000000
52,0.000000
52.033333,0.000000
52.066667,0.000000
52.1,0.000000
52.133333,0.000000
52.166667,0.000000
52.2,0.000000
52.233333,0.000000
52.266667,0.000000
52.3,0.000000
52.333333,0.000000
52.366667,0.024416
52.4,0.000021
52.433333,0.000007
52.466667,0.000001
52.5,0.000000
52.533333,0.000000
52.566667,0.000000
52.6,0.000000
52.633333,0.000000
52.666667,0.000000
52.7,0.000000
52.733333,0.000000
52.766667,0.000000
52.8,0.000000
52.833333,0.000000
52.866667,0.000000
52.9,0.000000
52.933333,0.000000
52.966667,0.000000
53,0.000000
53.033333,0.000000
53.066667,0.000000
53.1,0.000000
53.133333,0.000000
53.166667,0.000000
53.2,0.000000
53.233333,0.000000
53.266667,0.000000
53.3,0.000000
53.333333,0.000000
53.366667,0.000000
53.4,0.000000
53.433333,0.000000
53.466667,0.000000
53.5,0.000000
53.533333,0.000000
53.566667,0.000000
53.6,0.000000
53.633333,0.000000
53.666667,0.000000
53.7,0.000000
53.733333,0.026638
53.766667,0.000020
53.8,0.009128
53.833333,0.000784
53.866667,0.001565
53.9,0.000287
53.933333,0.000310
53.966667,0.000131
54,0.000210
54.033333,0.000239
54.066667,0.000496
54.1,0.000086
54.133333,0.000758
54.166667,0.000301
54.2,0.000111
54.233333,0.000023
54.266667,0.000015
54.3,0.113078
54.333333,0.001707
54.366667,0.000081
54.4,0.000140
54.433333,0.001771
54.466667,0.001950
54.5,0.000565
54.533333,0.000511
54.566667,0.000666
54.6,0.000132
54.633333,0.000258
54.666667,0.000422
54.7,0.000381
54.733333,0.000835
54.766667,0.000145
54.8,0.003504
54.833333,0.000025
54.866667,0.000507
54.9,0.000216
54.933333,0.004284
54.966667,0.003284
55,0.001959
55.033333,0.001317
55.066667,0.001270
55.1,0.000859
55.133333,0.000607
55.166667,0.000107
55.2,0.029113
55.233333,0.029547
55.266667,0.000340
55.3,0.001294
55.333333,0.000406
55.366667,0.000282
55.4,0.003868
55.433333,0.000002
55.466667,0.000636
55.5,0.001675
55.533333,0.000000
55.566667,0.000282
55.6,0.001984
55.633333,0.000004
55.666667,0.000145
55.7,0.000321
55.733333,0.000091
55.766667,0.000077
55.8,0.000064
55.833333,0.000008
55.866667,0.000001
55.9,0.000000
55.933333,0.000000
55.966667,0.000000
56,0.002704
56.033333,0.000116
56.066667,0.000038
56.1,0.000009
56.133333,0.000002
56.166667,0.000000
56.2,0.000000
56.233333,0.000000
56.266667,0.000000
56.3,0.000000
56.333333,0.000000
56.366667,0.000000
56.4,0.000000
56.433333,0.000000
56.466667,0.000000
56.5,0.000000
56.533333,0.000000
56.566667,0.000000
56.6,0.000000
56.633333,0.000000
56.666667,0.000000
56.7,0.000000
56.733333,0.000000
56.766667,0.000000
56.8,0.000000
56.833333,0.000000
56.866667,0.035264
56.9,0.000044
56.933333,0.000014
56.966667,0.000002
57,0.000000
57.033333,0.000000
57.066667,0.000000
57.1,0.000000
57.133333,0.000000
57.166667,0.000000
57.2,0.000000
57.233333,0.000000
57.266667,0.000000
57.3,0.000000
57.333333,0.000000
57.366667,0.000000
57.4,0.000000
57.433333,0.000000
57.466667,0.000000
57.5,0.000000
57.533333,0.000000
57.566667,0.000000
57.6,0.000000
57.633333,0.000000
57.666667,0.000000
57.7,0.000000
57.733333,0.000000
57.766667,0.000000
57.8,0.000000
57.833333,0.000000
57.866667,0.000000
57.9,0.000000
57.933333,0.000000
57.966667,0.000000
58,0.000000
58.033333,0.000000
58.066667,0.000000
58.1,0.000000
58.133333,0.000000
58.166667,0.000000
58.2,0.000000
58.233333,0.000000
58.266667,0.000000
58.3,0.000000
58.333333,0.000000
58.366667,0.000000
58.4,0.000000
58.433333,0.000000
58.466667,0.000000
58.5,0.000000
58.533333,0.040656
58.566667,0.000049
58.6,0.000017
58.633333,0.000003
58.666667,0.000000
58.7,0.000000
58.733333,0.000000
58.766667,0.000000
58.8,0.000000
58.833333,0.000000
58.866667,0.000000
58.9,0.000000
58.933333,0.000000
58.966667,0.000000
59,0.000000
59.033333,0.000000
59.066667,0.000000
59.1,0.000000
59.133333,0.000000
59.166667,0.000000
59.2,0.000000
59.233333,0.000000
59.266667,0.000000
59.3,0.000000
59.333333,0.000000
59.366667,0.000000
59.4,0.000000
59.433333,0.000000
59.466667,0.000000
59.5,0.000000
59.533333,0.000000
59.566667,0.000000
59.6,0.000000
59.633333,0.000000
59.666667,0.000000
59.7,0.000000
59.733333,0.000000
59.766667,0.000000
59.8,0.000000
59.833333,1.000000
59.866667,0.000009
59.9,0.000337
59.933333,0.000003
59.966667,0.000062
60,0.000633
60.033333,0.000050
60.066667,0.000148
60.1,0.000072
60.133333,0.000015
60.166667,0.000001
60.2,0.000000
60.233333,0.000000
60.266667,0.000000
60.3,0.000000
60.333333,0.000000
60.366667,0.000000
60.4,0.000000
60.433333,0.000000
60.466667,0.000000
60.5,0.000000
60.533333,0.000000
60.566667,0.000000
60.6,0.000000
60.633333,0.000000
60.666667,0.000000
60.7,0.000000
60.733333,0.000000
60.766667,0.000000
60.8,0.014709
60.833333,0.000118
60.866667,0.000006
60.9,0.000001
60.933333,0.000000
60.966667,0.000000
61,0.000000
61.033333,0.000000
61.066667,0.000000
61.1,0.000000
61.133333,0.000000
61.166667,0.000000
61.2,0.000000
61.233333,0.000000
61.266667,0.000000
61.3,0.000000
61.333333,0.000000
61.366667,0.000000
61.4,0.000000
61.433333,0.000000
61.466667,0.000000
61.5,0.000000
61.533333,0.000000
61.566667,0.000000
61.6,0.000000
61.633333,0.000000
61.666667,0.000000
61.7,0.000000
61.733333,0.000000
61.766667,0.000000
61.8,0.000000
61.833333,0.000000
61.866667,0.019653
61.9,0.029188
61.933333,0.000323
61.966667,0.000098
62,0.000110
62.033333,0.000005
62.066667,0.000001
62.1,0.000000
62.133333,0.000000
62.166667,0.000000
62.2,0.000000
62.233333,0.000000
62.266667,0.000000
62.3,0.000000
62.333333,0.000000
62.366667,0.000000
62.4,0.000000
62.433333,0.000000
62.466667,0.000000
62.5,0.000000
62.533333,0.000000
62.566667,0.000000
62.6,0.000000
62.633333,0.000000
62.666667,0.000000
62.7,0.000000
62.733333,0.000012
62.766667,0.000097
62.8,0.000002
62.833333,0.000102
62.866667,0.000002
62.9,0.000102
62.933333,0.000000
62.966667,0.000104
63,0.000000
63.033333,0.000103
63.066667,0.000000
63.1,0.000104
63.133333,0.000000
63.166667,0.000103
63.2,0.000000
63.233333,0.000104
63.266667,0.000000
63.3,0.000103
63.333333,0.000000
63.366667,0.020546
63.4,0.036240
63.433333,0.000055
63.466667,0.000410
63.5,0.000012
63.533333,0.000241
63.566667,0.000008
63.6,0.000122
63.633333,0.000009
63.666667,0.000102
63.7,0.000003
63.733333,0.000103
63.766667,0.000000
63.8,0.000104
63.833333,0.000000
63.866667,0.000104
63.9,0.000000
63.933333,0.000104
63.966667,0.000000
64,0.002342
64.033333,0.000106
64.066667,0.000031
64.1,0.000009
64.133333,0.000002
64.166667,0.000000
64.2,0.000000
64.233333,0.000000
64.266667,0.000000
64.3,0.000000
64.333333,0.000000
64.366667,0.000000
64.4,0.000000
64.433333,0.000000
64.466667,0.080063
64.5,0.000133
64.533333,0.000060
64.566667,0.000029
64.6,0.000003
64.633333,0.000001
64.666667,0.000000
64.7,0.000000
64.733333,0.000000
64.766667,0.000000
64.8,0.000000
64.833333,0.000000
64.866667,0.000000
64.9,0.000000
64.933333,0.000000
64.966667,0.000000
65,0.000000
65.033333,0.000000
65.066667,0.000000
65.1,0.000000
65.133333,0.000000
65.166667,0.000000
65.2,0.000000
65.233333,0.000000
65.266667,0.000000
65.3,0.000000
65.333333,0.000000
65.366667,0.000000
65.4,0.000000
65.433333,0.000000
65.466667,0.000000
65.5,0.000000
65.533333,0.000000
65.566667,0.000000
65.6,0.000000
65.633333,0.000000
65.666667,0.000000
65.7,0.000000
65.733333,0.000000
65.766667,0.000000
65.8,0.000000
65.833333,0.000000
65.866667,0.000000
65.9,0.000000
65.933333,0.000000
65.966667,0.000000
66,0.000000
66.033333,0.000000
66.066667,0.000000
66.1,0.000000
66.133333,0.068430
66.166667,0.000141
66.2,0.000070
66.233333,0.000034
66.266667,0.000003
66.3,0.000001
66.333333,0.000000
66.366667,0.000000
66.4,0.000000
66.433333,0.000000
66.466667,0.000000
66.5,0.000000
66.533333,0.000000
66.566667,0.000000
66.6,0.000000
66.633333,0.000000
66.666667,0.000000
66.7,0.000000
66.733333,0.000000
66.766667,0.000000
66.8,0.000000
66.833333,0.000000
66.866667,0.000000
66.9,0.000000
66.933333,0.000000
66.966667,0.000000
67,0.000000
67.033333,0.000000
67.066667,0.000000
67.1,0.000000
67.133333,0.000000
67.166667,0.000000
67.2,0.000000
67.233333,0.000000
67.266667,0.065229
67.3,0.000080
67.333333,0.000040
67.366667,0.000006
67.4,0.000001
67.433333,0.000000
67.466667,0.000000
67.5,0.000000
67.533333,0.000000
67.566667,0.000000
67.6,0.000000
67.633333,0.000000
67.666667,0.000000
67.7,0.000000
67.733333,0.000000
67.766667,0.000000
67.8,0.000000
67.833333,0.000000
67.866667,0.000000
67.9,0.000000
67.933333,0.000000
67.966667,0.000000
68,0.000000
68.033333,0.000000
68.066667,0.000000
68.1,0.004316
68.133333,0.000008
68.166667,0.000102
68.2,0.000237
68.233333,0.000038
68.266667,0.000163
68.3,0.000002
68.333333,0.000302
68.366667,0.000149
68.4,0.000076
68.433333,0.000036
68.466667,0.000122
68.5,0.000058
68.533333,0.000245
68.566667,0.015254
68.6,0.003351
68.633333,0.000204
68.666667,0.000043
68.7,0.000096
68.733333,0.000319
68.766667,0.000277
68.8,0.000207
68.833333,0.000174
68.866667,0.000550
68.9,0.000656
68.933333,0.000216
68.966667,0.043162
69,0.000748
69.033333,0.000353
69.066667,0.001008
69.1,0.001071
69.133333,0.000310
69.166667,0.000424
69.2,0.000133
69.233333,0.000025
69.266667,0.000105
69.3,0.000421
69.333333,0.000013
69.366667,0.000032
69.4,0.000524
69.433333,0.000023
69.466667,0.000088
69.5,0.021799
69.533333,0.021588
69.566667,0.000421
69.6,0.000223
69.633333,0.000135
69.666667,0.000384
69.7,0.002239
69.733333,0.001110
69.766667,0.000399
69.8,0.000288
69.833333,0.000707
69.866667,0.000062
69.9,0.000110
69.933333,0.000061
69.966667,0.000021
70,0.000004
70.033333,0.000000
70.066667,0.000000
70.1,0.000000
70.133333,0.000000
70.166667,0.000000
70.2,0.000000
70.233333,0.000000
70.266667,0.000000
70.3,0.000000
70.333333,0.000000
70.366667,0.000000
70.4,0.000000
70.433333,0.000000
70.466667,0.000000
70.5,0.000000
70.533333,0.000000
70.566667,0.000000
70.6,0.000000
70.633333,0.000000
70.666667,0.023835
70.7,0.000046
70.733333,0.000009
70.766667,0.000001
70.8,0.000000
70.833333,0.000000
70.866667,0.000000
70.9,0.000000
70.933333,0.000000
70.966667,0.000000
71,0.000000
71.033333,0.000000
71.066667,0.000000
71.1,0.000000
71.133333,0.000000
71.166667,0.000000
71.2,0.000000
71.233333,0.000000
71.266667,0.000000
71.3,0.000000
71.333333,0.000000
71.366667,0.000000
71.4,0.000000
71.433333,0.000000
71.466667,0.000000
71.5,0.000000
71.533333,0.000000
71.566667,0.000000
71.6,0.000000
71.633333,0.000000
71.666667,0.000000
71.7,0.000000
71.733333,0.000000
71.766667,0.000000
71.8,0.000000
71.833333,0.000000
71.866667,0.000000
71.9,0.000000
71.933333,0.000000
71.966667,0.000000
72,0.000843
72.033333,0.000094
72.066667,0.029489
72.1,0.000032
72.133333,0.000011
72.166667,0.000002
72.2,0.000000
72.233333,0.000000
72.266667,0.000000
72.3,0.000000
72.333333,0.000000
72.366667,0.000000
72.4,0.000000
72.433333,0.000000
72.466667,0.000000
72.5,0.000000
72.533333,0.000000
72.566667,0.000000
72.6,0.000000
72.633333,0.000000
72.666667,0.000000
72.7,0.000000
72.733333,0.000000
72.766667,0.000000
72.8,0.000000
72.833333,0.000000
72.866667,0.000000
72.9,0.000000
72.933333,0.000000
72.966667,0.000000
73,0.000000
73.033333,0.000000
73.066667,0.000000
73.1,0.000000
73.133333,0.000000
73.166667,0.000000
73.2,0.000000
73.233333,0.000000
73.266667,0.000000
73.3,0.000000
73.333333,0.000000
73.366667,0.000000
73.4,0.000000
73.433333,0.000000
73.466667,0.000000
73.5,0.000000
73.533333,0.000000
73.566667,0.000000
73.6,0.000000
73.633333,0.000000
73.666667,0.000000
73.7,0.000000
73.733333,0.000000
73.766667,0.027838
73.8,0.000032
73.833333,0.000010
73.866667,0.000002
73.9,0.000000
73.933333,0.000000
73.966667,0.000000
74,0.000000
74.033333,0.000000
74.066667,0.000000
74.1,0.000000
74.133333,0.000000
74.166667,0.000000
74.2,0.000000
74.233333,0.000000
74.266667,0.000000
74.3,0.000000
74.333333,0.000000
74.366667,0.000000
74.4,0.000000
74.433333,0.000000
74.466667,0.000000
74.5,0.000000
74.533333,0.000000
74.566667,0.000000
74.6,0.000000
74.633333,0.000000
74.666667,0.000000
74.7,0.000000
74.733333,0.000000
74.766667,0.000000
74.8,0.000000
74.833333,0.000000
74.866667,0.000000
74.9,0.000000
74.933333,0.000000
74.966667,0.000000
75,0.000000
75.033333,0.000000
75.066667,0.000000
75.1,0.000000
75.133333,0.000000
75.166667,0.000000
75.2,0.000000
75.233333,0.000000
75.266667,0.000000
75.3,0.000000
75.333333,0.000000
75.366667,0.000000
75.4,0.000000
75.433333,0.000000
75.466667,0.000000
75.5,0.751212
75.533333,0.002847
75.566667,0.000670
75.6,0.000414
75.633333,0.000231
75.666667,0.000724
75.7,0.000084
75.733333,0.014674
75.766667,0.007145
75.8,0.002374
75.833333,0.000157
75.866667,0.000917
75.9,0.002120
75.933333,0.000610
75.966667,0.001146
76,0.000877
76.033333,0.000496
76.066667,0.000539
76.1,0.000447
76.133333,0.000830
76.166667,0.000603
76.2,0.014137
76.233333,0.006103
76.266667,0.000028
76.3,0.001311
76.333333,0.000761
76.366667,0.003643
76.4,0.018735
76.433333,0.009281
76.466667,0.003542
76.5,0.004514
76.533333,0.002341
76.566667,0.000428
76.6,0.003037
76.633333,0.001747
76.666667,0.004758
76.7,0.002194
76.733333,0.003451
76.766667,0.004738
76.8,0.001378
76.833333,0.003342
76.866667,0.003778
76.9,0.001440
76.933333,0.017683
76.966667,0.004286
77,0.003498
77.033333,0.002125
77.066667,0.002175
77.1,0.002485
77.133333,0.013240
77.166667,0.004302
77.2,0.003421
77.233333,0.000404
77.266667,0.001475
77.3,0.000616
77.333333,0.002837
77.366667,0.002570
77.4,0.000924
77.433333,0.001349
77.466667,0.000462
77.5,0.002034
77.533333,0.002087
77.566667,0.000366
77.6,0.000930
77.633333,0.000102
77.666667,0.000949
77.7,0.001149
77.733333,0.000818
77.766667,0.001226
77.8,0.000737
77.833333,0.001329
77.866667,0.011436
77.9,0.006531
77.933333,0.001480
77.966667,0.000811
78,0.000694
78.033333,0.001892
78.066667,0.001630
78.1,0.002681
78.133333,0.001132
78.166667,0.000982
78.2,0.002983
78.233333,0.000160
78.266667,0.002734
78.3,0.000073
78.333333,0.000990
78.366667,0.003457
78.4,0.002840
78.433333,0.004521
78.466667,0.000581
78.5,0.001665
78.533333,0.288512
78.566667,0.003765
78.6,0.018010
78.633333,0.003505
78.666667,0.000085
78.7,0.000064
78.733333,0.000119
78.766667,0.000010
78.8,0.000065
78.833333,0.000109
78.866667,0.000013
78.9,0.000110
78.933333,0.000018
78.966667,0.000005
79,0.000072
79.033333,0.000040
79.066667,0.000055
79.1,0.000026
79.133333,0.000010
79.166667,0.000055
79.2,0.000005
79.233333,0.000023
79.266667,0.019918
79.3,0.003065
79.333333,0.000390
79.366667,0.000193
79.4,0.000135
79.433333,0.000016
79.466667,0.000151
79.5,0.000034
79.533333,0.000169
79.566667,0.001305
79.6,0.000045
79.633333,0.000007
79.666667,0.000043
79.7,0.000056
79.733333,0.000015
79.766667,0.000084
79.8,0.000025
79.833333,0.000051
79.866667,0.000033
79.9,0.000014
79.933333,0.000043
79.966667,0.000017
80,0.018364
80.033333,0.001455
80.066667,0.000056
80.1,0.000002
80.133333,0.000001
80.166667,0.000016
80.2,0.000084
80.233333,0.000063
80.266667,0.000071
80.3,0.000028
80.333333,0.000010
80.366667,0.000030
80.4,0.000038
80.433333,0.000085
80.466667,0.037220
80.5,0.001586
80.533333,0.000040
80.566667,0.000030
80.6,0.000085
80.633333,0.000105
80.666667,0.000063
80.7,0.000025
80.733333,0.000057
80.766667,0.014605
80.8,0.001884
80.833333,0.000154
80.866667,0.000140
80.9,0.000014
80.933333,0.000019
80.966667,0.000016
81,0.000011
81.033333,0.000044
81.066667,0.000018
81.1,0.000028
81.133333,0.000015
81.166667,0.000036
81.2,0.000039
81.233333,0.000131
81.266667,0.000060
81.3,0.000044
81.333333,0.000023
81.366667,0.000029
81.4,0.000006
81.433333,0.000000
81.466667,0.000025
81.5,0.018319
81.533333,0.011225
81.566667,0.002545
81.6,0.000166
81.633333,0.000003
81.666667,0.000027
81.7,0.000025
81.733333,0.000097
81.766667,0.000123
81.8,0.000127
81.833333,0.000078
81.866667,0.000186
81.9,0.000091
81.933333,0.000066
81.966667,0.000186
82,0.000115
82.033333,0.000058
82.066667,0.000036
82.1,0.000038
82.133333,0.000020
82.166667,0.020099
82.2,0.002976
82.233333,0.000142
82.266667,0.000048
82.3,0.000116
82.333333,0.000042
82.366667,0.000064
82.4,0.000073
82.433333,0.000042
82.466667,0.000335
82.5,0.000130
82.533333,0.000000
82.566667,0.000084
82.6,0.000003
82.633333,0.000062
82.666667,0.000050
82.7,0.000111
82.733333,0.000028
82.766667,0.000122
82.8,0.000058
82.833333,0.000049
82.866667,0.000012
82.9,0.017967
82.933333,0.003936
82.966667,0.000246
83,0.000083
83.033333,0.031307
83.066667,0.004067
83.1,0.000014
83.133333,0.000007
83.166667,0.000097
83.2,0.000237
83.233333,0.000142
83.266667,0.000042
83.3,0.000059
83.333333,0.000020
83.366667,0.000086
83.4,0.000090
83.433333,0.000067
83.466667,0.000088
83.5,0.000261
83.533333,0.000102
83.566667,0.000124
83.6,0.000267
83.633333,0.014037
83.666667,0.005028
83.7,0.000220
83.733333,0.000203
83.766667,0.000040
83.8,0.000165
83.833333,0.000048
83.866667,0.000065
83.9,0.000087
83.933333,0.000010
83.966667,0.000091
84,0.000060
84.033333,0.000031
84.066667,0.000036
84.1,0.000131
84.133333,0.000036
84.166667,0.000008
84.2,0.000043
84.233333,0.000045
84.266667,0.000029
84.3,0.040507
84.333333,0.005909
84.366667,0.017291
84.4,0.005843
84.433333,0.000159
84.466667,0.000055
84.5,0.000020
84.533333,0.000030
84.566667,0.000068
84.6,0.000017
84.633333,0.000101
84.666667,0.000030
84.7,0.000010
84.733333,0.000082
84.766667,0.000053
84.8,0.000022
84.833333,0.000045
84.866667,0.000057
84.9,0.000062
84.933333,0.000016
84.966667,0.000035
85,0.000133
85.033333,0.019259
85.066667,0.006538
85.1,0.000201
85.133333,0.000115
85.166667,0.000138
85.2,0.000024
85.233333,0.000009
85.266667,0.000052
85.3,0.000060
85.333333,0.000192
85.366667,0.000062
85.4,0.000017
85.433333,0.000045
85.466667,0.000027
85.5,0.000026
85.533333,0.000019
85.566667,0.000100
85.6,0.000034
85.633333,0.000052
85.666667,0.000118
85.7,0.000041
85.733333,0.000081
85.766667,0.017412
85.8,0.007114
85.833333,0.000033
85.866667,0.000051
85.9,0.000317
85.933333,0.000214
85.966667,0.000089
86,0.000004
86.033333,0.818595
86.066667,0.000016
86.1,0.004797
86.133333,0.004549
86.166667,0.000557
86.2,0.013160
86.233333,0.004832
86.266667,0.000388
86.3,0.024110
86.333333,0.000687
86.366667,0.002238
86.4,0.003237
86.433333,0.001026
86.466667,0.000481
86.5,0.028695
86.533333,0.006760
86.566667,0.007774
86.6,0.001112
86.633333,0.000214
86.666667,0.001509
86.7,0.010534
86.733333,0.007019
86.766667,0.008092
86.8,0.004537
86.833333,0.004843
86.866667,0.000358
86.9,0.013918
86.933333,0.002700
86.966667,0.000791
87,0.000659
87.033333,0.015111
87.066667,0.000091
87.1,0.029908
87.133333,0.003773
87.166667,0.004387
87.2,0.002807
87.233333,0.000371
87.266667,0.000915
87.3,0.013880
87.333333,0.001932
87.366667,0.000551
87.4,0.000803
87.433333,0.001161
87.466667,0.000049
87.5,0.007658
87.533333,0.004209
87.566667,0.028562
87.6,0.012877
87.633333,0.000402
87.666667,0.001856
87.7,0.012897
87.733333,0.000002
87.766667,0.001579
87.8,0.002203
87.833333,0.000895
87.866667,0.000326
87.9,0.016179
87.933333,0.005663
87.966667,0.004901
88,0.002439
88.033333,0.003664
88.066667,0.000372
88.1,0.023602
88.133333,0.008973
88.166667,0.005139
88.2,0.002029
88.233333,0.000350
88.266667,0.000749
88.3,0.017131
88.333333,0.005652
88.366667,0.002123
88.4,0.001522
88.433333,0.004713
88.466667,0.002435
88.5,0.015083
88.533333,0.002887
88.566667,0.004433
88.6,0.001202
88.633333,0.011518
88.666667,0.000361
88.7,0.023732
88.733333,0.000261
88.766667,0.000936
88.8,0.003339
88.833333,0.007985
88.866667,0.000281
88.9,0.015559
88.933333,0.000317
88.966667,0.000353
89,0.002227
89.033333,0.004168
89.066667,0.000317
89.1,0.026447
89.133333,0.002790
89.166667,0.011896
89.2,0.001371
89.233333,0.004175
89.266667,1.000000
89.3,0.000092
89.333333,0.000219
89.366667,0.001222
89.4,0.000101
89.433333,0.000541
89.466667,0.000042
89.5,0.000294
89.533333,0.000043
89.566667,0.000065
89.6,0.000030
89.633333,0.000007
89.666667,0.000001
89.7,0.000000
89.733333,0.000000
89.766667,0.000000
89.8,0.000000
89.833333,0.000000
89.866667,0.000000
89.9,0.000000
89.933333,0.000000
89.966667,0.000000
90,0.000062
90.033333,0.000030
90.066667,0.000000
90.1,0.000001
90.133333,0.000001
90.166667,0.000000
90.2,0.000000
90.233333,0.000000
90.266667,0.000000
90.3,0.000000
90.333333,0.000000
90.366667,0.024466
90.4,0.000033
90.433333,0.000005
90.466667,0.000001
90.5,0.000000
90.533333,0.000000
90.566667,0.000000
90.6,0.000000
90.633333,0.000000
90.666667,0.000000
90.7,0.000000
90.733333,0.000000
90.766667,0.000000
90.8,0.000062
90.833333,0.000029
90.866667,0.000001
90.9,0.000001
90.933333,0.000001
90.966667,0.000000
91,0.000059
91.033333,0.000028
91.066667,0.000000
91.1,0.000000
91.133333,0.000001
91.166667,0.000000
91.2,0.000000
91.233333,0.000000
91.266667,0.000000
91.3,0.000453
91.333333,0.000543
91.366667,0.000005
91.4,0.000411
91.433333,0.000643
91.466667,0.000400
91.5,0.000503
91.533333,0.002021
91.566667,0.000045
91.6,0.001167
91.633333,0.026224
91.666667,0.000034
91.7,0.000006
91.733333,0.000001
91.766667,0.000000
91.8,0.000000
91.833333,0.000000
91.866667,0.000000
91.9,0.000000
91.933333,0.000000
91.966667,0.000000
92,0.000000
92.033333,0.000000
92.066667,0.000000
92.1,0.000000
92.133333,0.000000
92.166667,0.000000
92.2,0.000000
92.233333,0.000000
92.266667,0.000006
92.3,0.000061
92.333333,0.000037
92.366667,0.000008
92.4,0.000000
92.433333,0.000000
92.466667,0.000000
92.5,0.000001
92.533333,0.000000
92.566667,0.000000
92.6,0.000000
92.633333,0.000000
92.666667,0.000000
92.7,0.000000
92.733333,0.000000
92.766667,0.000000
92.8,0.000000
92.833333,0.000000
92.866667,0.000000
92.9,0.000000
92.933333,0.000678
92.966667,0.027972
93,0.000137
93.033333,0.000051
93.066667,0.000038
93.1,0.000013
93.133333,0.000003
93.166667,0.000004
93.2,0.000000
93.233333,0.000000
93.266667,0.000001
93.3,0.000001
93.333333,0.000000
93.366667,0.000000
93.4,0.000000
93.433333,0.000000
93.466667,0.000000
93.5,0.000000
93.533333,0.000000
93.566667,0.000000
93.6,0.000000
93.633333,0.000000
93.666667,0.000000
93.7,0.000000
93.733333,0.000000
93.766667,0.000000
93.8,0.000000
93.833333,0.000077
93.866667,1.000000
93.9,0.046212
93.933333,0.033099
93.966667,0.004677
94,0.000017
94.033333,0.000006
94.066667,0.000002
94.1,0.000000
94.133333,0.000000
94.166667,0.000000
94.2,0.000000
94.233333,0.000000
94.266667,0.000000
94.3,0.000000
94.333333,0.000000
94.366667,0.000000
94.4,0.000000
94.433333,0.000000
94.466667,0.000000
94.5,0.000000
94.533333,0.000000
94.566667,0.000000
94.6,0.000000
94.633333,0.000000
94.666667,0.000000
94.7,0.000000
94.733333,0.000000
94.766667,0.000000
94.8,0.000000
94.833333,0.000000
94.866667,0.000000
94.9,0.000000
94.933333,0.000000
94.966667,0.000000
95,0.000000
95.033333,0.000000
95.066667,0.000000
95.1,0.000000
95.133333,0.000000
95.166667,0.000000
95.2,0.000000
95.233333,0.000000
95.266667,0.000000
95.3,0.000000
95.333333,0.000000
95.366667,0.000000
95.4,0.000000
95.433333,0.000000
95.466667,0.000000
95.5,0.000000
95.533333,1.000000
95.566667,0.000022
95.6,0.000066
95.633333,0.000030
95.666667,0.000006
95.7,0.000014
95.733333,0.000014
95.766667,0.000002
95.8,0.000011
95.833333,0.000003
95.866667,0.000010
95.9,0.000006
95.933333,0.000012
95.966667,0.000004
96,0.000253
96.033333,0.000021
96.066667,0.000007
96.1,0.000003
96.133333,0.000007
96.166667,0.000009
96.2,0.000008
96.233333,0.000005
96.266667,0.000007
96.3,0.000003
96.333333,0.000008
96.366667,0.000003
96.4,0.000010
96.433333,0.000004
96.466667,0.050183
96.5,0.000015
96.533333,0.000007
96.566667,0.000004
96.6,0.000008
96.633333,0.000002
96.666667,0.000008
96.7,0.000002
96.733333,0.000008
96.766667,0.000002
96.8,0.000010
96.833333,0.000005
96.866667,0.000004
96.9,0.000001
96.933333,0.000004
96.966667,0.000000
97,0.000004
97.033333,0.000001
97.066667,0.000003
97.1,0.000002
97.133333,0.000004
97.166667,0.000001
97.2,0.000005
97.233333,0.000003
97.266667,0.000002
97.3,0.000000
97.333333,0.000001
97.366667,0.000001
97.4,0.000002
97.433333,0.000000
97.466667,0.000002
97.5,0.000001
97.533333,0.000003
97.566667,0.000000
97.6,0.000004
97.633333,0.000002
97.666667,0.000001
97.7,0.000000
97.733333,0.000000
97.766667,0.000000
97.8,0.000000
97.833333,0.000000
97.866667,0.000001
97.9,0.000000
97.933333,0.000000
97.966667,0.000000
98,0.000000
98.033333,0.000000
98.066667,0.000000
98.1,0.000000
98.133333,0.000000
98.166667,0.000000
98.2,0.000000
98.233333,0.000000
98.266667,0.047143
98.3,0.000015
98.333333,0.000005
98.366667,0.000001
98.4,0.000000
98.433333,0.000000
98.466667,0.000000
98.5,0.000000
98.533333,0.000000
98.566667,0.000000
98.6,0.000000
98.633333,0.000000
98.666667,0.000001
98.7,0.000000
98.733333,0.000000
98.766667,0.000000
98.8,0.000000
98.833333,0.000000
98.866667,0.000000
98.9,0.000000
98.933333,0.000000
98.966667,0.000000
99,0.000001
99.033333,0.019281
99.066667,0.000021
99.1,0.008204
99.133333,0.008155
99.166667,0.000141
99.2,0.008404
99.233333,0.008391
99.266667,0.007922
99.3,0.007498
99.333333,0.007553
99.366667,0.007574
99.4,0.041146
99.433333,0.019002
99.466667,0.008067
99.5,0.000116
99.533333,0.000008
99.566667,0.000042
99.6,0.000084
99.633333,0.000107
99.666667,0.000028
99.7,0.000028
99.733333,0.007937
99.766667,0.007492
99.8,0.007453
99.833333,0.007338
99.866667,0.007896
99.9,0.000042
99.933333,0.000058
99.966667,0.000014
100,0.008328
100.033333,0.000120
100.066667,0.000051
100.1,0.000035
100.133333,0.000014
100.166667,0.000003
100.2,0.000001
100.233333,0.000000
100.266667,0.000001
100.3,0.000000
100.333333,0.000000
100.366667,0.000000
100.4,0.000000
100.433333,0.000000
100.466667,0.000000
100.5,0.000000
100.533333,0.000000
100.566667,0.000000
100.6,0.000000
100.633333,0.000000
100.666667,0.000000
100.7,0.000000
100.733333,0.000000
100.766667,0.000000
100.8,0.000000
100.833333,0.000000
100.866667,0.000000
100.9,0.000000
100.933333,0.000000
100.966667,0.000000
101,0.000000
101.033333,0.000000
101.066667,0.000000
101.1,0.000000
101.133333,0.000000
101.166667,0.000000
101.2,0.000000
101.233333,0.000000
101.266667,0.000000
101.3,0.000000
101.333333,0.000000
101.366667,0.000000
101.4,0.000000
101.433333,0.000000
101.466667,0.000000
101.5,0.000000
101.533333,0.000000
101.566667,0.000000
101.6,0.000000
101.633333,0.000000
101.666667,0.000000
101.7,0.000000
101.733333,0.000000
101.766667,0.000000
101.8,0.000000
101.833333,0.000000
101.866667,0.000000
101.9,0.000000
101.933333,0.000000
101.966667,0.000000
102,0.000000
102.033333,0.028045
102.066667,0.000028
102.1,0.000009
102.133333,0.000001
102.166667,0.000000
102.2,0.000000
102.233333,0.000000
102.266667,0.000000
102.3,0.000001
102.333333,0.000000
102.366667,0.000000
102.4,0.000000
102.433333,0.000000
102.466667,0.000000
102.5,0.000000
102.533333,0.000000
102.566667,0.000000
102.6,0.000545
102.633333,0.000183
102.666667,0.000049
102.7,0.000011
102.733333,0.000002
102.766667,0.000016
102.8,0.000004
102.833333,0.000007
102.866667,0.000003
102.9,0.000005
102.933333,0.000012
102.966667,0.000000
103,0.000003
103.033333,0.000019
103.066667,0.000010
103.1,0.000002
103.133333,0.000033
103.166667,0.000019
103.2,0.000042
103.233333,0.000004
103.266667,0.000041
103.3,0.000005
103.333333,0.000010
103.366667,0.000038
103.4,0.000001
103.433333,0.000042
103.466667,0.000033
103.5,0.000007
103.533333,0.000037
103.566667,0.000002
103.6,0.000035
103.633333,0.000010
103.666667,0.000058
103.7,0.000039
103.733333,0.000020
103.766667,0.000005
103.8,0.000018
103.833333,0.000008
103.866667,0.000009
103.9,0.000003
103.933333,0.000007
103.966667,0.000002
104,0.000346
104.033333,0.000015
104.066667,0.000007
104.1,0.000000
104.133333,0.000003
104.166667,0.000001
104.2,0.870116
104.233333,0.000056
104.266667,0.000020
104.3,0.000023
104.333333,0.000016
104.366667,0.000007
104.4,0.000010
104.433333,0.000004
104.466667,0.000005
104.5,0.000002
104.533333,0.000004
104.566667,0.000004
104.6,0.000366
104.633333,0.000049
104.666667,0.000024
104.7,0.000035
104.733333,0.000004
104.766667,0.000031
104.8,0.000040
104.833333,0.000009
104.866667,0.000018
104.9,0.000000
104.933333,0.000007
104.966667,0.000018
105,0.000017
105.033333,0.000014
105.066667,0.000076
105.1,0.000022
105.133333,0.000004
105.166667,0.000035
105.2,0.000055
105.233333,0.000027
105.266667,0.000042
105.3,0.000016
105.333333,0.000016
105.366667,0.000056
105.4,0.000039
105.433333,0.000056
105.466667,0.000091
105.5,0.000094
105.533333,0.000166
105.566667,0.000997
105.6,0.000026
105.633333,0.000012
105.666667,0.000005
105.7,0.000001
105.733333,0.000003
105.766667,0.000002
105.8,0.000000
105.833333,0.000000
105.866667,0.000000
105.9,0.000000
105.933333,0.000001
105.966667,0.000000
106,0.000001
106.033333,0.000000
106.066667,0.000001
106.1,0.000000
106.133333,0.000001
106.166667,0.034460
106.2,0.000335
106.233333,0.000017
106.266667,0.000020
106.3,0.000044
106.333333,0.000067
106.366667,0.000037
106.4,0.000039
106.433333,0.000078
106.466667,0.000043
106.5,0.000015
106.533333,0.000020
106.566667,0.000024
106.6,0.000021
106.633333,0.000013
106.666667,0.000025
106.7,0.000047
106.733333,0.000037
106.766667,0.000003
106.8,0.000026
106.833333,0.000032
106.866667,0.000033
106.9,0.000053
106.933333,0.000017
106.966667,0.000043
107,0.000004
107.033333,0.000020
107.066667,0.000032
107.1,0.000006
107.133333,0.000036
107.166667,0.000078
107.2,0.000020
107.233333,0.000009
107.266667,0.000001
107.3,0.000000
107.333333,0.000000
107.366667,0.000000
107.4,0.000000
107.433333,0.000000
107.466667,0.000000
107.5,0.000000
107.533333,0.000000
107.566667,0.000385
107.6,0.000131
107.633333,0.000030
107.666667,0.000006
107.7,0.000009
107.733333,0.000010
107.766667,0.000002
107.8,0.000008
107.833333,0.000004
107.866667,0.000007
107.9,0.000003
107.933333,0.000006
107.966667,0.000010
108,0.000005
108.033333,0.053404
108.066667,0.000210
108.1,0.000022
108.133333,0.000001
108.166667,0.000002
108.2,0.000001
108.233333,0.000003
108.266667,0.000003
108.3,0.000005
108.333333,0.000003
108.366667,0.000002
108.4,0.000004
108.433333,0.000001
108.466667,0.000003
108.5,0.000007
108.533333,0.000012
108.566667,0.000012
108.6,0.000002
108.633333,0.000000
108.666667,0.000000
108.7,0.000000
108.733333,0.000000
108.766667,0.000000
108.8,0.000000
108.833333,0.000000
108.866667,0.000000
108.9,0.000000
108.933333,0.000000
108.966667,0.000000
109,0.000000
109.033333,0.000000
109.066667,0.000000
109.1,0.000000
109.133333,0.000000
109.166667,0.000000
109.2,0.000000
109.233333,0.000000
109.266667,0.000000
109.3,0.000000
109.333333,0.000000
109.366667,0.000000
109.4,0.000000
109.433333,0.000000
109.466667,0.000000
109.5,0.000000
109.533333,0.000000
109.566667,0.000000
109.6,0.000000
109.633333,0.000000
109.666667,0.000000
109.7,0.000000
109.733333,0.000000
109.766667,0.000000
109.8,0.000000
109.833333,0.000000
109.866667,0.000000
109.9,0.000000
109.933333,0.000000
109.966667,0.000000
110,0.000000
110.033333,0.000000
110.066667,0.000000
110.1,0.000000
110.133333,0.000000
110.166667,0.036961
110.2,0.011855
110.233333,0.000303
110.266667,0.000346
110.3,0.000524
110.333333,0.000928
110.366667,0.001200
110.4,0.000433
110.433333,0.000507
110.466667,0.000790
110.5,0.000965
110.533333,0.000408
110.566667,0.000606
110.6,0.001000
110.633333,0.000360
110.666667,0.000569
110.7,0.000457
110.733333,0.001106
110.766667,0.000430
110.8,0.000625
110.833333,0.000343
110.866667,0.006558
110.9,0.000733
110.933333,0.000966
110.966667,0.001147
111,0.000047
111.033333,0.000569
111.066667,0.000211
111.1,0.000215
111.133333,0.000317
111.166667,0.000238
111.2,0.000023
111.233333,0.000045
111.266667,0.000019
111.3,0.000003
111.333333,0.000001
111.366667,0.000000
111.4,0.000000
111.433333,0.000000
111.466667,0.000000
111.5,0.000000
111.533333,0.000000
111.566667,0.000000
111.6,0.000000
111.633333,0.000000
111.666667,0.000000
111.7,0.000003
111.733333,0.000003
111.766667,0.000001
111.8,0.000003
111.833333,0.000001
111.866667,0.000001
111.9,0.000000
111.933333,0.000001
111.966667,0.000001
112,0.000396
112.033333,0.000017
112.066667,0.000005
112.1,0.000001
112.133333,0.000001
112.166667,0.000000
112.2,0.000001
112.233333,0.031678
112.266667,0.000014
112.3,0.000006
112.333333,0.000001
112.366667,0.000000
112.4,0.000000
112.433333,0.000000
112.466667,0.000000
112.5,0.000001
112.533333,0.000001
112.566667,0.000000
112.6,0.000001
112.633333,0.000000
112.666667,0.000001
112.7,0.000000
112.733333,0.000001
112.766667,0.000000
112.8,0.000000
112.833333,0.000000
112.866667,0.000000
112.9,0.000000
112.933333,0.000000
112.966667,0.000000
113,0.000000
113.033333,0.000000
113.066667,0.000001
113.1,0.000000
113.133333,0.000001
113.166667,0.000000
113.2,0.000000
113.233333,0.000000
113.266667,0.000000
113.3,0.000000
113.333333,0.000000
113.366667,0.000000
113.4,0.000000
113.433333,0.000000
113.466667,0.000001
113.5,0.000000
113.533333,0.000000
113.566667,0.000000
113.6,0.000000
113.633333,0.000000
113.666667,0.000000
113.7,0.000000
113.733333,0.000000
113.766667,0.000000
113.8,0.000001
113.833333,0.000000
113.866667,0.000000
113.9,0.000000
113.933333,0.000000
113.966667,0.000000
114,0.000000
114.033333,0.031809
114.066667,0.000014
114.1,0.000006
114.133333,0.000000
114.166667,0.000000
114.2,0.000001
114.233333,0.000000
114.266667,0.000000
114.3,0.000000
114.333333,0.000000
114.366667,0.000000
114.4,0.000000
114.433333,0.000000
114.466667,0.000000
114.5,0.000000
114.533333,0.000001
114.566667,0.000000
114.6,0.000001
114.633333,0.000000
114.666667,0.000000
114.7,0.000000
114.733333,0.000000
114.766667,0.000000
114.8,0.000001
114.833333,0.000000
114.866667,0.000001
114.9,0.000000
114.933333,0.000000
114.966667,0.000001
115,0.000000
115.033333,0.000000
115.066667,0.000000
115.1,0.000000
115.133333,0.000000
115.166667,0.000000
115.2,0.000000
115.233333,0.000000
115.266667,0.001034
115.3,0.000412
115.333333,0.000098
115.366667,0.000027
115.4,0.000011
115.433333,0.000039
115.466667,0.000019
115.5,0.000013
115.533333,0.000015
115.566667,0.000005
115.6,0.000021
115.633333,0.000000
115.666667,0.000002
115.7,0.000054
115.733333,0.000033
115.766667,0.000005
115.8,0.000083
115.833333,0.030382
115.866667,0.000063
115.9,0.000008
115.933333,0.000069
115.966667,0.000048
116,0.000030
116.033333,0.000059
116.066667,0.000003
116.1,0.000085
116.133333,0.000059
116.166667,0.000013
116.2,0.000044
116.233333,0.000065
116.266667,0.000039
116.3,0.000004
116.333333,0.000069
116.366667,0.000032
116.4,0.000025
116.433333,0.000008
116.466667,0.000035
116.5,0.000007
116.533333,0.000020
116.566667,0.000007
116.6,0.000021
116.633333,0.000007
116.666667,0.000010
116.7,0.000005
116.733333,0.000007
116.766667,0.000002
116.8,0.000004
116.833333,0.000002
116.866667,0.000003
116.9,0.000007
116.933333,0.000008
116.966667,0.000002
117,0.000006
117.033333,0.000006
117.066667,0.000009
117.1,0.000002
117.133333,0.000009
117.166667,0.000000
117.2,0.000005
117.233333,0.000012
117.266667,0.000013
117.3,0.000005
117.333333,0.000007
117.366667,0.000010
117.4,0.000003
117.433333,0.000011
117.466667,0.000002
117.5,0.000008
117.533333,0.000001
117.566667,0.000007
117.6,0.000001
117.633333,0.000007
117.666667,0.000002
117.7,0.000005
117.733333,0.000000
117.766667,0.000005
117.8,0.000001
117.833333,0.000004
117.866667,0.049038
117.9,0.000280
117.933333,0.000811
117.966667,0.000019
118,0.000040
118.033333,0.000044
118.066667,0.000055
118.1,0.000019
118.133333,0.000039
118.166667,0.000025
118.2,0.000031
118.233333,0.000017
118.266667,0.000048
118.3,0.000041
118.333333,0.000025
118.366667,0.000022
118.4,0.000024
118.433333,0.000017
118.466667,0.000015
118.5,0.000049
118.533333,0.000001
118.566667,0.000039
118.6,0.000051
118.633333,0.000004
118.666667,0.000008
118.7,0.000019
118.733333,0.000007
118.766667,0.000017
118.8,0.000033
118.833333,0.000025
118.866667,0.000014
118.9,0.000006
118.933333,0.000059
118.966667,0.000072
119,0.000004
119.033333,0.000048
119.066667,0.000026
119.1,0.000034
119.133333,0.000015
119.166667,0.000004
119.2,0.000001
119.233333,0.000001
119.266667,0.000000
119.3,0.000000
119.333333,0.000000
119.366667,0.000000
119.4,0.000000
119.433333,0.000001
119.466667,0.000000
119.5,0.000000
119.533333,0.000000
119.566667,0.000000
119.6,0.000000
119.633333,0.000000
119.666667,0.000001
119.7,0.000000
119.733333,0.000000
119.766667,0.000000
119.8,0.000000
119.833333,0.000000
119.866667,0.000001
119.9,0.000000
119.933333,0.000001
119.966667,0.000000
120,0.000279
120.033333,0.000017
120.066667,0.000005
120.1,0.000001
120.133333,0.000001
120.166667,0.000000
120.2,0.000001
120.233333,0.000000
120.266667,0.000000
120.3,0.000000
120.333333,0.000000
120.366667,0.000000
120.4,0.000001
120.433333,0.000000
120.466667,0.000001
120.5,0.000000
120.533333,0.000000
120.566667,0.000000
120.6,0.000000
120.633333,0.000000
120.666667,0.000001
120.7,0.000000
120.733333,0.000000
120.766667,0.000000
120.8,0.000000
120.833333,0.000000
120.866667,0.000000
120.9,0.000000
120.933333,0.000001
120.966667,0.000000
121,0.038729
121.033333,0.000028
121.066667,0.000011
121.1,0.000003
121.133333,0.000000
121.166667,0.000001
121.2,0.000000
121.233333,0.000001
121.266667,0.000000
121.3,0.000001
121.333333,0.000000
121.366667,0.000000
121.4,0.000000
121.433333,0.000001
121.466667,0.000001
121.5,0.000001
121.533333,0.000000
121.566667,0.000001
121.6,0.000001
121.633333,0.000002
121.666667,0.000000
121.7,0.000002
121.733333,0.000001
121.766667,0.000001
121.8,0.000000
121.833333,0.000001
121.866667,0.000002
121.9,0.000002
121.933333,0.000001
121.966667,0.000002
122,0.000001
122.033333,0.000001
122.066667,0.000000
122.1,0.000001
122.133333,0.000000
122.166667,0.000001
122.2,0.000000
122.233333,0.000001
122.266667,0.000000
122.3,0.000001
122.333333,0.000000
122.366667,0.000001
122.4,0.000000
122.433333,0.000001
122.466667,0.000000
122.5,0.000001
122.533333,0.000000
122.566667,0.000001
122.6,0.000000
122.633333,0.000001
122.666667,0.000000
122.7,0.000001
122.733333,0.000000
122.766667,0.000001
122.8,0.000000
122.833333,0.035885
122.866667,0.000021
122.9,0.000009
122.933333,0.000002
122.966667,0.000001
123,0.000000
123.033333,0.000001
123.066667,0.000000
123.1,0.000001
123.133333,0.000000
123.166667,0.000001
123.2,0.000000
123.233333,0.000001
123.266667,0.000000
123.3,0.000001
123.333333,0.000000
123.366667,0.000001
123.4,0.000000
123.433333,0.000001
123.466667,0.000000
123.5,0.000001
123.533333,0.000000
123.566667,0.000001
123.6,0.000000
123.633333,0.000001
123.666667,0.000000
123.7,0.000001
123.733333,0.000000
123.766667,0.000001
123.8,0.000000
123.833333,0.000001
123.866667,0.000000
123.9,0.000001
123.933333,0.000000
123.966667,0.000001
124,0.000002
124.033333,0.000000
124.066667,0.000000
124.1,0.000000
124.133333,0.000000
124.166667,0.000000
124.2,0.000000
124.233333,0.000000
124.266667,0.000000
124.3,0.001022
124.333333,0.000391
124.366667,0.000091
124.4,0.000021
124.433333,0.000015
124.466667,0.000039
124.5,0.000017
124.533333,0.000015
124.566667,0.000017
124.6,0.000014
124.633333,0.000029
124.666667,0.000000
124.7,0.000000
124.733333,0.000060
124.766667,0.000028
124.8,0.000013
124.833333,0.000048
124.866667,0.000024
124.9,0.000052
124.933333,0.000008
124.966667,0.000058
125,0.000037
125.033333,0.000056
125.066667,0.000005
125.1,0.049021
125.133333,0.000051
125.166667,0.000023
125.2,0.000013
125.233333,0.000003
125.266667,0.000010
125.3,0.000001
125.333333,0.000007
125.366667,0.000002
125.4,0.000007
125.433333,0.000002
125.466667,0.000007
125.5,0.000002
125.533333,0.000006
125.566667,0.000001
125.6,0.000005
125.633333,0.000002
125.666667,0.000004
125.7,0.000000
125.733333,0.000004
125.766667,0.000001
125.8,0.000003
125.833333,0.000002
125.866667,0.000004
125.9,0.000001
125.933333,0.000003
125.966667,0.000000
126,0.000003
126.033333,0.000001
126.066667,0.000002
126.1,0.000001
126.133333,0.000001
126.166667,0.000000
126.2,0.000001
126.233333,0.000001
126.266667,0.000001
126.3,0.000000
126.333333,0.000001
126.366667,0.000000
126.4,0.000000
126.433333,0.000000
126.466667,0.000000
126.5,0.000000
126.533333,0.000000
126.566667,0.000000
126.6,0.000001
126.633333,0.000000
126.666667,0.000000
126.7,0.000000
126.733333,0.000000
126.766667,0.000000
126.8,0.000000
126.833333,0.000000
126.866667,0.000000
126.9,0.000001
126.933333,0.000001
126.966667,0.000000
127,0.000001
127.033333,0.000000
127.066667,0.000000
127.1,0.000000
127.133333,0.000001
127.166667,0.000000
127.2,0.000000
127.233333,0.000000
127.266667,0.000001
127.3,0.000000
127.333333,0.000000
127.366667,0.000000
127.4,0.000000
127.433333,0.000000
127.466667,0.000000
127.5,0.000000
127.533333,0.000000
127.566667,0.054168
127.6,0.000019
127.633333,0.000007
127.666667,0.000002
127.7,0.000000
127.733333,0.000000
127.766667,0.000000
127.8,0.000000
127.833333,0.000000
127.866667,0.000000
127.9,0.000000
127.933333,0.000000
127.966667,0.000000
128,0.000220
128.033333,0.000017
128.066667,0.000006
128.1,0.000001
128.133333,0.000000
128.166667,0.000327
128.2,0.000015
128.233333,0.000006
128.266667,0.000003
128.3,0.000005
128.333333,0.000004
128.366667,0.000004
128.4,0.000011
128.433333,0.000024
128.466667,0.000026
128.5,0.000003
128.533333,0.000035
128.566667,0.000027
128.6,0.000001
128.633333,0.000040
128.666667,0.000042
128.7,0.000019
128.733333,0.000015
128.766667,0.000021
128.8,0.000026
128.833333,0.000027
128.866667,0.000021
128.9,0.000010
128.933333,0.000052
128.966667,0.000051
129,0.000048
129.033333,0.000044
129.066667,0.000003
129.1,0.000051
129.133333,0.042056
129.166667,0.000469
129.2,0.000000
129.233333,0.000001
129.266667,0.000004
129.3,0.000004
129.333333,0.000005
129.366667,0.000007
129.4,0.000006
129.433333,0.000023
129.466667,0.000010
129.5,0.000010
129.533333,0.000013
129.566667,0.000039
129.6,0.000018
129.633333,0.000038
129.666667,0.000018
129.7,0.000042
129.733333,0.000015
129.766667,0.000012
129.8,0.000012
129.833333,0.000025
129.866667,0.000017
129.9,0.000019
129.933333,0.000026
129.966667,0.000057
130,0.000029
130.033333,0.000020
130.066667,0.000063
130.1,0.000039
130.133333,0.000089
130.166667,0.000030
130.2,0.000014
130.233333,0.000001
130.266667,0.000001
130.3,0.000002
130.333333,0.000001
130.366667,0.000002
130.4,0.000000
130.433333,0.000001
130.466667,0.000000
130.5,0.000001
130.533333,0.000001
130.566667,0.000001
130.6,0.000000
130.633333,0.000001
130.666667,0.000000
130.7,0.000000
130.733333,0.000000
130.766667,0.000000
130.8,0.000000
130.833333,0.000001
130.866667,0.000000
130.9,0.000001
130.933333,0.000000
130.966667,0.000001
131,0.000000
131.033333,0.000000
131.066667,0.000000
131.1,0.000000
131.133333,0.000000
131.166667,0.000001
131.2,0.000001
131.233333,0.000001
131.266667,0.000000
131.3,0.000001
131.333333,0.000000
131.366667,0.000001
131.4,0.000000
131.433333,0.000000
131.466667,0.000000
131.5,0.000000
131.533333,0.032899
131.566667,0.000020
131.6,0.000008
131.633333,0.000002
131.666667,0.000000
131.7,0.000000
131.733333,0.000000
131.766667,0.000000
131.8,0.000000
131.833333,0.000000
131.866667,0.000000
131.9,0.000000
131.933333,0.000000
131.966667,0.000000
132,0.000000
132.033333,0.000000
132.066667,0.000000
132.1,0.000001
132.133333,0.000000
132.166667,0.000000
132.2,0.000000
132.233333,0.000000
132.266667,0.000000
132.3,0.000000
132.333333,0.000000
132.366667,0.000000
132.4,0.000000
132.433333,0.000000
132.466667,0.000962
132.5,0.000035
132.533333,0.000027
132.566667,0.000060
132.6,0.000025
132.633333,0.000034
132.666667,0.000051
132.7,0.000026
132.733333,0.000019
132.766667,0.000020
132.8,0.000018
132.833333,0.000016
132.866667,0.000014
132.9,0.000021
132.933333,0.000033
132.966667,0.000016
133,0.000043
133.033333,0.000021
133.066667,0.000036
133.1,0.000014
133.133333,0.000009
133.166667,0.000007
133.2,0.000018
133.233333,0.000010
133.266667,0.000006
133.3,0.000003
133.333333,0.000005
133.366667,0.000000
133.4,0.000005
133.433333,0.059769
133.466667,0.000306
133.5,0.000101
133.533333,0.000212
133.566667,0.000099
133.6,0.000207
133.633333,0.000006
133.666667,0.000100
133.7,0.000208
133.733333,0.000099
133.766667,0.000206
133.8,0.000004
133.833333,0.000100
133.866667,0.000205
133.9,0.000111
133.933333,0.000182
133.966667,0.000009
134,0.000103
134.033333,0.000200
134.066667,0.000000
134.1,0.000101
134.133333,0.000202
134.166667,0.000002
134.2,0.000103
134.233333,0.000203
134.266667,0.000004
134.3,0.000106
134.333333,0.000202
134.366667,0.000003
134.4,0.000106
134.433333,0.000202
134.466667,0.000015
134.5,0.000004
134.533333,0.000000
134.566667,0.000002
134.6,0.000000
134.633333,0.000000
134.666667,0.000000
134.7,0.000000
134.733333,0.000000
134.766667,0.000000
134.8,0.000000
134.833333,0.000000
134.866667,0.001165
134.9,0.000453
134.933333,0.000098
134.966667,0.000025
135,0.000023
135.033333,0.000040
135.066667,0.000020
135.1,0.000004
135.133333,0.000030
135.166667,0.000004
135.2,0.000009
135.233333,0.000006
135.266667,0.000002
135.3,0.000076
135.333333,0.000051
135.366667,0.000005
135.4,0.000072
135.433333,0.000040
135.466667,0.000065
135.5,0.000019
135.533333,0.000071
135.566667,0.000042
135.6,0.000069
135.633333,0.000055
135.666667,0.000009
135.7,0.000078
135.733333,0.000077
135.766667,0.000009
135.8,0.000056
135.833333,0.000050
135.866667,0.000049
135.9,0.000010
135.933333,0.000073
135.966667,0.046517
136,0.000302
136.033333,0.000022
136.066667,0.000035
136.1,0.000009
136.133333,0.000019
136.166667,0.000009
136.2,0.000021
136.233333,0.000006
136.266667,0.000010
136.3,0.000007
136.333333,0.000009
136.366667,0.000001
136.4,0.000006
136.433333,0.000002
136.466667,0.000005
136.5,0.000014
136.533333,0.000013
136.566667,0.000004
136.6,0.000011
136.633333,0.000006
136.666667,0.000004
136.7,0.000001
136.733333,0.000004
136.766667,0.000008
136.8,0.000009
136.833333,0.000004
136.866667,0.000011
136.9,0.000005
136.933333,0.000004
136.966667,0.000001
137,0.000005
137.033333,0.000003
137.066667,0.000006
137.1,0.000002
137.133333,0.000007
137.166667,0.000004
137.2,0.000009
137.233333,0.000002
137.266667,0.000009
137.3,0.000003
137.333333,0.000010
137.366667,0.000003
137.4,0.000009
137.433333,0.000003
137.466667,0.000005
137.5,0.000001
137.533333,0.000005
137.566667,0.000002
137.6,0.000002
137.633333,0.000001
137.666667,0.000003
137.7,0.000001
137.733333,0.000002
137.766667,0.000000
137.8,0.000002
137.833333,0.000003
137.866667,0.000005
137.9,0.000001
137.933333,0.000004
137.966667,0.000002
138,0.000002
138.033333,0.000000
138.066667,0.000001
138.1,0.000000
138.133333,0.000001
138.166667,0.000000
138.2,0.000001
138.233333,0.000000
138.266667,0.000000
138.3,0.000000
138.333333,0.000001
138.366667,0.000000
138.4,0.000001
138.433333,0.000000
138.466667,0.261308
138.5,0.000011
138.533333,0.000259
138.566667,0.000237
138.6,0.000201
138.633333,0.000153
138.666667,0.000073
138.7,0.000004
138.733333,0.000001
138.766667,0.000000
138.8,0.000000
138.833333,0.000000
138.866667,0.000000
138.9,0.000000
138.933333,0.000000
138.966667,0.000000
139,0.000000
139.033333,0.000000
139.066667,0.000000
139.1,0.000000
139.133333,0.000090
139.166667,0.000039
139.2,0.000038
139.233333,0.000040
139.266667,0.000004
139.3,0.000036
139.333333,0.000038
139.366667,0.000001
139.4,0.000003
139.433333,0.000004
139.466667,0.000004
139.5,0.000001
139.533333,0.000000
139.566667,0.000039
139.6,0.000028
139.633333,0.000028
139.666667,0.000001
139.7,0.000000
139.733333,0.000001
139.766667,0.000002
139.8,0.000037
139.833333,0.000001
139.866667,0.000000
139.9,0.000038
139.933333,0.000039
139.966667,0.000001
140,0.000040
140.033333,0.000111
140.066667,0.000114
140.1,0.000989
140.133333,0.000078
140.166667,0.000001
140.2,0.000000
140.233333,0.000000
140.266667,0.000000
140.3,0.000000
140.333333,0.000000
140.366667,0.000000
140.4,0.000000
140.433333,0.000000
140.466667,0.000000
140.5,0.000000
140.533333,0.000000
140.566667,0.000000
140.6,0.000000
140.633333,0.000000
140.666667,0.000000
140.7,0.000000
140.733333,0.000000
140.766667,0.000000
140.8,0.000000
140.833333,0.000000
140.866667,0.000000
140.9,0.000000
140.933333,0.000012
140.966667,0.000129
141,0.000003
141.033333,0.000003
141.066667,0.000002
141.1,0.000001
141.133333,0.000003
141.166667,0.000004
141.2,0.000006
141.233333,0.000000
141.266667,0.000006
141.3,0.000002
141.333333,0.000014
141.366667,0.000018
141.4,0.000036
141.433333,0.000115
141.466667,0.059496
141.5,0.000351
141.533333,0.000065
141.566667,0.000023
141.6,0.000015
141.633333,0.000007
141.666667,0.000004
141.7,0.000002
141.733333,0.000017
141.766667,0.000009
141.8,0.000004
141.833333,0.000003
141.866667,0.000001
141.9,0.000000
141.933333,0.000001
141.966667,0.000004
142,0.000000
142.033333,0.000001
142.066667,0.000000
142.1,0.000005
142.133333,0.000000
142.166667,0.000005
142.2,0.000003
142.233333,0.000001
142.266667,0.000001
142.3,0.000002
142.333333,0.000001
142.366667,0.000001
142.4,0.000077
142.433333,0.000006
142.466667,0.000107
142.5,0.000094
142.533333,0.000019
142.566667,0.000000
142.6,0.000000
142.633333,0.000000
142.666667,0.000000
142.7,0.000000
142.733333,0.000000
142.766667,0.000000
142.8,0.000000
142.833333,0.000000
142.866667,0.000000
142.9,0.000000
142.933333,0.000000
142.966667,0.000000
143,0.000000
143.033333,0.000000
143.066667,0.000000
143.1,0.000000
143.133333,0.000000
143.166667,0.000000
143.2,0.000000
143.233333,0.000000
143.266667,0.000000
143.3,0.000000
143.333333,0.000000
143.366667,0.000000
143.4,0.000000
143.433333,0.000000
143.466667,0.000000
143.5,0.000000
143.533333,0.000000
143.566667,0.000000
143.6,0.000000
143.633333,0.000000
143.666667,0.000069
143.7,0.000003
143.733333,0.000000
143.766667,0.000014
143.8,0.000013
143.833333,0.000001
143.866667,0.000016
143.9,0.000003
143.933333,0.000012
143.966667,0.000014
144,0.001679
144.033333,0.000174
144.066667,0.000060
144.1,0.000005
144.133333,0.060941
144.166667,0.000159
144.2,0.000039
144.233333,0.000022
144.266667,0.000011
144.3,0.000000
144.333333,0.000015
144.366667,0.000014
144.4,0.000003
144.433333,0.000001
144.466667,0.000016
144.5,0.000016
144.533333,0.000030
144.566667,0.000032
144.6,0.000071
144.633333,0.000480
144.666667,0.000022
144.7,0.000002
144.733333,0.000000
144.766667,0.000000
144.8,0.000000
144.833333,0.000000
144.866667,0.000000
144.9,0.000000
144.933333,0.000000
144.966667,0.000000
145,0.000000
145.033333,0.000000
145.066667,0.000000
145.1,0.000000
145.133333,0.000000
145.166667,0.000000
145.2,0.000000
145.233333,0.000000
145.266667,0.000000
145.3,0.000000
145.333333,0.000000
145.366667,0.000000
145.4,0.000000
145.433333,0.000000
145.466667,0.000000
145.5,0.000000
145.533333,0.000000
145.566667,0.000000
145.6,0.000000
145.633333,0.000000
145.666667,0.000000
145.7,0.000000
145.733333,0.000000
145.766667,0.000000
145.8,0.000000
145.833333,0.000000
145.866667,0.000000
145.9,0.000000
145.933333,0.000000
145.966667,0.050630
146,0.000051
146.033333,0.000025
146.066667,0.000004
146.1,0.000001
146.133333,0.000000
146.166667,0.000000
146.2,0.000000
146.233333,0.000000
146.266667,0.000000
146.3,0.000000
146.333333,0.000000
146.366667,0.000000
146.4,0.000000
146.433333,0.000000
146.466667,0.000000
146.5,0.000000
146.533333,0.000000
146.566667,0.000000
146.6,0.000000
146.633333,0.000000
146.666667,0.000000
146.7,0.000000
146.733333,0.000000
146.766667,0.000000
146.8,0.000000
146.833333,0.000000
146.866667,0.000000
146.9,0.000000
146.933333,0.000000
146.966667,0.000000
147,0.000000
147.033333,0.000000
147.066667,0.000000
147.1,0.000000
147.133333,0.000000
147.166667,0.000000
147.2,0.000000
147.233333,0.000000
147.266667,0.000000
147.3,0.000000
147.333333,0.000000
147.366667,0.084016
147.4,0.000043
147.433333,0.000021
147.466667,0.000003
147.5,0.000000
147.533333,0.000000
147.566667,0.000000
147.6,0.000000
147.633333,0.000000
147.666667,0.000000
147.7,0.000000
147.733333,0.000000
147.766667,0.000000
147.8,0.000000
147.833333,0.000000
147.866667,0.000000
147.9,0.000000
147.933333,0.000000
147.966667,0.000000
148,0.000000
148.033333,0.000000
148.066667,0.000000
148.1,0.000000
148.133333,0.000000
148.166667,0.000000
148.2,0.000000
148.233333,0.000000
148.266667,0.000000
148.3,0.000000
148.333333,0.000000
148.366667,0.000000
148.4,0.000000
148.433333,0.000000
148.466667,0.000000
148.5,0.000000
148.533333,0.000000
148.566667,0.000000
148.6,0.000000
148.633333,0.000000
148.666667,0.000000
148.7,0.000000
148.733333,0.000000
148.766667,0.000000
148.8,0.000000
148.833333,0.000000
148.866667,0.000000
148.9,0.000000
148.933333,0.000000
148.966667,0.000000
149,0.000000
149.033333,0.000000
149.066667,0.000000
149.1,0.000000
149.133333,0.000000
149.166667,0.000000
149.2,0.000664
149.233333,0.000037
149.266667,0.000015
149.3,0.000008
149.333333,0.000020
149.366667,0.000001
149.4,0.001392
149.433333,0.000142
149.466667,0.000113
149.5,0.000147
149.533333,0.000222
149.566667,0.000274
149.6,0.000356
149.633333,0.000092
149.666667,0.000042
149.7,0.000050
149.733333,0.000018
149.766667,0.000037
149.8,0.000491
149.833333,0.000272
149.866667,0.050396
149.9,0.002848
149.933333,0.000213
149.966667,0.000645
150,0.000120
150.033333,0.000033
150.066667,0.000489
150.1,0.000188
150.133333,0.000551
150.166667,0.001783
150.2,0.001680
150.233333,0.000087
150.266667,0.000224
150.3,0.000488
150.333333,0.000817
150.366667,0.001216
150.4,0.000020
150.433333,0.000003
150.466667,0.000000
150.5,0.000000
150.533333,0.000000
150.566667,0.000186
150.6,0.000188
150.633333,0.000010
150.666667,0.000017
150.7,0.000028
150.733333,0.000059
150.766667,0.000378
150.8,0.000202
150.833333,0.000206
150.866667,0.000040
150.9,0.000025
150.933333,0.000014
150.966667,0.000008
151,0.000006
151.033333,0.000005
151.066667,0.000006
151.1,0.000001
151.133333,0.000138
151.166667,0.000225
151.2,0.000017
151.233333,0.000000
151.266667,0.000000
151.3,0.000000
151.333333,0.000000
151.366667,0.000000
151.4,0.000000
151.433333,0.000000
151.466667,0.000000
151.5,0.000000
151.533333,0.000000
151.566667,0.000000
151.6,0.000000
151.633333,0.000000
151.666667,0.000000
151.7,0.000000
151.733333,0.000000
151.766667,0.000000
151.8,0.000000
151.833333,0.000000
151.866667,0.000000
151.9,0.000000
151.933333,0.000000
151.966667,0.000000
152,0.000270
152.033333,0.000057
152.066667,0.000016
152.1,0.000005
152.133333,0.000001
152.166667,0.000000
152.2,0.000000
152.233333,0.000000
152.266667,0.000000
152.3,0.000000
152.333333,0.000000
152.366667,0.000000
152.4,0.000000
152.433333,0.000000
152.466667,0.000000
152.5,0.000000
152.533333,0.000000
152.566667,0.000000
152.6,0.000000
152.633333,0.000000
152.666667,0.052949
152.7,0.000031
152.733333,0.000014
152.766667,0.000002
152.8,0.000000
152.833333,0.000000
152.866667,0.000000
152.9,0.000000
152.933333,0.000000
152.966667,0.000000
153,0.000000
153.033333,0.000000
153.066667,0.000000
153.1,0.000000
153.133333,0.000000
153.166667,0.000000
153.2,0.000000
153.233333,0.000000
153.266667,0.000000
153.3,0.000000
153.333333,0.000000
153.366667,0.000000
153.4,0.000000
153.433333,0.000000
153.466667,0.000000
153.5,0.000000
153.533333,0.000000
153.566667,0.000000
153.6,0.000000
153.633333,0.000000
153.666667,0.000000
153.7,0.000000
153.733333,0.000000
153.766667,0.000000
153.8,0.000000
153.833333,0.000000
153.866667,0.000000
153.9,0.000000
153.933333,0.000000
153.966667,0.000000
154,0.000000
154.033333,0.000000
154.066667,0.000000
154.1,0.000000
154.133333,0.000000
154.166667,0.000000
154.2,0.000000
154.233333,0.000000
154.266667,0.000000
154.3,0.000000
154.333333,0.000000
154.366667,0.000000
154.4,0.000000
154.433333,0.000000
154.466667,0.000000
154.5,0.000000
154.533333,0.000000
154.566667,0.000000
154.6,0.000071
154.633333,0.000002
154.666667,0.000000
154.7,0.000014
154.733333,0.000014
154.766667,0.000000
154.8,0.000017
154.833333,0.000003
154.866667,0.000012
154.9,0.000016
154.933333,0.000001
154.966667,0.000001
155,0.000000
155.033333,0.000002
155.066667,0.080285
155.1,0.000165
155.133333,0.000046
155.166667,0.000021
155.2,0.000012
155.233333,0.000000
155.266667,0.000015
155.3,0.000015
155.333333,0.000002
155.366667,0.000001
155.4,0.000016
155.433333,0.000017
155.466667,0.000030
155.5,0.000033
155.533333,0.000074
155.566667,0.000496
155.6,0.000017
155.633333,0.000001
155.666667,0.000000
155.7,0.000000
155.733333,0.000000
155.766667,0.000000
155.8,0.000000
155.833333,0.000000
155.866667,0.000000
155.9,0.000000
155.933333,0.000000
155.966667,0.000000
156,0.000000
156.033333,0.000000
156.066667,0.000000
156.1,0.000000
156.133333,0.060667
156.166667,0.000034
156.2,0.000017
156.233333,0.000003
156.266667,0.000000
156.3,0.000000
156.333333,0.000000
156.366667,0.000000
156.4,0.000000
156.433333,0.000000
156.466667,0.000000
156.5,0.000000
156.533333,0.000000
156.566667,0.000000
156.6,0.000000
156.633333,0.000000
156.666667,0.000000
156.7,0.000000
156.733333,0.000000
156.766667,0.000000
156.8,0.000000
156.833333,0.000000
156.866667,0.000000
156.9,0.000000
156.933333,0.000000
156.966667,0.000000
157,0.000000
157.033333,0.000000
157.066667,0.000000
157.1,0.000000
157.133333,0.000000
157.166667,0.000000
157.2,0.000000
157.233333,0.000000
157.266667,0.000000
157.3,0.000000
157.333333,0.000000
157.366667,0.000000
157.4,0.000000
157.433333,0.000000
157.466667,0.000000
157.5,0.000000
157.533333,0.000000
157.566667,0.000000
157.6,0.000000
157.633333,0.000000
157.666667,0.000000
157.7,0.000000
157.733333,0.000000
157.766667,0.000000
157.8,0.000000
157.833333,0.000000
157.866667,0.000000
157.9,0.000000
157.933333,0.000000
157.966667,0.000000
158,0.000000
158.033333,0.000000
158.066667,0.000000
158.1,0.000000
158.133333,0.000000
158.166667,0.000000
158.2,0.000000
158.233333,0.000000
158.266667,0.052201
158.3,0.000037
158.333333,0.000017
158.366667,0.000003
158.4,0.000000
158.433333,0.000000
158.466667,0.000000
158.5,0.000000
158.533333,0.000000
158.566667,0.000000
158.6,0.000000
158.633333,0.000000
158.666667,0.000000
158.7,0.000000
158.733333,0.000000
158.766667,0.000000
158.8,0.000000
158.833333,0.000000
158.866667,0.000000
158.9,0.000000
158.933333,0.000000
158.966667,0.000000
159,0.000000
159.033333,0.000000
159.066667,0.000000
159.1,0.000000
159.133333,0.000000
159.166667,0.000000
159.2,0.000000
159.233333,0.000000
159.266667,0.000000
159.3,0.000000
159.333333,0.000000
159.366667,0.000000
159.4,0.000000
159.433333,0.000000
159.466667,0.000000
159.5,0.000000
159.533333,0.000000
159.566667,0.000000
159.6,0.000000
159.633333,0.000000
159.666667,0.000000
159.7,0.000000
159.733333,0.000000
159.766667,0.000000
159.8,0.000000
159.833333,0.000000
159.866667,0.000000
159.9,0.000000
159.933333,0.000000
159.966667,0.000000
160,0.000155
160.033333,0.000058
160.066667,0.000017
160.1,0.000005
160.133333,0.000001
160.166667,0.000000
160.2,0.000000
160.233333,0.000000
160.266667,0.000000
160.3,0.000000
160.333333,0.000000
160.366667,0.000000
160.4,0.000000
160.433333,0.000000
160.466667,0.000000
160.5,0.000000
160.533333,0.000000
160.566667,0.000000
160.6,0.000000
160.633333,0.287276
160.666667,0.000201
160.7,0.000029
160.733333,0.000158
160.766667,0.000044
160.8,0.000122
160.833333,0.000005
160.866667,0.000046
160.9,0.000123
160.933333,0.000047
160.966667,0.000118
161,0.000003
161.033333,0.000044
161.066667,0.000123
161.1,0.000050
161.133333,0.000110
161.166667,0.000005
161.2,0.000046
161.233333,0.000119
161.266667,0.000002
161.3,0.000044
161.333333,0.000122
161.366667,0.000004
161.4,0.000046
161.433333,0.000121
161.466667,0.000003
161.5,0.000046
161.533333,0.000121
161.566667,0.000002
161.6,0.000048
161.633333,0.000120
161.666667,0.000010
161.7,0.000002
161.733333,0.000000
161.766667,0.000001
161.8,0.000000
161.833333,0.000000
161.866667,0.000000
161.9,0.000000
161.933333,0.000000
161.966667,0.050918
162,0.000017
162.033333,0.000008
162.066667,0.000762
162.1,0.000262
162.133333,0.000068
162.166667,0.000019
162.2,0.000011
162.233333,0.000027
162.266667,0.000016
162.3,0.000002
162.333333,0.000014
162.366667,0.000000
162.4,0.000006
162.433333,0.000004
162.466667,0.000001
162.5,0.000045
162.533333,0.000033
162.566667,0.000003
162.6,0.000039
162.633333,0.000028
162.666667,0.000050
162.7,0.000011
162.733333,0.000045
162.766667,0.000018
162.8,0.000023
162.833333,0.000044
162.866667,0.000003
162.9,0.000059
162.933333,0.000049
162.966667,0.000007
163,0.000044
163.033333,0.000033
163.066667,0.000040
163.1,0.000007
163.133333,0.000054
163.166667,0.000022
163.2,0.000027
163.233333,0.000010
163.266667,0.000034
163.3,0.000010
163.333333,0.000020
163.366667,0.000009
163.4,0.000016
163.433333,0.000004
163.466667,0.000009
163.5,0.000005
163.533333,0.000008
163.566667,0.000001
163.6,0.000006
163.633333,0.000002
163.666667,0.000005
163.7,0.000009
163.733333,0.000010
163.766667,0.000004
163.8,0.000009
163.833333,0.000005
163.866667,0.000004
163.9,0.000001
163.933333,0.000004
163.966667,0.000007
164,0.000008
164.033333,0.000002
164.066667,0.000009
164.1,0.000002
164.133333,0.000006
164.166667,0.127297
164.2,0.000031
164.233333,0.000009
164.266667,0.000003
164.3,0.000001
164.333333,0.000000
164.366667,0.000000
164.4,0.000000
164.433333,0.000000
164.466667,0.000000
164.5,0.000000
164.533333,0.000000
164.566667,0.000000
164.6,0.000000
164.633333,0.000000
164.666667,0.000000
164.7,0.000000
164.733333,0.000000
164.766667,0.000000
164.8,0.000000
164.833333,0.000000
164.866667,0.000000
164.9,0.000000
164.933333,0.000000
164.966667,0.000000
165,0.000000
165.033333,0.000000
165.066667,0.000000
165.1,0.000000
165.133333,0.000000
165.166667,0.000000
165.2,0.000000
165.233333,0.000000
165.266667,0.000000
165.3,0.000000
165.333333,0.000000
165.366667,0.000000
165.4,0.000000
165.433333,0.000000
165.466667,0.000000
165.5,0.000000
165.533333,0.000000
165.566667,0.000000
165.6,0.000000
165.633333,0.000000
165.666667,0.000000
165.7,0.000000
165.733333,0.000000
165.766667,0.000000
165.8,0.000000
165.833333,0.000000
165.866667,0.000000
165.9,0.000000
165.933333,0.000000
165.966667,0.081775
166,0.000020
166.033333,0.000008
166.066667,0.000002
166.1,0.000000
166.133333,0.000000
166.166667,0.000000
166.2,0.000000
166.233333,0.000000
166.266667,0.000000
166.3,0.000000
166.333333,0.000000
166.366667,0.000000
166.4,0.000000
166.433333,0.000000
166.466667,0.000000
166.5,0.000000
166.533333,0.000000
166.566667,0.000000
166.6,0.000000
166.633333,0.000000
166.666667,0.000000
166.7,0.000000
166.733333,0.000000
166.766667,0.000000
166.8,0.000000
166.833333,0.000000
166.866667,0.000000
166.9,0.000000
166.933333,0.000000
166.966667,0.000000
167,0.000000
167.033333,0.000000
167.066667,0.000000
167.1,0.000000
167.133333,0.000000
167.166667,0.000000
167.2,0.000000
167.233333,0.000000
167.266667,0.000000
167.3,0.000000
167.333333,0.000000
167.366667,0.000000
167.4,0.000000
167.433333,0.000000
167.466667,0.000000
167.5,0.000000
167.533333,0.000000
167.566667,0.000000
167.6,0.000000
167.633333,0.000000
167.666667,0.000000
167.7,0.000000
167.733333,0.000000
167.766667,0.000000
167.8,0.000000
167.833333,0.000000
167.866667,0.000000
167.9,0.000571
167.933333,0.000015
167.966667,0.000083
168,0.000254
168.033333,0.000170
168.066667,0.000064
168.1,0.000053
168.133333,0.000050
168.166667,0.000077
168.2,0.000016
168.233333,0.000062
168.266667,0.000058
168.3,0.000039
168.333333,0.000028
168.366667,0.000038
168.4,0.000089
168.433333,0.000086
168.466667,0.000006
168.5,0.000076
168.533333,0.000072
168.566667,0.000073
168.6,0.000093
168.633333,0.000021
168.666667,0.000042
168.7,0.000058
168.733333,0.000059
168.766667,0.000081
168.8,0.000003
168.833333,0.000095
168.866667,0.000116
168.9,0.000005
168.933333,0.000002
168.966667,0.000000
169,0.000000
169.033333,0.000000
169.066667,0.000000
169.1,0.000000
169.133333,0.000000
169.166667,0.000000
169.2,0.000000
169.233333,0.000000
169.266667,0.000000
169.3,0.000000
169.333333,0.000000
169.366667,0.000000
169.4,0.000000
169.433333,0.000000
169.466667,0.124823
169.5,0.000029
169.533333,0.000007
169.566667,0.000003
169.6,0.000000
169.633333,0.000000
169.666667,0.000000
169.7,0.000000
169.733333,0.000000
169.766667,0.000000
169.8,0.000000
169.833333,0.000000
169.866667,0.000000
169.9,0.000000
169.933333,0.000000
169.966667,0.000000
170,0.000000
170.033333,0.000000
170.066667,0.000000
170.1,0.000000
170.133333,0.000000
170.166667,0.000000
170.2,0.000000
170.233333,0.000000
170.266667,0.000000
170.3,0.079551
170.333333,0.000011
170.366667,0.000005
170.4,0.000001
170.433333,0.000000
170.466667,0.000000
170.5,0.000000
170.533333,0.000000
170.566667,0.000000
170.6,0.000000
170.633333,0.000000
170.666667,0.000000
170.7,0.000000
170.733333,0.000000
170.766667,0.000000
170.8,0.000000
170.833333,0.000000
170.866667,0.000000
170.9,0.000000
170.933333,0.000000
170.966667,0.000000
171,0.000000
171.033333,0.000000
171.066667,0.000000
171.1,0.000000
171.133333,0.000000
171.166667,0.000000
171.2,0.000000
171.233333,0.000000
171.266667,0.000000
171.3,0.000000
171.333333,0.000000
171.366667,0.000000
171.4,0.000000
171.433333,0.000000
171.466667,0.000000
171.5,0.000000
171.533333,0.000000
171.566667,0.000000
171.6,0.000000
171.633333,0.000000
171.666667,0.000000
171.7,0.000000
171.733333,0.000000
171.766667,0.000000
171.8,0.119968
171.833333,0.000030
171.866667,0.000008
171.9,0.000003
171.933333,0.000001
171.966667,0.000000
172,0.000000
172.033333,0.000000
172.066667,0.000000
172.1,0.000000
172.133333,0.000000
172.166667,0.000000
172.2,0.000000
172.233333,0.000000
172.266667,0.000000
172.3,0.000000
172.333333,0.000000
172.366667,0.000000
172.4,0.000000
172.433333,0.000000
172.466667,0.000000
172.5,0.000000
172.533333,0.000000
172.566667,0.000000
172.6,0.000000
172.633333,0.000000
172.666667,0.000000
172.7,0.000000
172.733333,0.000000
172.766667,0.000000
172.8,0.000000
172.833333,0.000000
172.866667,0.000000
172.9,0.000000
172.933333,0.000000
172.966667,0.000000
173,0.000000
173.033333,0.000000
173.066667,0.000000
173.1,0.000000
173.133333,0.000000
173.166667,0.000000
173.2,0.000000
173.233333,0.000000
173.266667,0.000000
173.3,0.000000
173.333333,0.000000
173.366667,0.000000
173.4,0.000000
173.433333,0.000000
173.466667,0.000000
173.5,0.000000
173.533333,0.000000
173.566667,0.000000
173.6,0.000000
173.633333,0.000000
173.666667,0.000000
173.7,0.000000
173.733333,0.000000
173.766667,0.000000
173.8,0.000000
173.833333,0.000000
173.866667,0.000000
173.9,0.000000
173.933333,0.000000
173.966667,0.000000
174,0.000000
174.033333,0.000000
174.066667,0.000000
174.1,0.000000
174.133333,0.000000
174.166667,0.000000
174.2,0.000000
174.233333,0.000000
174.266667,0.000000
174.3,0.000000
174.333333,0.000000
174.366667,0.000000
174.4,0.000000
174.433333,0.256336
174.466667,0.000005
174.5,0.000119
174.533333,0.000115
174.566667,0.000065
174.6,0.000022
174.633333,0.000004
174.666667,0.000000
174.7,0.000000
174.733333,0.000000
174.766667,0.000000
174.8,0.000000
174.833333,0.000000
174.866667,0.000000
174.9,0.000000
174.933333,0.000000
174.966667,0.000000
175,0.000000
175.033333,0.000000
175.066667,0.000000
175.1,0.000000
175.133333,0.000000
175.166667,0.000000
175.2,0.000000
175.233333,0.000000
175.266667,0.000000
175.3,0.000000
175.333333,0.000000
175.366667,0.000000
175.4,0.000000
175.433333,0.000000
175.466667,0.000000
175.5,0.000000
175.533333,0.000000
175.566667,0.000000
175.6,0.000000
175.633333,0.000000
175.666667,0.000000
175.7,0.000000
175.733333,0.000000
175.766667,0.000000
175.8,0.000000
175.833333,0.000000
175.866667,0.000000
175.9,0.000000
175.933333,0.000000
175.966667,0.000000
176,0.000816
176.033333,0.000043
176.066667,0.000012
176.1,0.000003
176.133333,0.000001
176.166667,0.000000
176.2,0.000000
176.233333,0.000000
176.266667,0.000000
176.3,0.000000
176.333333,0.000000
176.366667,0.000000
176.4,0.000000
176.433333,0.000000
176.466667,0.000000
176.5,0.000000
176.533333,0.034187
176.566667,0.000334
176.6,0.000107
176.633333,0.000009
176.666667,0.000010
176.7,0.000003
176.733333,0.000005
176.766667,0.000018
176.8,0.000020
176.833333,0.000008
176.866667,0.000009
176.9,0.000017
176.933333,0.000016
176.966667,0.000009
177,0.000008
177.033333,0.000011
177.066667,0.000002
177.1,0.000001
177.133333,0.000002
177.166667,0.000008
177.2,0.000007
177.233333,0.000007
177.266667,0.000008
177.3,0.000007
177.333333,0.000008
177.366667,0.000007
177.4,0.001053
177.433333,0.000641
177.466667,0.000419
177.5,0.000007
177.533333,0.000008
177.566667,0.000008
177.6,0.000011
177.633333,0.000007
177.666667,0.000134
177.7,0.000010
177.733333,0.000000
177.766667,0.000000
177.8,0.000000
177.833333,0.000000
177.866667,0.000000
177.9,0.000000
177.933333,0.000000
177.966667,0.000000
178,0.000000
178.033333,0.000000
178.066667,0.000000
178.1,0.000000
178.133333,0.000000
178.166667,0.000000
178.2,0.000000
178.233333,0.000000
178.266667,0.000000
178.3,0.000000
178.333333,0.000000
178.366667,0.000000
178.4,0.000000
178.433333,0.000000
178.466667,0.000000
178.5,0.000000
178.533333,0.000000
178.566667,0.000000
178.6,0.000000
178.633333,0.001472
178.666667,0.000717
178.7,0.000005
178.733333,0.000714
178.766667,0.000712
178.8,0.000696
178.833333,0.000018
178.866667,0.000059
178.9,0.001415
178.933333,0.000022
178.966667,0.000021
179,0.000713
179.033333,0.000725
179.066667,0.000706
179.1,0.065126
179.133333,0.001502
179.166667,0.000012
179.2,0.000007
179.233333,0.000721
179.266667,0.000713
179.3,0.000696
179.333333,0.000716
179.366667,0.000735
179.4,0.000719
179.433333,0.000003
179.466667,0.000003
179.5,0.000705
179.533333,0.000681
179.566667,0.000030
179.6,0.000005
179.633333,0.000013
179.666667,0.000003
179.7,0.000000
179.733333,0.000000
179.766667,0.000000
179.8,0.000000
179.833333,0.000000
179.866667,0.000000
179.9,0.000000
179.933333,0.000000
179.966667,0.000000
180,0.000000
180.033333,0.000000
180.066667,0.000000
180.1,0.000000
180.133333,0.000000
180.166667,0.000000
180.2,0.000000
180.233333,0.000000
180.266667,0.000000
180.3,0.000000
180.333333,0.000000
180.366667,0.000000
180.4,0.000000
180.433333,0.000000
180.466667,0.000000
180.5,0.000000
180.533333,0.000000
180.566667,0.000000
180.6,0.000000
180.633333,0.000000
180.666667,0.000000
180.7,0.000000
180.733333,0.000000
180.766667,0.000000
180.8,0.000000
180.833333,0.000000
180.866667,0.000000
180.9,0.000000
180.933333,0.000000
180.966667,0.000000
181,0.000000
181.033333,0.000000
181.066667,0.000000
181.1,0.000000
181.133333,0.000000
181.166667,0.000000
181.2,0.000000
181.233333,0.000000
181.266667,0.000000
181.3,0.000000
181.333333,0.000000
181.366667,0.000000
181.4,0.000000
181.433333,0.000000
181.466667,0.000000
181.5,0.000000
181.533333,0.000000
181.566667,0.000000
181.6,0.000000
181.633333,0.000000
181.666667,0.000000
181.7,0.000000
181.733333,0.000000
181.766667,0.000000
181.8,0.000000
181.833333,0.000000
181.866667,0.056104
181.9,0.000042
181.933333,0.000016
181.966667,0.000004
182,0.000001
182.033333,0.000000
182.066667,0.000000
182.1,0.000000
182.133333,0.000000
182.166667,0.000000
182.2,0.000000
182.233333,0.000000
182.266667,0.000000
182.3,0.000000
182.333333,0.000000
182.366667,0.000000
182.4,0.000000
182.433333,0.000000
182.466667,0.000000
182.5,0.000000
182.533333,0.000000
182.566667,0.000000
182.6,0.000000
182.633333,0.000000
182.666667,0.000000
182.7,0.000000
182.733333,0.000000
182.766667,0.000000
182.8,0.000000
182.833333,0.000000
182.866667,0.000000
182.9,0.000000
182.933333,0.000000
182.966667,0.000000
183,0.000000
183.033333,0.000000
183.066667,0.000000
183.1,0.000000
183.133333,0.000000
183.166667,0.016576
183.2,0.007696
183.233333,0.001224
183.266667,0.000938
183.3,0.000558
183.333333,0.000229
183.366667,0.000470
183.4,0.000105
183.433333,0.000259
183.466667,0.000115
183.5,0.000193
183.533333,0.000014
183.566667,0.000126
183.6,0.046293
183.633333,0.003624
183.666667,0.000149
183.7,0.000050
183.733333,0.000103
183.766667,0.000386
183.8,0.000222
183.833333,0.000190
183.866667,0.000017
183.9,0.000007
183.933333,0.000031
183.966667,0.000147
184,0.000973
184.033333,0.001533
184.066667,0.000643
184.1,0.000264
184.133333,0.000166
184.166667,0.000514
184.2,0.000114
184.233333,0.044490
184.266667,0.001264
184.3,0.001232
184.333333,0.001753
184.366667,0.001424
184.4,0.001248
184.433333,0.003320
184.466667,0.004293
184.5,0.002430
184.533333,0.001134
184.566667,0.002436
184.6,0.002813
184.633333,0.001692
184.666667,0.000131
184.7,0.000172
184.733333,0.001357
184.766667,0.001311
184.8,0.000959
184.833333,0.000213
184.866667,0.000130
184.9,0.001275
184.933333,0.001698
184.966667,0.000747
185,0.001134
185.033333,0.002386
185.066667,0.001597
185.1,0.000234
185.133333,0.000811
185.166667,0.000804
185.2,0.000064
185.233333,0.000029
185.266667,0.000005
185.3,0.000001
185.333333,0.000000
185.366667,0.000000
185.4,0.000000
185.433333,0.000000
185.466667,0.000000
185.5,0.000000
185.533333,0.000000
185.566667,0.000000
185.6,0.000000
185.633333,0.000000
185.666667,0.000000
185.7,0.000000
185.733333,0.000000
185.766667,0.000000
185.8,0.000000
185.833333,0.053965
185.866667,0.000060
185.9,0.000023
185.933333,0.000004
185.966667,0.000001
186,0.003646
186.033333,0.001802
186.066667,0.000103
186.1,0.001731
186.133333,0.001841
186.166667,0.001824
186.2,0.000001
186.233333,0.000212
186.266667,0.003472
186.3,0.000018
186.333333,0.000040
186.366667,0.001757
186.4,0.001782
186.433333,0.001663
186.466667,0.000138
186.5,0.001802
186.533333,0.000009
186.566667,0.000027
186.6,0.001813
186.633333,0.001783
186.666667,0.001647
186.7,0.001662
186.733333,0.001802
186.766667,0.001775
186.8,0.000009
186.833333,0.000027
186.866667,0.001807
186.9,0.001808
186.933333,0.000037
186.966667,0.000026
187,0.000037
187.033333,0.000004
187.066667,0.000001
187.1,0.000000
187.133333,0.000000
187.166667,0.000000
187.2,0.000000
187.233333,0.000000
187.266667,0.000000
187.3,0.000000
187.333333,0.000000
187.366667,0.000000
187.4,0.000000
187.433333,0.000000
187.466667,0.000000
187.5,0.000000
187.533333,0.000000
187.566667,0.000000
187.6,0.000000
187.633333,0.000000
187.666667,0.000000
187.7,0.000000
187.733333,0.000000
187.766667,0.000000
187.8,0.000000
187.833333,0.000000
187.866667,0.000000
187.9,0.000000
187.933333,0.061369
187.966667,0.000045
188,0.000012
188.033333,0.000002
188.066667,0.000000
188.1,0.000000
188.133333,0.000000
188.166667,0.000000
188.2,0.000000
188.233333,0.000000
188.266667,0.000000
188.3,0.000000
188.333333,0.000000
188.366667,0.000000
188.4,0.000000
188.433333,0.000000
188.466667,0.000000
188.5,0.000000
188.533333,0.000000
188.566667,0.000000
188.6,0.000000
188.633333,0.000000
188.666667,0.000000
188.7,0.000000
188.733333,0.000000
188.766667,0.000000
188.8,0.000000
188.833333,0.000000
188.866667,0.000000
188.9,0.000000
188.933333,0.000000
188.966667,0.000000
189,0.000000
189.033333,0.000000
189.066667,0.006592
189.1,0.000589
189.133333,0.000213
189.166667,0.002827
189.2,0.001460
189.233333,0.000157
189.266667,0.000126
189.3,0.001864
189.333333,0.001756
189.366667,0.001707
189.4,0.001574
189.433333,0.001796
189.466667,0.001780
189.5,0.000065
189.533333,0.000013
189.566667,0.001819
189.6,0.000115
189.633333,0.001648
189.666667,0.001806
189.7,0.001751
189.733333,0.000027
189.766667,0.000053
189.8,0.000679
189.833333,0.003438
189.866667,0.000002
189.9,0.001813
189.933333,0.001796
189.966667,0.001710
190,0.000121
190.033333,0.001805
190.066667,0.000116
190.1,0.000392
190.133333,0.000133
190.166667,0.000382
190.2,0.000140
190.233333,0.000387
190.266667,0.000137
190.3,0.000012
190.333333,0.000395
190.366667,0.000112
190.4,0.000400
190.433333,0.000112
190.466667,0.000399
190.5,0.000111
190.533333,0.000400
190.566667,0.000115
190.6,0.000388
190.633333,0.000125
190.666667,0.000371
190.7,0.000119
190.733333,0.000383
190.766667,0.000117
190.8,0.000391
190.833333,0.000116
190.866667,0.000397
190.9,0.000119
190.933333,0.000399
190.966667,0.000015
191,0.000120
191.033333,0.000403
191.066667,0.000037
191.1,0.000004
191.133333,0.000001
191.166667,0.056718
191.2,0.000144
191.233333,0.000365
191.266667,0.000012
191.3,0.000118
191.333333,0.000398
191.366667,0.000118
191.4,0.000390
191.433333,0.000117
191.466667,0.000391
191.5,0.000120
191.533333,0.000378
191.566667,0.000126
191.6,0.000381
191.633333,0.000117
191.666667,0.000397
191.7,0.000112
191.733333,0.000403
191.766667,0.000112
191.8,0.000406
191.833333,0.000113
191.866667,0.000412
191.9,0.000121
191.933333,0.000020
191.966667,0.000390
192,0.000387
192.033333,0.000388
192.066667,0.000118
192.1,0.000375
192.133333,0.000106
192.166667,0.000030
192.2,0.000411
192.233333,0.000111
192.266667,0.000385
192.3,0.000119
192.333333,0.000389
192.366667,0.000118
192.4,0.000012
192.433333,0.000394
192.466667,0.000094
192.5,0.000397
192.533333,0.000092
192.566667,0.000399
192.6,0.000092
192.633333,0.027614
192.666667,0.000109
192.7,0.000378
192.733333,0.000107
192.766667,0.000371
192.8,0.000102
192.833333,0.000382
192.866667,0.000100
192.9,0.000388
192.933333,0.000098
192.966667,0.000397
193,0.000100
193.033333,0.000400
193.066667,0.000015
193.1,0.000101
193.133333,0.000405
193.166667,0.000019
193.2,0.000005
193.233333,0.000001
193.266667,0.000467
193.3,0.000093
193.333333,0.000393
193.366667,0.000013
193.4,0.000097
193.433333,0.000398
193.466667,0.000098
193.5,0.000391
193.533333,0.000097
193.566667,0.000390
193.6,0.000101
193.633333,0.000377
193.666667,0.000106
193.7,0.000379
193.733333,0.000095
193.766667,0.000400
193.8,0.000090
193.833333,0.000406
193.866667,0.000091
193.9,0.000407
193.933333,0.000093
193.966667,0.000411
194,0.000101
194.033333,0.000021
194.066667,0.000390
194.1,0.000122
194.133333,0.000378
194.166667,0.000113
194.2,0.041361
194.233333,0.000119
194.266667,0.000041
194.3,0.000411
194.333333,0.000112
194.366667,0.000384
194.4,0.000122
194.433333,0.000387
194.466667,0.000119
194.5,0.000013
194.533333,0.000396
194.566667,0.000095
194.6,0.000399
194.633333,0.000093
194.666667,0.000399
194.7,0.000094
194.733333,0.000398
194.766667,0.000097
194.8,0.000388
194.833333,0.000107
194.866667,0.000371
194.9,0.000101
194.933333,0.000381
194.966667,0.000099
195,0.000390
195.033333,0.000098
195.066667,0.000397
195.1,0.000100
195.133333,0.000400
195.166667,0.000015
195.2,0.000101
195.233333,0.000403
195.266667,0.000019
195.3,0.000005
195.333333,0.000001
195.366667,0.000466
195.4,0.000094
195.433333,0.000392
195.466667,0.000013
195.5,0.000097
195.533333,0.000398
195.566667,0.000098
195.6,0.000391
195.633333,0.000096
195.666667,0.000390
195.7,0.000102
195.733333,0.000376
195.766667,0.000105
195.8,0.000380
195.833333,0.000097
195.866667,0.000397
195.9,0.000091
195.933333,0.231829
195.966667,0.000073
196,0.000013
196.033333,0.000006
196.066667,0.000007
196.1,0.000001
196.133333,0.000000
196.166667,0.000000
196.2,0.000000
196.233333,0.000000
196.266667,0.000000
196.3,0.000000
196.333333,0.000000
196.366667,0.000000
196.4,0.000000
196.433333,0.000000
196.466667,0.000000
196.5,0.000000
196.533333,0.000000
196.566667,0.000000
196.6,0.000000
196.633333,0.000000
196.666667,0.000000
196.7,0.000000
196.733333,0.000000
196.766667,0.000000
196.8,0.000000
196.833333,0.000000
196.866667,0.000000
196.9,0.000000
196.933333,0.000000
196.966667,0.000000
197,0.000000
197.033333,0.000000
197.066667,0.000000
197.1,0.000000
197.133333,0.000000
197.166667,0.000000
197.2,0.000000
197.233333,0.000000
197.266667,0.000000
197.3,0.000000
197.333333,0.000000
197.366667,0.000000
197.4,0.000000
197.433333,0.000000
197.466667,0.000000
197.5,0.000000
197.533333,0.000000
197.566667,0.000000
197.6,0.000000
197.633333,0.000000
197.666667,0.000000
197.7,0.000000
197.733333,0.000000
197.766667,0.000000
197.8,0.000000
197.833333,0.000000
197.866667,0.000000
197.9,0.000000
197.933333,0.000000
197.966667,0.000000
198,0.000000
198.033333,0.000000
198.066667,0.000000
198.1,0.000000
198.133333,0.000000
198.166667,0.000000
198.2,0.000000
198.233333,0.000000
198.266667,0.000000
198.3,0.000000
198.333333,0.000000
198.366667,0.000000
198.4,0.000000
198.433333,0.078159
198.466667,0.000014
198.5,0.000005
198.533333,0.000001
198.566667,0.000000
198.6,0.000000
198.633333,0.000000
198.666667,0.000000
198.7,0.000000
198.733333,0.000000
198.766667,0.000000
198.8,0.000000
198.833333,0.000000
198.866667,0.000000
198.9,0.000000
198.933333,0.000000
198.966667,0.000000
199,0.000000
199.033333,0.000000
199.066667,0.000000
199.1,0.000000
199.133333,0.000000
199.166667,0.000000
199.2,0.000000
199.233333,0.000000
199.266667,0.000000
199.3,0.000000
199.333333,0.000000
199.366667,0.000000
199.4,0.000000
199.433333,0.000000
199.466667,0.000000
199.5,0.000000
199.533333,0.021592
199.566667,0.000016
199.6,0.000006
199.633333,0.000001
199.666667,0.000000
199.7,0.057732
199.733333,0.000012
199.766667,0.000067
199.8,0.002969
199.833333,0.000214
199.866667,0.000742
199.9,0.000760
199.933333,0.000821
199.966667,0.000463
200,0.002518
200.033333,0.000248
200.066667,0.000439
200.1,0.001468
200.133333,0.000105
200.166667,0.000834
200.2,0.000652
200.233333,0.000446
200.266667,0.001960
200.3,0.000022
200.333333,0.000005
200.366667,0.005887
200.4,0.000068
200.433333,0.003636
200.466667,0.003703
200.5,0.000232
200.533333,0.002193
200.566667,0.006340
200.6,0.001459
200.633333,0.000762
200.666667,0.000041
200.7,0.000012
200.733333,0.000004
200.766667,0.000001
200.8,0.057218
200.833333,0.017044
200.866667,0.000207
200.9,0.006948
200.933333,0.006953
200.966667,0.006957
201,0.006699
201.033333,0.000034
201.066667,0.006860
201.1,0.000134
201.133333,0.006903
201.166667,0.007098
201.2,0.000032
201.233333,0.006789
201.266667,0.006932
201.3,0.000148
201.333333,0.000094
201.366667,0.000079
201.4,0.000127
201.433333,0.000137
201.466667,0.007029
201.5,0.006877
201.533333,0.007138
201.566667,0.006857
201.6,0.007209
201.633333,0.000163
201.666667,0.000209
201.7,0.000155
201.733333,0.000192
201.766667,0.007299
201.8,0.000282
201.833333,0.000046
201.866667,0.000016
201.9,0.000004
201.933333,0.000001
201.966667,0.000000
202,0.000000
202.033333,0.000000
202.066667,0.000000
202.1,0.000000
202.133333,0.000000
202.166667,0.000000
202.2,0.000000
202.233333,0.000000
202.266667,0.000000
202.3,0.000000
202.333333,0.000000
202.366667,0.000000
202.4,0.000000
202.433333,0.000000
202.466667,0.000000
202.5,0.000000
202.533333,0.000000
202.566667,0.000000
202.6,0.000000
202.633333,0.000000
202.666667,0.000000
202.7,0.000000
202.733333,0.000000
202.766667,0.000000
202.8,0.000000
202.833333,0.000000
202.866667,0.000000
202.9,0.000000
202.933333,0.000000
202.966667,0.000000
203,0.000000
203.033333,0.000000
203.066667,0.000000
203.1,0.000000
203.133333,0.000000
203.166667,0.000000
203.2,0.000000
203.233333,0.000000
203.266667,0.000000
203.3,0.000000
203.333333,0.000000
203.366667,0.040286
203.4,0.000014
203.433333,0.000004
203.466667,0.000000
203.5,0.000000
203.533333,0.042291
203.566667,0.000206
203.6,0.007510
203.633333,0.000188
203.666667,0.000194
203.7,0.000178
203.733333,0.000097
203.766667,0.007447
203.8,0.007075
203.833333,0.007375
203.866667,0.007109
203.9,0.007220
203.933333,0.000164
203.966667,0.000145
204,0.000055
204.033333,0.000107
204.066667,0.000134
204.1,0.007154
204.133333,0.007015
204.166667,0.000016
204.2,0.007294
204.233333,0.007112
204.266667,0.000149
204.3,0.007054
204.333333,0.000033
204.366667,0.006897
204.4,0.007160
204.433333,0.007169
204.466667,0.007170
204.5,0.025225
204.533333,0.000074
204.566667,0.000022
204.6,0.000005
204.633333,0.000002
204.666667,0.000001
204.7,0.000000
204.733333,0.000001
204.766667,0.000000
204.8,0.000001
204.833333,0.000001
204.866667,0.000001
204.9,0.000000
204.933333,0.000001
204.966667,0.000001
205,0.000001
205.033333,0.000000
205.066667,0.000001
205.1,0.000000
205.133333,0.000001
205.166667,0.000001
205.2,0.000001
205.233333,0.000001
205.266667,0.000001
205.3,0.000001
205.333333,0.000001
205.366667,0.000001
205.4,0.000001
205.433333,0.000001
205.466667,0.000000
205.5,0.000425
205.533333,0.000089
205.566667,0.000051
205.6,0.000020
205.633333,0.000038
205.666667,0.000012
205.7,0.000017
205.733333,0.000014
205.766667,0.000015
205.8,0.000019
205.833333,0.000032
205.866667,0.000003
205.9,0.000005
205.933333,0.000010
205.966667,0.000021
206,0.000003
206.033333,0.000018
206.066667,0.000003
206.1,0.000965
206.133333,0.000194
206.166667,0.000005
206.2,0.000250
206.233333,0.000929
206.266667,0.000549
206.3,0.000016
206.333333,0.000066
206.366667,0.000093
206.4,0.000122
206.433333,0.000295
206.466667,0.001073
206.5,0.000014
206.533333,0.000004
206.566667,0.000001
206.6,0.000000
206.633333,0.000000
206.666667,0.000000
206.7,0.000000
206.733333,0.000000
206.766667,0.000000
206.8,0.000000
206.833333,0.000000
206.866667,0.000000
206.9,0.000000
206.933333,0.052880
206.966667,0.000021
207,0.000010
207.033333,0.000001
207.066667,0.000000
207.1,0.000000
207.133333,0.000000
207.166667,0.000000
207.2,0.000000
207.233333,0.000000
207.266667,0.000000
207.3,0.000000
207.333333,0.000000
207.366667,0.000000
207.4,0.000000
207.433333,0.000000
207.466667,0.000000
207.5,0.000000
207.533333,0.000000
207.566667,0.000000
207.6,0.000000
207.633333,0.000000
207.666667,0.000000
207.7,0.000000
207.733333,0.000000
207.766667,0.000000
207.8,0.000000
207.833333,0.000000
207.866667,0.000000
207.9,0.000000
207.933333,0.000000
207.966667,0.000000
208,0.000313
208.033333,0.000015
208.066667,0.000004
208.1,0.000001
208.133333,0.000000
208.166667,0.000000
208.2,0.000000
208.233333,0.000000
208.266667,0.000000
208.3,0.000000
208.333333,0.000000
208.366667,0.000000
208.4,0.000000
208.433333,0.000000
208.466667,0.000000
208.5,0.000000
208.533333,0.056070
208.566667,0.000009
208.6,0.000004
208.633333,0.000001
208.666667,0.000000
208.7,0.000000
208.733333,0.000000
208.766667,0.000000
208.8,0.000000
208.833333,0.000000
208.866667,0.000000
208.9,0.000000
208.933333,0.000000
208.966667,0.000000
209,0.000000
209.033333,0.000000
209.066667,0.000000
209.1,0.000000
209.133333,0.000000
209.166667,0.000000
209.2,0.000000
209.233333,0.000000
209.266667,0.000000
209.3,0.000000
209.333333,0.000000
209.366667,0.000000
209.4,0.000000
209.433333,0.000000
209.466667,0.000000
209.5,0.000000
209.533333,0.000000
209.566667,0.000000
209.6,0.000000
209.633333,0.000000
209.666667,0.000000
209.7,0.000000
209.733333,0.000000
209.766667,0.000000
209.8,0.000000
209.833333,0.000000
209.866667,0.000000
209.9,0.024137
209.933333,0.000009
209.966667,0.000004
210,0.000001
210.033333,0.000000
210.066667,0.000000
210.1,0.000000
210.133333,0.000000
210.166667,0.000000
210.2,0.000000
210.233333,0.000000
210.266667,0.000000
210.3,0.000000
210.333333,0.000000
210.366667,0.000000
210.4,0.000000
210.433333,0.000000
210.466667,0.000000
210.5,0.000000
210.533333,0.000000
210.566667,0.000000
210.6,0.000000
210.633333,0.000000
210.666667,0.000000
210.7,0.000000
210.733333,0.000000
210.766667,0.000000
210.8,0.000000
210.833333,0.000000
210.866667,0.000000
210.9,0.000000
210.933333,0.000000
210.966667,0.000000
211,0.000000
211.033333,0.000000
211.066667,0.000000
211.1,0.000000
211.133333,0.000000
211.166667,0.000000
211.2,0.068668
211.233333,0.000014
211.266667,0.000005
211.3,0.000002
211.333333,0.000000
211.366667,0.000000
211.4,0.000000
211.433333,0.000000
211.466667,0.000000
211.5,0.000000
211.533333,0.000000
211.566667,0.000000
211.6,0.000000
211.633333,0.000000
211.666667,0.000000
211.7,0.000000
211.733333,0.000000
211.766667,0.000000
211.8,0.000000
211.833333,0.000000
211.866667,0.000000
211.9,0.000000
211.933333,0.000000
211.966667,0.000000
212,0.000000
212.033333,0.000000
212.066667,0.000000
212.1,0.000000
212.133333,0.000000
212.166667,0.000000
212.2,0.000000
212.233333,0.000000
212.266667,0.000000
212.3,0.000000
212.333333,0.000000
212.366667,0.000000
212.4,0.000000
212.433333,0.000000
212.466667,0.000000
212.5,0.000000
212.533333,0.000000
212.566667,0.000000
212.6,0.000000
212.633333,0.000000
212.666667,0.000000
212.7,0.000000
212.733333,0.000000
212.766667,0.000000
212.8,0.000000
212.833333,0.000000
212.866667,0.000000
212.9,0.000000
212.933333,0.000000
212.966667,0.000000
213,0.000000
213.033333,0.000000
213.066667,0.000000
213.1,0.000000
213.133333,0.000000
213.166667,0.000000
213.2,0.000000
213.233333,0.000000
213.266667,0.000000
213.3,0.000000
213.333333,0.000000
213.366667,0.000000
213.4,0.000000
213.433333,0.000000
213.466667,0.000000
213.5,0.000000
213.533333,0.062109
213.566667,0.000011
213.6,0.000005
213.633333,0.000001
213.666667,0.000000
213.7,0.000000
213.733333,0.000000
213.766667,0.000000
213.8,0.000000
213.833333,0.000000
213.866667,0.000000
213.9,0.000000
213.933333,0.000000
213.966667,0.000000
214,0.000000
214.033333,0.000000
214.066667,0.000000
214.1,0.000000
214.133333,0.000000
214.166667,0.000000
214.2,0.000000
214.233333,0.000000
214.266667,0.000000
214.3,0.000000
214.333333,0.000000
214.366667,0.000000
214.4,0.000000
214.433333,0.000000
214.466667,0.000000
214.5,0.000000
214.533333,0.000000
214.566667,0.000000
214.6,0.000000
214.633333,0.000000
214.666667,0.000000
214.7,0.000000
214.733333,0.000000
214.766667,0.000000
214.8,0.000000
214.833333,0.000000
214.866667,0.000000
214.9,0.000000
214.933333,0.000000
214.966667,0.000000
215,0.000000
215.033333,0.000000
215.066667,0.000000
215.1,0.000000
215.133333,0.000000
215.166667,0.027369
215.2,0.000010
215.233333,0.000004
215.266667,0.000001
215.3,0.000000
215.333333,0.000000
215.366667,0.000000
215.4,0.000000
215.433333,0.000000
215.466667,0.000000
215.5,0.000000
215.533333,0.000000
215.566667,0.000000
215.6,0.000000
215.633333,0.000000
215.666667,0.003663
215.7,0.001747
215.733333,0.000464
215.766667,0.000203
215.8,0.000138
215.833333,0.000093
215.866667,0.000042
215.9,0.000062
215.933333,0.000042
215.966667,0.000043
216,0.000052
216.033333,0.000111
216.066667,0.000014
216.1,0.000008
216.133333,0.000027
216.166667,0.000009
216.2,0.000023
216.233333,0.000015
216.266667,0.000002
216.3,0.000002
216.333333,0.000033
216.366667,0.000019
216.4,0.000018
216.433333,0.000012
216.466667,0.000021
216.5,0.000010
216.533333,0.000035
216.566667,0.000021
216.6,0.000051
216.633333,0.026601
216.666667,0.000014
216.7,0.000005
216.733333,0.000002
216.766667,0.000000
216.8,0.000000
216.833333,0.000000
216.866667,0.000000
216.9,0.000000
216.933333,0.000000
216.966667,0.000000
217,0.000000
217.033333,0.000000
217.066667,0.000000
217.1,0.000000
217.133333,0.000000
217.166667,0.000000
217.2,0.000000
217.233333,0.000000
217.266667,0.000000
217.3,0.000000
217.333333,0.000000
217.366667,0.000000
217.4,0.000000
217.433333,0.000000
217.466667,0.000000
217.5,0.000000
217.533333,0.000000
217.566667,0.000000
217.6,0.000000
217.633333,0.000000
217.666667,0.000000
217.7,0.000000
217.733333,0.000000
217.766667,0.000000
217.8,0.000000
217.833333,0.000000
217.866667,0.000000
217.9,0.000000
217.933333,0.000000
217.966667,0.000000
218,0.000000
218.033333,0.000000
218.066667,0.000000
218.1,0.026190
218.133333,0.000013
218.166667,0.000005
218.2,0.000001
218.233333,0.065799
218.266667,0.000049
218.3,0.000041
218.333333,0.000051
218.366667,0.005021
218.4,0.004305
218.433333,0.002085
218.466667,0.002541
218.5,0.001300
218.533333,0.001239
218.566667,0.000297
218.6,0.000517
218.633333,0.002408
218.666667,0.001650
218.7,0.002258
218.733333,0.000064
218.766667,0.000071
218.8,0.003022
218.833333,0.002506
218.866667,0.001092
218.9,0.002078
218.933333,0.001534
218.966667,0.000578
219,0.001277
219.033333,0.002385
219.066667,0.003127
219.1,0.004147
219.133333,0.001780
219.166667,0.001701
219.2,0.002111
219.233333,0.001951
219.266667,0.001467
219.3,0.001087
219.333333,0.001212
219.366667,0.000009
219.4,0.000004
219.433333,0.000001
219.466667,0.000000
219.5,0.000000
219.533333,0.000000
219.566667,0.000000
219.6,0.000000
219.633333,0.000000
219.666667,0.000000
219.7,0.000000
219.733333,0.000000
219.766667,0.044427
219.8,0.000014
219.833333,0.000006
219.866667,0.000002
219.9,0.000000
219.933333,0.000000
219.966667,0.000000
220,0.000000
220.033333,0.000000
220.066667,0.000000
220.1,0.000000
220.133333,0.000000
220.166667,0.000000
220.2,0.000000
220.233333,0.000000
220.266667,0.000000
220.3,0.000000
220.333333,0.000000
220.366667,0.000000
220.4,0.000000
220.433333,0.000000
220.466667,0.000000
220.5,0.000000
220.533333,0.000000
220.566667,0.000000
220.6,0.000000
220.633333,0.000000
220.666667,0.000000
220.7,0.000000
220.733333,0.000000
220.766667,0.000000
220.8,0.000000
220.833333,0.000000
220.866667,0.000000
220.9,0.000000
220.933333,0.000000
220.966667,0.000000
221,0.000000
221.033333,0.000000
221.066667,0.000000
221.1,0.000000
221.133333,0.000000
221.166667,0.000000
221.2,0.000000
221.233333,0.000000
221.266667,0.000000
221.3,0.000000
221.333333,0.000000
221.366667,0.000000
221.4,0.000000
221.433333,0.000000
221.466667,0.000000
221.5,0.000000
221.533333,0.000000
221.566667,0.000000
221.6,0.000000
221.633333,0.000000
221.666667,0.000000
221.7,0.000000
221.733333,0.000000
221.766667,0.000000
221.8,0.000000
221.833333,0.000000
221.866667,0.000000
221.9,0.000000
221.933333,0.000000
221.966667,0.039782
222,0.000094
222.033333,0.000215
222.066667,0.000010
222.1,0.000102
222.133333,0.000207
222.166667,0.000087
222.2,0.000217
222.233333,0.000092
222.266667,0.000200
222.3,0.000003
222.333333,0.000096
222.366667,0.000208
222.4,0.000087
222.433333,0.000207
222.466667,0.000102
222.5,0.000179
222.533333,0.000022
222.566667,0.000088
222.6,0.000207
222.633333,0.000108
222.666667,0.000169
222.7,0.000027
222.733333,0.000091
222.766667,0.000201
222.8,0.000017
222.833333,0.000083
222.866667,0.000217
222.9,0.000010
222.933333,0.000081
222.966667,0.000221
223,0.000008
223.033333,0.000002
223.066667,0.000000
223.1,0.000000
223.133333,0.000000
223.166667,0.000000
223.2,0.000000
223.233333,0.000000
223.266667,0.000000
223.3,0.000000
223.333333,0.000000
223.366667,0.000000
223.4,0.000000
223.433333,0.000000
223.466667,0.000000
223.5,0.000000
223.533333,0.000000
223.566667,0.000000
223.6,0.000000
223.633333,0.000000
223.666667,0.000000
223.7,0.000000
223.733333,0.000000
223.766667,0.000000
223.8,0.000000
223.833333,0.000000
223.866667,0.000000
223.9,0.000000
223.933333,0.000000
223.966667,0.000000
224,0.000163
224.033333,0.000009
224.066667,0.000002
224.1,0.000001
224.133333,0.000000
224.166667,0.000000
224.2,0.000000
224.233333,0.000000
224.266667,0.000000
224.3,0.000000
224.333333,0.000000
224.366667,0.027132
224.4,0.000011
224.433333,0.000004
224.466667,0.000001
224.5,0.000000
224.533333,0.000000
224.566667,0.000000
224.6,0.000000
224.633333,0.000000
224.666667,0.000000
224.7,0.000000
224.733333,0.000000
224.766667,0.000000
224.8,0.000000
224.833333,0.000000
224.866667,0.000000
224.9,0.000000
224.933333,0.000000
224.966667,0.000000
225,0.000000
225.033333,0.000000
225.066667,0.000000
225.1,0.000000
225.133333,0.000000
225.166667,0.000000
225.2,0.000000
225.233333,0.000000
225.266667,0.000000
225.3,0.000000
225.333333,0.000000
225.366667,0.000000
225.4,0.000000
225.433333,0.000000
225.466667,0.000000
225.5,0.000000
225.533333,0.000000
225.566667,0.000000
225.6,0.000000
225.633333,0.000000
225.666667,0.000000
225.7,0.000000
225.733333,0.000000
225.766667,0.000000
225.8,0.000000
225.833333,0.000000
225.866667,0.000000
225.9,0.000000
225.933333,0.000000
225.966667,0.000000
226,0.000000
226.033333,0.000000
226.066667,0.000000
226.1,0.000000
226.133333,0.074345
226.166667,0.000023
226.2,0.000007
226.233333,0.000003
226.266667,0.000000
226.3,0.000000
226.333333,0.000000
226.366667,0.000000
226.4,0.000000
226.433333,0.000000
226.466667,0.000000
226.5,0.000000
226.533333,0.000000
226.566667,0.000000
226.6,0.000000
226.633333,0.000000
226.666667,0.000000
226.7,0.000000
226.733333,0.000000
226.766667,0.000000
226.8,0.000000
226.833333,0.000000
226.866667,0.000000
226.9,0.000000
226.933333,0.000000
226.966667,0.000000
227,0.000000
227.033333,0.000000
227.066667,0.000000
227.1,0.000000
227.133333,0.000000
227.166667,0.000000
227.2,0.000000
227.233333,0.000000
227.266667,0.000000
227.3,0.000000
227.333333,0.000000
227.366667,0.000000
227.4,0.000000
227.433333,0.000000
227.466667,0.000000
227.5,0.000000
227.533333,0.000000
227.566667,0.000000
227.6,0.000000
227.633333,0.000000
227.666667,0.000000
227.7,0.000000
227.733333,0.000000
227.766667,0.000000
227.8,0.000000
227.833333,0.000000
227.866667,0.000000
227.9,0.000000
227.933333,0.000000
227.966667,0.000000
228,0.000000
228.033333,0.000000
228.066667,0.000000
228.1,0.000000
228.133333,0.000000
228.166667,0.000000
228.2,0.000000
228.233333,0.000000
228.266667,0.000000
228.3,0.000000
228.333333,0.000000
228.366667,0.000000
228.4,0.000000
228.433333,0.000000
228.466667,0.000000
228.5,0.000000
228.533333,0.000000
228.566667,0.000000
228.6,0.000000
228.633333,0.000000
228.666667,0.000000
228.7,0.000000
228.733333,0.000000
228.766667,0.000000
228.8,0.000000
228.833333,0.000000
228.866667,0.000000
228.9,0.000000
228.933333,0.000000
228.966667,0.000000
229,0.051605
229.033333,0.000015
229.066667,0.000006
229.1,0.000001
229.133333,0.000000
229.166667,0.000000
229.2,0.000000
229.233333,0.000000
229.266667,0.000000
229.3,0.000000
229.333333,0.000000
229.366667,0.000000
229.4,0.000000
229.433333,0.000000
229.466667,0.000000
229.5,0.000000
229.533333,0.000000
229.566667,0.000000
229.6,0.000000
229.633333,0.000000
229.666667,0.000000
229.7,0.000000
229.733333,0.000000
229.766667,0.000000
229.8,0.000000
229.833333,0.000000
229.866667,0.000000
229.9,0.000000
229.933333,0.000000
229.966667,0.000000
230,0.000000
230.033333,0.000000
230.066667,0.000000
230.1,0.000000
230.133333,0.000000
230.166667,0.000000
230.2,0.000000
230.233333,0.000000
230.266667,0.000000
230.3,0.000000
230.333333,0.000000
230.366667,0.000000
230.4,0.000000
230.433333,0.000000
230.466667,0.000000
230.5,0.000689
230.533333,0.000077
230.566667,0.000026
230.6,0.000151
230.633333,0.000132
230.666667,0.000017
230.7,0.000011
230.733333,0.000130
230.766667,0.000113
230.8,0.000001
230.833333,0.000108
230.866667,0.000067
230.9,0.000032
230.933333,0.000120
230.966667,0.045679
231,0.000964
231.033333,0.000061
231.066667,0.000028
231.1,0.000020
231.133333,0.000028
231.166667,0.000077
231.2,0.000010
231.233333,0.000015
231.266667,0.000049
231.3,0.000042
231.333333,0.000061
231.366667,0.000012
231.4,0.000026
231.433333,0.000060
231.466667,0.000005
231.5,0.000009
231.533333,0.000004
231.566667,0.000001
231.6,0.000000
231.633333,0.000000
231.666667,0.000000
231.7,0.000000
231.733333,0.000000
231.766667,0.000000
231.8,0.000000
231.833333,0.000000
231.866667,0.000000
231.9,0.000000
231.933333,0.000000
231.966667,0.000000
232,0.000109
232.033333,0.000010
232.066667,0.000003
232.1,0.000001
232.133333,0.000000
232.166667,0.000000
232.2,0.000000
232.233333,0.000000
232.266667,0.000000
232.3,0.000000
232.333333,0.000000
232.366667,0.000000
232.4,0.000000
232.433333,0.000000
232.466667,0.000000
232.5,0.000000
232.533333,0.000000
232.566667,0.000000
232.6,0.000000
232.633333,0.000000
232.666667,0.000000
232.7,0.000000
232.733333,0.000000
232.766667,0.000000
232.8,0.000000
232.833333,0.000000
232.866667,0.000000
232.9,0.000000
232.933333,0.045444
232.966667,0.000014
233,0.000004
233.033333,0.000001
233.066667,0.000000
233.1,0.000000
233.133333,0.000000
233.166667,0.000000
233.2,0.000000
233.233333,0.000000
233.266667,0.000000
233.3,0.000000
233.333333,0.000000
233.366667,0.000000
233.4,0.000000
233.433333,0.000000
233.466667,0.000000
233.5,0.000000
233.533333,0.000000
233.566667,0.000000
233.6,0.000000
233.633333,0.000000
233.666667,0.000000
233.7,0.000000
233.733333,0.000000
233.766667,0.000000
233.8,0.000000
233.833333,0.000000
233.866667,0.000000
233.9,0.000000
233.933333,0.000000
233.966667,0.000000
234,0.000000
234.033333,0.000000
234.066667,0.000000
234.1,0.000000
234.133333,0.000000
234.166667,0.000000
234.2,0.000000
234.233333,0.000000
234.266667,0.000000
234.3,0.000000
234.333333,0.000000
234.366667,0.000000
234.4,0.000000
234.433333,0.000000
234.466667,0.000000
234.5,0.000000
234.533333,0.000000
234.566667,0.000000
234.6,0.000000
234.633333,0.000000
234.666667,0.000000
234.7,0.000000
234.733333,0.000000
234.766667,0.000000
234.8,0.000000
234.833333,0.000000
234.866667,0.000000
234.9,0.000000
234.933333,0.000000
234.966667,0.000000
235,0.000000
235.033333,0.000000
235.066667,0.051939
235.1,0.000008
235.133333,0.000003
235.166667,0.000001
235.2,0.000000
235.233333,0.000000
235.266667,0.000000
235.3,0.000000
235.333333,0.000000
235.366667,0.000000
235.4,0.000000
235.433333,0.000000
235.466667,0.000000
235.5,0.000000
235.533333,0.000000
235.566667,0.000000
235.6,0.000000
235.633333,0.000000
235.666667,0.000000
235.7,0.000000
235.733333,0.000000
235.766667,0.000000
235.8,0.000000
235.833333,0.000000
235.866667,0.000000
235.9,0.000000
235.933333,0.000000
235.966667,0.000000
236,0.000000
236.033333,0.000000
236.066667,0.000000
236.1,0.000000
236.133333,0.000000
236.166667,0.000000
236.2,0.000000
236.233333,0.000000
236.266667,0.000000
236.3,0.000000
236.333333,0.000000
236.366667,0.000000
236.4,0.000000
236.433333,0.000000
236.466667,0.000000
236.5,0.000000
236.533333,0.000000
236.566667,0.000000
236.6,0.000000
236.633333,0.000000
236.666667,0.000000
236.7,0.000000
236.733333,0.000000
236.766667,0.000000
236.8,0.023834
236.833333,0.000011
236.866667,0.000004
236.9,0.000001
236.933333,0.000000
236.966667,0.000000
237,0.000000
237.033333,0.000000
237.066667,0.000000
237.1,0.000000
237.133333,0.000000
237.166667,0.000000
237.2,0.000000
237.233333,0.000000
237.266667,0.000000
237.3,0.000000
237.333333,0.000000
237.366667,0.000000
237.4,0.000000
237.433333,0.000000
237.466667,0.000000
237.5,0.000000
237.533333,0.000000
237.566667,0.000000
237.6,0.000000
237.633333,0.000000
237.666667,0.000000
237.7,0.000000
237.733333,0.000000
237.766667,0.000000
237.8,0.000000
237.833333,0.001830
237.866667,0.000336
237.9,0.000216
237.933333,0.000033
237.966667,0.000220
238,0.000243
238.033333,0.000189
238.066667,0.000161
238.1,0.000136
238.133333,0.000100
238.166667,0.000046
238.2,0.000060
238.233333,0.000081
238.266667,0.000136
238.3,0.025991
238.333333,0.001984
238.366667,0.000017
238.4,0.000021
238.433333,0.000007
238.466667,0.000025
238.5,0.000006
238.533333,0.000009
238.566667,0.000024
238.6,0.000006
238.633333,0.000002
238.666667,0.000022
238.7,0.000142
238.733333,0.000134
238.766667,0.000008
238.8,0.000056
238.833333,0.000012
238.866667,0.000005
238.9,0.000001
238.933333,0.000000
238.966667,0.000000
239,0.000000
239.033333,0.000000
239.066667,0.000000
239.1,0.000000
239.133333,0.000000
239.166667,0.000000
239.2,0.000000
239.233333,0.000000
239.266667,0.000000
239.3,0.000000
239.333333,0.000000
239.366667,0.000000
239.4,0.000000
239.433333,0.000000
239.466667,0.000000
239.5,0.000000
239.533333,0.000000
239.566667,0.000000
239.6,0.000000
239.633333,0.000000
239.666667,0.000000
239.7,0.000000
239.733333,0.000000
239.766667,0.000000
239.8,0.000000
239.833333,0.000000
239.866667,0.000000
239.9,0.000000
239.933333,0.000000
239.966667,0.000000
240,0.000114
240.033333,0.000010
240.066667,0.000002
240.1,0.000001
240.133333,0.000000
240.166667,0.000000
240.2,0.000000
240.233333,0.000000
240.266667,0.000000
240.3,0.000000
240.333333,0.066978
240.366667,0.000016
240.4,0.000005
240.433333,0.000002
240.466667,0.000000
240.5,0.000000
240.533333,0.000000
240.566667,0.000000
240.6,0.000000
240.633333,0.000000
240.666667,0.000000
240.7,0.000000
240.733333,0.000000
240.766667,0.000000
240.8,0.000000
240.833333,0.000000
240.866667,0.000000
240.9,0.000000
240.933333,0.000000
240.966667,0.000000
241,0.000000
241.033333,0.000000
241.066667,0.000000
241.1,0.000000
241.133333,0.000000
241.166667,0.000000
241.2,0.000000
241.233333,0.000000
241.266667,0.000000
241.3,0.000000
241.333333,0.000000
241.366667,0.000000
241.4,0.000000
241.433333,0.000000
241.466667,0.000000
241.5,0.000000
241.533333,0.000000
241.566667,0.000000
241.6,0.000000
241.633333,0.000000
241.666667,0.000000
241.7,0.000000
241.733333,0.000000
241.766667,0.000000
241.8,0.000000
241.833333,0.000000
241.866667,0.000000
241.9,0.000000
241.933333,0.000000
241.966667,0.000000
242,0.000000
242.033333,0.000000
242.066667,0.000000
242.1,0.000000
242.133333,0.000000
242.166667,0.000000
242.2,0.000000
242.233333,0.000000
242.266667,0.000000
242.3,0.000000
242.333333,0.000000
242.366667,0.000000
242.4,0.000000
242.433333,0.000000
242.466667,0.000000
242.5,0.056289
242.533333,0.000011
242.566667,0.000004
242.6,0.000001
242.633333,0.000000
242.666667,0.000000
242.7,0.000000
242.733333,0.000000
242.766667,0.000000
242.8,0.000000
242.833333,0.000000
242.866667,0.000000
242.9,0.000000
242.933333,0.000000
242.966667,0.000000
243,0.000000
243.033333,0.000000
243.066667,0.000000
243.1,0.000000
243.133333,0.000000
243.166667,0.000000
243.2,0.000000
243.233333,0.000000
243.266667,0.000000
243.3,0.000000
243.333333,0.000000
243.366667,0.000000
243.4,0.003869
243.433333,0.001162
243.466667,0.000204
243.5,0.000246
243.533333,0.000276
243.566667,0.000159
243.6,0.000118
243.633333,0.000309
243.666667,0.000230
243.7,0.000040
243.733333,0.000253
243.766667,0.000176
243.8,0.000202
243.833333,0.000109
243.866667,0.000047
243.9,0.000183
243.933333,0.000031
243.966667,0.000105
244,0.000113
244.033333,0.000098
244.066667,0.000031
244.1,0.000109
244.133333,0.000338
244.166667,0.000338
244.2,0.000389
244.233333,0.000407
244.266667,0.000444
244.3,0.000255
244.333333,0.000147
244.366667,0.097290
244.4,0.000038
244.433333,0.000010
244.466667,0.000004
244.5,0.000001
244.533333,0.000000
244.566667,0.000000
244.6,0.000000
244.633333,0.000000
244.666667,0.000000
244.7,0.000000
244.733333,0.000000
244.766667,0.000000
244.8,0.000000
244.833333,0.000000
244.866667,0.000000
244.9,0.000000
244.933333,0.000000
244.966667,0.000000
245,0.000000
245.033333,0.000456
245.066667,0.000140
245.1,0.000084
245.133333,0.000053
245.166667,0.000042
245.2,0.000105
245.233333,0.000029
245.266667,0.000056
245.3,0.000086
245.333333,0.000018
245.366667,0.069226
245.4,0.000696
245.433333,0.000125
245.466667,0.000216
245.5,0.000101
245.533333,0.000129
245.566667,0.000087
245.6,0.000102
245.633333,0.000012
245.666667,0.000088
245.7,0.000235
245.733333,0.000016
245.766667,0.000036
245.8,0.000093
245.833333,0.000054
245.866667,0.000187
245.9,0.000121
245.933333,0.000373
245.966667,0.000625
246,0.002846
246.033333,0.000013
246.066667,0.000005
246.1,0.000001
246.133333,0.000000
246.166667,0.000000
246.2,0.000000
246.233333,0.000000
246.266667,0.000000
246.3,0.000000
246.333333,0.000000
246.366667,0.000000
246.4,0.000000
246.433333,0.000000
246.466667,0.000000
246.5,0.000000
246.533333,0.000000
246.566667,0.000000
246.6,0.000000
246.633333,0.000000
246.666667,0.000000
246.7,0.000000
246.733333,0.000000
246.766667,0.000000
246.8,0.000000
246.833333,0.000000
246.866667,0.000000
246.9,0.000000
246.933333,0.000000
246.966667,0.000000
247,0.000000
247.033333,0.000000
247.066667,0.000000
247.1,0.000000
247.133333,0.000000
247.166667,0.000000
247.2,0.000000
247.233333,0.000000
247.266667,0.000000
247.3,0.000000
247.333333,0.000000
247.366667,0.000000
247.4,0.000000
247.433333,0.000000
247.466667,0.000000
247.5,0.000000
247.533333,0.000000
247.566667,0.000000
247.6,0.000000
247.633333,0.000000
247.666667,0.000000
247.7,0.000000
247.733333,0.000000
247.766667,0.000000
247.8,0.001438
247.833333,0.004468
247.866667,0.002891
247.9,0.000681
247.933333,0.000437
247.966667,0.000076
248,0.000004
248.033333,0.000270
248.066667,0.000224
248.1,0.000062
248.133333,0.000016
248.166667,0.000013
248.2,0.000254
248.233333,0.000253
248.266667,0.000179
248.3,0.000162
248.333333,0.000134
248.366667,0.000052
248.4,0.000129
248.433333,0.000037
248.466667,0.000160
248.5,0.000145
248.533333,0.000030
248.566667,0.000035
248.6,0.000044
248.633333,0.000200
248.666667,0.000244
248.7,0.051915
248.733333,0.000622
248.766667,0.000185
248.8,0.001030
248.833333,0.000006
248.866667,0.000002
248.9,0.000000
248.933333,0.000000
248.966667,0.000000
249,0.000000
249.033333,0.000064
249.066667,0.000095
249.1,0.000067
249.133333,0.000091
249.166667,0.000030
249.2,0.000053
249.233333,0.000047
249.266667,0.000022
249.3,0.000035
249.333333,0.000216
249.366667,0.000139
249.4,0.000095
249.433333,0.000091
249.466667,0.000074
249.5,0.000059
249.533333,0.000029
249.566667,0.000079
249.6,0.000135
249.633333,0.000087
249.666667,0.000025
249.7,0.000104
249.733333,0.000097
249.766667,0.000002
249.8,0.000077
249.833333,0.000077
249.866667,0.067956
249.9,0.001999
249.933333,0.003167
249.966667,0.002914
250,0.001534
250.033333,0.002341
250.066667,0.002581
250.1,0.002282
250.133333,0.001702
250.166667,0.002226
250.2,0.000004
250.233333,0.002086
250.266667,0.001986
250.3,0.005030
250.333333,0.033142
250.366667,0.035152
250.4,0.000756
250.433333,0.003074
250.466667,0.002778
250.5,0.000084
250.533333,0.000039
250.566667,0.000025
250.6,0.000010
250.633333,0.000002
250.666667,0.000000
250.7,0.000000
250.733333,0.000000
250.766667,0.000000
250.8,0.000000
250.833333,0.000000
250.866667,0.000000
250.9,0.000000
250.933333,0.000000
250.966667,0.000000
251,0.000000
251.033333,0.000000
251.066667,0.000000
251.1,0.000000
251.133333,0.000000
251.166667,0.000000
251.2,0.000000
251.233333,0.000000
251.266667,0.000000
251.3,0.000000
251.333333,0.000000
251.366667,0.000000
251.4,0.000000
251.433333,0.000000
251.466667,0.000000
251.5,0.000000
251.533333,0.000000
251.566667,0.000000
251.6,0.000000
251.633333,0.000000
251.666667,0.000000
251.7,0.000000
251.733333,0.000000
251.766667,0.000000
251.8,0.000000
251.833333,0.000000
251.866667,0.000000
251.9,0.000000
251.933333,0.046565
251.966667,0.000017
252,0.000004
252.033333,0.000001
252.066667,0.000000
252.1,0.000000
252.133333,0.000000
252.166667,0.000000
252.2,0.005717
252.233333,0.002559
252.266667,0.000656
252.3,0.000251
252.333333,0.000228
252.366667,0.000146
252.4,0.000038
252.433333,0.000131
252.466667,0.000115
252.5,0.000020
252.533333,0.000015
252.566667,0.000010
252.6,0.000104
252.633333,0.000006
252.666667,0.000006
252.7,0.000056
252.733333,0.000045
252.766667,0.000003
252.8,0.000070
252.833333,0.000101
252.866667,0.000042
252.9,0.000014
252.933333,0.000173
252.966667,0.000015
253,0.000004
253.033333,0.000001
253.066667,0.000000
253.1,0.060735
253.133333,0.000024
253.166667,0.000010
253.2,0.000002
253.233333,0.000000
253.266667,0.000000
253.3,0.000000
253.333333,0.000491
253.366667,0.007284
253.4,0.001282
253.433333,0.000133
253.466667,0.000593
253.5,0.000621
253.533333,0.000375
253.566667,0.003699
253.6,0.000012
253.633333,0.000000
253.666667,0.000000
253.7,0.000000
253.733333,0.000000
253.766667,0.000000
253.8,0.000000
253.833333,0.000000
253.866667,0.000000
253.9,0.000000
253.933333,0.000000
253.966667,0.000000
254,0.000000
254.033333,0.000000
254.066667,0.000000
254.1,0.000000
254.133333,0.000000
254.166667,0.000000
254.2,0.000000
254.233333,0.000000
254.266667,0.000000
254.3,0.000000
254.333333,0.000000
254.366667,0.000000
254.4,0.000000
254.433333,0.000000
254.466667,0.000000
254.5,0.000000
254.533333,0.000000
254.566667,0.000000
254.6,0.000000
254.633333,0.000000
254.666667,0.000000
254.7,0.000000
254.733333,0.000000
254.766667,0.000000
254.8,0.000000
254.833333,0.000000
254.866667,0.000000
254.9,0.000000
254.933333,0.000000
254.966667,0.000000
255,0.000000
255.033333,0.000000
255.066667,0.000000
255.1,0.000000
255.133333,0.000000
255.166667,0.000000
255.2,0.000000
255.233333,0.000000
255.266667,0.000000
255.3,0.000000
255.333333,0.000000
255.366667,0.000000
255.4,0.060454
255.433333,0.000016
255.466667,0.000004
255.5,0.000001
255.533333,0.000000
255.566667,0.000000
255.6,0.000000
255.633333,0.000000
255.666667,0.000000
255.7,0.000000
255.733333,0.000000
255.766667,0.000000
255.8,0.000000
255.833333,0.000000
255.866667,0.000000
255.9,0.000000
255.933333,0.000000
255.966667,0.000000
256,0.000250
256.033333,0.000013
256.066667,0.000004
256.1,0.000001
256.133333,0.000000
256.166667,0.000000
256.2,0.003922
256.233333,0.003986
256.266667,0.003672
256.3,0.001202
256.333333,0.004686
256.366667,0.000007
256.4,0.000002
256.433333,0.000000
256.466667,0.000000
256.5,0.000000
256.533333,0.000000
256.566667,0.000000
256.6,0.000000
256.633333,0.000000
256.666667,0.046085
256.7,0.000012
256.733333,0.000006
256.766667,0.000001
256.8,0.000000
256.833333,0.000000
256.866667,0.000000
256.9,0.000000
256.933333,0.000000
256.966667,0.000000
257,0.000000
257.033333,0.000000
257.066667,0.000000
257.1,0.000000
257.133333,0.000000
257.166667,0.000000
257.2,0.000000
257.233333,0.000000
257.266667,0.000000
257.3,0.000000
257.333333,0.000000
257.366667,0.000000
257.4,0.000000
257.433333,0.000000
257.466667,0.000000
257.5,0.000000
257.533333,0.000000
257.566667,0.000000
257.6,0.000000
257.633333,0.000000
257.666667,0.000000
257.7,0.000000
257.733333,0.000000
257.766667,0.000000
257.8,0.000000
257.833333,0.000000
257.866667,0.000000
257.9,0.000000
257.933333,0.000000
257.966667,0.000000
258,0.000000
258.033333,0.000000
258.066667,0.000000
258.1,0.000000
258.133333,0.000000
258.166667,0.000000
258.2,0.000000
258.233333,0.000000
258.266667,0.000000
258.3,0.000000
258.333333,0.000000
258.366667,0.000000
258.4,0.000000
258.433333,0.000000
258.466667,0.231752
258.5,0.000236
258.533333,0.000021
258.566667,0.000126
258.6,0.000006
258.633333,0.000000
258.666667,0.000004
258.7,0.000003
258.733333,0.000001
258.766667,0.000003
258.8,0.000224
258.833333,0.000013
258.866667,0.000006
258.9,0.000006
258.933333,0.000005
258.966667,0.000313
259,0.000119
259.033333,0.000164
259.066667,0.000008
259.1,0.000002
259.133333,0.000000
259.166667,0.000002
259.2,0.000001
259.233333,0.000437
259.266667,0.000159
259.3,0.000007
259.333333,0.000336
259.366667,0.000064
259.4,0.000196
259.433333,0.000008
259.466667,0.000319
259.5,0.000013
259.533333,0.000051
259.566667,0.000006
259.6,0.000001
259.633333,0.000001
259.666667,0.000000
259.7,0.000001
259.733333,0.000198
259.766667,0.000004
259.8,0.000006
259.833333,0.000000
259.866667,0.000001
259.9,0.000000
259.933333,0.000303
259.966667,0.000007
260,0.000203
260.033333,0.000006
260.066667,0.000190
260.1,0.000001
260.133333,0.000054
260.166667,0.000006
260.2,0.000000
260.233333,0.000000
260.266667,0.000000
260.3,0.000000
260.333333,0.000000
260.366667,0.000000
260.4,0.000178
260.433333,0.000006
260.466667,0.000000
260.5,0.000185
260.533333,0.000006
260.566667,0.000000
260.6,0.000189
260.633333,0.000001
260.666667,0.000107
260.7,0.000006
260.733333,0.000197
260.766667,0.000006
260.8,0.000207
260.833333,0.000099
260.866667,0.000006
260.9,0.000199
260.933333,0.000002
260.966667,0.000095
261,0.000006
261.033333,0.000329
261.066667,0.000041
261.1,0.050961
261.133333,0.000198
261.166667,0.000063
261.2,0.000064
261.233333,0.000108
261.266667,0.000024
261.3,0.000074
261.333333,0.038526
261.366667,0.000539
261.4,0.000923
261.433333,0.000503
261.466667,0.000581
261.5,0.000794
261.533333,0.000571
261.566667,0.000566
261.6,0.001580
261.633333,0.001288
261.666667,0.000317
261.7,0.000199
261.733333,0.000353
261.766667,0.002291
261.8,0.003590
261.833333,0.003796
261.866667,0.004458
261.9,0.001058
261.933333,0.000122
261.966667,0.000258
262,0.001121
262.033333,0.000373
262.066667,0.000546
262.1,0.000851
262.133333,0.001025
262.166667,0.000383
262.2,0.001570
262.233333,0.000382
262.266667,0.000059
262.3,0.000026
262.333333,0.000009
262.366667,0.000002
262.4,0.000001
262.433333,0.000001
262.466667,0.000002
262.5,0.000000
262.533333,0.000002
262.566667,0.000002
262.6,0.000000
262.633333,0.000000
262.666667,0.000000
262.7,0.000000
262.733333,0.000000
262.766667,0.000000
262.8,0.000000
262.833333,0.000000
262.866667,0.000000
262.9,0.000000
262.933333,0.000000
262.966667,0.000386
263,0.000357
263.033333,0.000089
263.066667,0.000007
263.1,0.000001
263.133333,0.000000
263.166667,0.000000
263.2,0.000000
263.233333,0.000466
263.266667,0.000571
263.3,0.000042
263.333333,0.000133
263.366667,0.000377
263.4,0.000148
263.433333,0.000072
263.466667,0.000242
263.5,0.000127
263.533333,0.000023
263.566667,0.000146
263.6,0.000006
263.633333,0.000000
263.666667,0.000000
263.7,0.000000
263.733333,0.000000
263.766667,0.059375
263.8,0.000639
263.833333,0.000028
263.866667,0.000148
263.9,0.000141
263.933333,0.000334
263.966667,0.000009
264,0.000158
264.033333,0.000205
264.066667,0.001293
264.1,0.000421
264.133333,0.000428
264.166667,0.000008
264.2,0.000007
264.233333,0.000069
264.266667,0.000374
264.3,0.000014
264.333333,0.000001
264.366667,0.000001
264.4,0.000002
264.433333,0.000001
264.466667,0.000307
264.5,0.000088
264.533333,0.000030
264.566667,0.000014
264.6,0.000054
264.633333,0.000044
264.666667,0.000090
264.7,0.000303
264.733333,0.000315
264.766667,0.000097
264.8,0.000120
264.833333,0.000205
264.866667,0.000469
264.9,0.000094
264.933333,0.000074
264.966667,0.000037
265,0.000224
265.033333,0.000055
265.066667,0.042078
265.1,0.000757
265.133333,0.000247
265.166667,0.000204
265.2,0.000072
265.233333,0.000024
265.266667,0.000089
265.3,0.000033
265.333333,0.000071
265.366667,0.000107
265.4,0.000044
265.433333,0.000010
265.466667,0.000016
265.5,0.000107
265.533333,0.000018
265.566667,0.000009
265.6,0.000012
265.633333,0.000014
265.666667,0.000743
265.7,0.000000
265.733333,0.000255
265.766667,0.000043
265.8,0.000016
265.833333,0.000006
265.866667,0.000021
265.9,0.000014
265.933333,0.000006
265.966667,0.000002
266,0.000003
266.033333,0.000020
266.066667,0.000012
266.1,0.000004
266.133333,0.000020
266.166667,0.000000
266.2,0.000013
266.233333,0.000007
266.266667,0.000007
266.3,0.000002
266.333333,0.000003
266.366667,0.000006
266.4,0.000004
266.433333,0.000005
266.466667,0.000005
266.5,0.000003
266.533333,0.000497
266.566667,0.000001
266.6,0.000008
266.633333,0.000003
266.666667,0.000002
266.7,0.000002
266.733333,0.000004
266.766667,0.000000
266.8,0.000003
266.833333,0.000000
266.866667,0.000002
266.9,0.000497
266.933333,0.000220
266.966667,0.000104
267,0.063460
267.033333,0.001103
267.066667,0.000100
267.1,0.000244
267.133333,0.000915
267.166667,0.000501
267.2,0.000250
267.233333,0.000048
267.266667,0.000069
267.3,0.000118
267.333333,0.000124
267.366667,0.000216
267.4,0.000422
267.433333,0.000255
267.466667,0.000498
267.5,0.000882
267.533333,0.000057
267.566667,0.000303
267.6,0.000221
267.633333,0.000100
267.666667,0.000125
267.7,0.000144
267.733333,0.000128
267.766667,0.000013
267.8,0.000231
267.833333,0.000509
267.866667,0.000165
267.9,0.000250
267.933333,0.000081
267.966667,0.000051
268,0.000009
268.033333,0.000112
268.066667,0.000681
268.1,0.000116
268.133333,0.000311
268.166667,0.000196
268.2,0.000094
268.233333,0.000193
268.266667,0.000120
268.3,0.000026
268.333333,0.000115
268.366667,0.000211
268.4,0.000361
268.433333,0.000009
268.466667,0.000001
268.5,0.000000
268.533333,0.000000
268.566667,0.000174
268.6,0.000016
268.633333,0.000008
268.666667,0.000001
268.7,0.000006
268.733333,0.000002
268.766667,0.000007
268.8,0.000002
268.833333,0.000964
268.866667,0.000486
268.9,0.000107
268.933333,0.000410
268.966667,0.000032
269,0.000221
269.033333,0.000016
269.066667,0.000483
269.1,0.000024
269.133333,0.000171
269.166667,0.000013
269.2,0.000001
269.233333,0.000011
269.266667,0.000010
269.3,0.000003
269.333333,0.000004
269.366667,0.000007
269.4,0.000006
269.433333,0.000002
269.466667,0.000003
269.5,0.000000
269.533333,0.000001
269.566667,0.000732
269.6,0.000297
269.633333,0.000195
269.666667,0.000288
269.7,0.000108
269.733333,0.000014
269.766667,0.000014
269.8,0.070716
269.833333,0.000596
269.866667,0.000008
269.9,0.000001
269.933333,0.000000
269.966667,0.000000
270,0.000000
270.033333,0.000000
270.066667,0.000000
270.1,0.000000
270.133333,0.000000
270.166667,0.000000
270.2,0.000000
270.233333,0.000001
270.266667,0.046653
270.3,0.000001
270.333333,0.000000
270.366667,0.000001
270.4,0.000000
270.433333,0.000000
270.466667,0.001560
270.5,0.000377
270.533333,0.000110
270.566667,0.000549
270.6,0.000718
270.633333,0.000267
270.666667,0.004586
270.7,0.003577
270.733333,0.003681
270.766667,0.002420
270.8,0.002876
270.833333,0.001862
270.866667,0.001451
270.9,0.000764
270.933333,0.002744
270.966667,0.002585
271,0.002818
271.033333,0.000485
271.066667,0.001145
271.1,0.001801
271.133333,0.001809
271.166667,0.001254
271.2,0.000151
271.233333,0.000168
271.266667,0.002964
271.3,0.002599
271.333333,0.001206
271.366667,0.000706
271.4,0.000281
271.433333,0.000310
271.466667,0.000288
271.5,0.000000
271.533333,0.000156
271.566667,0.000228
271.6,0.000151
271.633333,0.000060
271.666667,0.000063
271.7,0.000028
271.733333,0.000004
271.766667,0.000001
271.8,0.000000
271.833333,0.000001
271.866667,0.000000
271.9,0.000000
271.933333,0.000000
271.966667,0.069779
272,0.000174
272.033333,0.000008
272.066667,0.000002
272.1,0.000001
272.133333,0.000444
272.166667,0.000055
272.2,0.000042
272.233333,0.000151
272.266667,0.000166
272.3,0.000085
272.333333,0.000002
272.366667,0.000365
272.4,0.000014
272.433333,0.000150
272.466667,0.000002
272.5,0.000218
272.533333,0.000011
272.566667,0.000110
272.6,0.000002
272.633333,0.000228
272.666667,0.000001
272.7,0.000003
272.733333,0.000001
272.766667,0.000000
272.8,0.000000
272.833333,0.000001
272.866667,0.000001
272.9,0.000000
272.933333,0.000001
272.966667,0.000111
273,0.000002
273.033333,0.000000
273.066667,0.000000
273.1,0.000001
273.133333,0.000001
273.166667,0.000000
273.2,0.000001
273.233333,0.000000
273.266667,0.000000
273.3,0.000000
273.333333,0.000191
273.366667,0.000132
273.4,0.000040
273.433333,0.000079
273.466667,0.000003
273.5,0.000004
273.533333,0.000002
273.566667,0.000002
273.6,0.000001
273.633333,0.000218
273.666667,0.000029
273.7,0.000038
273.733333,0.000221
273.766667,0.000184
273.8,0.000010
273.833333,0.000032
273.866667,0.000048
273.9,0.000038
273.933333,0.000027
273.966667,0.000099
274,0.000015
274.033333,0.000004
274.066667,0.000004
274.1,0.000053
274.133333,0.000035
274.166667,0.000000
274.2,0.000002
274.233333,0.000005
274.266667,0.000007
274.3,0.000023
274.333333,0.000002
274.366667,0.000002
274.4,0.000006
274.433333,0.000004
274.466667,0.000089
274.5,0.000041
274.533333,0.000098
274.566667,0.000037
274.6,0.000002
274.633333,0.001676
274.666667,0.000004
274.7,0.021843
274.733333,0.000168
274.766667,0.000312
274.8,0.000133
274.833333,0.000387
274.866667,0.000130
274.9,0.000276
274.933333,0.000160
274.966667,0.000024
275,0.000143
275.033333,0.000050
275.066667,0.000376
275.1,0.000663
275.133333,0.000229
275.166667,0.000029
275.2,0.000641
275.233333,0.001030
275.266667,0.002731
275.3,0.003261
275.333333,0.003211
275.366667,0.001305
275.4,0.000470
275.433333,0.000380
275.466667,0.000707
275.5,0.001524
275.533333,0.000748
275.566667,0.001733
275.6,0.000495
275.633333,0.001087
275.666667,0.001322
275.7,0.001282
275.733333,0.000945
275.766667,0.001684
275.8,0.000901
275.833333,0.045300
275.866667,0.044429
275.9,0.000770
275.933333,0.000505
275.966667,0.000343
276,0.000163
276.033333,0.000040
276.066667,0.000165
276.1,0.000070
276.133333,0.000097
276.166667,0.000003
276.2,0.000025
276.233333,0.000102
276.266667,0.000028
276.3,0.001731
276.333333,0.000233
276.366667,0.001682
276.4,0.000170
276.433333,0.000052
276.466667,0.000589
276.5,0.000597
276.533333,0.000103
276.566667,0.000945
276.6,0.000107
276.633333,0.001104
276.666667,0.000227
276.7,0.000528
276.733333,0.000094
276.766667,0.001349
276.8,0.000371
276.833333,0.000071
276.866667,0.000971
276.9,0.000139
276.933333,0.000992
276.966667,0.000048
277,0.001271
277.033333,0.000057
277.066667,0.000026
277.1,0.000000
277.133333,0.000018
277.166667,0.000013
277.2,0.000028
277.233333,0.000001
277.266667,0.000069
277.3,0.001298
277.333333,0.000303
277.366667,0.000082
277.4,0.001058
277.433333,0.000091
277.466667,0.000083
277.5,0.000024
277.533333,0.001017
277.566667,0.000049
277.6,0.000019
277.633333,0.000006
277.666667,0.000023
277.7,0.000044
277.733333,0.000798
277.766667,0.000067
277.8,0.000014
277.833333,0.001325
277.866667,0.000045
277.9,0.000014
277.933333,0.001103
277.966667,0.000024
278,0.000039
278.033333,0.000958
278.066667,0.000019
278.1,0.000053
278.133333,0.000901
278.166667,0.000216
278.2,0.000060
278.233333,0.001336
278.266667,0.000011
278.3,0.000001
278.333333,0.000060
278.366667,0.001522
278.4,0.000108
278.433333,0.042417
278.466667,0.000061
278.5,0.000015
278.533333,0.000003
278.566667,0.000030
278.6,0.000018
278.633333,0.000053
278.666667,0.000013
278.7,0.000003
278.733333,0.000059
278.766667,0.000014
278.8,0.000003
278.833333,0.000011
278.866667,0.000014
278.9,0.000013
278.933333,0.000012
278.966667,0.000003
279,0.000015
279.033333,0.000020
279.066667,0.000011
279.1,0.000000
279.133333,0.001515
279.166667,0.000070
279.2,0.000012
279.233333,0.000007
279.266667,0.000010
279.3,0.000009
279.333333,0.000047
279.366667,0.000011
279.4,0.000019
279.433333,0.000015
279.466667,0.000002
279.5,0.000003
279.533333,0.000011
279.566667,0.000020
279.6,0.000015
279.633333,0.000001
279.666667,0.000002
279.7,0.000008
279.733333,0.000009
279.766667,0.000011
279.8,0.000013
279.833333,0.000013
279.866667,0.000014
279.9,0.000023
279.933333,0.000012
279.966667,0.000011
280,0.000230
280.033333,0.000011
280.066667,0.000003
280.1,0.000001
280.133333,0.000000
280.166667,0.000000
280.2,0.000000
280.233333,0.000000
280.266667,0.000000
280.3,0.000000
280.333333,0.000000
280.366667,0.000000
280.4,0.000000
280.433333,0.000000
280.466667,0.000000
280.5,0.000000
280.533333,0.000000
280.566667,0.000000
280.6,0.000000
280.633333,0.000000
280.666667,0.000000
280.7,0.000000
280.733333,0.000000
280.766667,0.000000
280.8,0.000000
280.833333,0.000001
280.866667,0.000000
280.9,0.000000
280.933333,0.000000
280.966667,0.000000
281,0.000000
281.033333,0.000000
281.066667,0.000000
281.1,0.000000
281.133333,0.000583
281.166667,0.000180
281.2,0.000045
281.233333,0.000008
281.266667,0.000001
281.3,0.000011
281.333333,0.000002
281.366667,0.000000
281.4,0.000000
281.433333,0.000007
281.466667,0.149803
281.5,0.000039
281.533333,0.000010
281.566667,0.000004
281.6,0.000001
281.633333,0.000000
281.666667,0.000000
281.7,0.000000
281.733333,0.000000
281.766667,0.000000
281.8,0.000000
281.833333,0.000000
281.866667,0.000000
281.9,0.000000
281.933333,0.000000
281.966667,0.000000
282,0.000000
282.033333,0.000000
282.066667,0.086492
282.1,0.000022
282.133333,0.000010
282.166667,0.000002
282.2,0.000000
282.233333,0.000000
282.266667,0.000000
282.3,0.000000
282.333333,0.000000
282.366667,0.000000
282.4,0.000000
282.433333,0.000000
282.466667,0.000000
282.5,0.000000
282.533333,0.000000
282.566667,0.000000
282.6,0.000000
282.633333,0.000000
282.666667,0.000000
282.7,0.000000
282.733333,0.000000
282.766667,0.000000
282.8,0.000000
282.833333,0.000000
282.866667,0.000000
282.9,0.000000
282.933333,0.000000
282.966667,0.000000
283,0.000000
283.033333,0.000000
283.066667,0.000000
283.1,0.000000
283.133333,0.000000
283.166667,0.000000
283.2,0.000000
283.233333,0.000000
283.266667,0.000000
283.3,0.000000
283.333333,0.000000
283.366667,0.000000
283.4,0.000000
283.433333,0.000000
283.466667,0.000000
283.5,0.000000
283.533333,0.000000
283.566667,0.000000
283.6,0.000000
283.633333,0.000000
283.666667,0.000000
283.7,0.000000
283.733333,0.000000
283.766667,0.000000
283.8,0.000000
283.833333,0.000000
283.866667,0.000000
283.9,0.000000
283.933333,0.000000
283.966667,0.000000
284,0.000000
284.033333,0.000000
284.066667,0.000000
284.1,0.000000
284.133333,0.059985
284.166667,0.000015
284.2,0.000007
284.233333,0.000001
284.266667,0.000000
284.3,0.000000
284.333333,0.000000
284.366667,0.000000
284.4,0.000000
284.433333,0.000000
284.466667,0.000000
284.5,0.000000
284.533333,0.000000
284.566667,0.000000
284.6,0.000000
284.633333,0.000000
284.666667,0.000000
284.7,0.000000
284.733333,0.000000
284.766667,0.000000
284.8,0.000000
284.833333,0.000000
284.866667,0.000000
284.9,0.000000
284.933333,0.000000
284.966667,0.000000
285,0.000000
285.033333,0.000297
285.066667,0.000101
285.1,0.000070
285.133333,0.000062
285.166667,0.000061
285.2,0.000049
285.233333,0.000028
285.266667,0.000059
285.3,0.000040
285.333333,0.000013
285.366667,0.000001
285.4,0.000011
285.433333,0.000063
285.466667,0.000071
285.5,0.000029
285.533333,0.000060
285.566667,0.000009
285.6,0.000021
285.633333,0.000011
285.666667,0.000005
285.7,0.000078
285.733333,0.000002
285.766667,0.064303
285.8,0.003085
285.833333,0.002475
285.866667,0.001788
285.9,0.001793
285.933333,0.002755
285.966667,0.003699
286,0.005334
286.033333,0.000847
286.066667,0.000320
286.1,0.001148
286.133333,0.065154
286.166667,0.064115
286.2,0.004964
286.233333,0.002063
286.266667,0.004463
286.3,0.000332
286.333333,0.001118
286.366667,0.000154
286.4,0.000178
286.433333,0.000046
286.466667,0.000018
286.5,0.000005
286.533333,0.000001
286.566667,0.000000
286.6,0.000000
286.633333,0.000000
286.666667,0.000000
286.7,0.000000
286.733333,0.000000
286.766667,0.000000
286.8,0.000000
286.833333,0.000000
286.866667,0.000000
286.9,0.000000
286.933333,0.000000
286.966667,0.000000
287,0.000000
287.033333,0.000000
287.066667,0.000000
287.1,0.000000
287.133333,0.000000
287.166667,0.000000
287.2,0.000000
287.233333,0.000000
287.266667,0.000000
287.3,0.000000
287.333333,0.000000
287.366667,0.000000
287.4,0.000000
287.433333,0.000000
287.466667,0.000000
287.5,0.000000
287.533333,0.000000
287.566667,0.000000
287.6,0.000000
287.633333,0.000000
287.666667,0.000000
287.7,0.000000
287.733333,0.000000
287.766667,0.000000
287.8,0.000000
287.833333,0.000000
287.866667,0.000000
287.9,0.000000
287.933333,0.000000
287.966667,0.000000
288,0.000278
288.033333,0.000013
288.066667,0.000003
288.1,0.000001
288.133333,0.000000
288.166667,0.000000
288.2,0.000000
288.233333,0.000000
288.266667,0.000000
288.3,0.000000
288.333333,0.000000
288.366667,0.000000
288.4,0.000000
288.433333,0.000000
288.466667,0.000000
288.5,0.000000
288.533333,0.000000
288.566667,0.000000
288.6,0.000000
288.633333,0.000000
288.666667,0.000000
288.7,0.048018
288.733333,0.000014
288.766667,0.000005
288.8,0.000002
288.833333,0.000000
288.866667,0.000000
288.9,0.000000
288.933333,0.000000
288.966667,0.000000
289,0.000000
289.033333,0.000000
289.066667,0.000000
289.1,0.000000
289.133333,0.000000
289.166667,0.000000
289.2,0.000000
289.233333,0.000000
289.266667,0.000000
289.3,0.000000
289.333333,0.000000
289.366667,0.000000
289.4,0.000000
289.433333,0.000000
289.466667,0.000000
289.5,0.000000
289.533333,0.000000
289.566667,0.000000
289.6,0.000000
289.633333,0.000000
289.666667,0.000000
289.7,0.000000
289.733333,0.000000
289.766667,0.000000
289.8,0.000000
289.833333,0.000000
289.866667,0.000000
289.9,0.000000
289.933333,0.081598
289.966667,0.001352
290,0.002236
290.033333,0.003429
290.066667,0.001456
290.1,0.000047
290.133333,0.006702
290.166667,0.003247
290.2,0.001859
290.233333,0.001162
290.266667,0.002362
290.3,0.001250
290.333333,0.002866
290.366667,0.001173
290.4,0.002036
290.433333,0.001457
290.466667,0.003570
290.5,0.001546
290.533333,0.000197
290.566667,0.004396
290.6,0.003558
290.633333,0.003026
290.666667,0.002624
290.7,0.001520
290.733333,0.001447
290.766667,0.004618
290.8,0.003843
290.833333,0.000676
290.866667,0.000572
290.9,0.001228
290.933333,0.000368
290.966667,0.045560
291,0.001252
291.033333,0.000172
291.066667,0.000198
291.1,0.000004
291.133333,0.000172
291.166667,0.000406
291.2,0.000012
291.233333,0.000015
291.266667,0.000047
291.3,0.000212
291.333333,0.000242
291.366667,0.000087
291.4,0.000694
291.433333,0.000878
291.466667,0.004498
291.5,0.000010
291.533333,0.000005
291.566667,0.000001
291.6,0.000000
291.633333,0.000000
291.666667,0.000000
291.7,0.000000
291.733333,0.000000
291.766667,0.000000
291.8,0.000000
291.833333,0.000000
291.866667,0.000000
291.9,0.000000
291.933333,0.000000
291.966667,0.000000
292,0.000000
292.033333,0.000000
292.066667,0.000000
292.1,0.000000
292.133333,0.000000
292.166667,0.000000
292.2,0.000000
292.233333,0.000000
292.266667,0.000000
292.3,0.000000
292.333333,0.000000
292.366667,0.000000
292.4,0.000000
292.433333,0.000000
292.466667,0.000000
292.5,0.000000
292.533333,0.000000
292.566667,0.000000
292.6,0.000000
292.633333,0.000000
292.666667,0.000000
292.7,0.000000
292.733333,0.000000
292.766667,0.000000
292.8,0.000000
292.833333,0.000000
292.866667,0.000000
292.9,0.000000
292.933333,0.000000
292.966667,0.000000
293,0.000000
293.033333,0.000000
293.066667,0.000000
293.1,0.000000
293.133333,0.000000
293.166667,0.000000
293.2,0.000000
293.233333,0.000000
293.266667,0.000000
293.3,0.000000
293.333333,0.000000
293.366667,0.000000
293.4,0.000000
293.433333,0.000000
293.466667,0.000000
293.5,0.000000
293.533333,0.000000
293.566667,0.000000
293.6,0.000000
293.633333,0.000000
293.666667,0.000000
293.7,0.000000
293.733333,0.000000
293.766667,0.000000
293.8,0.033135
293.833333,0.000012
293.866667,0.000005
293.9,0.000001
293.933333,0.000000
293.966667,0.000000
294,0.000000
294.033333,0.000000
294.066667,0.000000
294.1,0.000000
294.133333,0.000000
294.166667,0.000000
294.2,0.000000
294.233333,0.000000
294.266667,0.000000
294.3,0.000000
294.333333,0.000000
294.366667,0.000000
294.4,0.000000
294.433333,0.000000
294.466667,0.000000
294.5,0.000000
294.533333,0.000000
294.566667,0.000000
294.6,0.000000
294.633333,0.000000
294.666667,0.000000
294.7,0.000000
294.733333,0.000000
294.766667,0.000205
294.8,0.000002
294.833333,0.000004
294.866667,0.000035
294.9,0.000179
294.933333,0.000003
294.966667,0.000031
295,0.000182
295.033333,0.000001
295.066667,0.000003
295.1,0.000032
295.133333,0.000182
295.166667,0.000003
295.2,0.000029
295.233333,0.000184
295.266667,0.000001
295.3,0.000030
295.333333,0.000179
295.366667,0.000002
295.4,0.142762
295.433333,0.000091
295.466667,0.000023
295.5,0.000009
295.533333,0.000058
295.566667,0.000040
295.6,0.000013
295.633333,0.000045
295.666667,0.000072
295.7,0.000056
295.733333,0.000045
295.766667,0.000019
295.8,0.000004
295.833333,0.000003
295.866667,0.000002
295.9,0.000004
295.933333,0.000002
295.966667,0.000001
296,0.000187
296.033333,0.000025
296.066667,0.000010
296.1,0.000004
296.133333,0.000003
296.166667,0.000001
296.2,0.004185
296.233333,0.001778
296.266667,0.000392
296.3,0.000263
296.333333,0.000025
296.366667,0.000110
296.4,0.000053
296.433333,0.000084
296.466667,0.000053
296.5,0.000035
296.533333,0.000126
296.566667,0.000047
296.6,0.000041
296.633333,0.000007
296.666667,0.000035
296.7,0.000161
296.733333,0.000043
296.766667,0.000091
296.8,0.000139
296.833333,0.000039
296.866667,0.000002
296.9,0.000001
296.933333,0.000126
296.966667,0.000125
297,0.000041
297.033333,0.000128
297.066667,0.000131
297.1,0.001262
297.133333,0.000769
297.166667,0.000130
297.2,0.000247
297.233333,0.000087
297.266667,0.000134
297.3,0.000827
297.333333,0.000005
297.366667,0.000002
297.4,0.000000
297.433333,0.000000
297.466667,0.000000
297.5,0.000000
297.533333,0.000000
297.566667,0.000000
297.6,0.000000
297.633333,0.000000
297.666667,0.000000
297.7,0.000000
297.733333,0.000000
297.766667,0.000000
297.8,0.000000
297.833333,0.000000
297.866667,0.000000
297.9,0.000000
297.933333,0.000048
297.966667,0.047420
298,0.000041
298.033333,0.000004
298.066667,0.000029
298.1,0.000012
298.133333,0.000029
298.166667,0.000029
298.2,0.000045
298.233333,0.000028
298.266667,0.000026
298.3,0.000005
298.333333,0.000033
298.366667,0.000032
298.4,0.000005
298.433333,0.000036
298.466667,0.000051
298.5,0.000045
298.533333,0.000032
298.566667,0.000054
298.6,0.000046
298.633333,0.000059
298.666667,0.000021
298.7,0.000231
298.733333,0.000132
298.766667,0.000173
298.8,0.000065
298.833333,0.000314
298.866667,0.000110
298.9,0.000184
298.933333,0.000063
298.966667,0.000092
299,0.000002
299.033333,0.000065
299.066667,0.000035
299.1,0.000208
299.133333,0.000055
299.166667,0.000078
299.2,0.000007
299.233333,0.000102
299.266667,0.000044
299.3,0.000052
299.333333,0.000000
299.366667,0.000040
299.4,0.000030
299.433333,0.000008
299.466667,0.000004
299.5,0.000000
299.533333,0.000000
299.566667,0.000000
299.6,0.000000
299.633333,0.001678
299.666667,0.000729
299.7,0.045975
299.733333,0.000474
299.766667,0.000056
299.8,0.000044
299.833333,0.000003
299.866667,0.000043
299.9,0.000043
299.933333,0.000039
299.966667,0.000042
300,0.000040
300.033333,0.000045
300.066667,0.000043
300.1,0.000010
300.133333,0.000005
300.166667,0.000006
300.2,0.000008
300.233333,0.000040
300.266667,0.000052
300.3,0.000032
300.333333,0.000032
300.366667,0.000004
300.4,0.000001
300.433333,0.000000
300.466667,0.000000
300.5,0.000000
300.533333,0.000000
300.566667,0.000000
300.6,0.000000
300.633333,0.000000
300.666667,0.000000
300.7,0.000000
300.733333,0.000000
300.766667,0.000000
300.8,0.000000
300.833333,0.000000
300.866667,0.000000
300.9,0.000000
300.933333,0.000000
300.966667,0.000000
301,0.000000
301.033333,0.000000
301.066667,0.000000
301.1,0.000000
301.133333,0.000000
301.166667,0.000000
301.2,0.000849
301.233333,0.001374
301.266667,0.078025
301.3,0.002554
301.333333,0.000207
301.366667,0.000111
301.4,0.000515
301.433333,0.000004
301.466667,0.000000
301.5,0.000000
301.533333,0.000000
301.566667,0.000000
301.6,0.000000
301.633333,0.000000
301.666667,0.000000
301.7,0.000000
301.733333,0.000000
301.766667,0.000000
301.8,0.000000
301.833333,0.000000
301.866667,0.000000
301.9,0.000000
301.933333,0.000000
301.966667,0.000000
302,0.000000
302.033333,0.000000
302.066667,0.000000
302.1,0.000000
302.133333,0.000000
302.166667,0.000000
302.2,0.000000
302.233333,0.000000
302.266667,0.000000
302.3,0.000000
302.333333,0.000000
302.366667,0.000000
302.4,0.000000
302.433333,0.000000
302.466667,0.000000
302.5,0.000000
302.533333,0.000000
302.566667,0.000000
302.6,0.000000
302.633333,0.000000
302.666667,0.000000
302.7,0.000000
302.733333,0.000000
302.766667,0.000000
302.8,0.000000
302.833333,0.000000
302.866667,0.000000
302.9,0.000000
302.933333,0.000000
302.966667,0.000000
303,0.000000
303.033333,0.000000
303.066667,0.000000
303.1,0.000000
303.133333,0.000000
303.166667,0.000000
303.2,0.000000
303.233333,0.000000
303.266667,0.000000
303.3,0.000000
303.333333,0.000000
303.366667,0.000000
303.4,0.000000
303.433333,0.000000
303.466667,0.000000
303.5,0.000000
303.533333,0.000000
303.566667,0.000000
303.6,0.000000
303.633333,0.000000
303.666667,0.000000
303.7,0.000000
303.733333,0.000000
303.766667,0.000000
303.8,0.000000
303.833333,0.000000
303.866667,0.000000
303.9,0.000000
303.933333,0.000000
303.966667,0.000000
304,0.000079
304.033333,0.000012
304.066667,0.000004
304.1,0.000001
304.133333,0.000000
304.166667,0.000000
304.2,0.000000
304.233333,0.000000
304.266667,0.000000
304.3,0.000000
304.333333,0.050186
304.366667,0.000013
304.4,0.000005
304.433333,0.000001
304.466667,0.000292
304.5,0.001776
304.533333,0.001126
304.566667,0.000535
304.6,0.001082
304.633333,0.000109
304.666667,0.000004
304.7,0.000000
304.733333,0.000000
304.766667,0.000000
304.8,0.000000
304.833333,0.000000
304.866667,0.000000
304.9,0.000000
304.933333,0.000000
304.966667,0.000000
305,0.000000
305.033333,0.000000
305.066667,0.000000
305.1,0.000000
305.133333,0.000000
305.166667,0.000000
305.2,0.000000
305.233333,0.000000
305.266667,0.000000
305.3,0.000000
305.333333,0.000000
305.366667,0.000000
305.4,0.000000
305.433333,0.000000
305.466667,0.000000
305.5,0.000000
305.533333,0.000000
305.566667,0.000000
305.6,0.000000
305.633333,0.000000
305.666667,0.000000
305.7,0.000000
305.733333,0.000000
305.766667,0.000000
305.8,0.000000
305.833333,0.000000
305.866667,0.000000
305.9,0.000000
305.933333,0.000000
305.966667,0.000000
306,0.000000
306.033333,0.000000
306.066667,0.000259
306.1,0.000061
306.133333,0.000017
306.166667,0.000006
306.2,0.000012
306.233333,0.000001
306.266667,0.000006
306.3,0.000002
306.333333,0.000004
306.366667,0.000002
306.4,0.000007
306.433333,0.000006
306.466667,0.000608
306.5,0.000102
306.533333,0.051383
306.566667,0.000933
306.6,0.000018
306.633333,0.000068
306.666667,0.000049
306.7,0.000046
306.733333,0.000012
306.766667,0.000047
306.8,0.000023
306.833333,0.000054
306.866667,0.000026
306.9,0.000029
306.933333,0.000003
306.966667,0.000038
307,0.000037
307.033333,0.000082
307.066667,0.000331
307.1,0.000237
307.133333,0.000048
307.166667,0.000042
307.2,0.000012
307.233333,0.000011
307.266667,0.000041
307.3,0.000020
307.333333,0.000004
307.366667,0.000000
307.4,0.000000
307.433333,0.000000
307.466667,0.000000
307.5,0.000000
307.533333,0.043253
307.566667,0.000013
307.6,0.000005
307.633333,0.000001
307.666667,0.000000
307.7,0.000000
307.733333,0.000000
307.766667,0.000000
307.8,0.000000
307.833333,0.000000
307.866667,0.000000
307.9,0.000000
307.933333,0.000000
307.966667,0.000000
308,0.000000
308.033333,0.000000
308.066667,0.000000
308.1,0.000000
308.133333,0.000000
308.166667,0.000000
308.2,0.000000
308.233333,0.000000
308.266667,0.000000
308.3,0.000000
308.333333,0.000000
308.366667,0.000000
308.4,0.000000
308.433333,0.000000
308.466667,0.000000
308.5,0.000000
308.533333,0.000000
308.566667,0.000000
308.6,0.000000
308.633333,0.000000
308.666667,0.000000
308.7,0.000000
308.733333,0.000000
308.766667,0.000000
308.8,0.000000
308.833333,0.000000
308.866667,0.000000
308.9,0.000000
308.933333,0.000000
308.966667,0.000000
309,0.000000
309.033333,0.000000
309.066667,0.000000
309.1,0.000000
309.133333,0.000000
309.166667,0.000000
309.2,0.000000
309.233333,0.000000
309.266667,0.000000
309.3,0.000000
309.333333,0.000000
309.366667,0.000000
309.4,0.000000
309.433333,0.000000
309.466667,0.000000
309.5,0.000000
309.533333,0.000000
309.566667,0.051563
309.6,0.000015
309.633333,0.000006
309.666667,0.000002
309.7,0.000000
309.733333,0.000000
309.766667,0.000000
309.8,0.000000
309.833333,0.000000
309.866667,0.000000
309.9,0.000000
309.933333,0.000000
309.966667,0.000000
310,0.000000
310.033333,0.000000
310.066667,0.000000
310.1,0.000000
310.133333,0.000000
310.166667,0.000000
310.2,0.000000
310.233333,0.000000
310.266667,0.000000
310.3,0.000000
310.333333,0.000000
310.366667,0.000000
310.4,0.000000
310.433333,0.000000
310.466667,0.000000
310.5,0.000000
310.533333,0.000000
310.566667,0.000000
310.6,0.000000
310.633333,0.000000
310.666667,0.000000
310.7,0.000000
310.733333,0.000000
310.766667,0.000000
310.8,0.000000
310.833333,0.000000
310.866667,0.000000
310.9,0.000000
310.933333,0.000000
310.966667,0.000000
311,0.000000
311.033333,0.000000
311.066667,0.000000
311.1,0.000000
311.133333,0.000000
311.166667,0.000000
311.2,0.000000
311.233333,0.000000
311.266667,0.000000
311.3,0.000000
311.333333,0.000000
311.366667,0.000000
311.4,0.000000
311.433333,0.000000
311.466667,0.000000
311.5,0.000000
311.533333,0.000000
311.566667,0.000000
311.6,0.000000
311.633333,0.000000
311.666667,0.000000
311.7,0.000000
311.733333,0.000000
311.766667,0.000000
311.8,0.000000
311.833333,0.000000
311.866667,0.000000
311.9,0.000000
311.933333,0.000000
311.966667,0.000000
312,0.000072
312.033333,0.000012
312.066667,0.000004
312.1,0.000001
312.133333,0.000000
312.166667,0.000000
312.2,0.186927
312.233333,0.000094
312.266667,0.000008
312.3,0.000024
312.333333,0.000013
312.366667,0.000002
312.4,0.000001
312.433333,0.000000
312.466667,0.000000
312.5,0.000000
312.533333,0.000000
312.566667,0.000000
312.6,0.000000
312.633333,0.000000
312.666667,0.000000
312.7,0.000000
312.733333,0.000000
312.766667,0.000000
312.8,0.000000
312.833333,0.000000
312.866667,0.000000
312.9,0.000000
312.933333,0.000000
312.966667,0.000000
313,0.000000
313.033333,0.000000
313.066667,0.000000
313.1,0.000000
313.133333,0.000000
313.166667,0.000000
313.2,0.000000
313.233333,0.000000
313.266667,0.000000
313.3,0.000000
313.333333,0.000000
313.366667,0.000000
313.4,0.000000
313.433333,0.000000
313.466667,0.000000
313.5,0.021757
313.533333,0.000016
313.566667,0.000005
313.6,0.000001
313.633333,0.000000
313.666667,0.000000
313.7,0.000000
313.733333,0.000000
313.766667,0.000000
313.8,0.000000
313.833333,0.000000
313.866667,0.000000
313.9,0.000000
313.933333,0.000000
313.966667,0.000000
314,0.000000
314.033333,0.000000
314.066667,0.000000
314.1,0.000000
314.133333,0.000000
314.166667,0.000000
314.2,0.000000
314.233333,0.000000
314.266667,0.000000
314.3,0.000000
314.333333,0.000000
314.366667,0.000000
314.4,0.000000
314.433333,0.000000
314.466667,0.000000
314.5,0.000000
314.533333,0.000000
314.566667,0.000000
314.6,0.000000
314.633333,0.000000
314.666667,0.000000
314.7,0.000000
314.733333,0.000000
314.766667,0.000000
314.8,0.049122
314.833333,0.052384
314.866667,0.003051
314.9,0.002395
314.933333,0.001825
314.966667,0.000171
315,0.001446
315.033333,0.001225
315.066667,0.002952
315.1,0.001285
315.133333,0.001641
315.166667,0.000570
315.2,0.003323
315.233333,0.003037
315.266667,0.006551
315.3,0.000309
315.333333,0.000968
315.366667,0.000382
315.4,0.002493
315.433333,0.001125
315.466667,0.000199
315.5,0.000428
315.533333,0.000140
315.566667,0.000216
315.6,0.000161
315.633333,0.000095
315.666667,0.000074
315.7,0.000010
315.733333,0.000083
315.766667,0.000072
315.8,0.000010
315.833333,0.000020
315.866667,0.000002
315.9,0.000000
315.933333,0.000000
315.966667,0.000000
316,0.000000
316.033333,0.000000
316.066667,0.000000
316.1,0.000000
316.133333,0.000000
316.166667,0.000000
316.2,0.000000
316.233333,0.000000
316.266667,0.000000
316.3,0.000000
316.333333,0.000000
316.366667,0.000334
316.4,0.000149
316.433333,0.000136
316.466667,0.000134
316.5,0.000123
316.533333,0.000129
316.566667,0.000002
316.6,0.000115
316.633333,0.000110
316.666667,0.000010
316.7,0.000003
316.733333,0.000016
316.766667,0.000106
316.8,0.000110
316.833333,0.040416
316.866667,0.000657
316.9,0.000003
316.933333,0.000009
316.966667,0.000005
317,0.000008
317.033333,0.000129
317.066667,0.000010
317.1,0.000015
317.133333,0.000132
317.166667,0.000020
317.2,0.000147
317.233333,0.000157
317.266667,0.000304
317.3,0.000537
317.333333,0.002707
317.366667,0.000022
317.4,0.000003
317.433333,0.000000
317.466667,0.000000
317.5,0.000000
317.533333,0.000000
317.566667,0.000000
317.6,0.000000
317.633333,0.000000
317.666667,0.000000
317.7,0.000000
317.733333,0.000000
317.766667,0.000000
317.8,0.000000
317.833333,0.000000
317.866667,0.000000
317.9,0.000000
317.933333,0.000000
317.966667,0.000000
318,0.000000
318.033333,0.000000
318.066667,0.000000
318.1,0.000000
318.133333,0.000000
318.166667,0.000000
318.2,0.000000
318.233333,0.000000
318.266667,0.000000
318.3,0.000000
318.333333,0.000194
318.366667,0.000031
318.4,0.000003
318.433333,0.000020
318.466667,0.000006
318.5,0.000012
318.533333,0.000005
318.566667,0.000004
318.6,0.000010
318.633333,0.000002
318.666667,0.000000
318.7,0.000000
318.733333,0.000007
318.766667,0.000006
318.8,0.000001
318.833333,0.000006
318.866667,0.000002
318.9,0.053651
318.933333,0.000286
318.966667,0.000001
319,0.000010
319.033333,0.000002
319.066667,0.000006
319.1,0.000013
319.133333,0.000001
319.166667,0.000010
319.2,0.000014
319.233333,0.000021
319.266667,0.000053
319.3,0.000238
319.333333,0.000022
319.366667,0.000003
319.4,0.000001
319.433333,0.000000
319.466667,0.000000
319.5,0.000000
319.533333,0.000000
319.566667,0.000000
319.6,0.000000
319.633333,0.000000
319.666667,0.000000
319.7,0.000000
319.733333,0.000000
319.766667,0.000000
319.8,0.000000
319.833333,0.000000
319.866667,0.000000
319.9,0.000000
319.933333,0.000000
319.966667,0.000000
320,0.000397
320.033333,0.000019
320.066667,0.028593
320.1,0.000012
320.133333,0.000006
320.166667,0.000001
320.2,0.000000
320.233333,0.000000
320.266667,0.000000
320.3,0.000000
320.333333,0.000000
320.366667,0.000000
320.4,0.000000
320.433333,0.000000
320.466667,0.000000
320.5,0.000000
320.533333,0.000000
320.566667,0.000000
320.6,0.000000
320.633333,0.000000
320.666667,0.000000
320.7,0.000000
320.733333,0.000000
320.766667,0.000000
320.8,0.000000
320.833333,0.000000
320.866667,0.000000
320.9,0.000000
320.933333,0.000000
320.966667,0.000000
321,0.000000
321.033333,0.000000
321.066667,0.000000
321.1,0.000000
321.133333,0.000000
321.166667,0.000000
321.2,0.000000
321.233333,0.000000
321.266667,0.000000
321.3,0.000000
321.333333,0.000000
321.366667,0.000000
321.4,0.000000
321.433333,0.000000
321.466667,0.000000
321.5,0.000000
321.533333,0.000000
321.566667,0.000000
321.6,0.000000
321.633333,0.000000
321.666667,0.000000
321.7,0.000000
321.733333,0.000000
321.766667,0.000000
321.8,0.000000
321.833333,0.167596
321.866667,0.032154
321.9,0.000932
321.933333,0.001825
321.966667,0.004942
322,0.002097
322.033333,0.003200
322.066667,0.002518
322.1,0.000127
322.133333,0.000604
322.166667,0.002377
322.2,0.005095
322.233333,0.005362
322.266667,0.006157
322.3,0.006708
322.333333,0.000888
322.366667,0.002210
322.4,0.003262
322.433333,0.002712
322.466667,0.001881
322.5,0.001689
322.533333,0.000197
322.566667,0.004275
322.6,0.010269
322.633333,0.006739
322.666667,0.003138
322.7,0.006305
322.733333,0.007187
322.766667,0.006200
322.8,0.001030
322.833333,0.000035
322.866667,0.000181
322.9,0.000141
322.933333,0.000018
322.966667,0.000433
323,0.000548
323.033333,0.002628
323.066667,0.000012
323.1,0.000005
323.133333,0.053390
323.166667,0.000013
323.2,0.000007
323.233333,0.000001
323.266667,0.000000
323.3,0.000000
323.333333,0.000000
323.366667,0.000000
323.4,0.000000
323.433333,0.000000
323.466667,0.000000
323.5,0.000000
323.533333,0.000000
323.566667,0.000000
323.6,0.000000
323.633333,0.000000
323.666667,0.000000
323.7,0.000000
323.733333,0.000000
323.766667,0.000000
323.8,0.000000
323.833333,0.000000
323.866667,0.000000
323.9,0.000000
323.933333,0.000000
323.966667,0.000000
324,0.000000
324.033333,0.000000
324.066667,0.000000
324.1,0.000000
324.133333,0.000000
324.166667,0.000000
324.2,0.000000
324.233333,0.000000
324.266667,0.000000
324.3,0.000000
324.333333,0.000000
324.366667,0.000000
324.4,0.000000
324.433333,0.000000
324.466667,0.000000
324.5,0.000000
324.533333,0.000000
324.566667,0.000000
324.6,0.000000
324.633333,0.000000
324.666667,0.000000
324.7,0.000000
324.733333,0.000000
324.766667,0.000000
324.8,0.000000
324.833333,0.000000
324.866667,0.000000
324.9,0.000000
324.933333,0.000000
324.966667,0.000000
325,0.000000
325.033333,0.000000
325.066667,0.000000
325.1,0.000000
325.133333,0.000000
325.166667,0.000000
325.2,0.060144
325.233333,0.000010
325.266667,0.000005
325.3,0.000001
325.333333,0.000000
325.366667,0.000000
325.4,0.000000
325.433333,0.000000
325.466667,0.000000
325.5,0.000000
325.533333,0.000000
325.566667,0.000000
325.6,0.000000
325.633333,0.000000
325.666667,0.000000
325.7,0.000000
325.733333,0.000000
325.766667,0.000000
325.8,0.000000
325.833333,0.000000
325.866667,0.000000
325.9,0.000000
325.933333,0.000000
325.966667,0.000000
326,0.000000
326.033333,0.046057
326.066667,0.000016
326.1,0.000007
326.133333,0.000001
326.166667,0.000000
326.2,0.000000
326.233333,0.000000
326.266667,0.000000
326.3,0.000000
326.333333,0.000000
326.366667,0.000000
326.4,0.000000
326.433333,0.000000
326.466667,0.000000
326.5,0.000000
326.533333,0.000000
326.566667,0.000000
326.6,0.000000
326.633333,0.000000
326.666667,0.000000
326.7,0.000000
326.733333,0.000000
326.766667,0.000000
326.8,0.000000
326.833333,0.000000
326.866667,0.000000
326.9,0.000000
326.933333,0.000000
326.966667,0.000000
327,0.000000
327.033333,0.000000
327.066667,0.000000
327.1,0.000000
327.133333,0.000000
327.166667,0.000000
327.2,0.000000
327.233333,0.000000
327.266667,0.000000
327.3,0.000000
327.333333,0.000000
327.366667,0.000000
327.4,0.000000
327.433333,0.000000
327.466667,0.000000
327.5,0.000000
327.533333,0.000000
327.566667,0.000000
327.6,0.000000
327.633333,1.000000
327.666667,0.000103
327.7,0.000010
327.733333,0.000025
327.766667,0.000014
327.8,0.000002
327.833333,0.000001
327.866667,0.000000
327.9,0.000000
327.933333,0.000000
327.966667,0.000000
328,0.000264
328.033333,0.000018
328.066667,0.000005
328.1,0.000001
328.133333,0.109529
328.166667,0.000015
328.2,0.000006
328.233333,0.000001
328.266667,0.000000
328.3,0.000000
328.333333,0.000000
328.366667,0.000000
328.4,0.000000
328.433333,0.000000
328.466667,0.000000
328.5,0.000000
328.533333,0.000000
328.566667,0.000000
328.6,0.000000
328.633333,0.000000
328.666667,0.000000
328.7,0.000000
328.733333,0.000000
328.766667,0.000000
328.8,0.000000
328.833333,0.000000
328.866667,0.000000
328.9,0.000000
328.933333,0.000000
328.966667,0.000000
329,0.000000
329.033333,0.000000
329.066667,0.000000
329.1,0.000000
329.133333,0.000000
329.166667,0.000000
329.2,0.000000
329.233333,0.000000
329.266667,0.000000
329.3,0.000000
329.333333,0.033117
329.366667,0.000012
329.4,0.000006
329.433333,0.000001
329.466667,0.000000
329.5,0.000000
329.533333,0.000000
329.566667,0.000000
329.6,0.000000
329.633333,0.000000
329.666667,0.000000
329.7,0.000000
329.733333,0.000000
329.766667,0.000000
329.8,0.000000
329.833333,0.000000
329.866667,0.000000
329.9,0.000000
329.933333,0.000000
329.966667,0.000000
330,0.000000
330.033333,0.000000
330.066667,0.000000
330.1,0.000000
330.133333,0.000000
330.166667,0.000000
330.2,0.000000
330.233333,0.000000
330.266667,0.000000
330.3,0.000000
330.333333,0.000000
330.366667,0.000000
330.4,0.000000
330.433333,0.000000
330.466667,0.000000
330.5,0.000000
330.533333,0.000000
330.566667,0.000000
330.6,0.031021
330.633333,0.000013
330.666667,0.000006
330.7,0.000001
330.733333,0.000000
330.766667,0.000000
330.8,0.000000
330.833333,0.000000
330.866667,0.000000
330.9,0.000000
330.933333,0.000000
330.966667,0.000000
331,0.000000
331.033333,0.000000
331.066667,0.000000
331.1,0.000000
331.133333,0.000000
331.166667,0.000000
331.2,0.000000
331.233333,0.000000
331.266667,0.000000
331.3,0.000000
331.333333,0.000000
331.366667,0.000000
331.4,0.000000
331.433333,0.000000
331.466667,0.000000
331.5,0.000000
331.533333,0.000000
331.566667,0.000000
331.6,0.000000
331.633333,0.000000
331.666667,0.000000
331.7,0.000000
331.733333,0.000000
331.766667,0.000000
331.8,0.000000
331.833333,0.000000
331.866667,0.000000
331.9,0.000000
331.933333,0.000000
331.966667,0.000000
332,0.000000
332.033333,0.000000
332.066667,0.000000
332.1,0.000000
332.133333,0.000000
332.166667,0.000000
332.2,0.000000
332.233333,0.000000
332.266667,0.035675
332.3,0.000008
332.333333,0.000003
332.366667,0.000000
332.4,0.000000
332.433333,0.000000
332.466667,0.000000
332.5,0.000000
332.533333,0.000000
332.566667,0.000000
332.6,0.000000
332.633333,0.000000
332.666667,0.000000
332.7,0.000000
332.733333,0.000000
332.766667,0.000000
332.8,0.000000
332.833333,0.000000
332.866667,0.000000
332.9,0.000000
332.933333,0.000000
332.966667,0.000000
333,0.000000
333.033333,0.022456
333.066667,0.000011
333.1,0.000005
333.133333,0.000001
333.166667,0.000000
333.2,0.000000
333.233333,0.000000
333.266667,0.000000
333.3,0.000000
333.333333,0.000000
333.366667,0.000000
333.4,0.000000
333.433333,0.000000
333.466667,0.000000
333.5,0.000000
333.533333,0.000000
333.566667,0.000000
333.6,0.000000
333.633333,0.000000
333.666667,0.000000
333.7,0.000000
333.733333,0.000000
333.766667,0.000000
333.8,0.000000
333.833333,0.000000
333.866667,0.000000
333.9,0.000000
333.933333,0.000000
333.966667,0.000000
334,0.000000
334.033333,0.016164
334.066667,0.000010
334.1,0.000004
334.133333,0.000001
334.166667,0.000000
334.2,0.000000
334.233333,0.000000
334.266667,0.000000
334.3,0.000000
334.333333,0.000000
334.366667,0.000000
334.4,0.000000
334.433333,0.000000
334.466667,0.000000
334.5,0.000000
334.533333,0.000000
334.566667,0.000000
334.6,0.000000
334.633333,0.000000
334.666667,0.000000
334.7,0.000000
334.733333,0.000000
334.766667,0.000000
334.8,0.000000
334.833333,0.000000
334.866667,0.000000
334.9,0.000000
334.933333,0.000000
334.966667,0.000000
335,1.000000
335.033333,0.059341
335.066667,0.044398
335.1,0.002377
335.133333,0.000017
335.166667,0.000005
335.2,0.000002
335.233333,0.000000
335.266667,0.000000
335.3,0.000000
335.333333,0.000000
335.366667,0.000000
335.4,0.000000
335.433333,0.000000
335.466667,0.000000
335.5,0.000000
335.533333,0.000000
335.566667,0.000000
335.6,0.000000
335.633333,0.000000
335.666667,0.000000
335.7,0.000000
335.733333,0.000000
335.766667,0.000000
335.8,0.000000
335.833333,0.000000
335.866667,0.000000
335.9,0.000000
335.933333,0.000000
335.966667,0.000000
336,0.000085
336.033333,0.000004
336.066667,0.000001
336.1,0.000000
336.133333,0.000000
336.166667,0.000000
336.2,0.000000
336.233333,0.000000
336.266667,0.000000
336.3,0.000000
336.333333,0.000000
336.366667,0.000000
336.4,0.000000
336.433333,0.000000
336.466667,0.000000
336.5,0.000000
336.533333,0.000000
336.566667,0.000000
336.6,0.000000
336.633333,0.000000
336.666667,1.000000
336.7,0.000120
336.733333,0.000044
336.766667,0.000015
336.8,0.000014
336.833333,0.000003
336.866667,0.000001
336.9,0.000000
336.933333,0.000000
336.966667,0.000000
337,0.000000
337.033333,0.000000
337.066667,0.000000
337.1,0.000000
337.133333,0.000000
337.166667,0.000000
337.2,0.000000
337.233333,0.000000
337.266667,0.000000
337.3,0.000000
337.333333,0.000000
337.366667,0.000000
337.4,0.000000
337.433333,0.000000
337.466667,0.000000
337.5,0.000000
337.533333,0.000000
337.566667,0.000000
337.6,0.000000
337.633333,0.000000
337.666667,0.000000
337.7,0.000000
337.733333,0.000000
337.766667,0.039068
337.8,0.002038
337.833333,0.000240
337.866667,0.000144
337.9,0.000100
337.933333,0.000091
337.966667,0.000070
338,0.000054
338.033333,0.000054
338.066667,0.000045
338.1,0.000043
338.133333,0.000033
338.166667,0.000044
338.2,0.000024
338.233333,0.000032
338.266667,0.000028
338.3,0.000011
338.333333,0.000036
338.366667,0.000003
338.4,0.000029
338.433333,0.000009
338.466667,0.000016
338.5,0.000015
338.533333,0.000006
338.566667,0.000003
338.6,0.000017
338.633333,0.000002
338.666667,0.000002
338.7,0.000010
338.733333,0.000004
338.766667,0.000035
338.8,0.000016
338.833333,0.000003
338.866667,0.000000
338.9,0.000000
338.933333,0.000000
338.966667,0.000000
339,0.000000
339.033333,0.000000
339.066667,0.000000
339.1,0.000000
339.133333,0.000000
339.166667,0.000000
339.2,0.000000
339.233333,0.000000
339.266667,0.000000
339.3,0.000000
339.333333,0.000000
339.366667,0.000000
339.4,0.000000
339.433333,0.000000
339.466667,0.000000
339.5,0.000000
339.533333,0.000000
339.566667,0.000000
339.6,0.000000
339.633333,0.000000
339.666667,0.000000
339.7,0.000000
339.733333,0.000000
339.766667,0.000000
339.8,0.000000
339.833333,0.000000
339.866667,0.000000
339.9,0.000000
339.933333,0.000000
339.966667,0.000000
340,0.000000
340.033333,0.000000
340.066667,0.000000
340.1,0.000379
340.133333,0.000016
340.166667,0.000020
340.2,0.000015
340.233333,0.000013
340.266667,0.000015
340.3,0.000013
340.333333,0.000004
340.366667,0.000017
340.4,0.000015
340.433333,0.000003
340.466667,0.000007
340.5,0.000014
340.533333,0.030273
340.566667,0.000253
340.6,0.000014
340.633333,0.000002
340.666667,0.000004
340.7,0.000003
340.733333,0.000019
340.766667,0.000004
340.8,0.000002
340.833333,0.000002
340.866667,0.000006
340.9,0.000011
340.933333,0.000009
340.966667,0.000007
341,0.000007
341.033333,0.000004
341.066667,0.000009
341.1,0.000015
341.133333,0.000002
341.166667,0.000000
341.2,0.000000
341.233333,0.000000
341.266667,0.000000
341.3,0.000000
341.333333,0.000000
341.366667,0.000000
341.4,0.000000
341.433333,0.000000
341.466667,0.000000
341.5,0.000000
341.533333,0.000000
341.566667,0.000000
341.6,0.000000
341.633333,0.000000
341.666667,0.000000
341.7,0.000000
341.733333,0.000000
341.766667,0.000000
341.8,0.000000
341.833333,0.000000
341.866667,0.000000
341.9,0.000000
341.933333,0.000000
341.966667,0.000000
342,0.000000
342.033333,0.000000
342.066667,0.000000
342.1,0.000000
342.133333,0.000000
342.166667,0.000000
342.2,0.000000
342.233333,0.000000
342.266667,1.000000
342.3,0.000352
342.333333,0.000058
342.366667,0.000119
342.4,0.000042
342.433333,0.000055
342.466667,0.000039
342.5,0.000039
342.533333,0.000050
342.566667,0.000041
342.6,0.000036
342.633333,0.000033
342.666667,0.000045
342.7,0.000003
342.733333,0.000021
342.766667,0.000081
342.8,0.000033
342.833333,0.000036
342.866667,0.000092
342.9,0.000038
342.933333,0.000051
342.966667,0.000019
343,0.000034
343.033333,0.000062
343.066667,0.000023
343.1,0.000072
343.133333,0.000016
343.166667,0.000130
343.2,0.000139
343.233333,0.000211
343.266667,0.001490
343.3,0.000016
343.333333,0.000003
343.366667,0.000001
343.4,0.000000
343.433333,0.000000
343.466667,0.000000
343.5,0.000000
343.533333,0.000000
343.566667,0.000000
343.6,0.000000
343.633333,0.000000
343.666667,0.000000
343.7,0.000000
343.733333,0.000000
343.766667,0.000000
343.8,0.000000
343.833333,0.000000
343.866667,0.000000
343.9,0.000000
343.933333,0.000000
343.966667,0.000000
344,0.000318
344.033333,0.000017
344.066667,0.000005
344.1,0.000001
344.133333,0.000000
344.166667,0.033177
344.2,0.000012
344.233333,0.000006
344.266667,0.000001
344.3,0.000000
344.333333,0.000000
344.366667,0.000000
344.4,0.000000
344.433333,0.000000
344.466667,0.000000
344.5,0.000000
344.533333,0.000000
344.566667,0.000000
344.6,0.000000
344.633333,0.000000
344.666667,0.000000
344.7,0.000000
344.733333,0.000000
344.766667,0.000000
344.8,0.000000
344.833333,0.000000
344.866667,0.000000
344.9,0.000000
344.933333,0.000000
344.966667,0.000000
345,0.000000
345.033333,0.000000
345.066667,0.000000
345.1,0.000000
345.133333,0.000000
345.166667,0.000000
345.2,0.000000
345.233333,0.000000
345.266667,0.000000
345.3,0.000450
345.333333,0.000186
345.366667,0.000172
345.4,0.000176
345.433333,0.000087
345.466667,0.000001
345.5,0.000001
345.533333,0.000095
345.566667,0.000081
345.6,0.000078
345.633333,0.000064
345.666667,0.000074
345.7,0.000008
345.733333,0.000007
345.766667,0.032145
345.8,0.000764
345.833333,0.000065
345.866667,0.000169
345.9,0.000085
345.933333,0.000104
345.966667,0.000085
346,0.000079
346.033333,0.000099
346.066667,0.000109
346.1,0.000180
346.133333,0.000047
346.166667,0.000282
346.2,0.000395
346.233333,0.000506
346.266667,0.003743
346.3,0.000010
346.333333,0.000005
346.366667,0.000001
346.4,0.000000
346.433333,0.000000
346.466667,0.000000
346.5,0.000000
346.533333,0.000000
346.566667,0.000000
346.6,0.000000
346.633333,0.000000
346.666667,0.000000
346.7,0.000000
346.733333,0.000000
346.766667,0.000000
346.8,0.000000
346.833333,0.000000
346.866667,0.000000
346.9,0.000000
346.933333,0.000000
346.966667,0.000000
347,0.000000
347.033333,0.000000
347.066667,0.000000
347.1,0.000000
347.133333,0.000000
347.166667,0.000000
347.2,0.000000
347.233333,0.000000
347.266667,0.045263
347.3,0.000009
347.333333,0.000004
347.366667,0.000001
347.4,0.000000
347.433333,0.000000
347.466667,0.000000
347.5,0.000000
347.533333,0.000000
347.566667,0.000000
347.6,0.000000
347.633333,0.000000
347.666667,0.000000
347.7,0.000000
347.733333,0.000000
347.766667,0.000000
347.8,0.000000
347.833333,0.000000
347.866667,0.000000
347.9,0.000000
347.933333,0.000000
347.966667,0.000000
348,0.000000
348.033333,0.000000
348.066667,0.000000
348.1,0.000000
348.133333,0.000000
348.166667,0.000000
348.2,0.000000
348.233333,0.000000
348.266667,0.000000
348.3,0.000000
348.333333,0.000000
348.366667,0.000000
348.4,0.000000
348.433333,0.000000
348.466667,0.000000
348.5,0.000000
348.533333,0.000000
348.566667,0.000000
348.6,0.000000
348.633333,0.000000
348.666667,0.200297
348.7,0.000109
348.733333,0.000035
348.766667,0.000015
348.8,0.000003
348.833333,0.000001
348.866667,0.000000
348.9,0.000000
348.933333,0.000000
348.966667,0.000000
349,0.000000
349.033333,0.000000
349.066667,0.000000
349.1,0.000000
349.133333,0.000000
349.166667,0.000000
349.2,0.000000
349.233333,0.000000
349.266667,0.002244
349.3,0.000178
349.333333,0.000140
349.366667,0.000122
349.4,0.048581
349.433333,0.001750
349.466667,0.000029
349.5,0.000029
349.533333,0.000052
349.566667,0.000103
349.6,0.000219
349.633333,0.000313
349.666667,0.000585
349.7,0.000009
349.733333,0.000035
349.766667,0.000049
349.8,0.000107
349.833333,0.000209
349.866667,0.000033
349.9,0.000015
349.933333,0.000002
349.966667,0.000000
350,0.000000
350.033333,0.000000
350.066667,0.000000
350.1,0.000000
350.133333,0.000000
350.166667,0.000000
350.2,0.000000
350.233333,0.000000
350.266667,0.000000
350.3,0.000000
350.333333,0.000000
350.366667,0.000000
350.4,0.000000
350.433333,0.000000
350.466667,0.000000
350.5,0.000000
350.533333,0.000000
350.566667,0.000000
350.6,0.000000
350.633333,0.000000
350.666667,0.000000
350.7,0.000000
350.733333,0.000000
350.766667,0.000000
350.8,0.000000
350.833333,0.000000
350.866667,0.000000
350.9,0.000000
350.933333,0.000000
350.966667,0.000000
351,0.000000
351.033333,0.000000
351.066667,0.000000
351.1,0.000000
351.133333,0.000000
351.166667,0.000000
351.2,0.000000
351.233333,0.203830
351.266667,0.000019
351.3,0.000006
351.333333,0.000002
351.366667,0.000000
351.4,0.000000
351.433333,0.000000
351.466667,0.000000
351.5,0.000000
351.533333,0.000000
351.566667,0.000000
351.6,0.000000
351.633333,0.000000
351.666667,0.000000
351.7,0.000000
351.733333,0.000000
351.766667,0.000000
351.8,0.000000
351.833333,0.000000
351.866667,0.000000
351.9,0.000000
351.933333,0.000000
351.966667,0.000000
352,0.000063
352.033333,0.000006
352.066667,0.000002
352.1,0.066887
352.133333,0.000531
352.166667,0.000002
352.2,0.000001
352.233333,0.000151
352.266667,0.000145
352.3,0.000000
352.333333,0.000152
352.366667,0.000003
352.4,0.000142
352.433333,0.000150
352.466667,0.000001
352.5,0.000001
352.533333,0.000005
352.566667,0.000005
352.6,0.000147
352.633333,0.000000
352.666667,0.000136
352.7,0.000288
352.733333,0.000132
352.766667,0.000004
352.8,0.000151
352.833333,0.000151
352.866667,0.000009
352.9,0.000014
352.933333,0.000160
352.966667,0.000159
353,0.000316
353.033333,0.000327
353.066667,0.000794
353.1,0.005298
353.133333,0.000011
353.166667,0.000005
353.2,0.000001
353.233333,0.000000
353.266667,0.000000
353.3,0.000000
353.333333,0.000000
353.366667,0.000000
353.4,0.000000
353.433333,0.000000
353.466667,0.000000
353.5,0.000000
353.533333,0.000000
353.566667,0.000000
353.6,0.000000
353.633333,0.000000
353.666667,0.000000
353.7,0.000000
353.733333,0.000000
353.766667,0.000000
353.8,0.000000
353.833333,0.000000
353.866667,0.000000
353.9,0.000000
353.933333,0.000000
353.966667,0.000000
354,0.000000
354.033333,0.000000
354.066667,0.000000
354.1,0.000000
354.133333,0.066812
354.166667,0.000007
354.2,0.000003
354.233333,0.000001
354.266667,0.000000
354.3,0.000000
354.333333,0.000000
354.366667,0.000000
354.4,0.000000
354.433333,0.000000
354.466667,0.000000
354.5,0.000000
354.533333,0.000000
354.566667,0.000000
354.6,0.000000
354.633333,0.000000
354.666667,0.000000
354.7,0.000000
354.733333,0.000000
354.766667,0.000000
354.8,0.000000
354.833333,0.000000
354.866667,0.000000
354.9,0.000000
354.933333,0.013352
354.966667,0.000007
355,0.000003
355.033333,0.000001
355.066667,0.000000
355.1,0.000000
355.133333,0.000000
355.166667,0.000000
355.2,0.000000
355.233333,0.000000
355.266667,0.000000
355.3,0.000000
355.333333,0.000000
355.366667,0.000000
355.4,0.000000
355.433333,0.000000
355.466667,0.000000
355.5,0.000000
355.533333,0.000000
355.566667,0.000000
355.6,0.000000
355.633333,0.000000
355.666667,0.000000
355.7,0.000000
355.733333,0.000000
355.766667,0.000000
355.8,0.000000
355.833333,0.000000
355.866667,0.000000
355.9,0.000000
355.933333,0.000000
355.966667,1.000000
356,0.000043
356.033333,0.000012
356.066667,0.000006
356.1,0.000001
356.133333,0.000000
356.166667,0.000000
356.2,0.000000
356.233333,0.000000
356.266667,0.000000
356.3,0.000000
356.333333,0.000000
356.366667,0.000000
356.4,0.000000
356.433333,0.000000
356.466667,0.000000
356.5,0.000000
356.533333,0.000000
356.566667,0.000000
356.6,0.000000
356.633333,0.000000
356.666667,0.000000
356.7,0.000000
356.733333,0.000000
356.766667,0.000000
356.8,0.000000
356.833333,0.000000
356.866667,0.000000
356.9,0.000000
356.933333,0.000000
356.966667,0.000000
357,0.000000
357.033333,0.000000
357.066667,0.000000
357.1,0.000000
357.133333,0.000000
357.166667,0.000000
357.2,0.000000
357.233333,0.000000
357.266667,0.000000
357.3,0.000000
357.333333,0.000000
357.366667,0.000000
357.4,0.000000
357.433333,0.000000
357.466667,0.000000
357.5,0.000000
357.533333,0.000000
357.566667,0.000000
357.6,0.000000
357.633333,0.000000
357.666667,0.029211
357.7,0.000015
357.733333,0.000007
357.766667,0.000001
357.8,0.000000
357.833333,0.000000
357.866667,0.000000
357.9,0.000000
357.933333,0.000000
357.966667,0.000000
358,0.000000
358.033333,0.000000
358.066667,0.000000
358.1,0.000000
358.133333,0.000000
358.166667,0.000000
358.2,0.000000
358.233333,0.000000
358.266667,0.000000
358.3,0.000000
358.333333,0.000000
358.366667,0.000000
358.4,0.000000
358.433333,0.000000
358.466667,0.000000
358.5,0.000000
358.533333,0.000000
358.566667,0.000000
358.6,0.000000
358.633333,0.000000
358.666667,0.000000
358.7,0.000000
358.733333,0.000000
358.766667,0.000000
358.8,0.000000
358.833333,0.000000
358.866667,0.000000
358.9,0.000000
358.933333,0.000000
358.966667,0.000000
359,0.000000
359.033333,0.000000
359.066667,0.000000
359.1,0.000000
359.133333,0.000000
359.166667,0.000000
359.2,0.000000
359.233333,0.000000
359.266667,0.000000
359.3,0.000000
359.333333,0.000000
359.366667,0.000000
359.4,0.000000
359.433333,0.000000
359.466667,0.000000
359.5,0.000000
359.533333,0.000000
359.566667,0.000000
359.6,0.000000
359.633333,1.000000
359.666667,0.000019
359.7,0.000168
359.733333,0.000155
359.766667,0.000099
359.8,0.000034
359.833333,0.000006
359.866667,0.000001
359.9,0.000051
359.933333,0.000051
359.966667,0.000001
360,0.001116
360.033333,0.000063
360.066667,0.000022
360.1,0.000005
360.133333,0.000001
360.166667,0.000000
360.2,0.000000
360.233333,0.000000
360.266667,0.000000
360.3,0.000001
360.333333,0.000051
360.366667,0.000015
360.4,0.035756
360.433333,0.000027
360.466667,0.000010
360.5,0.000001
360.533333,0.000001
360.566667,0.000001
360.6,0.000000
360.633333,0.000001
360.666667,0.000003
360.7,0.000000
360.733333,0.000000
360.766667,0.000000
360.8,0.000000
360.833333,0.000000
360.866667,0.000000
360.9,0.000000
360.933333,0.000000
360.966667,0.000000
361,0.000000
361.033333,0.000000
361.066667,0.000000
361.1,0.000000
361.133333,0.000000
361.166667,0.000000
361.2,0.000000
361.233333,0.000000
361.266667,0.000000
361.3,0.000000
361.333333,0.000000
361.366667,0.000000
361.4,0.000000
361.433333,0.000000
361.466667,0.000043
361.5,0.000000
361.533333,0.000001
361.566667,0.000014
361.6,0.000042
361.633333,0.000001
361.666667,0.000001
361.7,0.000002
361.733333,0.000001
361.766667,0.000000
361.8,0.000014
361.833333,0.000039
361.866667,0.028992
361.9,0.000071
361.933333,0.000013
361.966667,0.000002
362,0.000001
362.033333,0.000001
362.066667,0.000002
362.1,0.000012
362.133333,0.000012
362.166667,0.000001
362.2,0.000001
362.233333,0.000002
362.266667,0.000001
362.3,0.000148
362.333333,0.000036
362.366667,0.000013
362.4,0.000009
362.433333,0.000002
362.466667,0.000072
362.5,0.000016
362.533333,0.000007
362.566667,0.000010
362.6,0.000011
362.633333,0.000009
362.666667,0.000011
362.7,0.000032
362.733333,0.000014
362.766667,0.000015
362.8,0.000013
362.833333,0.000038
362.866667,0.000088
362.9,0.000046
362.933333,0.000098
362.966667,0.049937
363,0.000858
363.033333,0.000183
363.066667,0.000991
363.1,0.000622
363.133333,0.000045
363.166667,0.000250
363.2,0.000284
363.233333,0.001104
363.266667,0.000461
363.3,0.000110
363.333333,0.000696
363.366667,0.000124
363.4,0.000482
363.433333,0.000445
363.466667,0.000142
363.5,0.000112
363.533333,0.000048
363.566667,0.000041
363.6,0.000013
363.633333,0.000000
363.666667,0.000000
363.7,0.000000
363.733333,0.000000
363.766667,0.000000
363.8,0.000000
363.833333,0.000000
363.866667,0.000000
363.9,0.000000
363.933333,0.000000
363.966667,0.000000
364,0.000000
364.033333,0.000000
364.066667,0.000000
364.1,0.000000
364.133333,0.000000
364.166667,0.000000
364.2,0.000000
364.233333,0.000000
364.266667,0.000000
364.3,0.000000
364.333333,0.000000
364.366667,0.000000
364.4,0.000000
364.433333,0.000000
364.466667,0.000000
364.5,0.000000
364.533333,0.000000
364.566667,0.000000
364.6,0.000000
364.633333,0.000000
364.666667,0.000000
364.7,0.000000
364.733333,0.000000
364.766667,0.000000
364.8,0.000000
364.833333,0.000000
364.866667,0.000000
364.9,0.000000
364.933333,0.060600
364.966667,0.000047
365,0.000019
365.033333,0.000004
365.066667,0.000001
365.1,0.000000
365.133333,0.000000
365.166667,0.000000
365.2,0.000000
365.233333,0.000000
365.266667,0.000000
365.3,0.000000
365.333333,0.000000
365.366667,0.000000
365.4,0.000000
365.433333,0.000000
365.466667,0.000000
365.5,0.000000
365.533333,0.000000
365.566667,0.000000
365.6,0.028634
365.633333,0.000023
365.666667,0.000007
365.7,0.000001
365.733333,0.000000
365.766667,0.000000
365.8,0.000000
365.833333,0.000000
365.866667,0.000000
365.9,0.000000
365.933333,0.000000
365.966667,0.000000
366,0.000000
366.033333,0.000000
366.066667,0.000000
366.1,0.000000
366.133333,0.000000
366.166667,0.000000
366.2,0.000000
366.233333,0.000000
366.266667,0.000000
366.3,0.000000
366.333333,0.000000
366.366667,0.000000
366.4,0.000000
366.433333,0.000000
366.466667,0.000000
366.5,0.000000
366.533333,0.000000
366.566667,0.000000
366.6,0.000000
366.633333,0.000000
366.666667,0.000000
366.7,0.000000
366.733333,0.000000
366.766667,0.000000
366.8,0.000000
366.833333,0.000000
366.866667,0.051179
366.9,0.000030
366.933333,0.000015
366.966667,0.000002
367,0.000000
367.033333,0.000000
367.066667,0.000000
367.1,0.000000
367.133333,0.000000
367.166667,0.000000
367.2,0.000000
367.233333,0.000000
367.266667,0.000000
367.3,0.000000
367.333333,0.000000
367.366667,0.000000
367.4,0.000000
367.433333,0.000000
367.466667,0.000000
367.5,0.000000
367.533333,0.000000
367.566667,0.000000
367.6,0.000000
367.633333,0.000000
367.666667,0.000000
367.7,0.000000
367.733333,0.000000
367.766667,0.000000
367.8,0.000000
367.833333,0.000000
367.866667,0.000000
367.9,0.000000
367.933333,0.000000
367.966667,0.000000
368,0.000135
368.033333,0.000056
368.066667,0.000016
368.1,0.000005
368.133333,0.000001
368.166667,0.000000
368.2,0.000000
368.233333,0.000000
368.266667,0.000000
368.3,0.000000
368.333333,0.000000
368.366667,0.000000
368.4,0.000000
368.433333,0.000000
368.466667,0.000000
368.5,0.000000
368.533333,0.000000
368.566667,0.000000
368.6,0.000000
368.633333,0.000000
368.666667,0.000000
368.7,0.000000
368.733333,0.000000
368.766667,0.000000
368.8,0.000000
368.833333,0.000000
368.866667,0.000000
368.9,0.000000
368.933333,0.000000
368.966667,0.077802
369,0.000210
369.033333,0.000055
369.066667,0.000012
369.1,0.000005
369.133333,0.000073
369.166667,0.000048
369.2,0.000012
369.233333,0.000042
369.266667,0.000041
369.3,0.000413
369.333333,0.000024
369.366667,0.000003
369.4,0.000003
369.433333,0.000010
369.466667,0.000000
369.5,0.000000
369.533333,0.000000
369.566667,0.000000
369.6,0.000000
369.633333,0.000000
369.666667,0.000000
369.7,0.000000
369.733333,0.000000
369.766667,0.000000
369.8,0.000000
369.833333,0.000000
369.866667,0.000000
369.9,0.000000
369.933333,0.000000
369.966667,0.000000
370,0.000000
370.033333,0.000000
370.066667,0.000000
370.1,0.000000
370.133333,0.000000
370.166667,0.000000
370.2,0.000000
370.233333,0.000000
370.266667,0.000000
370.3,0.000000
370.333333,0.000000
370.366667,0.000000
370.4,0.000000
370.433333,0.000000
370.466667,0.000000
370.5,0.000000
370.533333,0.000000
370.566667,0.000000
370.6,0.000000
370.633333,0.000000
370.666667,0.000000
370.7,0.045423
370.733333,0.000040
370.766667,0.000018
370.8,0.000003
370.833333,0.000001
370.866667,0.000000
370.9,0.000000
370.933333,0.000000
370.966667,0.000000
371,0.000000
371.033333,0.000043
371.066667,0.000037
371.1,0.000117
371.133333,0.000092
371.166667,0.000026
371.2,0.000010
371.233333,0.000026
371.266667,0.000012
371.3,0.000036
371.333333,0.000001
371.366667,0.000007
371.4,0.000025
371.433333,0.000016
371.466667,0.000014
371.5,0.000038
371.533333,0.000012
371.566667,0.000016
371.6,0.000031
371.633333,0.000079
371.666667,0.048501
371.7,0.001205
371.733333,0.000534
371.766667,0.000180
371.8,0.000312
371.833333,0.000503
371.866667,0.000590
371.9,0.000615
371.933333,0.000875
371.966667,0.000437
372,0.000281
372.033333,0.000312
372.066667,0.000124
372.1,0.000326
372.133333,0.000119
372.166667,0.000038
372.2,0.000227
372.233333,0.000280
372.266667,0.000168
372.3,0.000371
372.333333,0.000376
372.366667,0.000107
372.4,0.000156
372.433333,0.000100
372.466667,0.000099
372.5,0.000491
372.533333,0.000229
372.566667,0.000017
372.6,0.000099
372.633333,0.000025
372.666667,0.000012
372.7,0.000000
372.733333,0.000000
372.766667,0.000000
372.8,0.000000
372.833333,0.000000
372.866667,0.000000
372.9,0.000000
372.933333,0.000000
372.966667,0.000000
373,0.000000
373.033333,0.000000
373.066667,0.000000
373.1,0.000000
373.133333,0.000000
373.166667,0.000000
373.2,0.000000
373.233333,0.000000
373.266667,0.053763
373.3,0.000047
373.333333,0.000020
373.366667,0.000004
373.4,0.000001
373.433333,0.000000
373.466667,0.000000
373.5,0.000000
373.533333,0.000000
373.566667,0.000000
373.6,0.000000
373.633333,0.000000
373.666667,0.000000
373.7,0.000000
373.733333,0.000000
373.766667,0.000000
373.8,0.000000
373.833333,0.000000
373.866667,0.000000
373.9,0.000000
373.933333,0.000000
373.966667,0.000000
374,0.066875
374.033333,0.000031
374.066667,0.000015
374.1,0.000003
374.133333,0.000000
374.166667,0.000000
374.2,0.000000
374.233333,0.000000
374.266667,0.000000
374.3,0.000000
374.333333,0.000000
374.366667,0.000000
374.4,0.000000
374.433333,0.000000
374.466667,0.000000
374.5,0.000000
374.533333,0.000000
374.566667,0.000000
374.6,0.000000
374.633333,0.000000
374.666667,0.000000
374.7,0.000000
374.733333,0.000000
374.766667,0.000000
374.8,0.000000
374.833333,0.000000
374.866667,0.000000
374.9,0.000000
374.933333,0.000000
374.966667,0.000000
375,0.000000
375.033333,0.000000
375.066667,0.000000
375.1,0.000000
375.133333,0.000000
375.166667,0.000000
375.2,0.000000
375.233333,0.000000
375.266667,0.000000
375.3,0.000000
375.333333,0.000000
375.366667,0.000000
375.4,0.000000
375.433333,0.000000
375.466667,0.000000
375.5,0.000000
375.533333,0.000000
375.566667,0.000000
375.6,0.000000
375.633333,0.000000
375.666667,0.000000
375.7,0.000000
375.733333,0.000000
375.766667,0.000000
375.8,0.000000
375.833333,0.000000
375.866667,0.000000
375.9,0.000000
375.933333,0.000000
375.966667,0.283168
376,0.000142
376.033333,0.000007
376.066667,0.000002
376.1,0.000001
376.133333,0.000000
376.166667,0.000000
376.2,0.000000
376.233333,0.000000
376.266667,0.000000
376.3,0.000000
376.333333,0.000000
376.366667,0.000000
376.4,0.000000
376.433333,0.000000
376.466667,0.000000
376.5,0.000000
376.533333,0.000000
376.566667,0.000000
376.6,0.000000
376.633333,0.000000
376.666667,0.000000
376.7,0.000000
376.733333,0.000000
376.766667,0.000000
376.8,0.000000
376.833333,0.000000
376.866667,0.000000
376.9,0.000000
376.933333,0.000000
376.966667,0.000000
377,0.000000
377.033333,0.000000
377.066667,0.000000
377.1,0.000000
377.133333,0.000000
377.166667,0.000000
377.2,0.000000
377.233333,0.000000
377.266667,0.000000
377.3,0.000000
377.333333,0.000000
377.366667,0.000000
377.4,0.000000
377.433333,0.000000
377.466667,0.000000
377.5,0.000000
377.533333,0.000000
377.566667,0.000000
377.6,0.000000
377.633333,0.000000
377.666667,0.000000
377.7,0.000000
377.733333,0.000000
377.766667,0.059015
377.8,0.000007
377.833333,0.000002
377.866667,0.000001
377.9,0.000000
377.933333,0.000000
377.966667,0.000000
378,0.000000
378.033333,0.000000
378.066667,0.000000
378.1,0.000000
378.133333,0.000000
378.166667,0.000000
378.2,0.000000
378.233333,0.000000
378.266667,0.000000
378.3,0.000000
378.333333,0.000000
378.366667,0.000000
378.4,0.000000
378.433333,0.000000
378.466667,0.000000
378.5,0.000000
378.533333,0.000000
378.566667,0.000000
378.6,0.000000
378.633333,0.000000
378.666667,0.000000
378.7,0.000000
378.733333,0.000000
378.766667,0.000000
378.8,0.035468
378.833333,0.000009
378.866667,0.000003
378.9,0.000001
378.933333,0.000000
378.966667,0.000000
379,0.000000
379.033333,0.000000
379.066667,0.000000
379.1,0.000000
379.133333,0.000000
379.166667,0.000000
379.2,0.000000
379.233333,0.000000
379.266667,0.000000
379.3,0.000000
379.333333,0.000000
379.366667,0.000000
379.4,0.000000
379.433333,0.000000
379.466667,0.000000
379.5,0.000000
379.533333,0.000000
379.566667,0.000000
379.6,0.000000
379.633333,0.000000
379.666667,0.000000
379.7,0.000000
379.733333,0.000000
379.766667,0.000000
379.8,0.000000
379.833333,0.000000
379.866667,0.000000
379.9,0.000000
379.933333,0.000000
379.966667,0.000000
380,0.000000
380.033333,0.000000
380.066667,0.000000
380.1,0.000000
380.133333,0.000000
380.166667,0.000000
380.2,0.000000
380.233333,0.000000
380.266667,0.000000
380.3,0.030682
380.333333,0.000008
380.366667,0.000002
380.4,0.000001
380.433333,0.000000
380.466667,0.000000
380.5,0.000000
380.533333,0.000000
380.566667,0.000000
380.6,0.000000
380.633333,0.000000
380.666667,0.000000
380.7,0.000000
380.733333,0.000000
380.766667,0.000000
380.8,0.000000
380.833333,0.000000
380.866667,0.000000
380.9,0.000000
380.933333,0.000000
380.966667,0.000000
381,0.000000
381.033333,0.000000
381.066667,0.000000
381.1,0.000000
381.133333,0.000000
381.166667,0.000000
381.2,0.000000
381.233333,0.000000
381.266667,0.000000
381.3,0.000000
381.333333,0.000000
381.366667,0.030620
381.4,0.000005
381.433333,0.000002
381.466667,0.000001
381.5,0.000000
381.533333,0.000000
381.566667,0.000000
381.6,0.000000
381.633333,0.000000
381.666667,0.000000
381.7,0.000000
381.733333,0.000000
381.766667,0.000000
381.8,0.000000
381.833333,0.000000
381.866667,0.000000
381.9,0.039593
381.933333,0.000009
381.966667,0.000003
382,0.000001
382.033333,0.000000
382.066667,0.000000
382.1,0.000000
382.133333,0.000000
382.166667,0.000000
382.2,0.000000
382.233333,0.000000
382.266667,0.000000
382.3,0.000000
382.333333,0.000000
382.366667,0.000000
382.4,0.000000
382.433333,0.000000
382.466667,0.000000
382.5,0.000000
382.533333,0.000000
382.566667,0.000000
382.6,0.000000
382.633333,0.000000
382.666667,0.000000
382.7,0.001526
382.733333,0.000486
382.766667,0.000101
382.8,0.000016
382.833333,0.000075
382.866667,0.000005
382.9,0.000007
382.933333,0.000018
382.966667,0.000063
383,0.000093
383.033333,0.000069
383.066667,0.000052
383.1,0.000030
383.133333,0.000021
383.166667,0.025391
383.2,0.000958
383.233333,0.000018
383.266667,0.000041
383.3,0.000011
383.333333,0.000014
383.366667,0.000120
383.4,0.000020
383.433333,0.000035
383.466667,0.000042
383.5,0.000116
383.533333,0.000074
383.566667,0.000083
383.6,0.000317
383.633333,0.000351
383.666667,0.001994
383.7,0.000024
383.733333,0.000008
383.766667,0.000003
383.8,0.000000
383.833333,0.000000
383.866667,0.000000
383.9,0.000000
383.933333,0.000000
383.966667,0.000000
384,0.000143
384.033333,0.000010
384.066667,0.000003
384.1,0.000001
384.133333,0.000000
384.166667,0.000000
384.2,0.000000
384.233333,0.000000
384.266667,0.000000
384.3,0.000000
384.333333,0.000000
384.366667,0.000000
384.4,0.000000
384.433333,0.000000
384.466667,0.001289
384.5,0.000449
384.533333,0.000119
384.566667,0.000074
384.6,0.000028
384.633333,0.000037
384.666667,0.000027
384.7,0.000013
384.733333,0.000017
384.766667,0.000024
384.8,0.000023
384.833333,0.000340
384.866667,0.000680
384.9,0.000032
384.933333,0.025364
384.966667,0.001279
385,0.000554
385.033333,0.000183
385.066667,0.000109
385.1,0.000014
385.133333,0.000016
385.166667,0.000197
385.2,0.000074
385.233333,0.000199
385.266667,0.000111
385.3,0.000023
385.333333,0.000005
385.366667,0.000244
385.4,0.000074
385.433333,0.000760
385.466667,0.000637
385.5,0.000036
385.533333,0.000123
385.566667,0.000113
385.6,0.000004
385.633333,0.000000
385.666667,0.000000
385.7,0.000000
385.733333,0.000000
385.766667,0.000000
385.8,0.000000
385.833333,0.000000
385.866667,0.000000
385.9,0.000000
385.933333,0.000000
385.966667,0.000000
386,0.000000
386.033333,0.000000
386.066667,0.000000
386.1,0.000000
386.133333,0.000000
386.166667,0.014709
386.2,0.000006
386.233333,0.000002
386.266667,0.041832
386.3,0.000014
386.333333,0.000006
386.366667,0.000001
386.4,0.000000
386.433333,0.000000
386.466667,0.000000
386.5,0.000000
386.533333,0.000000
386.566667,0.000000
386.6,0.000000
386.633333,0.000000
386.666667,0.000000
386.7,0.000000
386.733333,0.000000
386.766667,0.000000
386.8,0.000000
386.833333,0.000000
386.866667,0.000000
386.9,0.000000
386.933333,0.000000
386.966667,0.000000
387,0.000000
387.033333,0.000000
387.066667,0.000000
387.1,0.000000
387.133333,0.000000
387.166667,0.000000
387.2,0.000000
387.233333,0.000000
387.266667,0.000000
387.3,0.000000
387.333333,0.000000
387.366667,0.000000
387.4,0.000000
387.433333,0.000000
387.466667,0.000000
387.5,0.000000
387.533333,0.000000
387.566667,0.000000
387.6,0.000000
387.633333,0.000000
387.666667,0.000000
387.7,0.000000
387.733333,0.000000
387.766667,0.000000
387.8,0.000000
387.833333,0.000000
387.866667,0.000000
387.9,0.000000
387.933333,0.000000
387.966667,0.000000
388,0.000000
388.033333,0.000000
388.066667,0.051456
388.1,0.000007
388.133333,0.000003
388.166667,0.000000
388.2,0.000000
388.233333,0.000000
388.266667,0.000000
388.3,0.000000
388.333333,0.000000
388.366667,0.000000
388.4,0.000000
388.433333,0.000000
388.466667,0.000000
388.5,0.000000
388.533333,0.000000
388.566667,0.000000
388.6,0.000000
388.633333,0.000000
388.666667,0.000000
388.7,0.000000
388.733333,0.000000
388.766667,0.034624
388.8,0.000012
388.833333,0.000005
388.866667,0.000001
388.9,0.000000
388.933333,0.000000
388.966667,0.000000
389,0.000000
389.033333,0.000000
389.066667,0.000000
389.1,0.000000
389.133333,0.000000
389.166667,0.000000
389.2,0.000000
389.233333,0.000000
389.266667,0.000000
389.3,0.000000
389.333333,0.000000
389.366667,0.000000
389.4,0.000000
389.433333,0.000000
389.466667,0.000000
389.5,0.000000
389.533333,0.000000
389.566667,0.000000
389.6,0.000000
389.633333,0.000000
389.666667,0.000000
389.7,0.000000
389.733333,0.000000
389.766667,0.000000
389.8,0.000000
389.833333,0.000000
389.866667,0.000000
389.9,0.000000
389.933333,0.000000
389.966667,0.000000
390,0.000000
390.033333,0.000000
390.066667,0.000000
390.1,0.026240
390.133333,0.000011
390.166667,0.000005
390.2,0.000001
390.233333,0.000000
390.266667,0.000000
390.3,0.000000
390.333333,0.000000
390.366667,0.000000
390.4,0.000000
390.433333,0.000000
390.466667,0.000000
390.5,0.000000
390.533333,0.000000
390.566667,0.000000
390.6,0.000000
390.633333,0.000000
390.666667,0.000000
390.7,0.000000
390.733333,0.000000
390.766667,0.000000
390.8,0.000000
390.833333,0.000000
390.866667,0.000000
390.9,0.000000
390.933333,0.000000
390.966667,0.000000
391,0.000000
391.033333,0.000000
391.066667,0.000000
391.1,0.000000
391.133333,0.000000
391.166667,0.000000
391.2,0.000000
391.233333,0.000000
391.266667,0.000000
391.3,0.000000
391.333333,0.000000
391.366667,0.000000
391.4,0.000000
391.433333,0.000000
391.466667,0.000000
391.5,0.000000
391.533333,0.000000
391.566667,0.000000
391.6,0.000000
391.633333,0.000000
391.666667,0.162989
391.7,0.000183
391.733333,0.000026
391.766667,0.000031
391.8,0.000022
391.833333,0.000009
391.866667,0.000025
391.9,0.000028
391.933333,0.000019
391.966667,0.000142
392,0.000110
392.033333,0.000149
392.066667,0.000018
392.1,0.000141
392.133333,0.000017
392.166667,0.000006
392.2,0.000011
392.233333,0.000168
392.266667,0.000153
392.3,0.000029
392.333333,0.000000
392.366667,0.000010
392.4,0.000031
392.433333,0.000009
392.466667,0.053039
392.5,0.000358
392.533333,0.000008
392.566667,0.000018
392.6,0.000003
392.633333,0.000135
392.666667,0.000033
392.7,0.009978
392.733333,0.000091
392.766667,0.000008
392.8,0.000006
392.833333,0.000018
392.866667,0.000012
392.9,0.000007
392.933333,0.000012
392.966667,0.000014
393,0.000001
393.033333,0.000006
393.066667,0.000015
393.1,0.000007
393.133333,0.000029
393.166667,0.000006
393.2,0.000117
393.233333,0.000005
393.266667,0.000001
393.3,0.000000
393.333333,0.000000
393.366667,0.000000
393.4,0.000000
393.433333,0.000000
393.466667,0.000000
393.5,0.000000
393.533333,0.000000
393.566667,0.000000
393.6,0.000000
393.633333,0.000000
393.666667,0.000000
393.7,0.000000
393.733333,0.000000
393.766667,0.000000
393.8,0.000000
393.833333,0.000000
393.866667,0.000000
393.9,0.000000
393.933333,0.040628
393.966667,0.000009
394,0.000004
394.033333,0.000001
394.066667,0.000000
394.1,0.000000
394.133333,0.000000
394.166667,0.000000
394.2,0.000000
394.233333,0.000000
394.266667,0.000000
394.3,0.000000
394.333333,0.000000
394.366667,0.000000
394.4,0.000000
394.433333,0.000000
394.466667,0.000000
394.5,0.000000
394.533333,0.000000
394.566667,0.000000
394.6,0.000000
394.633333,0.000000
394.666667,0.000000
394.7,0.000000
394.733333,0.000000
394.766667,0.000000
394.8,0.000000
394.833333,0.000000
394.866667,0.000000
394.9,0.000000
394.933333,0.000000
394.966667,0.000000
395,0.000000
395.033333,0.000000
395.066667,0.000000
395.1,0.000000
395.133333,0.000000
395.166667,0.000000
395.2,0.000000
395.233333,0.000000
395.266667,0.039328
395.3,0.000014
395.333333,0.000005
395.366667,0.000001
395.4,0.000000
395.433333,0.000000
395.466667,0.000000
395.5,0.000000
395.533333,0.000000
395.566667,0.000000
395.6,0.000000
395.633333,0.000000
395.666667,0.000000
395.7,0.000000
395.733333,0.000000
395.766667,0.000000
395.8,0.000000
395.833333,0.000000
395.866667,0.000000
395.9,0.000000
395.933333,0.000000
395.966667,0.000000
396,0.000000
396.033333,0.000000
396.066667,0.000000
396.1,0.000000
396.133333,0.000000
396.166667,0.000000
396.2,0.000000
396.233333,0.000000
396.266667,0.000000
396.3,0.000000
396.333333,0.000000
396.366667,0.000000
396.4,0.000000
396.433333,0.000000
396.466667,0.000000
396.5,0.000000
396.533333,0.000000
396.566667,0.000000
396.6,0.000000
396.633333,0.000000
396.666667,0.000000
396.7,0.000000
396.733333,0.000000
396.766667,0.000000
396.8,0.000000
396.833333,0.000000
396.866667,0.000000
396.9,0.000000
396.933333,1.000000
396.966667,0.000052
397,0.000015
397.033333,0.000007
397.066667,0.000001
397.1,0.000000
397.133333,0.000000
397.166667,0.000000
397.2,0.000000
397.233333,0.000000
397.266667,0.000000
397.3,0.000000
397.333333,0.000000
397.366667,0.000000
397.4,0.000000
397.433333,0.000000
397.466667,0.000000
397.5,0.000000
397.533333,0.000000
397.566667,0.000000
397.6,0.000000
397.633333,0.000000
397.666667,0.000000
397.7,0.046723
397.733333,0.000019
397.766667,0.000009
397.8,0.000002
397.833333,0.000000
397.866667,0.000000
397.9,0.000000
397.933333,0.000000
397.966667,0.000000
398,0.000000
398.033333,0.000000
398.066667,0.000000
398.1,0.000000
398.133333,0.000000
398.166667,0.000000
398.2,0.000000
398.233333,0.000000
398.266667,0.000000
398.3,0.000000
398.333333,0.000000
398.366667,0.000000
398.4,0.000000
398.433333,0.000000
398.466667,0.000000
398.5,0.000000
398.533333,0.000000
398.566667,0.000000
398.6,0.000000
398.633333,0.000000
398.666667,0.000000
398.7,0.000000
398.733333,0.000000
398.766667,0.000000
398.8,0.000000
398.833333,0.000000
398.866667,0.000000
398.9,0.000000
398.933333,0.000000
398.966667,0.000000
399,0.000000
399.033333,0.000000
399.066667,0.000000
399.1,0.000000
399.133333,0.000000
399.166667,0.000000
399.2,0.000000
399.233333,0.000000
399.266667,0.000000
399.3,0.000000
399.333333,0.000000
399.366667,0.000000
399.4,0.000000
399.433333,0.000000
399.466667,0.000000
399.5,0.000000
399.533333,0.000000
399.566667,0.000000
399.6,0.000000
399.633333,0.000000
399.666667,0.000000
399.7,0.000000
399.733333,0.000000
399.766667,0.000000
399.8,0.000000
399.833333,0.000000
399.866667,0.000000
399.9,0.000000
399.933333,0.000000
399.966667,0.000000
400,0.000218
400.033333,1.000000
400.066667,0.098764
400.1,0.029982
400.133333,0.003008
400.166667,0.001157
400.2,0.001770
400.233333,0.000930
400.266667,0.000978
400.3,0.001033
400.333333,0.002954
400.366667,0.001449
400.4,0.000513
400.433333,0.000694
400.466667,0.000627
400.5,0.001018
400.533333,0.000418
400.566667,0.000070
400.6,0.000186
400.633333,0.000609
400.666667,0.001206
400.7,0.000613
400.733333,0.001265
400.766667,0.000581
400.8,0.000249
400.833333,0.000241
400.866667,0.001313
400.9,0.000160
400.933333,0.000308
400.966667,0.000715
401,0.000207
401.033333,0.000923
401.066667,0.000056
401.1,0.000036
401.133333,0.000016
401.166667,0.000005
401.2,0.000000
401.233333,0.000000
401.266667,0.000000
401.3,0.000001
401.333333,0.000000
401.366667,0.000001
401.4,0.000000
401.433333,0.000002
401.466667,0.000005
401.5,0.000005
401.533333,0.000005
401.566667,0.000002
401.6,0.000005
401.633333,0.000004
401.666667,0.000009
401.7,0.000006
401.733333,0.000009
401.766667,0.000017
401.8,0.061125
401.833333,0.000019
401.866667,0.000007
401.9,0.000002
401.933333,0.000000
401.966667,0.000000
402,0.000000
402.033333,0.000000
402.066667,0.000000
402.1,0.000000
402.133333,0.000000
402.166667,0.000000
402.2,0.000000
402.233333,0.000000
402.266667,0.000000
402.3,0.000000
402.333333,0.000000
402.366667,0.000000
402.4,0.000000
402.433333,0.000000
402.466667,0.000000
402.5,0.000000
402.533333,0.000000
402.566667,0.000000
402.6,0.000000
402.633333,0.000000
402.666667,0.000000
402.7,0.000000
402.733333,0.000000
402.766667,0.000000
402.8,0.000000
402.833333,0.000000
402.866667,0.000000
402.9,0.000000
402.933333,0.000000
402.966667,0.000000
403,0.000000
403.033333,0.000000
403.066667,0.000000
403.1,0.000000
403.133333,0.000000
403.166667,0.000000
403.2,0.000000
403.233333,0.000000
403.266667,0.000000
403.3,0.000000
403.333333,0.000000
403.366667,0.000000
403.4,0.000000
403.433333,0.000000
403.466667,0.000000
403.5,0.000000
403.533333,0.000000
403.566667,0.000000
403.6,0.000000
403.633333,0.000000
403.666667,0.000000
403.7,0.000000
403.733333,0.000000
403.766667,0.000000
403.8,0.000465
403.833333,0.000203
403.866667,0.000045
403.9,0.000016
403.933333,0.000012
403.966667,0.000010
404,0.000002
404.033333,0.000007
404.066667,0.000002
404.1,0.000002
404.133333,0.000005
404.166667,0.000000
404.2,0.000001
404.233333,0.000001
404.266667,0.060132
404.3,0.000108
404.333333,0.000007
404.366667,0.000000
404.4,0.000001
404.433333,0.000008
404.466667,0.000007
404.5,0.000009
404.533333,0.000006
404.566667,0.000004
404.6,0.000011
404.633333,0.000007
404.666667,0.000011
404.7,0.000014
404.733333,0.000035
404.766667,0.000172
404.8,0.000007
404.833333,0.000001
404.866667,0.000000
404.9,0.000000
404.933333,0.000000
404.966667,0.000000
405,0.000000
405.033333,0.000000
405.066667,0.000000
405.1,0.000000
405.133333,0.000000
405.166667,0.000000
405.2,0.000000
405.233333,0.000000
405.266667,0.000000
405.3,0.000000
405.333333,0.000000
405.366667,0.000000
405.4,0.000000
405.433333,0.000000
405.466667,0.000000
405.5,0.000000
405.533333,0.000000
405.566667,0.000000
405.6,0.000000
405.633333,0.000000
405.666667,0.000000
405.7,0.000000
405.733333,0.000000
405.766667,0.000000
405.8,0.000000
405.833333,0.000000
405.866667,0.000000
405.9,0.028416
405.933333,0.000011
405.966667,0.000005
406,0.000001
406.033333,0.000000
406.066667,0.000000
406.1,0.000000
406.133333,0.000000
406.166667,0.000000
406.2,0.000000
406.233333,0.000000
406.266667,0.000000
406.3,0.000000
406.333333,0.000000
406.366667,0.000000
406.4,0.000000
406.433333,0.000000
406.466667,0.000000
406.5,0.000000
406.533333,0.000000
406.566667,0.000000
406.6,0.000000
406.633333,0.000000
406.666667,0.000000
406.7,0.000000
406.733333,0.000000
406.766667,0.000000
406.8,0.000000
406.833333,0.000000
406.866667,0.000000
406.9,0.000000
406.933333,0.000000
406.966667,0.000000
407,0.000000
407.033333,0.000000
407.066667,0.000000
407.1,0.000000
407.133333,0.000000
407.166667,0.000000
407.2,0.000000
407.233333,0.000000
407.266667,0.000000
407.3,0.000000
407.333333,0.000000
407.366667,0.000000
407.4,0.127472
407.433333,0.000027
407.466667,0.000008
407.5,0.000003
407.533333,0.000001
407.566667,0.000000
407.6,0.000000
407.633333,0.000000
407.666667,0.000000
407.7,0.000000
407.733333,0.000000
407.766667,0.000000
407.8,0.000000
407.833333,0.000000
407.866667,0.000000
407.9,0.000000
407.933333,0.000000
407.966667,0.000000
408,0.000122
408.033333,0.000007
408.066667,0.000002
408.1,0.000001
408.133333,0.000000
408.166667,0.000000
408.2,0.000000
408.233333,0.000000
408.266667,0.000000
408.3,0.000000
408.333333,0.000000
408.366667,0.000000
408.4,0.000000
408.433333,0.000000
408.466667,0.000000
408.5,0.000000
408.533333,0.000000
408.566667,0.000000
408.6,0.000000
408.633333,0.000000
408.666667,0.000000
408.7,0.000000
408.733333,0.000000
408.766667,0.000000
408.8,0.000000
408.833333,0.000000
408.866667,0.000000
408.9,0.000000
408.933333,0.000000
408.966667,0.000000
409,0.000000
409.033333,0.000000
409.066667,0.000000
409.1,0.000000
409.133333,0.000000
409.166667,0.000000
409.2,0.000000
409.233333,0.000000
409.266667,0.000000
409.3,0.000000
409.333333,0.047847
409.366667,0.000011
409.4,0.000003
409.433333,0.000001
409.466667,0.000000
409.5,0.000000
409.533333,0.000000
409.566667,0.000000
409.6,0.000000
409.633333,0.000000
409.666667,0.000000
409.7,0.000000
409.733333,0.000000
409.766667,0.000000
409.8,0.000000
409.833333,0.000000
409.866667,0.000000
409.9,0.000000
409.933333,0.000000
409.966667,0.000000
410,0.000000
410.033333,0.000000
410.066667,0.000000
410.1,0.000000
410.133333,0.000000
410.166667,0.000000
410.2,0.000000
410.233333,0.000000
410.266667,0.000000
410.3,0.000000
410.333333,0.000000
410.366667,0.000000
410.4,0.000000
410.433333,0.000000
410.466667,0.000000
410.5,0.029474
410.533333,0.000009
410.566667,0.000003
410.6,0.000001
410.633333,0.000000
410.666667,0.000000
410.7,0.000000
410.733333,0.000000
410.766667,0.000000
410.8,0.000000
410.833333,0.000000
410.866667,0.000000
410.9,0.000000
410.933333,0.000000
410.966667,0.000000
411,0.000000
411.033333,0.000000
411.066667,0.000000
411.1,0.000000
411.133333,0.000000
411.166667,0.000000
411.2,0.000000
411.233333,0.000000
411.266667,0.000000
411.3,0.000000
411.333333,0.000000
411.366667,0.000000
411.4,0.000000
411.433333,0.000000
411.466667,0.000000
411.5,0.000000
411.533333,0.000000
411.566667,0.000000
411.6,0.000000
411.633333,0.000000
411.666667,0.000000
411.7,0.000000
411.733333,0.000000
411.766667,0.000000
411.8,0.000000
411.833333,0.036678
411.866667,0.000007
411.9,0.000003
411.933333,0.000001
411.966667,0.000000
412,0.000000
412.033333,0.000000
412.066667,0.000000
412.1,0.000000
412.133333,0.000000
412.166667,0.000000
412.2,0.000000
412.233333,0.000000
412.266667,0.000000
412.3,0.000000
412.333333,0.000000
412.366667,0.000000
412.4,0.000000
412.433333,0.000000
412.466667,0.000000
412.5,0.000000
412.533333,0.000000
412.566667,0.000000
412.6,0.068412
412.633333,0.000015
412.666667,0.000005
412.7,0.000002
412.733333,0.000000
412.766667,0.000000
412.8,0.000000
412.833333,0.000000
412.866667,0.000000
412.9,0.000000
412.933333,0.000000
412.966667,0.000000
413,0.000000
413.033333,0.000000
413.066667,0.000000
413.1,0.000000
413.133333,0.000000
413.166667,0.000000
413.2,0.000000
413.233333,0.000000
413.266667,0.000000
413.3,0.000000
413.333333,0.000000
413.366667,0.000000
413.4,0.000000
413.433333,0.000000
413.466667,0.000000
413.5,0.000000
413.533333,0.000000
413.566667,0.000000
413.6,0.000000
413.633333,0.000000
413.666667,0.000000
413.7,0.000000
413.733333,0.000000
413.766667,0.000000
413.8,0.000000
413.833333,0.000000
413.866667,0.000000
413.9,0.000000
413.933333,0.000000
413.966667,0.000000
414,0.000000
414.033333,0.000000
414.066667,0.000000
414.1,0.000000
414.133333,0.000000
414.166667,0.000000
414.2,0.000000
414.233333,0.000000
414.266667,0.000000
414.3,0.000000
414.333333,0.000000
414.366667,0.000000
414.4,0.000000
414.433333,0.000000
414.466667,0.000000
414.5,0.000000
414.533333,0.000000
414.566667,0.000000
414.6,0.000000
414.633333,0.000000
414.666667,0.000000
414.7,0.000000
414.733333,0.000000
414.766667,0.000000
414.8,0.000000
414.833333,0.061413
414.866667,0.000010
414.9,0.000003
414.933333,0.000001
414.966667,0.000000
415,0.000000
415.033333,0.000000
415.066667,0.000000
415.1,0.000000
415.133333,0.000000
415.166667,0.000000
415.2,0.000000
415.233333,0.000000
415.266667,0.000000
415.3,0.000000
415.333333,0.000000
415.366667,0.000000
415.4,0.000000
415.433333,0.000000
415.466667,0.000000
415.5,0.000000
415.533333,0.000000
415.566667,0.000000
415.6,0.000000
415.633333,0.000000
415.666667,0.003059
415.7,0.000003
415.733333,0.000001
415.766667,0.000000
415.8,0.000000
415.833333,0.000000
415.866667,0.000000
415.9,0.000000
415.933333,0.000000
415.966667,0.000000
416,0.035679
416.033333,0.000008
416.066667,0.000002
416.1,0.000001
416.133333,0.000000
416.166667,0.000000
416.2,0.000000
416.233333,0.000000
416.266667,0.000000
416.3,0.000000
416.333333,0.000000
416.366667,0.000000
416.4,0.000000
416.433333,0.000000
416.466667,0.000000
416.5,0.000000
416.533333,0.000000
416.566667,0.000000
416.6,0.000000
416.633333,0.000000
416.666667,0.000000
416.7,0.000000
416.733333,0.000000
416.766667,0.000000
416.8,0.000000
416.833333,0.000000
416.866667,0.000000
416.9,0.000000
416.933333,0.000000
416.966667,0.000000
417,0.000000
417.033333,0.000000
417.066667,0.000000
417.1,0.000000
417.133333,0.000000
417.166667,0.000000
417.2,0.000000
417.233333,0.000000
417.266667,0.000000
417.3,0.000000
417.333333,0.000000
417.366667,0.000000
417.4,0.000000
417.433333,0.000000
417.466667,0.000000
417.5,0.000000
417.533333,0.000000
417.566667,0.000000
417.6,0.000000
417.633333,0.000000
417.666667,0.000000
417.7,0.000000
417.733333,0.000000
417.766667,0.000000
417.8,0.000000
417.833333,0.000000
417.866667,0.000000
417.9,0.000000
417.933333,0.000000
417.966667,0.000000
418,0.000000
418.033333,0.000000
418.066667,0.000000
418.1,0.000000
418.133333,0.000000
418.166667,0.000000
418.2,0.000000
418.233333,0.000000
418.266667,0.000000
418.3,0.000000
418.333333,0.035438
418.366667,0.000028
418.4,0.000010
418.433333,0.000000
418.466667,0.000000
418.5,0.000001
418.533333,0.000000
418.566667,0.000000
418.6,0.000001
418.633333,0.000001
418.666667,0.000002
418.7,0.000002
418.733333,0.000001
418.766667,0.000001
418.8,0.000000
418.833333,0.000000
418.866667,0.000002
418.9,0.000001
418.933333,0.000000
418.966667,0.000002
419,0.000000
419.033333,0.000000
419.066667,0.000000
419.1,0.000000
419.133333,0.000000
419.166667,0.000000
419.2,0.000000
419.233333,0.000000
419.266667,0.000000
419.3,0.000000
419.333333,0.000000
419.366667,0.000000
419.4,0.000000
419.433333,0.000000
419.466667,0.000000
419.5,0.000000
419.533333,0.000000
419.566667,0.000000
419.6,0.000000
419.633333,0.000000
419.666667,0.000000
419.7,0.000000
419.733333,0.000000
419.766667,0.000000
419.8,0.000000
419.833333,0.000000
419.866667,0.000000
419.9,0.000000
419.933333,0.000000
419.966667,0.000000
420,0.000000
420.033333,0.000000
420.066667,0.000000
420.1,0.000000
420.133333,0.000000
420.166667,0.000000
420.2,0.000000
420.233333,0.000000
420.266667,0.000000
420.3,0.063262
420.333333,0.000446
420.366667,0.000119
420.4,0.000131
420.433333,0.000113
420.466667,0.000060
420.5,0.000010
420.533333,0.000141
420.566667,0.000036
420.6,0.000122
420.633333,0.000044
420.666667,0.000181
420.7,0.000023
420.733333,0.000276
420.766667,0.000317
420.8,0.000367
420.833333,0.000096
420.866667,0.000188
420.9,0.000150
420.933333,0.000148
420.966667,0.000183
421,0.000315
421.033333,0.000047
421.066667,0.000014
421.1,0.000210
421.133333,0.000648
421.166667,0.000074
421.2,0.000217
421.233333,0.000275
421.266667,0.000252
421.3,0.001423
421.333333,0.000157
421.366667,0.000014
421.4,0.000044
421.433333,0.000052
421.466667,0.000048
421.5,0.000048
421.533333,0.000004
421.566667,0.000000
421.6,0.000000
421.633333,0.000000
421.666667,0.000000
421.7,0.000000
421.733333,0.000000
421.766667,0.000000
421.8,0.000000
421.833333,0.000000
421.866667,0.037647
421.9,0.000014
421.933333,0.000006
421.966667,0.000001
422,0.000000
422.033333,0.000000
422.066667,0.000000
422.1,0.000000
422.133333,0.000000
422.166667,0.000000
422.2,0.000000
422.233333,0.000000
422.266667,0.000000
422.3,0.000000
422.333333,0.000000
422.366667,0.000000
422.4,0.000000
422.433333,0.000000
422.466667,0.000000
422.5,0.000000
422.533333,0.000000
422.566667,0.000000
422.6,0.000000
422.633333,0.000000
422.666667,0.000000
422.7,0.000000
422.733333,0.000000
422.766667,0.000000
422.8,0.000000
422.833333,0.000000
422.866667,0.000000
422.9,0.000000
422.933333,0.000000
422.966667,0.000000
423,0.000000
423.033333,0.000000
423.066667,0.000000
423.1,0.000000
423.133333,0.000000
423.166667,0.000000
423.2,0.000000
423.233333,0.000000
423.266667,0.000000
423.3,0.000000
423.333333,0.000000
423.366667,0.000000
423.4,0.000000
423.433333,0.000000
423.466667,0.000000
423.5,0.000000
423.533333,0.039813
423.566667,0.000009
423.6,0.000004
423.633333,0.000001
423.666667,0.000000
423.7,0.000000
423.733333,0.000000
423.766667,0.000000
423.8,0.000000
423.833333,0.000000
423.866667,0.000000
423.9,0.000000
423.933333,0.000000
423.966667,0.000000
424,0.000097
424.033333,0.000008
424.066667,0.000002
424.1,0.000001
424.133333,0.000000
424.166667,0.000000
424.2,0.000000
424.233333,0.000000
424.266667,0.048956
424.3,0.000012
424.333333,0.000004
424.366667,0.000001
424.4,0.000000
424.433333,0.000000
424.466667,0.000000
424.5,0.000000
424.533333,0.000000
424.566667,0.000000
424.6,0.000000
424.633333,0.000000
424.666667,0.000000
424.7,0.000000
424.733333,0.000000
424.766667,0.000000
424.8,0.000000
424.833333,0.000000
424.866667,0.000000
424.9,0.000000
424.933333,0.000000
424.966667,0.000000
425,0.000000
425.033333,0.000000
425.066667,0.000000
425.1,0.000000
425.133333,0.000000
425.166667,0.000000
425.2,0.000000
425.233333,0.000000
425.266667,0.000000
425.3,0.000000
425.333333,0.000000
425.366667,0.000000
425.4,0.000000
425.433333,0.000000
425.466667,0.000000
425.5,0.000000
425.533333,0.000000
425.566667,0.000000
425.6,0.000000
425.633333,0.000000
425.666667,0.000000
425.7,0.000000
425.733333,0.000000
425.766667,0.000000
425.8,0.000000
425.833333,0.000000
425.866667,0.000000
425.9,0.000000
425.933333,0.000000
425.966667,0.000000
426,0.000000
426.033333,0.000000
426.066667,0.000000
426.1,0.033471
426.133333,0.000012
426.166667,0.000004
426.2,0.000001
426.233333,0.000000
426.266667,0.000000
426.3,0.000000
426.333333,0.000000
426.366667,0.000000
426.4,0.000000
426.433333,0.000000
426.466667,0.000000
426.5,0.000000
426.533333,0.000000
426.566667,0.000000
426.6,0.000000
426.633333,0.000000
426.666667,0.000000
426.7,0.000000
426.733333,0.000000
426.766667,0.000000
426.8,0.000000
426.833333,0.000000
426.866667,0.000000
426.9,0.000000
426.933333,0.000000
426.966667,0.000000
427,0.000000
427.033333,0.000000
427.066667,0.000000
427.1,0.000000
427.133333,0.000000
427.166667,0.000000
427.2,0.000000
427.233333,0.000000
427.266667,0.000000
427.3,0.000000
427.333333,0.000000
427.366667,0.000000
427.4,0.000000
427.433333,0.000000
427.466667,0.000000
427.5,0.000000
427.533333,0.000000
427.566667,0.000000
427.6,0.000000
427.633333,0.000000
427.666667,0.000000
427.7,0.000000
427.733333,0.000000
427.766667,0.000000
427.8,0.000000
427.833333,0.000000
427.866667,0.000000
427.9,0.000000
427.933333,0.000000
427.966667,0.000000
428,0.000000
428.033333,0.033748
428.066667,0.000012
428.1,0.000004
428.133333,0.000001
428.166667,0.000000
428.2,0.000000
428.233333,0.000000
428.266667,0.000000
428.3,0.000000
428.333333,0.000000
428.366667,0.000000
428.4,0.000000
428.433333,0.000000
428.466667,0.000000
428.5,0.000000
428.533333,0.000000
428.566667,0.000000
428.6,0.000000
428.633333,0.000000
428.666667,0.000000
428.7,0.000000
428.733333,0.000000
428.766667,0.000000
428.8,0.000000
428.833333,0.000000
428.866667,0.000000
428.9,0.000000
428.933333,0.000000
428.966667,0.000000
429,0.000000
429.033333,0.000000
429.066667,0.000000
429.1,0.000000
429.133333,0.000000
429.166667,0.000000
429.2,0.000000
429.233333,0.000000
429.266667,0.000000
429.3,0.000000
429.333333,0.000000
429.366667,0.000000
429.4,0.000000
429.433333,0.000000
429.466667,0.000000
429.5,0.000000
429.533333,0.000000
429.566667,0.000000
429.6,0.030286
429.633333,0.000013
429.666667,0.000004
429.7,0.000001
429.733333,0.000000
429.766667,0.000000
429.8,0.000000
429.833333,0.000000
429.866667,0.000000
429.9,0.000000
429.933333,0.000000
429.966667,0.000000
430,0.000000
430.033333,0.000000
430.066667,0.000000
430.1,0.000000
430.133333,0.000000
430.166667,0.000000
430.2,0.000000
430.233333,0.000000
430.266667,0.000000
430.3,0.000000
430.333333,0.000000
430.366667,0.000000
430.4,0.000000
430.433333,0.000000
430.466667,0.000000
430.5,0.000000
430.533333,0.000000
430.566667,0.000000
430.6,0.000000
430.633333,0.000000
430.666667,0.000000
430.7,0.000000
430.733333,0.000000
430.766667,0.000000
430.8,0.000000
430.833333,0.000000
430.866667,0.000000
430.9,0.000000
430.933333,0.000000
430.966667,0.044045
431,0.000014
431.033333,0.000004
431.066667,0.000001
431.1,0.000000
431.133333,0.000000
431.166667,0.000000
431.2,0.000000
431.233333,0.000000
431.266667,0.000000
431.3,0.000000
431.333333,0.000000
431.366667,0.000000
431.4,0.000000
431.433333,0.000000
431.466667,0.000000
431.5,0.000000
431.533333,0.000000
431.566667,0.000000
431.6,0.000000
431.633333,0.000000
431.666667,0.000000
431.7,0.000000
431.733333,0.000000
431.766667,0.000000
431.8,0.000000
431.833333,0.000000
431.866667,0.000000
431.9,0.000000
431.933333,0.000000
431.966667,0.000000
432,0.000055
432.033333,0.000010
432.066667,0.000003
432.1,0.000001
432.133333,0.000000
432.166667,0.000000
432.2,0.000000
432.233333,0.000000
432.266667,0.000000
432.3,0.000000
432.333333,0.000000
432.366667,0.000000
432.4,0.000000
432.433333,0.000000
432.466667,0.000000
432.5,0.000000
432.533333,0.000000
432.566667,0.000000
432.6,0.000000
432.633333,0.000000
432.666667,0.000000
432.7,0.000000
432.733333,0.000000
432.766667,0.000000
432.8,0.000000
432.833333,0.000000
432.866667,0.065243
432.9,0.000007
432.933333,0.000003
432.966667,0.000001
433,0.000000
433.033333,0.000000
433.066667,0.000000
433.1,0.000000
433.133333,0.000000
433.166667,0.000000
433.2,0.000000
433.233333,0.000000
433.266667,0.000000
433.3,0.000000
433.333333,0.000000
433.366667,0.000000
433.4,0.000000
433.433333,0.000000
433.466667,0.000000
433.5,0.000000
433.533333,0.021849
433.566667,0.000007
433.6,0.000003
433.633333,0.000001
433.666667,0.000000
433.7,0.000000
433.733333,0.000000
433.766667,0.000000
433.8,0.000000
433.833333,0.000000
433.866667,0.000000
433.9,0.000000
433.933333,0.000000
433.966667,0.000000
434,0.000000
434.033333,0.000000
434.066667,0.000000
434.1,0.000000
434.133333,0.000000
434.166667,0.000000
434.2,0.000000
434.233333,0.000000
434.266667,0.000000
434.3,0.000000
434.333333,0.065311
434.366667,0.000013
434.4,0.000005
434.433333,0.000002
434.466667,0.000000
434.5,0.000000
434.533333,0.000000
434.566667,0.000000
434.6,0.000000
434.633333,0.000000
434.666667,0.000000
434.7,0.000000
434.733333,0.000000
434.766667,0.000000
434.8,0.000000
434.833333,0.000000
434.866667,0.000000
434.9,0.000000
434.933333,0.000000
434.966667,0.000000
435,0.000000
435.033333,0.000000
435.066667,0.000000
435.1,0.000000
435.133333,0.000000
435.166667,0.000000
435.2,0.000000
435.233333,0.000000
435.266667,0.000000
435.3,0.000000
435.333333,0.000000
435.366667,0.000000
435.4,0.000000
435.433333,0.000000
435.466667,0.000000
435.5,0.000000
435.533333,0.000000
435.566667,0.000000
435.6,0.000000
435.633333,0.000000
435.666667,0.000000
435.7,0.000000
435.733333,0.000000
435.766667,0.000000
435.8,0.000000
435.833333,0.000000
435.866667,0.000000
435.9,0.000000
435.933333,0.000000
435.966667,0.000000
436,0.000000
436.033333,0.000000
436.066667,0.000000
436.1,0.000000
436.133333,0.000000
436.166667,0.000000
436.2,0.000000
436.233333,0.000000
436.266667,0.000000
436.3,0.000000
436.333333,0.000000
436.366667,0.000000
436.4,0.000000
436.433333,0.000000
436.466667,0.040855
436.5,0.000014
436.533333,0.000004
436.566667,0.000002
436.6,0.000000
436.633333,0.000000
436.666667,0.000000
436.7,0.000000
436.733333,0.000000
436.766667,0.000000
436.8,0.000000
436.833333,0.000000
436.866667,0.000000
436.9,0.000000
436.933333,0.000000
436.966667,0.000000
437,0.000000
437.033333,0.000000
437.066667,0.000000
437.1,0.000000
437.133333,0.000000
437.166667,0.000000
437.2,0.000000
437.233333,0.000000
437.266667,0.000000
437.3,0.000000
437.333333,0.000000
437.366667,0.000000
437.4,0.000000
437.433333,0.000000
437.466667,0.000000
437.5,0.000000
437.533333,0.000000
437.566667,0.000000
437.6,0.000000
437.633333,0.000000
437.666667,0.000000
437.7,0.000000
437.733333,0.000000
437.766667,0.000000
437.8,0.000000
437.833333,0.000000
437.866667,0.000000
437.9,0.000000
437.933333,0.000000
437.966667,0.000000
438,0.000000
438.033333,0.000000
438.066667,0.000000
438.1,0.000000
438.133333,0.000000
438.166667,0.000000
438.2,0.000000
438.233333,0.000000
438.266667,0.000000
438.3,0.000000
438.333333,0.027802
438.366667,0.000012
438.4,0.000004
438.433333,0.000001
438.466667,0.000000
438.5,0.000000
438.533333,0.000000
438.566667,0.000000
438.6,0.000000
438.633333,0.000000
438.666667,0.000000
438.7,0.000000
438.733333,0.000000
438.766667,0.000000
438.8,0.000000
438.833333,0.000000
438.866667,0.000000
438.9,0.000000
438.933333,0.000000
438.966667,0.000000
439,0.000000
439.033333,0.000000
439.066667,0.000000
439.1,0.000000
439.133333,0.000000
439.166667,0.000000
439.2,0.000000
439.233333,0.000000
439.266667,0.000000
439.3,0.000000
439.333333,0.009387
439.366667,0.004487
439.4,0.000871
439.433333,0.000573
439.466667,0.000353
439.5,0.000061
439.533333,0.000797
439.566667,0.000490
439.6,0.000178
439.633333,0.000177
439.666667,0.000081
439.7,0.000561
439.733333,0.000391
439.766667,0.000207
439.8,0.000238
439.833333,0.000373
439.866667,0.000619
439.9,0.000448
439.933333,0.000428
439.966667,0.000358
440,0.000301
440.033333,0.000264
440.066667,0.000357
440.1,0.045426
440.133333,0.001426
440.166667,0.000526
440.2,0.000351
440.233333,0.000255
440.266667,0.000726
440.3,0.000652
440.333333,0.000007
440.366667,0.000003
440.4,0.000019
440.433333,0.000064
440.466667,0.000129
440.5,0.000033
440.533333,0.000026
440.566667,0.000003
440.6,0.000013
440.633333,0.000017
440.666667,0.000001
440.7,0.000019
440.733333,0.000011
440.766667,0.000010
440.8,0.000008
440.833333,0.000003
440.866667,0.000011
440.9,0.000017
440.933333,0.000001
440.966667,0.000074
441,0.000019
441.033333,0.000009
441.066667,0.000003
441.1,0.000000
441.133333,0.000040
441.166667,0.000012
441.2,0.000008
441.233333,0.000001
441.266667,0.000001
441.3,0.000001
441.333333,0.000002
441.366667,0.000000
441.4,0.000001
441.433333,0.000007
441.466667,0.000001
441.5,0.000589
441.533333,0.000144
441.566667,0.065976
441.6,0.003363
441.633333,0.002547
441.666667,0.001068
441.7,0.003467
441.733333,0.000292
441.766667,0.000712
441.8,0.000069
441.833333,0.000028
441.866667,0.000020
441.9,0.000007
441.933333,0.000002
441.966667,0.000007
442,0.000002
442.033333,0.000023
442.066667,0.000001
442.1,0.000001
442.133333,0.000015
442.166667,0.000056
442.2,0.000009
442.233333,0.000006
442.266667,0.000005
442.3,0.000022
442.333333,0.000007
442.366667,0.000006
442.4,0.000009
442.433333,0.000000
442.466667,0.000020
442.5,0.000024
442.533333,0.000000
442.566667,0.000001
442.6,0.000047
442.633333,0.000164
442.666667,0.000014
442.7,0.000018
442.733333,0.000001
442.766667,0.000018
442.8,0.000016
442.833333,0.000049
442.866667,0.000007
442.9,0.000005
442.933333,0.000034
442.966667,0.000021
443,0.000001
443.033333,0.000001
443.066667,0.000002
443.1,0.000008
443.133333,0.000001
443.166667,0.000000
443.2,0.000002
443.233333,0.000024
443.266667,0.000015
443.3,0.000011
443.333333,0.000002
443.366667,0.000004
443.4,0.000001
443.433333,0.000010
443.466667,0.000001
443.5,0.000003
443.533333,0.000005
443.566667,0.000003
443.6,0.000002
443.633333,0.000001
443.666667,0.000000
443.7,0.000031
443.733333,0.000026
443.766667,0.000002
443.8,0.000001
443.833333,0.000000
443.866667,0.000000
443.9,0.000004
443.933333,0.000000
443.966667,0.000000
444,0.000007
444.033333,0.000020
444.066667,0.000005
444.1,0.042308
444.133333,0.000080
444.166667,0.000027
444.2,0.000046
444.233333,0.000011
444.266667,0.000002
444.3,0.000004
444.333333,0.000015
444.366667,0.000017
444.4,0.000000
444.433333,0.000002
444.466667,0.000004
444.5,0.000000
444.533333,0.000000
444.566667,0.000000
444.6,0.000000
444.633333,0.000000
444.666667,0.000000
444.7,0.000000
444.733333,0.000000
444.766667,0.000000
444.8,0.000000
444.833333,0.000000
444.866667,0.000000
444.9,0.000000
444.933333,0.000000
444.966667,0.000000
445,0.000000
445.033333,0.000000
445.066667,0.000000
445.1,0.000000
445.133333,0.000000
445.166667,0.000000
445.2,0.000000
445.233333,0.000000
445.266667,0.000000
445.3,0.000000
445.333333,0.000000
445.366667,0.000000
445.4,0.000000
445.433333,0.000000
445.466667,0.000000
445.5,0.000000
445.533333,0.000000
445.566667,0.000000
445.6,0.000000
445.633333,0.000000
445.666667,0.000000
445.7,0.000000
445.733333,0.000000
445.766667,0.000000
445.8,0.000000
445.833333,0.000000
445.866667,0.000000
445.9,0.000000
445.933333,0.000000
445.966667,0.000000
446,0.000000
446.033333,0.000000
446.066667,0.000000
446.1,0.000000
446.133333,0.000000
446.166667,0.000000
446.2,0.000000
446.233333,0.000000
446.266667,0.000000
446.3,0.000000
446.333333,0.000000
446.366667,0.000000
446.4,0.000000
446.433333,0.000000
446.466667,0.000000
446.5,0.000000
446.533333,0.000000
446.566667,0.000000
446.6,0.000000
446.633333,0.000000
446.666667,0.000000
446.7,0.000000
446.733333,0.000000
446.766667,0.000000
446.8,0.000000
446.833333,0.000000
446.866667,0.000000
446.9,0.000000
446.933333,0.000000
446.966667,0.000000
447,0.000000
447.033333,0.000000
447.066667,0.000000
447.1,0.000000
447.133333,0.000000
447.166667,0.037163
447.2,0.000620
447.233333,0.000394
447.266667,0.000401
447.3,0.000007
447.333333,0.000384
447.366667,0.000381
447.4,0.000409
447.433333,0.000410
447.466667,0.000402
447.5,0.000390
447.533333,0.000414
447.566667,0.000409
447.6,0.000407
447.633333,0.000400
447.666667,0.000421
447.7,0.000394
447.733333,0.000405
447.766667,0.000002
447.8,0.000385
447.833333,0.000410
447.866667,0.000006
447.9,0.000030
447.933333,0.000005
447.966667,0.000368
448,0.000546
448.033333,0.000099
448.066667,0.000074
448.1,0.000121
448.133333,0.000083
448.166667,0.000344
448.2,0.000005
448.233333,0.000002
448.266667,0.000001
448.3,0.000000
448.333333,0.000000
448.366667,0.000000
448.4,0.000000
448.433333,0.000000
448.466667,0.000000
448.5,0.000000
448.533333,0.000000
448.566667,0.000000
448.6,0.000000
448.633333,0.000000
448.666667,0.000000
448.7,0.000000
448.733333,0.000000
448.766667,0.000000
448.8,0.000000
448.833333,0.000000
448.866667,0.000000
448.9,0.000000
448.933333,0.000000
448.966667,0.000000
449,0.000000
449.033333,0.000000
449.066667,0.000000
449.1,0.000000
449.133333,0.000000
449.166667,0.000000
449.2,0.000000
449.233333,0.000000
449.266667,0.000000
449.3,0.000000
449.333333,0.000000
449.366667,0.000000
449.4,0.000000
449.433333,0.000000
449.466667,0.000000
449.5,0.223806
449.533333,0.000198
449.566667,0.000086
449.6,0.000026
449.633333,0.000028
449.666667,0.000063
449.7,0.000073
449.733333,0.000008
449.766667,0.000000
449.8,0.000000
449.833333,0.000069
449.866667,0.000100
449.9,0.000052
449.933333,0.000014
449.966667,0.000021
450,0.000044
450.033333,0.000001
450.066667,0.000000
450.1,0.000049
450.133333,0.000055
450.166667,0.000031
450.2,0.000045
450.233333,0.000027
450.266667,0.000023
450.3,0.000033
450.333333,0.000003
450.366667,0.000014
450.4,0.000000
450.433333,0.000072
450.466667,0.000073
450.5,0.000021
450.533333,0.000059
450.566667,0.000109
450.6,0.000099
450.633333,0.000197
450.666667,0.000217
450.7,0.000040
450.733333,0.038824
450.766667,0.000591
450.8,0.000115
450.833333,0.000037
450.866667,0.000227
450.9,0.000005
450.933333,0.000176
450.966667,0.000100
451,0.000042
451.033333,0.000045
451.066667,0.000060
451.1,0.000039
451.133333,0.000079
451.166667,0.000034
451.2,0.000041
451.233333,0.000041
451.266667,0.000064
451.3,0.000003
451.333333,0.000058
451.366667,0.000008
451.4,0.000000
451.433333,0.000003
451.466667,0.000079
451.5,0.000096
451.533333,0.000012
451.566667,0.000023
451.6,0.000063
451.633333,0.000132
451.666667,0.000015
451.7,0.000005
451.733333,0.000065
451.766667,0.000109
451.8,0.000166
451.833333,0.000021
451.866667,0.000093
451.9,0.000148
451.933333,0.000235
451.966667,0.027872
452,0.000281
452.033333,0.000037
452.066667,0.000109
452.1,0.000039
452.133333,0.000045
452.166667,0.000049
452.2,0.000070
452.233333,0.000026
452.266667,0.000009
452.3,0.000111
452.333333,0.000066
452.366667,0.000001
452.4,0.000000
452.433333,0.000003
452.466667,0.000003
452.5,0.000006
452.533333,0.000007
452.566667,0.000004
452.6,0.000003
452.633333,0.000007
452.666667,0.000103
452.7,0.000121
452.733333,0.000070
452.766667,0.000074
452.8,0.000191
452.833333,0.000023
452.866667,0.000291
452.9,0.000104
452.933333,0.000138
452.966667,0.000082
453,0.000222
453.033333,0.000001
453.066667,0.000091
453.1,0.000195
453.133333,0.000106
453.166667,0.000042
453.2,0.000034
453.233333,0.000087
453.266667,0.000101
453.3,0.000000
453.333333,0.000000
453.366667,0.000006
453.4,0.000085
453.433333,0.000039
453.466667,0.000028
453.5,0.033568
453.533333,0.000307
453.566667,0.000097
453.6,0.000118
453.633333,0.000140
453.666667,0.000186
453.7,0.000126
453.733333,0.000175
453.766667,0.000090
453.8,0.000099
453.833333,0.000045
453.866667,0.000141
453.9,0.000070
453.933333,0.000122
453.966667,0.000065
454,0.000099
454.033333,0.000124
454.066667,0.000171
454.1,0.000037
454.133333,0.000192
454.166667,0.000025
454.2,0.000057
454.233333,0.000150
454.266667,0.000132
454.3,0.000017
454.333333,0.000023
454.366667,0.000066
454.4,0.000013
454.433333,0.000069
454.466667,0.000038
454.5,0.000011
454.533333,0.000002
454.566667,0.000150
454.6,0.000009
454.633333,0.025537
454.666667,0.000155
454.7,0.000008
454.733333,0.000048
454.766667,0.000020
454.8,0.000004
454.833333,0.000064
454.866667,0.000033
454.9,0.000035
454.933333,0.000087
454.966667,0.000099
455,0.000063
455.033333,0.000027
455.066667,0.000042
455.1,0.000082
455.133333,0.000216
455.166667,0.000029
455.2,0.000040
455.233333,0.000046
455.266667,0.000110
455.3,0.000012
455.333333,0.000006
455.366667,0.000087
455.4,0.000115
455.433333,0.000054
455.466667,0.000056
455.5,0.000011
455.533333,0.000002
455.566667,0.000079
455.6,0.000136
455.633333,0.000040
455.666667,0.000068
455.7,0.000052
455.733333,0.000033
455.766667,0.000024
455.8,0.000001
455.833333,0.000054
455.866667,0.000007
455.9,0.000000
455.933333,0.000000
455.966667,0.000000
456,0.000382
456.033333,0.000163
456.066667,0.000093
456.1,0.025209
456.133333,0.000150
456.166667,0.000062
456.2,0.000042
456.233333,0.000031
456.266667,0.000089
456.3,0.000053
456.333333,0.000038
456.366667,0.000088
456.4,0.000127
456.433333,0.000028
456.466667,0.000102
456.5,0.000170
456.533333,0.000210
456.566667,0.000052
456.6,0.000177
456.633333,0.000043
456.666667,0.000046
456.7,0.000153
456.733333,0.000193
456.766667,0.000000
456.8,0.000000
456.833333,0.000000
456.866667,0.000000
456.9,0.000000
456.933333,0.000000
456.966667,0.000000
457,0.000000
457.033333,0.000000
457.066667,0.000000
457.1,0.000001
457.133333,0.000011
457.166667,0.000005
457.2,0.000023
457.233333,0.000022
457.266667,0.000008
457.3,0.000001
457.333333,0.000025
457.366667,0.000046
457.4,0.000005
457.433333,0.000031
457.466667,0.000003
457.5,0.000000
457.533333,0.000000
457.566667,0.000000
457.6,0.000000
457.633333,0.000000
457.666667,0.000000
457.7,0.000000
457.733333,0.242273
457.766667,0.000049
457.8,0.000013
457.833333,0.000005
457.866667,0.000001
457.9,0.000000
457.933333,0.000000
457.966667,0.000000
458,0.000000
458.033333,0.000000
458.066667,0.000000
458.1,0.000000
458.133333,0.000000
458.166667,0.000000
458.2,0.000000
458.233333,0.000000
458.266667,0.000000
458.3,0.000000
458.333333,0.000000
458.366667,0.000000
458.4,0.000000
458.433333,0.018506
458.466667,0.000009
458.5,0.000002
458.533333,0.000000
458.566667,0.000000
458.6,0.000000
458.633333,0.000000
458.666667,0.000000
458.7,0.000000
458.733333,0.000000
458.766667,0.000000
458.8,0.000000
458.833333,0.000000
458.866667,0.000000
458.9,0.000000
458.933333,0.000000
458.966667,0.000000
459,0.000000
459.033333,0.000000
459.066667,0.000000
459.1,0.000000
459.133333,0.000000
459.166667,0.000000
459.2,0.000000
459.233333,0.000000
459.266667,0.000000
459.3,0.041922
459.333333,0.000017
459.366667,0.000008
459.4,0.000001
459.433333,0.000000
459.466667,0.000000
459.5,0.000000
459.533333,0.000000
459.566667,0.000000
459.6,0.000000
459.633333,0.000000
459.666667,0.000000
459.7,0.000000
459.733333,0.000000
459.766667,0.000000
459.8,0.000000
459.833333,0.000000
459.866667,0.000000
459.9,0.000000
459.933333,0.000000
459.966667,0.000000
460,0.000000
460.033333,0.000000
460.066667,0.000000
460.1,0.000000
460.133333,0.000000
460.166667,0.000000
460.2,0.000000
460.233333,0.000000
460.266667,0.000000
460.3,0.000000
460.333333,0.000000
460.366667,0.000000
460.4,0.000000
460.433333,0.000000
460.466667,0.000000
460.5,0.000000
460.533333,0.000000
460.566667,0.000000
460.6,0.000000
460.633333,0.000000
460.666667,0.035882
460.7,0.000017
460.733333,0.000008
460.766667,0.000001
460.8,0.000000
460.833333,0.000000
460.866667,0.000000
460.9,0.000000
460.933333,0.000000
460.966667,0.000000
461,0.000000
461.033333,0.000000
461.066667,0.000000
461.1,0.000000
461.133333,0.000000
461.166667,0.000000
461.2,0.000000
461.233333,0.000000
461.266667,0.000000
461.3,0.000000
461.333333,0.000000
461.366667,0.000000
461.4,0.000000
461.433333,0.000000
461.466667,0.000000
461.5,0.000000
461.533333,0.000000
461.566667,0.000000
461.6,0.000000
461.633333,0.000000
461.666667,0.000000
461.7,0.000000
461.733333,0.000000
461.766667,0.000000
461.8,0.000000
461.833333,0.000000
461.866667,0.000000
461.9,0.000000
461.933333,0.000000
461.966667,0.000000
462,0.000000
462.033333,0.000000
462.066667,0.210174
462.1,0.000052
462.133333,0.017444
462.166667,0.000058
462.2,0.000022
462.233333,0.000027
462.266667,0.000011
462.3,0.000000
462.333333,0.000001
462.366667,0.000001
462.4,0.000000
462.433333,0.000001
462.466667,0.000000
462.5,0.000001
462.533333,0.000001
462.566667,0.015552
462.6,0.000053
462.633333,0.000012
462.666667,0.000021
462.7,0.000007
462.733333,0.000002
462.766667,0.000003
462.8,0.000002
462.833333,0.000000
462.866667,0.000001
462.9,0.000001
462.933333,0.000000
462.966667,0.000001
463,0.000001
463.033333,0.012339
463.066667,0.000044
463.1,0.000007
463.133333,0.000002
463.166667,0.000002
463.2,0.000009
463.233333,0.000000
463.266667,0.025618
463.3,0.000019
463.333333,0.000008
463.366667,0.000005
463.4,0.000004
463.433333,0.000005
463.466667,0.000000
463.5,0.015861
463.533333,0.000057
463.566667,0.000017
463.6,0.000008
463.633333,0.000003
463.666667,0.000002
463.7,0.000004
463.733333,0.000010
463.766667,0.000010
463.8,0.000004
463.833333,0.000003
463.866667,0.000002
463.9,0.017737
463.933333,0.000120
463.966667,0.000047
464,0.000388
464.033333,0.000047
464.066667,0.000019
464.1,0.000011
464.133333,0.000008
464.166667,0.000004
464.2,0.000273
464.233333,0.000642
464.266667,0.000029
464.3,0.000016
464.333333,0.070732
464.366667,0.015763
464.4,0.000888
464.433333,0.000303
464.466667,0.000018
464.5,0.000086
464.533333,0.000174
464.566667,0.000003
464.6,0.000012
464.633333,0.000302
464.666667,0.000013
464.7,0.000002
464.733333,0.000001
464.766667,0.000001
464.8,0.000219
464.833333,0.012307
464.866667,0.000738
464.9,0.000048
464.933333,0.000001
464.966667,0.000093
465,0.000082
465.033333,0.000094
465.066667,0.000076
465.1,0.000013
465.133333,0.000025
465.166667,0.000249
465.2,0.000113
465.233333,0.000159
465.266667,0.000010
465.3,0.015207
465.333333,0.000362
465.366667,0.000156
465.4,0.000080
465.433333,0.000054
465.466667,0.000014
465.5,0.000004
465.533333,0.000001
465.566667,0.000001
465.6,0.000004
465.633333,0.000006
465.666667,0.000000
465.7,0.016795
465.733333,0.000148
465.766667,0.000063
465.8,0.000018
465.833333,0.000004
465.866667,0.000008
465.9,0.000005
465.933333,0.000005
465.966667,0.000004
466,0.000002
466.033333,0.000001
466.066667,0.000002
466.1,0.000002
466.133333,0.000002
466.166667,0.014833
466.2,0.000133
466.233333,0.000064
466.266667,0.000033
466.3,0.000012
466.333333,0.000014
466.366667,0.068925
466.4,0.000020
466.433333,0.000009
466.466667,0.000000
466.5,0.000001
466.533333,0.000001
466.566667,0.000001
466.6,0.000000
466.633333,0.012480
466.666667,0.000045
466.7,0.000011
466.733333,0.000000
466.766667,0.000005
466.8,0.000006
466.833333,0.000001
466.866667,0.000001
466.9,0.000002
466.933333,0.000004
466.966667,0.000002
467,0.000001
467.033333,0.000003
467.066667,0.015849
467.1,0.000061
467.133333,0.000023
467.166667,0.000007
467.2,0.000001
467.233333,0.000004
467.266667,0.000002
467.3,0.000001
467.333333,0.000000
467.366667,0.000001
467.4,0.000001
467.433333,0.000000
467.466667,0.000001
467.5,0.017677
467.533333,0.000060
467.566667,0.122975
467.6,0.000048
467.633333,0.000020
467.666667,0.000007
467.7,0.000002
467.733333,0.000000
467.766667,0.000001
467.8,0.000000
467.833333,0.000000
467.866667,0.000000
467.9,0.000000
467.933333,0.000000
467.966667,0.012082
468,0.000066
468.033333,0.000022
468.066667,0.000010
468.1,0.000003
468.133333,0.000002
468.166667,0.000000
468.2,0.000002
468.233333,0.000003
468.266667,0.000001
468.3,0.000001
468.333333,0.000001
468.366667,0.000001
468.4,0.000000
468.433333,0.009092
468.466667,0.000038
468.5,0.000012
468.533333,0.000004
468.566667,0.000001
468.6,0.000001
468.633333,0.053997
468.666667,0.000018
468.7,0.000008
468.733333,0.000002
468.766667,0.000000
468.8,0.000000
468.833333,0.000001
468.866667,0.011420
468.9,0.000053
468.933333,0.000027
468.966667,0.000010
469,0.000002
469.033333,0.000002
469.066667,0.000002
469.1,0.000001
469.133333,0.000000
469.166667,0.000000
469.2,0.000000
469.233333,0.000000
469.266667,0.000000
469.3,0.012271
469.333333,0.000083
469.366667,0.000032
469.4,0.000014
469.433333,0.000002
469.466667,0.000001
469.5,0.000002
469.533333,0.000001
469.566667,0.000002
469.6,0.000000
469.633333,0.000000
469.666667,0.000000
469.7,0.000000
469.733333,0.000000
469.766667,0.011198
469.8,0.000064
469.833333,0.000021
469.866667,0.000005
469.9,0.000004
469.933333,0.000002
469.966667,0.000001
470,0.000000
470.033333,0.000000
470.066667,0.000001
470.1,0.000000
470.133333,0.000000
470.166667,0.000000
470.2,0.008639
470.233333,0.000033
470.266667,0.000014
470.3,0.047085
470.333333,0.000016
470.366667,0.000004
470.4,0.000004
470.433333,0.000001
470.466667,0.000000
470.5,0.000000
470.533333,0.000001
470.566667,0.000000
470.6,0.000001
470.633333,0.000001
470.666667,0.011817
470.7,0.000068
470.733333,0.000019
470.766667,0.000000
470.8,0.000003
470.833333,0.000002
470.866667,0.000001
470.9,0.000000
470.933333,0.000000
470.966667,0.000000
471,0.000000
471.033333,0.000000
471.066667,0.000000
471.1,0.012744
471.133333,0.000142
471.166667,0.000061
471.2,0.000027
471.233333,0.000007
471.266667,0.000002
471.3,0.000002
471.333333,0.000000
471.366667,0.000001
471.4,0.000001
471.433333,0.059834
471.466667,0.000029
471.5,0.000010
471.533333,0.010898
471.566667,0.000102
471.6,0.000049
471.633333,0.000021
471.666667,0.000004
471.7,0.000002
471.733333,0.000000
471.766667,0.000000
471.8,0.000000
471.833333,0.000000
471.866667,0.000000
471.9,0.000000
471.933333,0.000000
471.966667,0.000000
472,0.008562
472.033333,0.000030
472.066667,0.000005
472.1,0.000000
472.133333,0.000000
472.166667,0.000000
472.2,0.000001
472.233333,0.000001
472.266667,0.000001
472.3,0.000000
472.333333,0.000000
472.366667,0.000000
472.4,0.000001
472.433333,0.000000
472.466667,0.011161
472.5,0.000062
472.533333,0.000021
472.566667,0.000009
472.6,0.000002
472.633333,0.000000
472.666667,0.000002
472.7,0.000000
472.733333,0.000001
472.766667,0.000000
472.8,0.000000
472.833333,0.000000
472.866667,0.011954
472.9,0.000077
472.933333,0.000029
472.966667,0.000005
473,0.000004
473.033333,0.000002
473.066667,0.000002
473.1,0.000001
473.133333,0.000000
473.166667,0.000000
473.2,0.000000
473.233333,0.000001
473.266667,0.000000
473.3,0.000000
473.333333,0.010897
473.366667,0.000066
473.4,0.000019
473.433333,0.000002
473.466667,0.000002
473.5,0.427404
473.533333,0.000072
473.566667,0.000177
473.6,0.000059
473.633333,0.000019
473.666667,0.000007
473.7,0.000007
473.733333,0.000007
473.766667,0.000004
473.8,0.000000
473.833333,0.000004
473.866667,0.000000
473.9,0.000004
473.933333,0.000004
473.966667,0.017258
474,0.000034
474.033333,0.000017
474.066667,0.000008
474.1,0.000000
474.133333,0.000000
474.166667,0.000001
474.2,0.000000
474.233333,0.000000
474.266667,0.000001
474.3,0.000053
474.333333,0.000009
474.366667,0.000037
474.4,0.018864
474.433333,0.000134
474.466667,0.000060
474.5,0.000018
474.533333,0.000037
474.566667,0.000003
474.6,0.000007
474.633333,0.000004
474.666667,0.000015
474.7,0.000005
474.733333,0.034521
474.766667,0.000045
474.8,0.000016
474.833333,0.000014
474.866667,0.017733
474.9,0.000133
474.933333,0.000053
474.966667,0.000015
475,0.000012
475.033333,0.000049
475.066667,0.000009
475.1,0.000000
475.133333,0.000000
475.166667,0.000011
475.2,0.000037
475.233333,0.000003
475.266667,0.000010
475.3,0.013374
475.333333,0.000023
475.366667,0.000271
475.4,0.000081
475.433333,0.000044
475.466667,0.000016
475.5,0.000007
475.533333,0.000007
475.566667,0.000006
475.6,0.000003
475.633333,0.000008
475.666667,0.000003
475.7,0.000010
475.733333,0.000007
475.766667,0.017653
475.8,0.035892
475.833333,0.025989
475.866667,0.031316
475.9,0.041668
475.933333,0.005204
475.966667,0.010538
476,0.000525
476.033333,0.001067
476.066667,0.000028
476.1,0.000090
476.133333,0.000156
476.166667,0.000555
476.2,0.002010
476.233333,0.001935
476.266667,0.000866
476.3,0.000078
476.333333,0.000470
476.366667,0.000129
476.4,0.001406
476.433333,0.000042
476.466667,0.000376
476.5,0.000553
476.533333,0.001102
476.566667,0.000015
476.6,0.000690
476.633333,0.000925
476.666667,0.002949
476.7,0.002005
476.733333,0.000440
476.766667,0.001976
476.8,0.002651
476.833333,0.000172
476.866667,0.000064
476.9,0.000029
476.933333,0.000007
476.966667,0.000002
477,0.000000
477.033333,0.000000
477.066667,0.000000
477.1,0.003999
477.133333,0.000030
477.166667,0.000013
477.2,0.000001
477.233333,0.000000
477.266667,0.000001
477.3,0.000001
477.333333,0.000004
477.366667,0.000002
477.4,0.000001
477.433333,0.000001
477.466667,0.000001
477.5,0.000001
477.533333,0.000000
477.566667,0.005246
477.6,0.574147
477.633333,0.000969
477.666667,0.000187
477.7,0.000179
477.733333,0.000020
477.766667,0.000023
477.8,0.000032
477.833333,0.000006
477.866667,0.000026
477.9,0.000009
477.933333,0.000020
477.966667,0.029104
478,0.000854
478.033333,0.000271
478.066667,0.000349
478.1,0.000002
478.133333,0.000013
478.166667,0.000028
478.2,0.000033
478.233333,0.000022
478.266667,0.000041
478.3,0.000024
478.333333,0.000025
478.366667,0.000037
478.4,0.000048
478.433333,0.022436
478.466667,0.001235
478.5,0.000465
478.533333,0.000278
478.566667,0.000273
478.6,0.000567
478.633333,0.000159
478.666667,0.000291
478.7,0.000015
478.733333,0.000029
478.766667,0.000010
478.8,0.000017
478.833333,0.000018
478.866667,0.000007
478.9,0.020116
478.933333,0.000921
478.966667,0.000045
479,0.000301
479.033333,0.000015
479.066667,0.000016
479.1,0.000023
479.133333,0.000008
479.166667,0.000012
479.2,0.000019
479.233333,0.000009
479.266667,0.000022
479.3,0.000010
479.333333,0.000020
479.366667,0.021319
479.4,0.000753
479.433333,0.000773
479.466667,0.000564
479.5,0.000055
479.533333,0.000063
479.566667,0.000214
479.6,0.000268
479.633333,0.037002
479.666667,0.000117
479.7,0.000053
479.733333,0.000011
479.766667,0.026184
479.8,0.000359
479.833333,0.000225
479.866667,0.000113
479.9,0.000600
479.933333,0.000179
479.966667,0.000034
480,0.001189
480.033333,0.000978
480.066667,0.000033
480.1,0.000037
480.133333,0.000042
480.166667,0.000044
480.2,0.000012
480.233333,0.018824
480.266667,0.000868
480.3,0.001162
480.333333,0.000720
480.366667,0.000227
480.4,0.000104
480.433333,0.000013
480.466667,0.000051
480.5,0.000037
480.533333,0.000036
480.566667,0.000069
480.6,0.000119
480.633333,0.000062
480.666667,0.000085
480.7,0.015687
480.733333,0.001389
480.766667,0.001533
480.8,0.000069
480.833333,0.000534
480.866667,0.000604
480.9,0.000296
480.933333,0.000529
480.966667,0.000070
481,0.000076
481.033333,0.000069
481.066667,0.000015
481.1,0.000003
481.133333,0.017750
481.166667,0.000084
481.2,0.000883
481.233333,0.000456
481.266667,0.000129
481.3,0.000048
481.333333,0.000011
481.366667,0.000001
481.4,0.000000
481.433333,0.000000
481.466667,0.000000
481.5,0.004826
481.533333,0.001668
481.566667,0.020495
481.6,0.000301
481.633333,0.002345
481.666667,0.000371
481.7,0.002692
481.733333,0.000039
481.766667,0.001068
481.8,0.036494
481.833333,0.002933
481.866667,0.000017
481.9,0.000268
481.933333,0.000699
481.966667,0.000290
482,0.000134
482.033333,0.017846
482.066667,0.000048
482.1,0.000326
482.133333,0.000321
482.166667,0.000247
482.2,0.000202
482.233333,0.000096
482.266667,0.000014
482.3,0.000005
482.333333,0.000002
482.366667,0.000002
482.4,0.000004
482.433333,0.000001
482.466667,0.000002
482.5,0.016168
482.533333,0.000054
482.566667,0.000332
482.6,0.000298
482.633333,0.000260
482.666667,0.000186
482.7,0.000096
482.733333,0.000014
482.766667,0.000004
482.8,0.000002
482.833333,0.000002
482.866667,0.000002
482.9,0.000000
482.933333,0.018186
482.966667,0.000060
483,0.000382
483.033333,0.000342
483.066667,0.000345
483.1,0.000020
483.133333,0.000177
483.166667,0.000026
483.2,0.000002
483.233333,0.000008
483.266667,0.000003
483.3,0.000004
483.333333,0.000001
483.366667,0.022272
483.4,0.000060
483.433333,0.000312
483.466667,0.000343
483.5,0.041167
483.533333,0.000266
483.566667,0.000108
483.6,0.000019
483.633333,0.000006
483.666667,0.000002
483.7,0.000002
483.733333,0.000003
483.766667,0.000001
483.8,0.000001
483.833333,0.018205
483.866667,0.000049
483.9,0.000304
483.933333,0.000306
483.966667,0.000238
484,0.000177
484.033333,0.000095
484.066667,0.000013
484.1,0.000004
484.133333,0.000003
484.166667,0.000003
484.2,0.000001
484.233333,0.000001
484.266667,0.016377
484.3,0.000056
484.333333,0.000321
484.366667,0.000291
484.4,0.000257
484.433333,0.000091
484.466667,0.000030
484.5,0.000004
484.533333,0.000005
484.566667,0.000001
484.6,0.000004
484.633333,0.000001
484.666667,0.000000
484.7,0.000001
484.733333,0.018627
484.766667,0.004790
484.8,0.000510
484.833333,0.000309
484.866667,0.000278
484.9,0.000116
484.933333,0.000181
484.966667,0.000034
485,0.000003
485.033333,0.000009
485.066667,0.000004
485.1,0.000003
485.133333,0.000001
485.166667,0.022861
485.2,0.000061
485.233333,0.000314
485.266667,0.000339
485.3,0.000289
485.333333,0.000187
485.366667,0.000097
485.4,0.000011
485.433333,0.000005
485.466667,0.000002
485.5,0.000004
485.533333,0.000000
485.566667,0.000002
485.6,0.018161
485.633333,0.000045
485.666667,0.000307
485.7,0.000314
485.733333,0.000240
485.766667,0.000185
485.8,0.000093
485.833333,0.000014
485.866667,0.000006
485.9,0.000002
485.933333,0.000001
485.966667,0.000002
486,0.000001
486.033333,0.000000
486.066667,0.036919
486.1,0.000058
486.133333,0.000335
486.166667,0.000284
486.2,0.000254
486.233333,0.000188
486.266667,0.000091
486.3,0.000014
486.333333,0.000003
486.366667,0.000003
486.4,0.000002
486.433333,0.000003
486.466667,0.000001
486.5,0.000000
486.533333,0.018582
486.566667,0.000069
486.6,0.000377
486.633333,0.000341
486.666667,0.000346
486.7,0.000019
486.733333,0.000179
486.766667,0.000030
486.8,0.000000
486.833333,0.000008
486.866667,0.000002
486.9,0.000003
486.933333,0.022878
486.966667,0.000057
487,0.000316
487.033333,0.000335
487.066667,0.000170
487.1,0.000077
487.133333,0.000099
487.166667,0.000012
487.2,0.000004
487.233333,0.000009
487.266667,0.000002
487.3,0.000002
487.333333,0.000001
487.366667,0.000001
487.4,0.018165
487.433333,0.000048
487.466667,0.000297
487.5,0.000316
487.533333,0.000171
487.566667,0.522658
487.6,0.000022
487.633333,0.000301
487.666667,0.000005
487.7,0.000055
487.733333,0.000737
487.766667,0.000008
487.8,0.000023
487.833333,0.000283
487.866667,0.000043
487.9,0.000091
487.933333,0.000005
487.966667,0.000108
488,0.002267
488.033333,0.000113
488.066667,0.000034
488.1,0.000009
488.133333,0.000002
488.166667,0.000000
488.2,0.000000
488.233333,0.000000
488.266667,0.000000
488.3,0.000000
488.333333,0.000000
488.366667,0.000000
488.4,0.000000
488.433333,0.000000
488.466667,0.000000
488.5,0.000000
488.533333,0.000000
488.566667,0.016877
488.6,0.000035
488.633333,0.000009
488.666667,0.000001
488.7,0.000000
488.733333,0.000000
488.766667,0.000000
488.8,0.000000
488.833333,0.000000
488.866667,0.000000
488.9,0.000000
488.933333,0.000000
488.966667,0.000000
489,0.000000
489.033333,0.000000
489.066667,0.000000
489.1,0.000000
489.133333,0.000000
489.166667,0.000000
489.2,0.000000
489.233333,0.000000
489.266667,0.000000
489.3,0.000000
489.333333,0.000000
489.366667,0.000000
489.4,0.000000
489.433333,0.000000
489.466667,0.076409
489.5,0.000070
489.533333,0.000034
489.566667,0.000006
489.6,0.000001
489.633333,0.000000
489.666667,0.000000
489.7,0.000000
489.733333,0.020371
489.766667,0.000038
489.8,0.000009
489.833333,0.000001
489.866667,0.000000
489.9,0.000000
489.933333,0.000000
489.966667,0.000000
490,0.000000
490.033333,0.000000
490.066667,0.000000
490.1,0.000000
490.133333,0.000000
490.166667,0.000000
490.2,0.000000
490.233333,0.000000
490.266667,0.000000
490.3,0.000000
490.333333,0.000000
490.366667,0.000000
490.4,0.000000
490.433333,0.000000
490.466667,0.000000
490.5,0.000000
490.533333,0.035058
490.566667,0.000042
490.6,0.000012
490.633333,0.000002
490.666667,0.000000
490.7,0.000000
490.733333,0.000000
490.766667,0.000000
490.8,0.000000
490.833333,0.000000
490.866667,0.000000
490.9,0.000000
490.933333,0.000000
490.966667,0.000000
491,0.000000
491.033333,0.000000
491.066667,0.000000
491.1,0.000000
491.133333,0.000000
491.166667,0.000000
491.2,0.000000
491.233333,0.000000
491.266667,0.000000
491.3,0.000000
491.333333,0.000000
491.366667,0.000000
491.4,0.000000
491.433333,0.000000
491.466667,0.000000
491.5,0.000000
491.533333,0.000000
491.566667,0.000000
491.6,0.000000
491.633333,0.000000
491.666667,0.000000
491.7,0.000000
491.733333,0.000000
491.766667,0.000000
491.8,0.000000
491.833333,0.000000
491.866667,0.000000
491.9,0.000000
491.933333,0.000000
491.966667,0.000000
492,0.000000
492.033333,0.000000
492.066667,0.000000
492.1,0.000000
492.133333,0.000000
492.166667,0.000000
492.2,0.000000
492.233333,0.000000
492.266667,0.000000
492.3,0.000000
492.333333,0.036996
492.366667,0.000055
492.4,0.000022
492.433333,0.000003
492.466667,0.000001
492.5,0.000000
492.533333,0.000000
492.566667,0.000000
492.6,0.000000
492.633333,0.000000
492.666667,0.000000
492.7,0.000000
492.733333,0.000000
492.766667,0.000000
492.8,0.000000
492.833333,0.000000
492.866667,0.000000
492.9,0.000000
492.933333,0.000000
492.966667,0.000000
493,0.000000
493.033333,0.000000
493.066667,0.000000
493.1,0.000000
493.133333,0.000000
493.166667,0.000000
493.2,0.000000
493.233333,0.000000
493.266667,0.000000
493.3,0.000000
493.333333,0.043357
493.366667,0.000043
493.4,0.000013
493.433333,0.000002
493.466667,0.000000
493.5,0.000000
493.533333,0.000000
493.566667,0.000000
493.6,0.000000
493.633333,0.000000
493.666667,0.000000
493.7,0.000000
493.733333,0.000000
493.766667,0.000000
493.8,0.000000
493.833333,0.000000
493.866667,0.000000
493.9,0.000000
493.933333,0.000000
493.966667,0.000000
494,0.000000
494.033333,0.000000
494.066667,0.000000
494.1,0.000000
494.133333,0.000000
494.166667,0.000000
494.2,0.000000
494.233333,0.000000
494.266667,0.000000
494.3,0.000000
494.333333,0.000000
494.366667,0.000000
494.4,0.000000
494.433333,0.000000
494.466667,0.000000
494.5,0.000000
494.533333,0.000000
494.566667,0.000000
494.6,0.000000
494.633333,0.000000
494.666667,0.000000
494.7,0.000000
494.733333,0.000000
494.766667,0.000000
494.8,0.000000
494.833333,0.000000
494.866667,0.000000
494.9,0.000000
494.933333,0.000000
494.966667,0.000000
495,0.000000
495.033333,0.000000
495.066667,0.000000
495.1,0.000000
495.133333,1.000000
495.166667,0.000017
495.2,0.122788
495.233333,0.000153
495.266667,0.091960
495.3,0.002457
495.333333,0.000239
495.366667,0.096870
495.4,0.002593
495.433333,0.001351
495.466667,0.002425
495.5,0.000440
495.533333,0.095327
495.566667,0.001085
495.6,0.001819
495.633333,0.001070
495.666667,0.000435
495.7,0.091234
495.733333,0.000026
495.766667,0.000349
495.8,0.000316
495.833333,0.000431
495.866667,0.092553
495.9,0.003554
495.933333,0.004627
495.966667,0.000106
496,0.004856
496.033333,0.098332
496.066667,0.001257
496.1,0.001353
496.133333,0.006107
496.166667,0.000474
496.2,0.121613
496.233333,0.010977
496.266667,0.016256
496.3,0.016793
496.333333,0.000440
496.366667,0.178240
496.4,0.017692
496.433333,0.011217
496.466667,0.015574
496.5,0.000468
496.533333,0.236717
496.566667,0.002771
496.6,0.011746
496.633333,0.014779
496.666667,0.000549
496.7,0.278867
496.733333,0.036449
496.766667,0.021454
496.8,0.019786
496.833333,0.000572
496.866667,0.188468
496.9,0.028988
496.933333,0.013751
496.966667,0.003799
497,0.000537
497.033333,0.123305
497.066667,0.010624
497.1,0.007232
497.133333,0.000439
497.166667,0.000259
497.2,0.105436
497.233333,0.000232
497.266667,0.002343
497.3,0.006747
497.333333,0.000425
497.366667,0.092524
497.4,0.031708
497.433333,0.036298
497.466667,0.001902
497.5,0.000275
497.533333,0.085609
497.566667,0.001639
497.6,0.001518
497.633333,0.001401
497.666667,0.000379
497.7,0.091407
497.733333,0.001227
497.766667,0.000737
497.8,0.002452
497.833333,0.000471
497.866667,0.091743
497.9,0.000960
497.933333,0.002120
497.966667,0.004636
498,0.000390
498.033333,0.103684
498.066667,0.000539
498.1,0.000035
498.133333,0.002273
498.166667,0.000445
498.2,0.102583
498.233333,0.002181
498.266667,0.003471
498.3,0.002840
498.333333,0.000428
498.366667,0.105860
498.4,0.013604
498.433333,0.004479
498.466667,0.004097
498.5,0.000443
498.533333,0.084261
498.566667,0.002645
498.6,0.000341
498.633333,0.000669
498.666667,0.000452
498.7,0.088605
498.733333,0.000397
498.766667,0.001199
498.8,0.002226
498.833333,0.000408
498.866667,0.088475
498.9,0.003011
498.933333,0.001702
498.966667,0.001033
499,0.000430
499.033333,0.095414
499.066667,0.001030
499.1,0.000055
499.133333,0.003325
499.166667,0.000452
499.2,0.093768
499.233333,0.000593
499.266667,0.000380
499.3,0.001951
499.333333,0.000457
499.366667,0.097797
499.4,0.000558
499.433333,0.000879
499.466667,0.003526
499.5,0.000435
499.533333,0.096158
499.566667,0.002819
499.6,0.002215
499.633333,0.002277
499.666667,0.000468
499.7,0.129948
499.733333,0.022128
499.766667,0.000302
499.8,0.000387
499.833333,0.000244
499.866667,0.111246
499.9,0.002058
499.933333,0.002676
499.966667,0.001012
500,0.000485
500.033333,0.119637
500.066667,0.001661
500.1,0.000362
500.133333,0.001516
500.166667,0.000517
500.2,0.121509
500.233333,0.002075
500.266667,0.000734
500.3,0.000824
500.333333,0.000511
500.366667,0.124754
500.4,0.000574
500.433333,0.000161
500.466667,0.003404
500.5,0.000164
500.533333,0.117225
500.566667,0.002654
500.6,0.002376
500.633333,0.002018
500.666667,0.000482
500.7,0.116185
500.733333,0.000176
500.766667,0.000706
500.8,0.002344
500.833333,0.000155
500.866667,0.115513
500.9,0.001025
500.933333,0.000080
500.966667,0.017146
501,0.000520
501.033333,0.114841
501.066667,0.002749
501.1,0.003383
501.133333,0.006366
501.166667,0.000163
501.2,0.102331
501.233333,0.000975
501.266667,0.000866
501.3,0.000036
501.333333,0.000512
501.366667,0.101439
501.4,0.001622
501.433333,0.002258
501.466667,0.003367
501.5,0.000233
501.533333,0.094171
501.566667,0.002843
501.6,0.000081
501.633333,0.001808
501.666667,0.000445
501.7,0.099139
501.733333,0.001466
501.766667,0.000688
501.8,0.000531
501.833333,0.000441
501.866667,0.098952
501.9,0.002105
501.933333,0.012521
501.966667,0.012132
502,0.000401
502.033333,0.102787
502.066667,0.000722
502.1,0.000482
502.133333,0.000192
502.166667,0.000449
502.2,0.103130
502.233333,0.003219
502.266667,0.002479
502.3,0.001446
502.333333,0.000409
502.366667,0.108935
502.4,0.000294
502.433333,0.001443
502.466667,0.000563
502.5,0.000121
502.533333,0.113162
502.566667,0.003705
502.6,0.001738
502.633333,0.005245
502.666667,0.000409
502.7,0.130636
502.733333,0.001944
502.766667,0.001889
502.8,0.003051
502.833333,0.000486
502.866667,0.129443
502.9,0.001688
502.933333,0.002648
502.966667,0.000271
503,0.000460
503.033333,0.131590
503.066667,0.000286
503.1,0.002829
503.133333,1.000000
503.166667,0.047024
503.2,0.039587
503.233333,0.003696
503.266667,0.004269
503.3,0.013852
503.333333,0.016908
503.366667,0.024626
503.4,0.001690
503.433333,0.000267
503.466667,0.000771
503.5,0.001843
503.533333,0.000001
503.566667,0.000259
503.6,0.001224
503.633333,0.000022
503.666667,0.000115
503.7,0.000870
503.733333,0.000166
503.766667,0.000012
503.8,0.000001
503.833333,0.000014
503.866667,0.000002
503.9,0.000017
503.933333,0.000014
503.966667,0.000018
504,0.001681
504.033333,0.000910
504.066667,0.000004
504.1,0.000002
504.133333,0.000030
504.166667,0.000008
504.2,0.000035
504.233333,0.000027
504.266667,0.000008
504.3,0.000044
504.333333,0.000032
504.366667,0.000030
504.4,0.000040
504.433333,0.000044
504.466667,0.000047
504.5,0.000057
504.533333,0.000076
504.566667,0.000064
504.6,0.000119
504.633333,0.000120
504.666667,0.000200
504.7,0.000030
504.733333,0.000010
504.766667,0.000002
504.8,0.000000
504.833333,0.000000
504.866667,0.000000
504.9,0.000000
504.933333,0.000000
504.966667,0.000000
505,0.000000
505.033333,0.000000
505.066667,0.000000
505.1,0.000000
505.133333,0.000000
505.166667,0.000000
505.2,0.000000
505.233333,0.000000
505.266667,0.000000
505.3,0.000000
505.333333,0.000000
505.366667,0.000000
505.4,0.000000
505.433333,0.000000
505.466667,0.000000
505.5,0.000000
505.533333,0.000000
505.566667,0.000000
505.6,0.000000
505.633333,0.069625
505.666667,0.000058
505.7,0.000027
505.733333,0.000005
505.766667,0.000001
505.8,0.000000
505.833333,0.000000
505.866667,0.000000
505.9,0.000000
505.933333,0.000000
505.966667,0.000000
506,0.000000
506.033333,0.000000
506.066667,0.000000
506.1,0.000000
506.133333,0.000000
506.166667,0.000000
506.2,0.000000
506.233333,0.000000
506.266667,0.000000
506.3,0.000000
506.333333,0.000000
506.366667,0.000000
506.4,0.000000
506.433333,0.000000
506.466667,0.000000
506.5,0.000000
506.533333,0.000000
506.566667,0.000000
506.6,0.000000
506.633333,0.000000
506.666667,0.000000
506.7,0.000000
506.733333,0.000000
506.766667,0.000000
506.8,0.000000
506.833333,0.000000
506.866667,0.000000
506.9,0.000000
506.933333,0.000000
506.966667,0.000000
507,0.000000
507.033333,0.000000
507.066667,0.000000
507.1,0.023059
507.133333,0.000033
507.166667,0.000010
507.2,0.000002
507.233333,0.000000
507.266667,0.000000
507.3,0.000000
507.333333,0.000000
507.366667,0.000000
507.4,0.000000
507.433333,0.000000
507.466667,0.000000
507.5,0.000000
507.533333,0.000000
507.566667,0.000000
507.6,0.000000
507.633333,0.000000
507.666667,0.000000
507.7,0.000000
507.733333,0.000000
507.766667,0.000000
507.8,0.000000
507.833333,0.000000
507.866667,0.000000
507.9,0.000000
507.933333,0.000000
507.966667,0.000000
508,0.000000
508.033333,0.000000
508.066667,0.000000
508.1,0.000000
508.133333,0.038339
508.166667,0.000041
508.2,0.000015
508.233333,0.000002
508.266667,0.000000
508.3,0.000000
508.333333,0.000000
508.366667,0.000000
508.4,0.000000
508.433333,0.000000
508.466667,0.000000
508.5,0.000000
508.533333,0.000000
508.566667,0.000000
508.6,0.000000
508.633333,0.000000
508.666667,0.000000
508.7,0.000000
508.733333,0.000000
508.766667,0.000000
508.8,0.000000
508.833333,0.000000
508.866667,0.000000
508.9,0.000000
508.933333,0.000000
508.966667,0.000000
509,0.000000
509.033333,0.000000
509.066667,0.000000
509.1,0.000000
509.133333,0.000000
509.166667,0.000000
509.2,0.000000
509.233333,0.000000
509.266667,0.000000
509.3,0.000000
509.333333,0.000000
509.366667,0.000000
509.4,0.000000
509.433333,0.000000
509.466667,0.000000
509.5,0.000000
509.533333,0.000000
509.566667,0.000000
509.6,0.000000
509.633333,0.000000
509.666667,0.000000
509.7,0.000000
509.733333,0.000000
509.766667,0.000000
509.8,0.000000
509.833333,0.000000
509.866667,0.000000
509.9,0.000000
509.933333,0.000000
509.966667,0.000000
510,0.000000
510.033333,0.000000
510.066667,0.000000
510.1,0.000000
510.133333,0.000000
510.166667,0.046508
510.2,0.000039
510.233333,0.000015
510.266667,0.000003
510.3,0.000000
510.333333,0.000000
510.366667,0.000000
510.4,0.000000
510.433333,0.000000
510.466667,0.000000
510.5,0.000000
510.533333,0.000000
510.566667,0.000000
510.6,0.000000
510.633333,0.000000
510.666667,0.000000
510.7,0.000000
510.733333,0.000000
510.766667,0.000000
510.8,0.000000
510.833333,0.000000
510.866667,0.000000
510.9,0.000000
510.933333,0.000000
510.966667,0.000000
511,0.000000
511.033333,0.000000
511.066667,0.000000
511.1,0.000000
511.133333,0.000000
511.166667,0.000000
511.2,0.000000
511.233333,0.000000
511.266667,0.000000
511.3,0.000000
511.333333,0.000000
511.366667,0.000000
511.4,0.000000
511.433333,0.000000
511.466667,0.000000
511.5,0.000000
511.533333,0.000000
511.566667,0.000000
511.6,0.000000
511.633333,0.000000
511.666667,0.000000
511.7,0.000000
511.733333,0.000000
511.766667,0.000000
511.8,0.000000
511.833333,0.000000
511.866667,0.000000
511.9,0.000000
511.933333,0.000000
511.966667,0.000000
512,0.000246
512.033333,0.000074
512.066667,0.000023
512.1,0.000006
512.133333,0.000001
512.166667,0.000000
512.2,0.000000
512.233333,0.000000
512.266667,0.000000
512.3,0.000000
512.333333,0.000000
512.366667,0.000000
512.4,0.000000
512.433333,0.000000
512.466667,0.000000
512.5,0.000000
512.533333,0.000000
512.566667,0.000000
512.6,0.000000
512.633333,0.000000
512.666667,0.000000
512.7,0.000000
512.733333,0.000000
512.766667,0.000000
512.8,0.000000
512.833333,0.000000
512.866667,0.000000
512.9,0.306799
512.933333,0.000000
512.966667,0.000000
513,0.000000
513.033333,0.000000
513.066667,0.000000
513.1,0.000000
513.133333,0.000012
513.166667,0.000103
513.2,0.000127
513.233333,0.000179
513.266667,0.000271
513.3,0.000407
513.333333,0.000551
513.366667,0.000745
513.4,0.000905
513.433333,0.001042
513.466667,0.001117
513.5,0.001291
513.533333,0.001295
513.566667,0.001343
513.6,0.001361
513.633333,0.001436
513.666667,0.001129
513.7,0.000772
513.733333,0.000356
513.766667,0.000437
513.8,0.000729
513.833333,0.000546
513.866667,0.000552
513.9,0.000756
513.933333,0.000108
513.966667,0.000044
514,0.000218
514.033333,0.000868
514.066667,0.000834
514.1,0.001010
514.133333,0.000961
514.166667,0.000020
514.2,0.000729
514.233333,0.001417
514.266667,0.001945
514.3,0.002253
514.333333,0.002990
514.366667,0.002788
514.4,0.002259
514.433333,0.000999
514.466667,0.000752
514.5,0.001815
514.533333,0.002540
514.566667,0.002542
514.6,0.002205
514.633333,0.001449
514.666667,0.000305
514.7,0.000244
514.733333,0.001285
514.766667,0.001550
514.8,0.002408
514.833333,0.002249
514.866667,0.002004
514.9,0.000985
514.933333,0.001437
514.966667,0.001918
515,0.002715
515.033333,0.002453
515.066667,0.002494
515.1,0.002062
515.133333,0.001999
515.166667,0.001633
515.2,0.001592
515.233333,0.001335
515.266667,0.001025
515.3,0.001223
515.333333,0.000678
515.366667,0.000639
515.4,0.000717
515.433333,0.000525
515.466667,0.000456
515.5,0.000357
515.533333,0.000615
515.566667,0.000100
515.6,0.000631
515.633333,0.000160
515.666667,0.000199
515.7,0.000219
515.733333,0.000083
515.766667,0.000122
515.8,0.000102
515.833333,0.000084
515.866667,0.000289
515.9,0.000732
515.933333,0.000509
515.966667,0.000154
516,0.000021
516.033333,0.000155
516.066667,0.000057
516.1,0.000017
516.133333,0.000145
516.166667,0.000216
516.2,0.000056
516.233333,0.000314
516.266667,0.000016
516.3,0.000148
516.333333,0.000350
516.366667,0.000012
516.4,0.000129
516.433333,0.000280
516.466667,0.000070
516.5,0.000092
516.533333,0.000120
516.566667,0.000081
516.6,0.000069
516.633333,0.000080
516.666667,0.000073
516.7,0.000069
516.733333,0.000008
516.766667,0.000046
516.8,0.000072
516.833333,0.000069
516.866667,0.000037
516.9,0.000215
516.933333,0.000070
516.966667,0.000107
517,0.000018
517.033333,0.000039
517.066667,0.000024
517.1,0.000040
517.133333,0.000035
517.166667,0.000071
517.2,0.000076
517.233333,0.000102
517.266667,0.000090
517.3,0.000139
517.333333,0.000106
517.366667,0.000093
517.4,0.000084
517.433333,0.000061
517.466667,0.000081
517.5,0.000057
517.533333,0.000050
517.566667,0.000046
517.6,0.000040
517.633333,0.000036
517.666667,0.000035
517.7,0.000042
517.733333,0.000049
517.766667,0.000049
517.8,0.000035
517.833333,0.000013
517.866667,0.000004
517.9,0.000504
517.933333,0.000104
517.966667,0.000031
518,0.000010
518.033333,0.000007
518.066667,0.000002
518.1,0.000001
518.133333,0.000000
518.166667,0.000000
518.2,0.000000
518.233333,0.000000
518.266667,0.000000
518.3,0.000000
518.333333,0.000000
518.366667,0.000000
518.4,0.000000
518.433333,0.000000
518.466667,0.000000
518.5,0.000000
518.533333,0.000000
518.566667,0.000000
518.6,0.000000
518.633333,0.000000
518.666667,0.000000
