t,YDIF
0,0
0.0333333,0.202817
0.0666667,0.200478
0.1,0.0208862
0.133333,0.00183929
0.166667,7.14286
0.2,0
0.233333,0
0.266667,0
0.3,0
0.333333,0
0.366667,0
0.4,0
0.433333,0
0.466667,0
0.5,0
0.533333,0
0.566667,0
0.6,0
0.633333,0
0.666667,0
0.7,0
0.733333,0
0.766667,0.0194263
0.8,3.13467
0.833333,9.3012
0.866667,8.8468
0.9,6.2299
0.933333,0.0107321
0.966667,0.00115848
1,2.67857
1.033333,0
1.066667,0
1.1,0
1.133333,0
1.166667,0
1.2,0
1.233333,0
1.266667,0
1.3,0
1.333333,0
1.366667,0
1.4,0
1.433333,0
1.466667,0
1.5,0
1.533333,0
1.566667,0
1.6,0
1.633333,0
1.666667,0
1.7,0
1.733333,0
1.766667,0
1.8,0
1.833333,0
1.866667,0
1.9,0
1.933333,0
1.966667,0
2,5.01775
2.033333,5.16174
2.066667,5.43937
2.1,5.77576
2.133333,5.58494
2.166667,4.84139
2.2,0.0086942
2.233333,0.000825893
2.266667,2.67857
2.3,0
2.333333,0
2.366667,0
2.4,0
2.433333,0
2.466667,0
2.5,0
2.533333,0
2.566667,0
2.6,0
2.633333,0
2.666667,0
2.7,0
2.733333,0
2.766667,0
2.8,0
2.833333,0
2.866667,0
2.9,0
2.933333,0
2.966667,0
3,0
3.033333,0
3.066667,0
3.1,0
3.133333,0
3.166667,0
3.2,0
3.233333,0
3.266667,0
3.3,0
3.333333,0
3.366667,0
3.4,0
3.433333,0
3.466667,0
3.5,0
3.533333,0
3.566667,0
3.6,175.925
3.633333,8.96289
3.666667,8.88129
3.7,8.8754
3.733333,8.89897
3.766667,8.83671
3.8,8.87968
3.833333,8.91637
3.866667,8.84485
3.9,8.89752
3.933333,8.93326
3.966667,8.8993
4,8.95907
4.033333,8.9312
4.066667,8.87986
4.1,8.84515
4.133333,8.76521
4.166667,8.6346
4.2,8.51197
4.233333,8.4663
4.266667,8.25764
4.3,8.12031
4.333333,7.94608
4.366667,7.87001
4.4,7.89218
4.433333,7.82694
4.466667,7.3898
4.5,7.09264
4.533333,6.74512
4.566667,6.53465
4.6,6.5383
4.633333,6.53186
4.666667,6.51367
4.7,6.48301
4.733333,8.13065
4.766667,6.91446
4.8,6.52227
4.833333,6.29824
4.866667,5.92894
4.9,5.60064
4.933333,5.47567
4.966667,5.18002
5,5.11536
5.033333,5.09627
5.066667,5.01311
5.1,5.00226
5.133333,4.88394
5.166667,4.71057
5.2,4.36444
5.233333,4.38511
5.266667,4.36072
5.3,4.33292
5.333333,4.35603
5.366667,4.3348
5.4,4.25265
5.433333,4.20553
5.466667,3.98774
5.5,3.84302
5.533333,3.78441
5.566667,3.80807
5.6,3.92061
5.633333,3.92996
5.666667,3.87484
5.7,3.90524
5.733333,3.85215
5.766667,3.87301
5.8,3.95002
5.833333,4.02536
5.866667,4.0259
5.9,4.05264
5.933333,4.18108
5.966667,4.32324
6,4.40238
6.033333,4.39896
6.066667,4.46819
6.1,4.66029
6.133333,4.75708
6.166667,4.78543
6.2,4.85311
6.233333,4.79875
6.266667,4.64835
6.3,22.2404
6.333333,5.04186
6.366667,5.03722
6.4,5.08856
6.433333,5.0007
6.466667,4.98536
6.5,4.97378
6.533333,4.79555
6.566667,4.61671
6.6,4.65147
6.633333,4.42422
6.666667,4.35195
6.7,4.47798
6.733333,4.51954
6.766667,4.52008
6.8,4.61089
6.833333,4.67312
6.866667,4.73414
6.9,4.84892
6.933333,5.38904
6.966667,5.56763
7,5.64482
7.033333,5.73995
7.066667,5.84219
7.1,5.99254
7.133333,5.96101
7.166667,5.86988
7.2,5.96675
7.233333,6.04749
7.266667,6.08714
7.3,6.18941
7.333333,6.31741
7.366667,6.2841
7.4,6.28007
7.433333,6.36576
7.466667,18.3655
7.5,0.0759308
7.533333,0.0738214
7.566667,0.0726295
7.6,0.0748862
7.633333,0.0766518
7.666667,0.0771763
7.7,0.0745156
7.733333,0.075317
7.766667,0.0744196
7.8,0.0732187
7.833333,0.0728996
7.866667,0.0758527
7.9,0.0767277
7.933333,0.0779509
7.966667,0.0770781
8,0.176578
8.033333,0.091817
8.066667,0.107442
8.1,0.0682344
8.133333,0.0614018
8.166667,0.0629531
8.2,0.0619375
8.233333,0.0616987
8.266667,0.0620737
8.3,0.0628616
8.333333,0.0637701
8.366667,0.0658951
8.4,0.0676183
8.433333,0.0668259
8.466667,0.0642835
8.5,0.0659397
8.533333,0.0643683
8.566667,0.0592701
8.6,0.0605781
8.633333,0.0617522
8.666667,0.0629375
8.7,0.0640714
8.733333,0.0658527
8.766667,0.0672991
8.8,0.0636138
8.833333,0.0654598
8.866667,0.063625
8.9,0.0641071
8.933333,82.9611
8.966667,0.00136607
9,0.0157433
9.033333,0.0286071
9.066667,0.0174509
9.1,0.00911161
9.133333,0.00455134
9.166667,0.00428125
9.2,0.00425893
9.233333,0.00425
9.266667,0.00425893
9.3,0.00425
9.333333,0.00425893
9.366667,0.00425
9.4,0.00425893
9.433333,0.00425
9.466667,0.00425893
9.5,0.00425
9.533333,0.00425893
9.566667,0.00425
9.6,0.00425893
9.633333,0.00425
9.666667,0.00425893
9.7,0.00425
9.733333,0.00425893
9.766667,0.00425
9.8,0.00425893
9.833333,0.00425
9.866667,0.00425893
9.9,0.00425
9.933333,0.00425893
9.966667,0.00425
10,0.00425893
10.033333,0.00425
10.066667,0.00425893
10.1,0.00425
10.133333,0.00425893
10.166667,0.00425
10.2,0.00425893
10.233333,0.00425
10.266667,0.00425893
10.3,0.00425
10.333333,0.00425893
10.366667,0.00425
10.4,0.00425893
10.433333,0.00425
10.466667,0.00425893
10.5,0.00425
10.533333,0.00425893
10.566667,0.00425
10.6,0.00425893
10.633333,0.00425
10.666667,0.00425893
10.7,0.00425
10.733333,0.00425893
10.766667,0.00425
10.8,0.00425893
10.833333,0.00425
10.866667,0.00425893
10.9,0.00425
10.933333,0.00425893
10.966667,0.00425
11,0.00425893
11.033333,0.00425
11.066667,0.00425893
11.1,0.00425
11.133333,0.00425893
11.166667,0.00425
11.2,0.00425893
11.233333,0.00425
11.266667,0.00425893
11.3,0.00425
11.333333,0.00425893
11.366667,0.00425
11.4,0.00425893
11.433333,0.00425
11.466667,0.00425893
11.5,0.00425
11.533333,0.00425893
11.566667,0.00425
11.6,0.00425893
11.633333,0.00425
11.666667,0.00425893
11.7,0.00425
11.733333,0.00425893
11.766667,0.00425
11.8,0.00425893
11.833333,0.00425
11.866667,0.00425893
11.9,0.00425
11.933333,0.00425893
11.966667,0.00425
12,0.00425893
12.033333,0.00425
12.066667,0.00425893
12.1,0.00425
12.133333,0.00425893
12.166667,0.00425
12.2,0.00425893
12.233333,0.00425
12.266667,0.00425893
12.3,0.00425
12.333333,0.00425893
12.366667,0.00425
12.4,0.00425893
12.433333,0.00425
12.466667,0.00425893
12.5,0.00425
12.533333,0.00425893
12.566667,0.00425
12.6,0.00425893
12.633333,0.00425
12.666667,0.00425893
12.7,0.00425
12.733333,0.00425893
12.766667,0.00425
12.8,0.00425893
12.833333,0.00425
12.866667,0.00425893
12.9,0.00425
12.933333,0.00425893
12.966667,0.00425
13,0.00425893
13.033333,0.00425
13.066667,0.00425893
13.1,0.00425
13.133333,0.00425893
13.166667,0.00425
13.2,0.00425893
13.233333,0.00425
13.266667,0.00425893
13.3,0.00425
13.333333,0.00425893
13.366667,0.00425
13.4,0.00425893
13.433333,0.00425
13.466667,0.00425893
13.5,0.00425
13.533333,0.00425893
13.566667,0.00425
13.6,0.00425893
13.633333,0.00425
13.666667,0.00425893
13.7,0.00425
13.733333,0.00425893
13.766667,0.00425
13.8,0.00425893
13.833333,0.00425
13.866667,0.00425893
13.9,0.00425
13.933333,0.00425893
13.966667,1.85723
14,1.87758
14.033333,1.89474
14.066667,1.89431
14.1,1.89638
14.133333,1.89267
14.166667,1.90738
14.2,1.89432
14.233333,1.91358
14.266667,1.8922
14.3,1.92436
14.333333,1.89577
14.366667,1.9165
14.4,1.91318
14.433333,1.91161
14.466667,1.91321
14.5,1.90429
14.533333,1.91717
14.566667,1.89906
14.6,2.85186
14.633333,2.69823
14.666667,1.92665
14.7,1.9375
14.733333,1.91301
14.766667,1.9254
14.8,1.93997
14.833333,1.91873
14.866667,1.93985
14.9,1.9351
14.933333,1.9344
14.966667,0.0795826
15,0.18621
15.033333,0.0244643
15.066667,0.0736138
15.1,0.00731696
15.133333,0.0817701
15.166667,0.00903795
15.2,0.0201362
15.233333,0.0130714
15.266667,0.0115156
15.3,0.0114598
15.333333,0.0114375
15.366667,0.0114286
15.4,0.0114375
15.433333,0.0114286
15.466667,0.0114375
15.5,0.0114286
15.533333,0.0114375
15.566667,0.0114286
15.6,0.0114375
15.633333,0.0114286
15.666667,0.0114375
15.7,0.0114286
15.733333,0.0114375
15.766667,0.0114286
15.8,0.0114375
15.833333,0.0114286
15.866667,0.0114375
15.9,0.0114286
15.933333,0.0114375
15.966667,0.0114286
16,0.261049
16.033333,0.0114643
16.066667,0.00372991
16.1,0.00289509
16.133333,0.00267188
16.166667,0.00266071
16.2,0.00266071
16.233333,0.00266071
16.266667,0.00266071
16.3,0.00266071
16.333333,0.00266071
16.366667,0.00266071
16.4,0.00266071
16.433333,0.00266071
16.466667,0.00266071
16.5,0.00266071
16.533333,0.00266071
16.566667,0.00266071
16.6,0.00266071
16.633333,0.00266071
16.666667,0.00266071
16.7,0.00266071
16.733333,0.00266071
16.766667,0.00266071
16.8,98.2559
16.833333,3.58254
16.866667,3.39926
16.9,3.28943
16.933333,3.11687
16.966667,3.6095
17,3.05073
17.033333,4.14533
17.066667,4.43345
17.1,4.19333
17.133333,4.44679
17.166667,4.54594
17.2,4.21673
17.233333,4.54619
17.266667,4.09745
17.3,4.04996
17.333333,3.50272
17.366667,3.26033
17.4,2.92841
17.433333,2.73127
17.466667,2.54383
17.5,2.40366
17.533333,2.59462
17.566667,2.49476
17.6,2.56197
17.633333,2.676
17.666667,2.68189
17.7,2.71577
17.733333,2.71443
17.766667,2.69252
17.8,2.68088
17.833333,68.0129
17.866667,1.30086
17.9,1.55549
17.933333,1.66314
17.966667,1.80883
18,1.95566
18.033333,2.09985
18.066667,1.79607
18.1,1.93019
18.133333,1.88179
18.166667,2.11488
18.2,2.48354
18.233333,3.11376
18.266667,3.374
18.3,3.55317
18.333333,3.48375
18.366667,3.88625
18.4,4.09307
18.433333,3.8185
18.466667,3.69837
18.5,3.68681
18.533333,3.60788
18.566667,3.19315
18.6,3.31409
18.633333,4.15572
18.666667,3.99027
18.7,4.34484
18.733333,4.65593
18.766667,4.73492
18.8,4.68815
18.833333,0.539371
18.866667,4.38471
18.9,0.639578
18.933333,3.91327
18.966667,0.524185
19,3.24907
19.033333,0.511167
19.066667,1.91541
19.1,0.594346
19.133333,1.97045
19.166667,0.383942
19.2,0.821933
19.233333,0.363259
19.266667,1.20542
19.3,0.581315
19.333333,1.4811
19.366667,0.379701
19.4,1.71117
19.433333,144.393
19.466667,0.0547902
19.5,0.0446942
19.533333,0.13233
19.566667,0.0132344
19.6,0.0136429
19.633333,0.00877232
19.666667,0.00817188
19.7,0.00723438
19.733333,0.0105379
19.766667,0.0710067
19.8,0.185127
19.833333,0.207257
19.866667,0.203775
19.9,0.207623
19.933333,0.212996
19.966667,0.219067
20,0.339585
20.033333,0.292027
20.066667,0.257837
20.1,0.281321
20.133333,0.0616451
20.166667,0.0555089
20.2,0.395848
20.233333,0.701058
20.266667,0.713759
20.3,0.710766
20.333333,0.712194
20.366667,0.705926
20.4,0.704567
20.433333,0.699333
20.466667,0.841605
20.5,0.668451
20.533333,0.661096
20.566667,0.667661
20.6,0.673754
20.633333,0.02275
20.666667,0.280763
20.7,0.695203
20.733333,0.737806
20.766667,0.75129
20.8,0.756953
20.833333,0.754596
20.866667,0.786895
20.9,1.45342
20.933333,2.14358
20.966667,2.65259
21,2.9031
21.033333,3.61621
21.066667,4.03867
21.1,3.97236
21.133333,3.24035
21.166667,2.62541
21.2,2.03429
21.233333,1.8076
21.266667,1.65579
21.3,0.77654
21.333333,0.627712
21.366667,0.472826
21.4,0.294754
21.433333,0.150748
21.466667,0.239036
21.5,0.0390357
21.533333,0.0265134
21.566667,0.0295826
21.6,0.108904
21.633333,0.0110804
21.666667,0.00658036
21.7,0.0164129
21.733333,0.00602679
21.766667,0.00580357
21.8,0.00446875
21.833333,0.00216741
21.866667,0.00203125
21.9,0.00146875
21.933333,0.00118304
21.966667,0.225417
22,0.0114375
22.033333,0.0145313
22.066667,0.00528795
22.1,0.00366295
22.133333,0.00335937
22.166667,0.00334375
22.2,0.00332589
22.233333,0.00333482
22.266667,129.626
22.3,2.44675
22.333333,2.37243
22.366667,2.50496
22.4,2.44002
22.433333,2.43273
22.466667,2.54091
22.5,2.45337
22.533333,2.76857
22.566667,2.38212
22.6,2.4691
22.633333,2.38403
22.666667,2.48775
22.7,2.44759
22.733333,2.37208
22.766667,2.83804
22.8,2.36717
22.833333,2.41079
22.866667,2.46297
22.9,2.46737
22.933333,2.41164
22.966667,2.43382
23,2.33019
23.033333,2.71595
23.066667,2.36869
23.1,2.44289
23.133333,2.34665
23.166667,2.41279
23.2,2.54347
23.233333,2.36114
23.266667,2.80163
23.3,2.36849
23.333333,2.41844
23.366667,2.82743
23.4,2.7862
23.433333,2.67313
23.466667,2.67504
23.5,2.61601
23.533333,2.91578
23.566667,2.64675
23.6,2.63403
23.633333,2.61112
23.666667,2.6482
23.7,2.65899
23.733333,2.58181
23.766667,2.96094
23.8,2.65066
23.833333,2.6944
23.866667,2.74763
23.9,2.7484
23.933333,2.67313
23.966667,2.7474
24,2.75786
24.033333,2.96082
24.066667,2.6139
24.1,2.71024
24.133333,2.67797
24.166667,2.73297
24.2,2.75899
24.233333,2.67637
24.266667,3.06157
24.3,2.73841
24.333333,2.7857
24.366667,2.82061
24.4,2.82798
24.433333,2.84715
24.466667,2.86377
24.5,2.80619
24.533333,3.24575
24.566667,2.9326
24.6,2.93398
24.633333,2.94178
24.666667,2.99423
24.7,2.95739
24.733333,2.92468
24.766667,3.23239
24.8,2.92079
24.833333,2.92574
24.866667,2.98923
24.9,2.98583
24.933333,2.93323
24.966667,53.6908
25,0.202647
25.033333,0.236277
25.066667,0.164647
25.1,0.228342
25.133333,0.110569
25.166667,0.12906
25.2,0.094558
25.233333,0.146473
25.266667,0.125516
25.3,0.230415
25.333333,0.217913
25.366667,0.38833
25.4,0.361368
25.433333,0.39333
25.466667,0.376946
25.5,0.523475
25.533333,0.389223
25.566667,0.409719
25.6,0.395076
25.633333,0.350792
25.666667,0.281
25.7,0.145366
25.733333,0.112484
25.766667,0.271047
25.8,0.308946
25.833333,0.473402
25.866667,0.475016
25.9,0.517594
25.933333,0.513502
25.966667,0.548408
26,0.547415
26.033333,0.499029
26.066667,0.424368
26.1,0.401679
26.133333,0.359266
26.166667,0.297629
26.2,0.141123
26.233333,0.0883058
26.266667,0.144529
26.3,0.316038
26.333333,0.356931
26.366667,0.429067
26.4,0.453138
26.433333,0.480453
26.466667,0.472138
26.5,47.2235
26.533333,2.47247
26.566667,2.34938
26.6,2.47278
26.633333,2.29171
26.666667,2.26265
26.7,2.28119
26.733333,2.0591
26.766667,2.12076
26.8,2.08577
26.833333,2.05173
26.866667,1.95485
26.9,1.7903
26.933333,1.92445
26.966667,1.5779
27,1.51036
27.033333,1.38521
27.066667,1.25891
27.1,1.11911
27.133333,0.995384
27.166667,1.18946
27.2,0.960915
27.233333,1.03241
27.266667,1.19771
27.3,0.965467
27.333333,1.02663
27.366667,1.08865
27.4,0.984109
27.433333,1.07294
27.466667,1.11586
27.5,1.0314
27.533333,1.02285
27.566667,1.24478
27.6,1.05005
27.633333,1.00707
27.666667,1.21856
27.7,1.05351
27.733333,1.76963
27.766667,0.97902
27.8,1.18376
27.833333,1.01852
27.866667,0.96898
27.9,1.08316
27.933333,0.862609
27.966667,0.938205
28,0.889393
28.033333,0.775275
28.066667,0.997496
28.1,0.833933
28.133333,0.866241
28.166667,1.01258
28.2,45.3119
28.233333,0.0312634
28.266667,0.000511161
28.3,0.00457812
28.333333,0.00248438
28.366667,0.000926339
28.4,0.000689732
28.433333,0.000616071
28.466667,0.000611607
28.5,0.000611607
28.533333,0.000611607
28.566667,0.000611607
28.6,0.000611607
28.633333,0.000611607
28.666667,0.000611607
28.7,0.000611607
28.733333,0.000611607
28.766667,0.000611607
28.8,0.000611607
28.833333,0.000611607
28.866667,0.000611607
28.9,0.000611607
28.933333,0.000611607
28.966667,0.000611607
29,0.000611607
29.033333,1.86892
29.066667,0.000790179
29.1,0.000625
29.133333,0.000611607
29.166667,0.000611607
29.2,0.000611607
29.233333,0.000611607
29.266667,0.000611607
29.3,0.000611607
29.333333,0.000611607
29.366667,0.000611607
29.4,0.000611607
29.433333,0.000611607
29.466667,0.000611607
29.5,0.000611607
29.533333,0.000611607
29.566667,0.000611607
29.6,0.000611607
29.633333,0.000611607
29.666667,0.000611607
29.7,0.000611607
29.733333,0.000611607
29.766667,0.000611607
29.8,0.000611607
29.833333,0.000611607
29.866667,0.000611607
29.9,0.000611607
29.933333,0.000611607
29.966667,0.000611607
30,0.000611607
30.033333,0.000611607
30.066667,0.000611607
30.1,0.000611607
30.133333,0.000611607
30.166667,0.000611607
30.2,0.000611607
30.233333,0.000611607
30.266667,0.000611607
30.3,0.000611607
30.333333,0.000611607
30.366667,0.000611607
30.4,0.000611607
30.433333,0.000611607
30.466667,0.000611607
30.5,0.000611607
30.533333,0.000611607
30.566667,0.000611607
30.6,0.000611607
30.633333,0.000611607
30.666667,0.000611607
30.7,0.000611607
30.733333,0.000611607
30.766667,0.000611607
30.8,0.000611607
30.833333,0.000611607
30.866667,0.000611607
30.9,0.000611607
30.933333,0.000611607
30.966667,0.000611607
31,0.000611607
31.033333,0.000611607
31.066667,0.000611607
31.1,0.000611607
31.133333,0.000611607
31.166667,0.000611607
31.2,0.000611607
31.233333,0.000611607
31.266667,0.000611607
31.3,0.000611607
31.333333,0.000611607
31.366667,0.000611607
31.4,0.000611607
31.433333,0.000611607
31.466667,0.000611607
31.5,0.000611607
31.533333,0.000611607
31.566667,0.000611607
31.6,0.000611607
31.633333,0.000611607
31.666667,0.000611607
31.7,0.000611607
31.733333,0.000611607
31.766667,0.000611607
31.8,0.000611607
31.833333,0.000611607
31.866667,0.000611607
31.9,0.000611607
31.933333,113.764
31.966667,0.0642366
32,0.093308
32.033333,0.0962076
32.066667,0.146018
32.1,0.0721295
32.133333,0.0628058
32.166667,0.0708929
32.2,0.0502701
32.233333,0.0977522
32.266667,0.135261
32.3,0.0921652
32.333333,0.125299
32.366667,0.134194
32.4,0.158098
32.433333,0.152893
32.466667,0.14148
32.5,0.101835
32.533333,0.561018
32.566667,0.145114
32.6,0.106623
32.633333,0.115408
32.666667,0.0678058
32.7,0.0686004
32.733333,0.0919263
32.766667,0.0994308
32.8,0.0966607
32.833333,0.100109
32.866667,0.140045
32.9,0.0643192
32.933333,0.0675045
32.966667,0.0799665
33,0.063183
33.033333,0.067125
33.066667,0.0804085
33.1,0.0380313
33.133333,0.0797567
33.166667,0.0561272
33.2,0.0571585
33.233333,0.0854375
33.266667,0.0622388
33.3,0.0440201
33.333333,0.00519643
33.366667,0.0932991
33.4,0.000901786
33.433333,0.065529
33.466667,0.00159375
33.5,0.0493281
33.533333,0.00462723
33.566667,0.0682366
33.6,0.000763393
33.633333,0.0576942
33.666667,0.000645089
33.7,0.0765871
33.733333,0.000919643
33.766667,0.0407946
33.8,0.00411161
33.833333,0.052375
33.866667,0.00395536
33.9,0.0795781
33.933333,0.00104464
33.966667,0.043692
34,0.00368527
34.033333,0.0727612
34.066667,0.0038125
34.1,1.74524
34.133333,1.74537
34.166667,1.67788
34.2,1.65132
34.233333,1.95882
34.266667,1.587
34.3,2.35506
34.333333,1.21797
34.366667,2.44417
34.4,1.28768
34.433333,2.4031
34.466667,1.56339
34.5,2.68264
34.533333,0.945757
34.566667,2.66092
34.6,1.68562
34.633333,2.85098
34.666667,0.886623
34.7,2.71461
34.733333,1.60015
34.766667,2.90093
34.8,0.824277
34.833333,2.74843
34.866667,1.5822
34.9,1.74962
34.933333,0
34.966667,0.00279241
35,30.8599
35.033333,0.00107143
35.066667,0.0360826
35.1,0.916402
35.133333,0
35.166667,0.00672991
35.2,0.484971
35.233333,0
35.266667,0.0381585
35.3,0.422295
35.333333,0.00140625
35.366667,0.0447299
35.4,0.2196
35.433333,2.67857
35.466667,0.0410603
35.5,0.203958
35.533333,0.00223214
35.566667,0.0176562
35.6,0.119426
35.633333,0.00262946
35.666667,0.0120067
35.7,0.0226362
35.733333,0.0321696
35.766667,0.0225446
35.8,0.0115714
35.833333,0.0110804
35.866667,0.0110134
35.9,0.219214
35.933333,0.370114
35.966667,0.219248
36,0.371446
36.033333,0.220739
36.066667,0.369592
36.1,0.220295
36.133333,0.37083
36.166667,0.220393
36.2,0.229203
36.233333,0.372437
36.266667,0.20681
36.3,0.384656
36.333333,0.218107
36.366667,0.384781
36.4,0.228393
36.433333,0.383297
36.466667,0.229897
36.5,0.379792
36.533333,0.232141
36.566667,0.231174
36.6,0.380868
36.633333,0.227074
36.666667,0.383065
36.7,0.226908
36.733333,0.382513
36.766667,0.227203
36.8,0.379304
36.833333,0.226417
36.866667,0.228228
36.9,0.023625
36.933333,0.018779
36.966667,0.0111027
37,0.0109598
37.033333,0.0109152
37.066667,0.0109152
37.1,0.0109062
37.133333,0.0109152
37.166667,0.0109062
37.2,0.0109152
37.233333,0.0109062
37.266667,0.0109152
37.3,0.0109062
37.333333,0.0109152
37.366667,0.0109062
37.4,0.0109152
37.433333,0.0109062
37.466667,0.0109152
37.5,0.0109062
37.533333,0.0109152
37.566667,0.0109062
37.6,0.0109152
37.633333,0.0109062
37.666667,0.0109152
37.7,0.0109062
37.733333,0.0109152
37.766667,0.0109062
37.8,0.0109152
37.833333,0.0109062
37.866667,0.0109152
37.9,0.0109062
37.933333,0.0109152
37.966667,0.0109062
38,0.0109152
38.033333,0.0109062
38.066667,0.0109152
38.1,65.14
38.133333,0.0510313
38.166667,0.0528527
38.2,0.00935714
38.233333,0.00717188
38.266667,0.00139732
38.3,0.000629464
38.333333,0.000566964
38.366667,0.000540179
38.4,0.000540179
38.433333,0.000540179
38.466667,0.000540179
38.5,0.000540179
38.533333,0.000540179
38.566667,0.000540179
38.6,0.000540179
38.633333,0.000540179
38.666667,0.000540179
38.7,0.000540179
38.733333,0.000540179
38.766667,0.000540179
38.8,0.000540179
38.833333,0.000540179
38.866667,0.000540179
38.9,0.000540179
38.933333,0.000540179
38.966667,0.000540179
39,0.000540179
39.033333,0.000540179
39.066667,0.000540179
39.1,0.0368527
39.133333,0.00283929
39.166667,0.000745536
39.2,0.000368304
39.233333,0.000325893
39.266667,0.000325893
39.3,0.000325893
39.333333,0.000325893
39.366667,0.000325893
39.4,0.000325893
39.433333,0.000325893
39.466667,0.000325893
39.5,0.000325893
39.533333,0.000325893
39.566667,0.000325893
39.6,0.000325893
39.633333,0.000325893
39.666667,0.000325893
39.7,0.000325893
39.733333,0.000325893
39.766667,0.000325893
39.8,0.000325893
39.833333,0.000325893
39.866667,0.000325893
39.9,0.000325893
39.933333,0.000325893
39.966667,0.000325893
40,0.0111674
40.033333,0.000513393
40.066667,0.000212054
40.1,0.000430804
40.133333,0.000337054
40.166667,0.000183036
40.2,0.000169643
40.233333,0.000169643
40.266667,0.000169643
40.3,0.000169643
40.333333,0.000169643
40.366667,0.000169643
40.4,0.000169643
40.433333,0.000169643
40.466667,0.000169643
40.5,0.000169643
40.533333,0.000169643
40.566667,0.000169643
40.6,0.000169643
40.633333,0.000169643
40.666667,0.000169643
40.7,0.000169643
40.733333,0.000169643
40.766667,0.000169643
40.8,0.000169643
40.833333,0.000169643
40.866667,0.000169643
40.9,0.000169643
40.933333,0.000169643
40.966667,0.000169643
41,0.000169643
41.033333,0.000169643
41.066667,0.000169643
41.1,0.000743304
41.133333,0.000444196
41.166667,0.323141
41.2,2.68634
41.233333,5.02758
41.266667,7.04326
41.3,8.15837
41.333333,8.65152
41.366667,9.37757
41.4,9.61653
41.433333,9.04539
41.466667,8.02939
41.5,6.87233
41.533333,3.16281
41.566667,5.10224
41.6,3.99808
41.633333,2.96851
41.666667,1.99136
41.7,1.08179
41.733333,0.174929
41.766667,0.00791964
41.8,0.00163393
41.833333,0.000598214
41.866667,0.000491071
41.9,0.000477679
41.933333,0.00046875
41.966667,0.0091875
42,0.000551339
42.033333,0.00046875
42.066667,0.00046875
42.1,0.0619375
42.133333,0.00518304
42.166667,0.00239509
42.2,0.000703125
42.233333,0.000618304
42.266667,5.02502
42.3,6.95463
42.333333,5.13343
42.366667,3.29063
42.4,1.9201
42.433333,0.560929
42.466667,47.8632
42.5,6.40833
42.533333,2.21767
42.566667,2.70981
42.6,1.68864
42.633333,1.15954
42.666667,1.43988
42.7,1.56425
42.733333,1.4334
42.766667,1.2533
42.8,1.1
42.833333,0.924772
42.866667,0.800859
42.9,0.645821
42.933333,0.521484
42.966667,0.421308
43,0.315192
43.033333,0.114728
43.066667,0.211243
43.1,0.179636
43.133333,0.0586741
43.166667,0.00740625
43.2,0.00123884
43.233333,0.00059375
43.266667,0.000549107
43.3,0.000549107
43.333333,0.000549107
43.366667,0.000549107
43.4,0.000549107
43.433333,0.000549107
43.466667,0.000549107
43.5,0.000549107
43.533333,0.00650893
43.566667,0.000875
43.6,0.000625
43.633333,0.000549107
43.666667,0.000549107
43.7,0.000549107
43.733333,0.00923884
43.766667,0.000633929
43.8,0.000555804
43.833333,0.000549107
43.866667,0.000549107
43.9,0.000549107
43.933333,0.000549107
43.966667,0.000549107
44,0.000549107
44.033333,0.000549107
44.066667,0.000549107
44.1,1.05499
44.133333,3.69862
44.166667,6.45533
44.2,7.39487
44.233333,7.93549
44.266667,8.11291
44.3,8.42983
44.333333,8.71491
44.366667,8.14707
44.4,7.38225
44.433333,6.86851
44.466667,7.31561
44.5,7.73171
44.533333,6.82611
44.566667,6.79867
44.6,5.75974
44.633333,5.31056
44.666667,4.3171
44.7,2.891
44.733333,1.52436
44.766667,0.550498
44.8,3.91434
44.833333,5.37827
44.866667,4.60821
44.9,4.00313
44.933333,3.48289
44.966667,15.8201
45,9.58896
45.033333,5.03246
45.066667,7.49885
45.1,5.90759
45.133333,3.9988
45.166667,3.2098
45.2,3.13999
45.233333,2.72656
45.266667,2.36699
45.3,1.97844
45.333333,1.67363
45.366667,1.38633
45.4,4.75948
45.433333,3.85365
45.466667,2.69822
45.5,1.41723
45.533333,0.470746
45.566667,0.548589
45.6,0.3855
45.633333,0.266493
45.666667,0.146592
45.7,0.054529
45.733333,0.317203
45.766667,0.366085
45.8,0.399022
45.833333,0.673223
45.866667,0.824504
45.9,0.572967
45.933333,0.329482
45.966667,0.178857
46,0.0441116
46.033333,0.140705
46.066667,0.724127
46.1,1.058
46.133333,0.846241
46.166667,0.544661
46.2,0.2709
46.233333,0.063
46.266667,0.230161
46.3,0.487837
46.333333,0.480123
46.366667,0.321931
46.4,0.178154
46.433333,0.0717723
46.466667,0.00412054
46.5,0.00147991
46.533333,0.00107366
46.566667,0.000975446
46.6,0.000957589
46.633333,0.182388
46.666667,1.58445
46.7,3.05259
46.733333,3.05399
46.766667,1.88505
46.8,1.4034
46.833333,1.14265
46.866667,0.933984
46.9,2.47715
46.933333,5.38415
46.966667,4.69444
47,3.03854
47.033333,1.14447
47.066667,1.65424
47.1,1.09565
47.133333,0.759167
47.166667,0.409346
47.2,0.116473
47.233333,1.95334
47.266667,5.43092
47.3,8.26531
47.333333,9.1314
47.366667,7.75765
47.4,6.59496
47.433333,6.01567
47.466667,4.43252
47.5,3.43421
47.533333,1.99748
47.566667,2.02088
47.6,0.868
47.633333,0.323786
47.666667,0.141844
47.7,0.00691741
47.733333,0.000658482
47.766667,0.000575893
47.8,0.000535714
47.833333,0.000515625
47.866667,0.000542411
47.9,0.000542411
47.933333,0.00053125
47.966667,0.000513393
48,0.00809375
48.033333,0.000763393
48.066667,0.000551339
48.1,0.00625446
48.133333,0.00120089
48.166667,0.000616071
48.2,0.00040625
48.233333,0.000383929
48.266667,0.000410714
48.3,0.000386161
48.333333,0.000390625
48.366667,0.000388393
48.4,0.000390625
48.433333,0.000383929
48.466667,0.00040625
48.5,0.000381696
48.533333,0.000392857
48.566667,0.000381696
48.6,0.000397321
48.633333,0.000386161
48.666667,0.000397321
48.7,0.000366071
48.733333,0.000395089
48.766667,0.000375
48.8,0.000399554
48.833333,0.000372768
48.866667,0.000388393
48.9,0.000383929
48.933333,0.000401786
48.966667,0.000375
49,0.000390625
49.033333,0.000375
49.066667,0.00040625
49.1,0.000566964
49.133333,0.000453125
49.166667,0.000473214
49.2,0.000388393
49.233333,0.000377232
49.266667,0.000390625
49.3,0.000370536
49.333333,0.000383929
49.366667,0.000375
49.4,0.000401786
49.433333,0.000366071
49.466667,0.000383929
49.5,0.000366071
49.533333,0.000401786
49.566667,0.000366071
49.6,0.000397321
49.633333,0.000370536
49.666667,0.000404018
49.7,44.8899
49.733333,0.0107455
49.766667,0.00267857
49.8,0.00154688
49.833333,0.00132143
49.866667,0.0013125
49.9,0.0013125
49.933333,0.0013125
49.966667,0.0013125
50,0.0013125
50.033333,0.0013125
50.066667,0.0013125
50.1,0.0013125
50.133333,0.0557812
50.166667,0.0621362
50.2,0.0611786
50.233333,0.063154
50.266667,0.0603415
50.3,0.0671964
50.333333,0.0637612
50.366667,0.0662656
50.4,0.071221
50.433333,0.0662232
50.466667,0.0716429
50.5,0.0722366
50.533333,0.0742946
50.566667,0.0734888
50.6,0.0782031
50.633333,0.0820491
50.666667,0.0809598
50.7,0.0955335
50.733333,0.10552
50.766667,0.107817
50.8,0.11425
50.833333,0.113022
50.866667,0.119098
50.9,0.12735
50.933333,0.136705
50.966667,0.15246
51,0.158384
51.033333,0.171098
51.066667,0.223192
51.1,0.47506
51.133333,0.0255335
51.166667,0.0250536
51.2,0.0251451
51.233333,0.0251094
51.266667,0.0261138
51.3,0.0291049
51.333333,0.0273638
51.366667,0.0331116
51.4,0.031471
51.433333,0.035567
51.466667,0.0364152
51.5,0.0409375
51.533333,0.0460223
51.566667,0.051029
51.6,0.0611808
51.633333,0.0833862
51.666667,0.219614
51.7,0.00179018
51.733333,0.00161384
51.766667,0.00158929
51.8,0.00158929
51.833333,0.00158929
51.866667,0.00158929
51.9,0.00158929
51.933333,0.00158929
51.966667,0.00158929
52,0.00158929
52.033333,0.00158929
52.066667,0.00158929
52.1,0.00158929
52.133333,0.00158929
52.166667,0.00158929
52.2,0.00158929
52.233333,0.00158929
52.266667,0.00158929
52.3,0.00158929
52.333333,0.00158929
52.366667,0.00158929
52.4,0.00158929
52.433333,0.00158929
52.466667,0.00158929
52.5,0.00158929
52.533333,0.00158929
52.566667,0.00158929
52.6,0.00158929
52.633333,0.00158929
52.666667,0.00158929
52.7,0.00158929
52.733333,0.00158929
52.766667,0.00158929
52.8,0.00158929
52.833333,0.00158929
52.866667,0.00158929
52.9,0.00158929
52.933333,0.00158929
52.966667,0.00158929
53,0.00158929
53.033333,0.00158929
53.066667,0.00158929
53.1,0.00158929
53.133333,0.00158929
53.166667,0.00158929
53.2,0.00158929
53.233333,0.00158929
53.266667,0.00158929
53.3,0.00158929
53.333333,0.00158929
53.366667,0.00158929
53.4,0.00158929
53.433333,0.00158929
53.466667,0.00158929
53.5,0.00158929
53.533333,0.00158929
53.566667,0.00158929
53.6,0.00158929
53.633333,0.00158929
53.666667,0.00158929
53.7,0.00158929
53.733333,0.00158929
53.766667,0.00158929
53.8,0.904058
53.833333,0.87917
53.866667,0.75544
53.9,0.802458
53.933333,0.817246
53.966667,0.817723
54,0.809554
54.033333,0.840268
54.066667,0.892777
54.1,0.898225
54.133333,0.81475
54.166667,0.857315
54.2,0.86069
54.233333,0.871016
54.266667,0.87225
54.3,7.2376
54.333333,7.18326
54.366667,7.33119
54.4,7.40067
54.433333,7.34018
54.466667,7.61058
54.5,7.56893
54.533333,7.74028
54.566667,7.79454
54.6,7.94181
54.633333,8.19577
54.666667,8.42888
54.7,8.66438
54.733333,8.82709
54.766667,9.11534
54.8,9.10569
54.833333,9.45343
54.866667,9.64538
54.9,9.90083
54.933333,9.65045
54.966667,10.1375
55,10.2124
55.033333,10.6165
55.066667,11.2273
55.1,11.4285
55.133333,11.7631
55.166667,12.1306
55.2,12.5927
55.233333,12.7628
55.266667,13.3228
55.3,13.9871
55.333333,14.392
55.366667,0.0405759
55.4,0.450525
55.433333,0.000299107
55.466667,0.0637009
55.5,0.246527
55.533333,1.78571
55.566667,0.0305491
55.6,0.232542
55.633333,0.000303571
55.666667,0.0160714
55.7,0.0483192
55.733333,0.00992857
55.766667,0.0166942
55.8,0.010154
55.833333,0.00949107
55.866667,0.00941071
55.9,0.00941964
55.933333,0.00940179
55.966667,0.00941964
56,0.285092
56.033333,0.0112545
56.066667,0.00373661
56.1,0.00286607
56.133333,0.00264732
56.166667,0.00264732
56.2,0.00264732
56.233333,0.00264732
56.266667,0.00264732
56.3,0.00264732
56.333333,0.00264732
56.366667,0.00264732
56.4,0.00264732
56.433333,0.00264732
56.466667,0.00264732
56.5,0.00264732
56.533333,0.00264732
56.566667,0.00264732
56.6,0.00264732
56.633333,0.00264732
56.666667,0.00264732
56.7,0.00264732
56.733333,0.00264732
56.766667,0.00264732
56.8,0.00264732
56.833333,0.00264732
56.866667,0.00264732
56.9,0.00264732
56.933333,0.00264732
56.966667,0.00264732
57,0.00264732
57.033333,0.00264732
57.066667,0.00264732
57.1,0.00264732
57.133333,0.00264732
57.166667,0.00264732
57.2,0.00264732
57.233333,0.00264732
57.266667,0.00264732
57.3,0.00264732
57.333333,0.00264732
57.366667,0.00264732
57.4,0.00264732
57.433333,0.00264732
57.466667,0.00264732
57.5,0.00264732
57.533333,0.00264732
57.566667,0.00264732
57.6,0.00264732
57.633333,0.00264732
57.666667,0.00264732
57.7,0.00264732
57.733333,0.00264732
57.766667,0.00264732
57.8,0.00264732
57.833333,0.00264732
57.866667,0.00264732
57.9,0.00264732
57.933333,0.00264732
57.966667,0.00264732
58,0.00264732
58.033333,0.00264732
58.066667,0.00264732
58.1,0.00264732
58.133333,0.00264732
58.166667,0.00264732
58.2,0.00264732
58.233333,0.00264732
58.266667,0.00264732
58.3,0.00264732
58.333333,0.00264732
58.366667,0.00264732
58.4,0.00264732
58.433333,0.00264732
58.466667,0.00264732
58.5,0.00264732
58.533333,0.00264732
58.566667,0.00264732
58.6,0.00264732
58.633333,0.00264732
58.666667,0.00264732
58.7,0.00264732
58.733333,0.00264732
58.766667,0.00264732
58.8,0.00264732
58.833333,0.00264732
58.866667,0.00264732
58.9,0.00264732
58.933333,0.00264732
58.966667,0.00264732
59,0.00264732
59.033333,0.00264732
59.066667,0.00264732
59.1,0.00264732
59.133333,0.00264732
59.166667,0.00264732
59.2,0.00264732
59.233333,0.00264732
59.266667,0.00264732
59.3,0.00264732
59.333333,0.00264732
59.366667,0.00264732
59.4,0.00264732
59.433333,0.00264732
59.466667,0.00264732
59.5,0.00264732
59.533333,0.00264732
59.566667,0.00264732
59.6,0.00264732
59.633333,0.00264732
59.666667,0.00264732
59.7,0.00264732
59.733333,0.00264732
59.766667,0.00264732
59.8,0.00264732
59.833333,159.901
59.866667,0.000772321
59.9,0.036625
59.933333,0.000267857
59.966667,0.00721652
60,0.0727254
60.033333,0.00511607
60.066667,0.0207478
60.1,0.013221
60.133333,0.0116629
60.166667,0.0115781
60.2,0.0115871
60.233333,0.0115781
60.266667,0.0115871
60.3,0.0115781
60.333333,0.0115871
60.366667,0.0115781
60.4,0.0115871
60.433333,0.0115781
60.466667,0.0115871
60.5,0.0115781
60.533333,0.0115871
60.566667,0.0115781
60.6,0.0115871
60.633333,0.0115781
60.666667,0.0115871
60.7,0.0115781
60.733333,0.0115871
60.766667,0.0115781
60.8,0.0115871
60.833333,0.0115781
60.866667,0.0115871
60.9,0.0115781
60.933333,0.0115871
60.966667,0.0115781
61,0.0115871
61.033333,0.0115781
61.066667,0.0115871
61.1,0.0115781
61.133333,0.0115871
61.166667,0.0115781
61.2,0.0115871
61.233333,0.0115781
61.266667,0.0115871
61.3,0.0115781
61.333333,0.0115871
61.366667,0.0115781
61.4,0.0115871
61.433333,0.0115781
61.466667,0.0115871
61.5,0.0115781
61.533333,0.0115871
61.566667,0.0115781
61.6,0.0115871
61.633333,0.0115781
61.666667,0.0115871
61.7,0.0115781
61.733333,0.0115871
61.766667,0.0115781
61.8,0.0115871
61.833333,0.0115781
61.866667,0.0115871
61.9,8.38026
61.933333,0.0352121
61.966667,0.0235558
62,0.0117746
62.033333,0.0107768
62.066667,0.0106585
62.1,0.0106429
62.133333,0.0106518
62.166667,0.0106429
62.2,0.0106518
62.233333,0.0106429
62.266667,0.0106518
62.3,0.0106429
62.333333,0.0106518
62.366667,0.0106429
62.4,0.0106518
62.433333,0.0106429
62.466667,0.0106518
62.5,0.0106429
62.533333,0.0106518
62.566667,0.0106429
62.6,0.0106518
62.633333,0.0106429
62.666667,0.0106518
62.7,0.0106429
62.733333,0.00123661
62.766667,0.0112098
62.8,0.00021875
62.833333,0.010692
62.866667,0.000142857
62.9,0.0106741
62.933333,8.92857
62.966667,0.0106652
63,3.57143
63.033333,0.0106741
63.066667,8.92857
63.1,0.0106652
63.133333,3.57143
63.166667,0.0106741
63.2,8.92857
63.233333,0.0106652
63.266667,3.57143
63.3,0.0106741
63.333333,8.92857
63.366667,0.0106652
63.4,7.32998
63.433333,0.00767634
63.466667,0.0585804
63.5,0.00144196
63.533333,0.0277121
63.566667,0.00102679
63.6,0.0142366
63.633333,0.0013058
63.666667,0.0118259
63.7,0.000366071
63.733333,0.0110469
63.766667,4.01786
63.8,0.0108973
63.833333,3.125
63.866667,0.0108973
63.9,2.67857
63.933333,0.0108973
63.966667,3.125
64,0.244605
64.033333,0.0108281
64.066667,0.00322768
64.1,0.00245089
64.133333,0.00221429
64.166667,0.00220089
64.2,0.00220982
64.233333,0.00220089
64.266667,0.00220982
64.3,0.00220089
64.333333,0.00220982
64.366667,0.00220089
64.4,0.00220982
64.433333,0.00220089
64.466667,10.1698
64.5,0.0151562
64.533333,0.00653571
64.566667,0.00339062
64.6,0.00295089
64.633333,0.00284821
64.666667,0.00284821
64.7,0.00283929
64.733333,0.00284821
64.766667,0.00283929
64.8,0.00284821
64.833333,0.00283929
64.866667,0.00284821
64.9,0.00283929
64.933333,0.00284821
64.966667,0.00283929
65,0.00284821
65.033333,0.00283929
65.066667,0.00284821
65.1,0.00283929
65.133333,0.00284821
65.166667,0.00283929
65.2,0.00284821
65.233333,0.00283929
65.266667,0.00284821
65.3,0.00283929
65.333333,0.00284821
65.366667,0.00283929
65.4,0.00284821
65.433333,0.00283929
65.466667,0.00284821
65.5,0.00283929
65.533333,0.00284821
65.566667,0.00283929
65.6,0.00284821
65.633333,0.00283929
65.666667,0.00284821
65.7,0.00283929
65.733333,0.00284821
65.766667,0.00283929
65.8,0.00284821
65.833333,0.00283929
65.866667,0.00284821
65.9,0.00283929
65.933333,0.00284821
65.966667,0.00283929
66,0.00284821
66.033333,0.00283929
66.066667,0.00284821
66.1,0.00283929
66.133333,6.19269
66.166667,0.0152679
66.2,0.0075067
66.233333,0.00378348
66.266667,0.003375
66.3,0.00324554
66.333333,0.00325446
66.366667,0.00324554
66.4,0.00325446
66.433333,0.00324554
66.466667,0.00325446
66.5,0.00324554
66.533333,0.00325446
66.566667,0.00324554
66.6,0.00325446
66.633333,0.00324554
66.666667,0.00325446
66.7,0.00324554
66.733333,0.00325446
66.766667,0.00324554
66.8,0.00325446
66.833333,0.00324554
66.866667,0.00325446
66.9,0.00324554
66.933333,0.00325446
66.966667,0.00324554
67,0.00325446
67.033333,0.00324554
67.066667,0.00325446
67.1,0.00324554
67.133333,0.00325446
67.166667,0.00324554
67.2,0.00325446
67.233333,0.00324554
67.266667,5.24143
67.3,0.00669866
67.333333,0.00401563
67.366667,0.00356696
67.4,0.00350446
67.433333,0.00349554
67.466667,0.00350446
67.5,0.00349554
67.533333,0.00350446
67.566667,0.00349554
67.6,0.00350446
67.633333,0.00349554
67.666667,0.00350446
67.7,0.00349554
67.733333,0.00350446
67.766667,0.00349554
67.8,0.00350446
67.833333,0.00349554
67.866667,0.00350446
67.9,0.00349554
67.933333,0.00350446
67.966667,0.00349554
68,0.00350446
68.033333,0.00349554
68.066667,0.00350446
68.1,0.642317
68.133333,0.644277
68.166667,0.626531
68.2,0.590647
68.233333,0.596279
68.266667,0.568158
68.3,0.573208
68.333333,0.529911
68.366667,0.544136
68.4,0.52869
68.433333,0.526661
68.466667,0.502913
68.5,0.501239
68.533333,0.463817
68.566667,0.479498
68.6,0.47515
68.633333,0.453949
68.666667,0.446103
68.7,0.459545
68.733333,0.41367
68.766667,0.451536
68.8,0.413319
68.833333,0.397449
68.866667,0.45644
68.9,0.376328
68.933333,0.405103
68.966667,7.79908
69,7.85389
69.033333,7.90414
69.066667,8.02833
69.1,7.90437
69.133333,7.90278
69.166667,7.91735
69.2,7.88097
69.233333,7.87772
69.266667,7.90717
69.3,7.91653
69.333333,7.92566
69.366667,7.85008
69.4,7.93264
69.433333,7.98395
69.466667,7.88804
69.5,7.9373
69.533333,7.91541
69.566667,7.95411
69.6,8.00139
69.633333,7.96226
69.666667,0.0587344
69.7,0.358746
69.733333,0.148239
69.766667,0.194609
69.8,0.0385625
69.833333,0.125382
69.866667,0.00815179
69.9,0.0223125
69.933333,0.00733482
69.966667,0.00472545
70,0.00422991
70.033333,0.00420536
70.066667,0.00419643
70.1,0.00420536
70.133333,0.00419643
70.166667,0.00420536
70.2,0.00419643
70.233333,0.00420536
70.266667,0.00419643
70.3,0.00420536
70.333333,0.00419643
70.366667,0.00420536
70.4,0.00419643
70.433333,0.00420536
70.466667,0.00419643
70.5,0.00420536
70.533333,0.00419643
70.566667,0.00420536
70.6,0.00419643
70.633333,0.00420536
70.666667,0.00419643
70.7,0.00420536
70.733333,0.00419643
70.766667,0.00420536
70.8,0.00419643
70.833333,0.00420536
70.866667,0.00419643
70.9,0.00420536
70.933333,0.00419643
70.966667,0.00420536
71,0.00419643
71.033333,0.00420536
71.066667,0.00419643
71.1,0.00420536
71.133333,0.00419643
71.166667,0.00420536
71.2,0.00419643
71.233333,0.00420536
71.266667,0.00419643
71.3,0.00420536
71.333333,0.00419643
71.366667,0.00420536
71.4,0.00419643
71.433333,0.00420536
71.466667,0.00419643
71.5,0.00420536
71.533333,0.00419643
71.566667,0.00420536
71.6,0.00419643
71.633333,0.00420536
71.666667,0.00419643
71.7,0.00420536
71.733333,0.00419643
71.766667,0.00420536
71.8,0.00419643
71.833333,0.00420536
71.866667,0.00419643
71.9,0.00420536
71.933333,0.00419643
71.966667,0.00420536
72,0.10848
72.033333,0.0094933
72.066667,0.00291071
72.1,0.00207143
72.133333,0.00187054
72.166667,0.00185714
72.2,0.00186607
72.233333,0.00185714
72.266667,0.00186607
72.3,0.00185714
72.333333,0.00186607
72.366667,0.00185714
72.4,0.00186607
72.433333,0.00185714
72.466667,0.00186607
72.5,0.00185714
72.533333,0.00186607
72.566667,0.00185714
72.6,0.00186607
72.633333,0.00185714
72.666667,0.00186607
72.7,0.00185714
72.733333,0.00186607
72.766667,0.00185714
72.8,0.00186607
72.833333,0.00185714
72.866667,0.00186607
72.9,0.00185714
72.933333,0.00186607
72.966667,0.00185714
73,0.00186607
73.033333,0.00185714
73.066667,0.00186607
73.1,0.00185714
73.133333,0.00186607
73.166667,0.00185714
73.2,0.00186607
73.233333,0.00185714
73.266667,0.00186607
73.3,0.00185714
73.333333,0.00186607
73.366667,0.00185714
73.4,0.00186607
73.433333,0.00185714
73.466667,0.00186607
73.5,0.00185714
73.533333,0.00186607
73.566667,0.00185714
73.6,0.00186607
73.633333,0.00185714
73.666667,0.00186607
73.7,0.00185714
73.733333,0.00186607
73.766667,0.00185714
73.8,0.00186607
73.833333,0.00185714
73.866667,0.00186607
73.9,0.00185714
73.933333,0.00186607
73.966667,0.00185714
74,0.00186607
74.033333,0.00185714
74.066667,0.00186607
74.1,0.00185714
74.133333,0.00186607
74.166667,0.00185714
74.2,0.00186607
74.233333,0.00185714
74.266667,0.00186607
74.3,0.00185714
74.333333,0.00186607
74.366667,0.00185714
74.4,0.00186607
74.433333,0.00185714
74.466667,0.00186607
74.5,0.00185714
74.533333,0.00186607
74.566667,0.00185714
74.6,0.00186607
74.633333,0.00185714
74.666667,0.00186607
74.7,0.00185714
74.733333,0.00186607
74.766667,0.00185714
74.8,0.00186607
74.833333,0.00185714
74.866667,0.00186607
74.9,0.00185714
74.933333,0.00186607
74.966667,0.00185714
75,0.00186607
75.033333,0.00185714
75.066667,0.00186607
75.1,0.00185714
75.133333,0.00186607
75.166667,0.00185714
75.2,0.00186607
75.233333,0.00185714
75.266667,0.00186607
75.3,0.00185714
75.333333,0.00186607
75.366667,0.00185714
75.4,0.00186607
75.433333,0.00185714
75.466667,0.00186607
75.5,79.1332
75.533333,0.73
75.566667,0.997917
75.6,0.996984
75.633333,0.796371
75.666667,0.959205
75.7,0.873118
75.733333,2.25457
75.766667,1.55492
75.8,1.89104
75.833333,1.68114
75.866667,1.78093
75.9,1.95378
75.933333,2.45088
75.966667,2.41724
76,2.25878
76.033333,2.2983
76.066667,2.44306
76.1,2.49708
76.133333,2.3289
76.166667,2.13162
76.2,1.67402
76.233333,1.50088
76.266667,1.47346
76.3,1.16442
76.333333,1.04491
76.366667,1.90023
76.4,4.39762
76.433333,4.80326
76.466667,3.69646
76.5,1.09567
76.533333,1.74304
76.566667,2.01879
76.6,1.12041
76.633333,1.48761
76.666667,2.77164
76.7,2.07748
76.733333,0.852788
76.766667,2.18449
76.8,1.74617
76.833333,0.91896
76.866667,1.77612
76.9,2.29383
76.933333,1.54873
76.966667,0.870951
77,2.07122
77.033333,1.56491
77.066667,0.425462
77.1,1.22629
77.133333,2.13023
77.166667,0.940975
77.2,2.04656
77.233333,2.07585
77.266667,1.64829
77.3,1.47189
77.333333,2.3481
77.366667,1.90751
77.4,1.35217
77.433333,1.71526
77.466667,1.73045
77.5,0.954598
77.533333,1.65076
77.566667,1.64257
77.6,1.37706
77.633333,1.27858
77.666667,1.04112
77.7,0.766596
77.733333,1.03672
77.766667,1.51725
77.8,1.42937
77.833333,1.66828
77.866667,2.68485
77.9,1.72264
77.933333,2.19259
77.966667,2.57756
78,2.83077
78.033333,2.88644
78.066667,2.79748
78.1,3.30155
78.133333,3.63001
78.166667,3.47265
78.2,2.53789
78.233333,2.61273
78.266667,3.66781
78.3,3.44753
78.333333,3.1498
78.366667,4.25207
78.4,3.61912
78.433333,2.40154
78.466667,2.60675
78.5,3.14281
78.533333,33.6791
78.566667,0.501279
78.6,1.95177
78.633333,0.472033
78.666667,0.484404
78.7,0.479551
78.733333,0.457158
78.766667,0.451625
78.8,0.445429
78.833333,0.447799
78.866667,0.440592
78.9,0.43533
78.933333,0.432167
78.966667,0.427725
79,0.427725
79.033333,0.437842
79.066667,0.423033
79.1,0.428929
79.133333,0.427397
79.166667,0.425964
79.2,0.432741
79.233333,0.430516
79.266667,2.0828
79.3,0.391743
79.333333,0.454777
79.366667,0.501295
79.4,0.475045
79.433333,0.469779
79.466667,0.476812
79.5,0.484839
79.533333,0.517491
79.566667,0.00876563
79.6,0.00414955
79.633333,0.00340848
79.666667,0.00325893
79.7,0.00322768
79.733333,0.00326339
79.766667,0.00323661
79.8,0.00323661
79.833333,0.00323661
79.866667,0.00324554
79.9,0.00322768
79.933333,0.00321875
79.966667,0.00322768
80,1.49686
80.033333,0.00664286
80.066667,0.00258482
80.1,0.00164062
80.133333,0.00159821
80.166667,0.00153571
80.2,0.00164955
80.233333,0.00152679
80.266667,0.00156696
80.3,0.00151786
80.333333,0.00158036
80.366667,0.00151786
80.4,0.00160714
80.433333,0.00153348
80.466667,0.00152679
80.5,0.00151786
80.533333,0.00152679
80.566667,0.00151786
80.6,0.00152679
80.633333,0.00151786
80.666667,0.00152679
80.7,0.00151786
80.733333,0.00152679
80.766667,1.29885
80.8,0.00355357
80.833333,0.00598661
80.866667,0.00146875
80.9,0.00129018
80.933333,0.00104018
80.966667,0.00141964
81,0.00105804
81.033333,0.00134152
81.066667,0.00104018
81.1,0.00121875
81.133333,0.00103125
81.166667,0.00130804
81.2,0.00104018
81.233333,0.00126339
81.266667,0.00104911
81.3,0.00114732
81.333333,0.00102232
81.366667,0.00117411
81.4,0.00104018
81.433333,0.00103125
81.466667,0.00103125
81.5,1.48718
81.533333,0.00270982
81.566667,0.0106384
81.6,0.00281696
81.633333,0.00282589
81.666667,0.00207143
81.7,0.00252009
81.733333,0.00217411
81.766667,0.0448237
81.8,0.0208036
81.833333,0.0571094
81.866667,0.101009
81.9,0.0555067
81.933333,0.0932098
81.966667,0.149647
82,0.117538
82.033333,0.143199
82.066667,0.136721
82.1,0.139134
82.133333,0.131815
82.166667,1.85861
82.2,0.120563
82.233333,0.127123
82.266667,0.136346
82.3,0.14025
82.333333,0.134667
82.366667,0.156493
82.4,0.151362
82.433333,0.138929
82.466667,0.301433
82.5,0.268281
82.533333,0.244205
82.566667,0.279857
82.6,0.292163
82.633333,0.291473
82.666667,0.296426
82.7,0.324138
82.733333,0.318435
82.766667,0.359935
82.8,0.362607
82.833333,0.37017
82.866667,0.402315
82.9,1.83135
82.933333,0.38969
82.966667,0.451158
83,0.464772
83.033333,0.432605
83.066667,0.468741
83.1,0.476621
83.133333,0.465065
83.166667,0.525971
83.2,0.607373
83.233333,0.53594
83.266667,0.564683
83.3,0.5569
83.333333,0.548728
83.366667,0.579092
83.4,0.579725
83.433333,0.570453
83.466667,0.614275
83.5,0.713259
83.533333,0.685121
83.566667,0.746458
83.6,0.851551
83.633333,1.98031
83.666667,0.827982
83.7,0.880402
83.733333,0.845502
83.766667,0.856246
83.8,0.917295
83.833333,0.909368
83.866667,0.915092
83.9,0.94775
83.933333,0.951592
83.966667,0.963279
84,0.995737
84.033333,1.01698
84.066667,1.00919
84.1,1.08507
84.133333,1.07498
84.166667,1.05304
84.2,1.08671
84.233333,1.06673
84.266667,1.05559
84.3,1.06718
84.333333,1.08079
84.366667,2.43727
84.4,1.07987
84.433333,1.09001
84.466667,1.08185
84.5,1.07444
84.533333,1.06907
84.566667,1.06463
84.6,1.07023
84.633333,1.06875
84.666667,1.07443
84.7,1.07614
84.733333,1.06696
84.766667,1.0635
84.8,1.06517
84.833333,1.05618
84.866667,1.05983
84.9,1.06349
84.933333,1.05149
84.966667,1.05804
85,1.0614
85.033333,2.64757
85.066667,1.05704
85.1,1.07433
85.133333,1.05502
85.166667,1.07375
85.2,1.06446
85.233333,1.05425
85.266667,1.04646
85.3,1.03801
85.333333,1.10212
85.366667,1.0865
85.4,1.06287
85.433333,1.05953
85.466667,1.07196
85.5,1.05799
85.533333,1.07039
85.566667,1.10664
85.6,1.09906
85.633333,1.10062
85.666667,1.13912
85.7,1.13829
85.733333,1.12034
85.766667,2.43067
85.8,1.13867
85.833333,1.14272
85.866667,1.13438
85.9,1.22269
85.933333,1.21435
85.966667,1.20015
86,1.21556
86.033333,85.8226
86.066667,0.00164286
86.1,0.562288
86.133333,1.04882
86.166667,1.25798
86.2,2.9585
86.233333,3.66914
86.266667,0.0371786
86.3,3.12439
86.333333,2.98979
86.366667,3.19492
86.4,2.77975
86.433333,2.64284
86.466667,0.0505156
86.5,3.49238
86.533333,2.72411
86.566667,1.75954
86.6,1.60637
86.633333,1.49219
86.666667,0.157404
86.7,1.37799
86.733333,1.9756
86.766667,3.12941
86.8,2.44461
86.833333,1.83938
86.866667,0.0347946
86.9,1.39899
86.933333,1.24032
86.966667,1.36361
87,1.42379
87.033333,3.43649
87.066667,0.00938616
87.1,3.92108
87.133333,3.50792
87.166667,3.0984
87.2,2.69246
87.233333,2.65479
87.266667,0.102632
87.3,1.9545
87.333333,2.14206
87.366667,1.80747
87.4,1.65574
87.433333,1.84233
87.466667,0.00448437
87.5,0.813478
87.533333,1.47905
87.566667,1.49755
87.6,1.68486
87.633333,1.67143
87.666667,0.204393
87.7,1.80952
87.733333,1.85087
87.766667,2.049
87.8,2.38648
87.833333,2.68775
87.866667,0.0359576
87.9,2.50829
87.933333,3.32847
87.966667,3.031
88,3.45117
88.033333,3.8474
88.066667,0.0386027
88.1,3.80992
88.133333,2.28832
88.166667,1.23567
88.2,0.909538
88.233333,1.11045
88.266667,0.0816473
88.3,2.54871
88.333333,3.51092
88.366667,3.73753
88.4,3.41408
88.433333,2.87453
88.466667,0.260241
88.5,2.50004
88.533333,1.96851
88.566667,1.14923
88.6,1.85165
88.633333,3.60053
88.666667,0.0377143
88.7,3.78353
88.733333,3.61044
88.766667,3.60878
88.8,3.23093
88.833333,2.1865
88.866667,0.0331317
88.9,1.87388
88.933333,1.91044
88.966667,1.90363
89,2.1887
89.033333,2.83516
89.066667,0.031808
89.1,3.34321
89.133333,2.78687
89.166667,1.32575
89.2,1.28633
89.233333,1.80824
89.266667,160.588
89.3,0.0425737
89.333333,0.0780692
89.366667,0.303455
89.4,0.0306473
89.433333,0.117658
89.466667,0.110516
89.5,0.0566875
89.533333,0.0623951
89.566667,0.0121964
89.6,0.00646875
89.633333,0.00520313
89.666667,0.00506696
89.7,0.00510714
89.733333,0.00507589
89.766667,0.00512054
89.8,0.00506696
89.833333,0.00510268
89.866667,0.00507589
89.9,0.00511161
89.933333,0.00506696
89.966667,0.00510268
90,0.0339241
90.033333,0.00627232
90.066667,0.0061317
90.1,0.00567857
90.133333,0.00517411
90.166667,0.00513616
90.2,0.00504911
90.233333,0.00507589
90.266667,0.00504911
90.3,0.00508482
90.333333,0.00504018
90.366667,0.00507589
90.4,0.00504911
90.433333,0.00508482
90.466667,0.00504018
90.5,0.00507589
90.533333,0.00504911
90.566667,0.00508482
90.6,0.00504018
90.633333,0.00507589
90.666667,0.00504911
90.7,0.00508482
90.733333,0.00504018
90.766667,0.00507589
90.8,0.0338661
90.833333,0.00581473
90.866667,0.00610045
90.9,0.00572991
90.933333,0.00511384
90.966667,0.00507589
91,0.0322545
91.033333,0.00546205
91.066667,0.00530804
91.1,0.00522768
91.133333,0.00499107
91.166667,0.00499107
91.2,0.00495536
91.233333,0.00499107
91.266667,0.00494643
91.3,0.171292
91.333333,0.370502
91.366667,0.372281
91.4,0.563498
91.433333,0.863205
91.466667,0.679154
91.5,0.796344
91.533333,1.57678
91.566667,1.57544
91.6,1.12261
91.633333,0.00523214
91.666667,0.00509375
91.7,0.00510714
91.733333,0.00508036
91.766667,0.00510714
91.8,0.0050625
91.833333,0.00509821
91.866667,0.00507143
91.9,0.00510714
91.933333,0.0050625
91.966667,0.00509821
92,0.00507143
92.033333,0.00510714
92.066667,0.0050625
92.1,0.00509821
92.133333,0.00507143
92.166667,0.00510714
92.2,0.0050625
92.233333,0.00509821
92.266667,0.00785491
92.3,0.0361295
92.333333,0.00945536
92.366667,0.00586607
92.4,0.00569866
92.433333,0.00587054
92.466667,0.00575223
92.5,0.00521875
92.533333,0.00513393
92.566667,0.00516964
92.6,0.005125
92.633333,0.00516071
92.666667,0.00513393
92.7,0.00516964
92.733333,0.005125
92.766667,0.00516071
92.8,0.00513393
92.833333,0.00516964
92.866667,0.005125
92.9,0.00516071
92.933333,0.184384
92.966667,0.14056
93,0.0396652
93.033333,0.0198393
93.066667,0.0110625
93.1,0.0073817
93.133333,0.00649554
93.166667,0.00558482
93.2,0.00530134
93.233333,0.00533036
93.266667,0.00496205
93.3,0.00485491
93.333333,0.00471205
93.366667,0.00464732
93.4,0.00470982
93.433333,0.00459821
93.466667,0.00462946
93.5,0.00458036
93.533333,0.00461607
93.566667,0.00458036
93.6,0.00461607
93.633333,0.00458036
93.666667,0.00461607
93.7,0.00458036
93.733333,0.00461607
93.766667,0.00458036
93.8,0.00461607
93.833333,0.0226071
93.866667,197.714
93.9,8.20474
93.933333,15.5574
93.966667,15.8944
94,0.00296652
94.033333,0.000841518
94.066667,0.000477679
94.1,0.000424107
94.133333,0.000424107
94.166667,0.000424107
94.2,0.000424107
94.233333,0.000424107
94.266667,0.000424107
94.3,0.000424107
94.333333,0.000424107
94.366667,0.000424107
94.4,0.000424107
94.433333,0.000424107
94.466667,0.000424107
94.5,0.000424107
94.533333,0.000424107
94.566667,0.000424107
94.6,0.000424107
94.633333,0.000424107
94.666667,0.000424107
94.7,0.000424107
94.733333,0.000424107
94.766667,0.000424107
94.8,0.000424107
94.833333,0.000424107
94.866667,0.000424107
94.9,0.000424107
94.933333,0.000424107
94.966667,0.000424107
95,0.000424107
95.033333,0.000424107
95.066667,0.000424107
95.1,0.000424107
95.133333,0.000424107
95.166667,0.000424107
95.2,0.000424107
95.233333,0.000424107
95.266667,0.000424107
95.3,0.000424107
95.333333,0.000424107
95.366667,0.000424107
95.4,0.000424107
95.433333,0.000424107
95.466667,0.000424107
95.5,0.000424107
95.533333,194.486
95.566667,0.00144866
95.6,0.00654018
95.633333,0.00302232
95.666667,0.00341295
95.7,0.00127679
95.733333,0.002625
95.766667,0.00383929
95.8,0.00174107
95.833333,0.00100223
95.866667,0.0028192
95.9,0.00283705
95.933333,0.0012567
95.966667,0.000935268
96,0.0185625
96.033333,0.00221652
96.066667,0.000872768
96.1,0.000448661
96.133333,0.00128795
96.166667,0.00145312
96.2,0.000845982
96.233333,0.000325893
96.266667,0.00127679
96.3,0.0017567
96.333333,0.000814732
96.366667,0.000359375
96.4,0.00186161
96.433333,0.00146429
96.466667,0.000533482
96.5,0.000473214
96.533333,0.00148438
96.566667,0.00127455
96.6,0.000645089
96.633333,0.000546875
96.666667,0.00123884
96.7,0.00211607
96.733333,0.000892857
96.766667,0.000698661
96.8,0.00199107
96.833333,0.00130357
96.866667,0.000709821
96.9,0.000629464
96.933333,0.000995536
96.966667,0.00126116
97,0.000772321
97.033333,0.000595982
97.066667,0.00112946
97.1,0.000921875
97.133333,0.000883929
97.166667,0.000727679
97.2,0.000850446
97.233333,0.0009375
97.266667,0.000633929
97.3,0.000611607
97.333333,0.000816964
97.366667,0.000854911
97.4,0.000647321
97.433333,0.000642857
97.466667,0.000883929
97.5,0.00108482
97.533333,0.000716518
97.566667,0.000633929
97.6,0.0011183
97.633333,0.000861607
97.666667,0.000660714
97.7,0.00065625
97.733333,0.000814732
97.766667,0.000770089
97.8,0.00065625
97.833333,0.000647321
97.866667,0.000741071
97.9,0.000727679
97.933333,0.00065625
97.966667,0.000660714
98,0.000763393
98.033333,0.000767857
98.066667,0.000678571
98.1,0.00065625
98.133333,0.000732143
98.166667,0.000714286
98.2,0.000647321
98.233333,0.000665179
98.266667,0.000758929
98.3,0.000734375
98.333333,0.000647321
98.366667,0.000625
98.4,0.000709821
98.433333,0.000727679
98.466667,0.000651786
98.5,0.00065625
98.533333,0.000745536
98.566667,0.000741071
98.6,0.000665179
98.633333,0.00065625
98.666667,0.000745536
98.7,0.00071875
98.733333,0.000647321
98.766667,0.000651786
98.8,0.000745536
98.833333,0.000745536
98.866667,0.000660714
98.9,0.000629464
98.933333,0.000709821
98.966667,0.000723214
99,0.000647321
99.033333,1.9891
99.066667,1.99438
99.1,2.8614
99.133333,2.0002
99.166667,1.98942
99.2,2.87399
99.233333,1.99679
99.266667,2.86887
99.3,1.99669
99.333333,2.87906
99.366667,2.00001
99.4,2.87302
99.433333,2.00702
99.466667,2.878
99.5,2.88194
99.533333,2.88136
99.566667,2.88858
99.6,2.88404
99.633333,2.88588
99.666667,2.88969
99.7,2.88713
99.733333,3.77516
99.766667,2.89405
99.8,3.7768
99.833333,2.90582
99.866667,3.78738
99.9,3.79075
99.933333,3.79901
99.966667,3.80364
100,4.69748
100.033333,0.0103214
100.066667,0.012692
100.1,0.00272321
100.133333,0.00163839
100.166667,0.00147321
100.2,0.00129464
100.233333,0.00129688
100.266667,0.00141071
100.3,0.00140179
100.333333,0.00129464
100.366667,0.00129241
100.4,0.00139286
100.433333,0.00139286
100.466667,0.00128571
100.5,0.00128571
100.533333,0.00139732
100.566667,0.00139286
100.6,0.00128571
100.633333,0.00128571
100.666667,0.00139286
100.7,0.00139286
100.733333,0.00128571
100.766667,0.00128571
100.8,0.00139286
100.833333,0.00139286
100.866667,0.00128571
100.9,0.00128571
100.933333,0.00139286
100.966667,0.00139286
101,0.00128571
101.033333,0.00128571
101.066667,0.00139286
101.1,0.00139286
101.133333,0.00128571
101.166667,0.00128571
101.2,0.00139286
101.233333,0.00139286
101.266667,0.00128571
101.3,0.00128571
101.333333,0.00139286
101.366667,0.00139286
101.4,0.00128571
101.433333,0.00128571
101.466667,0.00139286
101.5,0.00139286
101.533333,0.00128571
101.566667,0.00128571
101.6,0.00139286
101.633333,0.00139286
101.666667,0.00128571
101.7,0.00128571
101.733333,0.00139286
101.766667,0.00139286
101.8,0.00128571
101.833333,0.00128571
101.866667,0.00139286
101.9,0.00139286
101.933333,0.00128571
101.966667,0.00128571
102,0.00139286
102.033333,0.00139286
102.066667,0.00128571
102.1,0.00128571
102.133333,0.00139286
102.166667,0.00139286
102.2,0.00128571
102.233333,0.00128571
102.266667,0.00139286
102.3,0.00128571
102.333333,0.00128571
102.366667,0.00128571
102.4,0.00128571
102.433333,0.00128571
102.466667,0.00128571
102.5,0.00128571
102.533333,0.00128571
102.566667,0.00128571
102.6,0.0781897
102.633333,0.0242321
102.666667,0.00554911
102.7,0.00441518
102.733333,0.00461607
102.766667,0.00280804
102.8,0.00210045
102.833333,0.00465179
102.866667,0.00535268
102.9,0.00674554
102.933333,0.00382812
102.966667,0.00378571
103,0.00410491
103.033333,0.00724554
103.066667,0.00401786
103.1,0.00428795
103.133333,0.0120134
103.166667,0.0134844
103.2,0.00569866
103.233333,0.00537946
103.266667,0.0127478
103.3,0.0119777
103.333333,0.00513616
103.366667,0.00229018
103.4,0.00225223
103.433333,0.0123527
103.466667,0.00275446
103.5,0.00470982
103.533333,0.0110469
103.566667,0.00873438
103.6,0.00325446
103.633333,0.0021808
103.666667,0.00782589
103.7,0.00458705
103.733333,0.00241071
103.766667,0.00151786
103.8,0.00351116
103.833333,0.00222098
103.866667,0.0014933
103.9,0.00133482
103.933333,0.00180134
103.966667,0.0020692
104,0.0259799
104.033333,0.00102009
104.066667,0.000743304
104.1,0.00154464
104.133333,0.000676339
104.166667,0.000497768
104.2,91.0306
104.233333,0.00695982
104.266667,0.00332589
104.3,0.0078125
104.333333,0.00239286
104.366667,0.00122768
104.4,0.00316295
104.433333,0.00340402
104.466667,0.00165848
104.5,0.000966518
104.533333,0.00235937
104.566667,0.00254018
104.6,0.0734464
104.633333,0.0808929
104.666667,0.0792366
104.7,0.0834286
104.733333,0.0837366
104.766667,0.0802857
104.8,0.0854978
104.833333,0.0871094
104.866667,0.0916317
104.9,0.091346
104.933333,0.0899286
104.966667,0.094125
105,0.0983951
105.033333,0.0940804
105.066667,0.107571
105.1,0.10356
105.133333,0.105431
105.166667,0.110208
105.2,0.118292
105.233333,0.115908
105.266667,0.122018
105.3,0.125435
105.333333,0.128112
105.366667,0.137944
105.4,0.145797
105.433333,0.154652
105.466667,0.168598
105.5,0.187493
105.533333,0.208056
105.566667,0.328364
105.6,0.00466964
105.633333,0.00192857
105.666667,0.00115179
105.7,0.0010067
105.733333,0.00144196
105.766667,0.00135045
105.8,0.00133929
105.833333,0.00116964
105.866667,0.00117857
105.9,0.00137723
105.933333,0.00104018
105.966667,0.00102679
106,0.00131696
106.033333,0.00128125
106.066667,0.00104688
106.1,0.00101786
106.133333,0.00138839
106.166667,0.00166741
106.2,0.0384844
106.233333,0.0495223
106.266667,0.0394844
106.3,0.0399375
106.333333,0.0480603
106.366667,0.0398304
106.4,0.0485134
106.433333,0.0395469
106.466667,0.0422656
106.5,0.0452723
106.533333,0.0416964
106.566667,0.0468504
106.6,0.0432344
106.633333,0.0454107
106.666667,0.0494487
106.7,0.0409353
106.733333,0.0491116
106.766667,0.0488571
106.8,0.0434241
106.833333,0.0498795
106.866667,0.0505246
106.9,0.0467009
106.933333,0.0493728
106.966667,0.0518973
107,0.0524196
107.033333,0.0533304
107.066667,0.0540915
107.1,0.0546719
107.133333,0.0556585
107.166667,0.0573571
107.2,0.00375446
107.233333,0.00153571
107.266667,0.00125893
107.3,0.00136607
107.333333,0.00133036
107.366667,0.00120536
107.4,0.00119643
107.433333,0.00136607
107.466667,0.00132366
107.5,0.00121429
107.533333,0.00119643
107.566667,0.0543705
107.6,0.0414754
107.633333,0.0366674
107.666667,0.0358348
107.7,0.0343125
107.733333,0.0338058
107.766667,0.033875
107.8,0.0329219
107.833333,0.0329308
107.866667,0.0334375
107.9,0.0324665
107.933333,0.0329442
107.966667,0.031904
108,0.0318036
108.033333,0.0425536
108.066667,0.0334576
108.1,0.0317143
108.133333,0.0311875
108.166667,0.0319621
108.2,0.0316429
108.233333,0.0313036
108.266667,0.0310156
108.3,0.0315937
108.333333,0.031471
108.366667,0.0301875
108.4,0.030692
108.433333,0.0307098
108.466667,0.0300357
108.5,0.0294531
108.533333,0.0276518
108.566667,0.00182813
108.6,0.00153348
108.633333,0.00144196
108.666667,0.00141071
108.7,0.00141071
108.733333,0.00141071
108.766667,0.00141071
108.8,0.00141071
108.833333,0.00141071
108.866667,0.00141071
108.9,0.00141071
108.933333,0.00141071
108.966667,0.00141071
109,0.00141071
109.033333,0.00141071
109.066667,0.00141071
109.1,0.00141071
109.133333,0.00141071
109.166667,0.00140625
109.2,0.00140179
109.233333,0.00140179
109.266667,0.00141071
109.3,0.00141071
109.333333,0.00140179
109.366667,0.00140179
109.4,0.00140179
109.433333,0.00140179
109.466667,0.00140179
109.5,0.00140179
109.533333,0.00140179
109.566667,0.00140179
109.6,0.00140179
109.633333,0.00140179
109.666667,0.00140179
109.7,0.00140179
109.733333,0.00140179
109.766667,0.00140179
109.8,0.00140179
109.833333,0.00140179
109.866667,0.00140179
109.9,0.00140179
109.933333,0.00140179
109.966667,0.00140179
110,0.00140179
110.033333,0.00140179
110.066667,0.00140179
110.1,0.00140179
110.133333,0.00140179
110.166667,0.00832366
110.2,11.638
110.233333,11.6442
110.266667,11.7698
110.3,11.8297
110.333333,11.8896
110.366667,11.9333
110.4,12.0329
110.433333,12.0721
110.466667,12.1732
110.5,12.1888
110.533333,12.2579
110.566667,12.3469
110.6,12.3314
110.633333,12.3524
110.666667,12.3625
110.7,12.3293
110.733333,12.3232
110.766667,12.3309
110.8,12.2787
110.833333,12.2515
110.866667,14.6313
110.9,14.1716
110.933333,14.1997
110.966667,14.3332
111,14.3187
111.033333,14.3461
111.066667,14.3318
111.1,0.0422187
111.133333,0.100085
111.166667,0.0443304
111.2,0.0455067
111.233333,0.00768304
111.266667,0.00296205
111.3,0.00232143
111.333333,0.00219196
111.366667,0.00217857
111.4,0.0021875
111.433333,0.00221875
111.466667,0.0021875
111.5,0.00217857
111.533333,0.00218527
111.566667,0.0021875
111.6,0.00217857
111.633333,0.00217857
111.666667,0.00222098
111.7,0.00291964
111.733333,0.00230804
111.766667,0.00226339
111.8,0.00281473
111.833333,0.00245982
111.866667,0.00221875
111.9,0.00218304
111.933333,0.00220759
111.966667,0.00220759
112,0.061
112.033333,0.00213616
112.066667,0.000805804
112.1,0.000627232
112.133333,0.000598214
112.166667,0.000584821
112.2,0.000767857
112.233333,0.000700893
112.266667,0.000647321
112.3,0.000611607
112.333333,0.000647321
112.366667,0.000618304
112.4,0.000620536
112.433333,0.000620536
112.466667,0.000665179
112.5,0.000683036
112.533333,0.000633929
112.566667,0.00059375
112.6,0.000647321
112.633333,0.000638393
112.666667,0.00059375
112.7,0.000602679
112.733333,0.000665179
112.766667,0.000633929
112.8,0.000616071
112.833333,0.000602679
112.866667,0.000638393
112.9,0.00071875
112.933333,0.000616071
112.966667,0.000602679
113,0.000620536
113.033333,0.000620536
113.066667,0.000602679
113.1,0.000602679
113.133333,0.000723214
113.166667,0.000669643
113.2,0.000625
113.233333,0.000602679
113.266667,0.000611607
113.3,0.000611607
113.333333,0.000602679
113.366667,0.00059375
113.4,0.000611607
113.433333,0.000616071
113.466667,0.000598214
113.5,0.000602679
113.533333,0.000691964
113.566667,0.000674107
113.6,0.000636161
113.633333,0.000620536
113.666667,0.000620536
113.7,0.000660714
113.733333,0.000625
113.766667,0.00059375
113.8,0.000647321
113.833333,0.000678571
113.866667,0.000602679
113.9,0.000611607
113.933333,0.000638393
113.966667,0.000620536
114,0.000602679
114.033333,0.00065625
114.066667,0.000595982
114.1,0.000611607
114.133333,0.000671875
114.166667,0.000633929
114.2,0.000616071
114.233333,0.000602679
114.266667,0.000638393
114.3,0.00065625
114.333333,0.000602679
114.366667,0.00059375
114.4,0.000625
114.433333,0.000611607
114.466667,0.00059375
114.5,0.00059375
114.533333,0.000700893
114.566667,0.000660714
114.6,0.000616071
114.633333,0.00059375
114.666667,0.000602679
114.7,0.000602679
114.733333,0.00059375
114.766667,0.000584821
114.8,0.000683036
114.833333,0.000660714
114.866667,0.000598214
114.9,0.00059375
114.933333,0.000611607
114.966667,0.000540179
115,0.00053125
115.033333,0.00053125
115.066667,0.00053125
115.1,0.00053125
115.133333,0.00053125
115.166667,0.00053125
115.2,0.00053125
115.233333,0.00053125
115.266667,0.171533
115.3,0.0632076
115.333333,0.0110558
115.366667,0.00828125
115.4,0.0128036
115.433333,0.00703571
115.466667,0.00212946
115.5,0.00209821
115.533333,0.00666964
115.566667,0.00666964
115.6,0.00641964
115.633333,0.00645536
115.666667,0.00656473
115.7,0.0135937
115.733333,0.0058192
115.766667,0.00656027
115.8,0.0226183
115.833333,0.0272612
115.866667,0.0131116
115.9,0.0138996
115.933333,0.0268437
115.966667,0.0418906
116,0.0275714
116.033333,0.00865848
116.066667,0.00726563
116.1,0.0204799
116.133333,0.00681027
116.166667,0.00641071
116.2,0.0139085
116.233333,0.0299085
116.266667,0.00758036
116.3,0.00650446
116.333333,0.0203438
116.366667,0.014596
116.4,0.00510045
116.433333,0.00296875
116.466667,0.0102835
116.5,0.0079308
116.533333,0.00346875
116.566667,0.0020692
116.6,0.00604241
116.633333,0.00478125
116.666667,0.00259598
116.7,0.00187723
116.733333,0.00299554
116.766667,0.00349107
116.8,0.00226339
116.833333,0.00183929
116.866667,0.00292187
116.9,0.00416741
116.933333,0.0021183
116.966667,0.00177455
117,0.00327679
117.033333,0.00348214
117.066667,0.00200446
117.1,0.00183929
117.133333,0.00355804
117.166667,0.00336607
117.2,0.00212054
117.233333,0.00512277
117.266667,0.0020067
117.3,0.00346875
117.333333,0.0043192
117.366667,0.00198214
117.4,0.00167857
117.433333,0.00416741
117.466667,0.00345759
117.5,0.00174777
117.533333,0.00153571
117.566667,0.00288616
117.6,0.00316518
117.633333,0.00178571
117.666667,0.0014933
117.7,0.00254688
117.733333,0.00285045
117.766667,0.0017567
117.8,0.00164286
117.833333,0.00279241
117.866667,0.74948
117.9,0.0463839
117.933333,0.206
117.966667,0.205804
118,0.201297
118.033333,0.192663
118.066667,0.183353
118.1,0.180871
118.133333,0.174092
118.166667,0.16896
118.2,0.164174
118.233333,0.167641
118.266667,0.159089
118.3,0.15073
118.333333,0.157545
118.366667,0.151848
118.4,0.1486
118.433333,0.145946
118.466667,0.148848
118.5,0.139217
118.533333,0.140112
118.566667,0.148313
118.6,0.138067
118.633333,0.139147
118.666667,0.138496
118.7,0.134973
118.733333,0.136317
118.766667,0.133163
118.8,0.14004
118.833333,0.135429
118.866667,0.136933
118.9,0.138609
118.933333,0.126694
118.966667,0.141453
119,0.141661
119.033333,0.131906
119.066667,0.137797
119.1,0.00688839
119.133333,0.00280134
119.166667,0.00196429
119.2,0.00173214
119.233333,0.00187277
119.266667,0.00178125
119.3,0.00171875
119.333333,0.00171875
119.366667,0.00189062
119.4,0.00190625
119.433333,0.00171875
119.466667,0.00171875
119.5,0.00179464
119.533333,0.00178125
119.566667,0.00178571
119.6,0.00193973
119.633333,0.00192187
119.666667,0.00172321
119.7,0.00172321
119.733333,0.00178571
119.766667,0.00179018
119.8,0.00170982
119.833333,0.00171875
119.866667,0.00191295
119.9,0.00192187
119.933333,0.00170089
119.966667,0.00170089
120,0.0471763
120.033333,0.00231696
120.066667,0.000714286
120.1,0.000582589
120.133333,0.00084375
120.166667,0.000738839
120.2,0.000566964
120.233333,0.000553571
120.266667,0.000625
120.3,0.000633929
120.333333,0.000553571
120.366667,0.000553571
120.4,0.000738839
120.433333,0.000732143
120.466667,0.000571429
120.5,0.000553571
120.533333,0.000642857
120.566667,0.000633929
120.6,0.000553571
120.633333,0.000553571
120.666667,0.000741071
120.7,0.000720982
120.733333,0.000566964
120.766667,0.000558036
120.8,0.000625
120.833333,0.000642857
120.866667,0.000544643
120.9,0.000544643
120.933333,0.000747768
120.966667,0.000729911
121,0.017308
121.033333,0.00335045
121.066667,0.00174107
121.1,0.00121205
121.133333,0.00116518
121.166667,0.00159152
121.2,0.00152455
121.233333,0.00116071
121.266667,0.00114286
121.3,0.00154241
121.333333,0.00153571
121.366667,0.00116071
121.4,0.00116071
121.433333,0.00155134
121.466667,0.00175
121.5,0.00120759
121.533333,0.00115625
121.566667,0.00173214
121.6,0.00208929
121.633333,0.00124777
121.666667,0.00120089
121.7,0.00173884
121.733333,0.00162054
121.766667,0.00121429
121.8,0.00117411
121.833333,0.00161607
121.866667,0.00182143
121.9,0.00121875
121.933333,0.00119196
121.966667,0.00156027
122,0.00148214
122.033333,0.00118304
122.066667,0.00115625
122.1,0.0015558
122.133333,0.00150893
122.166667,0.00113839
122.2,0.00113839
122.233333,0.00150446
122.266667,0.00147768
122.3,0.00114732
122.333333,0.00112946
122.366667,0.0015
122.4,0.0015
122.433333,0.00112946
122.466667,0.00112946
122.5,0.00149554
122.533333,0.00146875
122.566667,0.00113839
122.6,0.00112946
122.633333,0.00150893
122.666667,0.00150893
122.7,0.00113839
122.733333,0.00113839
122.766667,0.00149554
122.8,0.00147768
122.833333,0.00114732
122.866667,0.00112946
122.9,0.0015
122.933333,0.0015
122.966667,0.00112946
123,0.00112946
123.033333,0.00149554
123.066667,0.00146875
123.1,0.00113839
123.133333,0.00112946
123.166667,0.00150893
123.2,0.00150893
123.233333,0.00113839
123.266667,0.00113839
123.3,0.00149554
123.333333,0.00147768
123.366667,0.00114732
123.4,0.00112946
123.433333,0.0015
123.466667,0.0015
123.5,0.00112946
123.533333,0.00112946
123.566667,0.00149554
123.6,0.00146875
123.633333,0.00113839
123.666667,0.00112946
123.7,0.00150893
123.733333,0.00150893
123.766667,0.00113839
123.8,0.00113839
123.833333,0.00149554
123.866667,0.00147768
123.9,0.00114732
123.933333,0.00112946
123.966667,0.0015
124,0.00111161
124.033333,0.00111161
124.066667,0.00111161
124.1,0.00111161
124.133333,0.00111161
124.166667,0.00111161
124.2,0.00111161
124.233333,0.00111161
124.266667,0.00111161
124.3,0.157478
124.333333,0.0452879
124.366667,0.0115915
124.4,0.00788839
124.433333,0.0126272
124.466667,0.00656027
124.5,0.00154911
124.533333,0.00146205
124.566667,0.00595982
124.6,0.00667411
124.633333,0.00653571
124.666667,0.00665625
124.7,0.00671652
124.733333,0.0148214
124.766667,0.00525
124.8,0.00621875
124.833333,0.00914286
124.866667,0.0174799
124.9,0.00659152
124.933333,0.00846875
124.966667,0.0216205
125,0.0188527
125.033333,0.00804911
125.066667,0.00914509
125.1,0.0748795
125.133333,0.00648214
125.166667,0.0048058
125.2,0.00191071
125.233333,0.00132813
125.266667,0.00396652
125.3,0.00374554
125.333333,0.00172768
125.366667,0.00134375
125.4,0.00275446
125.433333,0.00289509
125.466667,0.00153125
125.5,0.00129018
125.533333,0.00220312
125.566667,0.00290402
125.6,0.00167857
125.633333,0.00139955
125.666667,0.00248214
125.7,0.00231027
125.733333,0.00158705
125.766667,0.00149554
125.8,0.00195536
125.833333,0.0029442
125.866667,0.00178795
125.9,0.00167857
125.933333,0.00256027
125.966667,0.00218527
126,0.00164955
126.033333,0.00158036
126.066667,0.00205357
126.1,0.00208705
126.133333,0.00166071
126.166667,0.001625
126.2,0.00197545
126.233333,0.00183259
126.266667,0.00160268
126.3,0.00160268
126.333333,0.00184821
126.366667,0.00180804
126.4,0.00162054
126.433333,0.00161161
126.466667,0.00182589
126.5,0.00183259
126.533333,0.00163839
126.566667,0.00161161
126.6,0.00187723
126.633333,0.00181696
126.666667,0.00162946
126.7,0.00162946
126.733333,0.00183482
126.766667,0.00180804
126.8,0.00162054
126.833333,0.00161161
126.866667,0.00181696
126.9,0.00198214
126.933333,0.0017567
126.966667,0.00163839
127,0.00198661
127.033333,0.00184375
127.066667,0.00164732
127.1,0.00163839
127.133333,0.00184375
127.166667,0.00182589
127.2,0.00163839
127.233333,0.00162946
127.266667,0.00184375
127.3,0.00182589
127.333333,0.00163839
127.366667,0.00162054
127.4,0.00184375
127.433333,0.00182589
127.466667,0.00163839
127.5,0.00163839
127.533333,0.00184375
127.566667,0.00183482
127.6,0.00183482
127.633333,0.00183259
127.666667,0.00163839
127.7,0.00163839
127.733333,0.00183482
127.766667,0.00182589
127.8,0.00163616
127.833333,0.00162054
127.866667,0.00183036
127.9,0.00184375
127.933333,0.00165625
127.966667,0.00162946
128,0.0380469
128.033333,0.00268973
128.066667,0.000944196
128.1,0.000839286
128.133333,0.00103125
128.166667,0.0715112
128.2,0.0748594
128.233333,0.0735
128.266667,0.0731272
128.3,0.0715112
128.333333,0.0708594
128.366667,0.0698705
128.4,0.0669821
128.433333,0.0639129
128.466667,0.0668371
128.5,0.0670737
128.533333,0.060433
128.566667,0.0647746
128.6,0.0648973
128.633333,0.0573549
128.666667,0.0648929
128.7,0.0606563
128.733333,0.0592679
128.766667,0.0615179
128.8,0.0577768
128.833333,0.0616607
128.866667,0.0580781
128.9,0.0551629
128.933333,0.0652679
128.966667,0.0547478
129,0.0636049
129.033333,0.0553214
129.066667,0.0556808
129.1,0.0655625
129.133333,0.0712411
129.166667,0.0871384
129.2,0.088971
129.233333,0.0889353
129.266667,0.0902277
129.3,0.0911339
129.333333,0.0916853
129.366667,0.093317
129.4,0.0942455
129.433333,0.099433
129.466667,0.100964
129.5,0.0988259
129.533333,0.101217
129.566667,0.109792
129.6,0.104864
129.633333,0.112875
129.666667,0.108752
129.7,0.117018
129.733333,0.120333
129.766667,0.122263
129.8,0.124143
129.833333,0.129261
129.866667,0.13275
129.9,0.135813
129.933333,0.141246
129.966667,0.152114
130,0.15804
130.033333,0.161547
130.066667,0.173342
130.1,0.180688
130.133333,0.198674
130.166667,0.00548661
130.2,0.00245313
130.233333,0.00308482
130.266667,0.00252009
130.3,0.00177455
130.333333,0.00167411
130.366667,0.00220759
130.4,0.00228571
130.433333,0.0017433
130.466667,0.0016875
130.5,0.00210938
130.533333,0.00193304
130.566667,0.00168527
130.6,0.00165179
130.633333,0.00193973
130.666667,0.00186607
130.7,0.00166071
130.733333,0.00165179
130.766667,0.00186607
130.8,0.00191964
130.833333,0.00166964
130.866667,0.001625
130.9,0.00198661
130.933333,0.00188839
130.966667,0.00165848
131,0.00164286
131.033333,0.00185714
131.066667,0.00183929
131.1,0.00165179
131.133333,0.00164286
131.166667,0.00189286
131.2,0.0021183
131.233333,0.00173438
131.266667,0.00166518
131.3,0.00202009
131.333333,0.00192411
131.366667,0.00169643
131.4,0.0016875
131.433333,0.00189286
131.466667,0.00188393
131.5,0.00169643
131.533333,0.00171875
131.566667,0.00188393
131.6,0.00185714
131.633333,0.00166964
131.666667,0.00166071
131.7,0.001875
131.733333,0.00186384
131.766667,0.00166964
131.8,0.00165179
131.833333,0.00185714
131.866667,0.00187054
131.9,0.00166071
131.933333,0.00165179
131.966667,0.00185714
132,0.00185714
132.033333,0.00166071
132.066667,0.00165179
132.1,0.001875
132.133333,0.00188393
132.166667,0.00169643
132.2,0.0016875
132.233333,0.00190179
132.266667,0.00188393
132.3,0.00169643
132.333333,0.0016875
132.366667,0.00189286
132.4,0.00188393
132.433333,0.00169643
132.466667,0.185328
132.5,0.178433
132.533333,0.172929
132.566667,0.162138
132.6,0.157161
132.633333,0.150629
132.666667,0.14115
132.7,0.135634
132.733333,0.132594
132.766667,0.128542
132.8,0.124864
132.833333,0.122
132.866667,0.119783
132.9,0.115283
132.933333,0.108886
132.966667,0.112458
133,0.103556
133.033333,0.107884
133.066667,0.100946
133.1,0.0981317
133.133333,0.0998527
133.166667,0.098779
133.2,0.0951808
133.233333,0.0930893
133.266667,0.0916987
133.3,0.0911362
133.333333,0.0907031
133.366667,0.0895246
133.4,0.0896049
133.433333,0.0892522
133.466667,0.0396295
133.5,0.0141607
133.533333,0.041971
133.566667,0.0136875
133.6,0.0420558
133.633333,0.0408549
133.666667,0.0141027
133.7,0.0426451
133.733333,0.0138683
133.766667,0.0416875
133.8,0.0410982
133.833333,0.0137121
133.866667,0.042529
133.9,0.0158147
133.933333,0.040029
133.966667,0.0415603
134,0.0145714
134.033333,0.0424978
134.066667,0.0415022
134.1,0.0139263
134.133333,0.0420558
134.166667,0.0419554
134.2,0.0148884
134.233333,0.0423192
134.266667,0.041029
134.3,0.0154844
134.333333,0.0422924
134.366667,0.0421451
134.4,0.0153705
134.433333,0.0428996
134.466667,0.00244643
134.5,0.00181696
134.533333,0.00194643
134.566667,0.00138393
134.6,0.00138393
134.633333,0.00138393
134.666667,0.00138393
134.7,0.00138393
134.733333,0.00138393
134.766667,0.00138393
134.8,0.00138393
134.833333,0.00138393
134.866667,0.196138
134.9,0.069
134.933333,0.0139643
134.966667,0.00995536
135,0.021346
135.033333,0.0144375
135.066667,0.00260491
135.1,0.00250223
135.133333,0.0137857
135.166667,0.0142701
135.2,0.0139531
135.233333,0.0141741
135.266667,0.0141808
135.3,0.023125
135.333333,0.00679911
135.366667,0.00778571
135.4,0.0179643
135.433333,0.0211161
135.466667,0.0137188
135.5,0.0143438
135.533333,0.025875
135.566667,0.0343772
135.6,0.0189888
135.633333,0.0125179
135.666667,0.0155067
135.7,0.0311272
135.733333,0.00777902
135.766667,0.00736384
135.8,0.0165402
135.833333,0.0245536
135.866667,0.00890848
135.9,0.00735045
135.933333,0.020067
135.966667,0.0184754
136,0.0495603
136.033333,0.00358259
136.066667,0.0107277
136.1,0.00844866
136.133333,0.00370089
136.166667,0.00167857
136.2,0.00590402
136.233333,0.00549777
136.266667,0.00310714
136.3,0.00157589
136.333333,0.00317188
136.366667,0.0028683
136.4,0.00193527
136.433333,0.00143527
136.466667,0.0024375
136.5,0.00484375
136.533333,0.00217188
136.566667,0.00154241
136.6,0.00326562
136.633333,0.00263839
136.666667,0.00179464
136.7,0.00141964
136.733333,0.00255357
136.766667,0.00405134
136.8,0.00195536
136.833333,0.00139062
136.866667,0.00426339
136.9,0.00270759
136.933333,0.00166964
136.966667,0.00147545
137,0.00261607
137.033333,0.00304688
137.066667,0.00174107
137.1,0.00154911
137.133333,0.00305134
137.166667,0.00375893
137.2,0.0020558
137.233333,0.00158259
137.266667,0.00327902
137.3,0.0040067
137.333333,0.00186607
137.366667,0.00153795
137.4,0.0031875
137.433333,0.00258036
137.466667,0.00189062
137.5,0.00183482
137.533333,0.00255357
137.566667,0.00248438
137.6,0.00207366
137.633333,0.00188616
137.666667,0.00263839
137.7,0.0024308
137.733333,0.00187277
137.766667,0.00176563
137.8,0.002125
137.833333,0.00267411
137.866667,0.00169643
137.9,0.00146429
137.933333,0.00214732
137.966667,0.00177679
138,0.00147991
138.033333,0.00144643
138.066667,0.00173214
138.1,0.00167634
138.133333,0.00160714
138.166667,0.00146429
138.2,0.00157589
138.233333,0.00151563
138.266667,0.00146429
138.3,0.00146429
138.333333,0.00148214
138.366667,0.00163393
138.4,0.00147768
138.433333,0.00147321
138.466667,27.529
138.5,0.00154464
138.533333,0.0392723
138.566667,0.0741451
138.6,0.0440379
138.633333,0.022279
138.666667,0.0117813
138.7,0.0111585
138.733333,0.0110982
138.766667,0.0110759
138.8,0.0110848
138.833333,0.0110759
138.866667,0.0110848
138.9,0.0110759
138.933333,0.0110848
138.966667,0.0110759
139,0.0110848
139.033333,0.0110759
139.066667,0.0110848
139.1,0.0110759
139.133333,0.0110848
139.166667,0.0110759
139.2,0.0110848
139.233333,0.0110759
139.266667,0.0110848
139.3,0.0110759
139.333333,0.0110848
139.366667,0.0110759
139.4,0.0110848
139.433333,0.0110759
139.466667,0.0110848
139.5,0.0110759
139.533333,0.0110848
139.566667,0.0110759
139.6,0.0110848
139.633333,0.0110759
139.666667,0.0110848
139.7,0.0110759
139.733333,0.0110848
139.766667,0.0110759
139.8,0.0110848
139.833333,0.0110759
139.866667,0.0110848
139.9,0.0110759
139.933333,0.0110848
139.966667,0.0110759
140,0.0110848
140.033333,0.0110759
140.066667,0.0110848
140.1,0.0110759
140.133333,0.0110848
140.166667,0.0110759
140.2,0.0110848
140.233333,0.0110759
140.266667,0.0110848
140.3,0.0110759
140.333333,0.0110848
140.366667,0.0110759
140.4,0.0110848
140.433333,0.0110759
140.466667,0.0110848
140.5,0.0110759
140.533333,0.0110848
140.566667,0.0110759
140.6,0.0110848
140.633333,0.0110759
140.666667,0.0110848
140.7,0.0110759
140.733333,0.0110848
140.766667,0.0110759
140.8,0.0110848
140.833333,0.0110759
140.866667,0.0110848
140.9,0.0110759
140.933333,0.0110848
140.966667,0.0110759
141,0.0110848
141.033333,0.0110759
141.066667,0.0110848
141.1,0.0110759
141.133333,0.0110848
141.166667,0.0110759
141.2,0.0110848
141.233333,0.0110759
141.266667,0.0110848
141.3,0.0110759
141.333333,0.0110848
141.366667,0.0110759
141.4,0.0110848
141.433333,0.0110759
141.466667,0.0110848
141.5,0.0110759
141.533333,0.0110848
141.566667,0.0110759
141.6,0.0110848
141.633333,0.0110759
141.666667,0.0110848
141.7,0.0110759
141.733333,0.0110848
141.766667,0.0110759
141.8,0.0110848
141.833333,0.0110759
141.866667,0.0110848
141.9,0.0110759
141.933333,0.0110848
141.966667,0.0110759
142,0.0110848
142.033333,0.0110759
142.066667,0.0110848
142.1,0.0110759
142.133333,0.0110848
142.166667,0.0110759
142.2,0.0110848
142.233333,0.0110759
142.266667,0.0110848
142.3,0.0110759
142.333333,0.0110848
142.366667,0.0110759
142.4,0.0110848
142.433333,0.0110759
142.466667,0.0110848
142.5,0.0110759
142.533333,0.0110848
142.566667,0.0110759
142.6,0.0110848
142.633333,0.0110759
142.666667,0.0110848
142.7,0.0110759
142.733333,0.0110848
142.766667,0.0110759
142.8,0.0110848
142.833333,0.0110759
142.866667,0.0110848
142.9,0.0110759
142.933333,0.0110848
142.966667,0.0110759
143,0.0110848
143.033333,0.0110759
143.066667,0.0110848
143.1,0.0110759
143.133333,0.0110848
143.166667,0.0110759
143.2,0.0110848
143.233333,0.0110759
143.266667,0.0110848
143.3,0.0110759
143.333333,0.0110848
143.366667,0.0110759
143.4,0.0110848
143.433333,0.0110759
143.466667,0.0110848
143.5,0.0110759
143.533333,0.0110848
143.566667,0.0110759
143.6,0.0110848
143.633333,0.0110759
143.666667,0.0110848
143.7,0.0110759
143.733333,0.0110848
143.766667,0.0110759
143.8,0.0110848
143.833333,0.0110759
143.866667,0.0110848
143.9,0.0110759
143.933333,0.0110848
143.966667,0.0110759
144,0.250121
144.033333,0.0122344
144.066667,0.00364732
144.1,0.00265625
144.133333,0.00245089
144.166667,0.00244643
144.2,0.00244643
144.233333,0.00244643
144.266667,0.00244643
144.3,0.00244643
144.333333,0.00244643
144.366667,0.00244643
144.4,0.00244643
144.433333,0.00244643
144.466667,0.00244643
144.5,0.00244643
144.533333,0.00244643
144.566667,0.00244643
144.6,0.00244643
144.633333,0.00244643
144.666667,0.00244643
144.7,0.00244643
144.733333,0.00244643
144.766667,0.00244643
144.8,0.00244643
144.833333,0.00244643
144.866667,0.00244643
144.9,0.00244643
144.933333,0.00244643
144.966667,0.00244643
145,0.00244643
145.033333,0.00244643
145.066667,0.00244643
145.1,0.00244643
145.133333,0.00244643
145.166667,0.00244643
145.2,0.00244643
145.233333,0.00244643
145.266667,0.00244643
145.3,0.00244643
145.333333,0.00244643
145.366667,0.00244643
145.4,0.00244643
145.433333,0.00244643
145.466667,0.00244643
145.5,0.00244643
145.533333,0.00244643
145.566667,0.00244643
145.6,0.00244643
145.633333,0.00244643
145.666667,0.00244643
145.7,0.00244643
145.733333,0.00244643
145.766667,0.00244643
145.8,0.00244643
145.833333,0.00244643
145.866667,0.00244643
145.9,0.00244643
145.933333,0.00244643
145.966667,0.00244643
146,0.00244643
146.033333,0.00244643
146.066667,0.00244643
146.1,0.00244643
146.133333,0.00244643
146.166667,0.00244643
146.2,0.00244643
146.233333,0.00244643
146.266667,0.00244643
146.3,0.00244643
146.333333,0.00244643
146.366667,0.00244643
146.4,0.00244643
146.433333,0.00244643
146.466667,0.00244643
146.5,0.00244643
146.533333,0.00244643
146.566667,0.00244643
146.6,0.00244643
146.633333,0.00244643
146.666667,0.00244643
146.7,0.00244643
146.733333,0.00244643
146.766667,0.00244643
146.8,0.00244643
146.833333,0.00244643
146.866667,0.00244643
146.9,0.00244643
146.933333,0.00244643
146.966667,0.00244643
147,0.00244643
147.033333,0.00244643
147.066667,0.00244643
147.1,0.00244643
147.133333,0.00244643
147.166667,0.00244643
147.2,0.00244643
147.233333,0.00244643
147.266667,0.00244643
147.3,0.00244643
147.333333,0.00244643
147.366667,0.00244643
147.4,0.00244643
147.433333,0.00244643
147.466667,0.00244643
147.5,0.00244643
147.533333,0.00244643
147.566667,0.00244643
147.6,0.00244643
147.633333,0.00244643
147.666667,0.00244643
147.7,0.00244643
147.733333,0.00244643
147.766667,0.00244643
147.8,0.00244643
147.833333,0.00244643
147.866667,0.00244643
147.9,0.00244643
147.933333,0.00244643
147.966667,0.00244643
148,0.00244643
148.033333,0.00244643
148.066667,0.00244643
148.1,0.00244643
148.133333,0.00244643
148.166667,0.00244643
148.2,0.00244643
148.233333,0.00244643
148.266667,0.00244643
148.3,0.00244643
148.333333,0.00244643
148.366667,0.00244643
148.4,0.00244643
148.433333,0.00244643
148.466667,0.00244643
148.5,0.00244643
148.533333,0.00244643
148.566667,0.00244643
148.6,0.00244643
148.633333,0.00244643
148.666667,0.00244643
148.7,0.00244643
148.733333,0.00244643
148.766667,0.00244643
148.8,0.00244643
148.833333,0.00244643
148.866667,0.00244643
148.9,0.00244643
148.933333,0.00244643
148.966667,0.00244643
149,0.00244643
149.033333,0.00244643
149.066667,0.00244643
149.1,0.00244643
149.133333,0.00244643
149.166667,0.00244643
149.2,0.147616
149.233333,0.155652
149.266667,0.160335
149.3,0.160855
149.333333,0.16571
149.366667,0.166585
149.4,0.670127
149.433333,0.719585
149.466667,0.758002
149.5,0.70352
149.533333,0.781348
149.566667,0.678542
149.6,0.803625
149.633333,0.763618
149.666667,0.748763
149.7,0.761161
149.733333,0.750083
149.766667,0.731804
149.8,0.899589
149.833333,0.798417
149.866667,0.7585
149.9,0.835071
149.933333,0.766201
149.966667,0.972978
150,0.914007
150.033333,0.911246
150.066667,1.05363
150.1,1.07608
150.133333,1.21789
150.166667,1.73812
150.2,0.605833
150.233333,0.577688
150.266667,0.49985
150.3,0.674848
150.333333,0.309232
150.366667,0.743288
150.4,0.00234821
150.433333,0.00127232
150.466667,0.00114509
150.5,0.00109821
150.533333,0.00108482
150.566667,0.0869888
150.6,0.17408
150.633333,0.178879
150.666667,0.186583
150.7,0.199424
150.733333,0.22673
150.766667,0.401862
150.8,0.308393
150.833333,0.213092
150.866667,0.194513
150.9,0.183098
150.933333,0.176737
150.966667,0.173263
151,0.170674
151.033333,0.168467
151.066667,0.165888
151.1,0.165214
151.133333,0.229203
151.166667,0.0976205
151.2,0.00140625
151.233333,0.00133705
151.266667,0.00133036
151.3,0.00133036
151.333333,0.00133036
151.366667,0.00133036
151.4,0.00133036
151.433333,0.00133036
151.466667,0.00133036
151.5,0.00133036
151.533333,0.00133036
151.566667,0.00133036
151.6,0.00133036
151.633333,0.00133036
151.666667,0.00133036
151.7,0.00133036
151.733333,0.00133036
151.766667,0.00133036
151.8,0.00133036
151.833333,0.00133036
151.866667,0.00133036
151.9,0.00133036
151.933333,0.00133036
151.966667,0.00133036
152,0.0297991
152.033333,0.00187946
152.066667,0.000475446
152.1,0.000325893
152.133333,0.000290179
152.166667,0.000290179
152.2,0.000290179
152.233333,0.000290179
152.266667,0.000290179
152.3,0.000290179
152.333333,0.000290179
152.366667,0.000290179
152.4,0.000290179
152.433333,0.000290179
152.466667,0.000290179
152.5,0.000290179
152.533333,0.000290179
152.566667,0.000290179
152.6,0.000290179
152.633333,0.000290179
152.666667,0.000290179
152.7,0.000290179
152.733333,0.000290179
152.766667,0.000290179
152.8,0.000290179
152.833333,0.000290179
152.866667,0.000290179
152.9,0.000290179
152.933333,0.000290179
152.966667,0.000290179
153,0.000290179
153.033333,0.000290179
153.066667,0.000290179
153.1,0.000290179
153.133333,0.000290179
153.166667,0.000290179
153.2,0.000290179
153.233333,0.000290179
153.266667,0.000290179
153.3,0.000290179
153.333333,0.000290179
153.366667,0.000290179
153.4,0.000290179
153.433333,0.000290179
153.466667,0.000290179
153.5,0.000290179
153.533333,0.000290179
153.566667,0.000290179
153.6,0.000290179
153.633333,0.000290179
153.666667,0.000290179
153.7,0.000290179
153.733333,0.000290179
153.766667,0.000290179
153.8,0.000290179
153.833333,0.000290179
153.866667,0.000290179
153.9,0.000290179
153.933333,0.000290179
153.966667,0.000290179
154,0.000290179
154.033333,0.000290179
154.066667,0.000290179
154.1,0.000290179
154.133333,0.000290179
154.166667,0.000290179
154.2,0.000290179
154.233333,0.000290179
154.266667,0.000290179
154.3,0.000290179
154.333333,0.000290179
154.366667,0.000290179
154.4,0.000290179
154.433333,0.000290179
154.466667,0.000290179
154.5,0.000290179
154.533333,0.000290179
154.566667,0.000290179
154.6,0.0329308
154.633333,0.0339174
154.666667,0.034125
154.7,0.0405915
154.733333,0.0342902
154.766667,0.0344241
154.8,0.042433
154.833333,0.0411161
154.866667,0.0353906
154.9,0.042683
154.933333,0.0424129
154.966667,0.0430893
155,0.0430737
155.033333,0.0437701
155.066667,0.050625
155.1,0.0501719
155.133333,0.0452366
155.166667,0.0575871
155.2,0.0524688
155.233333,0.0527165
155.266667,0.0597612
155.3,0.0668862
155.333333,0.0677054
155.366667,0.0682701
155.4,0.0758862
155.433333,0.0838058
155.466667,0.097808
155.5,0.11292
155.533333,0.147261
155.566667,0.376998
155.6,0.00110937
155.633333,0.000453125
155.666667,0.000395089
155.7,0.000370536
155.733333,0.000370536
155.766667,0.000370536
155.8,0.000370536
155.833333,0.000370536
155.866667,0.000370536
155.9,0.000370536
155.933333,0.000370536
155.966667,0.000370536
156,0.000370536
156.033333,0.000370536
156.066667,0.000370536
156.1,0.000370536
156.133333,0.000370536
156.166667,0.000370536
156.2,0.000370536
156.233333,0.000370536
156.266667,0.000370536
156.3,0.000370536
156.333333,0.000370536
156.366667,0.000370536
156.4,0.000370536
156.433333,0.000370536
156.466667,0.000370536
156.5,0.000370536
156.533333,0.000370536
156.566667,0.000370536
156.6,0.000370536
156.633333,0.000370536
156.666667,0.000370536
156.7,0.000370536
156.733333,0.000370536
156.766667,0.000370536
156.8,0.000370536
156.833333,0.000370536
156.866667,0.000370536
156.9,0.000370536
156.933333,0.000370536
156.966667,0.000370536
157,0.000370536
157.033333,0.000370536
157.066667,0.000370536
157.1,0.000370536
157.133333,0.000370536
157.166667,0.000370536
157.2,0.000370536
157.233333,0.000370536
157.266667,0.000370536
157.3,0.000370536
157.333333,0.000370536
157.366667,0.000370536
157.4,0.000370536
157.433333,0.000370536
157.466667,0.000370536
157.5,0.000370536
157.533333,0.000370536
157.566667,0.000370536
157.6,0.000370536
157.633333,0.000370536
157.666667,0.000370536
157.7,0.000370536
157.733333,0.000370536
157.766667,0.000370536
157.8,0.000370536
157.833333,0.000370536
157.866667,0.000370536
157.9,0.000370536
157.933333,0.000370536
157.966667,0.000370536
158,0.000370536
158.033333,0.000370536
158.066667,0.000370536
158.1,0.000370536
158.133333,0.000370536
158.166667,0.000370536
158.2,0.000370536
158.233333,0.000370536
158.266667,0.000370536
158.3,0.000370536
158.333333,0.000370536
158.366667,0.000370536
158.4,0.000370536
158.433333,0.000370536
158.466667,0.000370536
158.5,0.000370536
158.533333,0.000370536
158.566667,0.000370536
158.6,0.000370536
158.633333,0.000370536
158.666667,0.000370536
158.7,0.000370536
158.733333,0.000370536
158.766667,0.000370536
158.8,0.000370536
158.833333,0.000370536
158.866667,0.000370536
158.9,0.000370536
158.933333,0.000370536
158.966667,0.000370536
159,0.000370536
159.033333,0.000370536
159.066667,0.000370536
159.1,0.000370536
159.133333,0.000370536
159.166667,0.000370536
159.2,0.000370536
159.233333,0.000370536
159.266667,0.000370536
159.3,0.000370536
159.333333,0.000370536
159.366667,0.000370536
159.4,0.000370536
159.433333,0.000370536
159.466667,0.000370536
159.5,0.000370536
159.533333,0.000370536
159.566667,0.000370536
159.6,0.000370536
159.633333,0.000370536
159.666667,0.000370536
159.7,0.000370536
159.733333,0.000370536
159.766667,0.000370536
159.8,0.000370536
159.833333,0.000370536
159.866667,0.000370536
159.9,0.000370536
159.933333,0.000370536
159.966667,0.000370536
160,0.00557812
160.033333,0.00207366
160.066667,0.000546875
160.1,0.000361607
160.133333,0.000325893
160.166667,0.000325893
160.2,0.000325893
160.233333,0.000325893
160.266667,0.000325893
160.3,0.000325893
160.333333,0.000325893
160.366667,0.000325893
160.4,0.000325893
160.433333,0.000325893
160.466667,0.000325893
160.5,0.000325893
160.533333,0.000325893
160.566667,0.000325893
160.6,0.000325893
160.633333,24.764
160.666667,0.0225469
160.7,0.00317857
160.733333,0.0205223
160.766667,0.00525223
160.8,0.0186116
160.833333,0.0179487
160.866667,0.00515179
160.9,0.0188951
160.933333,0.00525223
160.966667,0.0186228
161,0.0178125
161.033333,0.00508705
161.066667,0.0186004
161.1,0.00583929
161.133333,0.0179308
161.166667,0.0183237
161.2,0.00529688
161.233333,0.0186183
161.266667,0.0184263
161.3,0.0051808
161.333333,0.0186183
161.366667,0.0184107
161.4,0.00519196
161.433333,0.0188326
161.466667,0.0183772
161.5,0.00546205
161.533333,0.0187656
161.566667,0.018442
161.6,0.00557143
161.633333,0.0188482
161.666667,0.00125446
161.7,0.000986607
161.733333,0.001125
161.766667,0.000870536
161.8,0.000870536
161.833333,0.000870536
161.866667,0.000870536
161.9,0.000870536
161.933333,0.000870536
161.966667,0.000870536
162,0.000870536
162.033333,0.000870536
162.066667,0.159337
162.1,0.0526027
162.133333,0.0140759
162.166667,0.0110692
162.2,0.0151116
162.233333,0.00986607
162.266667,0.00351116
162.3,0.00385268
162.333333,0.00939509
162.366667,0.00947098
162.4,0.00867634
162.433333,0.00718973
162.466667,0.00781473
162.5,0.0218973
162.533333,0.00750893
162.566667,0.00694196
162.6,0.0191987
162.633333,0.0196964
162.666667,0.00952902
162.7,0.0101183
162.733333,0.0199888
162.766667,0.0281384
162.8,0.0164442
162.833333,0.00800446
162.866667,0.00998661
162.9,0.0219129
162.933333,0.00767411
162.966667,0.00658929
163,0.0161205
163.033333,0.0202388
163.066667,0.00770536
163.1,0.00632589
163.133333,0.0170313
163.166667,0.0130937
163.2,0.00574777
163.233333,0.00314063
163.266667,0.00967634
163.3,0.00756696
163.333333,0.00341741
163.366667,0.00167634
163.4,0.00556473
163.433333,0.00463616
163.466667,0.00247545
163.5,0.00138839
163.533333,0.00292634
163.566667,0.00380357
163.6,0.00187277
163.633333,0.00135937
163.666667,0.00305357
163.7,0.00359375
163.733333,0.00201339
163.766667,0.00132813
163.8,0.00286384
163.833333,0.0023817
163.866667,0.00135491
163.9,0.00111384
163.933333,0.00206473
163.966667,0.00351563
164,0.00175
164.033333,0.00126786
164.066667,0.0035
164.1,0.00332812
164.133333,0.00154464
164.166667,10.7122
164.2,0.00117634
164.233333,0.000321429
164.266667,0.000131696
164.3,0.000116071
164.333333,0.000116071
164.366667,0.000116071
164.4,0.000116071
164.433333,0.000116071
164.466667,0.000116071
164.5,0.000116071
164.533333,0.000116071
164.566667,0.000116071
164.6,0.000116071
164.633333,0.000116071
164.666667,0.000116071
164.7,0.000116071
164.733333,0.000116071
164.766667,0.000116071
164.8,0.000116071
164.833333,0.000116071
164.866667,0.000116071
164.9,0.000116071
164.933333,0.000116071
164.966667,0.000116071
165,0.000116071
165.033333,0.000116071
165.066667,0.000116071
165.1,0.000116071
165.133333,0.000116071
165.166667,0.000116071
165.2,0.000116071
165.233333,0.000116071
165.266667,0.000116071
165.3,0.000116071
165.333333,0.000116071
165.366667,0.000116071
165.4,0.000116071
165.433333,0.000116071
165.466667,0.000116071
165.5,0.000116071
165.533333,0.000116071
165.566667,0.000116071
165.6,0.000116071
165.633333,0.000116071
165.666667,0.000116071
165.7,0.000116071
165.733333,0.000116071
165.766667,0.000116071
165.8,0.000116071
165.833333,0.000116071
165.866667,0.000116071
165.9,0.000116071
165.933333,0.000116071
165.966667,0.000116071
166,0.000116071
166.033333,0.000116071
166.066667,0.000116071
166.1,0.000116071
166.133333,0.000116071
166.166667,0.000116071
166.2,0.000116071
166.233333,0.000116071
166.266667,0.000116071
166.3,0.000116071
166.333333,0.000116071
166.366667,0.000116071
166.4,0.000116071
166.433333,0.000116071
166.466667,0.000116071
166.5,0.000116071
166.533333,0.000116071
166.566667,0.000116071
166.6,0.000116071
166.633333,0.000116071
166.666667,0.000116071
166.7,0.000116071
166.733333,0.000116071
166.766667,0.000116071
166.8,0.000116071
166.833333,0.000116071
166.866667,0.000116071
166.9,0.000116071
166.933333,0.000116071
166.966667,0.000116071
167,0.000116071
167.033333,0.000116071
167.066667,0.000116071
167.1,0.000116071
167.133333,0.000116071
167.166667,0.000116071
167.2,0.000116071
167.233333,0.000116071
167.266667,0.000116071
167.3,0.000116071
167.333333,0.000116071
167.366667,0.000116071
167.4,0.000116071
167.433333,0.000116071
167.466667,0.000116071
167.5,0.000116071
167.533333,0.000116071
167.566667,0.000116071
167.6,0.000116071
167.633333,0.000116071
167.666667,0.000116071
167.7,0.000116071
167.733333,0.000116071
167.766667,0.000116071
167.8,0.000116071
167.833333,0.000116071
167.866667,0.000116071
167.9,0.000116071
167.933333,0.000116071
167.966667,0.000116071
168,0.00410938
168.033333,0.000174107
168.066667,6.25
168.1,4.46429
168.133333,4.46429
168.166667,4.46429
168.2,4.46429
168.233333,4.46429
168.266667,4.46429
168.3,4.46429
168.333333,4.46429
168.366667,4.46429
168.4,4.46429
168.433333,4.46429
168.466667,4.46429
168.5,4.46429
168.533333,4.46429
168.566667,4.46429
168.6,4.46429
168.633333,4.46429
168.666667,4.46429
168.7,4.46429
168.733333,4.46429
168.766667,4.46429
168.8,4.46429
168.833333,4.46429
168.866667,4.46429
168.9,4.46429
168.933333,4.46429
168.966667,4.46429
169,4.46429
169.033333,4.46429
169.066667,4.46429
169.1,4.46429
169.133333,4.46429
169.166667,4.46429
169.2,4.46429
169.233333,4.46429
169.266667,4.46429
169.3,4.46429
169.333333,4.46429
169.366667,4.46429
169.4,4.46429
169.433333,4.46429
169.466667,2.87779
169.5,0.00131473
169.533333,0.000332589
169.566667,0.000227679
169.6,0.000214286
169.633333,0.000214286
169.666667,0.000214286
169.7,0.000214286
169.733333,0.000214286
169.766667,0.000214286
169.8,0.000214286
169.833333,0.000214286
169.866667,0.000214286
169.9,0.000214286
169.933333,0.000214286
169.966667,0.000214286
170,0.000214286
170.033333,0.000214286
170.066667,0.000214286
170.1,0.000214286
170.133333,0.000214286
170.166667,0.000214286
170.2,0.000214286
170.233333,0.000214286
170.266667,0.000214286
170.3,0.000214286
170.333333,0.000214286
170.366667,0.000214286
170.4,0.000214286
170.433333,0.000214286
170.466667,0.000214286
170.5,0.000214286
170.533333,0.000214286
170.566667,0.000214286
170.6,0.000214286
170.633333,0.000214286
170.666667,0.000214286
170.7,0.000214286
170.733333,0.000214286
170.766667,0.000214286
170.8,0.000214286
170.833333,0.000214286
170.866667,0.000214286
170.9,0.000214286
170.933333,0.000214286
170.966667,0.000214286
171,0.000214286
171.033333,0.000214286
171.066667,0.000214286
171.1,0.000214286
171.133333,0.000214286
171.166667,0.000214286
171.2,0.000214286
171.233333,0.000214286
171.266667,0.000214286
171.3,0.000214286
171.333333,0.000214286
171.366667,0.000214286
171.4,0.000214286
171.433333,0.000214286
171.466667,0.000214286
171.5,0.000214286
171.533333,0.000214286
171.566667,0.000214286
171.6,0.000214286
171.633333,0.000214286
171.666667,0.000214286
171.7,0.000214286
171.733333,0.000214286
171.766667,0.000214286
171.8,9.18513
171.833333,0.00307813
171.866667,0.000752232
171.9,0.000439732
171.933333,0.000357143
171.966667,0.000339286
172,0.000339286
172.033333,0.000339286
172.066667,0.000339286
172.1,0.000339286
172.133333,0.000339286
172.166667,0.000339286
172.2,0.000339286
172.233333,0.000339286
172.266667,0.000339286
172.3,0.000339286
172.333333,0.000339286
172.366667,0.000339286
172.4,0.000339286
172.433333,0.000339286
172.466667,0.000339286
172.5,0.000339286
172.533333,0.000339286
172.566667,0.000339286
172.6,0.000339286
172.633333,0.000339286
172.666667,0.000339286
172.7,0.000339286
172.733333,0.000339286
172.766667,0.000339286
172.8,0.000339286
172.833333,0.000339286
172.866667,0.000339286
172.9,0.000339286
172.933333,0.000339286
172.966667,0.000339286
173,0.000339286
173.033333,0.000339286
173.066667,0.000339286
173.1,0.000339286
173.133333,0.000339286
173.166667,0.000339286
173.2,0.000339286
173.233333,0.000339286
173.266667,0.000339286
173.3,0.000339286
173.333333,0.000339286
173.366667,0.000339286
173.4,0.000339286
173.433333,0.000339286
173.466667,0.000339286
173.5,0.000339286
173.533333,0.000339286
173.566667,0.000339286
173.6,0.000339286
173.633333,0.000339286
173.666667,0.000339286
173.7,0.000339286
173.733333,0.000339286
173.766667,0.000339286
173.8,0.000339286
173.833333,0.000339286
173.866667,0.000339286
173.9,0.000339286
173.933333,0.000339286
173.966667,0.000339286
174,0.000339286
174.033333,0.000339286
174.066667,0.000339286
174.1,0.000339286
174.133333,0.000339286
174.166667,0.000339286
174.2,0.000339286
174.233333,0.000339286
174.266667,0.000339286
174.3,0.000339286
174.333333,0.000339286
174.366667,0.000339286
174.4,0.000339286
174.433333,18.7594
174.466667,0.000178571
174.5,0.00612946
174.533333,0.0124286
174.566667,0.00316295
174.6,0.00212946
174.633333,0.00190625
174.666667,0.00191071
174.7,0.00189732
174.733333,0.00189732
174.766667,0.00189732
174.8,0.00189732
174.833333,0.00189732
174.866667,0.00189732
174.9,0.00189732
174.933333,0.00189732
174.966667,0.00189732
175,0.00189732
175.033333,0.00189732
175.066667,0.00189732
175.1,0.00189732
175.133333,0.00189732
175.166667,0.00189732
175.2,0.00189732
175.233333,0.00189732
175.266667,0.00189732
175.3,0.00189732
175.333333,0.00189732
175.366667,0.00189732
175.4,0.00189732
175.433333,0.00189732
175.466667,0.00189732
175.5,0.00189732
175.533333,0.00189732
175.566667,0.00189732
175.6,0.00189732
175.633333,0.00189732
175.666667,0.00189732
175.7,0.00189732
175.733333,0.00189732
175.766667,0.00189732
175.8,0.00189732
175.833333,0.00189732
175.866667,0.00189732
175.9,0.00189732
175.933333,0.00189732
175.966667,0.00189732
176,0.0436719
176.033333,0.00232589
176.066667,0.000584821
176.1,0.000397321
176.133333,0.000375
176.166667,0.000375
176.2,0.000375
176.233333,0.000375
176.266667,0.000375
176.3,0.000375
176.333333,0.000375
176.366667,0.000375
176.4,0.000375
176.433333,0.000375
176.466667,0.000375
176.5,0.000375
176.533333,0.000375
176.566667,0.000375
176.6,0.000375
176.633333,0.000375
176.666667,0.000375
176.7,0.000375
176.733333,0.000375
176.766667,0.000375
176.8,0.000375
176.833333,0.000375
176.866667,0.000375
176.9,0.000375
176.933333,0.000375
176.966667,0.000375
177,0.000375
177.033333,0.000375
177.066667,0.000375
177.1,0.000375
177.133333,0.000375
177.166667,0.081529
177.2,0.199045
177.233333,0.202471
177.266667,0.198906
177.3,0.202047
177.333333,0.198507
177.366667,0.201964
177.4,0.470228
177.433333,0.294542
177.466667,0.198781
177.5,0.20225
177.533333,0.198777
177.566667,0.202531
177.6,0.197482
177.633333,0.151092
177.666667,0.000459821
177.7,0.000415179
177.733333,0.00040625
177.766667,0.00040625
177.8,0.00040625
177.833333,0.00040625
177.866667,0.00040625
177.9,0.00040625
177.933333,0.00040625
177.966667,0.00040625
178,0.00040625
178.033333,0.00040625
178.066667,0.00040625
178.1,0.00040625
178.133333,0.00040625
178.166667,0.00040625
178.2,0.00040625
178.233333,0.00040625
178.266667,0.00040625
178.3,0.00040625
178.333333,0.00040625
178.366667,0.00040625
178.4,0.00040625
178.433333,0.00040625
178.466667,0.00040625
178.5,0.00040625
178.533333,0.00040625
178.566667,0.00040625
178.6,0.00040625
178.633333,0.176275
178.666667,0.141797
178.7,0.0393393
178.733333,0.175152
178.766667,0.144636
178.8,0.172815
178.833333,0.1769
178.866667,0.00492857
178.9,0.176263
178.933333,0.177103
178.966667,0.174748
179,0.142538
179.033333,0.176699
179.066667,0.0388304
179.1,0.143263
179.133333,0.175036
179.166667,0.176971
179.2,0.174705
179.233333,0.14271
179.266667,0.174895
179.3,0.0388237
179.333333,0.178891
179.366667,0.141337
179.4,0.176895
179.433333,0.17515
179.466667,0.176931
179.5,0.145011
179.533333,0.172975
179.566667,0.177471
179.6,0.177437
179.633333,0.00105357
179.666667,0.000428571
179.7,0.000428571
179.733333,0.000419643
179.766667,0.000419643
179.8,0.000419643
179.833333,0.000419643
179.866667,0.000419643
179.9,0.000419643
179.933333,0.000419643
179.966667,0.000419643
180,0.000419643
180.033333,0.000419643
180.066667,0.000419643
180.1,0.000419643
180.133333,0.000419643
180.166667,0.000419643
180.2,0.000419643
180.233333,0.000419643
180.266667,0.000419643
180.3,0.000419643
180.333333,0.000419643
180.366667,0.000419643
180.4,0.000419643
180.433333,0.000419643
180.466667,0.000419643
180.5,0.000419643
180.533333,0.000419643
180.566667,0.000419643
180.6,0.000419643
180.633333,0.000419643
180.666667,0.000419643
180.7,0.000419643
180.733333,0.000419643
180.766667,0.000419643
180.8,0.000419643
180.833333,0.000419643
180.866667,0.000419643
180.9,0.000419643
180.933333,0.000419643
180.966667,0.000419643
181,0.000419643
181.033333,0.000419643
181.066667,0.000419643
181.1,0.000419643
181.133333,0.000419643
181.166667,0.000419643
181.2,0.000419643
181.233333,0.000419643
181.266667,0.000419643
181.3,0.000419643
181.333333,0.000419643
181.366667,0.000419643
181.4,0.000419643
181.433333,0.000419643
181.466667,0.000419643
181.5,0.000419643
181.533333,0.000419643
181.566667,0.000419643
181.6,0.000419643
181.633333,0.000419643
181.666667,0.000419643
181.7,0.000419643
181.733333,0.000419643
181.766667,0.000419643
181.8,0.000419643
181.833333,0.000419643
181.866667,0.000419643
181.9,0.000419643
181.933333,0.000419643
181.966667,0.000419643
182,0.000419643
182.033333,0.000419643
182.066667,0.000419643
182.1,0.000419643
182.133333,0.000419643
182.166667,0.000419643
182.2,0.000419643
182.233333,0.000419643
182.266667,0.000419643
182.3,0.000419643
182.333333,0.000419643
182.366667,0.000419643
182.4,0.000419643
182.433333,0.000419643
182.466667,0.000419643
182.5,0.000419643
182.533333,0.000419643
182.566667,0.000419643
182.6,0.000419643
182.633333,0.000419643
182.666667,0.000419643
182.7,0.000419643
182.733333,0.000419643
182.766667,0.000419643
182.8,0.000419643
182.833333,0.000419643
182.866667,0.000419643
182.9,0.000419643
182.933333,0.000419643
182.966667,0.000419643
183,0.000419643
183.033333,0.000419643
183.066667,0.000419643
183.1,0.000419643
183.133333,0.000419643
183.166667,1.71762
183.2,0.735685
183.233333,0.741161
183.266667,0.592958
183.3,0.566924
183.333333,0.54871
183.366667,0.499493
183.4,0.488759
183.433333,0.4669
183.466667,0.465645
183.5,0.430473
183.533333,0.439971
183.566667,0.429658
183.6,0.40902
183.633333,0.392116
183.666667,0.376638
183.7,0.389562
183.733333,0.421679
183.766667,0.354902
183.8,0.384585
183.833333,0.374609
183.866667,0.36706
183.9,0.372257
183.933333,0.382268
183.966667,0.345895
184,0.475888
184.033333,0.281558
184.066667,0.37271
184.1,0.343525
184.133333,0.353234
184.166667,0.0128705
184.2,0.107815
184.233333,4.10828
184.266667,4.63748
184.3,5.14593
184.333333,5.71588
184.366667,6.29496
184.4,6.86037
184.433333,8.14577
184.466667,9.62723
184.5,10.4993
184.533333,11.1094
184.566667,11.9761
184.6,12.6525
184.633333,12.9275
184.666667,12.9845
184.7,13.0258
184.733333,13.3236
184.766667,13.6072
184.8,13.8113
184.833333,13.8206
184.866667,13.8178
184.9,14.0821
184.933333,14.493
184.966667,15.1041
185,15.3781
185.033333,15.8293
185.066667,16.01
185.1,15.9978
185.133333,16.0196
185.166667,16.2013
185.2,0.00609821
185.233333,0.001875
185.266667,0.00116964
185.3,0.00105357
185.333333,0.00104018
185.366667,0.00104018
185.4,0.00104018
185.433333,0.00104018
185.466667,0.00104018
185.5,0.00104018
185.533333,0.00104018
185.566667,0.00104018
185.6,0.00104018
185.633333,0.00104018
185.666667,0.00104018
185.7,0.00104018
185.733333,0.00104018
185.766667,0.00104018
185.8,0.00104018
185.833333,0.00104018
185.866667,0.00104018
185.9,0.00104018
185.933333,0.00104018
185.966667,0.00104018
186,0.703252
186.033333,0.357487
186.066667,0.379536
186.1,0.709708
186.133333,0.356723
186.166667,0.706469
186.2,0.70706
186.233333,0.0401518
186.266667,0.70494
186.3,0.708746
186.333333,0.700886
186.366667,0.363152
186.4,0.70608
186.433333,0.388158
186.466667,0.359257
186.5,0.706011
186.533333,0.703873
186.566667,0.709192
186.6,0.361136
186.633333,0.704179
186.666667,0.389324
186.7,0.706739
186.733333,0.360221
186.766667,0.701931
186.8,0.703103
186.833333,0.708196
186.866667,0.360583
186.9,0.708993
186.933333,0.701161
186.966667,0.706502
187,0.00221429
187.033333,0.00120759
187.066667,0.00109598
187.1,0.0010625
187.133333,0.00107143
187.166667,0.0010625
187.2,0.00107143
187.233333,0.0010625
187.266667,0.00107143
187.3,0.0010625
187.333333,0.00107143
187.366667,0.0010625
187.4,0.00107143
187.433333,0.0010625
187.466667,0.00107143
187.5,0.0010625
187.533333,0.00107143
187.566667,0.0010625
187.6,0.00107143
187.633333,0.0010625
187.666667,0.00107143
187.7,0.0010625
187.733333,0.00107143
187.766667,0.0010625
187.8,0.00107143
187.833333,0.0010625
187.866667,0.00107143
187.9,0.0010625
187.933333,0.00107143
187.966667,0.0010625
188,0.00107143
188.033333,0.0010625
188.066667,0.00107143
188.1,0.0010625
188.133333,0.00107143
188.166667,0.0010625
188.2,0.00107143
188.233333,0.0010625
188.266667,0.00107143
188.3,0.0010625
188.333333,0.00107143
188.366667,0.0010625
188.4,0.00107143
188.433333,0.0010625
188.466667,0.00107143
188.5,0.0010625
188.533333,0.00107143
188.566667,0.0010625
188.6,0.00107143
188.633333,0.0010625
188.666667,0.00107143
188.7,0.0010625
188.733333,0.00107143
188.766667,0.0010625
188.8,0.00107143
188.833333,0.0010625
188.866667,0.00107143
188.9,0.0010625
188.933333,0.00107143
188.966667,0.0010625
189,0.00107143
189.033333,0.0010625
189.066667,1.46328
189.1,1.23764
189.133333,1.25548
189.166667,0.701045
189.2,0.976071
189.233333,0.940917
189.266667,0.913158
189.3,0.553172
189.333333,0.889667
189.366667,0.560589
189.4,0.858993
189.433333,0.513136
189.466667,0.854993
189.5,0.840272
189.533333,0.837946
189.566667,0.487473
189.6,0.510855
189.633333,0.824757
189.666667,0.476623
189.7,0.813676
189.733333,0.818217
189.766667,0.805987
189.8,0.146808
189.833333,0.805964
189.866667,0.803109
189.9,0.454239
189.933333,0.801574
189.966667,0.472143
190,0.44685
190.033333,0.79398
190.066667,0.0170513
190.1,0.0935915
190.133333,0.0206161
190.166667,0.0948594
190.2,0.0216161
190.233333,0.0968817
190.266667,0.0220848
190.3,0.0188058
190.333333,0.0958906
190.366667,0.016683
190.4,0.0940424
190.433333,0.0164531
190.466667,0.0938013
190.5,0.0163929
190.533333,0.0939018
190.566667,0.0167701
190.6,0.092442
190.633333,0.0187991
190.666667,0.0910223
190.7,0.0178371
190.733333,0.0920781
190.766667,0.0179732
190.8,0.0928147
190.833333,0.0170781
190.866667,0.0938594
190.9,0.0176853
190.933333,0.095183
190.966667,0.0919821
191,0.0180246
191.033333,0.0957723
191.066667,0.00193973
191.1,0.00112723
191.133333,0.000984375
191.166667,0.090654
191.2,0.0171696
191.233333,0.091625
191.266667,0.0952098
191.3,0.0171763
191.333333,0.09425
191.366667,0.0170603
191.4,0.0927946
191.433333,0.0173393
191.466667,0.0925804
191.5,0.0177031
191.533333,0.0907723
191.566667,0.0188192
191.6,0.0924978
191.633333,0.0170915
191.666667,0.0937188
191.7,0.0162165
191.733333,0.0941384
191.766667,0.0161897
191.8,0.0949911
191.833333,0.0162589
191.866667,0.0960201
191.9,0.0176317
191.933333,0.022183
191.966667,0.0970714
192,0.0483795
192.033333,0.0919844
192.066667,0.019875
192.1,0.0932344
192.133333,0.0182902
192.166667,0.012375
192.2,0.0925067
192.233333,0.0197879
192.266667,0.0939688
192.3,0.0206607
192.333333,0.0963839
192.366667,0.0212366
192.4,0.018192
192.433333,0.0950156
192.466667,0.0160647
192.5,0.093308
192.533333,0.0157879
192.566667,0.0929955
192.6,0.0156317
192.633333,0.0930379
192.666667,0.0164688
192.7,0.0915938
192.733333,0.018346
192.766667,0.0903594
192.8,0.0174353
192.833333,0.0914487
192.866667,0.0173415
192.9,0.0919821
192.933333,0.0165335
192.966667,0.0933304
193,0.0171094
193.033333,0.0946116
193.066667,0.0916741
193.1,0.0171652
193.133333,0.0954978
193.166667,0.00154911
193.2,0.000636161
193.233333,0.000522321
193.266667,0.090596
193.3,0.0159375
193.333333,0.0918214
193.366667,0.0947455
193.4,0.0162478
193.433333,0.0934219
193.466667,0.0165268
193.5,0.0921295
193.533333,0.0169174
193.566667,0.0917612
193.6,0.0172054
193.633333,0.0902946
193.666667,0.0182567
193.7,0.0918415
193.733333,0.0163281
193.766667,0.093558
193.8,0.0154487
193.833333,0.093692
193.866667,0.0154263
193.9,0.094154
193.933333,0.0156786
193.966667,0.0954531
194,0.0172143
194.033333,0.0219062
194.066667,0.0965022
194.1,0.0210402
194.133333,0.0943728
194.166667,0.0197634
194.2,0.0936228
194.233333,0.0180022
194.266667,0.0122254
194.3,0.0925558
194.333333,0.0197054
194.366667,0.0938147
194.4,0.0214085
194.433333,0.0958549
194.466667,0.0212857
194.5,0.0180357
194.533333,0.0951004
194.566667,0.0159732
194.6,0.0931964
194.633333,0.0159554
194.666667,0.0928929
194.7,0.0160469
194.733333,0.092654
194.766667,0.0166094
194.8,0.0913683
194.833333,0.0185491
194.866667,0.0900089
194.9,0.0175915
194.933333,0.0910513
194.966667,0.0171987
195,0.0922701
195.033333,0.0165513
195.066667,0.0931808
195.1,0.0170179
195.133333,0.09475
195.166667,0.0913371
195.2,0.0171853
195.233333,0.0950826
195.266667,0.00166518
195.3,0.000674107
195.333333,0.0005
195.366667,0.0904018
195.4,0.0160938
195.433333,0.0918103
195.466667,0.0943728
195.5,0.0163192
195.533333,0.0934353
195.566667,0.0166674
195.6,0.0921161
195.633333,0.0166205
195.666667,0.0916295
195.7,0.0178237
195.733333,0.0901295
195.766667,0.0179487
195.8,0.0917969
195.833333,0.0165513
195.866667,0.0931942
195.9,0.0153705
195.933333,12.4804
195.966667,0.000482143
196,6.02679
196.033333,0.000133929
196.066667,0.000107143
196.1,9.82143
196.133333,9.82143
196.166667,9.82143
196.2,9.82143
196.233333,9.82143
196.266667,9.82143
196.3,9.82143
196.333333,9.82143
196.366667,9.82143
196.4,9.82143
196.433333,9.82143
196.466667,9.82143
196.5,9.82143
196.533333,9.82143
196.566667,9.82143
196.6,9.82143
196.633333,9.82143
196.666667,9.82143
196.7,9.82143
196.733333,9.82143
196.766667,9.82143
196.8,9.82143
196.833333,9.82143
196.866667,9.82143
196.9,9.82143
196.933333,9.82143
196.966667,9.82143
197,9.82143
197.033333,9.82143
197.066667,9.82143
197.1,9.82143
197.133333,9.82143
197.166667,9.82143
197.2,9.82143
197.233333,9.82143
197.266667,9.82143
197.3,9.82143
197.333333,9.82143
197.366667,9.82143
197.4,9.82143
197.433333,9.82143
197.466667,9.82143
197.5,9.82143
197.533333,9.82143
197.566667,9.82143
197.6,9.82143
197.633333,9.82143
197.666667,9.82143
197.7,9.82143
197.733333,9.82143
197.766667,9.82143
197.8,9.82143
197.833333,9.82143
197.866667,9.82143
197.9,9.82143
197.933333,9.82143
197.966667,9.82143
198,9.82143
198.033333,9.82143
198.066667,9.82143
198.1,9.82143
198.133333,9.82143
198.166667,9.82143
198.2,9.82143
198.233333,9.82143
198.266667,9.82143
198.3,9.82143
198.333333,9.82143
198.366667,9.82143
198.4,9.82143
198.433333,9.82143
198.466667,9.82143
198.5,9.82143
198.533333,9.82143
198.566667,9.82143
198.6,9.82143
198.633333,9.82143
198.666667,9.82143
198.7,9.82143
198.733333,9.82143
198.766667,9.82143
198.8,9.82143
198.833333,9.82143
198.866667,9.82143
198.9,9.82143
198.933333,9.82143
198.966667,9.82143
199,9.82143
199.033333,9.82143
199.066667,9.82143
199.1,9.82143
199.133333,9.82143
199.166667,9.82143
199.2,9.82143
199.233333,9.82143
199.266667,9.82143
199.3,9.82143
199.333333,9.82143
199.366667,9.82143
199.4,9.82143
199.433333,9.82143
199.466667,9.82143
199.5,9.82143
199.533333,9.82143
199.566667,9.82143
199.6,9.82143
199.633333,9.82143
199.666667,9.82143
199.7,1.7391
199.733333,1.735
199.766667,1.7546
199.8,1.93062
199.833333,1.92684
199.866667,1.97108
199.9,1.29687
199.933333,0.621685
199.966667,0.552502
200,0.787692
200.033333,0.756795
200.066667,0.758281
200.1,0.836806
200.133333,0.793371
200.166667,0.912243
200.2,0.981158
200.233333,0.973641
200.266667,1.11338
200.3,1.07402
200.333333,1.09219
200.366667,1.45949
200.4,1.27585
200.433333,1.32025
200.466667,1.37383
200.5,1.42181
200.533333,1.27601
200.566667,1.7544
200.6,1.60789
200.633333,1.50238
200.666667,0.00195982
200.7,0.000573661
200.733333,0.000319196
200.766667,0.000290179
200.8,0.000290179
200.833333,1.97659
200.866667,1.98644
200.9,2.89638
200.933333,1.98618
200.966667,2.89156
201,2.00448
201.033333,1.99993
201.066667,2.9066
201.1,2.90822
201.133333,2.01077
201.166667,2.9211
201.2,2.91865
201.233333,2.02254
201.266667,2.92967
201.3,2.93629
201.333333,2.94145
201.366667,2.94471
201.4,2.95038
201.433333,2.9577
201.466667,3.86955
201.5,2.96887
201.533333,3.88225
201.566667,2.98633
201.6,3.90118
201.633333,3.90834
201.666667,3.92008
201.7,3.93126
201.733333,3.94214
201.766667,4.86636
201.8,4.88105
201.833333,0.00152455
201.866667,0.000435268
201.9,0.000279018
201.933333,0.000227679
201.966667,0.000232143
202,0.000223214
202.033333,0.000232143
202.066667,0.000223214
202.1,0.000232143
202.133333,0.000223214
202.166667,0.000232143
202.2,0.000223214
202.233333,0.000232143
202.266667,0.000223214
202.3,0.000232143
202.333333,0.000223214
202.366667,0.000232143
202.4,0.000223214
202.433333,0.000232143
202.466667,0.000223214
202.5,0.000232143
202.533333,0.000223214
202.566667,0.000232143
202.6,0.000223214
202.633333,0.000232143
202.666667,0.000223214
202.7,0.000232143
202.733333,0.000223214
202.766667,0.000232143
202.8,0.000223214
202.833333,0.000232143
202.866667,0.000223214
202.9,0.000232143
202.933333,0.000223214
202.966667,0.000232143
203,0.000223214
203.033333,0.000232143
203.066667,0.000223214
203.1,0.000232143
203.133333,0.000223214
203.166667,0.000232143
203.2,0.000223214
203.233333,0.000232143
203.266667,0.000223214
203.3,0.000232143
203.333333,0.000223214
203.366667,0.000232143
203.4,0.000223214
203.433333,0.000232143
203.466667,0.000223214
203.5,0.000232143
203.533333,4.87761
203.566667,4.86539
203.6,3.94228
203.633333,3.93195
203.666667,3.9199
203.7,3.9079
203.733333,3.90079
203.766667,2.98617
203.8,3.88205
203.833333,2.96896
203.866667,3.86949
203.9,2.9577
203.933333,2.95085
203.966667,2.94473
204,2.94167
204.033333,2.93603
204.066667,2.93011
204.1,2.02213
204.133333,2.91854
204.166667,2.92077
204.2,2.01088
204.233333,2.90846
204.266667,2.90611
204.3,2.00004
204.333333,2.00471
204.366667,2.89125
204.4,1.98601
204.433333,2.89631
204.466667,1.98681
204.5,1.9785
204.533333,0.00133482
204.566667,0.000415179
204.6,0.000245536
204.633333,0.000245536
204.666667,0.000245536
204.7,0.000245536
204.733333,0.000245536
204.766667,0.000245536
204.8,0.000245536
204.833333,0.000245536
204.866667,0.000245536
204.9,0.000245536
204.933333,0.000245536
204.966667,0.000245536
205,0.000245536
205.033333,0.000245536
205.066667,0.000245536
205.1,0.000245536
205.133333,0.000245536
205.166667,0.000245536
205.2,0.000245536
205.233333,0.000245536
205.266667,0.000245536
205.3,0.000245536
205.333333,0.000245536
205.366667,0.000245536
205.4,0.000245536
205.433333,0.000245536
205.466667,0.000245536
205.5,0.148192
205.533333,0.115712
205.566667,0.0958371
205.6,0.0955424
205.633333,0.0866362
205.666667,0.0870759
205.7,0.0888147
205.733333,0.0862366
205.766667,0.0876563
205.8,0.0852299
205.833333,0.0901272
205.866667,0.0898192
205.9,0.0889219
205.933333,0.0911451
205.966667,0.0951942
206,0.0967299
206.033333,0.100089
206.066667,0.101446
206.1,0.104893
206.133333,0.110663
206.166667,0.112489
206.2,0.119453
206.233333,0.126993
206.266667,0.136833
206.3,0.142234
206.333333,0.158728
206.366667,0.182438
206.4,0.218087
206.433333,0.292237
206.466667,0.571732
206.5,0.00163616
206.533333,0.0005625
206.566667,0.000435268
206.6,0.000410714
206.633333,0.000410714
206.666667,0.000410714
206.7,0.000410714
206.733333,0.000410714
206.766667,0.000410714
206.8,0.000410714
206.833333,0.000410714
206.866667,0.000410714
206.9,0.000410714
206.933333,0.000410714
206.966667,0.000410714
207,0.000410714
207.033333,0.000410714
207.066667,0.000410714
207.1,0.000410714
207.133333,0.000410714
207.166667,0.000410714
207.2,0.000410714
207.233333,0.000410714
207.266667,0.000410714
207.3,0.000410714
207.333333,0.000410714
207.366667,0.000410714
207.4,0.000410714
207.433333,0.000410714
207.466667,0.000410714
207.5,0.000410714
207.533333,0.000410714
207.566667,0.000410714
207.6,0.000410714
207.633333,0.000410714
207.666667,0.000410714
207.7,0.000410714
207.733333,0.000410714
207.766667,0.000410714
207.8,0.000410714
207.833333,0.000410714
207.866667,0.000410714
207.9,0.000410714
207.933333,0.000410714
207.966667,0.000410714
208,0.0139643
208.033333,0.000662946
208.066667,0.000162946
208.1,0.000118304
208.133333,0.000111607
208.166667,0.000111607
208.2,0.000111607
208.233333,0.000111607
208.266667,0.000111607
208.3,0.000111607
208.333333,0.000111607
208.366667,0.000111607
208.4,0.000111607
208.433333,0.000111607
208.466667,0.000111607
208.5,0.000111607
208.533333,0.000111607
208.566667,0.000111607
208.6,0.000111607
208.633333,0.000111607
208.666667,0.000111607
208.7,0.000111607
208.733333,0.000111607
208.766667,0.000111607
208.8,0.000111607
208.833333,0.000111607
208.866667,0.000111607
208.9,0.000111607
208.933333,0.000111607
208.966667,0.000111607
209,0.000111607
209.033333,0.000111607
209.066667,0.000111607
209.1,0.000111607
209.133333,0.000111607
209.166667,0.000111607
209.2,0.000111607
209.233333,0.000111607
209.266667,0.000111607
209.3,0.000111607
209.333333,0.000111607
209.366667,0.000111607
209.4,0.000111607
209.433333,0.000111607
209.466667,0.000111607
209.5,0.000111607
209.533333,0.000111607
209.566667,0.000111607
209.6,0.000111607
209.633333,0.000111607
209.666667,0.000111607
209.7,0.000111607
209.733333,0.000111607
209.766667,0.000111607
209.8,0.000111607
209.833333,0.000111607
209.866667,0.000111607
209.9,0.000111607
209.933333,0.000111607
209.966667,0.000111607
210,0.000111607
210.033333,0.000111607
210.066667,0.000111607
210.1,0.000111607
210.133333,0.000111607
210.166667,0.000111607
210.2,0.000111607
210.233333,0.000111607
210.266667,0.000111607
210.3,0.000111607
210.333333,0.000111607
210.366667,0.000111607
210.4,0.000111607
210.433333,0.000111607
210.466667,0.000111607
210.5,0.000111607
210.533333,0.000111607
210.566667,0.000111607
210.6,0.000111607
210.633333,0.000111607
210.666667,0.000111607
210.7,0.000111607
210.733333,0.000111607
210.766667,0.000111607
210.8,0.000111607
210.833333,0.000111607
210.866667,0.000111607
210.9,0.000111607
210.933333,0.000111607
210.966667,0.000111607
211,0.000111607
211.033333,0.000111607
211.066667,0.000111607
211.1,0.000111607
211.133333,0.000111607
211.166667,0.000111607
211.2,0.000111607
211.233333,0.000111607
211.266667,0.000111607
211.3,0.000111607
211.333333,0.000111607
211.366667,0.000111607
211.4,0.000111607
211.433333,0.000111607
211.466667,0.000111607
211.5,0.000111607
211.533333,0.000111607
211.566667,0.000111607
211.6,0.000111607
211.633333,0.000111607
211.666667,0.000111607
211.7,0.000111607
211.733333,0.000111607
211.766667,0.000111607
211.8,0.000111607
211.833333,0.000111607
211.866667,0.000111607
211.9,0.000111607
211.933333,0.000111607
211.966667,0.000111607
212,0.000111607
212.033333,0.000111607
212.066667,0.000111607
212.1,0.000111607
212.133333,0.000111607
212.166667,0.000111607
212.2,0.000111607
212.233333,0.000111607
212.266667,0.000111607
212.3,0.000111607
212.333333,0.000111607
212.366667,0.000111607
212.4,0.000111607
212.433333,0.000111607
212.466667,0.000111607
212.5,0.000111607
212.533333,0.000111607
212.566667,0.000111607
212.6,0.000111607
212.633333,0.000111607
212.666667,0.000111607
212.7,0.000111607
212.733333,0.000111607
212.766667,0.000111607
212.8,0.000111607
212.833333,0.000111607
212.866667,0.000111607
212.9,0.000111607
212.933333,0.000111607
212.966667,0.000111607
213,0.000111607
213.033333,0.000111607
213.066667,0.000111607
213.1,0.000111607
213.133333,0.000111607
213.166667,0.000111607
213.2,0.000111607
213.233333,0.000111607
213.266667,0.000111607
213.3,0.000111607
213.333333,0.000111607
213.366667,0.000111607
213.4,0.000111607
213.433333,0.000111607
213.466667,0.000111607
213.5,0.000111607
213.533333,0.000111607
213.566667,0.000111607
213.6,0.000111607
213.633333,0.000111607
213.666667,0.000111607
213.7,0.000111607
213.733333,0.000111607
213.766667,0.000111607
213.8,0.000111607
213.833333,0.000111607
213.866667,0.000111607
213.9,0.000111607
213.933333,0.000111607
213.966667,0.000111607
214,0.000111607
214.033333,0.000111607
214.066667,0.000111607
214.1,0.000111607
214.133333,0.000111607
214.166667,0.000111607
214.2,0.000111607
214.233333,0.000111607
214.266667,0.000111607
214.3,0.000111607
214.333333,0.000111607
214.366667,0.000111607
214.4,0.000111607
214.433333,0.000111607
214.466667,0.000111607
214.5,0.000111607
214.533333,0.000111607
214.566667,0.000111607
214.6,0.000111607
214.633333,0.000111607
214.666667,0.000111607
214.7,0.000111607
214.733333,0.000111607
214.766667,0.000111607
214.8,0.000111607
214.833333,0.000111607
214.866667,0.000111607
214.9,0.000111607
214.933333,0.000111607
214.966667,0.000111607
215,0.000111607
215.033333,0.000111607
215.066667,0.000111607
215.1,0.000111607
215.133333,0.000111607
215.166667,0.000111607
215.2,0.000111607
215.233333,0.000111607
215.266667,0.000111607
215.3,0.000111607
215.333333,0.000111607
215.366667,0.000111607
215.4,0.000111607
215.433333,0.000111607
215.466667,0.000111607
215.5,0.000111607
215.533333,0.000111607
215.566667,0.000111607
215.6,0.000111607
215.633333,0.000111607
215.666667,0.569623
215.7,0.291304
215.733333,0.2175
215.766667,0.18198
215.8,0.158167
215.833333,0.142379
215.866667,0.136359
215.9,0.127033
215.933333,0.119288
215.966667,0.112616
216,0.114205
216.033333,0.102444
216.066667,0.101187
216.1,0.0998058
216.133333,0.0965513
216.166667,0.09525
216.2,0.0906942
216.233333,0.0889509
216.266667,0.089971
216.3,0.090192
216.333333,0.0851629
216.366667,0.0883973
216.4,0.0862277
216.433333,0.0894487
216.466667,0.087567
216.5,0.0867857
216.533333,0.0957723
216.566667,0.0964665
216.6,0.116346
216.633333,0.149248
216.666667,0.000395089
216.7,0.000147321
216.733333,0.000107143
216.766667,0.000107143
216.8,0.000102679
216.833333,0.000102679
216.866667,0.000102679
216.9,0.000102679
216.933333,0.000102679
216.966667,0.000102679
217,0.000102679
217.033333,0.000102679
217.066667,0.000102679
217.1,0.000102679
217.133333,0.000102679
217.166667,0.000102679
217.2,0.000102679
217.233333,0.000102679
217.266667,0.000102679
217.3,0.000102679
217.333333,0.000102679
217.366667,0.000102679
217.4,0.000102679
217.433333,0.000102679
217.466667,0.000102679
217.5,0.000102679
217.533333,0.000102679
217.566667,0.000102679
217.6,0.000102679
217.633333,0.000102679
217.666667,0.000102679
217.7,0.000102679
217.733333,0.000102679
217.766667,0.000102679
217.8,0.000102679
217.833333,0.000102679
217.866667,0.000102679
217.9,0.000102679
217.933333,0.000102679
217.966667,0.000102679
218,0.000102679
218.033333,0.000102679
218.066667,0.000102679
218.1,0.000102679
218.133333,0.000102679
218.166667,0.000102679
218.2,0.000102679
218.233333,2.74658
218.266667,2.47295
218.3,2.1086
218.333333,1.73344
218.366667,1.52521
218.4,1.11536
218.433333,1.03091
218.466667,0.859109
218.5,0.837808
218.533333,0.808335
218.566667,0.590281
218.6,0.323272
218.633333,0.0631741
218.666667,0.0266384
218.7,0.00589063
218.733333,0.223214
218.766667,1.23601
218.8,2.0256
218.833333,2.0256
218.866667,2.0256
218.9,2.0256
218.933333,2.0256
218.966667,2.0256
219,2.0256
219.033333,2.0256
219.066667,2.03105
219.1,2.07051
219.133333,2.20404
219.166667,2.39408
219.2,2.57078
219.233333,2.67782
219.266667,2.69651
219.3,2.69663
219.333333,2.69663
219.366667,0.000102679
219.4,3.34821
219.433333,2.67857
219.466667,2.67857
219.5,2.67857
219.533333,2.67857
219.566667,2.67857
219.6,2.67857
219.633333,2.67857
219.666667,2.67857
219.7,2.67857
219.733333,2.67857
219.766667,2.67857
219.8,2.67857
219.833333,2.67857
219.866667,2.67857
219.9,2.67857
219.933333,2.67857
219.966667,2.67857
220,2.67857
220.033333,2.67857
220.066667,2.67857
220.1,2.67857
220.133333,2.67857
220.166667,2.67857
220.2,2.67857
220.233333,2.67857
220.266667,2.67857
220.3,2.67857
220.333333,2.67857
220.366667,2.67857
220.4,2.67857
220.433333,2.67857
220.466667,2.67857
220.5,2.67857
220.533333,2.67857
220.566667,2.67857
220.6,2.67857
220.633333,2.67857
220.666667,2.67857
220.7,2.67857
220.733333,2.67857
220.766667,2.67857
220.8,2.67857
220.833333,2.67857
220.866667,2.67857
220.9,2.67857
220.933333,2.67857
220.966667,2.67857
221,2.67857
221.033333,2.67857
221.066667,2.67857
221.1,2.67857
221.133333,2.67857
221.166667,2.67857
221.2,2.67857
221.233333,2.67857
221.266667,2.67857
221.3,2.67857
221.333333,2.67857
221.366667,2.67857
221.4,2.67857
221.433333,2.67857
221.466667,2.67857
221.5,2.67857
221.533333,2.67857
221.566667,2.67857
221.6,2.67857
221.633333,2.67857
221.666667,2.67857
221.7,2.67857
221.733333,2.67857
221.766667,2.67857
221.8,2.67857
221.833333,2.67857
221.866667,2.67857
221.9,2.67857
221.933333,2.67857
221.966667,2.67857
222,0.0102567
222.033333,0.0226339
222.066667,0.0172879
222.1,0.0176071
222.133333,0.0199777
222.166667,0.0142121
222.2,0.0197879
222.233333,0.0137522
222.266667,0.0186696
222.3,0.0172411
222.333333,0.0154241
222.366667,0.0189375
222.4,0.0140246
222.433333,0.0184866
222.466667,0.0147991
222.5,0.017346
222.533333,0.0194219
222.566667,0.0138214
222.6,0.0186339
222.633333,0.0151228
222.666667,0.0170692
222.7,0.0195446
222.733333,0.0141451
222.766667,0.0184018
222.8,0.0197277
222.833333,0.0132812
222.866667,0.0197433
222.9,0.0196808
222.933333,0.0134062
222.966667,0.0196094
223,0.000455357
223.033333,0.000167411
223.066667,0.000133929
223.1,0.000133929
223.133333,0.000133929
223.166667,0.000133929
223.2,0.000133929
223.233333,0.000133929
223.266667,0.000133929
223.3,0.000133929
223.333333,0.000133929
223.366667,0.000133929
223.4,0.000133929
223.433333,0.000133929
223.466667,0.000133929
223.5,0.000133929
223.533333,0.000133929
223.566667,0.000133929
223.6,0.000133929
223.633333,0.000133929
223.666667,0.000133929
223.7,0.000133929
223.733333,0.000133929
223.766667,0.000133929
223.8,0.000133929
223.833333,0.000133929
223.866667,0.000133929
223.9,0.000133929
223.933333,0.000133929
223.966667,0.000133929
224,0.00448884
224.033333,0.000243304
224.066667,4.01786
224.1,3.57143
224.133333,2.67857
224.166667,2.67857
224.2,2.67857
224.233333,2.67857
224.266667,2.67857
224.3,2.67857
224.333333,2.67857
224.366667,2.67857
224.4,2.67857
224.433333,2.67857
224.466667,2.67857
224.5,2.67857
224.533333,2.67857
224.566667,2.67857
224.6,2.67857
224.633333,2.67857
224.666667,2.67857
224.7,2.67857
224.733333,2.67857
224.766667,2.67857
224.8,2.67857
224.833333,2.67857
224.866667,2.67857
224.9,2.67857
224.933333,2.67857
224.966667,2.67857
225,2.67857
225.033333,2.67857
225.066667,2.67857
225.1,2.67857
225.133333,2.67857
225.166667,2.67857
225.2,2.67857
225.233333,2.67857
225.266667,2.67857
225.3,2.67857
225.333333,2.67857
225.366667,2.67857
225.4,2.67857
225.433333,2.67857
225.466667,2.67857
225.5,2.67857
225.533333,2.67857
225.566667,2.67857
225.6,2.67857
225.633333,2.67857
225.666667,2.67857
225.7,2.67857
225.733333,2.67857
225.766667,2.67857
225.8,2.67857
225.833333,2.67857
225.866667,2.67857
225.9,2.67857
225.933333,2.67857
225.966667,2.67857
226,2.67857
226.033333,2.67857
226.066667,2.67857
226.1,2.67857
226.133333,7.18758
226.166667,0.00204911
226.2,0.000607143
226.233333,0.000325893
226.266667,0.000285714
226.3,0.000276786
226.333333,0.000276786
226.366667,0.000276786
226.4,0.000276786
226.433333,0.000276786
226.466667,0.000276786
226.5,0.000276786
226.533333,0.000276786
226.566667,0.000276786
226.6,0.000276786
226.633333,0.000276786
226.666667,0.000276786
226.7,0.000276786
226.733333,0.000276786
226.766667,0.000276786
226.8,0.000276786
226.833333,0.000276786
226.866667,0.000276786
226.9,0.000276786
226.933333,0.000276786
226.966667,0.000276786
227,0.000276786
227.033333,0.000276786
227.066667,0.000276786
227.1,0.000276786
227.133333,0.000276786
227.166667,0.000276786
227.2,0.000276786
227.233333,0.000276786
227.266667,0.000276786
227.3,0.000276786
227.333333,0.000276786
227.366667,0.000276786
227.4,0.000276786
227.433333,0.000276786
227.466667,0.000276786
227.5,0.000276786
227.533333,0.000276786
227.566667,0.000276786
227.6,0.000276786
227.633333,0.000276786
227.666667,0.000276786
227.7,0.000276786
227.733333,0.000276786
227.766667,0.000276786
227.8,0.000276786
227.833333,0.000276786
227.866667,0.000276786
227.9,0.000276786
227.933333,0.000276786
227.966667,0.000276786
228,0.000276786
228.033333,0.000276786
228.066667,0.000276786
228.1,0.000276786
228.133333,0.000276786
228.166667,0.000276786
228.2,0.000276786
228.233333,0.000276786
228.266667,0.000276786
228.3,0.000276786
228.333333,0.000276786
228.366667,0.000276786
228.4,0.000276786
228.433333,0.000276786
228.466667,0.000276786
228.5,0.000276786
228.533333,0.000276786
228.566667,0.000276786
228.6,0.000276786
228.633333,0.000276786
228.666667,0.000276786
228.7,0.000276786
228.733333,0.000276786
228.766667,0.000276786
228.8,0.000276786
228.833333,0.000276786
228.866667,0.000276786
228.9,0.000276786
228.933333,0.000276786
228.966667,0.000276786
229,0.000276786
229.033333,0.000276786
229.066667,0.000276786
229.1,0.000276786
229.133333,0.000276786
229.166667,0.000276786
229.2,0.000276786
229.233333,0.000276786
229.266667,0.000276786
229.3,0.000276786
229.333333,0.000276786
229.366667,0.000276786
229.4,0.000276786
229.433333,0.000276786
229.466667,0.000276786
229.5,0.000276786
229.533333,0.000276786
229.566667,0.000276786
229.6,0.000276786
229.633333,0.000276786
229.666667,0.000276786
229.7,0.000276786
229.733333,0.000276786
229.766667,0.000276786
229.8,0.000276786
229.833333,0.000276786
229.866667,0.000276786
229.9,0.000276786
229.933333,0.000276786
229.966667,0.000276786
230,0.000276786
230.033333,0.000276786
230.066667,0.000276786
230.1,0.000276786
230.133333,0.000276786
230.166667,0.000276786
230.2,0.000276786
230.233333,0.000276786
230.266667,0.000276786
230.3,0.000276786
230.333333,0.000276786
230.366667,0.000276786
230.4,0.000276786
230.433333,0.000276786
230.466667,0.000276786
230.5,0.0504978
230.533333,0.0608705
230.566667,0.0624174
230.6,0.0717656
230.633333,0.0647388
230.666667,0.0638103
230.7,0.0641384
230.733333,0.0721674
230.766667,0.0663192
230.8,0.0656384
230.833333,0.072529
230.866667,0.0690446
230.9,0.0671027
230.933333,0.0739442
230.966667,0.0700379
231,0.0748616
231.033333,0.0714598
231.066667,0.0742098
231.1,0.0733884
231.133333,0.07425
231.166667,0.0771696
231.2,0.0783527
231.233333,0.0756875
231.266667,0.0810759
231.3,0.076683
231.333333,0.0816674
231.366667,0.0818103
231.4,0.0804107
231.433333,0.0843661
231.466667,0.0854888
231.5,0.000736607
231.533333,0.000399554
231.566667,0.000392857
231.6,0.000383929
231.633333,0.000383929
231.666667,0.000383929
231.7,0.000383929
231.733333,0.000383929
231.766667,0.000383929
231.8,0.000383929
231.833333,0.000383929
231.866667,0.000383929
231.9,0.000383929
231.933333,0.000383929
231.966667,0.000383929
232,0.0123728
232.033333,0.000725446
232.066667,0.000154018
232.1,0.000160714
232.133333,0.000151786
232.166667,0.000151786
232.2,0.000151786
232.233333,0.000151786
232.266667,0.000151786
232.3,0.000151786
232.333333,0.000151786
232.366667,0.000151786
232.4,0.000151786
232.433333,0.000151786
232.466667,0.000151786
232.5,0.000151786
232.533333,0.000151786
232.566667,0.000151786
232.6,0.000151786
232.633333,0.000151786
232.666667,0.000151786
232.7,0.000151786
232.733333,0.000151786
232.766667,0.000151786
232.8,0.000151786
232.833333,0.000151786
232.866667,0.000151786
232.9,0.000151786
232.933333,0.000151786
232.966667,0.000151786
233,0.000151786
233.033333,0.000151786
233.066667,0.000151786
233.1,0.000151786
233.133333,0.000151786
233.166667,0.000151786
233.2,0.000151786
233.233333,0.000151786
233.266667,0.000151786
233.3,0.000151786
233.333333,0.000151786
233.366667,0.000151786
233.4,0.000151786
233.433333,0.000151786
233.466667,0.000151786
233.5,0.000151786
233.533333,0.000151786
233.566667,0.000151786
233.6,0.000151786
233.633333,0.000151786
233.666667,0.000151786
233.7,0.000151786
233.733333,0.000151786
233.766667,0.000151786
233.8,0.000151786
233.833333,0.000151786
233.866667,0.000151786
233.9,0.000151786
233.933333,0.000151786
233.966667,0.000151786
234,0.000151786
234.033333,0.000151786
234.066667,0.000151786
234.1,0.000151786
234.133333,0.000151786
234.166667,0.000151786
234.2,0.000151786
234.233333,0.000151786
234.266667,0.000151786
234.3,0.000151786
234.333333,0.000151786
234.366667,0.000151786
234.4,0.000151786
234.433333,0.000151786
234.466667,0.000151786
234.5,0.000151786
234.533333,0.000151786
234.566667,0.000151786
234.6,0.000151786
234.633333,0.000151786
234.666667,0.000151786
234.7,0.000151786
234.733333,0.000151786
234.766667,0.000151786
234.8,0.000151786
234.833333,0.000151786
234.866667,0.000151786
234.9,0.000151786
234.933333,0.000151786
234.966667,0.000151786
235,0.000151786
235.033333,0.000151786
235.066667,0.000151786
235.1,0.000151786
235.133333,0.000151786
235.166667,0.000151786
235.2,0.000151786
235.233333,0.000151786
235.266667,0.000151786
235.3,0.000151786
235.333333,0.000151786
235.366667,0.000151786
235.4,0.000151786
235.433333,0.000151786
235.466667,0.000151786
235.5,0.000151786
235.533333,0.000151786
235.566667,0.000151786
235.6,0.000151786
235.633333,0.000151786
235.666667,0.000151786
235.7,0.000151786
235.733333,0.000151786
235.766667,0.000151786
235.8,0.000151786
235.833333,0.000151786
235.866667,0.000151786
235.9,0.000151786
235.933333,0.000151786
235.966667,0.000151786
236,0.000151786
236.033333,0.000151786
236.066667,0.000151786
236.1,0.000151786
236.133333,0.000151786
236.166667,0.000151786
236.2,0.000151786
236.233333,0.000151786
236.266667,0.000151786
236.3,0.000151786
236.333333,0.000151786
236.366667,0.000151786
236.4,0.000151786
236.433333,0.000151786
236.466667,0.000151786
236.5,0.000151786
236.533333,0.000151786
236.566667,0.000151786
236.6,0.000151786
236.633333,0.000151786
236.666667,0.000151786
236.7,0.000151786
236.733333,0.000151786
236.766667,0.000151786
236.8,0.000151786
236.833333,0.000151786
236.866667,0.000151786
236.9,0.000151786
236.933333,0.000151786
236.966667,0.000151786
237,0.000151786
237.033333,0.000151786
237.066667,0.000151786
237.1,0.000151786
237.133333,0.000151786
237.166667,0.000151786
237.2,0.000151786
237.233333,0.000151786
237.266667,0.000151786
237.3,0.000151786
237.333333,0.000151786
237.366667,0.000151786
237.4,0.000151786
237.433333,0.000151786
237.466667,0.000151786
237.5,0.000151786
237.533333,0.000151786
237.566667,0.000151786
237.6,0.000151786
237.633333,0.000151786
237.666667,0.000151786
237.7,0.000151786
237.733333,0.000151786
237.766667,0.000151786
237.8,0.000151786
237.833333,0.130355
237.866667,0.145627
237.9,0.138549
237.933333,0.134576
237.966667,0.147196
238,0.132603
238.033333,0.144011
238.066667,0.134286
238.1,0.141911
238.133333,0.136527
238.166667,0.138621
238.2,0.134237
238.233333,0.139913
238.266667,0.132467
238.3,0.142295
238.333333,0.13615
238.366667,0.138125
238.4,0.135493
238.433333,0.136826
238.466667,0.13896
238.5,0.136893
238.533333,0.136839
238.566667,0.139121
238.6,0.137786
238.633333,0.137886
238.666667,0.139313
238.7,0.146382
238.733333,0.138509
238.766667,0.138029
238.8,0.128812
238.833333,0.00065625
238.866667,0.000294643
238.9,0.000263393
238.933333,0.000263393
238.966667,0.000263393
239,0.000263393
239.033333,0.000263393
239.066667,0.000263393
239.1,0.000263393
239.133333,0.000263393
239.166667,0.000263393
239.2,0.000263393
239.233333,0.000263393
239.266667,0.000263393
239.3,0.000263393
239.333333,0.000263393
239.366667,0.000263393
239.4,0.000263393
239.433333,0.000263393
239.466667,0.000263393
239.5,0.000263393
239.533333,0.000263393
239.566667,0.000263393
239.6,0.000263393
239.633333,0.000263393
239.666667,0.000263393
239.7,0.000263393
239.733333,0.000263393
239.766667,0.000263393
239.8,0.000263393
239.833333,0.000263393
239.866667,0.000263393
239.9,0.000263393
239.933333,0.000263393
239.966667,0.000263393
240,0.00605357
240.033333,0.000828125
240.066667,0.000229911
240.1,0.000214286
240.133333,0.000196429
240.166667,0.000196429
240.2,0.000196429
240.233333,0.000196429
240.266667,0.000196429
240.3,0.000196429
240.333333,0.000196429
240.366667,0.000196429
240.4,0.000196429
240.433333,0.000196429
240.466667,0.000196429
240.5,0.000196429
240.533333,0.000196429
240.566667,0.000196429
240.6,0.000196429
240.633333,0.000196429
240.666667,0.000196429
240.7,0.000196429
240.733333,0.000196429
240.766667,0.000196429
240.8,0.000196429
240.833333,0.000196429
240.866667,0.000196429
240.9,0.000196429
240.933333,0.000196429
240.966667,0.000196429
241,0.000196429
241.033333,0.000196429
241.066667,0.000196429
241.1,0.000196429
241.133333,0.000196429
241.166667,0.000196429
241.2,0.000196429
241.233333,0.000196429
241.266667,0.000196429
241.3,0.000196429
241.333333,0.000196429
241.366667,0.000196429
241.4,0.000196429
241.433333,0.000196429
241.466667,0.000196429
241.5,0.000196429
241.533333,0.000196429
241.566667,0.000196429
241.6,0.000196429
241.633333,0.000196429
241.666667,0.000196429
241.7,0.000196429
241.733333,0.000196429
241.766667,0.000196429
241.8,0.000196429
241.833333,0.000196429
241.866667,0.000196429
241.9,0.000196429
241.933333,0.000196429
241.966667,0.000196429
242,0.000196429
242.033333,0.000196429
242.066667,0.000196429
242.1,0.000196429
242.133333,0.000196429
242.166667,0.000196429
242.2,0.000196429
242.233333,0.000196429
242.266667,0.000196429
242.3,0.000196429
242.333333,0.000196429
242.366667,0.000196429
242.4,0.000196429
242.433333,0.000196429
242.466667,0.000196429
242.5,0.000196429
242.533333,0.000196429
242.566667,0.000196429
242.6,0.000196429
242.633333,0.000196429
242.666667,0.000196429
242.7,0.000196429
242.733333,0.000196429
242.766667,0.000196429
242.8,0.000196429
242.833333,0.000196429
242.866667,0.000196429
242.9,0.000196429
242.933333,0.000196429
242.966667,0.000196429
243,0.000196429
243.033333,0.000196429
243.066667,0.000196429
243.1,0.000196429
243.133333,0.000196429
243.166667,0.000196429
243.2,0.000196429
243.233333,0.000196429
243.266667,0.000196429
243.3,0.000196429
243.333333,0.000196429
243.366667,0.000196429
243.4,1.16462
243.433333,0.722442
243.466667,0.535188
243.5,0.431426
243.533333,0.401511
243.566667,0.379498
243.6,0.338895
243.633333,0.331254
243.666667,0.308708
243.7,0.299373
243.733333,0.298837
243.766667,0.280167
243.8,0.267507
243.833333,0.263895
243.866667,0.272346
243.9,0.254203
243.933333,0.243042
243.966667,0.240134
244,0.238973
244.033333,0.252087
244.066667,0.226076
244.1,0.232554
244.133333,0.214069
244.166667,0.231616
244.2,0.207185
244.233333,0.223167
244.266667,0.207054
244.3,0.208489
244.333333,0.212971
244.366667,2.0346
244.4,0
244.433333,0
244.466667,0
244.5,0
244.533333,0
244.566667,0
244.6,0
244.633333,0
244.666667,0
244.7,0
244.733333,0
244.766667,0
244.8,0
244.833333,0
244.866667,0
244.9,0
244.933333,0
244.966667,0
245,0
245.033333,0.0431585
245.066667,0.05875
245.1,0.0446741
245.133333,0.0589152
245.166667,0.0464174
245.2,0.061308
245.233333,0.0581964
245.266667,0.0492567
245.3,0.0617031
245.333333,0.0596295
245.366667,0.0633147
245.4,0.0636183
245.433333,0.0774397
245.466667,0.0624152
245.5,0.0655112
245.533333,0.0792634
245.566667,0.0779062
245.6,0.0807388
245.633333,0.0825982
245.666667,0.0813103
245.7,0.0983862
245.733333,0.0998661
245.766667,0.101714
245.8,0.114261
245.833333,0.120433
245.866667,0.136993
245.9,0.153455
245.933333,0.192132
245.966667,0.256154
246,0.574167
246.033333,0.000587054
246.066667,0.000154018
246.1,6.91964
246.133333,6.25
246.166667,6.25
246.2,6.25
246.233333,6.25
246.266667,6.25
246.3,6.25
246.333333,6.25
246.366667,6.25
246.4,6.25
246.433333,6.25
246.466667,6.25
246.5,6.25
246.533333,6.25
246.566667,6.25
246.6,6.25
246.633333,6.25
246.666667,6.25
246.7,6.25
246.733333,6.25
246.766667,6.25
246.8,6.25
246.833333,6.25
246.866667,6.25
246.9,6.25
246.933333,6.25
246.966667,6.25
247,6.25
247.033333,6.25
247.066667,6.25
247.1,6.25
247.133333,6.25
247.166667,6.25
247.2,6.25
247.233333,6.25
247.266667,6.25
247.3,6.25
247.333333,6.25
247.366667,6.25
247.4,6.25
247.433333,6.25
247.466667,6.25
247.5,6.25
247.533333,6.25
247.566667,6.25
247.6,6.25
247.633333,6.25
247.666667,6.25
247.7,6.25
247.733333,6.25
247.766667,6.25
247.8,6.25
247.833333,0.658136
247.866667,0.334138
247.9,0.253283
247.933333,0.221571
247.966667,0.200056
248,0.19667
248.033333,0.180397
248.066667,0.152312
248.1,0.164538
248.133333,0.164629
248.166667,0.162967
248.2,0.145063
248.233333,0.175045
248.266667,0.14858
248.3,0.135482
248.333333,0.157719
248.366667,0.161777
248.4,0.148435
248.433333,0.14919
248.466667,0.16381
248.5,0.161172
248.533333,0.165725
248.566667,0.167685
248.6,0.182516
248.633333,0.167855
248.666667,0.201806
248.7,0.160096
248.733333,0.198152
248.766667,0.26385
248.8,0.594679
248.833333,0.000957589
248.866667,0.000287946
248.9,0.000191964
248.933333,0.000169643
248.966667,0.000169643
249,0.000169643
249.033333,0.00715179
249.066667,0.0291183
249.1,0.00627902
249.133333,0.00858705
249.166667,0.0114576
249.2,0.00661161
249.233333,0.00335937
249.266667,0.00487054
249.3,0.00695982
249.333333,0.00640625
249.366667,0.00458482
249.4,0.00432589
249.433333,0.00415848
249.466667,0.00452009
249.5,0.00411161
249.533333,0.00462277
249.566667,0.00440848
249.6,0.00442857
249.633333,0.00545089
249.666667,0.00589732
249.7,0.00597768
249.733333,0.00629018
249.766667,0.00617857
249.8,0.00422098
249.833333,0.000299107
249.866667,4.16129
249.9,4.54161
249.933333,5.29514
249.966667,5.55949
250,4.77798
250.033333,4.43908
250.066667,4.47551
250.1,4.76926
250.133333,4.72667
250.166667,5.09228
250.2,4.8124
250.233333,5.03875
250.266667,4.97123
250.3,5.16809
250.333333,5.08236
250.366667,5.44494
250.4,5.27952
250.433333,5.51833
250.466667,5.49701
250.5,0.00551786
250.533333,0.00663616
250.566667,0.00140179
250.6,0.000738839
250.633333,0.000611607
250.666667,0.000602679
250.7,0.000602679
250.733333,0.000602679
250.766667,0.000602679
250.8,0.000602679
250.833333,0.000602679
250.866667,0.000602679
250.9,0.000602679
250.933333,0.000602679
250.966667,0.000602679
251,0.000602679
251.033333,0.000602679
251.066667,0.000602679
251.1,0.000602679
251.133333,0.000602679
251.166667,0.000602679
251.2,0.000602679
251.233333,0.000602679
251.266667,0.000602679
251.3,0.000602679
251.333333,0.000602679
251.366667,0.000602679
251.4,0.000602679
251.433333,0.000602679
251.466667,0.000602679
251.5,0.000602679
251.533333,0.000602679
251.566667,0.000602679
251.6,0.000602679
251.633333,0.000602679
251.666667,0.000602679
251.7,0.000602679
251.733333,0.000602679
251.766667,0.000602679
251.8,0.000602679
251.833333,0.000602679
251.866667,0.000602679
251.9,0.000602679
251.933333,0.000602679
251.966667,0.000602679
252,0.000602679
252.033333,0.000602679
252.066667,0.000602679
252.1,0.000602679
252.133333,0.000602679
252.166667,0.000602679
252.2,1.98468
252.233333,0.868529
252.266667,0.636382
252.3,0.526944
252.333333,0.465645
252.366667,0.414105
252.4,0.40108
252.433333,0.353806
252.466667,0.3101
252.5,0.303754
252.533333,0.297022
252.566667,0.292696
252.6,0.250991
252.633333,0.247683
252.666667,0.24575
252.7,0.242281
252.733333,0.239493
252.766667,0.235493
252.8,0.196696
252.833333,0.231792
252.866667,0.197212
252.9,0.188116
252.933333,0.188031
252.966667,0.00065625
253,0.000287946
253.033333,0.000234375
253.066667,0.000223214
253.1,0.000223214
253.133333,0.000223214
253.166667,0.000223214
253.2,0.000223214
253.233333,0.000223214
253.266667,0.000223214
253.3,0.000223214
253.333333,0.184112
253.366667,2.89669
253.4,3.41704
253.433333,3.35395
253.466667,3.65023
253.5,3.37883
253.533333,3.15452
253.566667,1.75419
253.6,0.0005
253.633333,0.000482143
253.666667,0.000482143
253.7,0.000482143
253.733333,0.000482143
253.766667,0.000482143
253.8,0.000482143
253.833333,0.000482143
253.866667,0.000482143
253.9,0.000482143
253.933333,0.000482143
253.966667,0.000482143
254,0.000482143
254.033333,0.000482143
254.066667,0.000482143
254.1,0.000482143
254.133333,0.000482143
254.166667,0.000482143
254.2,0.000482143
254.233333,0.000482143
254.266667,0.000482143
254.3,0.000482143
254.333333,0.000482143
254.366667,0.000482143
254.4,0.000482143
254.433333,0.000482143
254.466667,0.000482143
254.5,0.000482143
254.533333,0.000482143
254.566667,0.000482143
254.6,0.000482143
254.633333,0.000482143
254.666667,0.000482143
254.7,0.000482143
254.733333,0.000482143
254.766667,0.000482143
254.8,0.000482143
254.833333,0.000482143
254.866667,0.000482143
254.9,0.000482143
254.933333,0.000482143
254.966667,0.000482143
255,0.000482143
255.033333,0.000482143
255.066667,0.000482143
255.1,0.000482143
255.133333,0.000482143
255.166667,0.000482143
255.2,0.000482143
255.233333,0.000482143
255.266667,0.000482143
255.3,0.000482143
255.333333,0.000482143
255.366667,0.000482143
255.4,0.000482143
255.433333,0.000482143
255.466667,0.000482143
255.5,0.000482143
255.533333,0.000482143
255.566667,0.000482143
255.6,0.000482143
255.633333,0.000482143
255.666667,0.000482143
255.7,0.000482143
255.733333,0.000482143
255.766667,0.000482143
255.8,0.000482143
255.833333,0.000482143
255.866667,0.000482143
255.9,0.000482143
255.933333,0.000482143
255.966667,0.000482143
256,0.0119799
256.033333,0.000665179
256.066667,0.000165179
256.1,0.000133929
256.133333,0.000133929
256.166667,0.000133929
256.2,1.15917
256.233333,2.88561
256.266667,2.61695
256.3,0.00116518
256.333333,0.000395089
256.366667,0.000319196
256.4,0.000290179
256.433333,0.000290179
256.466667,0.000290179
256.5,0.000290179
256.533333,0.000290179
256.566667,0.000290179
256.6,0.000290179
256.633333,0.000290179
256.666667,0.000290179
256.7,0.000290179
256.733333,0.000290179
256.766667,0.000290179
256.8,0.000290179
256.833333,0.000290179
256.866667,0.000290179
256.9,0.000290179
256.933333,0.000290179
256.966667,0.000290179
257,0.000290179
257.033333,0.000290179
257.066667,0.000290179
257.1,0.000290179
257.133333,0.000290179
257.166667,0.000290179
257.2,0.000290179
257.233333,0.000290179
257.266667,0.000290179
257.3,0.000290179
257.333333,0.000290179
257.366667,0.000290179
257.4,0.000290179
257.433333,0.000290179
257.466667,0.000290179
257.5,0.000290179
257.533333,0.000290179
257.566667,0.000290179
257.6,0.000290179
257.633333,0.000290179
257.666667,0.000290179
257.7,0.000290179
257.733333,0.000290179
257.766667,0.000290179
257.8,0.000290179
257.833333,0.000290179
257.866667,0.000290179
257.9,0.000290179
257.933333,0.000290179
257.966667,0.000290179
258,0.000290179
258.033333,0.000290179
258.066667,0.000290179
258.1,0.000290179
258.133333,0.000290179
258.166667,0.000290179
258.2,0.000290179
258.233333,0.000290179
258.266667,0.000290179
258.3,0.000290179
258.333333,0.000290179
258.366667,0.000290179
258.4,0.000290179
258.433333,0.000290179
258.466667,29.0352
258.5,8.92857
258.533333,0
258.566667,0
258.6,0
258.633333,0
258.666667,0
258.7,0
258.733333,0
258.766667,0
258.8,0.00694196
258.833333,0
258.866667,0
258.9,0.00156696
258.933333,0
258.966667,0
259,0
259.033333,0
259.066667,0
259.1,0
259.133333,0
259.166667,0
259.2,0
259.233333,0
259.266667,0
259.3,0
259.333333,0
259.366667,0
259.4,0
259.433333,0
259.466667,0
259.5,0
259.533333,0
259.566667,0
259.6,0
259.633333,0
259.666667,0
259.7,0
259.733333,0
259.766667,0
259.8,0
259.833333,0
259.866667,0
259.9,0
259.933333,0
259.966667,0
260,0
260.033333,0
260.066667,0
260.1,0
260.133333,0
260.166667,0
260.2,0
260.233333,0
260.266667,0
260.3,0
260.333333,0
260.366667,0
260.4,0
260.433333,0
260.466667,0
260.5,0
260.533333,0
260.566667,0
260.6,0
260.633333,0
260.666667,0
260.7,0
260.733333,0
260.766667,0
260.8,0
260.833333,0
260.866667,0
260.9,0
260.933333,0
260.966667,0
261,0
261.033333,0
261.066667,0
261.1,0
261.133333,0
261.166667,0
261.2,0
261.233333,0
261.266667,0
261.3,0
261.333333,0.969366
261.366667,0.314172
261.4,0
261.433333,0
261.466667,0
261.5,0
261.533333,0
261.566667,0
261.6,0
261.633333,0
261.666667,0
261.7,0
261.733333,0
261.766667,0
261.8,0
261.833333,0
261.866667,0
261.9,0
261.933333,0
261.966667,0
262,0
262.033333,0
262.066667,0
262.1,0
262.133333,0
262.166667,0
262.2,0
262.233333,0
262.266667,0
262.3,0
262.333333,0
262.366667,0
262.4,0
262.433333,0
262.466667,0
262.5,0
262.533333,0
262.566667,0
262.6,0
262.633333,0
262.666667,0
262.7,0
262.733333,0
262.766667,0
262.8,0
262.833333,0
262.866667,0
262.9,0
262.933333,0
262.966667,0
263,0
263.033333,0
263.066667,0
263.1,0
263.133333,0
263.166667,0
263.2,0
263.233333,0
263.266667,0
263.3,0
263.333333,0
263.366667,0
263.4,0
263.433333,0
263.466667,0
263.5,0
263.533333,0
263.566667,0
263.6,0
263.633333,0
263.666667,0
263.7,0
263.733333,0
263.766667,0
263.8,0
263.833333,0
263.866667,0
263.9,0
263.933333,0
263.966667,0
264,0
264.033333,0
264.066667,0
264.1,0
264.133333,0
264.166667,0
264.2,0
264.233333,0
264.266667,0
264.3,0
264.333333,0
264.366667,0
264.4,0
264.433333,0
264.466667,0
264.5,0
264.533333,0
264.566667,0
264.6,0
264.633333,0
264.666667,0
264.7,0
264.733333,0
264.766667,0
264.8,0
264.833333,0
264.866667,0
264.9,0
264.933333,0
264.966667,0
265,0
265.033333,0
265.066667,0
265.1,0
265.133333,0
265.166667,0
265.2,0
265.233333,0
265.266667,0
265.3,0
265.333333,0
265.366667,0
265.4,0
265.433333,0
265.466667,0
265.5,0
265.533333,0
265.566667,0
265.6,0
265.633333,0
265.666667,0
265.7,0
265.733333,0
265.766667,0
265.8,0
265.833333,0
265.866667,0
265.9,0
265.933333,0
265.966667,0
266,0
266.033333,0
266.066667,0
266.1,0
266.133333,0
266.166667,0
266.2,0
266.233333,0
266.266667,0
266.3,0
266.333333,0
266.366667,0
266.4,0
266.433333,0
266.466667,0
266.5,0
266.533333,0
266.566667,0
266.6,0
266.633333,0
266.666667,0
266.7,0
266.733333,0
266.766667,0
266.8,0
266.833333,0
266.866667,0
266.9,0
266.933333,0
266.966667,0
267,0
267.033333,0
267.066667,0
267.1,0
267.133333,0
267.166667,0
267.2,0
267.233333,0
267.266667,0
267.3,0
267.333333,0
267.366667,0
267.4,0
267.433333,0
267.466667,0
267.5,0
267.533333,0.00518304
267.566667,0.0635312
267.6,0.202674
267.633333,0.0997545
267.666667,0.0750223
267.7,0.15433
267.733333,0.055692
267.766667,0.0620379
267.8,0.0839196
267.833333,0.0369509
267.866667,0.118973
267.9,0.000227679
267.933333,0.00015625
267.966667,0.000116071
268,0.000107143
268.033333,8.92857
268.066667,8.92857
268.1,8.92857
268.133333,8.92857
268.166667,8.92857
268.2,8.92857
268.233333,8.92857
268.266667,0.000147321
268.3,0.000169643
268.333333,0.000102679
268.366667,9.375
268.4,8.92857
268.433333,8.92857
268.466667,8.92857
268.5,8.92857
268.533333,8.92857
268.566667,8.92857
268.6,0.000479911
268.633333,0.000109375
268.666667,9.82143
268.7,0.000316964
268.733333,0.000118304
268.766667,9.59821
268.8,8.92857
268.833333,8.92857
268.866667,0.000129464
268.9,8.92857
268.933333,8.92857
268.966667,0.000111607
269,9.82143
269.033333,9.82143
269.066667,9.82143
269.1,9.82143
269.133333,9.82143
269.166667,9.82143
269.2,9.82143
269.233333,9.82143
269.266667,9.82143
269.3,9.82143
269.333333,9.82143
269.366667,9.82143
269.4,9.82143
269.433333,9.82143
269.466667,9.82143
269.5,9.82143
269.533333,9.82143
269.566667,9.82143
269.6,9.82143
269.633333,9.82143
269.666667,0.000100446
269.7,9.82143
269.733333,9.82143
269.766667,9.82143
269.8,0.269375
269.833333,0.269125
269.866667,0.000247768
269.9,0.000207589
269.933333,8.92857
269.966667,8.92857
270,0.000102679
270.033333,0.000107143
270.066667,8.92857
270.1,8.92857
270.133333,0.000129464
270.166667,0.000125
270.2,0.000127232
270.233333,0.000102679
270.266667,1.08138
270.3,1.08139
270.333333,1.08137
270.366667,1.08069
270.4,1.02912
270.433333,0.8225
270.466667,0.609239
270.5,0.430469
270.533333,0.352607
270.566667,0.267096
270.6,0.257926
270.633333,0.179625
270.666667,0.0927411
270.7,0.0142813
270.733333,0.0075
270.766667,0
270.8,0
270.833333,0
270.866667,0
270.9,0
270.933333,0
270.966667,0
271,0
271.033333,0
271.066667,8.48214
271.1,1.03939
271.133333,2.07866
271.166667,2.07869
271.2,2.07869
271.233333,2.0787
271.266667,2.07871
271.3,2.07871
271.333333,2.0787
271.366667,2.07871
271.4,2.07871
271.433333,2.07871
271.466667,2.07871
271.5,2.07891
271.533333,2.13839
271.566667,2.22933
271.6,2.28428
271.633333,2.30931
271.666667,2.31226
271.7,2.31232
271.733333,6.25
271.766667,6.25
271.8,7.58929
271.833333,5.35714
271.866667,5.35714
271.9,6.91964
271.933333,6.25
271.966667,0.00132143
272,0.00175223
272.033333,3.79464
272.066667,0
272.1,0
272.133333,0
272.166667,0
272.2,0
272.233333,0
272.266667,5.35714
272.3,6.69643
272.333333,0
272.366667,0.0308504
272.4,0.0912656
272.433333,0.0887835
272.466667,0.000176339
272.5,0.0957344
272.533333,0.103116
272.566667,0.0526629
272.6,0.000198661
272.633333,0.10419
272.666667,0.104866
272.7,0.000549107
272.733333,0.000185268
272.766667,8.48214
272.8,0.000287946
272.833333,0.000229911
272.866667,3.57143
272.9,3.57143
272.933333,0.000316964
272.966667,0.0518192
273,0.000243304
273.033333,6.47321
273.066667,2.67857
273.1,0.000169643
273.133333,5.13393
273.166667,2.67857
273.2,0.000256696
273.233333,6.25
273.266667,5.35714
273.3,5.35714
273.333333,0.0881719
273.366667,0.149536
273.4,0.168067
273.433333,0.204509
273.466667,0.202029
273.5,0.125516
273.533333,0.0264955
273.566667,2.45536
273.6,0.000196429
273.633333,0.000299107
273.666667,0.00281696
273.7,0.00609152
273.733333,0.00470536
273.766667,0.00635937
273.8,0.107067
273.833333,0.200145
273.866667,0.172107
273.9,0.160893
273.933333,0.142163
273.966667,0.0991964
274,0.0927321
274.033333,0.0921696
274.066667,0.0982299
274.1,0.0690647
274.133333,0.00561607
274.166667,0.00502455
274.2,0.00528795
274.233333,0.00532813
274.266667,0.00509821
274.3,0.0148973
274.333333,0.0139978
274.366667,0.0138638
274.4,0.0131004
274.433333,0.0119777
274.466667,0.0547612
274.5,0.00744196
274.533333,0.0515268
274.566667,0.0050692
274.6,0.00514509
274.633333,0.503487
274.666667,0.000473214
274.7,2.726
274.733333,2.65712
274.766667,2.66543
274.8,2.70081
274.833333,2.63237
274.866667,2.56661
274.9,2.57325
274.933333,2.55125
274.966667,2.55767
275,2.52378
275.033333,2.46612
275.066667,2.45751
275.1,2.40939
275.133333,2.401
275.166667,2.39236
275.2,2.23356
275.233333,2.27714
275.266667,2.23923
275.3,2.21412
275.333333,2.22461
275.366667,1.93484
275.4,1.56315
275.433333,1.55256
275.466667,1.60046
275.5,1.53198
275.533333,1.42798
275.566667,1.40113
275.6,1.38745
275.633333,1.42099
275.666667,1.40838
275.7,1.37039
275.733333,1.3402
275.766667,1.27036
275.8,1.27895
275.833333,1.28775
275.866667,1.23401
275.9,1.18024
275.933333,1.21215
275.966667,8.92857
276,0
276.033333,0
276.066667,0.00247545
276.1,0.00247545
276.133333,0
276.166667,2.45536
276.2,0.00256696
276.233333,0.00451562
276.266667,0.00021875
276.3,1.5625
276.333333,1.78571
276.366667,8.92857
276.4,8.92857
276.433333,8.92857
276.466667,0.0144442
276.5,3.57143
276.533333,8.92857
276.566667,8.92857
276.6,8.92857
276.633333,8.92857
276.666667,8.92857
276.7,8.92857
276.733333,8.92857
276.766667,8.92857
276.8,8.92857
276.833333,8.92857
276.866667,8.92857
276.9,0.00440848
276.933333,0.00352455
276.966667,0.00347545
277,0.00444643
277.033333,2.23214
277.066667,1.78571
277.1,8.92857
277.133333,8.92857
277.166667,8.92857
277.2,8.92857
277.233333,8.92857
277.266667,1.78571
277.3,0.00183036
277.333333,0.00177232
277.366667,3.79464
277.4,0.00366518
277.433333,5.80357
277.466667,8.92857
277.5,8.92857
277.533333,2.67857
277.566667,3.79464
277.6,1.33929
277.633333,8.92857
277.666667,8.03571
277.7,1.78571
277.733333,1.78571
277.766667,1.78571
277.8,1.78571
277.833333,3.57143
277.866667,1.78571
277.9,1.78571
277.933333,4.01786
277.966667,4.24107
278,8.92857
278.033333,8.92857
278.066667,3.57143
278.1,8.92857
278.133333,8.92857
278.166667,8.92857
278.2,8.92857
278.233333,8.92857
278.266667,8.92857
278.3,8.92857
278.333333,8.92857
278.366667,8.92857
278.4,8.92857
278.433333,8.92857
278.466667,8.92857
278.5,2.90179
278.533333,1.78571
278.566667,1.78571
278.6,2.67857
278.633333,1.33929
278.666667,8.92857
278.7,8.92857
278.733333,1.78571
278.766667,8.92857
278.8,8.92857
278.833333,8.92857
278.866667,8.92857
278.9,8.92857
278.933333,8.92857
278.966667,8.92857
279,8.92857
279.033333,8.92857
279.066667,8.92857
279.1,8.92857
279.133333,0.00182589
279.166667,0
279.2,0
279.233333,0
279.266667,0
279.3,0
279.333333,0
279.366667,0
279.4,0
279.433333,0
279.466667,0
279.5,0
279.533333,0
279.566667,0
279.6,0
279.633333,0
279.666667,0
279.7,0
279.733333,0
279.766667,0
279.8,0
279.833333,0
279.866667,0
279.9,0
279.933333,4.46429
279.966667,8.92857
280,0.000162946
280.033333,6.69643
280.066667,0
280.1,0
280.133333,0
280.166667,0
280.2,0
280.233333,0
280.266667,0
280.3,0
280.333333,0
280.366667,0
280.4,0
280.433333,0
280.466667,0
280.5,0
280.533333,0
280.566667,0
280.6,0
280.633333,0
280.666667,0
280.7,0
280.733333,0
280.766667,0
280.8,0
280.833333,0
280.866667,0
280.9,0
280.933333,0
280.966667,0
281,0
281.033333,0
281.066667,0
281.1,0
281.133333,0.00729241
281.166667,2.67857
281.2,0
281.233333,0
281.266667,0
281.3,0
281.333333,0
281.366667,0
281.4,0
281.433333,0
281.466667,1.19647
281.5,4.91071
281.533333,4.46429
281.566667,4.46429
281.6,4.46429
281.633333,4.46429
281.666667,4.46429
281.7,4.46429
281.733333,4.46429
281.766667,4.46429
281.8,4.46429
281.833333,4.46429
281.866667,4.46429
281.9,4.46429
281.933333,4.46429
281.966667,4.46429
282,4.46429
282.033333,4.46429
282.066667,4.46429
282.1,4.46429
282.133333,4.46429
282.166667,4.46429
282.2,4.46429
282.233333,4.46429
282.266667,4.46429
282.3,4.46429
282.333333,4.46429
282.366667,4.46429
282.4,4.46429
282.433333,4.46429
282.466667,4.46429
282.5,4.46429
282.533333,4.46429
282.566667,4.46429
282.6,4.46429
282.633333,4.46429
282.666667,4.46429
282.7,4.46429
282.733333,4.46429
282.766667,4.46429
282.8,4.46429
282.833333,4.46429
282.866667,4.46429
282.9,4.46429
282.933333,4.46429
282.966667,4.46429
283,4.46429
283.033333,4.46429
283.066667,4.46429
283.1,4.46429
283.133333,4.46429
283.166667,4.46429
283.2,4.46429
283.233333,4.46429
283.266667,4.46429
283.3,4.46429
283.333333,4.46429
283.366667,4.46429
283.4,4.46429
283.433333,4.46429
283.466667,4.46429
283.5,4.46429
283.533333,4.46429
283.566667,4.46429
283.6,4.46429
283.633333,4.46429
283.666667,4.46429
283.7,4.46429
283.733333,4.46429
283.766667,4.46429
283.8,4.46429
283.833333,4.46429
283.866667,4.46429
283.9,4.46429
283.933333,4.46429
283.966667,4.46429
284,4.46429
284.033333,4.46429
284.066667,4.46429
284.1,4.46429
284.133333,4.46429
284.166667,4.46429
284.2,4.46429
284.233333,4.46429
284.266667,4.46429
284.3,4.46429
284.333333,4.46429
284.366667,4.46429
284.4,4.46429
284.433333,4.46429
284.466667,4.46429
284.5,4.46429
284.533333,4.46429
284.566667,4.46429
284.6,4.46429
284.633333,4.46429
284.666667,4.46429
284.7,4.46429
284.733333,4.46429
284.766667,4.46429
284.8,4.46429
284.833333,4.46429
284.866667,4.46429
284.9,4.46429
284.933333,4.46429
284.966667,4.46429
285,4.46429
285.033333,0.0361496
285.066667,0.0516674
285.1,0.0374621
285.133333,0.052442
285.166667,0.0387054
285.2,0.0518549
285.233333,0.052346
285.266667,0.0407679
285.3,0.0526183
285.333333,0.053221
285.366667,0.0538504
285.4,0.0539263
285.433333,0.0668013
285.466667,0.0551942
285.5,0.0560134
285.533333,0.0680045
285.566667,0.0689799
285.6,0.0698192
285.633333,0.0707723
285.666667,0.0717522
285.7,0.0849978
285.733333,0.0859888
285.766667,2.06412
285.8,2.14709
285.833333,2.23246
285.866667,2.30995
285.9,1.67189
285.933333,1.08773
285.966667,1.18418
286,1.49283
286.033333,1.25119
286.066667,1.20007
286.1,1.1044
286.133333,1.03866
286.166667,0.961391
286.2,0.862007
286.233333,0.741906
286.266667,0.641109
286.3,0.551199
286.333333,0.491911
286.366667,0.442036
286.4,0.000651786
286.433333,0.000169643
286.466667,4.91071
286.5,4.24107
286.533333,3.57143
286.566667,3.57143
286.6,3.57143
286.633333,3.57143
286.666667,3.57143
286.7,3.57143
286.733333,3.57143
286.766667,3.57143
286.8,3.57143
286.833333,3.57143
286.866667,3.57143
286.9,3.57143
286.933333,3.57143
286.966667,3.57143
287,3.57143
287.033333,3.57143
287.066667,3.57143
287.1,3.57143
287.133333,3.57143
287.166667,3.57143
287.2,3.57143
287.233333,3.57143
287.266667,3.57143
287.3,3.57143
287.333333,3.57143
287.366667,3.57143
287.4,3.57143
287.433333,3.57143
287.466667,3.57143
287.5,3.57143
287.533333,3.57143
287.566667,3.57143
287.6,3.57143
287.633333,3.57143
287.666667,3.57143
287.7,3.57143
287.733333,3.57143
287.766667,3.57143
287.8,3.57143
287.833333,3.57143
287.866667,3.57143
287.9,3.57143
287.933333,3.57143
287.966667,3.57143
288,0.000845982
288.033333,3.57143
288.066667,0
288.1,0
288.133333,0
288.166667,0
288.2,0
288.233333,0
288.266667,0
288.3,0
288.333333,0
288.366667,0
288.4,0
288.433333,0
288.466667,0
288.5,0
288.533333,0
288.566667,0
288.6,0
288.633333,0
288.666667,0
288.7,0
288.733333,0
288.766667,0
288.8,0
288.833333,0
288.866667,0
288.9,0
288.933333,0
288.966667,0
289,0
289.033333,0
289.066667,0
289.1,0
289.133333,0
289.166667,0
289.2,0
289.233333,0
289.266667,0
289.3,0
289.333333,0
289.366667,0
289.4,0
289.433333,0
289.466667,0
289.5,0
289.533333,0
289.566667,0
289.6,0
289.633333,0
289.666667,0
289.7,0
289.733333,0
289.766667,0
289.8,0
289.833333,0
289.866667,0
289.9,0
289.933333,0.495721
289.966667,0.495714
290,0.486422
290.033333,0.49531
290.066667,0.49527
290.1,0.495266
290.133333,0.495263
290.166667,0.495254
290.2,0.495259
290.233333,0.45131
290.266667,0.27375
290.3,0.24785
290.333333,0.247853
290.366667,1.03139
290.4,1.97599
290.433333,2.03785
290.466667,1.90535
290.5,1.90531
290.533333,1.90525
290.566667,1.90526
290.6,1.90526
290.633333,1.90528
290.666667,2.06456
290.7,2.16759
290.733333,2.21165
290.766667,2.35024
290.8,2.50387
290.833333,2.70346
290.866667,2.99101
290.9,0.284699
290.933333,0.226783
290.966667,0.229141
291,0.287612
291.033333,0.290723
291.066667,0.295114
291.1,0.295033
291.133333,0.29704
291.166667,0.363103
291.2,0.364538
291.233333,0.368656
291.266667,0.433792
291.3,0.440355
291.333333,0.508877
291.366667,0.582971
291.4,0.72927
291.433333,0.967364
291.466667,2.25643
291.5,0.000919643
291.533333,0.000198661
291.566667,0.000133929
291.6,0.000125
291.633333,0.000125
291.666667,0.000125
291.7,0.000125
291.733333,0.000125
291.766667,0.000125
291.8,0.000125
291.833333,0.000125
291.866667,0.000125
291.9,0.000125
291.933333,0.000125
291.966667,0.000125
292,0.000125
292.033333,0.000125
292.066667,0.000125
292.1,0.000125
292.133333,0.000125
292.166667,0.000125
292.2,0.000125
292.233333,0.000125
292.266667,0.000125
292.3,0.000125
292.333333,0.000125
292.366667,0.000125
292.4,0.000125
292.433333,0.000125
292.466667,0.000125
292.5,0.000125
292.533333,0.000125
292.566667,0.000125
292.6,0.000125
292.633333,0.000125
292.666667,0.000125
292.7,0.000125
292.733333,0.000125
292.766667,0.000125
292.8,0.000125
292.833333,0.000125
292.866667,0.000125
292.9,0.000125
292.933333,0.000125
292.966667,0.000125
293,0.000125
293.033333,0.000125
293.066667,0.000125
293.1,0.000125
293.133333,0.000125
293.166667,0.000125
293.2,0.000125
293.233333,0.000125
293.266667,0.000125
293.3,0.000125
293.333333,0.000125
293.366667,0.000125
293.4,0.000125
293.433333,0.000125
293.466667,0.000125
293.5,0.000125
293.533333,0.000125
293.566667,0.000125
293.6,0.000125
293.633333,0.000125
293.666667,0.000125
293.7,0.000125
293.733333,0.000125
293.766667,0.000125
293.8,0.000125
293.833333,0.000125
293.866667,0.000125
293.9,0.000125
293.933333,0.000125
293.966667,0.000125
294,0.000125
294.033333,0.000125
294.066667,0.000125
294.1,0.000125
294.133333,0.000125
294.166667,0.000125
294.2,0.000125
294.233333,0.000125
294.266667,0.000125
294.3,0.000125
294.333333,0.000125
294.366667,0.000125
294.4,0.000125
294.433333,0.000125
294.466667,0.000125
294.5,0.000125
294.533333,0.000125
294.566667,0.000125
294.6,0.000125
294.633333,0.000125
294.666667,0.000125
294.7,0.000125
294.733333,0.000125
294.766667,0.000125
294.8,0.000125
294.833333,0.000125
294.866667,0.000125
294.9,0.000125
294.933333,0.000125
294.966667,0.000125
295,0.000125
295.033333,0.000125
295.066667,0.000125
295.1,0.000125
295.133333,0.000125
295.166667,0.000125
295.2,0.000125
295.233333,0.000125
295.266667,0.000125
295.3,0.000125
295.333333,0.000125
295.366667,0.000125
295.4,11.9229
295.433333,7.36607
295.466667,5.35714
295.5,0
295.533333,0
295.566667,0
295.6,0
295.633333,0
295.666667,0
295.7,0
295.733333,0
295.766667,0
295.8,0
295.833333,0
295.866667,0
295.9,0
295.933333,0
295.966667,0
296,0.000357143
296.033333,6.25
296.066667,4.01786
296.1,8.92857
296.133333,8.92857
296.166667,8.92857
296.2,0.352634
296.233333,0.145107
296.266667,0.112125
296.3,0.0899152
296.333333,0.0791205
296.366667,0.0679308
296.4,0.0677768
296.433333,0.0569196
296.466667,0.0564397
296.5,0.0568237
296.533333,0.0455446
296.566667,0.045625
296.6,0.0454107
296.633333,0.0454531
296.666667,0.0451808
296.7,0.0345647
296.733333,0.034404
296.766667,0.0451496
296.8,0.0344576
296.833333,0.0341429
296.866667,0.0346138
296.9,0.034058
296.933333,0.0232277
296.966667,0.0342902
297,0.0341496
297.033333,0.0231004
297.066667,0.0341451
297.1,0.0229665
297.133333,0.0341875
297.166667,0.0229375
297.2,0
297.233333,0
297.266667,0
297.3,0
297.333333,0
297.366667,0
297.4,0
297.433333,0
297.466667,0
297.5,0
297.533333,0
297.566667,0
297.6,0
297.633333,0
297.666667,0
297.7,0
297.733333,0
297.766667,0
297.8,0
297.833333,0
297.866667,0
297.9,0
297.933333,0
297.966667,0
298,0
298.033333,0
298.066667,0
298.1,0
298.133333,0
298.166667,0
298.2,0
298.233333,0
298.266667,0
298.3,0
298.333333,0
298.366667,0
298.4,0
298.433333,0
298.466667,0
298.5,0
298.533333,0
298.566667,0
298.6,0
298.633333,0
298.666667,0
298.7,0
298.733333,0
298.766667,0
298.8,0
298.833333,0
298.866667,0
298.9,0
298.933333,0
298.966667,0
299,0
299.033333,0
299.066667,0
299.1,0
299.133333,0
299.166667,0
299.2,0
299.233333,0
299.266667,0
299.3,0
299.333333,0
299.366667,0
299.4,0
299.433333,0
299.466667,0
299.5,0
299.533333,0
299.566667,0
299.6,0
299.633333,0
299.666667,0
299.7,0
299.733333,0
299.766667,0
299.8,0
299.833333,0
299.866667,0
299.9,0
299.933333,0
299.966667,0
300,0
300.033333,0
300.066667,0
300.1,0
300.133333,0
300.166667,0
300.2,0
300.233333,0
300.266667,0
300.3,0
300.333333,0
300.366667,0
300.4,0
300.433333,0
300.466667,0
300.5,0
300.533333,0
300.566667,0
300.6,0
300.633333,0
300.666667,0
300.7,0
300.733333,0
300.766667,0
300.8,0
300.833333,0
300.866667,0
300.9,0
300.933333,0
300.966667,0
301,0
301.033333,0
301.066667,0
301.1,0
301.133333,0
301.166667,0
301.2,0
301.233333,0
301.266667,0
301.3,0
301.333333,0
301.366667,0
301.4,0
301.433333,0
301.466667,0
301.5,0
301.533333,0
301.566667,0
301.6,0
301.633333,0
301.666667,0
301.7,0
301.733333,0
301.766667,0
301.8,0
301.833333,0
301.866667,0
301.9,0
301.933333,0
301.966667,0
302,0
302.033333,0
302.066667,0
302.1,0
302.133333,0
302.166667,0
302.2,0
302.233333,0
302.266667,0
302.3,0
302.333333,0
302.366667,0
302.4,0
302.433333,0
302.466667,0
302.5,0
302.533333,0
302.566667,0
302.6,0
302.633333,0
302.666667,0
302.7,0
302.733333,0
302.766667,0
302.8,0
302.833333,0
302.866667,0
302.9,0
302.933333,0
302.966667,0
303,0
303.033333,0
303.066667,0
303.1,0
303.133333,0
303.166667,0
303.2,0
303.233333,0
303.266667,0
303.3,0
303.333333,0
303.366667,0
303.4,0
303.433333,0
303.466667,0
303.5,0
303.533333,0
303.566667,0
303.6,0
303.633333,0
303.666667,0
303.7,0
303.733333,0
303.766667,0
303.8,0
303.833333,0
303.866667,0
303.9,0
303.933333,0
303.966667,0
304,6.69643
304.033333,4.01786
304.066667,2.67857
304.1,0
304.133333,0
304.166667,0
304.2,0
304.233333,0
304.266667,0
304.3,0
304.333333,0
304.366667,0
304.4,0
304.433333,0
304.466667,0
304.5,0.560187
304.533333,1.33624
304.566667,1.09039
304.6,0.608446
304.633333,0.041317
304.666667,0.000136161
304.7,0.000116071
304.733333,0.000116071
304.766667,0.000116071
304.8,0.000116071
304.833333,0.000116071
304.866667,0.000116071
304.9,0.000116071
304.933333,0.000116071
304.966667,0.000116071
305,0.000116071
305.033333,0.000116071
305.066667,0.000116071
305.1,0.000116071
305.133333,0.000116071
305.166667,0.000116071
305.2,0.000116071
305.233333,0.000116071
305.266667,0.000116071
305.3,0.000116071
305.333333,0.000116071
305.366667,0.000116071
305.4,0.000116071
305.433333,0.000116071
305.466667,0.000116071
305.5,0.000116071
305.533333,0.000116071
305.566667,0.000116071
305.6,0.000116071
305.633333,0.000116071
305.666667,0.000116071
305.7,0.000116071
305.733333,0.000116071
305.766667,0.000116071
305.8,0.000116071
305.833333,0.000116071
305.866667,0.000116071
305.9,0.000116071
305.933333,0.000116071
305.966667,0.000116071
306,0.000116071
306.033333,0.000116071
306.066667,0.119973
306.1,0.0915469
306.133333,0.0835692
306.166667,0.0807031
306.2,0.0753281
306.233333,0.0746853
306.266667,0.0719911
306.3,0.0731027
306.333333,0.0710201
306.366667,0.0719598
306.4,0.0686719
306.433333,0.0714955
306.466667,0.295232
306.5,0.297761
306.533333,0.299105
306.566667,0.298283
306.6,0.298426
306.633333,0.294971
306.666667,0.298576
306.7,0.314493
306.733333,0.299475
306.766667,0.299038
306.8,0.300379
306.833333,0.302076
306.866667,0.306848
306.9,0.308422
306.933333,0.31531
306.966667,0.332801
307,0.350016
307.033333,0.385873
307.066667,0.236214
307.1,0.141875
307.133333,0.0187455
307.166667,0.0386741
307.2,0.044433
307.233333,0.0390737
307.266667,0.0205781
307.3,0.00626116
307.333333,0.000180804
307.366667,0.000142857
307.4,0.000125
307.433333,0.000120536
307.466667,0.000120536
307.5,0.000120536
307.533333,0.000120536
307.566667,0.000120536
307.6,0.000120536
307.633333,0.000120536
307.666667,0.000120536
307.7,0.000120536
307.733333,0.000120536
307.766667,0.000120536
307.8,0.000120536
307.833333,0.000120536
307.866667,0.000120536
307.9,0.000120536
307.933333,0.000120536
307.966667,0.000120536
308,0.000120536
308.033333,0.000120536
308.066667,0.000120536
308.1,0.000120536
308.133333,0.000120536
308.166667,0.000120536
308.2,0.000120536
308.233333,0.000120536
308.266667,0.000120536
308.3,0.000120536
308.333333,0.000120536
308.366667,0.000120536
308.4,0.000120536
308.433333,0.000120536
308.466667,0.000120536
308.5,0.000120536
308.533333,0.000120536
308.566667,0.000120536
308.6,0.000120536
308.633333,0.000120536
308.666667,0.000120536
308.7,0.000120536
308.733333,0.000120536
308.766667,0.000120536
308.8,0.000120536
308.833333,0.000120536
308.866667,0.000120536
308.9,0.000120536
308.933333,0.000120536
308.966667,0.000120536
309,0.000120536
309.033333,0.000120536
309.066667,0.000120536
309.1,0.000120536
309.133333,0.000120536
309.166667,0.000120536
309.2,0.000120536
309.233333,0.000120536
309.266667,0.000120536
309.3,0.000120536
309.333333,0.000120536
309.366667,0.000120536
309.4,0.000120536
309.433333,0.000120536
309.466667,0.000120536
309.5,0.000120536
309.533333,0.000120536
309.566667,0.000120536
309.6,0.000120536
309.633333,0.000120536
309.666667,0.000120536
309.7,0.000120536
309.733333,0.000120536
309.766667,0.000120536
309.8,0.000120536
309.833333,0.000120536
309.866667,0.000120536
309.9,0.000120536
309.933333,0.000120536
309.966667,0.000120536
310,0.000120536
310.033333,0.000120536
310.066667,0.000120536
310.1,0.000120536
310.133333,0.000120536
310.166667,0.000120536
310.2,0.000120536
310.233333,0.000120536
310.266667,0.000120536
310.3,0.000120536
310.333333,0.000120536
310.366667,0.000120536
310.4,0.000120536
310.433333,0.000120536
310.466667,0.000120536
310.5,0.000120536
310.533333,0.000120536
310.566667,0.000120536
310.6,0.000120536
310.633333,0.000120536
310.666667,0.000120536
310.7,0.000120536
310.733333,0.000120536
310.766667,0.000120536
310.8,0.000120536
310.833333,0.000120536
310.866667,0.000120536
310.9,0.000120536
310.933333,0.000120536
310.966667,0.000120536
311,0.000120536
311.033333,0.000120536
311.066667,0.000120536
311.1,0.000120536
311.133333,0.000120536
311.166667,0.000120536
311.2,0.000120536
311.233333,0.000120536
311.266667,0.000120536
311.3,0.000120536
311.333333,0.000120536
311.366667,0.000120536
311.4,0.000120536
311.433333,0.000120536
311.466667,0.000120536
311.5,0.000120536
311.533333,0.000120536
311.566667,0.000120536
311.6,0.000120536
311.633333,0.000120536
311.666667,0.000120536
311.7,0.000120536
311.733333,0.000120536
311.766667,0.000120536
311.8,0.000120536
311.833333,0.000120536
311.866667,0.000120536
311.9,0.000120536
311.933333,0.000120536
311.966667,0.000120536
312,0.00669196
312.033333,0.000258929
312.066667,8.70536
312.1,4.46429
312.133333,4.46429
312.166667,4.46429
312.2,15.8121
312.233333,0.00686607
312.266667,0.000683036
312.3,0.00229241
312.333333,0.001
312.366667,0.000758929
312.4,0.000705357
312.433333,0.000705357
312.466667,0.000705357
312.5,0.000705357
312.533333,0.000705357
312.566667,0.000705357
312.6,0.000705357
312.633333,0.000705357
312.666667,0.000705357
312.7,0.000705357
312.733333,0.000705357
312.766667,0.000705357
312.8,0.000705357
312.833333,0.000705357
312.866667,0.000705357
312.9,0.000705357
312.933333,0.000705357
312.966667,0.000705357
313,0.000705357
313.033333,0.000705357
313.066667,0.000705357
313.1,0.000705357
313.133333,0.000705357
313.166667,0.000705357
313.2,0.000705357
313.233333,0.000705357
313.266667,0.000705357
313.3,0.000705357
313.333333,0.000705357
313.366667,0.000705357
313.4,0.000705357
313.433333,0.000705357
313.466667,0.000705357
313.5,0.000705357
313.533333,0.000705357
313.566667,0.000705357
313.6,0.000705357
313.633333,0.000705357
313.666667,0.000705357
313.7,0.000705357
313.733333,0.000705357
313.766667,0.000705357
313.8,0.000705357
313.833333,0.000705357
313.866667,0.000705357
313.9,0.000705357
313.933333,0.000705357
313.966667,0.000705357
314,0.000705357
314.033333,0.000705357
314.066667,0.000705357
314.1,0.000705357
314.133333,0.000705357
314.166667,0.000705357
314.2,0.000705357
314.233333,0.000705357
314.266667,0.000705357
314.3,0.000705357
314.333333,0.000705357
314.366667,0.000705357
314.4,0.000705357
314.433333,0.000705357
314.466667,0.000705357
314.5,0.000705357
314.533333,0.000705357
314.566667,0.000705357
314.6,0.000705357
314.633333,0.000705357
314.666667,0.000705357
314.7,0.000705357
314.733333,0.000705357
314.766667,0.000705357
314.8,0.000705357
314.833333,12.3277
314.866667,12.1492
314.9,11.898
314.933333,12.3972
314.966667,12.2116
315,11.6947
315.033333,11.223
315.066667,12.3679
315.1,12.8722
315.133333,13.257
315.166667,13.1342
315.2,14.0664
315.233333,14.2257
315.266667,14.5336
315.3,14.0259
315.333333,14.9035
315.366667,14.7964
315.4,14.8366
315.433333,13.8936
315.466667,0.021942
315.5,0.0706384
315.533333,0.0102031
315.566667,0.029279
315.6,0.00498438
315.633333,0.00297991
315.666667,0.00268527
315.7,0.00266964
315.733333,0.00263839
315.766667,0.00264732
315.8,0.00263839
315.833333,0.00264732
315.866667,0.00263839
315.9,0.00264732
315.933333,0.00263839
315.966667,0.00264732
316,0.00263839
316.033333,0.00264732
316.066667,0.00263839
316.1,0.00264732
316.133333,0.00263839
316.166667,0.00264732
316.2,0.00263839
316.233333,0.00264732
316.266667,0.00263839
316.3,0.00264732
316.333333,0.00263839
316.366667,0.0163058
316.4,0.0226987
316.433333,0.0165357
316.466667,0.0227723
316.5,0.0170223
316.533333,0.0224732
316.566667,0.0229621
316.6,0.0172634
316.633333,0.0228616
316.666667,0.0229844
316.7,0.0230491
316.733333,0.0230714
316.766667,0.0289063
316.8,0.0232366
316.833333,0.0237768
316.866667,0.0291161
316.9,0.0290603
316.933333,0.0294978
316.966667,0.0297612
317,0.0299777
317.033333,0.0356897
317.066667,0.0357723
317.1,0.0364531
317.133333,0.0421094
317.166667,0.0430134
317.2,0.0490022
317.233333,0.0558482
317.266667,0.0684107
317.3,0.0907679
317.333333,0.207241
317.366667,0.00284598
317.4,0.00266518
317.433333,0.00266071
317.466667,0.00265179
317.5,0.00266071
317.533333,0.00265179
317.566667,0.00266071
317.6,0.00265179
317.633333,0.00266071
317.666667,0.00265179
317.7,0.00266071
317.733333,0.00265179
317.766667,0.00266071
317.8,0.00265179
317.833333,0.00266071
317.866667,0.00265179
317.9,0.00266071
317.933333,0.00265179
317.966667,0.00266071
318,0.00265179
318.033333,0.00266071
318.066667,0.00265179
318.1,0.00266071
318.133333,0.00265179
318.166667,0.00266071
318.2,0.00265179
318.233333,0.00266071
318.266667,0.00265179
318.3,0.00266071
318.333333,0.0229286
318.366667,0.0280335
318.4,0.0253951
318.433333,0.0287835
318.466667,0.0262589
318.5,0.0304955
318.533333,0.0297478
318.566667,0.0266786
318.6,0.0305804
318.633333,0.0308705
318.666667,0.031433
318.7,0.0314353
318.733333,0.0343437
318.766667,0.0320982
318.8,0.0317299
318.833333,0.0347143
318.866667,0.0353504
318.9,0.0353929
318.933333,0.036404
318.966667,0.0362455
319,0.040875
319.033333,0.0407344
319.066667,0.0417969
319.1,0.0464911
319.133333,0.0476339
319.166667,0.0530223
319.2,0.0590781
319.233333,0.0706987
319.266667,0.0915379
319.3,0.191984
319.333333,0.00293973
319.366667,0.00272991
319.4,0.00267411
319.433333,0.00266518
319.466667,0.00265625
319.5,0.00266518
319.533333,0.00265625
319.566667,0.00266518
319.6,0.00265625
319.633333,0.00266518
319.666667,0.00265625
319.7,0.00266518
319.733333,0.00265625
319.766667,0.00266518
319.8,0.00265625
319.833333,0.00266518
319.866667,0.00265625
319.9,0.00266518
319.933333,0.00265625
319.966667,0.00266518
320,0.0558683
320.033333,0.00203571
320.066667,0.000508929
320.1,0.00034375
320.133333,0.000339286
320.166667,0.000339286
320.2,0.000339286
320.233333,0.000339286
320.266667,0.000339286
320.3,0.000339286
320.333333,0.000339286
320.366667,0.000339286
320.4,0.000339286
320.433333,0.000339286
320.466667,0.000339286
320.5,0.000339286
320.533333,0.000339286
320.566667,0.000339286
320.6,0.000339286
320.633333,0.000339286
320.666667,0.000339286
320.7,0.000339286
320.733333,0.000339286
320.766667,0.000339286
320.8,0.000339286
320.833333,0.000339286
320.866667,0.000339286
320.9,0.000339286
320.933333,0.000339286
320.966667,0.000339286
321,0.000339286
321.033333,0.000339286
321.066667,0.000339286
321.1,0.000339286
321.133333,0.000339286
321.166667,0.000339286
321.2,0.000339286
321.233333,0.000339286
321.266667,0.000339286
321.3,0.000339286
321.333333,0.000339286
321.366667,0.000339286
321.4,0.000339286
321.433333,0.000339286
321.466667,0.000339286
321.5,0.000339286
321.533333,0.000339286
321.566667,0.000339286
321.6,0.000339286
321.633333,0.000339286
321.666667,0.000339286
321.7,0.000339286
321.733333,0.000339286
321.766667,0.000339286
321.8,0.000339286
321.833333,16.6991
321.866667,15.8676
321.9,14.8274
321.933333,13.6429
321.966667,12.0742
322,10.808
322.033333,9.94729
322.066667,8.96127
322.1,8.27765
322.133333,7.50281
322.166667,7.16863
322.2,6.94941
322.233333,6.70484
322.266667,6.95787
322.3,7.3959
322.333333,7.21933
322.366667,6.7633
322.4,6.14703
322.433333,5.37328
322.466667,4.9634
322.5,4.81214
322.533333,4.75309
322.566667,4.99952
322.6,5.19337
322.633333,5.7041
322.666667,6.5038
322.7,7.84132
322.733333,8.39014
322.766667,8.63842
322.8,0.295185
322.833333,0.336618
322.866667,0.350487
322.9,0.398121
322.933333,0.455549
322.966667,0.563172
323,0.756975
323.033333,1.6967
323.066667,0.0017567
323.1,0.000616071
323.133333,0.000419643
323.166667,0.000388393
323.2,0.000388393
323.233333,0.000388393
323.266667,0.000388393
323.3,0.000388393
323.333333,0.000388393
323.366667,0.000388393
323.4,0.000388393
323.433333,0.000388393
323.466667,0.000388393
323.5,0.000388393
323.533333,0.000388393
323.566667,0.000388393
323.6,0.000388393
323.633333,0.000388393
323.666667,0.000388393
323.7,0.000388393
323.733333,0.000388393
323.766667,0.000388393
323.8,0.000388393
323.833333,0.000388393
323.866667,0.000388393
323.9,0.000388393
323.933333,0.000388393
323.966667,0.000388393
324,0.000388393
324.033333,0.000388393
324.066667,0.000388393
324.1,0.000388393
324.133333,0.000388393
324.166667,0.000388393
324.2,0.000388393
324.233333,0.000388393
324.266667,0.000388393
324.3,0.000388393
324.333333,0.000388393
324.366667,0.000388393
324.4,0.000388393
324.433333,0.000388393
324.466667,0.000388393
324.5,0.000388393
324.533333,0.000388393
324.566667,0.000388393
324.6,0.000388393
324.633333,0.000388393
324.666667,0.000388393
324.7,0.000388393
324.733333,0.000388393
324.766667,0.000388393
324.8,0.000388393
324.833333,0.000388393
324.866667,0.000388393
324.9,0.000388393
324.933333,0.000388393
324.966667,0.000388393
325,0.000388393
325.033333,0.000388393
325.066667,0.000388393
325.1,0.000388393
325.133333,0.000388393
325.166667,0.000388393
325.2,0.000388393
325.233333,0.000388393
325.266667,0.000388393
325.3,0.000388393
325.333333,0.000388393
325.366667,0.000388393
325.4,0.000388393
325.433333,0.000388393
325.466667,0.000388393
325.5,0.000388393
325.533333,0.000388393
325.566667,0.000388393
325.6,0.000388393
325.633333,0.000388393
325.666667,0.000388393
325.7,0.000388393
325.733333,0.000388393
325.766667,0.000388393
325.8,0.000388393
325.833333,0.000388393
325.866667,0.000388393
325.9,0.000388393
325.933333,0.000388393
325.966667,0.000388393
326,0.000388393
326.033333,0.000388393
326.066667,0.000388393
326.1,0.000388393
326.133333,0.000388393
326.166667,0.000388393
326.2,0.000388393
326.233333,0.000388393
326.266667,0.000388393
326.3,0.000388393
326.333333,0.000388393
326.366667,0.000388393
326.4,0.000388393
326.433333,0.000388393
326.466667,0.000388393
326.5,0.000388393
326.533333,0.000388393
326.566667,0.000388393
326.6,0.000388393
326.633333,0.000388393
326.666667,0.000388393
326.7,0.000388393
326.733333,0.000388393
326.766667,0.000388393
326.8,0.000388393
326.833333,0.000388393
326.866667,0.000388393
326.9,0.000388393
326.933333,0.000388393
326.966667,0.000388393
327,0.000388393
327.033333,0.000388393
327.066667,0.000388393
327.1,0.000388393
327.133333,0.000388393
327.166667,0.000388393
327.2,0.000388393
327.233333,0.000388393
327.266667,0.000388393
327.3,0.000388393
327.333333,0.000388393
327.366667,0.000388393
327.4,0.000388393
327.433333,0.000388393
327.466667,0.000388393
327.5,0.000388393
327.533333,0.000388393
327.566667,0.000388393
327.6,0.000388393
327.633333,103.07
327.666667,0.0104509
327.7,0.00096875
327.733333,0.00361161
327.766667,0.00162723
327.8,0.00128795
327.833333,0.00122321
327.866667,0.00122321
327.9,0.00122321
327.933333,0.00122321
327.966667,0.00122321
328,0.0275647
328.033333,0.0019308
328.066667,0.000564732
328.1,0.000450893
328.133333,20.5916
328.166667,0.00310938
328.2,0.000935268
328.233333,0.000680804
328.266667,0.000674107
328.3,0.000674107
328.333333,0.000665179
328.366667,0.000665179
328.4,0.000665179
328.433333,0.000665179
328.466667,0.000665179
328.5,0.000665179
328.533333,0.000665179
328.566667,0.000665179
328.6,0.000665179
328.633333,0.000665179
328.666667,0.000665179
328.7,0.000665179
328.733333,0.000665179
328.766667,0.000665179
328.8,0.000665179
328.833333,0.000665179
328.866667,0.000665179
328.9,0.000665179
328.933333,0.000665179
328.966667,0.000665179
329,0.000665179
329.033333,0.000665179
329.066667,0.000665179
329.1,0.000665179
329.133333,0.000665179
329.166667,0.000665179
329.2,0.000665179
329.233333,0.000665179
329.266667,0.000665179
329.3,0.000665179
329.333333,0.000665179
329.366667,0.000665179
329.4,0.000665179
329.433333,0.000665179
329.466667,0.000665179
329.5,0.000665179
329.533333,0.000665179
329.566667,0.000665179
329.6,0.000665179
329.633333,0.000665179
329.666667,0.000665179
329.7,0.000665179
329.733333,0.000665179
329.766667,0.000665179
329.8,0.000665179
329.833333,0.000665179
329.866667,0.000665179
329.9,0.000665179
329.933333,0.000665179
329.966667,0.000665179
330,0.000665179
330.033333,0.000665179
330.066667,0.000665179
330.1,0.000665179
330.133333,0.000665179
330.166667,0.000665179
330.2,0.000665179
330.233333,0.000665179
330.266667,0.000665179
330.3,0.000665179
330.333333,0.000665179
330.366667,0.000665179
330.4,0.000665179
330.433333,0.000665179
330.466667,0.000665179
330.5,0.000665179
330.533333,0.000665179
330.566667,0.000665179
330.6,0.000665179
330.633333,0.000665179
330.666667,0.000665179
330.7,0.000665179
330.733333,0.000665179
330.766667,0.000665179
330.8,0.000665179
330.833333,0.000665179
330.866667,0.000665179
330.9,0.000665179
330.933333,0.000665179
330.966667,0.000665179
331,0.000665179
331.033333,0.000665179
331.066667,0.000665179
331.1,0.000665179
331.133333,0.000665179
331.166667,0.000665179
331.2,0.000665179
331.233333,0.000665179
331.266667,0.000665179
331.3,0.000665179
331.333333,0.000665179
331.366667,0.000665179
331.4,0.000665179
331.433333,0.000665179
331.466667,0.000665179
331.5,0.000665179
331.533333,0.000665179
331.566667,0.000665179
331.6,0.000665179
331.633333,0.000665179
331.666667,0.000665179
331.7,0.000665179
331.733333,0.000665179
331.766667,0.000665179
331.8,0.000665179
331.833333,0.000665179
331.866667,0.000665179
331.9,0.000665179
331.933333,0.000665179
331.966667,0.000665179
332,0.000665179
332.033333,0.000665179
332.066667,0.000665179
332.1,0.000665179
332.133333,0.000665179
332.166667,0.000665179
332.2,0.000665179
332.233333,0.000665179
332.266667,0.000665179
332.3,0.000665179
332.333333,0.000665179
332.366667,0.000665179
332.4,0.000665179
332.433333,0.000665179
332.466667,0.000665179
332.5,0.000665179
332.533333,0.000665179
332.566667,0.000665179
332.6,0.000665179
332.633333,0.000665179
332.666667,0.000665179
332.7,0.000665179
332.733333,0.000665179
332.766667,0.000665179
332.8,0.000665179
332.833333,0.000665179
332.866667,0.000665179
332.9,0.000665179
332.933333,0.000665179
332.966667,0.000665179
333,0.000665179
333.033333,0.000665179
333.066667,0.000665179
333.1,0.000665179
333.133333,0.000665179
333.166667,0.000665179
333.2,0.000665179
333.233333,0.000665179
333.266667,0.000665179
333.3,0.000665179
333.333333,0.000665179
333.366667,0.000665179
333.4,0.000665179
333.433333,0.000665179
333.466667,0.000665179
333.5,0.000665179
333.533333,0.000665179
333.566667,0.000665179
333.6,0.000665179
333.633333,0.000665179
333.666667,0.000665179
333.7,0.000665179
333.733333,0.000665179
333.766667,0.000665179
333.8,0.000665179
333.833333,0.000665179
333.866667,0.000665179
333.9,0.000665179
333.933333,0.000665179
333.966667,0.000665179
334,0.000665179
334.033333,0.000665179
334.066667,0.000665179
334.1,0.000665179
334.133333,0.000665179
334.166667,0.000665179
334.2,0.000665179
334.233333,0.000665179
334.266667,0.000665179
334.3,0.000665179
334.333333,0.000665179
334.366667,0.000665179
334.4,0.000665179
334.433333,0.000665179
334.466667,0.000665179
334.5,0.000665179
334.533333,0.000665179
334.566667,0.000665179
334.6,0.000665179
334.633333,0.000665179
334.666667,0.000665179
334.7,0.000665179
334.733333,0.000665179
334.766667,0.000665179
334.8,0.000665179
334.833333,0.000665179
334.866667,0.000665179
334.9,0.000665179
334.933333,0.000665179
334.966667,0.000665179
335,111.904
335.033333,12.7566
335.066667,22.2168
335.1,20.327
335.133333,0.00195089
335.166667,0.000504464
335.2,0.000292411
335.233333,0.000285714
335.266667,0.000285714
335.3,0.000285714
335.333333,0.000285714
335.366667,0.000285714
335.4,0.000285714
335.433333,0.000285714
335.466667,0.000285714
335.5,0.000285714
335.533333,0.000285714
335.566667,0.000285714
335.6,0.000285714
335.633333,0.000285714
335.666667,0.000285714
335.7,0.000285714
335.733333,0.000285714
335.766667,0.000285714
335.8,0.000285714
335.833333,0.000285714
335.866667,0.000285714
335.9,0.000285714
335.933333,0.000285714
335.966667,0.000285714
336,0.00983929
336.033333,0.000464286
336.066667,9.59821
336.1,7.14286
336.133333,7.14286
336.166667,7.14286
336.2,7.14286
336.233333,7.14286
336.266667,7.14286
336.3,7.14286
336.333333,7.14286
336.366667,7.14286
336.4,7.14286
336.433333,7.14286
336.466667,7.14286
336.5,7.14286
336.533333,7.14286
336.566667,7.14286
336.6,7.14286
336.633333,7.14286
336.666667,101.38
336.7,0.0125915
336.733333,0.00462277
336.766667,0.00301116
336.8,0.00152455
336.833333,0.00127679
336.866667,0.00120536
336.9,0.00120536
336.933333,0.00120536
336.966667,0.00120536
337,0.00120536
337.033333,0.00120536
337.066667,0.00120536
337.1,0.00120536
337.133333,0.00120536
337.166667,0.00120536
337.2,0.00120536
337.233333,0.00120536
337.266667,0.00120536
337.3,0.00120536
337.333333,0.00120536
337.366667,0.00120536
337.4,0.00120536
337.433333,0.00120536
337.466667,0.00120536
337.5,0.00120536
337.533333,0.00120536
337.566667,0.00120536
337.6,0.00120536
337.633333,0.00120536
337.666667,0.00120536
337.7,0.00120536
337.733333,0.00120536
337.766667,0.346638
337.8,0.26975
337.833333,0.237846
337.866667,0.218087
337.9,0.206319
337.933333,0.193033
337.966667,0.184183
338,0.176292
338.033333,0.169444
338.066667,0.163393
338.1,0.157152
338.133333,0.152989
338.166667,0.147482
338.2,0.143406
338.233333,0.139121
338.266667,0.135587
338.3,0.134107
338.333333,0.128656
338.366667,0.12896
338.4,0.123772
338.433333,0.123788
338.466667,0.120676
338.5,0.118846
338.533333,0.11856
338.566667,0.117567
338.6,0.114071
338.633333,0.11496
338.666667,0.113565
338.7,0.111888
338.733333,0.112574
338.766667,0.00427679
338.8,0.0018058
338.833333,0.00139286
338.866667,0.00132589
338.9,0.00131696
338.933333,0.00131696
338.966667,0.00131696
339,0.00131696
339.033333,0.00131696
339.066667,0.00131696
339.1,0.00131696
339.133333,0.00131696
339.166667,0.00131696
339.2,0.00131696
339.233333,0.00131696
339.266667,0.00131696
339.3,0.00131696
339.333333,0.00131696
339.366667,0.00131696
339.4,0.00131696
339.433333,0.00131696
339.466667,0.00131696
339.5,0.00131696
339.533333,0.00131696
339.566667,0.00131696
339.6,0.00131696
339.633333,0.00131696
339.666667,0.00131696
339.7,0.00131696
339.733333,0.00131696
339.766667,0.00131696
339.8,0.00131696
339.833333,0.00131696
339.866667,0.00131696
339.9,0.00131696
339.933333,0.00131696
339.966667,0.00131696
340,0.00131696
340.033333,0.00131696
340.066667,0.00131696
340.1,0.00131696
340.133333,0.00131696
340.166667,0.00131696
340.2,0.00131696
340.233333,0.00131696
340.266667,0.00131696
340.3,0.00131696
340.333333,0.00131696
340.366667,0.00131696
340.4,0.00131696
340.433333,0.00131696
340.466667,0.00131696
340.5,0.00131696
340.533333,0.00131696
340.566667,0.00131696
340.6,0.00131696
340.633333,0.00131696
340.666667,0.00131696
340.7,0.00131696
340.733333,0.00131696
340.766667,0.00131696
340.8,0.00131696
340.833333,0.00131696
340.866667,0.00131696
340.9,0.00131696
340.933333,0.00131696
340.966667,0.00131696
341,0.00131696
341.033333,0.00131696
341.066667,0.00131696
341.1,0.00131696
341.133333,0.00131696
341.166667,0.00131696
341.2,0.00131696
341.233333,0.00131696
341.266667,0.00131696
341.3,0.00131696
341.333333,0.00131696
341.366667,0.00131696
341.4,0.00131696
341.433333,0.00131696
341.466667,0.00131696
341.5,0.00131696
341.533333,0.00131696
341.566667,0.00131696
341.6,0.00131696
341.633333,0.00131696
341.666667,0.00131696
341.7,0.00131696
341.733333,0.00131696
341.766667,0.00131696
341.8,0.00131696
341.833333,0.00131696
341.866667,0.00131696
341.9,0.00131696
341.933333,0.00131696
341.966667,0.00131696
342,0.00131696
342.033333,0.00131696
342.066667,0.00131696
342.1,0.00131696
342.133333,0.00131696
342.166667,0.00131696
342.2,0.00131696
342.233333,0.00131696
342.266667,103.99
342.3,0.148145
342.333333,0.162393
342.366667,0.127127
342.4,0.148962
342.433333,0.123924
342.466667,0.142087
342.5,0.124038
342.533333,0.147129
342.566667,0.12825
342.6,0.144721
342.633333,0.129625
342.666667,0.150429
342.7,0.149172
342.733333,0.139605
342.766667,0.176984
342.8,0.161578
342.833333,0.144908
342.866667,0.187475
342.9,0.169701
342.933333,0.193246
342.966667,0.201967
343,0.186136
343.033333,0.214951
343.066667,0.225585
343.1,0.259085
343.133333,0.251817
343.166667,0.311792
343.2,0.376085
343.233333,0.473987
343.266667,1.16346
343.3,0.00310491
343.333333,0.00154464
343.366667,0.00129688
343.4,0.00124554
343.433333,0.00123214
343.466667,0.00123214
343.5,0.00123214
343.533333,0.00123214
343.566667,0.00123214
343.6,0.00123214
343.633333,0.00123214
343.666667,0.00123214
343.7,0.00123214
343.733333,0.00123214
343.766667,0.00123214
343.8,0.00123214
343.833333,0.00123214
343.866667,0.00123214
343.9,0.00123214
343.933333,0.00123214
343.966667,0.00123214
344,0.0324085
344.033333,0.00165848
344.066667,0.000493304
344.1,0.00040625
344.133333,0.000370536
344.166667,0.000370536
344.2,0.000370536
344.233333,0.000370536
344.266667,0.000370536
344.3,0.000370536
344.333333,0.000370536
344.366667,0.000370536
344.4,0.000370536
344.433333,0.000370536
344.466667,0.000370536
344.5,0.000370536
344.533333,0.000370536
344.566667,0.000370536
344.6,0.000370536
344.633333,0.000370536
344.666667,0.000370536
344.7,0.000370536
344.733333,0.000370536
344.766667,0.000370536
344.8,0.000370536
344.833333,0.000370536
344.866667,0.000370536
344.9,0.000370536
344.933333,0.000370536
344.966667,0.000370536
345,0.000370536
345.033333,0.000370536
345.066667,0.000370536
345.1,0.000370536
345.133333,0.000370536
345.166667,0.000370536
345.2,0.000370536
345.233333,0.000370536
345.266667,0.000370536
345.3,0.202368
345.333333,0.284531
345.366667,0.208219
345.4,0.285656
345.433333,0.248703
345.466667,0.246759
345.5,0.249002
345.533333,0.289911
345.566667,0.25565
345.6,0.289087
345.633333,0.262292
345.666667,0.29217
345.7,0.296598
345.733333,0.303214
345.766667,0.341871
345.8,0.336629
345.833333,0.312719
345.866667,0.389315
345.9,0.34906
345.933333,0.397565
345.966667,0.436373
346,0.399933
346.033333,0.446504
346.066667,0.495618
346.1,0.577962
346.133333,0.556063
346.166667,0.682815
346.2,0.863721
346.233333,1.09719
346.266667,2.80699
346.3,0.00312277
346.333333,0.000970982
346.366667,0.000651786
346.4,0.000609375
346.433333,0.000602679
346.466667,0.000602679
346.5,0.000602679
346.533333,0.000602679
346.566667,0.000602679
346.6,0.000602679
346.633333,0.000602679
346.666667,0.000602679
346.7,0.000602679
346.733333,0.000602679
346.766667,0.000602679
346.8,0.000602679
346.833333,0.000602679
346.866667,0.000602679
346.9,0.000602679
346.933333,0.000602679
346.966667,0.000602679
347,0.000602679
347.033333,0.000602679
347.066667,0.000602679
347.1,0.000602679
347.133333,0.000602679
347.166667,0.000602679
347.2,0.000602679
347.233333,0.000602679
347.266667,0.000602679
347.3,0.000602679
347.333333,0.000602679
347.366667,0.000602679
347.4,0.000602679
347.433333,0.000602679
347.466667,0.000602679
347.5,0.000602679
347.533333,0.000602679
347.566667,0.000602679
347.6,0.000602679
347.633333,0.000602679
347.666667,0.000602679
347.7,0.000602679
347.733333,0.000602679
347.766667,0.000602679
347.8,0.000602679
347.833333,0.000602679
347.866667,0.000602679
347.9,0.000602679
347.933333,0.000602679
347.966667,0.000602679
348,0.000602679
348.033333,0.000602679
348.066667,0.000602679
348.1,0.000602679
348.133333,0.000602679
348.166667,0.000602679
348.2,0.000602679
348.233333,0.000602679
348.266667,0.000602679
348.3,0.000602679
348.333333,0.000602679
348.366667,0.000602679
348.4,0.000602679
348.433333,0.000602679
348.466667,0.000602679
348.5,0.000602679
348.533333,0.000602679
348.566667,0.000602679
348.6,0.000602679
348.633333,0.000602679
348.666667,33.8764
348.7,0.0121696
348.733333,0.00397768
348.766667,0.00158705
348.8,0.00115402
348.833333,0.00109821
348.866667,0.00109821
348.9,0.00109821
348.933333,0.00109821
348.966667,0.00109821
349,0.00109821
349.033333,0.00109821
349.066667,0.00109821
349.1,0.00109821
349.133333,0.00109821
349.166667,0.00109821
349.2,0.00109821
349.233333,0.00112277
349.266667,0.275498
349.3,0.252181
349.333333,0.2356
349.366667,0.219888
349.4,0.214699
349.433333,0.213737
349.466667,0.220246
349.5,0.226422
349.533333,0.235844
349.566667,0.25048
349.6,0.285194
349.633333,0.330087
349.666667,0.0888862
349.7,0.0912031
349.733333,0.0968013
349.766667,0.104609
349.8,0.122458
349.833333,0.155748
349.866667,0.0044375
349.9,0.00231696
349.933333,0.00196652
349.966667,0.00192187
350,0.00191518
350.033333,0.00191518
350.066667,0.00191518
350.1,0.00191518
350.133333,0.00191518
350.166667,0.00191518
350.2,0.00191518
350.233333,0.00191518
350.266667,0.00191518
350.3,0.00191518
350.333333,0.00191518
350.366667,0.00191518
350.4,0.00191518
350.433333,0.00191518
350.466667,0.00191518
350.5,0.00191518
350.533333,0.00191518
350.566667,0.00191518
350.6,0.00191518
350.633333,0.00191518
350.666667,0.00191518
350.7,0.00191518
350.733333,0.00191518
350.766667,0.00191518
350.8,0.00191518
350.833333,0.00191518
350.866667,0.00191518
350.9,0.00191518
350.933333,0.00191518
350.966667,0.00191518
351,0.00191518
351.033333,0.00191518
351.066667,0.00191518
351.1,0.00191518
351.133333,0.00191518
351.166667,0.00191518
351.2,0.00191518
351.233333,21.7996
351.266667,0.00219196
351.3,0.000488839
351.333333,0.000323661
351.366667,0.000294643
351.4,0.000294643
351.433333,0.000294643
351.466667,0.000294643
351.5,0.000294643
351.533333,0.000294643
351.566667,0.000294643
351.6,0.000294643
351.633333,0.000294643
351.666667,0.000294643
351.7,0.000294643
351.733333,0.000294643
351.766667,0.000294643
351.8,0.000294643
351.833333,0.000294643
351.866667,0.000294643
351.9,0.000294643
351.933333,0.000294643
351.966667,0.000294643
352,0.00738839
352.033333,0.000613839
352.066667,0.000131696
352.1,8.92857
352.133333,0.127304
352.166667,0.128978
352.2,0.129605
352.233333,0.166391
352.266667,0.131717
352.3,0.131384
352.333333,0.168074
352.366667,0.167752
352.4,0.132975
352.433333,0.16975
352.466667,0.170016
352.5,0.170335
352.533333,0.171435
352.566667,0.173252
352.6,0.208225
352.633333,0.208665
352.666667,0.176125
352.7,0.245295
352.733333,0.214036
352.766667,0.215167
352.8,0.251797
352.833333,0.288395
352.866667,0.291239
352.9,0.294955
352.933333,0.334433
352.966667,0.372643
353,0.450114
353.033333,0.530971
353.066667,0.725547
353.1,2.02633
353.133333,0.00252455
353.166667,0.000756696
353.2,0.000395089
353.233333,0.000325893
353.266667,0.000325893
353.3,0.000325893
353.333333,0.000325893
353.366667,0.000325893
353.4,0.000325893
353.433333,0.000325893
353.466667,0.000325893
353.5,0.000325893
353.533333,0.000325893
353.566667,0.000325893
353.6,0.000325893
353.633333,0.000325893
353.666667,0.000325893
353.7,0.000325893
353.733333,0.000325893
353.766667,0.000325893
353.8,0.000325893
353.833333,0.000325893
353.866667,0.000325893
353.9,0.000325893
353.933333,0.000325893
353.966667,0.000325893
354,0.000325893
354.033333,0.000325893
354.066667,0.000325893
354.1,0.000325893
354.133333,0.000325893
354.166667,0.000325893
354.2,0.000325893
354.233333,0.000325893
354.266667,0.000325893
354.3,0.000325893
354.333333,0.000325893
354.366667,0.000325893
354.4,0.000325893
354.433333,0.000325893
354.466667,0.000325893
354.5,0.000325893
354.533333,0.000325893
354.566667,0.000325893
354.6,0.000325893
354.633333,0.000325893
354.666667,0.000325893
354.7,0.000325893
354.733333,0.000325893
354.766667,0.000325893
354.8,0.000325893
354.833333,0.000325893
354.866667,0.000325893
354.9,0.000325893
354.933333,0.000325893
354.966667,0.000325893
355,0.000325893
355.033333,0.000325893
355.066667,0.000325893
355.1,0.000325893
355.133333,0.000325893
355.166667,0.000325893
355.2,0.000325893
355.233333,0.000325893
355.266667,0.000325893
355.3,0.000325893
355.333333,0.000325893
355.366667,0.000325893
355.4,0.000325893
355.433333,0.000325893
355.466667,0.000325893
355.5,0.000325893
355.533333,0.000325893
355.566667,0.000325893
355.6,0.000325893
355.633333,0.000325893
355.666667,0.000325893
355.7,0.000325893
355.733333,0.000325893
355.766667,0.000325893
355.8,0.000325893
355.833333,0.000325893
355.866667,0.000325893
355.9,0.000325893
355.933333,0.000325893
355.966667,118.92
356,0.00538616
356.033333,0.00157813
356.066667,0.000888393
356.1,0.000803571
356.133333,0.000790179
356.166667,0.000799107
356.2,0.000790179
356.233333,0.000799107
356.266667,0.000790179
356.3,0.000799107
356.333333,0.000790179
356.366667,0.000799107
356.4,0.000790179
356.433333,0.000799107
356.466667,0.000790179
356.5,0.000799107
356.533333,0.000790179
356.566667,0.000799107
356.6,0.000790179
356.633333,0.000799107
356.666667,0.000790179
356.7,0.000799107
356.733333,0.000790179
356.766667,0.000799107
356.8,0.000790179
356.833333,0.000799107
356.866667,0.000790179
356.9,0.000799107
356.933333,0.000790179
356.966667,0.000799107
357,0.000790179
357.033333,0.000799107
357.066667,0.000790179
357.1,0.000799107
357.133333,0.000790179
357.166667,0.000799107
357.2,0.000790179
357.233333,0.000799107
357.266667,0.000790179
357.3,0.000799107
357.333333,0.000790179
357.366667,0.000799107
357.4,0.000790179
357.433333,0.000799107
357.466667,0.000790179
357.5,0.000799107
357.533333,0.000790179
357.566667,0.000799107
357.6,0.000790179
357.633333,0.000799107
357.666667,0.000790179
357.7,0.000799107
357.733333,0.000790179
357.766667,0.000799107
357.8,0.000790179
357.833333,0.000799107
357.866667,0.000790179
357.9,0.000799107
357.933333,0.000790179
357.966667,0.000799107
358,0.000790179
358.033333,0.000799107
358.066667,0.000790179
358.1,0.000799107
358.133333,0.000790179
358.166667,0.000799107
358.2,0.000790179
358.233333,0.000799107
358.266667,0.000790179
358.3,0.000799107
358.333333,0.000790179
358.366667,0.000799107
358.4,0.000790179
358.433333,0.000799107
358.466667,0.000790179
358.5,0.000799107
358.533333,0.000790179
358.566667,0.000799107
358.6,0.000790179
358.633333,0.000799107
358.666667,0.000790179
358.7,0.000799107
358.733333,0.000790179
358.766667,0.000799107
358.8,0.000790179
358.833333,0.000799107
358.866667,0.000790179
358.9,0.000799107
358.933333,0.000790179
358.966667,0.000799107
359,0.000790179
359.033333,0.000799107
359.066667,0.000790179
359.1,0.000799107
359.133333,0.000790179
359.166667,0.000799107
359.2,0.000790179
359.233333,0.000799107
359.266667,0.000790179
359.3,0.000799107
359.333333,0.000790179
359.366667,0.000799107
359.4,0.000790179
359.433333,0.000799107
359.466667,0.000790179
359.5,0.000799107
359.533333,0.000790179
359.566667,0.000799107
359.6,0.000790179
359.633333,128.246
359.666667,0.000116071
359.7,0.00375446
359.733333,0.00730357
359.766667,0.00224777
359.8,0.00141518
359.833333,0.00126339
359.866667,0.00125223
359.9,0.00124777
359.933333,0.00124777
359.966667,0.00124777
360,0.0247411
360.033333,0.00119196
360.066667,0.000339286
360.1,0.00021875
360.133333,0.000196429
360.166667,0.000196429
360.2,0.000196429
360.233333,0.000196429
360.266667,0.000196429
360.3,0.000196429
360.333333,0.000196429
360.366667,0.000196429
360.4,0.000196429
360.433333,0.000196429
360.466667,0.000196429
360.5,0.000196429
360.533333,0.000196429
360.566667,0.000196429
360.6,0.000196429
360.633333,0.000196429
360.666667,0.000196429
360.7,0.000196429
360.733333,0.000196429
360.766667,0.000196429
360.8,0.000196429
360.833333,0.000196429
360.866667,0.000196429
360.9,0.000196429
360.933333,0.000196429
360.966667,0.000196429
361,0.000196429
361.033333,0.000196429
361.066667,0.000196429
361.1,0.000196429
361.133333,0.000196429
361.166667,0.000196429
361.2,0.000196429
361.233333,0.000196429
361.266667,0.000196429
361.3,0.000196429
361.333333,0.000196429
361.366667,0.000196429
361.4,0.000196429
361.433333,0.000196429
361.466667,0.000196429
361.5,0.000196429
361.533333,0.000196429
361.566667,0.000196429
361.6,0.000196429
361.633333,0.000196429
361.666667,0.000196429
361.7,0.000196429
361.733333,0.000196429
361.766667,0.000196429
361.8,0.000196429
361.833333,0.000196429
361.866667,0.000196429
361.9,0.000196429
361.933333,0.000196429
361.966667,0.000196429
362,0.000196429
362.033333,0.000196429
362.066667,0.000196429
362.1,0.000196429
362.133333,0.000196429
362.166667,0.000196429
362.2,0.000196429
362.233333,0.000196429
362.266667,0.000196429
362.3,0.000196429
362.333333,0.000196429
362.366667,0.000196429
362.4,0.000196429
362.433333,0.000196429
362.466667,0.000196429
362.5,0.000196429
362.533333,0.000196429
362.566667,0.000196429
362.6,0.000196429
362.633333,0.000196429
362.666667,0.000196429
362.7,0.000196429
362.733333,0.000196429
362.766667,0.000196429
362.8,0.000196429
362.833333,0.000196429
362.866667,0.000196429
362.9,0.000196429
362.933333,0.000196429
362.966667,0.000196429
363,0.000196429
363.033333,0.000196429
363.066667,0.000196429
363.1,0.000196429
363.133333,0.000196429
363.166667,0.000196429
363.2,0.000196429
363.233333,0.000196429
363.266667,0.000196429
363.3,0.000196429
363.333333,0.000196429
363.366667,0.000196429
363.4,0.000196429
363.433333,0.000196429
363.466667,0.000196429
363.5,0.000196429
363.533333,0.000196429
363.566667,0.000196429
363.6,0.000196429
363.633333,0.000196429
363.666667,0.000196429
363.7,0.000196429
363.733333,0.000196429
363.766667,0.000196429
363.8,0.000196429
363.833333,0.000196429
363.866667,0.000196429
363.9,0.000196429
363.933333,0.000196429
363.966667,0.000196429
364,0.000196429
364.033333,0.000196429
364.066667,0.000196429
364.1,0.000196429
364.133333,0.000196429
364.166667,0.000196429
364.2,0.000196429
364.233333,0.000196429
364.266667,0.000196429
364.3,0.000196429
364.333333,0.000196429
364.366667,0.000196429
364.4,0.000196429
364.433333,0.000196429
364.466667,0.000196429
364.5,0.000196429
364.533333,0.000196429
364.566667,0.000196429
364.6,0.000196429
364.633333,0.000196429
364.666667,0.000196429
364.7,0.000196429
364.733333,0.000196429
364.766667,0.000196429
364.8,0.000196429
364.833333,0.000196429
364.866667,0.000196429
364.9,0.000196429
364.933333,0.000196429
364.966667,0.000196429
365,0.000196429
365.033333,0.000196429
365.066667,0.000196429
365.1,0.000196429
365.133333,0.000196429
365.166667,0.000196429
365.2,0.000196429
365.233333,0.000196429
365.266667,0.000196429
365.3,0.000196429
365.333333,0.000196429
365.366667,0.000196429
365.4,0.000196429
365.433333,0.000196429
365.466667,0.000196429
365.5,0.000196429
365.533333,0.000196429
365.566667,0.000196429
365.6,0.000196429
365.633333,0.000196429
365.666667,0.000196429
365.7,0.000196429
365.733333,0.000196429
365.766667,0.000196429
365.8,0.000196429
365.833333,0.000196429
365.866667,0.000196429
365.9,0.000196429
365.933333,0.000196429
365.966667,0.000196429
366,0.000196429
366.033333,0.000196429
366.066667,0.000196429
366.1,0.000196429
366.133333,0.000196429
366.166667,0.000196429
366.2,0.000196429
366.233333,0.000196429
366.266667,0.000196429
366.3,0.000196429
366.333333,0.000196429
366.366667,0.000196429
366.4,0.000196429
366.433333,0.000196429
366.466667,0.000196429
366.5,0.000196429
366.533333,0.000196429
366.566667,0.000196429
366.6,0.000196429
366.633333,0.000196429
366.666667,0.000196429
366.7,0.000196429
366.733333,0.000196429
366.766667,0.000196429
366.8,0.000196429
366.833333,0.000196429
366.866667,0.000196429
366.9,0.000196429
366.933333,0.000196429
366.966667,0.000196429
367,0.000196429
367.033333,0.000196429
367.066667,0.000196429
367.1,0.000196429
367.133333,0.000196429
367.166667,0.000196429
367.2,0.000196429
367.233333,0.000196429
367.266667,0.000196429
367.3,0.000196429
367.333333,0.000196429
367.366667,0.000196429
367.4,0.000196429
367.433333,0.000196429
367.466667,0.000196429
367.5,0.000196429
367.533333,0.000196429
367.566667,0.000196429
367.6,0.000196429
367.633333,0.000196429
367.666667,0.000196429
367.7,0.000196429
367.733333,0.000196429
367.766667,0.000196429
367.8,0.000196429
367.833333,0.000196429
367.866667,0.000196429
367.9,0.000196429
367.933333,0.000196429
367.966667,0.000196429
368,0.00133929
368.033333,0.00119196
368.066667,0.000339286
368.1,0.00021875
368.133333,0.000196429
368.166667,0.000196429
368.2,0.000196429
368.233333,0.000196429
368.266667,0.000196429
368.3,0.000196429
368.333333,0.000196429
368.366667,0.000196429
368.4,0.000196429
368.433333,0.000196429
368.466667,0.000196429
368.5,0.000196429
368.533333,0.000196429
368.566667,0.000196429
368.6,0.000196429
368.633333,0.000196429
368.666667,0.000196429
368.7,0.000196429
368.733333,0.000196429
368.766667,0.000196429
368.8,0.000196429
368.833333,0.000196429
368.866667,0.000196429
368.9,0.000196429
368.933333,0.000196429
368.966667,8.89947
369,0.0796808
369.033333,0.0640714
369.066667,0.0714174
369.1,0.0695893
369.133333,0.103462
369.166667,0.0814621
369.2,0.087058
369.233333,0.106333
369.266667,0.125455
369.3,0.316533
369.333333,0.0052567
369.366667,0.00651339
369.4,0.00510491
369.433333,0.000564732
369.466667,0.0004375
369.5,0.000410714
369.533333,0.000410714
369.566667,0.000410714
369.6,0.000410714
369.633333,0.000410714
369.666667,0.000410714
369.7,0.000410714
369.733333,0.000410714
369.766667,0.000410714
369.8,0.000410714
369.833333,0.000410714
369.866667,0.000410714
369.9,0.000410714
369.933333,0.000410714
369.966667,0.000410714
370,0.000410714
370.033333,0.000410714
370.066667,0.000410714
370.1,0.000410714
370.133333,0.000410714
370.166667,0.000410714
370.2,0.000410714
370.233333,0.000410714
370.266667,0.000410714
370.3,0.000410714
370.333333,0.000410714
370.366667,0.000410714
370.4,0.000410714
370.433333,0.000410714
370.466667,0.000410714
370.5,0.000410714
370.533333,0.000410714
370.566667,0.000410714
370.6,0.000410714
370.633333,0.000410714
370.666667,0.000410714
370.7,0.000410714
370.733333,0.000410714
370.766667,0.000410714
370.8,0.000410714
370.833333,0.000410714
370.866667,0.000410714
370.9,0.000410714
370.933333,0.000410714
370.966667,0.000410714
371,0.000410714
371.033333,0.020529
371.066667,0.0209509
371.1,0.0727411
371.133333,0.13429
371.166667,0.146134
371.2,0.150835
371.233333,0.138761
371.266667,0.133395
371.3,0.150107
371.333333,0.149489
371.366667,0.152518
371.4,0.141129
371.433333,0.148328
371.466667,0.141882
371.5,0.159254
371.533333,0.164993
371.566667,0.172313
371.6,0.1581
371.633333,0.121717
371.666667,0.40373
371.7,0.545154
371.733333,0.303924
371.766667,0.388252
371.8,0.532687
371.833333,0.299714
371.866667,0.572641
371.9,0.84944
371.933333,0.45196
371.966667,0.249763
372,0.354913
372.033333,0.235518
372.066667,0.29275
372.1,0.443692
372.133333,0.388908
372.166667,0.406625
372.2,0.511808
372.233333,0.382377
372.266667,0.304708
372.3,0.476522
372.333333,0.296112
372.366667,0.0287433
372.4,0.116134
372.433333,0.0406674
372.466667,0.0865804
372.5,0.314047
372.533333,0.208011
372.566667,0.00252455
372.6,0.048154
372.633333,0.00621875
372.666667,0.000819196
372.7,0.0008125
372.733333,0.0008125
372.766667,0.0008125
372.8,0.0008125
372.833333,0.0008125
372.866667,0.0008125
372.9,0.0008125
372.933333,0.0008125
372.966667,0.0008125
373,0.0008125
373.033333,0.0008125
373.066667,0.0008125
373.1,0.0008125
373.133333,0.0008125
373.166667,0.0008125
373.2,0.0008125
373.233333,0.0008125
373.266667,0.0008125
373.3,0.0008125
373.333333,0.0008125
373.366667,0.0008125
373.4,0.0008125
373.433333,0.0008125
373.466667,0.0008125
373.5,0.0008125
373.533333,0.0008125
373.566667,0.0008125
373.6,0.0008125
373.633333,0.0008125
373.666667,0.0008125
373.7,0.0008125
373.733333,0.0008125
373.766667,0.0008125
373.8,0.0008125
373.833333,0.0008125
373.866667,0.0008125
373.9,0.0008125
373.933333,0.0008125
373.966667,0.0008125
374,0.0008125
374.033333,0.0008125
374.066667,0.0008125
374.1,0.0008125
374.133333,0.0008125
374.166667,0.0008125
374.2,0.0008125
374.233333,0.0008125
374.266667,0.0008125
374.3,0.0008125
374.333333,0.0008125
374.366667,0.0008125
374.4,0.0008125
374.433333,0.0008125
374.466667,0.0008125
374.5,0.0008125
374.533333,0.0008125
374.566667,0.0008125
374.6,0.0008125
374.633333,0.0008125
374.666667,0.0008125
374.7,0.0008125
374.733333,0.0008125
374.766667,0.0008125
374.8,0.0008125
374.833333,0.0008125
374.866667,0.0008125
374.9,0.0008125
374.933333,0.0008125
374.966667,0.0008125
375,0.0008125
375.033333,0.0008125
375.066667,0.0008125
375.1,0.0008125
375.133333,0.0008125
375.166667,0.0008125
375.2,0.0008125
375.233333,0.0008125
375.266667,0.0008125
375.3,0.0008125
375.333333,0.0008125
375.366667,0.0008125
375.4,0.0008125
375.433333,0.0008125
375.466667,0.0008125
375.5,0.0008125
375.533333,0.0008125
375.566667,0.0008125
375.6,0.0008125
375.633333,0.0008125
375.666667,0.0008125
375.7,0.0008125
375.733333,0.0008125
375.766667,0.0008125
375.8,0.0008125
375.833333,0.0008125
375.866667,0.0008125
375.9,0.0008125
375.933333,0.0008125
375.966667,24.0389
376,0
376.033333,0
376.066667,0
376.1,0
376.133333,0
376.166667,0
376.2,0
376.233333,0
376.266667,0
376.3,0
376.333333,0
376.366667,0
376.4,0
376.433333,0
376.466667,0
376.5,0
376.533333,0
376.566667,0
376.6,0
376.633333,0
376.666667,0
376.7,0
376.733333,0
376.766667,0
376.8,0
376.833333,0
376.866667,0
376.9,0
376.933333,0
376.966667,0
377,0
377.033333,0
377.066667,0
377.1,0
377.133333,0
377.166667,0
377.2,0
377.233333,0
377.266667,0
377.3,0
377.333333,0
377.366667,0
377.4,0
377.433333,0
377.466667,0
377.5,0
377.533333,0
377.566667,0
377.6,0
377.633333,0
377.666667,0
377.7,0
377.733333,0
377.766667,0
377.8,0
377.833333,0
377.866667,0
377.9,0
377.933333,0
377.966667,0
378,0
378.033333,0
378.066667,0
378.1,0
378.133333,0
378.166667,0
378.2,0
378.233333,0
378.266667,0
378.3,0
378.333333,0
378.366667,0
378.4,0
378.433333,0
378.466667,0
378.5,0
378.533333,0
378.566667,0
378.6,0
378.633333,0
378.666667,0
378.7,0
378.733333,0
378.766667,0
378.8,0
378.833333,0
378.866667,0
378.9,0
378.933333,0
378.966667,0
379,0
379.033333,0
379.066667,0
379.1,0
379.133333,0
379.166667,0
379.2,0
379.233333,0
379.266667,0
379.3,0
379.333333,0
379.366667,0
379.4,0
379.433333,0
379.466667,0
379.5,0
379.533333,0
379.566667,0
379.6,0
379.633333,0
379.666667,0
379.7,0
379.733333,0
379.766667,0
379.8,0
379.833333,0
379.866667,0
379.9,0
379.933333,0
379.966667,0
380,0
380.033333,0
380.066667,0
380.1,0
380.133333,0
380.166667,0
380.2,0
380.233333,0
380.266667,0
380.3,0
380.333333,0
380.366667,0
380.4,0
380.433333,0
380.466667,0
380.5,0
380.533333,0
380.566667,0
380.6,0
380.633333,0
380.666667,0
380.7,0
380.733333,0
380.766667,0
380.8,0
380.833333,0
380.866667,0
380.9,0
380.933333,0
380.966667,0
381,0
381.033333,0
381.066667,0
381.1,0
381.133333,0
381.166667,0
381.2,0
381.233333,0
381.266667,0
381.3,0
381.333333,0
381.366667,0
381.4,0
381.433333,0
381.466667,0
381.5,0
381.533333,0
381.566667,0
381.6,0
381.633333,0
381.666667,0
381.7,0
381.733333,0
381.766667,0
381.8,0
381.833333,0
381.866667,0
381.9,0
381.933333,0
381.966667,0
382,0
382.033333,0
382.066667,0
382.1,0
382.133333,0
382.166667,0
382.2,0
382.233333,0
382.266667,0
382.3,0
382.333333,0
382.366667,0
382.4,0
382.433333,0
382.466667,0
382.5,0
382.533333,0
382.566667,0
382.6,0
382.633333,0
382.666667,0
382.7,0.00163393
382.733333,0.000171875
382.766667,0.00190179
382.8,0.00177455
382.833333,0.000209821
382.866667,0.00189286
382.9,0.00181473
382.933333,0.00181027
382.966667,0.000323661
383,0.00179018
383.033333,0.00188616
383.066667,0.00181473
383.1,0.00185937
383.133333,0.00186384
383.166667,0.000513393
383.2,0.00179911
383.233333,0.00187277
383.266667,0.0018192
383.3,0.00189062
383.333333,0.00186384
383.366667,0.00203125
383.4,0.00322098
383.433333,0.00194643
383.466667,0.00193973
383.5,0.00200446
383.533333,0.00337054
383.566667,0.00207813
383.6,0.00210491
383.633333,0.00348661
383.666667,0.00352009
383.7,6.91964
383.733333,2.23214
383.766667,1.78571
383.8,1.78571
383.833333,1.78571
383.866667,1.78571
383.9,1.78571
383.933333,1.78571
383.966667,1.78571
384,0.000375
384.033333,1.78571
384.066667,0
384.1,0
384.133333,0
384.166667,0
384.2,0
384.233333,0
384.266667,0
384.3,0
384.333333,0
384.366667,0
384.4,0
384.433333,0
384.466667,0.00341964
384.5,0.00337277
384.533333,0.00203348
384.566667,0.00201339
384.6,0.00340179
384.633333,0.00200446
384.666667,0.00197545
384.7,0.00191071
384.733333,0.00320759
384.766667,0.0020067
384.8,0.00189732
384.833333,0.00190625
384.866667,0.00188616
384.9,0.00190848
384.933333,0.00176786
384.966667,0.000582589
385,0.00184598
385.033333,0.00190848
385.066667,0.00187277
385.1,0.0018683
385.133333,0.00179911
385.166667,0.000296875
385.2,0.00195759
385.233333,0.00183259
385.266667,0.00179464
385.3,0.000200893
385.333333,0.00192187
385.366667,0.00185045
385.4,0.000229911
385.433333,0.00168527
385.466667,0
385.5,0
385.533333,0
385.566667,0
385.6,0
385.633333,0
385.666667,0
385.7,0
385.733333,0
385.766667,0
385.8,0
385.833333,0
385.866667,0
385.9,0
385.933333,0
385.966667,0
386,0
386.033333,0
386.066667,0
386.1,0
386.133333,0
386.166667,0
386.2,0
386.233333,0
386.266667,0
386.3,0
386.333333,0
386.366667,0
386.4,0
386.433333,0
386.466667,0
386.5,0
386.533333,0
386.566667,0
386.6,0
386.633333,0
386.666667,0
386.7,0
386.733333,0
386.766667,0
386.8,0
386.833333,0
386.866667,0
386.9,0
386.933333,0
386.966667,0
387,0
387.033333,0
387.066667,0
387.1,0
387.133333,0
387.166667,0
387.2,0
387.233333,0
387.266667,0
387.3,0
387.333333,0
387.366667,0
387.4,0
387.433333,0
387.466667,0
387.5,0
387.533333,0
387.566667,0
387.6,0
387.633333,0
387.666667,0
387.7,0
387.733333,0
387.766667,0
387.8,0
387.833333,0
387.866667,0
387.9,0
387.933333,0
387.966667,0
388,0
388.033333,0
388.066667,0
388.1,0
388.133333,0
388.166667,0
388.2,0
388.233333,0
388.266667,0
388.3,0
388.333333,0
388.366667,0
388.4,0
388.433333,0
388.466667,0
388.5,0
388.533333,0
388.566667,0
388.6,0
388.633333,0
388.666667,0
388.7,0
388.733333,0
388.766667,0
388.8,0
388.833333,0
388.866667,0
388.9,0
388.933333,0
388.966667,0
389,0
389.033333,0
389.066667,0
389.1,0
389.133333,0
389.166667,0
389.2,0
389.233333,0
389.266667,0
389.3,0
389.333333,0
389.366667,0
389.4,0
389.433333,0
389.466667,0
389.5,0
389.533333,0
389.566667,0
389.6,0
389.633333,0
389.666667,0
389.7,0
389.733333,0
389.766667,0
389.8,0
389.833333,0
389.866667,0
389.9,0
389.933333,0
389.966667,0
390,0
390.033333,0
390.066667,0
390.1,0
390.133333,0
390.166667,0
390.2,0
390.233333,0
390.266667,0
390.3,0
390.333333,0
390.366667,0
390.4,0
390.433333,0
390.466667,0
390.5,0
390.533333,0
390.566667,0
390.6,0
390.633333,0
390.666667,0
390.7,0
390.733333,0
390.766667,0
390.8,0
390.833333,0
390.866667,0
390.9,0
390.933333,0
390.966667,0
391,0
391.033333,0
391.066667,0
391.1,0
391.133333,0
391.166667,0
391.2,0
391.233333,0
391.266667,0
391.3,0
391.333333,0
391.366667,0
391.4,0
391.433333,0
391.466667,0
391.5,0
391.533333,0
391.566667,0
391.6,0
391.633333,0
391.666667,0.0975625
391.7,7.58929
391.733333,3.34821
391.766667,2.67857
391.8,2.67857
391.833333,2.67857
391.866667,2.67857
391.9,2.67857
391.933333,2.67857
391.966667,2.67857
392,0.000287946
392.033333,2.45536
392.066667,1.78571
392.1,1.78571
392.133333,1.78571
392.166667,1.78571
392.2,1.78571
392.233333,1.78571
392.266667,1.78571
392.3,1.78571
392.333333,1.78571
392.366667,1.78571
392.4,1.78571
392.433333,1.78571
392.466667,1.78571
392.5,1.78571
392.533333,5.13393
392.566667,0.000305804
392.6,0.0205223
392.633333,0.0280045
392.666667,0.0206629
392.7,0.0207589
392.733333,0.000140625
392.766667,5.35714
392.8,4.46429
392.833333,4.46429
392.866667,4.46429
392.9,4.46429
392.933333,4.46429
392.966667,4.46429
393,4.46429
393.033333,4.46429
393.066667,4.46429
393.1,4.46429
393.133333,4.46429
393.166667,4.46429
393.2,4.46429
393.233333,4.46429
393.266667,4.46429
393.3,4.46429
393.333333,4.46429
393.366667,4.46429
393.4,4.46429
393.433333,4.46429
393.466667,4.46429
393.5,4.46429
393.533333,4.46429
393.566667,4.46429
393.6,4.46429
393.633333,4.46429
393.666667,4.46429
393.7,4.46429
393.733333,4.46429
393.766667,4.46429
393.8,4.46429
393.833333,4.46429
393.866667,4.46429
393.9,4.46429
393.933333,4.46429
393.966667,4.46429
394,4.46429
394.033333,4.46429
394.066667,4.46429
394.1,4.46429
394.133333,4.46429
394.166667,4.46429
394.2,4.46429
394.233333,4.46429
394.266667,4.46429
394.3,4.46429
394.333333,4.46429
394.366667,4.46429
394.4,4.46429
394.433333,4.46429
394.466667,4.46429
394.5,4.46429
394.533333,4.46429
394.566667,4.46429
394.6,4.46429
394.633333,4.46429
394.666667,4.46429
394.7,4.46429
394.733333,4.46429
394.766667,4.46429
394.8,4.46429
394.833333,4.46429
394.866667,4.46429
394.9,4.46429
394.933333,4.46429
394.966667,4.46429
395,4.46429
395.033333,4.46429
395.066667,4.46429
395.1,4.46429
395.133333,4.46429
395.166667,4.46429
395.2,4.46429
395.233333,4.46429
395.266667,4.46429
395.3,4.46429
395.333333,4.46429
395.366667,4.46429
395.4,4.46429
395.433333,4.46429
395.466667,4.46429
395.5,4.46429
395.533333,4.46429
395.566667,4.46429
395.6,4.46429
395.633333,4.46429
395.666667,4.46429
395.7,4.46429
395.733333,4.46429
395.766667,4.46429
395.8,4.46429
395.833333,4.46429
395.866667,4.46429
395.9,4.46429
395.933333,4.46429
395.966667,4.46429
396,4.46429
396.033333,4.46429
396.066667,4.46429
396.1,4.46429
396.133333,4.46429
396.166667,4.46429
396.2,4.46429
396.233333,4.46429
396.266667,4.46429
396.3,4.46429
396.333333,4.46429
396.366667,4.46429
396.4,4.46429
396.433333,4.46429
396.466667,4.46429
396.5,4.46429
396.533333,4.46429
396.566667,4.46429
396.6,4.46429
396.633333,4.46429
396.666667,4.46429
396.7,4.46429
396.733333,4.46429
396.766667,4.46429
396.8,4.46429
396.833333,4.46429
396.866667,4.46429
396.9,4.46429
396.933333,121.171
396.966667,0.00377009
397,0.00100893
397.033333,0.000560268
397.066667,0.000486607
397.1,0.000486607
397.133333,0.000473214
397.166667,0.000473214
397.2,0.000473214
397.233333,0.000473214
397.266667,0.000473214
397.3,0.000473214
397.333333,0.000473214
397.366667,0.000473214
397.4,0.000473214
397.433333,0.000473214
397.466667,0.000473214
397.5,0.000473214
397.533333,0.000473214
397.566667,0.000473214
397.6,0.000473214
397.633333,0.000473214
397.666667,0.000473214
397.7,0.000473214
397.733333,0.000473214
397.766667,0.000473214
397.8,0.000473214
397.833333,0.000473214
397.866667,0.000473214
397.9,0.000473214
397.933333,0.000473214
397.966667,0.000473214
398,0.000473214
398.033333,0.000473214
398.066667,0.000473214
398.1,0.000473214
398.133333,0.000473214
398.166667,0.000473214
398.2,0.000473214
398.233333,0.000473214
398.266667,0.000473214
398.3,0.000473214
398.333333,0.000473214
398.366667,0.000473214
398.4,0.000473214
398.433333,0.000473214
398.466667,0.000473214
398.5,0.000473214
398.533333,0.000473214
398.566667,0.000473214
398.6,0.000473214
398.633333,0.000473214
398.666667,0.000473214
398.7,0.000473214
398.733333,0.000473214
398.766667,0.000473214
398.8,0.000473214
398.833333,0.000473214
398.866667,0.000473214
398.9,0.000473214
398.933333,0.000473214
398.966667,0.000473214
399,0.000473214
399.033333,0.000473214
399.066667,0.000473214
399.1,0.000473214
399.133333,0.000473214
399.166667,0.000473214
399.2,0.000473214
399.233333,0.000473214
399.266667,0.000473214
399.3,0.000473214
399.333333,0.000473214
399.366667,0.000473214
399.4,0.000473214
399.433333,0.000473214
399.466667,0.000473214
399.5,0.000473214
399.533333,0.000473214
399.566667,0.000473214
399.6,0.000473214
399.633333,0.000473214
399.666667,0.000473214
399.7,0.000473214
399.733333,0.000473214
399.766667,0.000473214
399.8,0.000473214
399.833333,0.000473214
399.866667,0.000473214
399.9,0.000473214
399.933333,0.000473214
399.966667,0.000473214
400,0.0182232
400.033333,121.256
400.066667,0.161536
400.1,0.1941
400.133333,0.194886
400.166667,0.248768
400.2,0.278958
400.233333,0.313502
400.266667,0.351299
400.3,0.387699
400.333333,0.35902
400.366667,0.464174
400.4,0.510158
400.433333,0.5611
400.466667,0.615002
400.5,0.631991
400.533333,0.6944
400.566667,0.834464
400.6,0.890511
400.633333,0.944779
400.666667,0.927132
400.7,1.03507
400.733333,1.0117
400.766667,1.12691
400.8,1.22071
400.833333,1.31676
400.866667,1.27385
400.9,1.3501
400.933333,1.35645
400.966667,1.49409
401,1.52028
401.033333,1.429
401.066667,1.54746
401.1,0.00454687
401.133333,0.00229018
401.166667,0.00308929
401.2,0.00304911
401.233333,0.00308929
401.266667,0.00307813
401.3,0.00320089
401.333333,0.00318304
401.366667,0.00325223
401.4,0.00325
401.433333,0.00322545
401.466667,0.00440625
401.5,0.00331473
401.533333,0.00436384
401.566667,0.00444643
401.6,0.0055
401.633333,0.00458036
401.666667,0.00560714
401.7,0.00685045
401.733333,0.00791741
401.766667,0.0101763
401.8,0.0257589
401.833333,0.000350446
401.866667,0.000303571
401.9,0.000267857
401.933333,0.000267857
401.966667,0.000267857
402,0.000267857
402.033333,0.000267857
402.066667,0.000267857
402.1,0.000267857
402.133333,0.000267857
402.166667,0.000267857
402.2,0.000267857
402.233333,0.000267857
402.266667,0.000267857
402.3,0.000267857
402.333333,0.000267857
402.366667,0.000267857
402.4,0.000267857
402.433333,0.000267857
402.466667,0.000267857
402.5,0.000267857
402.533333,0.000267857
402.566667,0.000267857
402.6,0.000267857
402.633333,0.000267857
402.666667,0.000267857
402.7,0.000267857
402.733333,0.000267857
402.766667,0.000267857
402.8,0.000267857
402.833333,0.000267857
402.866667,0.000267857
402.9,0.000267857
402.933333,0.000267857
402.966667,0.000267857
403,0.000267857
403.033333,0.000267857
403.066667,0.000267857
403.1,0.000267857
403.133333,0.000267857
403.166667,0.000267857
403.2,0.000267857
403.233333,0.000267857
403.266667,0.000267857
403.3,0.000267857
403.333333,0.000267857
403.366667,0.000267857
403.4,0.000267857
403.433333,0.000267857
403.466667,0.000267857
403.5,0.000267857
403.533333,0.000267857
403.566667,0.000267857
403.6,0.000267857
403.633333,0.000267857
403.666667,0.000267857
403.7,0.000267857
403.733333,0.000267857
403.766667,0.000267857
403.8,0.000267857
403.833333,0.000267857
403.866667,0.000267857
403.9,0.000267857
403.933333,0.000267857
403.966667,0.000267857
404,0.000267857
404.033333,0.000267857
404.066667,0.000267857
404.1,0.000267857
404.133333,0.000267857
404.166667,0.000267857
404.2,0.000267857
404.233333,0.000267857
404.266667,0.000267857
404.3,0.000267857
404.333333,0.000267857
404.366667,0.000267857
404.4,0.000267857
404.433333,0.000267857
404.466667,0.000267857
404.5,0.000267857
404.533333,0.000267857
404.566667,0.000267857
404.6,0.000267857
404.633333,0.000267857
404.666667,0.000267857
404.7,0.000267857
404.733333,0.000267857
404.766667,0.000267857
404.8,0.000267857
404.833333,0.000267857
404.866667,0.000267857
404.9,0.000267857
404.933333,0.000267857
404.966667,0.000267857
405,0.000267857
405.033333,0.000267857
405.066667,0.000267857
405.1,0.000267857
405.133333,0.000267857
405.166667,0.000267857
405.2,0.000267857
405.233333,0.000267857
405.266667,0.000267857
405.3,0.000267857
405.333333,0.000267857
405.366667,0.000267857
405.4,0.000267857
405.433333,0.000267857
405.466667,0.000267857
405.5,0.000267857
405.533333,0.000267857
405.566667,0.000267857
405.6,0.000267857
405.633333,0.000267857
405.666667,0.000267857
405.7,0.000267857
405.733333,0.000267857
405.766667,0.000267857
405.8,0.000267857
405.833333,0.000267857
405.866667,0.000267857
405.9,0.000267857
405.933333,0.000267857
405.966667,0.000267857
406,0.000267857
406.033333,0.000267857
406.066667,0.000267857
406.1,0.000267857
406.133333,0.000267857
406.166667,0.000267857
406.2,0.000267857
406.233333,0.000267857
406.266667,0.000267857
406.3,0.000267857
406.333333,0.000267857
406.366667,0.000267857
406.4,0.000267857
406.433333,0.000267857
406.466667,0.000267857
406.5,0.000267857
406.533333,0.000267857
406.566667,0.000267857
406.6,0.000267857
406.633333,0.000267857
406.666667,0.000267857
406.7,0.000267857
406.733333,0.000267857
406.766667,0.000267857
406.8,0.000267857
406.833333,0.000267857
406.866667,0.000267857
406.9,0.000267857
406.933333,0.000267857
406.966667,0.000267857
407,0.000267857
407.033333,0.000267857
407.066667,0.000267857
407.1,0.000267857
407.133333,0.000267857
407.166667,0.000267857
407.2,0.000267857
407.233333,0.000267857
407.266667,0.000267857
407.3,0.000267857
407.333333,0.000267857
407.366667,0.000267857
407.4,4.35848
407.433333,0
407.466667,0
407.5,0
407.533333,0
407.566667,0
407.6,0
407.633333,0
407.666667,0
407.7,0
407.733333,0
407.766667,0
407.8,0
407.833333,0
407.866667,0
407.9,0
407.933333,0
407.966667,0
408,0
408.033333,0
408.066667,0
408.1,0
408.133333,0
408.166667,0
408.2,0
408.233333,0
408.266667,0
408.3,0
408.333333,0
408.366667,0
408.4,0
408.433333,0
408.466667,0
408.5,0
408.533333,0
408.566667,0
408.6,0
408.633333,0
408.666667,0
408.7,0
408.733333,0
408.766667,0
408.8,0
408.833333,0
408.866667,0
408.9,0
408.933333,0
408.966667,0
409,0
409.033333,0
409.066667,0
409.1,0
409.133333,0
409.166667,0
409.2,0
409.233333,0
409.266667,0
409.3,0
409.333333,0
409.366667,0
409.4,0
409.433333,0
409.466667,0
409.5,0
409.533333,0
409.566667,0
409.6,0
409.633333,0
409.666667,0
409.7,0
409.733333,0
409.766667,0
409.8,0
409.833333,0
409.866667,0
409.9,0
409.933333,0
409.966667,0
410,0
410.033333,0
410.066667,0
410.1,0
410.133333,0
410.166667,0
410.2,0
410.233333,0
410.266667,0
410.3,0
410.333333,0
410.366667,0
410.4,0
410.433333,0
410.466667,0
410.5,0
410.533333,0
410.566667,0
410.6,0
410.633333,0
410.666667,0
410.7,0
410.733333,0
410.766667,0
410.8,0
410.833333,0
410.866667,0
410.9,0
410.933333,0
410.966667,0
411,0
411.033333,0
411.066667,0
411.1,0
411.133333,0
411.166667,0
411.2,0
411.233333,0
411.266667,0
411.3,0
411.333333,0
411.366667,0
411.4,0
411.433333,0
411.466667,0
411.5,0
411.533333,0
411.566667,0
411.6,0
411.633333,0
411.666667,0
411.7,0
411.733333,0
411.766667,0
411.8,0
411.833333,0
411.866667,0
411.9,0
411.933333,0
411.966667,0
412,0
412.033333,0
412.066667,0
412.1,0
412.133333,0
412.166667,0
412.2,0
412.233333,0
412.266667,0
412.3,0
412.333333,0
412.366667,0
412.4,0
412.433333,0
412.466667,0
412.5,0
412.533333,0
412.566667,0
412.6,0
412.633333,0
412.666667,0
412.7,0
412.733333,0
412.766667,0
412.8,0
412.833333,0
412.866667,0
412.9,0
412.933333,0
412.966667,0
413,0
413.033333,0
413.066667,0
413.1,0
413.133333,0
413.166667,0
413.2,0
413.233333,0
413.266667,0
413.3,0
413.333333,0
413.366667,0
413.4,0
413.433333,0
413.466667,0
413.5,0
413.533333,0
413.566667,0
413.6,0
413.633333,0
413.666667,0
413.7,0
413.733333,0
413.766667,0
413.8,0
413.833333,0
413.866667,0
413.9,0
413.933333,0
413.966667,0
414,0
414.033333,0
414.066667,0
414.1,0
414.133333,0
414.166667,0
414.2,0
414.233333,0
414.266667,0
414.3,0
414.333333,0
414.366667,0
414.4,0
414.433333,0
414.466667,0
414.5,0
414.533333,0
414.566667,0
414.6,0
414.633333,0
414.666667,0
414.7,0
414.733333,0
414.766667,0
414.8,0
414.833333,0
414.866667,0
414.9,0
414.933333,0
414.966667,0
415,0
415.033333,0
415.066667,0
415.1,0
415.133333,0
415.166667,0
415.2,0
415.233333,0
415.266667,0
415.3,0
415.333333,0
415.366667,0
415.4,0
415.433333,0
415.466667,0
415.5,0
415.533333,0
415.566667,0
415.6,0
415.633333,0
415.666667,0
415.7,0
415.733333,0
415.766667,0
415.8,0
415.833333,0
415.866667,0
415.9,0
415.933333,0
415.966667,0
416,0
416.033333,0
416.066667,0
416.1,0
416.133333,0
416.166667,0
416.2,0
416.233333,0
416.266667,0
416.3,0
416.333333,0
416.366667,0
416.4,0
416.433333,0
416.466667,0
416.5,0
416.533333,0
416.566667,0
416.6,0
416.633333,0
416.666667,0
416.7,0
416.733333,0
416.766667,0
416.8,0
416.833333,0
416.866667,0
416.9,0
416.933333,0
416.966667,0
417,0
417.033333,0
417.066667,0
417.1,0
417.133333,0
417.166667,0
417.2,0
417.233333,0
417.266667,0
417.3,0
417.333333,0
417.366667,0
417.4,0
417.433333,0
417.466667,0
417.5,0
417.533333,0
417.566667,0
417.6,0
417.633333,0
417.666667,0
417.7,0
417.733333,0
417.766667,0
417.8,0
417.833333,0
417.866667,0
417.9,0
417.933333,0
417.966667,0
418,0
418.033333,0
418.066667,0
418.1,0
418.133333,0
418.166667,0
418.2,0
418.233333,0
418.266667,0
418.3,0
418.333333,1
418.366667,0
418.4,0
418.433333,0
418.466667,0
418.5,0
418.533333,0
418.566667,0
418.6,8.92857
418.633333,0.000169643
418.666667,0.0045692
418.7,0.00670982
418.733333,0.00649107
418.766667,0.00686161
418.8,0.0069442
418.833333,0.00716071
418.866667,0.00641518
418.9,0.00683259
418.933333,0.00673884
418.966667,4.91071
419,1.78571
419.033333,1.33929
419.066667,1.33929
419.1,1.33929
419.133333,1.33929
419.166667,1.33929
419.2,1.33929
419.233333,1.33929
419.266667,1.33929
419.3,1.33929
419.333333,1.33929
419.366667,1.33929
419.4,1.33929
419.433333,1.33929
419.466667,1.33929
419.5,1.33929
419.533333,1.33929
419.566667,1.33929
419.6,1.33929
419.633333,1.33929
419.666667,1.33929
419.7,1.33929
419.733333,1.33929
419.766667,1.33929
419.8,1.33929
419.833333,1.33929
419.866667,1.33929
419.9,1.33929
419.933333,1.33929
419.966667,1.33929
420,1.33929
420.033333,1.33929
420.066667,1.33929
420.1,1.33929
420.133333,1.33929
420.166667,1.33929
420.2,1.33929
420.233333,1.33929
420.266667,1.33929
420.3,14.0626
420.333333,0.0415179
420.366667,0.096
420.4,0.0822567
420.433333,0.103469
420.466667,0.16598
420.5,0.133681
420.533333,0.237594
420.566667,0.182208
420.6,0.265217
420.633333,0.216882
420.666667,0.326984
420.7,0.288768
420.733333,0.416342
420.766667,0.293096
420.8,0.434493
420.833333,0.388163
420.866667,0.491123
420.9,0.544444
420.933333,0.471484
420.966667,0.554989
421,0.699025
421.033333,0.713795
421.066667,0.70756
421.1,0.601484
421.133333,0.889815
421.166667,0.851783
421.2,0.925225
421.233333,1.02345
421.266667,1.10573
421.3,1.56761
421.333333,0.0454063
421.366667,0.0316496
421.4,0.0217768
421.433333,0.033692
421.466667,0.0226295
421.5,0.0337768
421.533333,0.000370536
421.566667,0.000370536
421.6,0.000370536
421.633333,0.000370536
421.666667,0.000370536
421.7,0.000370536
421.733333,0.000370536
421.766667,0.000370536
421.8,0.000370536
421.833333,0.000370536
421.866667,0.000370536
421.9,0.000370536
421.933333,0.000370536
421.966667,0.000370536
422,0.000370536
422.033333,0.000370536
422.066667,0.000370536
422.1,0.000370536
422.133333,0.000370536
422.166667,0.000370536
422.2,0.000370536
422.233333,0.000370536
422.266667,0.000370536
422.3,0.000370536
422.333333,0.000370536
422.366667,0.000370536
422.4,0.000370536
422.433333,0.000370536
422.466667,0.000370536
422.5,0.000370536
422.533333,0.000370536
422.566667,0.000370536
422.6,0.000370536
422.633333,0.000370536
422.666667,0.000370536
422.7,0.000370536
422.733333,0.000370536
422.766667,0.000370536
422.8,0.000370536
422.833333,0.000370536
422.866667,0.000370536
422.9,0.000370536
422.933333,0.000370536
422.966667,0.000370536
423,0.000370536
423.033333,0.000370536
423.066667,0.000370536
423.1,0.000370536
423.133333,0.000370536
423.166667,0.000370536
423.2,0.000370536
423.233333,0.000370536
423.266667,0.000370536
423.3,0.000370536
423.333333,0.000370536
423.366667,0.000370536
423.4,0.000370536
423.433333,0.000370536
423.466667,0.000370536
423.5,0.000370536
423.533333,0.000370536
423.566667,0.000370536
423.6,0.000370536
423.633333,0.000370536
423.666667,0.000370536
423.7,0.000370536
423.733333,0.000370536
423.766667,0.000370536
423.8,0.000370536
423.833333,0.000370536
423.866667,0.000370536
423.9,0.000370536
423.933333,0.000370536
423.966667,0.000370536
424,0.0124866
424.033333,0.00065625
424.066667,0.000165179
424.1,0.000131696
424.133333,0.000107143
424.166667,0.000107143
424.2,0.000107143
424.233333,0.000107143
424.266667,0.000107143
424.3,0.000107143
424.333333,0.000107143
424.366667,0.000107143
424.4,0.000107143
424.433333,0.000107143
424.466667,0.000107143
424.5,0.000107143
424.533333,0.000107143
424.566667,0.000107143
424.6,0.000107143
424.633333,0.000107143
424.666667,0.000107143
424.7,0.000107143
424.733333,0.000107143
424.766667,0.000107143
424.8,0.000107143
424.833333,0.000107143
424.866667,0.000107143
424.9,0.000107143
424.933333,0.000107143
424.966667,0.000107143
425,0.000107143
425.033333,0.000107143
425.066667,0.000107143
425.1,0.000107143
425.133333,0.000107143
425.166667,0.000107143
425.2,0.000107143
425.233333,0.000107143
425.266667,0.000107143
425.3,0.000107143
425.333333,0.000107143
425.366667,0.000107143
425.4,0.000107143
425.433333,0.000107143
425.466667,0.000107143
425.5,0.000107143
425.533333,0.000107143
425.566667,0.000107143
425.6,0.000107143
425.633333,0.000107143
425.666667,0.000107143
425.7,0.000107143
425.733333,0.000107143
425.766667,0.000107143
425.8,0.000107143
425.833333,0.000107143
425.866667,0.000107143
425.9,0.000107143
425.933333,0.000107143
425.966667,0.000107143
426,0.000107143
426.033333,0.000107143
426.066667,0.000107143
426.1,0.000107143
426.133333,0.000107143
426.166667,0.000107143
426.2,0.000107143
426.233333,0.000107143
426.266667,0.000107143
426.3,0.000107143
426.333333,0.000107143
426.366667,0.000107143
426.4,0.000107143
426.433333,0.000107143
426.466667,0.000107143
426.5,0.000107143
426.533333,0.000107143
426.566667,0.000107143
426.6,0.000107143
426.633333,0.000107143
426.666667,0.000107143
426.7,0.000107143
426.733333,0.000107143
426.766667,0.000107143
426.8,0.000107143
426.833333,0.000107143
426.866667,0.000107143
426.9,0.000107143
426.933333,0.000107143
426.966667,0.000107143
427,0.000107143
427.033333,0.000107143
427.066667,0.000107143
427.1,0.000107143
427.133333,0.000107143
427.166667,0.000107143
427.2,0.000107143
427.233333,0.000107143
427.266667,0.000107143
427.3,0.000107143
427.333333,0.000107143
427.366667,0.000107143
427.4,0.000107143
427.433333,0.000107143
427.466667,0.000107143
427.5,0.000107143
427.533333,0.000107143
427.566667,0.000107143
427.6,0.000107143
427.633333,0.000107143
427.666667,0.000107143
427.7,0.000107143
427.733333,0.000107143
427.766667,0.000107143
427.8,0.000107143
427.833333,0.000107143
427.866667,0.000107143
427.9,0.000107143
427.933333,0.000107143
427.966667,0.000107143
428,0.000107143
428.033333,0.000107143
428.066667,0.000107143
428.1,0.000107143
428.133333,0.000107143
428.166667,0.000107143
428.2,0.000107143
428.233333,0.000107143
428.266667,0.000107143
428.3,0.000107143
428.333333,0.000107143
428.366667,0.000107143
428.4,0.000107143
428.433333,0.000107143
428.466667,0.000107143
428.5,0.000107143
428.533333,0.000107143
428.566667,0.000107143
428.6,0.000107143
428.633333,0.000107143
428.666667,0.000107143
428.7,0.000107143
428.733333,0.000107143
428.766667,0.000107143
428.8,0.000107143
428.833333,0.000107143
428.866667,0.000107143
428.9,0.000107143
428.933333,0.000107143
428.966667,0.000107143
429,0.000107143
429.033333,0.000107143
429.066667,0.000107143
429.1,0.000107143
429.133333,0.000107143
429.166667,0.000107143
429.2,0.000107143
429.233333,0.000107143
429.266667,0.000107143
429.3,0.000107143
429.333333,0.000107143
429.366667,0.000107143
429.4,0.000107143
429.433333,0.000107143
429.466667,0.000107143
429.5,0.000107143
429.533333,0.000107143
429.566667,0.000107143
429.6,0.000107143
429.633333,0.000107143
429.666667,0.000107143
429.7,0.000107143
429.733333,0.000107143
429.766667,0.000107143
429.8,0.000107143
429.833333,0.000107143
429.866667,0.000107143
429.9,0.000107143
429.933333,0.000107143
429.966667,0.000107143
430,0.000107143
430.033333,0.000107143
430.066667,0.000107143
430.1,0.000107143
430.133333,0.000107143
430.166667,0.000107143
430.2,0.000107143
430.233333,0.000107143
430.266667,0.000107143
430.3,0.000107143
430.333333,0.000107143
430.366667,0.000107143
430.4,0.000107143
430.433333,0.000107143
430.466667,0.000107143
430.5,0.000107143
430.533333,0.000107143
430.566667,0.000107143
430.6,0.000107143
430.633333,0.000107143
430.666667,0.000107143
430.7,0.000107143
430.733333,0.000107143
430.766667,0.000107143
430.8,0.000107143
430.833333,0.000107143
430.866667,0.000107143
430.9,0.000107143
430.933333,0.000107143
430.966667,0.000107143
431,0.000107143
431.033333,0.000107143
431.066667,0.000107143
431.1,0.000107143
431.133333,0.000107143
431.166667,0.000107143
431.2,0.000107143
431.233333,0.000107143
431.266667,0.000107143
431.3,0.000107143
431.333333,0.000107143
431.366667,0.000107143
431.4,0.000107143
431.433333,0.000107143
431.466667,0.000107143
431.5,0.000107143
431.533333,0.000107143
431.566667,0.000107143
431.6,0.000107143
431.633333,0.000107143
431.666667,0.000107143
431.7,0.000107143
431.733333,0.000107143
431.766667,0.000107143
431.8,0.000107143
431.833333,0.000107143
431.866667,0.000107143
431.9,0.000107143
431.933333,0.000107143
431.966667,0.000107143
432,0.000703125
432.033333,0.00065625
432.066667,0.000165179
432.1,0.000131696
432.133333,0.000107143
432.166667,0.000107143
432.2,0.000107143
432.233333,0.000107143
432.266667,0.000107143
432.3,0.000107143
432.333333,0.000107143
432.366667,0.000107143
432.4,0.000107143
432.433333,0.000107143
432.466667,0.000107143
432.5,0.000107143
432.533333,0.000107143
432.566667,0.000107143
432.6,0.000107143
432.633333,0.000107143
432.666667,0.000107143
432.7,0.000107143
432.733333,0.000107143
432.766667,0.000107143
432.8,0.000107143
432.833333,0.000107143
432.866667,0.000107143
432.9,0.000107143
432.933333,0.000107143
432.966667,0.000107143
433,0.000107143
433.033333,0.000107143
433.066667,0.000107143
433.1,0.000107143
433.133333,0.000107143
433.166667,0.000107143
433.2,0.000107143
433.233333,0.000107143
433.266667,0.000107143
433.3,0.000107143
433.333333,0.000107143
433.366667,0.000107143
433.4,0.000107143
433.433333,0.000107143
433.466667,0.000107143
433.5,0.000107143
433.533333,0.000107143
433.566667,0.000107143
433.6,0.000107143
433.633333,0.000107143
433.666667,0.000107143
433.7,0.000107143
433.733333,0.000107143
433.766667,0.000107143
433.8,0.000107143
433.833333,0.000107143
433.866667,0.000107143
433.9,0.000107143
433.933333,0.000107143
433.966667,0.000107143
434,0.000107143
434.033333,0.000107143
434.066667,0.000107143
434.1,0.000107143
434.133333,0.000107143
434.166667,0.000107143
434.2,0.000107143
434.233333,0.000107143
434.266667,0.000107143
434.3,0.000107143
434.333333,0.000107143
434.366667,0.000107143
434.4,0.000107143
434.433333,0.000107143
434.466667,0.000107143
434.5,0.000107143
434.533333,0.000107143
434.566667,0.000107143
434.6,0.000107143
434.633333,0.000107143
434.666667,0.000107143
434.7,0.000107143
434.733333,0.000107143
434.766667,0.000107143
434.8,0.000107143
434.833333,0.000107143
434.866667,0.000107143
434.9,0.000107143
434.933333,0.000107143
434.966667,0.000107143
435,0.000107143
435.033333,0.000107143
435.066667,0.000107143
435.1,0.000107143
435.133333,0.000107143
435.166667,0.000107143
435.2,0.000107143
435.233333,0.000107143
435.266667,0.000107143
435.3,0.000107143
435.333333,0.000107143
435.366667,0.000107143
435.4,0.000107143
435.433333,0.000107143
435.466667,0.000107143
435.5,0.000107143
435.533333,0.000107143
435.566667,0.000107143
435.6,0.000107143
435.633333,0.000107143
435.666667,0.000107143
435.7,0.000107143
435.733333,0.000107143
435.766667,0.000107143
435.8,0.000107143
435.833333,0.000107143
435.866667,0.000107143
435.9,0.000107143
435.933333,0.000107143
435.966667,0.000107143
436,0.000107143
436.033333,0.000107143
436.066667,0.000107143
436.1,0.000107143
436.133333,0.000107143
436.166667,0.000107143
436.2,0.000107143
436.233333,0.000107143
436.266667,0.000107143
436.3,0.000107143
436.333333,0.000107143
436.366667,0.000107143
436.4,0.000107143
436.433333,0.000107143
436.466667,0.000107143
436.5,0.000107143
436.533333,0.000107143
436.566667,0.000107143
436.6,0.000107143
436.633333,0.000107143
436.666667,0.000107143
436.7,0.000107143
436.733333,0.000107143
436.766667,0.000107143
436.8,0.000107143
436.833333,0.000107143
436.866667,0.000107143
436.9,0.000107143
436.933333,0.000107143
436.966667,0.000107143
437,0.000107143
437.033333,0.000107143
437.066667,0.000107143
437.1,0.000107143
437.133333,0.000107143
437.166667,0.000107143
437.2,0.000107143
437.233333,0.000107143
437.266667,0.000107143
437.3,0.000107143
437.333333,0.000107143
437.366667,0.000107143
437.4,0.000107143
437.433333,0.000107143
437.466667,0.000107143
437.5,0.000107143
437.533333,0.000107143
437.566667,0.000107143
437.6,0.000107143
437.633333,0.000107143
437.666667,0.000107143
437.7,0.000107143
437.733333,0.000107143
437.766667,0.000107143
437.8,0.000107143
437.833333,0.000107143
437.866667,0.000107143
437.9,0.000107143
437.933333,0.000107143
437.966667,0.000107143
438,0.000107143
438.033333,0.000107143
438.066667,0.000107143
438.1,0.000107143
438.133333,0.000107143
438.166667,0.000107143
438.2,0.000107143
438.233333,0.000107143
438.266667,0.000107143
438.3,0.000107143
438.333333,0.000107143
438.366667,0.000107143
438.4,0.000107143
438.433333,0.000107143
438.466667,0.000107143
438.5,0.000107143
438.533333,0.000107143
438.566667,0.000107143
438.6,0.000107143
438.633333,0.000107143
438.666667,0.000107143
438.7,0.000107143
438.733333,0.000107143
438.766667,0.000107143
438.8,0.000107143
438.833333,0.000107143
438.866667,0.000107143
438.9,0.000107143
438.933333,0.000107143
438.966667,0.000107143
439,0.000107143
439.033333,0.000107143
439.066667,0.000107143
439.1,0.000107143
439.133333,0.000107143
439.166667,0.000107143
439.2,0.000107143
439.233333,0.000107143
439.266667,0.000107143
439.3,0.000107143
439.333333,3.75635
439.366667,1.94256
439.4,1.5942
439.433333,1.35826
439.466667,1.22985
439.5,1.2002
439.533333,0.851799
439.566667,1.0808
439.6,1.00455
439.633333,0.926205
439.666667,0.966605
439.7,0.710917
439.733333,0.892797
439.766667,0.819815
439.8,0.686531
439.833333,0.86506
439.866667,0.604237
439.9,0.790587
439.933333,0.590094
439.966667,0.785504
440,0.588185
440.033333,0.769815
440.066667,0.574547
440.1,0.773759
440.133333,0.496569
440.166667,0.764359
440.2,0.565509
440.233333,0.48456
440.266667,0.767163
440.3,0.471192
440.333333,0.000116071
440.366667,8.92857
440.4,8.03571
440.433333,7.14286
440.466667,7.14286
440.5,7.14286
440.533333,7.14286
440.566667,7.14286
440.6,7.14286
440.633333,7.36607
440.666667,7.58929
440.7,0.00914509
440.733333,0.0839933
440.766667,0.0951451
440.8,0.100266
440.833333,0.101437
440.866667,0.096433
440.9,0.104268
440.933333,0.104616
440.966667,0.0332187
441,0.00787723
441.033333,0.00377232
441.066667,0.000160714
441.1,8.03571
441.133333,0.0186272
441.166667,0.0131094
441.2,0.00962723
441.233333,0.00988839
441.266667,0.0095067
441.3,0.0100513
441.333333,0.0091317
441.366667,0.00914955
441.4,0.00852232
441.433333,0.00525223
441.466667,0.00468304
441.5,0.258406
441.533333,0.0654621
441.566667,1.51064
441.6,1.54945
441.633333,2.73315
441.666667,0.768826
441.7,0.0225915
441.733333,0.0236786
441.766667,0.0235112
441.8,0.0220246
441.833333,0.0287277
441.866667,0.0233638
441.9,0.0220937
441.933333,0.0229129
441.966667,0.020558
442,0.0202924
442.033333,0.00883259
442.066667,0.00851339
442.1,0.00876563
442.133333,0.0144196
442.166667,0.0367567
442.2,0.0404531
442.233333,0.038096
442.266667,0.0403437
442.3,0.0484643
442.333333,0.0469397
442.366667,0.0445402
442.4,0.0404955
442.433333,0.0404777
442.466667,0.032183
442.5,0.00949777
442.533333,0.00955357
442.566667,0.00918304
442.6,0.0184397
442.633333,0.0518237
442.666667,0.0484911
442.7,0.0524598
442.733333,0.0521473
442.766667,0.0518951
442.8,0.0497277
442.833333,0.0332299
442.866667,0.0317366
442.9,0.0334397
442.933333,0.0262902
442.966667,0.00719866
443,0.00661607
443.033333,0.0066317
443.066667,0.00691518
443.1,0.00653795
443.133333,0.00717411
443.166667,0.00706696
443.2,0.00626339
443.233333,0.00673214
443.266667,0.0068817
443.3,0.00496652
443.333333,0.00571205
443.366667,0.0046942
443.4,0.00490402
443.433333,0.00502902
443.466667,0.0048817
443.5,0.00573884
443.533333,0.006375
443.566667,0.0067433
443.6,0.00553795
443.633333,0.00494196
443.666667,0.00478795
443.7,0.0049375
443.733333,0.00459821
443.766667,0.00512946
443.8,0.00473437
443.833333,0.00462946
443.866667,0.00514732
443.9,0.00513839
443.933333,0.00508036
443.966667,0.00505357
444,0.0049375
444.033333,0.00485268
444.066667,0.00470312
444.1,0.0046808
444.133333,0.00501116
444.166667,0.00458705
444.2,0.00447321
444.233333,0.00470982
444.266667,0.00432813
444.3,0.00416964
444.333333,0.00371652
444.366667,0.00358705
444.4,0.00342188
444.433333,0.00287277
444.466667,0.000517857
444.5,0.000491071
444.533333,0.000491071
444.566667,0.000491071
444.6,0.000491071
444.633333,0.000491071
444.666667,0.000491071
444.7,0.000491071
444.733333,0.000491071
444.766667,0.000491071
444.8,0.000491071
444.833333,0.000491071
444.866667,0.000491071
444.9,0.000491071
444.933333,0.000491071
444.966667,0.000491071
445,0.000491071
445.033333,0.000491071
445.066667,0.000491071
445.1,0.000491071
445.133333,0.000491071
445.166667,0.000491071
445.2,0.000491071
445.233333,0.000491071
445.266667,0.000491071
445.3,0.000491071
445.333333,0.000491071
445.366667,0.000491071
445.4,0.000491071
445.433333,0.000491071
445.466667,0.000491071
445.5,0.000491071
445.533333,0.000491071
445.566667,0.000491071
445.6,0.000491071
445.633333,0.000491071
445.666667,0.000491071
445.7,0.000491071
445.733333,0.000491071
445.766667,0.000491071
445.8,0.000491071
445.833333,0.000491071
445.866667,0.000491071
445.9,0.000491071
445.933333,0.000491071
445.966667,0.000491071
446,0.000491071
446.033333,0.000491071
446.066667,0.000491071
446.1,0.000491071
446.133333,0.000491071
446.166667,0.000491071
446.2,0.000491071
446.233333,0.000491071
446.266667,0.000491071
446.3,0.000491071
446.333333,0.000491071
446.366667,0.000491071
446.4,0.000491071
446.433333,0.000491071
446.466667,0.000491071
446.5,0.000491071
446.533333,0.000491071
446.566667,0.000491071
446.6,0.000491071
446.633333,0.000491071
446.666667,0.000491071
446.7,0.000491071
446.733333,0.000491071
446.766667,0.000491071
446.8,0.000491071
446.833333,0.000491071
446.866667,0.000491071
446.9,0.000491071
446.933333,0.000491071
446.966667,0.000491071
447,0.000491071
447.033333,0.000491071
447.066667,0.000491071
447.1,0.000491071
447.133333,0.000491071
447.166667,0.000491071
447.2,0.279089
447.233333,0.466621
447.266667,0.282045
447.3,0.285386
447.333333,0.463179
447.366667,0.28683
447.4,0.475929
447.433333,0.286167
447.466667,0.472118
447.5,0.291498
447.533333,0.48308
447.566667,0.293732
447.6,0.482261
447.633333,0.297321
447.666667,0.49229
447.7,0.309821
447.733333,0.49708
447.766667,0.498116
447.8,0.319795
447.833333,0.509484
447.866667,0.512129
447.9,0.52598
447.933333,0.528246
447.966667,0.358067
448,0.566978
448.033333,0.562116
448.066667,0.599016
448.1,0.655362
448.133333,0.693792
448.166667,0.852799
448.2,0.0013817
448.233333,0.000495536
448.266667,0.000256696
448.3,0.000245536
448.333333,0.000241071
448.366667,0.000241071
448.4,0.000241071
448.433333,0.000241071
448.466667,0.000241071
448.5,0.000241071
448.533333,0.000241071
448.566667,0.000241071
448.6,0.000241071
448.633333,0.000241071
448.666667,0.000241071
448.7,0.000241071
448.733333,0.000241071
448.766667,0.000241071
448.8,0.000241071
448.833333,0.000241071
448.866667,0.000241071
448.9,0.000241071
448.933333,0.000241071
448.966667,0.000241071
449,0.000241071
449.033333,0.000241071
449.066667,0.000241071
449.1,0.000241071
449.133333,0.000241071
449.166667,0.000241071
449.2,0.000241071
449.233333,0.000241071
449.266667,0.000241071
449.3,0.000241071
449.333333,0.000241071
449.366667,0.000241071
449.4,0.000241071
449.433333,0.000241071
449.466667,0.000241071
449.5,28.8783
449.533333,0.00496875
449.566667,0.00129688
449.6,0.000756696
449.633333,0.00065625
449.666667,0.000647321
449.7,0.000647321
449.733333,0.000647321
449.766667,0.000647321
449.8,0.000647321
449.833333,0.000647321
449.866667,0.000647321
449.9,0.000647321
449.933333,0.000647321
449.966667,0.000647321
450,0.000647321
450.033333,0.000647321
450.066667,0.000647321
450.1,0.000647321
450.133333,0.000647321
450.166667,0.000647321
450.2,0.000647321
450.233333,0.000647321
450.266667,0.000647321
450.3,0.000647321
450.333333,0.000647321
450.366667,0.000647321
450.4,0.000647321
450.433333,0.000647321
450.466667,0.000647321
450.5,0.000647321
450.533333,0.000647321
450.566667,0.000647321
450.6,0.000647321
450.633333,0.000647321
450.666667,0.000647321
450.7,0.000647321
450.733333,0.000647321
450.766667,0.000647321
450.8,0.000647321
450.833333,0.000647321
450.866667,0.000647321
450.9,0.000647321
450.933333,0.000647321
450.966667,0.000647321
451,0.000647321
451.033333,0.000647321
451.066667,0.000647321
451.1,0.000647321
451.133333,0.000647321
451.166667,0.000647321
451.2,0.000647321
451.233333,0.000647321
451.266667,0.000647321
451.3,0.000647321
451.333333,0.000647321
451.366667,0.000647321
451.4,0.000647321
451.433333,0.000647321
451.466667,0.000647321
451.5,0.000647321
451.533333,0.000647321
451.566667,0.000647321
451.6,0.000647321
451.633333,0.000647321
451.666667,0.000647321
451.7,0.000647321
451.733333,0.000647321
451.766667,0.000647321
451.8,0.000647321
451.833333,0.000647321
451.866667,0.000647321
451.9,0.000647321
451.933333,0.000647321
451.966667,0.000647321
452,0.000647321
452.033333,0.000647321
452.066667,0.000647321
452.1,0.000647321
452.133333,0.000647321
452.166667,0.000647321
452.2,0.000647321
452.233333,0.000647321
452.266667,0.000647321
452.3,0.000647321
452.333333,0.000647321
452.366667,0.000647321
452.4,0.000647321
452.433333,0.000647321
452.466667,0.000647321
452.5,0.000647321
452.533333,0.000647321
452.566667,0.000647321
452.6,0.000647321
452.633333,0.000647321
452.666667,0.000647321
452.7,0.000647321
452.733333,0.000647321
452.766667,0.000647321
452.8,0.000647321
452.833333,0.000647321
452.866667,0.000647321
452.9,0.000647321
452.933333,0.000647321
452.966667,0.000647321
453,0.000647321
453.033333,0.000647321
453.066667,0.000647321
453.1,0.000647321
453.133333,0.000647321
453.166667,0.000647321
453.2,0.000647321
453.233333,0.000647321
453.266667,0.000647321
453.3,0.000647321
453.333333,0.000647321
453.366667,0.000647321
453.4,0.000647321
453.433333,0.000647321
453.466667,0.000647321
453.5,0.000647321
453.533333,0.000647321
453.566667,0.000647321
453.6,0.000647321
453.633333,0.000647321
453.666667,0.000647321
453.7,0.000647321
453.733333,0.000647321
453.766667,0.000647321
453.8,0.000651786
453.833333,0.000703125
453.866667,0.0555558
453.9,0.0952768
453.933333,0.151824
453.966667,0.182009
454,0.136056
454.033333,0.193583
454.066667,0.114491
454.1,0.0975491
454.133333,0.186487
454.166667,0.174937
454.2,0.14869
454.233333,0.21796
454.266667,0.0588683
454.3,0.0512299
454.333333,0.0407991
454.366667,0.0712187
454.4,0.0649955
454.433333,0.0332723
454.466667,0.0147701
454.5,0.00220089
454.533333,0.00195759
454.566667,0.0194129
454.6,0.00509598
454.633333,0.000736607
454.666667,0.000723214
454.7,0.000723214
454.733333,0.000723214
454.766667,0.000723214
454.8,0.000723214
454.833333,0.000723214
454.866667,0.000723214
454.9,0.000723214
454.933333,0.000723214
454.966667,0.000723214
455,0.000723214
455.033333,0.000723214
455.066667,0.000723214
455.1,0.000723214
455.133333,0.000723214
455.166667,0.000723214
455.2,0.000723214
455.233333,0.000723214
455.266667,0.000723214
455.3,0.000723214
455.333333,0.000723214
455.366667,0.000723214
455.4,0.00145536
455.433333,0.00639732
455.466667,0.000736607
455.5,0.000723214
455.533333,0.00363393
455.566667,0.0403705
455.6,0.103317
455.633333,0.0849732
455.666667,0.0533884
455.7,0.0776473
455.733333,0.0927366
455.766667,0.104007
455.8,0.104408
455.833333,0.0792746
455.866667,0.000810268
455.9,0.000767857
455.933333,0.000767857
455.966667,0.000767857
456,0.113551
456.033333,0.0995714
456.066667,0.0417812
456.1,0.0469911
456.133333,0.0650089
456.166667,0.0968616
456.2,0.116663
456.233333,0.102243
456.266667,0.0400268
456.3,0.0647321
456.333333,0.0825446
456.366667,0.103685
456.4,0.103902
456.433333,0.103786
456.466667,0.102998
456.5,0.100554
456.533333,0.0810089
456.566667,0.0794219
456.6,0.0875491
456.633333,0.0883504
456.666667,0.0884241
456.7,0.099279
456.733333,0.0883616
456.766667,0.0883527
456.8,0.0885781
456.833333,0.0884263
456.866667,0.0885335
456.9,0.0883371
456.933333,0.0884196
456.966667,0.0883281
457,0.088558
457.033333,0.0884286
457.066667,0.0885134
457.1,0.0882165
457.133333,0.0830067
457.166667,0.0305692
457.2,0.000421875
457.233333,0.000290179
457.266667,0.000285714
457.3,0.000285714
457.333333,0.000285714
457.366667,0.000285714
457.4,0.000285714
457.433333,0.000285714
457.466667,0.000285714
457.5,0.000285714
457.533333,0.000285714
457.566667,0.000285714
457.6,0.000285714
457.633333,0.000285714
457.666667,0.000285714
457.7,0.000285714
457.733333,26.462
457.766667,0.00351563
457.8,0.000852679
457.833333,0.000540179
457.866667,0.00046875
457.9,0.000450893
457.933333,0.000450893
457.966667,0.000450893
458,0.000450893
458.033333,0.000450893
458.066667,0.000450893
458.1,0.000450893
458.133333,0.000450893
458.166667,0.000450893
458.2,0.000450893
458.233333,0.000450893
458.266667,0.000450893
458.3,0.000450893
458.333333,0.000450893
458.366667,0.000450893
458.4,0.000450893
458.433333,0.000450893
458.466667,0.000450893
458.5,0.000450893
458.533333,0.000450893
458.566667,0.000450893
458.6,0.000450893
458.633333,0.000450893
458.666667,0.000450893
458.7,0.000450893
458.733333,0.000450893
458.766667,0.000450893
458.8,0.000450893
458.833333,0.000450893
458.866667,0.000450893
458.9,0.000450893
458.933333,0.000450893
458.966667,0.000450893
459,0.000450893
459.033333,0.000450893
459.066667,0.000450893
459.1,0.000450893
459.133333,0.000450893
459.166667,0.000450893
459.2,0.000450893
459.233333,0.000450893
459.266667,0.000450893
459.3,0.000450893
459.333333,0.000450893
459.366667,0.000450893
459.4,0.000450893
459.433333,0.000450893
459.466667,0.000450893
459.5,0.000450893
459.533333,0.000450893
459.566667,0.000450893
459.6,0.000450893
459.633333,0.000450893
459.666667,0.000450893
459.7,0.000450893
459.733333,0.000450893
459.766667,0.000450893
459.8,0.000450893
459.833333,0.000450893
459.866667,0.000450893
459.9,0.000450893
459.933333,0.000450893
459.966667,0.000450893
460,0.000450893
460.033333,0.000450893
460.066667,0.000450893
460.1,0.000450893
460.133333,0.000450893
460.166667,0.000450893
460.2,0.000450893
460.233333,0.000450893
460.266667,0.000450893
460.3,0.000450893
460.333333,0.000450893
460.366667,0.000450893
460.4,0.000450893
460.433333,0.000450893
460.466667,0.000450893
460.5,0.000450893
460.533333,0.000450893
460.566667,0.000450893
460.6,0.000450893
460.633333,0.000450893
460.666667,0.000450893
460.7,0.000450893
460.733333,0.000450893
460.766667,0.000450893
460.8,0.000450893
460.833333,0.000450893
460.866667,0.000450893
460.9,0.000450893
460.933333,0.000450893
460.966667,0.000450893
461,0.000450893
461.033333,0.000450893
461.066667,0.000450893
461.1,0.000450893
461.133333,0.000450893
461.166667,0.000450893
461.2,0.000450893
461.233333,0.000450893
461.266667,0.000450893
461.3,0.000450893
461.333333,0.000450893
461.366667,0.000450893
461.4,0.000450893
461.433333,0.000450893
461.466667,0.000450893
461.5,0.000450893
461.533333,0.000450893
461.566667,0.000450893
461.6,0.000450893
461.633333,0.000450893
461.666667,0.000450893
461.7,0.000450893
461.733333,0.000450893
461.766667,0.000450893
461.8,0.000450893
461.833333,0.000450893
461.866667,0.000450893
461.9,0.000450893
461.933333,0.000450893
461.966667,0.000450893
462,0.000450893
462.033333,0.000450893
462.066667,10.2413
462.1,0.00450446
462.133333,2.38155
462.166667,0.00564732
462.2,0.00787277
462.233333,0.00267188
462.266667,0.00130804
462.3,0.00148214
462.333333,0.00136161
462.366667,0.00126563
462.4,0.0012433
462.433333,0.00118304
462.466667,0.00117411
462.5,0.00121875
462.533333,0.00122768
462.566667,1.87467
462.6,0.00620759
462.633333,0.00465179
462.666667,0.00245982
462.7,0.00132589
462.733333,0.00126339
462.766667,0.000852679
462.8,0.00105134
462.833333,0.00117857
462.866667,0.00110937
462.9,0.000924107
462.933333,0.000870536
462.966667,0.00104018
463,0.000883929
463.033333,1.68283
463.066667,0.00451116
463.1,0.000354911
463.133333,0.000816964
463.166667,0.001
463.2,0.00210938
463.233333,0.00222545
463.266667,0.000147321
463.3,0.00158259
463.333333,0.000979911
463.366667,0.000147321
463.4,0.000857143
463.433333,0.000125
463.466667,0.000125
463.5,2.01695
463.533333,0.00660937
463.566667,0.00201339
463.6,0.000904018
463.633333,0.00152679
463.666667,0.00194866
463.7,0.00253571
463.733333,0.004875
463.766667,0.00102679
463.8,0.00185045
463.833333,0.00116071
463.866667,0.00138393
463.9,2.39312
463.933333,0.0107857
463.966667,0.00433929
464,0.0361808
464.033333,0.00442634
464.066667,0.00181473
464.1,0.000834821
464.133333,0.000988839
464.166667,0.00102679
464.2,0.000872768
464.233333,0.000727679
464.266667,0.000696429
464.3,0.000845982
464.333333,0.000705357
464.366667,1.88641
464.4,0.00208705
464.433333,0.00709375
464.466667,0.002625
464.5,0.00156473
464.533333,0.00108929
464.566667,0.00117857
464.6,0.001
464.633333,0.00114286
464.666667,0.00109152
464.7,0.00096875
464.733333,0.0010625
464.766667,0.000977679
464.8,0.000973214
464.833333,1.68961
464.866667,0.00501563
464.9,0.00111161
464.933333,0.000220982
464.966667,0.00108929
465,0.000895089
465.033333,0.000263393
465.066667,0.000912946
465.1,0.000214286
465.133333,0.000837054
465.166667,0.000272321
465.2,0.000830357
465.233333,0.000214286
465.266667,0.000196429
465.3,2.02326
465.333333,0.00625446
465.366667,0.00192411
465.4,0.00151339
465.433333,0.000821429
465.466667,0.0010625
465.5,0.000973214
465.533333,0.000973214
465.566667,0.000977679
465.6,0.000825893
465.633333,0.000872768
465.666667,0.000941964
465.7,2.39541
465.733333,0.0120603
465.766667,0.00367857
465.8,0.00199554
465.833333,0.00157366
465.866667,0.00117634
465.9,0.00110045
465.933333,0.00104911
465.966667,0.00109375
466,0.00109375
466.033333,0.00105804
466.066667,0.00107589
466.1,0.00104911
466.133333,0.00104911
466.166667,1.88606
466.2,0.0122121
466.233333,0.0043125
466.266667,0.00130134
466.3,0.00165625
466.333333,0.00123438
466.366667,0.00102679
466.4,0.00110491
466.433333,0.00096875
466.466667,0.00113393
466.5,0.000977679
466.533333,0.00109375
466.566667,0.000964286
466.6,0.000964286
466.633333,1.68894
466.666667,0.00491295
466.7,0.000935268
466.733333,0.00101563
466.766667,0.000133929
466.8,0.00120982
466.833333,0.000774554
466.866667,0.000997768
466.9,0.000799107
466.933333,0.000142857
466.966667,0.000589286
467,0.000732143
467.033333,0.00015625
467.066667,2.02271
467.1,0.00627455
467.133333,0.00264063
467.166667,0.00148438
467.2,0.00149554
467.233333,0.00114286
467.266667,0.000973214
467.3,0.00107143
467.333333,0.00113393
467.366667,0.00116071
467.4,0.00104018
467.433333,0.00096875
467.466667,0.00113393
467.5,2.39569
467.533333,0.00570089
467.566667,42.3572
467.6,0.00920982
467.633333,0.00246652
467.666667,0.00134152
467.7,0.00123661
467.733333,0.00120982
467.766667,0.00120982
467.8,0.00120982
467.833333,0.00120982
467.866667,0.00120982
467.9,0.00120982
467.933333,0.00120982
467.966667,0.330962
468,0.00429688
468.033333,0.00156027
468.066667,0.00116741
468.1,0.00124107
468.133333,0.001125
468.166667,0.00116964
468.2,0.00119643
468.233333,0.001125
468.266667,0.00113393
468.3,0.001125
468.333333,0.00113393
468.366667,0.001125
468.4,0.001125
468.433333,0.289935
468.466667,0.00245982
468.5,0.00108482
468.533333,0.000901786
468.566667,0.000839286
468.6,0.000848214
468.633333,0.000839286
468.666667,0.000848214
468.7,0.000848214
468.733333,0.000839286
468.766667,0.000839286
468.8,0.000848214
468.833333,0.000839286
468.866667,0.420123
468.9,0.00376116
468.933333,0.00160491
468.966667,0.00117411
469,0.00114955
469.033333,0.00109821
469.066667,0.00108929
469.1,0.00108036
469.133333,0.00108929
469.166667,0.00108929
469.2,0.00108929
469.233333,0.00108929
469.266667,0.00108929
469.3,0.448623
469.333333,0.00397991
469.366667,0.001375
469.4,0.00105804
469.433333,0.00117187
469.466667,0.00122768
469.5,0.00115402
469.533333,0.00114732
469.566667,0.00107143
469.6,0.00111161
469.633333,0.00108036
469.666667,0.00106696
469.7,0.00106696
469.733333,0.00106696
469.766667,0.323873
469.8,0.00359152
469.833333,0.0012433
469.866667,0.001125
469.9,0.00107589
469.933333,0.00109821
469.966667,0.00105804
470,0.00108482
470.033333,0.00108482
470.066667,0.00105804
470.1,0.00105804
470.133333,0.00107589
470.166667,0.00106696
470.2,0.28579
470.233333,0.00192187
470.266667,0.000984375
470.3,0.000810268
470.333333,0.000765625
470.366667,0.000803571
470.4,0.00071875
470.433333,0.000727679
470.466667,0.000727679
470.5,0.000756696
470.533333,0.000736607
470.566667,0.000727679
470.6,0.000761161
470.633333,0.000727679
470.666667,0.417297
470.7,0.00379464
470.733333,0.00132589
470.766667,0.00122991
470.8,0.00117187
470.833333,0.00112054
470.866667,0.00110045
470.9,0.00109375
470.933333,0.00111607
470.966667,0.00111161
471,0.00109375
471.033333,0.00111161
471.066667,0.00109375
471.1,0.447252
471.133333,0.00835045
471.166667,0.00365625
471.2,0.00139509
471.233333,0.00110491
471.266667,0.00108929
471.3,0.00108482
471.333333,0.00108036
471.366667,0.0010625
471.4,0.0010625
471.433333,0.0010625
471.466667,0.0010625
471.5,0.0010625
471.533333,0.324181
471.566667,0.00828348
471.6,0.00384598
471.633333,0.00129241
471.666667,0.0011875
471.7,0.00114732
471.733333,0.00111607
471.766667,0.00112054
471.8,0.00110714
471.833333,0.00110714
471.866667,0.00110714
471.9,0.00110714
471.933333,0.00110714
471.966667,0.00114286
472,0.310661
472.033333,0.00216741
472.066667,0.0005
472.1,0.000337054
472.133333,0.000339286
472.166667,0.000330357
472.2,0.000299107
472.233333,0.000299107
472.266667,0.000308036
472.3,0.000308036
472.333333,0.000299107
472.366667,0.000308036
472.4,0.000299107
472.433333,0.000299107
472.466667,0.420652
472.5,0.00357366
472.533333,0.00111161
472.566667,0.000756696
472.6,0.000741071
472.633333,0.000707589
472.666667,0.000683036
472.7,0.000683036
472.733333,0.000674107
472.766667,0.000674107
472.8,0.000674107
472.833333,0.000674107
472.866667,0.449721
472.9,0.00407813
472.933333,0.00137054
472.966667,0.00125
473,0.00125
473.033333,0.00122768
473.066667,0.00117857
473.1,0.00116964
473.133333,0.00119643
473.166667,0.00116964
473.2,0.00119196
473.233333,0.00116071
473.266667,0.0011875
473.3,0.00116964
473.333333,0.324723
473.366667,0.0040067
473.4,0.00131473
473.433333,0.0011875
473.466667,0.00118304
473.5,45.5993
473.533333,0.00473214
473.566667,0.00738616
473.6,0.00241518
473.633333,0.000924107
473.666667,0.000433036
473.7,0.000587054
473.733333,0.000401786
473.766667,0.0005
473.8,0.000464286
473.833333,0.000401786
473.866667,0.000401786
473.9,0.000464286
473.933333,0.000401786
473.966667,0.361422
474,0.000832589
474.033333,0.00103795
474.066667,0.000508929
474.1,0.000611607
474.133333,0.000638393
474.166667,0.000450893
474.2,0.000504464
474.233333,0.000450893
474.266667,0.00046875
474.3,0.0025067
474.333333,0.000477679
474.366667,0.00166518
474.4,0.412837
474.433333,0.0036183
474.466667,0.00195982
474.5,0.000633929
474.533333,0.0016317
474.566667,0.00171205
474.6,0.0015692
474.633333,0.00138616
474.666667,0.000598214
474.7,0.00078125
474.733333,0.000700893
474.766667,0.00124107
474.8,0.000933036
474.833333,0.000589286
474.866667,0.384891
474.9,0.00402232
474.933333,0.00260714
474.966667,0.00192857
475,0.000511161
475.033333,0.00192411
475.066667,0.00161161
475.1,0.00164286
475.133333,0.00163616
475.166667,0.000495536
475.2,0.00158929
475.233333,0.00154241
475.266667,0.00160268
475.3,0.344158
475.333333,0.000720982
475.366667,0.00882143
475.4,0.00614286
475.433333,0.00114062
475.466667,0.00108705
475.5,0.000428571
475.533333,0.000792411
475.566667,0.000678571
475.6,0.000814732
475.633333,0.000553571
475.666667,0.000410714
475.7,0.000669643
475.733333,0.000410714
475.766667,0.362152
475.8,0.0205268
475.833333,2.9061
475.866667,6.92887
475.9,7.18609
475.933333,5.865
475.966667,0.618949
476,0.754938
476.033333,0.767219
476.066667,0.766879
476.1,0.771435
476.133333,0.771219
476.166667,0.786984
476.2,0.820272
476.233333,0.779272
476.266667,0.942007
476.3,0.83517
476.333333,0.95248
476.366667,0.841522
476.4,1.0103
476.433333,1.01271
476.466667,1.0218
476.5,1.03302
476.533333,1.20164
476.566667,1.08754
476.6,1.22016
476.633333,1.23703
476.666667,1.29159
476.7,1.50991
476.733333,1.37755
476.766667,1.70847
476.8,1.79405
476.833333,0.00607366
476.866667,0.00268973
476.9,0.00122768
476.933333,0.000928571
476.966667,0.000821429
477,0.000816964
477.033333,0.000816964
477.066667,0.000816964
477.1,0.0714576
477.133333,0.000993304
477.166667,0.000754464
477.2,0.000823661
477.233333,0.000799107
477.266667,0.000816964
477.3,0.000852679
477.333333,0.000763393
477.366667,0.000796875
477.4,0.000790179
477.433333,0.000763393
477.466667,0.00078125
477.5,0.000754464
477.533333,0.000754464
477.566667,0.0941719
477.6,39.2558
477.633333,0.0648237
477.666667,0.0274888
477.7,0.00675
477.733333,0.0060558
477.766667,0.00691964
477.8,0.00902232
477.833333,0.00549777
477.866667,0.00559821
477.9,0.00573884
477.933333,0.00539062
477.966667,3.27511
478,0.0404219
478.033333,0.046683
478.066667,0.00844643
478.1,0.00427455
478.133333,0.00384598
478.166667,0.00354911
478.2,0.00420313
478.233333,0.00404688
478.266667,0.00472545
478.3,0.00457143
478.333333,0.00432366
478.366667,0.00426116
478.4,0.00385491
478.433333,2.40787
478.466667,0.0324152
478.5,0.0534844
478.533333,0.0111451
478.566667,0.0067567
478.6,0.00551116
478.633333,0.00373884
478.666667,0.0712768
478.7,0.0836607
478.733333,0.0850446
478.766667,0.0844353
478.8,0.0892054
478.833333,0.0904777
478.866667,0.0932321
478.9,2.39323
478.933333,0.129815
478.966667,0.124306
479,0.0977701
479.033333,0.0987879
479.066667,0.101036
479.1,0.104313
479.133333,0.107783
479.166667,0.109116
479.2,0.112029
479.233333,0.114462
479.266667,0.116176
479.3,0.120866
479.333333,0.1234
479.366667,2.68563
479.4,0.119511
479.433333,0.199333
479.466667,0.14933
479.5,0.150373
479.533333,0.162379
479.566667,0.200355
479.6,0.228469
479.633333,0.195679
479.666667,0.0152946
479.7,0.00527679
479.733333,0.00362054
479.766667,2.88325
479.8,0.0432455
479.833333,0.056308
479.866667,0.00983482
479.9,0.101683
479.933333,0.123246
479.966667,0.129701
480,0.230996
480.033333,0.134212
480.066667,0.143406
480.1,0.153685
480.133333,0.156337
480.166667,0.161933
480.2,0.164993
480.233333,1.97215
480.266667,0.106208
480.3,0.269924
480.333333,0.190212
480.366667,0.225103
480.4,0.213158
480.433333,0.214098
480.466667,0.220973
480.5,0.229929
480.533333,0.233254
480.566667,0.244504
480.6,0.259362
480.633333,0.267732
480.666667,0.283246
480.7,1.8646
480.733333,0.179509
480.766667,0.405449
480.8,0.400123
480.833333,0.469897
480.866667,0.38725
480.9,0.0441339
480.933333,0.117491
480.966667,0.00985938
481,0.0202879
481.033333,0.0103594
481.066667,0.00826786
481.1,0.00791295
481.133333,1.83698
481.166667,0.0104978
481.2,0.126161
481.233333,0.0646362
481.266667,0.0164375
481.3,0.0100647
481.333333,0.00874554
481.366667,0.0086875
481.4,0.00877232
481.433333,0.00865625
481.466667,0.00864286
481.5,0.588924
481.533333,0.197991
481.566667,2.16856
481.6,0.0342411
481.633333,0.312937
481.666667,0.0440603
481.7,0.36044
481.733333,0.00447321
481.766667,0.131848
481.8,0.0544241
481.833333,0.334627
481.866667,0.00161607
481.9,0.0319554
481.933333,0.113038
481.966667,0.033192
482,0.0490446
482.033333,1.67046
482.066667,0.00593527
482.1,0.0470536
482.133333,0.0881272
482.166667,0.0540246
482.2,0.0291763
482.233333,0.0176875
482.266667,0.0156987
482.3,0.015567
482.333333,0.0149732
482.366667,0.015029
482.4,0.014433
482.433333,0.0145156
482.466667,0.0144375
482.5,1.627
482.533333,0.00769643
482.566667,0.0480112
482.6,0.0864554
482.633333,0.0524665
482.666667,0.0291138
482.7,0.0179085
482.733333,0.0158326
482.766667,0.0155022
482.8,0.0152857
482.833333,0.0154732
482.866667,0.0147299
482.9,0.0147433
482.933333,1.87861
482.966667,0.00725223
483,0.0539063
483.033333,0.0940379
483.066667,0.0419955
483.1,0.043558
483.133333,0.0212701
483.166667,0.0184152
483.2,0.0178058
483.233333,0.0169063
483.266667,0.0163504
483.3,0.0158192
483.333333,0.0161629
483.366667,2.16123
483.4,0.00813616
483.433333,0.0441049
483.466667,0.0853415
483.5,0.0494531
483.533333,0.0273036
483.566667,0.0169308
483.6,0.0156875
483.633333,0.0148683
483.666667,0.0149665
483.7,0.0145781
483.733333,0.0141652
483.766667,0.0140826
483.8,0.014125
483.833333,1.63305
483.866667,0.00585714
483.9,0.0453348
483.933333,0.0805513
483.966667,0.0514196
484,0.0288527
484.033333,0.0178929
484.066667,0.0163862
484.1,0.0157768
484.133333,0.0155937
484.166667,0.0149085
484.2,0.0152656
484.233333,0.014779
484.266667,1.60991
484.3,0.00761607
484.333333,0.0473571
484.366667,0.0838973
484.4,0.0321429
484.433333,0.0212344
484.466667,0.0168951
484.5,0.0164531
484.533333,0.0153482
484.566667,0.0157321
484.6,0.0150491
484.633333,0.0152455
484.666667,0.0147746
484.7,0.014971
484.733333,1.8734
484.766667,0.00758929
484.8,0.0511384
484.833333,0.0935893
484.866667,0.0330915
484.9,0.0464085
484.933333,0.0209576
484.966667,0.0176964
485,0.0174018
485.033333,0.0165357
485.066667,0.0160089
485.1,0.0159286
485.133333,0.0154129
485.166667,2.15577
485.2,0.00867188
485.233333,0.0425067
485.266667,0.0834375
485.3,0.0470848
485.333333,0.0265937
485.366667,0.0157522
485.4,0.0143438
485.433333,0.0135647
485.466667,0.0136629
485.5,0.0131786
485.533333,0.0132232
485.566667,0.0130112
485.6,1.63076
485.633333,0.00574107
485.666667,0.0433348
485.7,0.0814911
485.733333,0.0503772
485.766667,0.0284063
485.8,0.0179308
485.833333,0.0160201
485.866667,0.015596
485.9,0.0152009
485.933333,0.0152344
485.966667,0.0148437
486,0.014875
486.033333,0.0145067
486.066667,1.61074
486.1,0.00725223
486.133333,0.0470915
486.166667,0.0821451
486.2,0.0506585
486.233333,0.0275089
486.266667,0.0164821
486.3,0.0148862
486.333333,0.0146585
486.366667,0.0142031
486.4,0.0138817
486.433333,0.0137009
486.466667,0.0139442
486.5,0.0137411
486.533333,1.86845
486.566667,0.00931027
486.6,0.052529
486.633333,0.0928482
486.666667,0.0399152
486.7,0.0416496
486.733333,0.0205893
486.766667,0.0168594
486.8,0.0171384
486.833333,0.0163058
486.866667,0.0158371
486.9,0.0156875
486.933333,2.15533
486.966667,0.0076942
487,0.0435402
487.033333,0.0827277
487.066667,0.0193437
487.1,0.0274799
487.133333,0.0163036
487.166667,0.0152857
487.2,0.0152321
487.233333,0.0145737
487.266667,0.0142277
487.3,0.0141362
487.333333,0.0138214
487.366667,0.0140871
487.4,1.6316
487.433333,0.00582589
487.466667,0.0431741
487.5,0.0798549
487.533333,0.0205134
487.566667,80.7416
487.6,0.00108036
487.633333,0.0364978
487.666667,0.00025
487.7,0.00683036
487.733333,0.0916071
487.766667,0.0008125
487.8,0.00364955
487.833333,0.0360179
487.866667,0.00523884
487.9,0.0151562
487.933333,0.000665179
487.966667,0.0124308
488,0.249507
488.033333,0.010683
488.066667,0.00319196
488.1,0.00225893
488.133333,0.00211607
488.166667,0.00211161
488.2,0.00210268
488.233333,0.00211161
488.266667,0.00210268
488.3,0.00211161
488.333333,0.00210268
488.366667,0.00211161
488.4,0.00210268
488.433333,0.00211161
488.466667,0.00210268
488.5,0.00211161
488.533333,0.00210268
488.566667,0.00211161
488.6,0.00210268
488.633333,0.00211161
488.666667,0.00210268
488.7,0.00211161
488.733333,0.00210268
488.766667,0.00211161
488.8,0.00210268
488.833333,0.00211161
488.866667,0.00210268
488.9,0.00211161
488.933333,0.00210268
488.966667,0.00211161
489,0.00210268
489.033333,0.00211161
489.066667,0.00210268
489.1,0.00211161
489.133333,0.00210268
489.166667,0.00211161
489.2,0.00210268
489.233333,0.00211161
489.266667,0.00210268
489.3,0.00211161
489.333333,0.00210268
489.366667,0.00211161
489.4,0.00210268
489.433333,0.00211161
489.466667,0.201685
489.5,0.00251563
489.533333,0.00222098
489.566667,0.00218973
489.6,0.00216518
489.633333,0.00217411
489.666667,0.00216518
489.7,0.00217411
489.733333,0.00216518
489.766667,0.00217411
489.8,0.00216518
489.833333,0.00217411
489.866667,0.00216518
489.9,0.00217411
489.933333,0.00216518
489.966667,0.00217411
490,0.00216518
490.033333,0.00217411
490.066667,0.00216518
490.1,0.00217411
490.133333,0.00216518
490.166667,0.00217411
490.2,0.00216518
490.233333,0.00217411
490.266667,0.00216518
490.3,0.00217411
490.333333,0.00216518
490.366667,0.00217411
490.4,0.00216518
490.433333,0.00217411
490.466667,0.00216518
490.5,0.00217411
490.533333,0.00216518
490.566667,0.00217411
490.6,0.00216518
490.633333,0.00217411
490.666667,0.00216518
490.7,0.00217411
490.733333,0.00216518
490.766667,0.00217411
490.8,0.00216518
490.833333,0.00217411
490.866667,0.00216518
490.9,0.00217411
490.933333,0.00216518
490.966667,0.00217411
491,0.00216518
491.033333,0.00217411
491.066667,0.00216518
491.1,0.00217411
491.133333,0.00216518
491.166667,0.00217411
491.2,0.00216518
491.233333,0.00217411
491.266667,0.00216518
491.3,0.00217411
491.333333,0.00216518
491.366667,0.00217411
491.4,0.00216518
491.433333,0.00217411
491.466667,0.00216518
491.5,0.00217411
491.533333,0.00216518
491.566667,0.00217411
491.6,0.00216518
491.633333,0.00217411
491.666667,0.00216518
491.7,0.00217411
491.733333,0.00216518
491.766667,0.00217411
491.8,0.00216518
491.833333,0.00217411
491.866667,0.00216518
491.9,0.00217411
491.933333,0.00216518
491.966667,0.00217411
492,0.00216518
492.033333,0.00217411
492.066667,0.00216518
492.1,0.00217411
492.133333,0.00216518
492.166667,0.00217411
492.2,0.00216518
492.233333,0.00217411
492.266667,0.00216518
492.3,0.00217411
492.333333,0.00216518
492.366667,0.00217411
492.4,0.00216518
492.433333,0.00217411
492.466667,0.00216518
492.5,0.00217411
492.533333,0.00216518
492.566667,0.00217411
492.6,0.00216518
492.633333,0.00217411
492.666667,0.00216518
492.7,0.00217411
492.733333,0.00216518
492.766667,0.00217411
492.8,0.00216518
492.833333,0.00217411
492.866667,0.00216518
492.9,0.00217411
492.933333,0.00216518
492.966667,0.00217411
493,0.00216518
493.033333,0.00217411
493.066667,0.00216518
493.1,0.00217411
493.133333,0.00216518
493.166667,0.00217411
493.2,0.00216518
493.233333,0.00217411
493.266667,0.00216518
493.3,0.00217411
493.333333,0.00216518
493.366667,0.00217411
493.4,0.00216518
493.433333,0.00217411
493.466667,0.00216518
493.5,0.00217411
493.533333,0.00216518
493.566667,0.00217411
493.6,0.00216518
493.633333,0.00217411
493.666667,0.00216518
493.7,0.00217411
493.733333,0.00216518
493.766667,0.00217411
493.8,0.00216518
493.833333,0.00217411
493.866667,0.00216518
493.9,0.00217411
493.933333,0.00216518
493.966667,0.00217411
494,0.00216518
494.033333,0.00217411
494.066667,0.00216518
494.1,0.00217411
494.133333,0.00216518
494.166667,0.00217411
494.2,0.00216518
494.233333,0.00217411
494.266667,0.00216518
494.3,0.00217411
494.333333,0.00216518
494.366667,0.00217411
494.4,0.00216518
494.433333,0.00217411
494.466667,0.00216518
494.5,0.00217411
494.533333,0.00216518
494.566667,0.00217411
494.6,0.00216518
494.633333,0.00217411
494.666667,0.00216518
494.7,0.00217411
494.733333,0.00216518
494.766667,0.00217411
494.8,0.00216518
494.833333,0.00217411
494.866667,0.00216518
494.9,0.00217411
494.933333,0.00216518
494.966667,0.00217411
495,0.00216518
495.033333,0.00217411
495.066667,0.00216518
495.1,0.00217411
495.133333,83.5356
495.166667,0.00216964
495.2,12.7961
495.233333,0.0155223
495.266667,8.70271
495.3,9.06784
495.333333,0.0260112
495.366667,9.22033
495.4,9.07208
495.433333,8.86715
495.466667,8.64825
495.5,0.0490223
495.533333,9.08508
495.566667,9.46374
495.6,9.54248
495.633333,10.0494
495.666667,0.0500826
495.7,10.4931
495.733333,11.2584
495.766667,10.9523
495.8,11.0493
495.833333,0.046779
495.866667,11.3653
495.9,11.6704
495.933333,12.313
495.966667,12.4813
496,0.580071
496.033333,13.4265
496.066667,14.2182
496.1,13.4697
496.133333,13.1968
496.166667,0.0570402
496.2,15.5414
496.233333,17.518
496.266667,19.7965
496.3,23.0481
496.333333,0.0512232
496.366667,25.9197
496.4,30.6268
496.433333,30.7666
496.466667,32.4455
496.5,0.0464777
496.533333,32.7599
496.566667,29.7348
496.6,33.544
496.633333,33.2987
496.666667,0.062683
496.7,32.4908
496.733333,24.9617
496.766667,22.142
496.8,18.1217
496.833333,0.0641763
496.866667,15.8342
496.9,14.5864
496.933333,13.4713
496.966667,13.6248
497,0.0604174
497.033333,12.8902
497.066667,11.7924
497.1,10.7082
497.133333,10.0941
497.166667,0.0230201
497.2,10.2949
497.233333,10.2394
497.266667,10.1789
497.3,9.96705
497.333333,0.0461652
497.366667,9.82775
497.4,9.52153
497.433333,9.05148
497.466667,8.71515
497.5,0.0270335
497.533333,8.76506
497.566667,9.06497
497.6,9.24171
497.633333,9.15
497.666667,0.0432478
497.7,9.22706
497.733333,9.62739
497.766667,9.75887
497.8,9.21896
497.833333,0.0497455
497.866667,9.70383
497.9,9.62137
497.933333,9.14896
497.966667,9.27083
498,0.0440379
498.033333,9.62481
498.066667,10.0552
498.1,10.0344
498.133333,9.59195
498.166667,0.0491942
498.2,9.96388
498.233333,10.3084
498.266667,10.5325
498.3,10.7503
498.333333,0.0481161
498.366667,10.8167
498.4,10.804
498.433333,10.6717
498.466667,10.3891
498.5,0.0541406
498.533333,10.5145
498.566667,10.8635
498.6,10.6801
498.633333,10.8562
498.666667,0.0510424
498.7,11.1503
498.733333,11.0571
498.766667,10.6279
498.8,10.0731
498.833333,0.0470446
498.866667,10.417
498.9,10.424
498.933333,10.2324
498.966667,10.1811
499,0.0481317
499.033333,10.3323
499.066667,10.3578
499.1,10.2871
499.133333,9.7669
499.166667,0.0491205
499.2,9.93729
499.233333,10.3048
499.266667,10.2245
499.3,10.1492
499.333333,0.0480156
499.366667,10.0021
499.4,10.1213
499.433333,9.93966
499.466667,9.0368
499.5,0.0433839
499.533333,9.11496
499.566667,9.5085
499.6,9.89867
499.633333,10.6745
499.666667,0.0492567
499.7,11.2496
499.733333,12.0267
499.766667,12.3208
499.8,12.4021
499.833333,0.0250625
499.866667,12.2456
499.9,11.998
499.933333,11.7559
499.966667,11.7069
500,0.0511875
500.033333,11.861
500.066667,11.9704
500.1,11.7004
500.133333,11.414
500.166667,0.0548683
500.2,11.9097
500.233333,11.8154
500.266667,11.0432
500.3,10.887
500.333333,0.0536607
500.366667,10.6584
500.4,10.7273
500.433333,10.4724
500.466667,9.62853
500.5,0.0175446
500.533333,9.17916
500.566667,9.02413
500.6,8.46759
500.633333,8.08877
500.666667,0.0455335
500.7,8.03168
500.733333,8.30008
500.766667,8.39258
500.8,8.20405
500.833333,0.015221
500.866667,8.1411
500.9,8.06318
500.933333,8.01471
500.966667,7.85504
501,0.0463281
501.033333,7.91716
501.066667,8.38873
501.1,8.33665
501.133333,7.96304
501.166667,0.0167835
501.2,8.07657
501.233333,8.24472
501.266667,8.16559
501.3,8.54392
501.333333,0.0503147
501.366667,8.70461
501.4,8.96269
501.433333,9.0991
501.466667,9.15308
501.5,0.0248839
501.533333,9.13785
501.566667,9.45031
501.6,9.8089
501.633333,10.23
501.666667,0.0485067
501.7,10.6871
501.733333,11.385
501.766667,12.0843
501.8,13.0447
501.833333,0.0510089
501.866667,14.1757
501.9,14.9552
501.933333,15.8905
501.966667,16.5815
502,0.0494375
502.033333,17.4311
502.066667,18.0113
502.1,18.6405
502.133333,19.2403
502.166667,0.0522344
502.2,20.0748
502.233333,20.8873
502.266667,21.6698
502.3,21.3993
502.333333,0.0503549
502.366667,22.154
502.4,22.9104
502.433333,23.5698
502.466667,22.7176
502.5,0.0124688
502.533333,21.5622
502.566667,21.3653
502.6,20.4701
502.633333,18.9939
502.666667,0.0483013
502.7,18.0356
502.733333,16.6129
502.766667,15.6061
502.8,14.4004
502.833333,0.0509911
502.866667,14.2132
502.9,14.3994
502.933333,13.3835
502.966667,12.5893
503,0.0461674
503.033333,12.829
503.066667,12.6072
503.1,11.9835
503.133333,146.872
503.166667,4.77908
503.2,10.9486
503.233333,12.8835
503.266667,14.5737
503.3,11.4508
503.333333,9.26762
503.366667,4.51616
503.4,0.113732
503.433333,0.117033
503.466667,0.0418929
503.5,0.140614
503.533333,0.000194196
503.566667,0.0130536
503.6,0.0807031
503.633333,0.00120536
503.666667,0.00729018
503.7,0.185183
503.733333,0.181402
503.766667,0.186083
503.8,0.187435
503.833333,0.191185
503.866667,0.191239
503.9,0.195848
503.933333,0.197955
503.966667,0.20275
504,0.283833
504.033333,0.203232
504.066667,0.213895
504.1,0.215154
504.133333,0.222953
504.166667,0.224442
504.2,0.232846
504.233333,0.239763
504.266667,0.241225
504.3,0.251426
504.333333,0.259451
504.366667,0.266547
504.4,0.275627
504.433333,0.287404
504.466667,0.29798
504.5,0.311886
504.533333,0.33115
504.566667,0.344882
504.6,0.376362
504.633333,0.404609
504.666667,0.459083
504.7,0.00362946
504.733333,0.00154464
504.766667,0.00119196
504.8,0.00111161
504.833333,0.00111161
504.866667,0.00110268
504.9,0.00110268
504.933333,0.00110268
504.966667,0.00110268
505,0.00110268
505.033333,0.00110268
505.066667,0.00110268
505.1,0.00110268
505.133333,0.00110268
505.166667,0.00110268
505.2,0.00110268
505.233333,0.00110268
505.266667,0.00110268
505.3,0.00110268
505.333333,0.00110268
505.366667,0.00110268
505.4,0.00110268
505.433333,0.00110268
505.466667,0.00110268
505.5,0.00110268
505.533333,0.00110268
505.566667,0.00110268
505.6,0.00110268
505.633333,0.00110268
505.666667,0.00110268
505.7,0.00110268
505.733333,0.00110268
505.766667,0.00110268
505.8,0.00110268
505.833333,0.00110268
505.866667,0.00110268
505.9,0.00110268
505.933333,0.00110268
505.966667,0.00110268
506,0.00110268
506.033333,0.00110268
506.066667,0.00110268
506.1,0.00110268
506.133333,0.00110268
506.166667,0.00110268
506.2,0.00110268
506.233333,0.00110268
506.266667,0.00110268
506.3,0.00110268
506.333333,0.00110268
506.366667,0.00110268
506.4,0.00110268
506.433333,0.00110268
506.466667,0.00110268
506.5,0.00110268
506.533333,0.00110268
506.566667,0.00110268
506.6,0.00110268
506.633333,0.00110268
506.666667,0.00110268
506.7,0.00110268
506.733333,0.00110268
506.766667,0.00110268
506.8,0.00110268
506.833333,0.00110268
506.866667,0.00110268
506.9,0.00110268
506.933333,0.00110268
506.966667,0.00110268
507,0.00110268
507.033333,0.00110268
507.066667,0.00110268
507.1,0.00110268
507.133333,0.00110268
507.166667,0.00110268
507.2,0.00110268
507.233333,0.00110268
507.266667,0.00110268
507.3,0.00110268
507.333333,0.00110268
507.366667,0.00110268
507.4,0.00110268
507.433333,0.00110268
507.466667,0.00110268
507.5,0.00110268
507.533333,0.00110268
507.566667,0.00110268
507.6,0.00110268
507.633333,0.00110268
507.666667,0.00110268
507.7,0.00110268
507.733333,0.00110268
507.766667,0.00110268
507.8,0.00110268
507.833333,0.00110268
507.866667,0.00110268
507.9,0.00110268
507.933333,0.00110268
507.966667,0.00110268
508,0.00110268
508.033333,0.00110268
508.066667,0.00110268
508.1,0.00110268
508.133333,0.00110268
508.166667,0.00110268
508.2,0.00110268
508.233333,0.00110268
508.266667,0.00110268
508.3,0.00110268
508.333333,0.00110268
508.366667,0.00110268
508.4,0.00110268
508.433333,0.00110268
508.466667,0.00110268
508.5,0.00110268
508.533333,0.00110268
508.566667,0.00110268
508.6,0.00110268
508.633333,0.00110268
508.666667,0.00110268
508.7,0.00110268
508.733333,0.00110268
508.766667,0.00110268
508.8,0.00110268
508.833333,0.00110268
508.866667,0.00110268
508.9,0.00110268
508.933333,0.00110268
508.966667,0.00110268
509,0.00110268
509.033333,0.00110268
509.066667,0.00110268
509.1,0.00110268
509.133333,0.00110268
509.166667,0.00110268
509.2,0.00110268
509.233333,0.00110268
509.266667,0.00110268
509.3,0.00110268
509.333333,0.00110268
509.366667,0.00110268
509.4,0.00110268
509.433333,0.00110268
509.466667,0.00110268
509.5,0.00110268
509.533333,0.00110268
509.566667,0.00110268
509.6,0.00110268
509.633333,0.00110268
509.666667,0.00110268
509.7,0.00110268
509.733333,0.00110268
509.766667,0.00110268
509.8,0.00110268
509.833333,0.00110268
509.866667,0.00110268
509.9,0.00110268
509.933333,0.00110268
509.966667,0.00110268
510,0.00110268
510.033333,0.00110268
510.066667,0.00110268
510.1,0.00110268
510.133333,0.00110268
510.166667,0.00110268
510.2,0.00110268
510.233333,0.00110268
510.266667,0.00110268
510.3,0.00110268
510.333333,0.00110268
510.366667,0.00110268
510.4,0.00110268
510.433333,0.00110268
510.466667,0.00110268
510.5,0.00110268
510.533333,0.00110268
510.566667,0.00110268
510.6,0.00110268
510.633333,0.00110268
510.666667,0.00110268
510.7,0.00110268
510.733333,0.00110268
510.766667,0.00110268
510.8,0.00110268
510.833333,0.00110268
510.866667,0.00110268
510.9,0.00110268
510.933333,0.00110268
510.966667,0.00110268
511,0.00110268
511.033333,0.00110268
511.066667,0.00110268
511.1,0.00110268
511.133333,0.00110268
511.166667,0.00110268
511.2,0.00110268
511.233333,0.00110268
511.266667,0.00110268
511.3,0.00110268
511.333333,0.00110268
511.366667,0.00110268
511.4,0.00110268
511.433333,0.00110268
511.466667,0.00110268
511.5,0.00110268
511.533333,0.00110268
511.566667,0.00110268
511.6,0.00110268
511.633333,0.00110268
511.666667,0.00110268
511.7,0.00110268
511.733333,0.00110268
511.766667,0.00110268
511.8,0.00110268
511.833333,0.00110268
511.866667,0.00110268
511.9,0.00110268
511.933333,0.00110268
511.966667,0.00110268
512,0.0215513
512.033333,0.00332589
512.066667,0.00090625
512.1,0.000645089
512.133333,0.000589286
512.166667,0.000589286
512.2,0.000589286
512.233333,0.000589286
512.266667,0.000589286
512.3,0.000589286
512.333333,0.000589286
512.366667,0.000589286
512.4,0.000589286
512.433333,0.000589286
512.466667,0.000589286
512.5,0.000589286
512.533333,0.000589286
512.566667,0.000589286
512.6,0.000589286
512.633333,0.000589286
512.666667,0.000589286
512.7,0.000589286
512.733333,0.000589286
512.766667,0.000589286
512.8,0.000589286
512.833333,0.000589286
512.866667,0.000589286
512.9,21.0521
512.933333,0
512.966667,0
513,0
513.033333,0
513.066667,0
513.1,0
513.133333,0
513.166667,0
513.2,0.00214286
513.233333,0.0154576
513.266667,0.0396674
513.3,0.105875
513.333333,0.24531
513.366667,0.431415
513.4,0.655748
513.433333,0.908621
513.466667,1.16532
513.5,1.34146
513.533333,1.40469
513.566667,1.4952
513.6,1.6104
513.633333,1.76501
513.666667,1.91359
513.7,2.06816
513.733333,2.17391
513.766667,2.2146
513.8,2.21094
513.833333,2.21642
513.866667,2.24821
513.9,2.31944
513.933333,2.32935
513.966667,2.34489
514,2.33037
514.033333,2.2338
514.066667,2.14506
514.1,2.01358
514.133333,1.86335
514.166667,1.74244
514.2,1.60813
514.233333,1.49814
514.266667,1.37232
514.3,1.2714
514.333333,1.17709
514.366667,1.06765
514.4,0.986504
514.433333,0.920109
514.466667,0.831058
514.5,0.744496
514.533333,0.663018
514.566667,0.607978
514.6,0.548906
514.633333,0.892292
514.666667,1.55103
514.7,2.39683
514.733333,3.62808
514.766667,4.9617
514.8,6.47462
514.833333,8.07935
514.866667,9.36034
514.9,10.0328
514.933333,9.91727
514.966667,9.33637
515,8.36726
515.033333,7.45613
515.066667,6.61392
515.1,5.76856
515.133333,5.11299
515.166667,4.49494
515.2,3.9548
515.233333,2.5676
515.266667,1.56907
515.3,1.39304
515.333333,1.26095
515.366667,1.13944
515.4,1.01614
515.433333,0.900404
515.466667,0.775882
515.5,0.713866
515.533333,0.544797
515.566667,0.5614
515.6,0.431266
515.633333,0.37615
515.666667,0.294502
515.7,0.22546
515.733333,0.191808
515.766667,0.118339
515.8,0.0730268
515.833333,0.0714487
515.866667,0.0601585
515.9,0.0854554
515.933333,0.0455335
515.966667,0.0356317
516,0.0294665
516.033333,0.0221384
516.066667,0.0160625
516.1,0.0123393
516.133333,0.00698661
516.166667,0.00112723
516.2,0.000357143
516.233333,0.00015625
516.266667,0.00015625
516.3,0.00015625
516.333333,0.00015625
516.366667,0.00015625
516.4,0.00015625
516.433333,0.00015625
516.466667,0.00015625
516.5,0.00015625
516.533333,0.000709821
516.566667,0.00296652
516.6,0.00389509
516.633333,0.00965402
516.666667,0.0166496
516.7,0.0276094
516.733333,0.0358906
516.766667,0.0467232
516.8,0.0575022
516.833333,0.0682031
516.866667,0.0768594
516.9,0.102199
516.933333,0.0978616
516.966667,0.0956228
517,0.0978683
517.033333,0.0979911
517.066667,0.0999978
517.1,0.095471
517.133333,0.0947946
517.166667,0.090404
517.2,0.0872723
517.233333,0.083067
517.266667,0.0767076
517.3,0.0685112
517.333333,0.0625201
517.366667,0.0546674
517.4,0.0463638
517.433333,0.0406942
517.466667,0.0320714
517.5,0.0257835
517.533333,0.0203527
517.566667,0.0161317
517.6,0.0111473
517.633333,0.0078192
517.666667,0.00508482
517.7,0.00352009
517.733333,0.00181696
517.766667,0.000446429
517.8,0.000209821
517.833333,0.000209821
517.866667,0.000209821
517.9,0.0306362
517.933333,0.00379018
517.966667,0.0011875
518,0.00135491
518.033333,0.000178571
518.066667,0.000178571
518.1,0.000169643
518.133333,0.000169643
518.166667,0.000169643
518.2,0.000169643
518.233333,0.000169643
518.266667,0.000169643
518.3,0.000169643
518.333333,0.000169643
518.366667,0.000169643
518.4,0.000169643
518.433333,0.000169643
518.466667,0.000169643
518.5,0.000169643
518.533333,0.000169643
518.566667,0.000169643
518.6,0.000169643
518.633333,0.000169643
518.666667,0.000169643
