t,scene_score
0,0.000000
0.0333333,0.001372
0.0666667,0.000273
0.1,0.000119
0.133333,0.000014
0.166667,0.000000
0.2,0.003092
0.233333,0.000043
0.266667,0.000007
0.3,0.000001
0.333333,0.000000
0.366667,0.000000
0.4,0.003059
0.433333,0.000044
0.466667,0.000008
0.5,0.000000
0.533333,0.000000
0.566667,0.000000
0.6,0.003052
0.633333,0.000043
0.666667,0.000006
0.7,0.000000
0.733333,0.000000
0.766667,0.000079
0.8,0.016575
0.833333,0.034538
0.866667,0.027676
0.9,0.011334
0.933333,0.000167
0.966667,0.000020
1,0.003883
1.033333,0.000030
1.066667,0.000002
1.1,0.000000
1.133333,0.000000
1.166667,0.000000
1.2,0.003032
1.233333,0.000042
1.266667,0.000007
1.3,0.000000
1.333333,0.000000
1.366667,0.000000
1.4,0.003033
1.433333,0.000042
1.466667,0.000007
1.5,0.000000
1.533333,0.000000
1.566667,0.037396
1.6,0.003060
1.633333,0.000046
1.666667,0.000006
1.7,0.000000
1.733333,0.000000
1.766667,0.000000
1.8,0.003044
1.833333,0.000043
1.866667,0.000007
1.9,0.000000
1.933333,0.000000
1.966667,0.000000
2,0.076207
2.033333,0.001027
2.066667,0.002375
2.1,0.001907
2.133333,0.002561
2.166667,0.002406
2.2,0.003187
2.233333,0.000058
2.266667,0.000007
2.3,0.000001
2.333333,0.000000
2.366667,0.000000
2.4,0.003031
2.433333,0.000043
2.466667,0.030621
2.5,0.000040
2.533333,0.000007
2.566667,0.000000
2.6,0.003039
2.633333,0.000044
2.666667,0.000006
2.7,0.000000
2.733333,0.000000
2.766667,0.000000
2.8,0.003048
2.833333,0.000044
2.866667,0.000007
2.9,0.000000
2.933333,0.000000
2.966667,0.000000
3,0.004079
3.033333,0.000032
3.066667,0.000002
3.1,0.000000
3.133333,0.000000
3.166667,0.000000
3.2,0.003032
3.233333,0.000043
3.266667,0.000006
3.3,0.000000
3.333333,0.000000
3.366667,0.000000
3.4,0.003033
3.433333,0.000043
3.466667,0.000006
3.5,0.000000
3.533333,0.000000
3.566667,0.000000
3.6,0.003039
3.633333,0.000043
3.666667,0.000007
3.7,0.000000
3.733333,0.000000
3.766667,0.579342
3.8,0.000142
3.833333,0.000017
3.866667,0.000001
3.9,0.000000
3.933333,0.080727
3.966667,0.004897
4,0.011139
4.033333,0.000419
4.066667,0.000047
4.1,0.000089
4.133333,0.095456
4.166667,0.000400
4.2,0.070696
4.233333,0.003799
4.266667,0.000027
4.3,0.000097
4.333333,0.000088
4.366667,0.000234
4.4,0.000246
4.433333,0.000295
4.466667,0.000430
4.5,0.000500
4.533333,0.000777
4.566667,0.001490
4.6,0.000140
4.633333,0.000015
4.666667,0.000049
4.7,0.062199
4.733333,0.000294
4.766667,0.000049
4.8,0.065671
4.833333,0.000359
4.866667,0.064735
4.9,0.015958
4.933333,0.000231
4.966667,0.000044
5,0.000886
5.033333,0.000046
5.066667,0.000008
5.1,0.000004
5.133333,0.000001
5.166667,0.000001
5.2,0.000001
5.233333,0.000001
5.266667,0.000000
5.3,0.000000
5.333333,0.000015
5.366667,0.043060
5.4,0.000159
5.433333,0.000029
5.466667,0.036066
5.5,0.000165
5.533333,0.000024
5.566667,0.043494
5.6,0.000296
5.633333,0.061214
5.666667,0.000328
5.7,0.000094
5.733333,0.066672
5.766667,0.000321
5.8,0.000032
5.833333,0.161965
5.866667,0.058808
5.9,0.022819
5.933333,0.001730
5.966667,0.005341
6,0.011598
6.033333,0.000257
6.066667,0.000262
6.1,0.000018
6.133333,0.000027
6.166667,0.000301
6.2,0.000212
6.233333,0.000044
6.266667,0.000000
6.3,0.000231
6.333333,0.000326
6.366667,0.005218
6.4,0.005461
6.433333,0.000449
6.466667,0.000042
6.5,0.000048
6.533333,0.000265
6.566667,0.000551
6.6,0.000067
6.633333,0.000470
6.666667,0.000841
6.7,0.000772
6.733333,0.000002
6.766667,0.000557
6.8,0.000165
6.833333,0.000636
6.866667,0.000164
6.9,0.006694
6.933333,0.007128
6.966667,0.000359
7,0.000166
7.033333,0.000200
7.066667,0.000296
7.1,0.000090
7.133333,0.000101
7.166667,0.000269
7.2,0.000911
7.233333,0.000496
7.266667,0.000685
7.3,0.000302
7.333333,0.000327
7.366667,0.000494
7.4,0.000293
7.433333,0.000030
7.466667,0.007153
7.5,0.006588
7.533333,0.000033
7.566667,0.000235
7.6,0.000529
7.633333,0.000178
7.666667,0.000315
7.7,0.000488
7.733333,0.000991
7.766667,0.000443
7.8,0.000146
7.833333,0.000247
7.866667,0.000686
7.9,0.000322
7.933333,0.000002
7.966667,0.000436
8,0.000450
8.033333,0.008054
8.066667,0.018918
8.1,0.000594
8.133333,0.000130
8.166667,0.000012
8.2,0.000212
8.233333,0.000139
8.266667,0.000228
8.3,0.000013
8.333333,0.000034
8.366667,0.000183
8.4,0.000035
8.433333,0.000218
8.466667,0.000250
8.5,0.000092
8.533333,0.000089
8.566667,0.054963
8.6,0.001133
8.633333,0.003984
8.666667,0.001783
8.7,0.004863
8.733333,0.001377
8.766667,0.000989
8.8,0.004263
8.833333,0.002402
8.866667,0.004141
8.9,0.002717
8.933333,0.000529
8.966667,0.003935
9,0.003274
9.033333,0.004523
9.066667,0.002588
9.1,0.000061
9.133333,0.003654
9.166667,0.003624
9.2,0.004297
9.233333,0.002702
9.266667,0.000326
9.3,0.003536
9.333333,0.003374
9.366667,0.003526
9.4,0.003189
9.433333,0.000626
9.466667,0.004589
9.5,0.002498
9.533333,0.003898
9.566667,0.004546
9.6,0.000063
9.633333,0.004090
9.666667,0.003708
9.7,0.002907
9.733333,0.003804
9.766667,0.000211
9.8,0.002167
9.833333,0.004610
9.866667,0.002326
9.9,0.005397
9.933333,0.000996
9.966667,0.003067
10,0.004196
10.033333,0.002982
10.066667,0.004220
10.1,0.000659
10.133333,0.001904
10.166667,0.008700
10.2,0.001013
10.233333,0.001049
10.266667,0.001555
10.3,0.000951
10.333333,0.001589
10.366667,0.001250
10.4,0.001026
10.433333,0.000755
10.466667,0.000394
10.5,0.023892
10.533333,0.028278
10.566667,0.000009
10.6,0.000004
10.633333,0.000001
10.666667,0.000000
10.7,0.000000
10.733333,0.000000
10.766667,0.000000
10.8,0.000000
10.833333,0.000000
10.866667,0.000000
10.9,0.000000
10.933333,0.000000
10.966667,0.000000
11,0.000058
11.033333,0.000007
11.066667,0.000003
11.1,0.000000
11.133333,0.000000
11.166667,0.000000
11.2,0.000000
11.233333,0.000000
11.266667,0.018823
11.3,0.000010
11.333333,0.000004
11.366667,0.000001
11.4,0.000000
11.433333,0.000000
11.466667,0.000000
11.5,0.000000
11.533333,0.000000
11.566667,0.000000
11.6,0.000000
11.633333,0.000000
11.666667,0.000000
11.7,0.000000
11.733333,0.000000
11.766667,0.000000
11.8,0.000000
11.833333,0.000000
11.866667,0.000000
11.9,0.000000
11.933333,0.000000
11.966667,0.000000
12,0.000029
12.033333,0.000008
12.066667,0.000003
12.1,0.000000
12.133333,0.000000
12.166667,0.000000
12.2,0.000000
12.233333,0.000000
12.266667,0.000000
12.3,0.000000
12.333333,0.000000
12.366667,0.000000
12.4,0.000000
12.433333,0.000000
12.466667,0.000000
12.5,0.000000
12.533333,0.000000
12.566667,0.000000
12.6,0.000000
12.633333,0.000000
12.666667,0.000000
12.7,0.000000
12.733333,0.000000
12.766667,0.000000
12.8,0.000000
12.833333,0.000000
12.866667,0.000000
12.9,0.000000
12.933333,0.000000
12.966667,0.000000
13,0.000006
13.033333,0.000000
13.066667,0.000003
13.1,0.021370
13.133333,0.003897
13.166667,0.000117
13.2,0.000156
13.233333,0.000106
13.266667,0.000239
13.3,0.000271
13.333333,0.000319
13.366667,0.000479
13.4,0.000557
13.433333,0.000846
13.466667,0.001677
13.5,0.000050
13.533333,0.000017
13.566667,0.000006
13.6,0.000001
13.633333,0.000000
13.666667,0.000000
13.7,0.000000
13.733333,0.000000
13.766667,0.000000
13.8,0.000000
13.833333,0.000000
13.866667,0.000000
13.9,0.000000
13.933333,0.000000
13.966667,0.000000
14,0.000250
14.033333,0.000017
14.066667,0.000006
14.1,0.000001
14.133333,0.000000
14.166667,0.000000
14.2,0.000000
14.233333,0.000000
14.266667,0.000000
14.3,0.000000
14.333333,0.000000
14.366667,0.000000
14.4,0.000000
14.433333,0.000000
14.466667,0.000000
14.5,0.000000
14.533333,0.000000
14.566667,0.000000
14.6,0.000000
14.633333,0.000000
14.666667,0.000000
14.7,0.000000
14.733333,0.000000
14.766667,0.000000
14.8,0.000000
14.833333,0.000000
14.866667,0.000000
14.9,0.024707
14.933333,0.000012
14.966667,0.000006
15,0.000039
15.033333,0.000016
15.066667,0.000005
15.1,0.000001
15.133333,0.000000
15.166667,0.000000
15.2,0.000000
15.233333,0.000000
15.266667,0.000000
15.3,0.000000
15.333333,0.000000
15.366667,0.000000
15.4,0.000000
15.433333,0.000000
15.466667,0.000000
15.5,0.000000
15.533333,0.000000
15.566667,0.000000
15.6,0.000000
15.633333,0.000000
15.666667,0.000000
15.7,0.000000
15.733333,0.000000
15.766667,0.000000
15.8,0.000000
15.833333,0.000000
15.866667,0.000000
15.9,0.000000
15.933333,0.000000
15.966667,0.000000
16,0.000013
16.033333,0.000001
16.066667,0.000005
16.1,0.000001
16.133333,0.000000
16.166667,0.000000
16.2,0.000000
16.233333,0.000000
16.266667,0.617474
16.3,0.000580
16.333333,0.000121
16.366667,0.000155
16.4,0.000153
16.433333,0.000102
16.466667,0.000075
16.5,0.000174
16.533333,0.000199
16.566667,0.000009
16.6,0.000010
16.633333,0.000109
16.666667,0.001333
16.7,0.000905
16.733333,0.000011
16.766667,0.000716
16.8,0.000347
16.833333,0.000151
16.866667,0.000043
16.9,0.000005
16.933333,0.000013
16.966667,0.000106
17,0.000102
17.033333,0.000102
17.066667,0.000004
17.1,0.000003
17.133333,0.000062
17.166667,0.000171
17.2,0.068719
17.233333,0.000453
17.266667,0.000177
17.3,0.000002
17.333333,0.000042
17.366667,0.000121
17.4,0.000010
17.433333,0.000014
17.466667,0.000020
17.5,0.000058
17.533333,0.000103
17.566667,0.000075
17.6,0.000012
17.633333,0.000140
17.666667,0.000227
17.7,0.000032
17.733333,0.000327
17.766667,0.000053
17.8,0.000001
17.833333,0.000009
17.866667,0.000195
17.9,0.001702
17.933333,0.000799
17.966667,0.001686
18,0.000490
18.033333,0.000080
18.066667,0.000077
18.1,0.000021
18.133333,0.000126
18.166667,0.000002
18.2,0.000000
18.233333,0.000000
18.266667,0.000000
18.3,0.000000
18.333333,0.000000
18.366667,0.000000
18.4,0.000000
18.433333,0.000000
18.466667,0.000000
18.5,0.000000
18.533333,0.000000
18.566667,0.000000
18.6,0.000000
18.633333,0.000000
18.666667,0.000000
18.7,0.000000
18.733333,0.000000
18.766667,0.000000
18.8,0.000000
18.833333,0.000000
18.866667,0.000000
18.9,0.000000
18.933333,0.000000
18.966667,0.000000
19,0.000012
19.033333,0.000004
19.066667,0.000003
19.1,0.000001
19.133333,0.000000
19.166667,0.000000
19.2,0.000000
19.233333,0.000000
19.266667,0.000000
19.3,0.000000
19.333333,0.000000
19.366667,0.000000
19.4,0.160784
19.433333,0.000032
19.466667,0.000009
19.5,0.000004
19.533333,0.000001
19.566667,0.000000
19.6,0.000000
19.633333,0.000000
19.666667,0.000000
19.7,0.000000
19.733333,0.000000
19.766667,0.000000
19.8,0.000000
19.833333,0.000000
19.866667,0.000000
19.9,0.000000
19.933333,0.000000
19.966667,0.000000
20,0.000105
20.033333,0.000007
20.066667,0.000002
20.1,0.000000
20.133333,0.000000
20.166667,0.000000
20.2,0.000000
20.233333,0.000000
20.266667,0.000000
20.3,0.000000
20.333333,0.000000
20.366667,0.000000
20.4,0.018854
20.433333,0.000055
20.466667,0.008962
20.5,0.008929
20.533333,0.000029
20.566667,0.000061
20.6,0.008970
20.633333,0.008966
20.666667,0.000057
20.7,0.008943
20.733333,0.008877
20.766667,0.008931
20.8,0.000004
20.833333,0.008921
20.866667,0.009020
20.9,0.000012
20.933333,0.000004
20.966667,0.040535
21,0.027668
21.033333,0.000090
21.066667,0.008843
21.1,0.008731
21.133333,0.000083
21.166667,0.000055
21.2,0.008786
21.233333,0.000033
21.266667,0.008693
21.3,0.008821
21.333333,0.000053
21.366667,0.000086
21.4,0.000026
21.433333,0.000009
21.466667,0.118903
21.5,0.000040
21.533333,0.000015
21.566667,0.000004
21.6,0.000000
21.633333,0.000000
21.666667,0.000000
21.7,0.000000
21.733333,0.000000
21.766667,0.000000
21.8,0.000000
21.833333,0.000000
21.866667,0.000000
21.9,0.000000
21.933333,0.000000
21.966667,0.000000
22,0.000291
22.033333,0.000014
22.066667,0.000004
22.1,0.000001
22.133333,0.000000
22.166667,0.000000
22.2,0.000000
22.233333,0.000000
22.266667,0.000000
22.3,0.000000
22.333333,0.000000
22.366667,0.000000
22.4,0.000000
22.433333,0.000000
22.466667,0.000000
22.5,0.000000
22.533333,0.000000
22.566667,0.000000
22.6,0.000000
22.633333,0.000000
22.666667,0.000000
22.7,0.000000
22.733333,0.000000
22.766667,0.000000
22.8,0.000000
22.833333,0.000000
22.866667,0.000000
22.9,0.000000
22.933333,0.000000
22.966667,0.000000
23,0.000012
23.033333,0.000001
23.066667,0.000004
23.1,0.000001
23.133333,0.000000
23.166667,0.000000
23.2,0.000000
23.233333,0.000000
23.266667,0.000000
23.3,0.000000
23.333333,0.000000
23.366667,0.000000
23.4,0.000000
23.433333,0.000000
23.466667,0.000000
23.5,0.000000
23.533333,0.000000
23.566667,0.000000
23.6,0.000000
23.633333,0.000000
23.666667,0.000000
23.7,0.000000
23.733333,0.000000
23.766667,0.000000
23.8,0.000000
23.833333,0.000000
23.866667,0.000000
23.9,0.000000
23.933333,0.000000
23.966667,0.000000
24,0.000012
24.033333,0.000001
24.066667,0.000004
24.1,0.000001
24.133333,0.000000
24.166667,0.000000
24.2,0.000000
24.233333,0.000000
24.266667,0.000000
24.3,0.000000
24.333333,0.000000
24.366667,0.000000
24.4,0.887314
24.433333,0.000029
24.466667,0.000008
24.5,0.000004
24.533333,0.000001
24.566667,0.000000
24.6,0.000000
24.633333,0.000000
24.666667,0.000000
24.7,0.000000
24.733333,0.000000
24.766667,0.000000
24.8,0.000000
24.833333,0.000000
24.866667,0.000000
24.9,0.000000
24.933333,0.000000
24.966667,0.000000
25,0.000095
25.033333,0.000005
25.066667,0.000001
25.1,0.000000
25.133333,0.000034
25.166667,0.000025
25.2,0.000006
25.233333,0.000002
25.266667,0.000001
25.3,0.000156
25.333333,0.000060
25.366667,0.000013
25.4,0.000058
25.433333,0.000004
25.466667,0.000181
25.5,0.000068
25.533333,0.000054
25.566667,0.000053
25.6,0.000025
25.633333,0.000003
25.666667,0.000002
25.7,0.000008
25.733333,0.000049
25.766667,0.000032
25.8,0.000005
25.833333,0.000003
25.866667,0.000002
25.9,0.000006
25.933333,0.000001
25.966667,0.000000
26,0.000155
26.033333,0.000040
26.066667,0.000689
26.1,0.000172
26.133333,0.000115
26.166667,0.000094
26.2,0.000040
26.233333,0.000269
26.266667,0.000378
26.3,0.000050
26.333333,0.000599
26.366667,0.000456
26.4,0.000122
26.433333,0.000150
26.466667,0.000143
26.5,0.000022
26.533333,0.000479
26.566667,0.000260
26.6,0.000010
26.633333,0.000693
26.666667,0.000448
26.7,0.000236
26.733333,0.000083
26.766667,0.000031
26.8,0.000004
26.833333,0.000035
26.866667,0.000167
26.9,0.000509
26.933333,0.000319
26.966667,0.000008
27,0.000442
27.033333,0.000344
27.066667,0.000047
27.1,0.000832
27.133333,0.000513
27.166667,0.000405
27.2,0.000886
27.233333,0.000468
27.266667,0.000160
27.3,0.000164
27.333333,0.000190
27.366667,0.000115
27.4,0.000239
27.433333,0.000023
27.466667,0.000282
27.5,0.000128
27.533333,0.000004
27.566667,0.000086
27.6,0.000030
27.633333,0.000049
27.666667,0.000166
27.7,0.000166
27.733333,0.000141
27.766667,0.000311
27.8,0.000168
27.833333,0.000044
27.866667,0.000478
27.9,0.000312
27.933333,0.000052
27.966667,0.000269
28,0.000112
28.033333,0.000039
28.066667,0.000021
28.1,0.000003
28.133333,0.000000
28.166667,0.073988
28.2,0.000028
28.233333,0.000007
28.266667,0.000001
28.3,0.000000
28.333333,0.001216
28.366667,0.000303
28.4,0.000284
28.433333,0.000032
28.466667,0.000271
28.5,0.000221
28.533333,0.000049
28.566667,0.000011
28.6,0.000011
28.633333,0.000014
28.666667,0.000006
28.7,0.000059
28.733333,0.000249
28.766667,0.000302
28.8,0.000095
28.833333,0.000199
28.866667,0.000083
28.9,0.000293
28.933333,0.000273
28.966667,0.000049
29,0.000168
29.033333,0.000105
29.066667,0.000174
29.1,0.000214
29.133333,0.000078
29.166667,0.000086
29.2,0.000233
29.233333,0.000083
29.266667,0.000132
29.3,0.001756
29.333333,0.001457
29.366667,0.000386
29.4,0.000241
29.433333,0.000302
29.466667,0.000123
29.5,0.000496
29.533333,0.049727
29.566667,0.000419
29.6,0.000053
29.633333,0.000328
29.666667,0.000246
29.7,0.000083
29.733333,0.000514
29.766667,0.000146
29.8,0.000091
29.833333,0.000414
29.866667,0.000176
29.9,0.000155
29.933333,0.000077
29.966667,0.000272
30,0.000029
30.033333,0.001058
30.066667,0.000964
30.1,0.000405
30.133333,0.000997
30.166667,0.000127
30.2,0.000422
30.233333,0.000029
30.266667,0.000053
30.3,0.000179
30.333333,0.000225
30.366667,0.000077
30.4,0.000167
30.433333,0.000021
30.466667,0.000026
30.5,0.000041
30.533333,0.000030
30.566667,0.000038
30.6,0.000001
30.633333,0.000000
30.666667,0.000000
30.7,0.000000
30.733333,0.000000
30.766667,0.000000
30.8,0.000000
30.833333,0.000000
30.866667,0.000000
30.9,0.000000
30.933333,0.000000
30.966667,0.000000
31,0.000248
31.033333,0.000117
31.066667,0.000039
31.1,0.000004
31.133333,0.000000
31.166667,0.000000
31.2,0.000000
31.233333,0.000000
31.266667,0.000000
31.3,0.000000
31.333333,0.000000
31.366667,0.000000
31.4,0.000000
31.433333,0.000000
31.466667,0.000000
31.5,0.117729
31.533333,0.031851
31.566667,0.002436
31.6,0.000842
31.633333,0.001778
31.666667,0.001716
31.7,0.002175
31.733333,0.000762
31.766667,0.001100
31.8,0.000152
31.833333,0.002644
31.866667,0.000925
31.9,0.000903
31.933333,0.002455
31.966667,0.001949
32,0.000000
32.033333,0.002443
32.066667,0.001981
32.1,0.000057
32.133333,0.000232
32.166667,0.000054
32.2,0.000017
32.233333,0.000002
32.266667,0.000000
32.3,0.000000
32.333333,0.000000
32.366667,0.000000
32.4,0.000000
32.433333,0.000000
32.466667,0.000000
32.5,0.000000
32.533333,0.000000
32.566667,0.000000
32.6,0.000000
32.633333,0.000000
32.666667,0.000000
32.7,0.000000
32.733333,0.000000
32.766667,0.000000
32.8,0.000000
32.833333,0.000000
32.866667,0.000000
32.9,0.000000
32.933333,0.000000
32.966667,0.000000
33,0.000996
33.033333,0.000077
33.066667,0.000016
33.1,0.000004
33.133333,0.000000
33.166667,0.000000
33.2,0.000000
33.233333,0.000000
33.266667,0.000000
33.3,0.000000
33.333333,0.000000
33.366667,0.000000
33.4,0.000000
33.433333,0.000000
33.466667,0.000000
33.5,0.000000
33.533333,0.000000
33.566667,0.000000
33.6,0.000000
33.633333,0.000000
33.666667,0.000000
33.7,0.000000
33.733333,0.000000
33.766667,0.000000
33.8,0.000000
33.833333,0.000000
33.866667,0.000000
33.9,0.000000
33.933333,0.000000
33.966667,0.000000
34,0.000069
34.033333,0.000004
34.066667,0.000016
34.1,0.000004
34.133333,0.000000
34.166667,0.000000
34.2,0.041492
34.233333,0.000021
34.266667,0.000007
34.3,0.000001
34.333333,0.000000
34.366667,0.000000
34.4,0.000000
34.433333,0.000000
34.466667,0.000000
34.5,0.000000
34.533333,0.000000
34.566667,0.000000
34.6,0.000000
34.633333,0.000000
34.666667,0.000000
34.7,0.000000
34.733333,0.000000
34.766667,0.000000
34.8,0.000000
34.833333,0.000000
34.866667,0.000000
34.9,0.000000
34.933333,0.000000
34.966667,0.000000
35,0.000097
35.033333,0.000032
35.066667,0.000016
35.1,0.000004
35.133333,0.000000
35.166667,0.000000
35.2,0.000000
35.233333,0.000000
35.266667,0.000000
35.3,0.000000
35.333333,0.000000
35.366667,0.000000
35.4,0.000000
35.433333,0.000000
35.466667,0.000000
35.5,0.000000
35.533333,0.000000
35.566667,0.000000
35.6,0.000000
35.633333,0.000000
35.666667,0.000000
35.7,0.000000
35.733333,0.000000
35.766667,0.000000
35.8,0.000000
35.833333,0.174973
35.866667,0.000029
35.9,0.000007
35.933333,0.000003
35.966667,0.000001
36,0.000122
36.033333,0.000007
36.066667,0.000002
36.1,0.000001
36.133333,0.000000
36.166667,0.000000
36.2,0.000000
36.233333,0.000000
36.266667,0.000000
36.3,0.000000
36.333333,0.000000
36.366667,0.000000
36.4,0.000000
36.433333,0.000000
36.466667,0.000000
36.5,0.000000
36.533333,0.000000
36.566667,0.000000
36.6,0.000000
36.633333,0.000000
36.666667,0.000000
36.7,0.000026
36.733333,0.000005
36.766667,0.000003
36.8,0.000003
36.833333,0.000001
36.866667,0.000002
36.9,0.000001
36.933333,0.000002
36.966667,0.000001
37,0.000008
37.033333,0.000005
37.066667,0.000002
37.1,0.000000
37.133333,0.000001
37.166667,0.000001
37.2,0.000002
37.233333,0.030278
37.266667,0.000051
37.3,0.000006
37.333333,0.000000
37.366667,0.000001
37.4,0.000003
37.433333,0.000001
37.466667,0.000003
37.5,0.000000
37.533333,0.000004
37.566667,0.000002
37.6,0.000003
37.633333,0.000005
37.666667,0.000003
37.7,0.000003
37.733333,0.000001
37.766667,0.000000
37.8,0.000000
37.833333,0.000000
37.866667,0.000000
37.9,0.000000
37.933333,0.000000
37.966667,0.000000
38,0.000046
38.033333,0.000023
38.066667,0.000006
38.1,0.000006
38.133333,0.000003
38.166667,0.000002
38.2,0.000004
38.233333,0.000000
38.266667,0.000003
38.3,0.000002
38.333333,0.000003
38.366667,0.000000
38.4,0.000001
38.433333,0.000002
38.466667,0.000001
38.5,0.000000
38.533333,0.000001
38.566667,0.000001
38.6,0.000001
38.633333,0.000001
38.666667,0.000001
38.7,0.000000
38.733333,0.000001
38.766667,0.000001
38.8,0.000001
38.833333,0.000001
38.866667,0.000003
38.9,0.000002
38.933333,0.000003
38.966667,0.000003
39,0.102812
39.033333,0.000302
39.066667,0.001174
39.1,0.000017
39.133333,0.000006
39.166667,0.000000
39.2,0.000001
39.233333,0.000000
39.266667,0.000001
39.3,0.000001
39.333333,0.000000
39.366667,0.000022
39.4,0.000022
39.433333,0.000001
39.466667,0.000000
39.5,0.000004
39.533333,0.000001
39.566667,0.000003
39.6,0.000000
39.633333,0.000001
39.666667,0.000000
39.7,0.000028
39.733333,0.001300
39.766667,0.001274
39.8,0.000476
39.833333,0.000351
39.866667,0.000973
39.9,0.000003
39.933333,0.042878
39.966667,0.000012
40,0.000070
40.033333,0.000009
40.066667,0.000002
40.1,0.000001
40.133333,0.000000
40.166667,0.000000
40.2,0.000000
40.233333,0.000000
40.266667,0.000000
40.3,0.000000
40.333333,0.000000
40.366667,0.000000
40.4,0.000000
40.433333,0.000000
40.466667,0.000000
40.5,0.000000
40.533333,0.000000
40.566667,0.000000
40.6,0.000000
40.633333,0.000000
40.666667,0.000324
40.7,0.000653
40.733333,0.000180
40.766667,0.000333
40.8,0.000158
40.833333,0.000060
40.866667,0.000252
40.9,0.000068
40.933333,0.000263
40.966667,0.000241
41,0.000072
41.033333,0.000046
41.066667,0.000122
41.1,0.000262
41.133333,0.000018
41.166667,0.000260
41.2,0.000040
41.233333,0.000002
41.266667,0.000001
41.3,0.000000
41.333333,0.000000
41.366667,0.000000
41.4,0.000000
41.433333,0.000000
41.466667,0.000000
41.5,0.000000
41.533333,0.000000
41.566667,0.000000
41.6,0.000000
41.633333,0.021213
41.666667,0.000011
41.7,0.000004
41.733333,0.000001
41.766667,0.000000
41.8,0.000000
41.833333,0.000000
41.866667,0.000000
41.9,0.000000
41.933333,0.000000
41.966667,0.000000
42,0.000048
42.033333,0.000010
42.066667,0.000002
42.1,0.000001
42.133333,0.000000
42.166667,0.000000
42.2,0.000000
42.233333,0.000000
42.266667,0.000000
42.3,0.000000
42.333333,0.000000
42.366667,0.000000
42.4,0.000000
42.433333,0.000000
42.466667,0.000000
42.5,0.000000
42.533333,0.000000
42.566667,0.000000
42.6,0.000000
42.633333,0.000000
42.666667,0.000000
42.7,0.000000
42.733333,0.000000
42.766667,0.000000
42.8,0.000000
42.833333,0.000000
42.866667,0.000000
42.9,0.000000
42.933333,0.000000
42.966667,0.000000
43,0.000009
43.033333,0.000001
43.066667,0.000002
43.1,0.165595
43.133333,0.000227
43.166667,0.112826
43.2,0.000390
43.233333,0.000069
43.266667,0.000024
43.3,0.000048
43.333333,0.105144
43.366667,0.000138
43.4,0.000091
43.433333,0.110907
43.466667,0.000191
43.5,0.000074
43.533333,0.000052
43.566667,0.000032
43.6,0.000037
43.633333,0.000023
43.666667,0.000000
43.7,0.000006
43.733333,0.000006
43.766667,0.000004
43.8,0.000001
43.833333,0.000007
43.866667,0.000002
43.9,0.000005
43.933333,0.000004
43.966667,0.000000
44,0.000161
44.033333,0.000011
44.066667,0.104774
44.1,0.011200
44.133333,0.000184
44.166667,0.088910
44.2,0.000231
44.233333,0.085539
44.266667,0.000463
44.3,0.000080
44.333333,0.082967
44.366667,0.000340
44.4,0.000045
44.433333,0.000039
44.466667,0.000036
44.5,0.000013
44.533333,0.000002
44.566667,0.000002
44.6,0.000006
44.633333,0.000004
44.666667,0.000002
44.7,0.000001
44.733333,0.000001
44.766667,0.000000
44.8,0.000000
44.833333,0.018450
44.866667,0.000093
44.9,0.008416
44.933333,0.008288
44.966667,0.000102
45,0.092489
45.033333,0.027103
45.066667,0.008493
45.1,0.029595
45.133333,0.021050
45.166667,0.077012
45.2,0.005977
45.233333,0.027702
45.266667,0.063024
45.3,0.027633
45.333333,0.000119
45.366667,0.085641
45.4,0.019355
45.433333,0.008174
45.466667,0.000117
45.5,0.008263
45.533333,0.008115
45.566667,0.000097
45.6,0.000098
45.633333,0.008296
45.666667,0.000138
45.7,0.008107
45.733333,0.008375
45.766667,0.000182
45.8,0.137759
45.833333,0.023017
45.866667,0.000220
45.9,0.001741
45.933333,0.000409
45.966667,0.000234
46,0.051209
46.033333,0.000120
46.066667,0.000010
46.1,0.003036
46.133333,0.000843
46.166667,0.000003
46.2,0.001404
46.233333,0.001431
46.266667,0.001337
46.3,0.036668
46.333333,0.002035
46.366667,0.008902
46.4,0.002062
46.433333,0.068554
46.466667,0.000274
46.5,0.000048
46.533333,0.026179
46.566667,0.000193
46.6,0.000084
46.633333,0.001712
46.666667,0.000351
46.7,0.000219
46.733333,0.000950
46.766667,0.000564
46.8,0.025721
46.833333,0.000099
46.866667,0.000048
46.9,0.001592
46.933333,0.000276
46.966667,0.000230
47,0.001341
47.033333,0.000409
47.066667,0.000149
47.1,0.000054
47.133333,0.000026
47.166667,0.029177
47.2,0.000173
47.233333,0.000022
47.266667,0.014134
47.3,0.000142
47.333333,0.000069
47.366667,0.059442
47.4,0.000245
47.433333,0.001860
47.466667,0.000454
47.5,0.000050
47.533333,0.060385
47.566667,0.011345
47.6,0.000100
47.633333,0.002358
47.666667,0.033986
47.7,0.002101
47.733333,0.000360
47.766667,0.032682
47.8,0.001763
47.833333,0.000119
47.866667,0.000057
47.9,0.002442
47.933333,0.024274
47.966667,0.002330
48,0.000635
48.033333,0.000311
48.066667,0.006613
48.1,0.000143
48.133333,0.000067
48.166667,0.033216
48.2,0.000122
48.233333,0.000075
48.266667,0.036912
48.3,0.000528
48.333333,0.000823
48.366667,0.000077
48.4,0.000035
48.433333,0.001509
48.466667,0.000167
48.5,0.000303
48.533333,0.000806
48.566667,0.000399
48.6,0.033892
48.633333,0.000175
48.666667,0.029913
48.7,0.002701
48.733333,0.026286
48.766667,0.000460
48.8,0.022372
48.833333,0.000713
48.866667,0.000938
48.9,0.032487
48.933333,0.000071
48.966667,0.002902
49,0.026595
49.033333,0.000391
49.066667,0.000158
49.1,0.000258
49.133333,0.001468
49.166667,0.000122
49.2,0.000058
49.233333,0.001951
49.266667,0.030160
49.3,0.000143
49.333333,0.027321
49.366667,0.000202
49.4,0.000098
49.433333,0.021649
49.466667,0.000104
49.5,0.026270
49.533333,0.000134
49.566667,0.000699
49.6,0.000498
49.633333,0.000116
49.666667,0.000029
49.7,0.029773
49.733333,0.000292
49.766667,0.000943
49.8,0.000276
49.833333,0.000294
49.866667,0.029056
49.9,0.000218
49.933333,0.026384
49.966667,0.003651
50,0.013708
50.033333,0.000390
50.066667,0.000099
50.1,0.000044
50.133333,0.029278
50.166667,0.000279
50.2,0.000066
50.233333,0.014194
50.266667,0.000566
50.3,0.001325
50.333333,0.000089
50.366667,0.000041
50.4,0.001920
50.433333,0.000282
50.466667,0.000187
50.5,0.001043
50.533333,0.000080
50.566667,0.000040
50.6,0.002288
50.633333,0.000300
50.666667,0.016570
50.7,0.000315
50.733333,0.000021
50.766667,0.001417
50.8,0.012907
50.833333,0.000073
50.866667,0.002453
50.9,0.000285
50.933333,0.024251
50.966667,0.000377
51,0.691041
51.033333,0.000060
51.066667,0.000017
51.1,0.000005
51.133333,0.000001
51.166667,0.000000
51.2,0.000000
51.233333,0.000000
51.266667,0.000000
51.3,0.000000
51.333333,0.000000
51.366667,0.000000
51.4,0.000000
51.433333,0.000000
51.466667,0.000463
51.5,0.000091
51.533333,0.000054
51.566667,0.000124
51.6,0.000063
51.633333,0.000320
51.666667,0.000154
51.7,0.000008
51.733333,0.000118
51.766667,0.000125
51.8,0.000000
51.833333,0.000008
51.866667,0.000021
51.9,0.000026
51.933333,0.000123
51.966667,0.000003
52,0.000056
52.033333,0.000206
52.066667,0.000116
52.1,0.000032
52.133333,0.000142
52.166667,0.000136
52.2,0.000005
52.233333,0.000023
52.266667,0.000120
52.3,0.000146
52.333333,0.000258
52.366667,0.000259
52.4,0.000658
52.433333,0.004240
52.466667,0.000406
52.5,0.000015
52.533333,0.000002
52.566667,0.000000
52.6,0.000000
52.633333,0.025990
52.666667,0.000024
52.7,0.000009
52.733333,0.000001
52.766667,0.000000
52.8,0.000000
52.833333,0.000000
52.866667,0.000000
52.9,0.000000
52.933333,0.000000
52.966667,0.000000
53,0.000142
53.033333,0.000062
53.066667,0.000018
53.1,0.000005
53.133333,0.000001
53.166667,0.000000
53.2,0.000000
53.233333,0.000000
53.266667,0.000000
53.3,0.000000
53.333333,0.000000
53.366667,0.000000
53.4,0.000000
53.433333,0.000000
53.466667,0.000000
53.5,0.000000
53.533333,0.000000
53.566667,0.000000
53.6,0.000000
53.633333,0.000000
53.666667,0.000000
53.7,0.000000
53.733333,0.000000
53.766667,0.000000
53.8,0.000000
53.833333,0.000000
53.866667,0.000000
53.9,0.000000
53.933333,0.000000
53.966667,0.000000
54,0.000055
54.033333,0.000004
54.066667,0.000018
54.1,0.000005
54.133333,0.000001
54.166667,0.000000
54.2,0.019551
54.233333,0.000024
54.266667,0.000010
54.3,0.000002
54.333333,0.000000
54.366667,0.000000
54.4,0.000000
54.433333,0.000000
54.466667,0.000000
54.5,0.000000
54.533333,0.000000
54.566667,0.000000
54.6,0.000000
54.633333,0.000000
54.666667,0.000000
54.7,0.000000
54.733333,0.000000
54.766667,0.000000
54.8,0.000000
54.833333,0.000000
54.866667,0.000000
54.9,0.000000
54.933333,0.000000
54.966667,0.000000
55,0.000098
55.033333,0.000049
55.066667,0.000018
55.1,0.000005
55.133333,0.000001
55.166667,0.000000
55.2,0.000000
55.233333,0.000000
55.266667,0.000000
55.3,0.000000
55.333333,0.000000
55.366667,0.000000
55.4,0.000000
55.433333,0.000000
55.466667,0.000000
55.5,0.024411
55.533333,0.000026
55.566667,0.000012
55.6,0.000002
55.633333,0.000000
55.666667,0.000000
55.7,0.000000
55.733333,0.000000
55.766667,0.000000
55.8,0.000000
55.833333,0.000000
55.866667,0.000000
55.9,0.000000
55.933333,0.000000
55.966667,0.000000
56,0.000102
56.033333,0.000053
56.066667,0.000018
56.1,0.000005
56.133333,0.000001
56.166667,0.000000
56.2,0.000000
56.233333,0.000000
56.266667,0.000000
56.3,0.000000
56.333333,0.000000
56.366667,0.000000
56.4,0.000000
56.433333,0.000000
56.466667,0.000000
56.5,0.000000
56.533333,0.000000
56.566667,0.000000
56.6,0.000000
56.633333,0.000000
56.666667,0.000000
56.7,0.000000
56.733333,0.000000
56.766667,0.000000
56.8,0.000000
56.833333,0.000000
56.866667,0.000000
56.9,0.023631
56.933333,0.000025
56.966667,0.000010
57,0.000096
57.033333,0.000048
57.066667,0.000018
57.1,0.000005
57.133333,0.000001
57.166667,0.000000
57.2,0.000000
57.233333,0.000000
57.266667,0.000000
57.3,0.000000
57.333333,0.000000
57.366667,0.000000
57.4,0.000000
57.433333,0.000000
57.466667,0.000000
57.5,0.000000
57.533333,0.000000
57.566667,0.000000
57.6,0.000000
57.633333,0.000000
57.666667,0.000000
57.7,0.000000
57.733333,0.000000
57.766667,0.000000
57.8,0.000000
57.833333,0.000000
57.866667,0.000000
57.9,0.000000
57.933333,0.000000
57.966667,0.000000
58,0.000055
58.033333,0.000004
58.066667,0.000018
58.1,0.000005
58.133333,0.000001
58.166667,0.000000
58.2,0.000000
58.233333,0.052114
58.266667,0.000038
58.3,0.000018
58.333333,0.000002
58.366667,0.000000
58.4,0.000000
58.433333,0.000000
58.466667,0.000000
58.5,0.000000
58.533333,0.000000
58.566667,0.000000
58.6,0.000000
58.633333,0.000000
58.666667,0.000000
58.7,0.000000
58.733333,0.000000
58.766667,0.000000
58.8,0.000000
58.833333,0.000000
58.866667,0.000000
58.9,0.000000
58.933333,0.000000
58.966667,0.000000
59,0.000151
59.033333,0.000064
59.066667,0.000019
59.1,0.000005
59.133333,0.000001
59.166667,0.000000
59.2,0.000000
59.233333,0.000000
59.266667,0.000000
59.3,0.000000
59.333333,0.000000
59.366667,0.000000
59.4,0.000000
59.433333,0.000000
59.466667,0.000000
59.5,0.000000
59.533333,0.000000
59.566667,0.000000
59.6,0.000000
59.633333,0.000000
59.666667,0.000000
59.7,0.000000
59.733333,0.000000
59.766667,0.000000
59.8,0.000000
59.833333,0.000000
59.866667,0.000000
59.9,0.000000
59.933333,0.000000
59.966667,0.000000
60,0.000056
60.033333,0.000004
60.066667,0.000019
60.1,0.000005
60.133333,0.000001
60.166667,0.000000
60.2,0.000000
60.233333,0.307905
60.266667,0.000016
60.3,0.009980
60.333333,0.037565
60.366667,0.011347
60.4,0.023240
60.433333,0.004360
60.466667,0.000991
60.5,0.002025
60.533333,0.012262
60.566667,0.033713
60.6,0.003960
60.633333,0.028313
60.666667,0.006437
60.7,0.008208
60.733333,0.024352
60.766667,0.000063
60.8,0.000553
60.833333,0.000029
60.866667,0.000128
60.9,0.000018
60.933333,0.000084
60.966667,0.000014
61,0.001844
61.033333,0.000135
61.066667,0.032594
61.1,0.000041
61.133333,0.000016
61.166667,0.000003
61.2,0.000000
61.233333,0.000000
61.266667,0.000000
61.3,0.000000
61.333333,0.000000
61.366667,0.000000
61.4,0.000000
61.433333,0.000000
61.466667,0.000000
61.5,0.000000
61.533333,0.000000
61.566667,0.000000
61.6,0.000000
61.633333,0.000000
61.666667,0.000000
61.7,0.000000
61.733333,0.000000
61.766667,0.000000
61.8,0.000000
61.833333,0.000000
61.866667,0.000000
61.9,0.000000
61.933333,0.000000
61.966667,0.000000
62,0.000173
62.033333,0.000085
62.066667,0.000031
62.1,0.000009
62.133333,0.000002
62.166667,0.000000
62.2,0.000000
62.233333,0.000000
62.266667,0.000000
62.3,0.027877
62.333333,0.000037
62.366667,0.000012
62.4,0.000002
62.433333,0.000000
62.466667,0.000000
62.5,0.000000
62.533333,0.000000
62.566667,0.000000
62.6,0.000000
62.633333,0.000000
62.666667,0.000000
62.7,0.000000
62.733333,0.000000
62.766667,0.000000
62.8,0.000000
62.833333,0.000000
62.866667,0.000000
62.9,0.000000
62.933333,0.000000
62.966667,0.000000
63,0.000149
63.033333,0.000062
63.066667,0.000031
63.1,0.000009
63.133333,0.000002
63.166667,0.000000
63.2,0.000000
63.233333,0.000000
63.266667,0.000000
63.3,0.000000
63.333333,0.000000
63.366667,0.000000
63.4,0.000000
63.433333,0.000000
63.466667,0.000000
63.5,0.000000
63.533333,0.000000
63.566667,0.000000
63.6,0.000000
63.633333,0.000000
63.666667,0.000000
63.7,0.000000
63.733333,0.000000
63.766667,0.000000
63.8,0.000000
63.833333,0.344566
63.866667,0.000810
63.9,0.000112
63.933333,0.000155
63.966667,0.000043
64,0.000096
64.033333,0.000008
64.066667,0.000002
64.1,0.000001
64.133333,0.000000
64.166667,0.000000
64.2,0.000000
64.233333,0.000000
64.266667,0.000000
64.3,0.000000
64.333333,0.000000
64.366667,0.000000
64.4,0.000000
64.433333,0.000000
64.466667,0.000000
64.5,0.000000
64.533333,0.000000
64.566667,0.000000
64.6,0.000000
64.633333,0.000000
64.666667,0.000000
64.7,0.000000
64.733333,0.000000
64.766667,0.000000
64.8,0.000000
64.833333,0.000542
64.866667,0.000043
64.9,0.000011
64.933333,0.000005
64.966667,0.000001
65,0.000158
65.033333,0.000007
65.066667,0.000002
65.1,0.000001
65.133333,0.000000
65.166667,0.000000
65.2,0.000000
65.233333,0.000000
65.266667,0.000000
65.3,0.000000
65.333333,0.000000
65.366667,0.000000
65.4,0.000000
65.433333,0.000000
65.466667,0.000000
65.5,0.000000
65.533333,0.000000
65.566667,0.000000
65.6,0.000000
65.633333,0.000000
65.666667,0.000000
65.7,0.000000
65.733333,0.000000
65.766667,0.000000
65.8,0.000000
65.833333,0.000011
65.866667,0.000003
65.9,0.000003
65.933333,0.000001
65.966667,0.000000
66,0.000010
66.033333,0.000004
66.066667,0.000002
66.1,0.000001
66.133333,0.000000
66.166667,0.000000
66.2,0.000000
66.233333,0.000000
66.266667,0.000000
66.3,0.000000
66.333333,0.000000
66.366667,0.000000
66.4,0.000000
66.433333,0.000000
66.466667,0.000000
66.5,0.000000
66.533333,0.000000
66.566667,0.000000
66.6,0.000000
66.633333,0.000000
66.666667,0.000000
66.7,0.000000
66.733333,0.091624
66.766667,0.000049
66.8,0.000019
66.833333,0.000304
66.866667,0.001195
66.9,0.003999
66.933333,0.010246
66.966667,0.011474
67,0.010800
67.033333,0.005689
67.066667,0.001247
67.1,0.000373
67.133333,0.002054
67.166667,0.003644
67.2,0.004846
67.233333,0.005327
67.266667,0.013420
67.3,0.008164
67.333333,0.004517
67.366667,0.004152
67.4,0.003412
67.433333,0.002259
67.466667,0.000573
67.5,0.000072
67.533333,0.000764
67.566667,0.003700
67.6,0.001425
67.633333,0.000193
67.666667,0.001378
67.7,0.000356
67.733333,0.001172
67.766667,0.001905
67.8,0.001708
67.833333,0.000164
67.866667,0.001688
67.9,0.002618
67.933333,0.004585
67.966667,0.002575
68,0.022439
68.033333,0.013457
68.066667,0.010173
68.1,0.011111
68.133333,0.007438
68.166667,0.042187
68.2,0.170160
68.233333,0.034275
68.266667,0.012794
68.3,0.003242
68.333333,0.005653
68.366667,0.002022
68.4,0.011458
68.433333,0.000055
68.466667,0.000475
68.5,0.001048
68.533333,0.002360
68.566667,0.000571
68.6,0.000419
68.633333,0.001567
68.666667,0.001799
68.7,0.001072
68.733333,0.001262
68.766667,0.006820
68.8,0.004326
68.833333,0.002221
68.866667,0.003104
68.9,0.002233
68.933333,0.001950
68.966667,0.000989
69,0.005324
69.033333,0.009302
69.066667,0.001813
69.1,0.001533
69.133333,0.000672
69.166667,0.022214
69.2,0.000961
69.233333,0.004190
69.266667,0.012961
69.3,0.007555
69.333333,0.021636
69.366667,0.015601
69.4,0.002078
69.433333,0.001892
69.466667,0.001158
69.5,0.001315
69.533333,0.001288
69.566667,0.001136
69.6,0.006861
69.633333,0.004196
69.666667,0.001005
69.7,0.000394
69.733333,0.002501
69.766667,0.003046
69.8,0.003098
69.833333,0.002242
69.866667,0.000256
69.9,0.000153
69.933333,0.000698
69.966667,0.000002
70,0.000633
70.033333,0.000621
70.066667,0.000521
70.1,0.001689
70.133333,0.002605
70.166667,0.001155
70.2,0.000960
70.233333,0.000897
70.266667,0.001889
70.3,0.001607
70.333333,0.000482
70.366667,0.000798
70.4,0.002223
70.433333,0.004145
70.466667,0.004165
70.5,0.001949
70.533333,0.055501
70.566667,0.019677
70.6,0.004282
70.633333,0.002870
70.666667,0.000621
70.7,0.040593
70.733333,0.019349
70.766667,0.011852
70.8,0.008051
70.833333,0.005797
70.866667,0.006484
70.9,0.003338
70.933333,0.001501
70.966667,0.001794
71,0.001133
71.033333,0.001241
71.066667,0.001096
71.1,0.001004
71.133333,0.011422
71.166667,0.003684
71.2,0.003265
71.233333,0.003029
71.266667,0.003686
71.3,0.000047
71.333333,0.001650
71.366667,0.000840
71.4,0.000563
71.433333,0.000230
71.466667,0.001024
71.5,0.000218
71.533333,0.000088
71.566667,0.000840
71.6,0.000411
71.633333,0.000962
71.666667,0.000806
71.7,0.000485
71.733333,0.000142
71.766667,0.000297
71.8,0.001836
71.833333,0.001064
71.866667,0.000578
71.9,0.000890
71.933333,0.000879
71.966667,0.000207
72,0.000653
72.033333,0.000674
72.066667,0.000029
72.1,0.000491
72.133333,0.056010
72.166667,0.000236
72.2,0.000018
72.233333,0.000011
72.266667,0.000590
72.3,0.005398
72.333333,0.006294
72.366667,0.000273
72.4,0.000114
72.433333,0.004196
72.466667,0.001767
72.5,0.005199
72.533333,0.002645
72.566667,0.001621
72.6,0.001612
72.633333,0.006254
72.666667,0.011092
72.7,0.002763
72.733333,0.006273
72.766667,0.004353
72.8,0.002161
72.833333,0.002236
72.866667,0.001362
72.9,0.001358
72.933333,0.000448
72.966667,0.095652
73,0.020908
73.033333,0.011133
73.066667,0.006479
73.1,0.000466
73.133333,0.001978
73.166667,0.003466
73.2,0.006769
73.233333,0.005282
73.266667,0.009236
73.3,0.000391
73.333333,0.004382
73.366667,0.002726
73.4,0.001921
73.433333,0.001163
73.466667,0.000706
73.5,0.000393
73.533333,0.000143
73.566667,0.000050
73.6,0.000014
73.633333,0.000006
73.666667,0.000000
73.7,0.000000
73.733333,0.000000
73.766667,0.000000
73.8,0.000000
73.833333,0.000101
73.866667,0.000019
73.9,0.000008
73.933333,0.000002
73.966667,0.000001
74,0.000127
74.033333,0.000008
74.066667,0.000004
74.1,0.000001
74.133333,0.000000
74.166667,0.000000
74.2,0.000000
74.233333,0.000000
74.266667,0.000000
74.3,0.000000
74.333333,0.000000
74.366667,0.000000
74.4,0.000000
74.433333,0.000000
74.466667,0.000000
74.5,0.000000
74.533333,0.000000
74.566667,0.000000
74.6,0.000000
74.633333,0.000000
74.666667,0.000000
74.7,0.000000
74.733333,0.000000
74.766667,0.000000
74.8,0.000000
74.833333,0.000004
74.866667,0.000002
74.9,0.000001
74.933333,0.000000
74.966667,0.000000
75,0.000010
75.033333,0.000004
75.066667,0.000004
75.1,0.000001
75.133333,0.000000
75.166667,0.000000
75.2,0.000000
75.233333,0.000000
75.266667,0.000000
75.3,0.000000
75.333333,0.000000
75.366667,0.000000
75.4,0.000000
75.433333,1.000000
75.466667,0.062122
75.5,0.039216
75.533333,0.003393
75.566667,0.000019
75.6,0.000006
75.633333,0.000002
75.666667,0.000000
75.7,0.000000
75.733333,0.000000
75.766667,0.000000
75.8,0.000000
75.833333,0.000000
75.866667,0.000000
75.9,0.000000
75.933333,0.000000
75.966667,0.000000
76,0.000095
76.033333,0.000005
76.066667,0.000002
76.1,0.000000
76.133333,0.000000
76.166667,0.000000
76.2,0.000000
76.233333,0.000000
76.266667,0.000000
76.3,0.000000
76.333333,0.000000
76.366667,0.000000
76.4,0.000000
76.433333,0.000000
76.466667,0.000000
76.5,0.000000
76.533333,0.000000
76.566667,0.000000
76.6,0.000000
76.633333,0.000000
76.666667,0.000000
76.7,0.000000
76.733333,0.000000
76.766667,0.000000
76.8,0.000000
76.833333,0.000000
76.866667,0.000000
76.9,0.000000
76.933333,0.000000
76.966667,0.000000
77,0.000004
77.033333,0.000000
77.066667,0.000002
77.1,1.000000
77.133333,0.000051
77.166667,0.000013
77.2,0.000006
77.233333,0.000001
77.266667,0.000000
77.3,0.000000
77.333333,0.000000
77.366667,0.000000
77.4,0.000000
77.433333,0.000000
77.466667,0.000000
77.5,0.000000
77.533333,0.000000
77.566667,0.000000
77.6,0.000000
77.633333,0.000000
77.666667,0.000000
77.7,0.000000
77.733333,0.000000
77.766667,0.000000
77.8,0.000000
77.833333,0.000000
77.866667,0.000000
77.9,0.000000
77.933333,0.000000
77.966667,0.000000
78,0.000179
78.033333,0.000013
78.066667,0.000003
78.1,0.000001
78.133333,0.000000
78.166667,0.000000
78.2,0.000000
78.233333,0.000000
78.266667,0.000000
78.3,0.000000
78.333333,0.000000
78.366667,0.000000
78.4,0.000000
78.433333,0.000000
78.466667,0.000000
78.5,0.000000
78.533333,0.000000
78.566667,0.000000
78.6,0.000000
78.633333,0.000000
78.666667,0.000000
78.7,0.000000
78.733333,0.000000
78.766667,0.000000
78.8,0.000000
78.833333,0.000000
78.866667,0.000000
78.9,0.000000
78.933333,0.000000
78.966667,0.000000
79,0.000012
79.033333,0.000001
79.066667,0.000003
79.1,0.000001
79.133333,0.000000
79.166667,0.000000
79.2,0.000000
79.233333,0.000000
79.266667,0.000000
79.3,0.000000
79.333333,0.049913
79.366667,0.002198
79.4,0.000003
79.433333,0.000000
79.466667,0.000036
79.5,0.000036
79.533333,0.000001
79.566667,0.000000
79.6,0.000000
79.633333,0.000000
79.666667,0.000000
79.7,0.000000
79.733333,0.000000
79.766667,0.000007
79.8,0.000007
79.833333,0.000000
79.866667,0.000003
79.9,0.000001
79.933333,0.000002
79.966667,0.000001
80,0.000013
80.033333,0.000004
80.066667,0.000027
80.1,0.000637
80.133333,0.000002
80.166667,0.000000
80.2,0.000000
80.233333,0.000000
80.266667,0.000000
80.3,0.000000
80.333333,0.000000
80.366667,0.000000
80.4,0.000000
80.433333,0.000000
80.466667,0.000000
80.5,0.000000
80.533333,0.000000
80.566667,0.000000
80.6,0.000000
80.633333,0.000000
80.666667,0.000000
80.7,0.000000
80.733333,0.000000
80.766667,0.000000
80.8,0.000000
80.833333,0.000000
80.866667,0.000000
80.9,0.000000
80.933333,0.001588
80.966667,0.000655
81,0.000945
81.033333,0.000505
81.066667,0.040728
81.1,0.000400
81.133333,0.000923
81.166667,0.000417
81.2,0.000062
81.233333,0.000746
81.266667,0.000483
81.3,0.000117
81.333333,0.000042
81.366667,0.000825
81.4,0.000382
81.433333,0.000047
81.466667,0.000025
81.5,0.000845
81.533333,0.000326
81.566667,0.000009
81.6,0.000030
81.633333,0.000881
81.666667,0.000311
81.7,0.000019
81.733333,0.000805
81.766667,0.000344
81.8,0.000054
81.833333,0.000004
81.866667,0.000857
81.9,0.000295
81.933333,0.000012
81.966667,0.000006
82,0.000134
82.033333,0.000013
82.066667,0.000003
82.1,0.000001
82.133333,0.000000
82.166667,0.000000
82.2,0.000000
82.233333,0.000000
82.266667,0.000000
82.3,0.000000
82.333333,0.000000
82.366667,0.000000
82.4,0.000000
82.433333,0.000000
82.466667,0.000000
82.5,0.000000
82.533333,0.000000
82.566667,0.000000
82.6,0.000000
82.633333,0.000000
82.666667,0.000000
82.7,0.000000
82.733333,0.000000
82.766667,0.000000
82.8,0.000000
82.833333,0.000000
82.866667,0.000000
82.9,0.000000
82.933333,0.000000
82.966667,0.000000
83,0.039474
83.033333,0.000012
83.066667,0.000003
83.1,0.000001
83.133333,0.000000
83.166667,0.000000
83.2,0.000000
83.233333,0.000000
83.266667,0.000000
83.3,0.000000
83.333333,0.000616
83.366667,0.000120
83.4,0.000128
83.433333,0.000003
83.466667,0.000122
83.5,0.000119
83.533333,0.000016
83.566667,0.000139
83.6,0.000142
83.633333,0.000137
83.666667,0.000144
83.7,0.000019
83.733333,0.000114
83.766667,0.000133
83.8,0.000054
83.833333,0.000193
83.866667,0.000143
83.9,0.000084
83.933333,0.000075
83.966667,0.000075
84,0.000134
84.033333,0.000073
84.066667,0.000057
84.1,0.000143
84.133333,0.000214
84.166667,0.000211
84.2,0.000191
84.233333,0.000072
84.266667,0.000080
84.3,0.000746
84.333333,0.000003
84.366667,0.000001
84.4,0.000000
84.433333,0.000000
84.466667,0.000000
84.5,0.000000
84.533333,0.039733
84.566667,0.000012
84.6,0.000004
84.633333,0.000001
84.666667,0.002130
84.7,0.000423
84.733333,0.000117
84.766667,0.000194
84.8,0.000639
84.833333,0.001471
84.866667,0.000788
84.9,0.000084
84.933333,0.000279
84.966667,0.000239
85,0.000087
85.033333,0.000248
85.066667,0.000518
85.1,0.000357
85.133333,0.000023
85.166667,0.000566
85.2,0.001441
85.233333,0.000842
85.266667,0.000037
85.3,0.000037
85.333333,0.000154
85.366667,0.000195
85.4,0.000053
85.433333,0.000919
85.466667,0.001134
85.5,0.000654
85.533333,0.000056
85.566667,0.001009
85.6,0.000805
85.633333,0.000753
85.666667,0.000019
85.7,0.000007
85.733333,0.000002
85.766667,0.000000
85.8,0.000000
85.833333,0.000000
85.866667,0.000000
85.9,0.000000
85.933333,0.000000
85.966667,0.000000
86,0.000160
86.033333,0.000013
86.066667,0.000004
86.1,0.000001
86.133333,0.000000
86.166667,0.000000
86.2,0.000000
86.233333,0.000000
86.266667,0.000000
86.3,0.000000
86.333333,0.000000
86.366667,0.000000
86.4,0.035575
86.433333,0.000010
86.466667,0.000004
86.5,0.000001
86.533333,0.000000
86.566667,0.000000
86.6,0.000000
86.633333,0.000000
86.666667,0.000228
86.7,0.000044
86.733333,0.000046
86.766667,0.000011
86.8,0.000120
86.833333,0.000127
86.866667,0.000003
86.9,0.000005
86.933333,0.000012
86.966667,0.000055
87,0.000029
87.033333,0.000015
87.066667,0.000040
87.1,0.000003
87.133333,0.000140
87.166667,0.000123
87.2,0.000013
87.233333,0.000005
87.266667,0.000005
87.3,0.000069
87.333333,0.000008
87.366667,0.000054
87.4,0.000048
87.433333,0.000071
87.466667,0.000177
87.5,0.000049
87.533333,0.000007
87.566667,0.000194
87.6,0.000189
87.633333,0.000919
87.666667,0.000004
87.7,0.000001
87.733333,0.000000
87.766667,0.000000
87.8,0.001346
87.833333,0.000040
87.866667,0.000021
87.9,0.000025
87.933333,0.000003
87.966667,0.000608
88,0.067167
88.033333,0.001340
88.066667,0.000039
88.1,0.000550
88.133333,0.000472
88.166667,0.000028
88.2,0.000034
88.233333,0.000029
88.266667,0.000667
88.3,0.000593
88.333333,0.000048
88.366667,0.000491
88.4,0.000333
88.433333,0.000112
88.466667,0.000054
88.5,0.000622
88.533333,0.000545
88.566667,0.000053
88.6,0.000080
88.633333,0.000640
88.666667,0.000703
88.7,0.000183
88.733333,0.000578
88.766667,0.001175
88.8,0.000011
88.833333,0.000005
88.866667,0.000001
88.9,0.000000
88.933333,0.000000
88.966667,0.000000
89,0.000094
89.033333,0.000013
89.066667,0.000003
89.1,0.000001
89.133333,0.000000
89.166667,0.000000
89.2,0.000000
89.233333,0.000000
89.266667,0.000000
89.3,0.000000
89.333333,0.000000
89.366667,0.000000
89.4,0.000000
89.433333,0.000000
89.466667,0.000000
89.5,0.000000
89.533333,0.000000
89.566667,0.000000
89.6,0.000000
89.633333,0.000000
89.666667,0.000000
89.7,0.000000
89.733333,0.000000
89.766667,0.000000
89.8,0.000000
89.833333,0.000000
89.866667,0.000000
89.9,0.000000
89.933333,0.000000
89.966667,0.000000
90,0.000012
90.033333,0.000001
90.066667,0.000003
90.1,0.000001
90.133333,0.000000
90.166667,0.000000
90.2,0.000000
90.233333,0.000000
90.266667,0.000000
90.3,0.000000
90.333333,0.000000
90.366667,0.000000
90.4,0.000000
90.433333,0.000000
90.466667,0.000000
90.5,0.000000
90.533333,0.000000
90.566667,0.000000
90.6,0.000000
90.633333,0.000000
90.666667,0.047029
90.7,0.000017
90.733333,0.000006
90.766667,0.000002
90.8,0.000000
90.833333,0.000000
90.866667,0.000000
90.9,0.000000
90.933333,0.000000
90.966667,0.000000
91,0.000063
91.033333,0.000014
91.066667,0.000004
91.1,0.000001
91.133333,0.000000
91.166667,0.000000
91.2,0.000000
91.233333,0.000000
91.266667,0.000000
91.3,0.000000
91.333333,0.000000
91.366667,0.000000
91.4,0.000000
91.433333,0.000000
91.466667,0.000000
91.5,0.000000
91.533333,0.000000
91.566667,0.000000
91.6,0.000000
91.633333,0.000000
91.666667,0.000000
91.7,0.000000
91.733333,0.000000
91.766667,0.000000
91.8,0.000000
91.833333,0.000000
91.866667,0.000000
91.9,0.000000
91.933333,0.000000
91.966667,0.000000
92,0.000012
92.033333,0.000001
92.066667,0.000004
92.1,0.000001
92.133333,0.000000
92.166667,0.000000
92.2,0.000000
92.233333,0.000000
92.266667,0.000000
92.3,0.000000
92.333333,0.000000
92.366667,0.000000
92.4,0.000000
92.433333,0.000000
92.466667,0.000000
92.5,0.000000
92.533333,0.000000
92.566667,0.000000
92.6,0.000000
92.633333,0.000000
92.666667,0.000000
92.7,0.000000
92.733333,0.060915
92.766667,0.000010
92.8,0.000004
92.833333,0.000001
92.866667,0.000000
92.9,0.000000
92.933333,0.000000
92.966667,0.000000
93,0.000035
93.033333,0.000012
93.066667,0.000003
93.1,0.000001
93.133333,0.000000
93.166667,0.000000
93.2,0.000000
93.233333,0.000000
93.266667,0.000000
93.3,0.000000
93.333333,0.000000
93.366667,0.000000
93.4,0.000000
93.433333,0.000000
93.466667,0.000000
93.5,0.000000
93.533333,0.000000
93.566667,0.000000
93.6,0.000000
93.633333,0.000000
93.666667,0.000000
93.7,0.000000
93.733333,0.005065
93.766667,0.002258
93.8,0.000461
93.833333,0.000456
93.866667,0.000117
93.9,0.000033
93.933333,0.000196
93.966667,0.000130
94,0.000017
94.033333,0.000017
94.066667,0.000005
94.1,0.000221
94.133333,0.000091
94.166667,0.000100
94.2,0.000001
94.233333,0.000107
94.266667,0.000115
94.3,0.035170
94.333333,0.000522
94.366667,0.000000
94.4,0.000099
94.433333,0.000108
94.466667,0.000006
94.5,0.000000
94.533333,0.000000
94.566667,0.000000
94.6,0.000000
94.633333,0.000013
94.666667,0.000082
94.7,0.000081
94.733333,0.000003
94.766667,0.000000
94.8,0.000000
94.833333,0.000000
94.866667,0.000000
94.9,0.000000
94.933333,0.000000
94.966667,0.000000
95,0.000044
95.033333,0.000013
95.066667,0.000003
95.1,0.000001
95.133333,0.000000
95.166667,0.000000
95.2,0.000000
95.233333,0.000000
95.266667,0.000000
95.3,0.000000
95.333333,0.000000
95.366667,0.000000
95.4,0.000000
95.433333,0.000000
95.466667,0.000000
95.5,0.000000
95.533333,0.000000
95.566667,0.000000
95.6,0.000000
95.633333,0.000000
95.666667,0.000000
95.7,0.000000
95.733333,0.000000
95.766667,0.000000
95.8,0.000000
95.833333,0.000000
95.866667,0.000000
95.9,0.000000
95.933333,0.000000
95.966667,0.000000
96,0.000011
96.033333,0.032697
96.066667,0.000011
96.1,0.000004
96.133333,0.000001
96.166667,0.000000
96.2,0.000000
96.233333,0.000000
96.266667,0.000000
96.3,0.000000
96.333333,0.000000
96.366667,0.000000
96.4,0.000000
96.433333,0.000000
96.466667,0.000000
96.5,0.000000
96.533333,0.000000
96.566667,0.000000
96.6,0.000000
96.633333,0.000000
96.666667,0.000000
96.7,0.000000
96.733333,0.000000
96.766667,0.000000
96.8,0.000000
96.833333,0.000000
96.866667,0.000000
96.9,0.000000
96.933333,0.000000
96.966667,0.000000
97,0.000036
97.033333,0.000012
97.066667,0.000003
97.1,0.000001
97.133333,0.000000
97.166667,0.000000
97.2,0.000000
97.233333,0.000000
97.266667,0.000000
97.3,0.000000
97.333333,0.000000
97.366667,0.174285
97.4,0.000035
97.433333,0.000009
97.466667,0.000004
97.5,0.000000
97.533333,0.000000
97.566667,0.000000
97.6,0.000000
97.633333,0.000000
97.666667,0.000000
97.7,0.000000
97.733333,0.000000
97.766667,0.000000
97.8,0.000000
97.833333,0.000000
97.866667,0.000000
97.9,0.000000
97.933333,0.000000
97.966667,0.000000
98,0.000152
98.033333,0.000011
98.066667,0.000003
98.1,0.000001
98.133333,0.000000
98.166667,0.000000
98.2,0.000000
98.233333,0.000000
98.266667,0.000000
98.3,0.000000
98.333333,0.000000
98.366667,0.000000
98.4,0.000000
98.433333,0.000000
98.466667,0.000000
98.5,0.000000
98.533333,0.000000
98.566667,0.000000
98.6,0.000000
98.633333,0.000000
98.666667,0.000000
98.7,0.000000
98.733333,0.000000
98.766667,0.004485
98.8,0.001771
98.833333,0.001660
98.866667,0.001117
98.9,0.001141
98.933333,0.001015
98.966667,0.000657
99,0.000769
99.033333,0.001030
99.066667,0.001599
99.1,0.000586
99.133333,0.000195
99.166667,0.000744
99.2,0.001488
99.233333,0.000727
99.266667,0.000899
99.3,0.035086
99.333333,0.002570
99.366667,0.000747
99.4,0.000036
99.433333,0.000800
99.466667,0.001566
99.5,0.000745
99.533333,0.000017
99.566667,0.000160
99.6,0.000198
99.633333,0.000019
99.666667,0.000023
99.7,0.000711
99.733333,0.000720
99.766667,0.000016
99.8,0.000006
99.833333,0.000001
99.866667,0.000000
99.9,0.000000
99.933333,0.000000
99.966667,0.000000
100,0.000175
100.033333,0.000012
100.066667,0.000003
100.1,0.000001
100.133333,0.000000
100.166667,0.000000
100.2,0.000000
100.233333,0.000000
100.266667,0.000000
100.3,0.000000
100.333333,0.000000
100.366667,0.000000
100.4,0.000000
100.433333,0.000000
100.466667,0.000000
100.5,0.000000
100.533333,0.000000
100.566667,0.000000
100.6,0.000000
100.633333,0.000000
100.666667,0.000000
100.7,0.000000
100.733333,0.000000
100.766667,0.000000
100.8,0.000000
100.833333,0.000000
100.866667,0.000000
100.9,0.000000
100.933333,0.000000
100.966667,0.000000
101,0.000010
101.033333,0.000001
101.066667,0.000003
101.1,0.000001
101.133333,0.000000
101.166667,0.000000
101.2,0.000000
101.233333,0.000000
101.266667,0.000000
101.3,0.000000
101.333333,0.000000
101.366667,0.000000
101.4,0.043447
101.433333,0.000009
101.466667,0.000004
101.5,0.000001
101.533333,0.000000
101.566667,0.000000
101.6,0.000000
101.633333,0.000000
101.666667,0.000000
101.7,0.000000
101.733333,0.000000
101.766667,0.000000
101.8,0.000000
101.833333,0.000000
101.866667,0.000000
101.9,0.000000
101.933333,0.000000
101.966667,0.000000
102,0.000035
102.033333,0.000011
102.066667,0.000003
102.1,0.000001
102.133333,0.000000
102.166667,0.000000
102.2,0.000000
102.233333,0.000000
102.266667,0.000000
102.3,0.000000
102.333333,0.000000
102.366667,0.000000
102.4,0.000000
102.433333,0.000000
102.466667,0.000000
102.5,0.000000
102.533333,0.000000
102.566667,0.000000
102.6,0.000000
102.633333,0.000000
102.666667,0.000000
102.7,0.000000
102.733333,0.000000
102.766667,0.000000
102.8,0.000000
102.833333,0.000000
102.866667,0.000000
102.9,0.000000
102.933333,0.000000
102.966667,0.021662
103,0.000038
103.033333,0.000011
103.066667,0.000003
103.1,0.000001
103.133333,0.000000
103.166667,0.000000
103.2,0.000000
103.233333,0.000000
103.266667,0.000000
103.3,0.000000
103.333333,0.000000
103.366667,0.000000
103.4,0.000000
103.433333,0.000000
103.466667,0.000000
103.5,0.000000
103.533333,0.000000
103.566667,0.000000
103.6,0.000000
103.633333,0.000000
103.666667,0.000000
103.7,0.000000
103.733333,0.000000
103.766667,0.000000
103.8,0.000000
103.833333,0.000000
103.866667,0.000000
103.9,0.000000
103.933333,0.000000
103.966667,0.000000
104,0.000010
104.033333,0.000001
104.066667,0.000003
104.1,0.000001
104.133333,0.000000
104.166667,0.000000
104.2,0.000000
104.233333,0.000000
104.266667,0.000000
104.3,0.000000
104.333333,0.000000
104.366667,0.000000
104.4,0.000000
104.433333,0.000000
104.466667,0.000000
104.5,0.000000
104.533333,0.000000
104.566667,0.000000
104.6,0.001677
104.633333,0.022938
104.666667,0.000626
104.7,0.000078
104.733333,0.000129
104.766667,0.000067
104.8,0.000216
104.833333,0.000084
104.866667,0.000167
104.9,0.000257
104.933333,0.000020
104.966667,0.000261
105,0.001394
105.033333,0.000274
105.066667,0.000411
105.1,0.000045
105.133333,0.000067
105.166667,0.000483
105.2,0.000511
105.233333,0.000019
105.266667,0.000446
105.3,0.000936
105.333333,0.001226
105.366667,0.000260
105.4,0.000425
105.433333,0.000383
105.466667,0.000939
105.5,0.000951
105.533333,0.000714
105.566667,0.001070
105.6,0.000823
105.633333,0.000426
105.666667,0.000106
105.7,0.001007
105.733333,0.001096
105.766667,0.000501
105.8,0.000110
105.833333,0.001155
105.866667,0.001185
105.9,0.000832
105.933333,0.001503
105.966667,0.041174
106,0.000164
106.033333,0.000011
106.066667,0.000003
106.1,0.000001
106.133333,0.000000
106.166667,0.000000
106.2,0.000000
106.233333,0.000000
106.266667,0.000000
106.3,0.000000
106.333333,0.000000
106.366667,0.000000
106.4,0.000000
106.433333,0.000000
106.466667,0.000000
106.5,0.000000
106.533333,0.000000
106.566667,0.000000
106.6,0.000000
106.633333,0.000000
106.666667,0.000000
106.7,0.000000
106.733333,0.000000
106.766667,0.000000
106.8,0.000000
106.833333,0.000000
106.866667,0.000000
106.9,0.000000
106.933333,0.000000
106.966667,0.000000
107,0.000010
107.033333,0.000001
107.066667,0.000003
107.1,0.000001
107.133333,0.000000
107.166667,0.000000
107.2,0.000000
107.233333,0.000000
107.266667,0.000000
107.3,0.000000
107.333333,0.000000
107.366667,0.000000
107.4,0.000000
107.433333,0.000000
107.466667,0.000000
107.5,0.000000
107.533333,0.000000
107.566667,0.000000
107.6,0.000000
107.633333,0.000000
107.666667,0.000000
107.7,0.050135
107.733333,0.000014
107.766667,0.000005
107.8,0.000002
107.833333,0.000000
107.866667,0.000000
107.9,0.000000
107.933333,0.000000
107.966667,0.000000
108,0.000051
108.033333,0.000012
108.066667,0.000003
108.1,0.000001
108.133333,0.000000
108.166667,0.000000
108.2,0.000000
108.233333,0.000000
108.266667,0.000000
108.3,0.000000
108.333333,0.000000
108.366667,0.000000
108.4,0.000000
108.433333,0.000000
108.466667,0.000000
108.5,0.000000
108.533333,0.000000
108.566667,0.000000
108.6,0.000000
108.633333,0.000000
108.666667,0.000000
108.7,0.000000
108.733333,0.000000
108.766667,0.000000
108.8,0.000000
108.833333,0.000000
108.866667,0.000000
108.9,0.000000
108.933333,0.000000
108.966667,0.000000
109,0.000010
109.033333,0.000001
109.066667,0.000003
109.1,0.000001
109.133333,0.000000
109.166667,0.000000
109.2,0.000000
109.233333,0.000000
109.266667,0.000000
109.3,0.000000
109.333333,0.000000
109.366667,0.000000
109.4,0.000000
109.433333,0.000000
109.466667,0.000000
109.5,0.000000
109.533333,0.000000
109.566667,0.000000
109.6,0.000000
109.633333,0.000000
109.666667,0.000000
109.7,0.000000
109.733333,0.000000
109.766667,0.000000
109.8,0.000000
109.833333,0.000000
109.866667,0.054962
109.9,0.000010
109.933333,0.000004
109.966667,0.000001
110,0.000037
110.033333,0.000011
110.066667,0.000003
110.1,0.000001
110.133333,0.000000
110.166667,0.000000
110.2,0.000000
110.233333,0.000000
110.266667,0.000000
110.3,0.000000
110.333333,0.000000
110.366667,0.000000
110.4,0.000000
110.433333,0.000000
110.466667,0.000000
110.5,0.000000
110.533333,0.000000
110.566667,0.000000
110.6,0.000000
110.633333,0.000000
110.666667,0.000000
110.7,0.000000
110.733333,0.000000
110.766667,0.000000
110.8,0.000000
110.833333,0.000000
110.866667,0.000000
110.9,0.000000
110.933333,0.000000
110.966667,0.000000
111,0.000010
111.033333,0.000001
111.066667,0.000003
111.1,0.000001
111.133333,0.000000
111.166667,0.000000
111.2,0.000000
111.233333,0.000000
111.266667,0.000000
111.3,0.000000
111.333333,0.000000
111.366667,0.000000
111.4,0.000000
111.433333,0.000000
111.466667,0.033670
111.5,0.000008
111.533333,0.000003
111.566667,0.000001
111.6,0.000000
111.633333,0.000000
111.666667,0.000000
111.7,0.000000
111.733333,0.000000
111.766667,0.000000
111.8,0.000000
111.833333,0.000000
111.866667,0.000000
111.9,0.000000
111.933333,0.000000
111.966667,0.000000
112,0.000030
112.033333,0.000011
112.066667,0.000003
112.1,0.000001
112.133333,0.000000
112.166667,0.000000
112.2,0.000000
112.233333,0.000000
112.266667,0.000000
112.3,0.000000
112.333333,0.000000
112.366667,0.000000
112.4,0.000000
112.433333,0.000000
112.466667,0.000000
112.5,0.000000
112.533333,0.000000
112.566667,0.000000
112.6,0.000000
112.633333,0.000000
112.666667,0.000000
112.7,0.000000
112.733333,0.000000
112.766667,0.060187
112.8,0.000016
112.833333,0.000006
112.866667,0.000002
112.9,0.000000
112.933333,0.000000
112.966667,0.000000
113,0.000056
113.033333,0.000013
113.066667,0.000003
113.1,0.000001
113.133333,0.000000
113.166667,0.000000
113.2,0.000000
113.233333,0.000000
113.266667,0.000000
113.3,0.000000
113.333333,0.000000
113.366667,0.000000
113.4,0.000000
113.433333,0.000000
113.466667,0.000000
113.5,0.000000
113.533333,0.000000
113.566667,0.000000
113.6,0.000000
113.633333,0.000000
113.666667,0.000000
113.7,0.000000
113.733333,0.000000
113.766667,0.000000
113.8,0.000000
113.833333,0.000000
113.866667,0.000000
113.9,0.000000
113.933333,0.000000
113.966667,0.000000
114,0.000011
114.033333,0.000001
114.066667,0.000003
114.1,0.000001
114.133333,0.000000
114.166667,0.000000
114.2,0.000000
114.233333,0.000000
114.266667,0.000000
114.3,0.000000
114.333333,0.000000
114.366667,0.000000
114.4,0.000000
114.433333,0.000000
114.466667,0.000000
114.5,0.000000
114.533333,0.000000
114.566667,0.000000
114.6,0.062523
114.633333,0.000007
114.666667,0.000003
114.7,0.000001
114.733333,0.000000
114.766667,0.000000
114.8,0.000000
114.833333,0.000000
114.866667,0.000000
114.9,0.000000
114.933333,0.000000
114.966667,0.002141
115,0.000030
115.033333,0.000011
115.066667,0.000003
115.1,0.000001
115.133333,0.000000
115.166667,0.000000
115.2,0.000000
115.233333,0.000000
115.266667,0.000000
115.3,0.000000
115.333333,0.000000
115.366667,0.000000
115.4,0.000000
115.433333,0.000000
115.466667,0.038022
115.5,0.000013
115.533333,0.000005
115.566667,0.000001
115.6,0.000000
115.633333,0.000000
115.666667,0.000000
115.7,0.000000
115.733333,0.000000
115.766667,0.000000
115.8,0.002162
115.833333,0.000005
115.866667,0.000001
115.9,0.000000
115.933333,0.000000
115.966667,0.000000
116,0.000050
116.033333,0.000013
116.066667,0.000004
116.1,0.000001
116.133333,0.000000
116.166667,0.000000
116.2,0.000000
116.233333,0.000000
116.266667,0.000000
116.3,0.000000
116.333333,0.000000
116.366667,0.000000
116.4,0.000000
116.433333,0.000000
116.466667,0.000000
116.5,0.000000
116.533333,0.000000
116.566667,0.000000
116.6,0.000000
116.633333,0.000000
116.666667,0.000000
116.7,0.000000
116.733333,0.000000
116.766667,0.000000
116.8,0.000000
116.833333,0.000000
116.866667,0.000000
116.9,0.000000
116.933333,0.000000
116.966667,0.000000
117,0.000011
117.033333,0.000001
117.066667,0.000004
117.1,0.000001
117.133333,0.000000
117.166667,0.000000
117.2,0.042798
117.233333,0.000014
117.266667,0.000005
117.3,0.000002
117.333333,0.000000
117.366667,0.000000
117.4,0.000000
117.433333,0.000000
117.466667,0.000000
117.5,0.000000
117.533333,0.000000
117.566667,0.000000
117.6,0.000000
117.633333,0.000000
117.666667,0.000000
117.7,0.000000
117.733333,0.000000
117.766667,0.000000
117.8,0.000000
117.833333,0.000000
117.866667,0.000000
117.9,0.000000
117.933333,0.000000
117.966667,0.000000
118,0.000049
118.033333,0.000012
118.066667,0.000003
118.1,0.000001
118.133333,0.000000
118.166667,0.000000
118.2,0.000000
118.233333,0.000000
118.266667,0.000000
118.3,0.000000
118.333333,0.000000
118.366667,0.000000
118.4,0.000000
118.433333,0.000000
118.466667,0.000000
118.5,0.000000
118.533333,0.000000
118.566667,0.000000
118.6,0.000000
118.633333,0.000000
118.666667,0.000000
118.7,0.000000
118.733333,0.000000
118.766667,0.000000
118.8,0.000000
118.833333,0.000000
118.866667,0.000000
118.9,0.000000
118.933333,0.000000
118.966667,0.000000
119,0.000011
119.033333,0.000001
119.066667,0.000003
119.1,0.000001
119.133333,0.000000
119.166667,0.000000
119.2,0.000000
119.233333,0.049492
119.266667,0.000009
119.3,0.000003
119.333333,0.000001
119.366667,0.000000
119.4,0.000000
119.433333,0.000000
119.466667,0.000000
119.5,0.000000
119.533333,0.000000
119.566667,0.000000
119.6,0.000000
119.633333,0.000000
119.666667,0.000000
119.7,0.000000
119.733333,0.000000
119.766667,0.000000
119.8,0.000000
119.833333,0.000000
119.866667,0.000000
119.9,0.000000
119.933333,0.000000
119.966667,0.000000
120,0.000032
120.033333,0.000011
120.066667,0.000003
120.1,0.000001
120.133333,0.000000
120.166667,0.000000
120.2,0.000000
120.233333,0.000000
120.266667,0.000000
120.3,0.000000
120.333333,0.000000
120.366667,0.000000
120.4,0.000000
120.433333,0.000000
120.466667,0.000000
120.5,0.000000
120.533333,0.000000
120.566667,0.000000
120.6,0.000000
120.633333,0.000000
120.666667,0.032226
120.7,0.000010
120.733333,0.000004
120.766667,0.000001
120.8,0.000000
120.833333,0.000000
120.866667,0.000000
120.9,0.000000
120.933333,0.000000
120.966667,0.000000
121,0.000038
121.033333,0.000011
121.066667,0.000003
121.1,0.000001
121.133333,0.000000
121.166667,0.000000
121.2,0.000000
121.233333,0.000000
121.266667,0.000000
121.3,0.000000
121.333333,0.000000
121.366667,0.000000
121.4,0.000000
121.433333,0.000000
121.466667,0.000000
121.5,0.000000
121.533333,0.000000
121.566667,0.000000
121.6,0.000000
121.633333,0.000000
121.666667,0.000000
121.7,0.000000
121.733333,0.000000
121.766667,0.000000
121.8,0.000000
121.833333,0.000000
121.866667,0.000000
121.9,0.000000
121.933333,0.000000
121.966667,0.000000
122,0.000010
122.033333,0.000001
122.066667,0.000003
122.1,0.000001
122.133333,0.000000
122.166667,0.031820
122.2,0.000007
122.233333,0.000003
122.266667,0.000001
122.3,0.000000
122.333333,0.000000
122.366667,0.000000
122.4,0.000000
122.433333,0.000000
122.466667,0.000000
122.5,0.000000
122.533333,0.000000
122.566667,0.000000
122.6,0.000000
122.633333,0.000000
122.666667,0.000000
122.7,0.000000
122.733333,0.000000
122.766667,0.000000
122.8,0.000000
122.833333,0.000000
122.866667,0.000000
122.9,0.000000
122.933333,0.000000
122.966667,0.000000
123,0.000030
123.033333,0.000011
123.066667,0.000003
123.1,0.000001
123.133333,0.000000
123.166667,0.000000
123.2,0.000000
123.233333,0.000000
123.266667,0.000000
123.3,0.000000
123.333333,0.125260
123.366667,0.001152
123.4,0.000071
123.433333,0.000476
123.466667,0.000376
123.5,0.000010
123.533333,0.000045
123.566667,0.000005
123.6,0.000255
123.633333,0.000101
123.666667,0.000779
123.7,0.000400
123.733333,0.000149
123.766667,0.000033
123.8,0.000076
123.833333,0.000127
123.866667,0.000101
123.9,0.000308
123.933333,0.000232
123.966667,0.000430
124,0.000305
124.033333,0.000474
124.066667,0.000276
124.1,0.048827
124.133333,0.000317
124.166667,0.000058
124.2,0.000233
124.233333,0.000111
124.266667,0.000072
124.3,0.000228
124.333333,0.001253
124.366667,0.000757
124.4,0.000179
124.433333,0.000069
124.466667,0.000506
124.5,0.000082
124.533333,0.000146
124.566667,0.000445
124.6,0.000279
124.633333,0.000501
124.666667,0.000240
124.7,0.000239
124.733333,0.000110
124.766667,0.000401
124.8,0.000084
124.833333,0.000256
124.866667,0.000451
124.9,0.000243
124.933333,0.000322
124.966667,0.000260
125,0.000125
125.033333,0.000048
125.066667,0.000004
125.1,0.000000
125.133333,0.000001
125.166667,0.000000
125.2,0.000000
125.233333,0.000000
125.266667,0.000000
125.3,0.000000
125.333333,0.000000
125.366667,0.000000
125.4,0.000000
125.433333,0.000000
125.466667,0.000000
125.5,0.000000
125.533333,0.000000
125.566667,0.000000
125.6,0.000000
125.633333,0.000000
125.666667,0.000000
125.7,0.000000
125.733333,0.000000
125.766667,0.000000
125.8,0.000000
125.833333,0.000000
125.866667,0.000000
125.9,0.000000
125.933333,0.000000
125.966667,0.000000
126,0.000006
126.033333,0.000001
126.066667,0.000001
126.1,0.000001
126.133333,0.000000
126.166667,0.000000
126.2,0.000000
126.233333,0.000000
126.266667,0.000000
126.3,0.039215
126.333333,0.000008
126.366667,0.000002
126.4,0.000001
126.433333,0.000000
126.466667,0.000000
126.5,0.000000
126.533333,0.000000
126.566667,0.000000
126.6,0.000000
126.633333,0.000000
126.666667,0.000000
126.7,0.000000
126.733333,0.000000
126.766667,0.000000
126.8,0.000000
126.833333,0.000000
126.866667,0.000000
126.9,0.000000
126.933333,0.000000
126.966667,0.000000
127,0.000030
127.033333,0.000005
127.066667,0.000001
127.1,0.000000
127.133333,0.000000
127.166667,0.000000
127.2,0.000000
127.233333,0.000000
127.266667,0.000000
127.3,0.000000
127.333333,0.000000
127.366667,0.000000
127.4,0.000000
127.433333,0.000000
127.466667,0.000000
127.5,0.000000
127.533333,0.000000
127.566667,0.000000
127.6,0.000000
127.633333,0.000000
127.666667,0.000000
127.7,0.000000
127.733333,0.000000
127.766667,0.000000
127.8,0.000000
127.833333,0.000000
127.866667,0.000000
127.9,0.000000
127.933333,0.042520
127.966667,0.000010
128,0.000029
128.033333,0.000005
128.066667,0.000001
128.1,0.000000
128.133333,0.000000
128.166667,0.000000
128.2,0.000000
128.233333,0.000000
128.266667,0.000000
128.3,0.000000
128.333333,0.000000
128.366667,0.000000
128.4,0.000000
128.433333,0.000000
128.466667,0.000000
128.5,0.000000
128.533333,0.000000
128.566667,0.000000
128.6,0.000000
128.633333,0.000000
128.666667,0.000000
128.7,0.000000
128.733333,0.000000
128.766667,0.000000
128.8,0.000000
128.833333,0.000000
128.866667,0.000000
128.9,0.000000
128.933333,0.000000
128.966667,0.000000
129,0.000004
129.033333,0.000000
129.066667,0.000001
129.1,0.000000
129.133333,0.000000
129.166667,0.008721
129.2,0.000035
129.233333,0.000855
129.266667,0.000136
129.3,0.000748
129.333333,0.000040
129.366667,0.000947
129.4,0.000035
129.433333,0.000842
129.466667,0.000137
129.5,0.000750
129.533333,0.000026
129.566667,0.000965
129.6,0.000034
129.633333,0.000944
129.666667,0.000037
129.7,0.034788
129.733333,0.000141
129.766667,0.000748
129.8,0.000130
129.833333,0.000751
129.866667,0.000040
129.9,0.000941
129.933333,0.000028
129.966667,0.000960
130,0.000057
130.033333,0.000130
130.066667,0.000747
130.1,0.000129
130.133333,0.000750
130.166667,0.000006
130.2,0.000002
130.233333,0.000001
130.266667,0.000000
130.3,0.000000
130.333333,0.000000
130.366667,0.000000
130.4,0.000000
130.433333,0.000000
130.466667,0.000000
130.5,0.000000
130.533333,0.000000
130.566667,0.000000
130.6,0.000000
130.633333,0.000000
130.666667,0.000277
130.7,0.003249
130.733333,0.000451
130.766667,0.001504
130.8,0.000146
130.833333,0.001214
130.866667,0.000203
130.9,0.000065
130.933333,0.000443
130.966667,0.000312
131,0.000104
131.033333,0.000092
131.066667,0.000566
131.1,0.000275
131.133333,0.000056
131.166667,0.000089
131.2,0.000342
131.233333,0.000409
131.266667,0.000501
131.3,0.000615
131.333333,0.000507
131.366667,0.000189
131.4,0.000449
131.433333,0.000001
131.466667,0.000000
131.5,0.000000
131.533333,0.042890
131.566667,0.000014
131.6,0.000004
131.633333,0.000001
131.666667,0.000000
131.7,0.000000
131.733333,0.000000
131.766667,0.000000
131.8,0.000000
131.833333,0.000000
131.866667,0.000000
131.9,0.000000
131.933333,0.000000
131.966667,0.000000
132,0.000049
132.033333,0.000006
132.066667,0.000002
132.1,0.000001
132.133333,0.000000
132.166667,0.000000
132.2,0.000000
132.233333,0.000000
132.266667,0.000000
132.3,0.000000
132.333333,0.000000
132.366667,0.000000
132.4,0.000000
132.433333,0.000000
132.466667,0.000000
132.5,0.000000
132.533333,0.000000
132.566667,0.000000
132.6,0.000000
132.633333,0.000000
132.666667,0.000000
132.7,0.000000
132.733333,0.000000
132.766667,0.000000
132.8,0.000000
132.833333,0.000000
132.866667,0.000000
132.9,0.000000
132.933333,0.000000
132.966667,0.000000
133,0.000006
133.033333,0.000000
133.066667,0.000002
133.1,0.000001
133.133333,0.000000
133.166667,0.000000
133.2,0.000000
133.233333,0.000000
133.266667,0.000000
133.3,0.000000
133.333333,0.000000
133.366667,0.000000
133.4,0.000000
133.433333,0.000000
133.466667,0.000000
133.5,0.000000
133.533333,0.000000
133.566667,0.000000
133.6,0.000000
133.633333,0.000000
133.666667,0.000000
133.7,0.000000
133.733333,0.000000
133.766667,0.000000
133.8,0.000000
133.833333,0.000000
133.866667,0.000000
133.9,0.000000
133.933333,0.047620
133.966667,0.000009
134,0.000025
134.033333,0.000006
134.066667,0.000002
134.1,0.000001
134.133333,0.000000
134.166667,0.000000
134.2,0.000000
134.233333,0.000000
134.266667,0.000000
134.3,0.000000
134.333333,0.000000
134.366667,0.000000
134.4,0.000000
134.433333,0.000000
134.466667,0.000000
134.5,0.000000
134.533333,0.000000
134.566667,0.000000
134.6,0.000000
134.633333,0.000000
134.666667,0.000000
134.7,0.000000
134.733333,0.000000
134.766667,0.000000
134.8,0.000000
134.833333,0.000000
134.866667,0.000000
134.9,0.000000
134.933333,0.000000
134.966667,0.000000
135,0.000005
135.033333,0.000000
135.066667,0.000002
135.1,0.000001
135.133333,0.000000
135.166667,0.000000
135.2,0.000000
135.233333,0.000000
135.266667,0.000000
135.3,0.000000
135.333333,0.000000
135.366667,0.000000
135.4,0.000000
135.433333,0.000000
135.466667,0.000000
135.5,0.033207
135.533333,0.000007
135.566667,0.000002
135.6,0.000001
135.633333,0.000000
135.666667,0.000000
135.7,0.000000
135.733333,0.000000
135.766667,0.000000
135.8,0.000000
135.833333,0.000000
135.866667,0.000000
135.9,0.000000
135.933333,0.000000
135.966667,0.000000
136,0.000027
136.033333,0.000006
136.066667,0.000002
136.1,0.000001
136.133333,0.000000
136.166667,0.000000
136.2,0.000000
136.233333,0.000000
136.266667,0.000000
136.3,0.000000
136.333333,0.000000
136.366667,0.000000
136.4,0.000000
136.433333,0.000000
136.466667,0.000000
136.5,0.000000
136.533333,0.000000
136.566667,0.000000
136.6,0.000000
136.633333,0.000000
136.666667,0.000000
136.7,0.024295
136.733333,0.000009
136.766667,0.000003
136.8,0.000001
136.833333,0.000000
136.866667,0.000000
136.9,0.000000
136.933333,0.000000
136.966667,0.000000
137,0.000031
137.033333,0.000006
137.066667,0.000002
137.1,0.000001
137.133333,0.000000
137.166667,0.000000
137.2,0.000000
137.233333,0.000000
137.266667,0.000000
137.3,0.000000
137.333333,0.000000
137.366667,0.000000
137.4,0.000000
137.433333,0.000000
137.466667,0.000000
137.5,0.000000
137.533333,0.000000
137.566667,0.000000
137.6,0.000000
137.633333,0.000000
137.666667,0.000000
137.7,0.000000
137.733333,0.000000
137.766667,0.000000
137.8,0.000000
137.833333,0.000000
137.866667,0.000000
137.9,0.000000
137.933333,0.000000
137.966667,0.000000
138,0.000005
138.033333,1.000000
138.066667,0.031964
138.1,0.068575
138.133333,0.069695
138.166667,0.002483
138.2,0.000032
138.233333,0.000009
138.266667,0.000004
138.3,0.000000
138.333333,0.000000
138.366667,0.000000
138.4,0.000000
138.433333,0.000000
138.466667,0.000000
138.5,0.000000
138.533333,0.000000
138.566667,0.000000
138.6,0.000000
138.633333,0.000000
138.666667,0.000000
138.7,0.000000
138.733333,0.000000
138.766667,0.000000
138.8,0.000000
138.833333,0.000000
138.866667,0.000000
138.9,0.000000
138.933333,0.000000
138.966667,0.000000
139,0.000153
139.033333,0.000007
139.066667,0.000002
139.1,0.000000
139.133333,0.000000
139.166667,0.000000
139.2,0.000000
139.233333,0.000000
139.266667,0.000000
139.3,0.000000
139.333333,0.000000
139.366667,0.000000
139.4,0.000000
139.433333,0.000000
139.466667,0.000000
139.5,0.000000
139.533333,0.000000
139.566667,0.000000
139.6,0.000000
139.633333,0.000000
139.666667,0.000000
139.7,1.000000
139.733333,0.000026
139.766667,0.000007
139.8,0.000003
139.833333,0.000000
139.866667,0.000000
139.9,0.000000
139.933333,0.000000
139.966667,0.000000
140,0.000082
140.033333,0.000005
140.066667,0.000001
140.1,0.000000
140.133333,0.000000
140.166667,0.000000
140.2,0.000000
140.233333,0.000000
140.266667,0.000000
140.3,0.000000
140.333333,0.000000
140.366667,0.000000
140.4,0.000000
140.433333,0.000000
140.466667,0.000000
140.5,0.000000
140.533333,0.000000
140.566667,0.000000
140.6,0.000000
140.633333,0.000000
140.666667,0.000000
140.7,0.000000
140.733333,0.000000
140.766667,0.000000
140.8,0.000000
140.833333,0.000000
140.866667,0.000000
140.9,0.000000
140.933333,0.000000
140.966667,0.000000
141,0.000004
141.033333,0.000000
141.066667,0.000001
141.1,0.000000
141.133333,0.000000
141.166667,0.000000
141.2,0.000000
141.233333,0.000000
141.266667,0.000000
141.3,0.035957
141.333333,0.000006
141.366667,0.000002
141.4,0.000001
141.433333,0.000000
141.466667,0.000000
141.5,0.000000
141.533333,0.000000
141.566667,0.000000
141.6,0.000000
141.633333,0.000000
141.666667,0.000000
141.7,0.000000
141.733333,0.000000
141.766667,0.000000
141.8,0.000000
141.833333,0.000000
141.866667,0.000000
141.9,0.000000
141.933333,0.000000
141.966667,0.000000
142,0.000023
142.033333,0.000004
142.066667,0.000001
142.1,0.000000
142.133333,0.000000
142.166667,0.000000
142.2,0.000000
142.233333,0.000000
142.266667,0.000000
142.3,0.000000
142.333333,0.000000
142.366667,0.000000
142.4,0.034500
142.433333,0.000004
142.466667,0.000001
142.5,0.000000
142.533333,0.000000
142.566667,0.000000
142.6,0.000000
142.633333,0.000000
142.666667,0.000000
142.7,0.000000
142.733333,0.000000
142.766667,0.000000
142.8,0.000000
142.833333,0.000000
142.866667,0.000000
142.9,0.000000
142.933333,0.000000
142.966667,0.000000
143,0.000016
143.033333,0.000004
143.066667,0.079757
143.1,0.000011
143.133333,0.000003
143.166667,0.000019
143.2,0.000001
143.233333,0.000001
143.266667,0.000001
143.3,0.000001
143.333333,0.000001
143.366667,0.000000
143.4,0.000003
143.433333,0.000019
143.466667,0.000001
143.5,0.000000
143.533333,0.000019
143.566667,0.000018
143.6,0.000001
143.633333,0.000001
143.666667,0.000000
143.7,0.000009
143.733333,0.000026
143.766667,0.000007
143.8,0.000007
143.833333,0.000012
143.866667,0.000017
143.9,0.000004
143.933333,0.000007
143.966667,0.000024
144,0.000025
144.033333,0.000027
144.066667,0.000207
144.1,0.000089
144.133333,0.000035
144.166667,0.000207
144.2,0.000085
144.233333,0.000002
144.266667,0.000089
144.3,0.000089
144.333333,0.000002
144.366667,0.000002
144.4,0.000003
144.433333,0.000000
144.466667,0.000089
144.5,0.000090
144.533333,0.000093
144.566667,0.000090
144.6,0.000090
144.633333,0.000001
144.666667,0.000001
144.7,0.000001
144.733333,0.000090
144.766667,0.000003
144.8,0.000000
144.833333,0.000091
144.866667,0.000000
144.9,0.000096
144.933333,0.000089
144.966667,0.000095
145,0.000281
145.033333,0.000628
145.066667,0.000003
145.1,0.000001
145.133333,0.000000
145.166667,0.000000
145.2,0.000000
145.233333,0.000000
145.266667,0.045973
145.3,0.000017
145.333333,0.000004
145.366667,0.000002
145.4,0.000000
145.433333,0.000000
145.466667,0.000000
145.5,0.000000
145.533333,0.000000
145.566667,0.000000
145.6,0.000000
145.633333,0.000000
145.666667,0.000000
145.7,0.000000
145.733333,0.000000
145.766667,0.000000
145.8,0.000000
145.833333,0.000000
145.866667,0.000000
145.9,0.000000
145.933333,0.000000
145.966667,0.000000
146,0.000061
146.033333,0.000006
146.066667,0.000002
146.1,0.000001
146.133333,0.000000
146.166667,0.000000
146.2,0.000000
146.233333,0.000000
146.266667,0.000000
146.3,0.000000
146.333333,0.000000
146.366667,0.000000
146.4,0.000000
146.433333,0.000000
146.466667,0.000000
146.5,0.000000
146.533333,0.000000
146.566667,0.000000
146.6,0.000000
146.633333,0.000000
146.666667,0.000000
146.7,0.000000
146.733333,0.000000
146.766667,0.000000
146.8,0.000000
146.833333,0.000000
146.866667,0.000000
146.9,0.000000
146.933333,0.000000
146.966667,0.000000
147,0.000006
147.033333,0.000000
147.066667,0.000002
147.1,0.000001
147.133333,0.000000
147.166667,0.000000
147.2,0.000000
147.233333,0.000000
147.266667,0.000000
147.3,0.000000
147.333333,0.000000
147.366667,0.000000
147.4,0.000000
147.433333,0.000000
147.466667,0.000000
147.5,0.000000
147.533333,0.000000
147.566667,0.000000
147.6,0.000000
147.633333,0.000000
147.666667,0.000000
147.7,0.000000
147.733333,0.000000
147.766667,0.000000
147.8,0.000000
147.833333,0.000000
147.866667,0.000000
147.9,0.000000
147.933333,0.000000
147.966667,0.064253
148,0.000041
148.033333,0.000005
148.066667,0.000001
148.1,0.000001
148.133333,0.000000
148.166667,0.000000
148.2,0.000000
148.233333,0.000000
148.266667,0.000000
148.3,0.000000
148.333333,0.000000
148.366667,0.000000
148.4,0.000000
148.433333,0.000000
148.466667,0.000000
148.5,0.000000
148.533333,0.000000
148.566667,0.000000
148.6,0.000000
148.633333,0.000000
148.666667,0.000000
148.7,0.000000
148.733333,0.000000
148.766667,0.000000
148.8,0.000000
148.833333,0.000000
148.866667,0.000000
148.9,0.000000
148.933333,0.000000
148.966667,0.000000
149,0.000005
149.033333,0.000000
149.066667,0.000001
149.1,0.000001
149.133333,0.000000
149.166667,0.000000
149.2,0.000000
149.233333,0.000000
149.266667,0.000000
149.3,0.000000
149.333333,0.000000
149.366667,0.000000
149.4,0.000000
149.433333,0.000000
149.466667,0.000000
149.5,0.000000
149.533333,0.000000
149.566667,0.000000
149.6,0.000000
149.633333,0.000000
149.666667,0.039106
149.7,0.000007
149.733333,0.000002
149.766667,0.000001
149.8,0.000000
149.833333,0.000000
149.866667,0.000000
149.9,0.000000
149.933333,0.000000
149.966667,0.000000
150,0.000027
150.033333,0.000005
150.066667,0.000001
150.1,0.000001
150.133333,0.000000
150.166667,0.000000
150.2,0.000000
150.233333,0.000000
150.266667,0.000000
150.3,0.000000
150.333333,0.000000
150.366667,0.000000
150.4,0.000000
150.433333,0.000000
150.466667,0.000000
150.5,0.000000
150.533333,0.000000
150.566667,0.000000
150.6,0.000000
150.633333,0.000000
150.666667,0.000000
150.7,0.000000
150.733333,0.000000
150.766667,0.000000
150.8,0.000000
150.833333,0.000000
150.866667,0.000000
150.9,0.000000
150.933333,0.000000
150.966667,0.000000
151,0.000005
151.033333,0.000000
151.066667,0.000001
151.1,0.000001
151.133333,0.000000
151.166667,0.000000
151.2,0.000000
151.233333,0.000000
151.266667,0.000000
151.3,0.000000
151.333333,0.000000
151.366667,0.000000
151.4,0.000000
151.433333,0.000000
151.466667,0.000000
151.5,0.049296
151.533333,0.000010
151.566667,0.000003
151.6,0.000001
151.633333,0.000000
151.666667,0.000000
151.7,0.000000
151.733333,0.000000
151.766667,0.000000
151.8,0.000000
151.833333,0.000000
151.866667,0.000000
151.9,0.000000
151.933333,0.000000
151.966667,0.000000
152,0.000037
152.033333,0.000005
152.066667,0.000001
152.1,0.000000
152.133333,0.000000
152.166667,0.000000
152.2,0.000000
152.233333,0.000000
152.266667,0.000000
152.3,0.000000
152.333333,0.000000
152.366667,0.000000
152.4,0.000000
152.433333,0.000000
152.466667,0.000000
152.5,0.000000
152.533333,0.000000
152.566667,0.000000
152.6,0.000000
152.633333,0.000000
152.666667,0.000000
152.7,0.000000
152.733333,0.000000
152.766667,0.000000
152.8,0.000000
152.833333,0.000000
152.866667,0.000000
152.9,0.000000
152.933333,0.000000
152.966667,0.000000
153,0.000005
153.033333,0.000000
153.066667,0.000001
153.1,0.000000
153.133333,0.000000
153.166667,0.000000
153.2,0.000000
153.233333,0.000000
153.266667,0.000000
153.3,0.000000
153.333333,0.000000
153.366667,0.000000
153.4,0.000000
153.433333,0.000000
153.466667,0.000000
153.5,0.102664
153.533333,0.004628
153.566667,0.000879
153.6,0.000057
153.633333,0.001025
153.666667,0.000039
153.7,0.000158
153.733333,0.003879
153.766667,0.001662
153.8,0.001361
153.833333,0.000983
153.866667,0.000820
153.9,0.000822
153.933333,0.000863
153.966667,0.000581
154,0.000700
154.033333,0.000104
154.066667,0.000683
154.1,0.000100
154.133333,0.000408
154.166667,0.000873
154.2,0.001642
154.233333,0.000227
154.266667,0.001010
154.3,0.000457
154.333333,0.000182
154.366667,0.002007
154.4,0.000410
154.433333,0.000110
154.466667,0.001453
154.5,0.000444
154.533333,0.000002
154.566667,0.000001
154.6,0.000000
154.633333,0.000000
154.666667,0.000000
154.7,0.000000
154.733333,0.000000
154.766667,0.000000
154.8,0.000000
154.833333,0.000000
154.866667,0.000000
154.9,0.000000
154.933333,0.000000
154.966667,0.000000
155,0.000032
155.033333,0.000007
155.066667,0.000002
155.1,0.000001
155.133333,0.034372
155.166667,0.000007
155.2,0.000003
155.233333,0.000001
155.266667,0.000000
155.3,0.000000
155.333333,0.000000
155.366667,0.000000
155.4,0.000000
155.433333,0.000000
155.466667,0.000000
155.5,0.000000
155.533333,0.000000
155.566667,0.000000
155.6,0.000000
155.633333,0.000000
155.666667,0.000000
155.7,0.000000
155.733333,0.000000
155.766667,0.000000
155.8,0.000000
155.833333,0.000000
155.866667,0.000000
155.9,0.000000
155.933333,0.000000
155.966667,0.000000
156,0.000026
156.033333,0.000007
156.066667,0.000002
156.1,0.000000
156.133333,0.000000
156.166667,0.000000
156.2,0.000000
156.233333,0.000000
156.266667,0.000000
156.3,0.000000
156.333333,0.000000
156.366667,0.000000
156.4,0.000000
156.433333,0.067913
156.466667,0.000016
156.5,0.000005
156.533333,0.000001
156.566667,0.000000
156.6,0.000000
156.633333,0.000000
156.666667,0.000000
156.7,0.000000
156.733333,0.000000
156.766667,0.000000
156.8,0.000000
156.833333,0.000000
156.866667,0.000000
156.9,0.000000
156.933333,0.000000
156.966667,0.000000
157,0.000054
157.033333,0.000009
157.066667,0.000003
157.1,0.000001
157.133333,0.000000
157.166667,0.000000
157.2,0.000000
157.233333,0.000000
157.266667,0.000000
157.3,0.000000
157.333333,0.000000
157.366667,0.000000
157.4,0.000000
157.433333,0.000000
157.466667,0.000000
157.5,0.000000
157.533333,0.000000
157.566667,0.000000
157.6,0.000000
157.633333,0.000000
157.666667,0.000000
157.7,0.000000
157.733333,0.000000
157.766667,0.000000
157.8,0.000000
157.833333,0.000000
157.866667,0.000000
157.9,0.000000
157.933333,0.000000
157.966667,0.000000
158,0.000007
158.033333,0.000000
158.066667,0.000003
158.1,0.000001
158.133333,0.000000
158.166667,0.000000
158.2,0.000000
158.233333,0.000000
158.266667,0.000000
158.3,0.000000
158.333333,0.000000
158.366667,0.000000
158.4,0.000000
158.433333,0.000000
158.466667,0.000000
158.5,0.000000
158.533333,0.000000
158.566667,0.000000
158.6,0.045207
158.633333,0.000012
158.666667,0.000004
158.7,0.000001
158.733333,0.000000
158.766667,0.000000
158.8,0.000000
158.833333,0.000000
158.866667,0.000000
158.9,0.000000
158.933333,0.000000
158.966667,0.000000
159,0.000041
159.033333,0.000008
159.066667,0.000002
159.1,0.000001
159.133333,0.000000
159.166667,0.000000
159.2,0.000000
159.233333,0.000000
159.266667,0.000000
159.3,0.000000
159.333333,0.000000
159.366667,0.000000
159.4,0.000000
159.433333,0.000000
159.466667,0.000000
159.5,0.000000
159.533333,0.000000
159.566667,0.000000
159.6,0.000000
159.633333,0.000000
159.666667,0.000000
159.7,0.000000
159.733333,0.000000
159.766667,0.000000
159.8,0.000000
159.833333,0.000000
159.866667,0.000000
159.9,0.000000
159.933333,0.000000
159.966667,0.000000
160,0.000007
160.033333,0.000000
160.066667,0.000002
160.1,0.000001
160.133333,0.000000
160.166667,0.000000
160.2,0.000000
160.233333,0.000000
160.266667,0.000000
160.3,0.000000
160.333333,0.000000
160.366667,0.041974
160.4,0.000008
160.433333,0.000003
160.466667,0.000001
160.5,0.000000
160.533333,0.000000
160.566667,0.000000
160.6,0.000000
160.633333,0.000000
160.666667,0.000000
160.7,0.000000
160.733333,0.000000
160.766667,0.000000
160.8,0.000000
160.833333,0.000000
160.866667,0.000000
160.9,0.000000
160.933333,0.000000
160.966667,0.000000
161,0.000029
161.033333,0.000007
161.066667,0.000002
161.1,0.000000
161.133333,0.000000
161.166667,0.000000
161.2,0.000000
161.233333,0.000000
161.266667,0.000000
161.3,0.000000
161.333333,0.000000
161.366667,0.000000
161.4,0.000000
161.433333,0.000000
161.466667,0.000000
161.5,0.000000
161.533333,0.024181
161.566667,0.000008
161.6,0.000003
161.633333,0.000001
161.666667,0.000000
161.7,0.000000
161.733333,0.000000
161.766667,0.000000
161.8,0.000000
161.833333,0.000000
161.866667,0.000000
161.9,0.000000
161.933333,0.000000
161.966667,0.000000
162,0.000028
162.033333,0.000006
162.066667,0.000002
162.1,0.000000
162.133333,0.000000
162.166667,0.000000
162.2,0.000000
162.233333,0.000000
162.266667,0.000000
162.3,0.000000
162.333333,0.000000
162.366667,0.000000
162.4,0.000000
162.433333,0.000000
162.466667,0.000000
162.5,0.000000
162.533333,0.000000
162.566667,0.000000
162.6,0.000000
162.633333,0.000000
162.666667,0.000000
162.7,0.000000
162.733333,0.000000
162.766667,0.000000
162.8,0.000000
162.833333,0.000000
162.866667,0.000000
162.9,0.000000
162.933333,0.000000
162.966667,0.003199
163,0.000980
163.033333,0.028535
163.066667,0.002057
163.1,0.000860
163.133333,0.001113
163.166667,0.001041
163.2,0.001143
163.233333,0.000812
163.266667,0.001575
163.3,0.000544
163.333333,0.000378
163.366667,0.000682
163.4,0.001589
163.433333,0.000671
163.466667,0.000858
163.5,0.000966
163.533333,0.000818
163.566667,0.000754
163.6,0.000223
163.633333,0.000727
163.666667,0.001746
163.7,0.000826
163.733333,0.000135
163.766667,0.000102
163.8,0.000245
163.833333,0.000027
163.866667,0.000092
163.9,0.000876
163.933333,0.000856
163.966667,0.000008
164,0.000076
164.033333,0.000007
164.066667,0.000002
164.1,0.000001
164.133333,0.032143
164.166667,0.000010
164.2,0.000003
164.233333,0.000001
164.266667,0.000000
164.3,0.000000
164.333333,0.000000
164.366667,0.000000
164.4,0.000000
164.433333,0.000000
164.466667,0.000000
164.5,0.000000
164.533333,0.000000
164.566667,0.000000
164.6,0.000000
164.633333,0.000000
164.666667,0.000000
164.7,0.000000
164.733333,0.000000
164.766667,0.000000
164.8,0.000000
164.833333,0.000000
164.866667,0.000000
164.9,0.000000
164.933333,0.000000
164.966667,0.000000
165,0.000037
165.033333,0.000008
165.066667,0.000002
165.1,0.000001
165.133333,0.000000
165.166667,0.000000
165.2,0.000000
165.233333,0.000000
165.266667,0.000000
165.3,0.000000
165.333333,0.000000
165.366667,0.000000
165.4,0.000000
165.433333,0.000000
165.466667,0.000000
165.5,0.000000
165.533333,0.000000
165.566667,0.000000
165.6,0.018275
165.633333,0.000008
165.666667,0.000003
165.7,0.000001
165.733333,0.000000
165.766667,0.000000
165.8,0.000000
165.833333,0.000000
165.866667,0.000000
165.9,0.000000
165.933333,0.000000
165.966667,0.000000
166,0.000037
166.033333,0.000007
166.066667,0.000002
166.1,0.000001
166.133333,0.000000
166.166667,0.000000
166.2,0.000000
166.233333,0.000000
166.266667,0.000000
166.3,0.000000
166.333333,0.000000
166.366667,0.000000
166.4,0.000000
166.433333,0.000000
166.466667,0.000000
166.5,0.000000
166.533333,0.000000
166.566667,0.000000
166.6,0.000000
166.633333,0.000000
166.666667,0.000000
166.7,0.000000
166.733333,0.000000
166.766667,0.000000
166.8,0.000000
166.833333,0.000000
166.866667,0.000000
166.9,0.000000
166.933333,0.000000
166.966667,0.000000
167,0.000007
167.033333,0.000000
167.066667,0.138378
167.1,0.000939
167.133333,0.000241
167.166667,0.000212
167.2,0.000491
167.233333,0.001218
167.266667,0.000320
167.3,0.000698
167.333333,0.000129
167.366667,0.000168
167.4,0.000491
167.433333,0.000506
167.466667,0.000772
167.5,0.000001
167.533333,0.000085
167.566667,0.000039
167.6,0.000009
167.633333,0.000017
167.666667,0.000013
167.7,0.000027
167.733333,0.000027
167.766667,0.000001
167.8,0.000000
167.833333,0.000005
167.866667,0.000010
167.9,0.000010
167.933333,0.000013
167.966667,0.000015
168,0.000038
168.033333,0.000053
168.066667,0.000016
168.1,0.000001
168.133333,0.000000
168.166667,0.000000
168.2,0.000000
168.233333,0.000000
168.266667,0.000000
168.3,0.000000
168.333333,0.000000
168.366667,0.000000
168.4,0.000000
168.433333,0.000000
168.466667,0.000000
168.5,0.000000
168.533333,0.000000
168.566667,0.020542
168.6,0.000006
168.633333,0.000002
168.666667,0.000001
168.7,0.000000
168.733333,0.000000
168.766667,0.000000
168.8,0.000000
168.833333,0.000000
168.866667,0.000000
168.9,0.000000
168.933333,0.000000
168.966667,0.000000
169,0.000022
169.033333,0.000005
169.066667,0.000001
169.1,0.000000
169.133333,0.000000
169.166667,0.000000
169.2,0.000000
169.233333,0.000000
169.266667,0.000000
169.3,0.000000
169.333333,0.000000
169.366667,0.000000
169.4,0.050979
169.433333,0.000219
169.466667,0.000081
169.5,0.000002
169.533333,0.000084
169.566667,0.000086
169.6,0.000001
169.633333,0.000085
169.666667,0.000089
169.7,0.000000
169.733333,0.000000
169.766667,0.000001
169.8,0.000003
169.833333,0.000087
169.866667,0.000085
169.9,0.000087
169.933333,0.000085
169.966667,0.000088
170,0.000042
170.033333,0.000039
170.066667,0.000000
170.1,0.000089
170.133333,0.000001
170.166667,0.000001
170.2,0.000091
170.233333,0.000003
170.266667,0.000091
170.3,0.000089
170.333333,0.000100
170.366667,0.000267
170.4,0.000635
170.433333,0.000003
170.466667,0.000001
170.5,0.000000
170.533333,0.000000
170.566667,0.000000
170.6,0.000000
170.633333,0.000000
170.666667,0.000000
170.7,0.000000
170.733333,0.000018
170.766667,0.000003
170.8,0.000004
170.833333,0.000000
170.866667,0.000001
170.9,0.000001
170.933333,0.000000
170.966667,0.000000
171,0.000012
171.033333,0.000008
171.066667,0.000000
171.1,0.000004
171.133333,0.000004
171.166667,0.000004
171.2,0.033543
171.233333,0.000056
171.266667,0.000028
171.3,0.000019
171.333333,0.000004
171.366667,0.000002
171.4,0.000003
171.433333,0.000018
171.466667,0.000010
171.5,0.000001
171.533333,0.000017
171.566667,0.000003
171.6,0.000000
171.633333,0.000000
171.666667,0.000000
171.7,0.000001
171.733333,0.000000
171.766667,0.000000
171.8,0.000000
171.833333,0.000000
171.866667,0.000000
171.9,0.000000
171.933333,0.000000
171.966667,0.000000
172,0.000045
172.033333,0.000006
172.066667,0.000002
172.1,0.000001
172.133333,0.000000
172.166667,0.000000
172.2,0.000000
172.233333,0.000000
172.266667,0.000000
172.3,0.000000
172.333333,0.000000
172.366667,0.000000
172.4,0.000000
172.433333,0.000000
172.466667,0.000000
172.5,0.000000
172.533333,0.000000
172.566667,0.000000
172.6,0.000000
172.633333,0.000000
172.666667,0.000000
172.7,0.000000
172.733333,0.000000
172.766667,0.000000
172.8,0.000000
172.833333,0.000000
172.866667,0.000000
172.9,0.000000
172.933333,0.000000
172.966667,0.000000
173,0.000005
173.033333,0.000000
173.066667,0.000002
173.1,0.000001
173.133333,0.000000
173.166667,0.000000
173.2,0.000000
173.233333,0.000000
173.266667,0.000000
173.3,0.000000
173.333333,0.000000
173.366667,0.000000
173.4,0.000000
173.433333,0.000000
173.466667,0.000000
173.5,0.055062
173.533333,0.000007
173.566667,0.000002
173.6,0.000001
173.633333,0.000000
173.666667,0.000000
173.7,0.000000
173.733333,0.000000
173.766667,0.000000
173.8,0.000000
173.833333,0.000000
173.866667,0.000000
173.9,0.000000
173.933333,0.000000
173.966667,0.000000
174,0.000027
174.033333,0.000005
174.066667,0.000002
174.1,0.000000
174.133333,0.000000
174.166667,0.000000
174.2,0.000000
174.233333,0.000000
174.266667,0.000000
174.3,0.000000
174.333333,0.000000
174.366667,0.000000
174.4,0.000000
174.433333,0.000000
174.466667,0.000000
174.5,0.000000
174.533333,0.000000
174.566667,0.000000
174.6,0.000000
174.633333,0.000000
174.666667,0.000000
174.7,0.000000
174.733333,0.000000
174.766667,0.032189
174.8,0.000009
174.833333,0.000003
174.866667,0.000001
174.9,0.000000
174.933333,0.000000
174.966667,0.000000
175,0.000030
175.033333,0.000006
175.066667,0.000001
175.1,0.000000
175.133333,0.000000
175.166667,0.000000
175.2,0.000000
175.233333,0.000000
175.266667,0.000000
175.3,0.000000
175.333333,0.000000
175.366667,0.000000
175.4,0.000000
175.433333,0.000000
175.466667,0.000000
175.5,0.000000
175.533333,0.000000
175.566667,0.000000
175.6,0.000000
175.633333,0.000000
175.666667,0.000000
175.7,0.000000
175.733333,0.000000
175.766667,0.000000
175.8,0.000000
175.833333,0.000000
175.866667,0.000000
175.9,0.000000
175.933333,0.000000
175.966667,0.001021
176,0.000474
176.033333,0.000189
176.066667,0.000059
176.1,0.000278
176.133333,0.000275
176.166667,0.000331
176.2,0.000293
176.233333,0.000022
176.266667,0.034169
176.3,0.005652
176.333333,0.004520
176.366667,0.000709
176.4,0.000753
176.433333,0.042620
176.466667,0.040245
176.5,0.004312
176.533333,0.000967
176.566667,0.000177
176.6,0.000348
176.633333,0.000619
176.666667,0.000274
176.7,0.000434
176.733333,0.000004
176.766667,0.000014
176.8,0.000204
176.833333,0.000173
176.866667,0.000024
176.9,0.000188
176.933333,0.000178
176.966667,0.000007
177,0.000094
177.033333,0.000007
177.066667,0.000002
177.1,0.000001
177.133333,0.000000
177.166667,0.000000
177.2,0.000000
177.233333,0.000000
177.266667,0.000000
177.3,0.000000
177.333333,0.000000
177.366667,0.000000
177.4,0.000000
177.433333,0.000000
177.466667,0.000000
177.5,0.000000
177.533333,0.000000
177.566667,0.000000
177.6,0.000000
177.633333,0.000000
177.666667,0.000000
177.7,0.000000
177.733333,0.000000
177.766667,0.000000
177.8,0.000000
177.833333,0.000000
177.866667,0.000000
177.9,0.000000
177.933333,0.000000
177.966667,0.000000
178,0.000006
178.033333,0.000000
178.066667,0.000002
178.1,0.000001
178.133333,0.000000
178.166667,0.000000
178.2,0.000000
178.233333,0.000000
178.266667,0.000000
178.3,0.000000
178.333333,0.000000
178.366667,0.050892
178.4,0.000010
178.433333,0.000003
178.466667,0.000001
178.5,0.000000
178.533333,0.000000
178.566667,0.000000
178.6,0.000000
178.633333,0.000000
178.666667,0.000000
178.7,0.000000
178.733333,0.000000
178.766667,0.000000
178.8,0.000000
178.833333,0.000000
178.866667,0.000000
178.9,0.000000
178.933333,0.000000
178.966667,0.000000
179,0.000033
179.033333,0.000007
179.066667,0.000002
179.1,0.000001
179.133333,0.000000
179.166667,0.000000
179.2,0.000000
179.233333,0.000000
179.266667,0.000000
179.3,0.000000
179.333333,0.101415
179.366667,0.000013
179.4,0.000004
179.433333,0.000002
179.466667,0.000000
179.5,0.000000
179.533333,0.000000
179.566667,0.000000
179.6,0.000000
179.633333,0.000000
179.666667,0.000000
179.7,0.000000
179.733333,0.000000
179.766667,0.000000
179.8,0.000000
179.833333,0.000000
179.866667,0.000000
179.9,0.000000
179.933333,0.000000
179.966667,0.000000
180,0.000043
180.033333,0.000005
180.066667,0.000001
180.1,0.000000
180.133333,0.000000
180.166667,0.000000
180.2,0.000000
180.233333,0.000000
180.266667,0.000000
180.3,0.000000
180.333333,0.000000
180.366667,0.000000
180.4,0.000000
180.433333,0.000000
180.466667,0.045577
180.5,0.000009
180.533333,0.000003
180.566667,0.000001
180.6,0.000000
180.633333,0.000000
180.666667,0.000000
180.7,0.000000
180.733333,0.000000
180.766667,0.000000
180.8,0.000000
180.833333,0.000000
180.866667,0.000000
180.9,0.000000
180.933333,0.000000
180.966667,0.000000
181,0.000033
181.033333,0.000005
181.066667,0.000001
181.1,0.000000
181.133333,0.000000
181.166667,0.000000
181.2,0.000000
181.233333,0.000000
181.266667,0.000000
181.3,0.000000
181.333333,0.000000
181.366667,0.000000
181.4,0.000000
181.433333,0.000000
181.466667,0.000000
181.5,0.000000
181.533333,0.000000
181.566667,0.000000
181.6,0.000000
181.633333,0.000000
181.666667,0.000000
181.7,0.000000
181.733333,0.000000
181.766667,0.000000
181.8,0.000000
181.833333,0.000000
181.866667,0.000000
181.9,0.041582
181.933333,0.000007
181.966667,0.000002
182,0.000023
182.033333,0.000005
182.066667,0.000176
182.1,0.000084
182.133333,0.000015
182.166667,0.000086
182.2,0.000041
182.233333,0.000013
182.266667,0.000056
182.3,0.000022
182.333333,0.000015
182.366667,0.000018
182.4,0.000014
182.433333,0.000079
182.466667,0.000039
182.5,0.000121
182.533333,0.000089
182.566667,0.000024
182.6,0.000155
182.633333,0.000072
182.666667,0.000021
182.7,0.000104
182.733333,0.000051
182.766667,0.000112
182.8,0.000000
182.833333,0.000012
182.866667,0.000053
182.9,0.000017
182.933333,0.000145
182.966667,0.034464
183,0.000058
183.033333,0.000059
183.066667,0.000042
183.1,0.000105
183.133333,0.000201
183.166667,0.000103
183.2,0.000055
183.233333,0.000026
183.266667,0.000053
183.3,0.000205
183.333333,0.000120
183.366667,0.000174
183.4,0.000221
183.433333,0.000077
183.466667,0.000213
183.5,0.000120
183.533333,0.000027
183.566667,0.000118
183.6,0.000028
183.633333,0.000049
183.666667,0.000072
183.7,0.000020
183.733333,0.000126
183.766667,0.000059
183.8,0.000011
183.833333,0.000072
183.866667,0.000007
183.9,0.000225
183.933333,0.000055
183.966667,0.000081
184,0.000242
184.033333,0.000119
184.066667,0.000010
184.1,0.000054
184.133333,0.000009
184.166667,0.000040
184.2,0.000014
184.233333,0.000034
184.266667,0.000068
184.3,0.000024
184.333333,0.032019
184.366667,0.000121
184.4,0.000029
184.433333,0.000081
184.466667,0.000042
184.5,0.000017
184.533333,0.000021
184.566667,0.000008
184.6,0.000059
184.633333,0.000029
184.666667,0.000022
184.7,0.000079
184.733333,0.000041
184.766667,0.000002
184.8,0.000010
184.833333,0.000025
184.866667,0.000259
184.9,0.000161
184.933333,0.000005
184.966667,0.000121
185,0.000091
185.033333,0.000106
185.066667,0.000071
185.1,0.000144
185.133333,0.000398
185.166667,0.000204
185.2,0.000094
185.233333,0.000072
185.266667,0.000031
185.3,0.000127
185.333333,0.000074
185.366667,0.000036
185.4,0.000094
185.433333,0.000062
185.466667,0.000952
185.5,0.000176
185.533333,0.000029
185.566667,0.000103
185.6,0.000033
185.633333,0.000094
185.666667,0.000071
185.7,0.000028
185.733333,0.000227
185.766667,0.000121
185.8,0.000023
185.833333,0.000181
185.866667,0.000087
185.9,0.001480
185.933333,0.000549
185.966667,0.000249
186,0.000097
186.033333,0.000431
186.066667,0.000246
186.1,0.000340
186.133333,0.000302
186.166667,0.000019
186.2,0.000301
186.233333,0.000298
186.266667,0.000003
186.3,0.000294
186.333333,0.000310
186.366667,0.000021
186.4,0.057057
186.433333,0.000601
186.466667,0.000006
186.5,0.000275
186.533333,0.000315
186.566667,0.000028
186.6,0.000268
186.633333,0.000313
186.666667,0.000025
186.7,0.000018
186.733333,0.000270
186.766667,0.000277
186.8,0.000016
186.833333,0.000266
186.866667,0.000278
186.9,0.000006
186.933333,0.000003
186.966667,0.000000
187,0.000074
187.033333,0.000008
187.066667,0.000002
187.1,0.000001
187.133333,0.000000
187.166667,0.000000
187.2,0.000000
187.233333,0.000000
187.266667,0.000000
187.3,0.000000
187.333333,0.000000
187.366667,0.000000
187.4,0.000000
187.433333,0.000000
187.466667,0.000000
187.5,0.000000
187.533333,0.000000
187.566667,0.000000
187.6,0.000000
187.633333,0.000000
187.666667,0.000000
187.7,0.000000
187.733333,0.000000
187.766667,0.000000
187.8,0.000000
187.833333,0.000000
187.866667,0.000000
187.9,0.000000
187.933333,0.000000
187.966667,0.000000
188,0.000007
188.033333,0.000000
188.066667,0.000002
188.1,0.000001
188.133333,0.000000
188.166667,0.000000
188.2,0.000000
188.233333,0.000000
188.266667,0.000000
188.3,0.000000
188.333333,0.000000
188.366667,0.000000
188.4,0.000000
188.433333,0.000000
188.466667,0.000000
188.5,0.000000
188.533333,0.000000
188.566667,0.000000
188.6,0.000000
188.633333,0.000000
188.666667,0.000000
188.7,0.000000
188.733333,0.000000
188.766667,0.000000
188.8,0.079753
188.833333,0.000004
188.866667,0.000002
188.9,0.000000
188.933333,0.000000
188.966667,0.000000
189,0.000015
189.033333,0.000006
189.066667,0.000002
189.1,0.000000
189.133333,0.000000
189.166667,0.000000
189.2,0.000000
189.233333,0.000000
189.266667,0.000000
189.3,0.000000
189.333333,0.000000
189.366667,0.000000
189.4,0.000000
189.433333,0.000000
189.466667,0.000000
189.5,0.000000
189.533333,0.000000
189.566667,0.000000
189.6,0.000000
189.633333,0.000000
189.666667,0.000000
189.7,0.000000
189.733333,0.000000
189.766667,0.000000
189.8,0.000000
189.833333,0.094598
189.866667,0.000015
189.9,0.000004
189.933333,0.000001
189.966667,0.000000
190,0.000049
190.033333,0.000008
190.066667,0.000002
190.1,0.000001
190.133333,0.000000
190.166667,0.000000
190.2,0.000000
190.233333,0.000000
190.266667,0.000000
190.3,0.000000
190.333333,0.000000
190.366667,0.000000
190.4,0.000000
190.433333,0.000000
190.466667,0.000000
190.5,0.000000
190.533333,0.000000
190.566667,0.000000
190.6,0.000000
190.633333,0.000000
190.666667,0.000000
190.7,0.000000
190.733333,0.000000
190.766667,0.000000
190.8,0.000000
190.833333,0.000000
190.866667,0.000000
190.9,0.000000
190.933333,0.000000
190.966667,0.000000
191,0.000007
191.033333,0.000000
191.066667,0.000002
191.1,0.000001
191.133333,0.000000
191.166667,0.000000
191.2,0.000000
191.233333,0.000000
191.266667,0.000000
191.3,0.000000
191.333333,0.000000
191.366667,0.000000
191.4,0.000000
191.433333,0.000000
191.466667,0.000000
191.5,0.000000
191.533333,0.000000
191.566667,0.000000
191.6,0.000000
191.633333,0.000000
191.666667,0.000000
191.7,0.000000
191.733333,0.000000
191.766667,0.000000
191.8,0.000000
191.833333,0.000000
191.866667,0.000000
191.9,0.000000
191.933333,0.000000
191.966667,0.000000
192,0.000007
192.033333,0.000000
192.066667,0.000002
192.1,0.000001
192.133333,0.000000
192.166667,0.000000
192.2,0.000000
192.233333,0.000000
192.266667,0.000000
192.3,0.000000
192.333333,0.000000
192.366667,0.000000
192.4,0.000000
192.433333,0.000000
192.466667,0.000000
192.5,0.000000
192.533333,0.000000
192.566667,0.000000
192.6,0.000000
192.633333,0.000000
192.666667,0.000000
192.7,0.000000
192.733333,0.000000
192.766667,0.000000
192.8,0.000000
192.833333,0.000000
192.866667,0.058121
192.9,0.000013
192.933333,0.000004
192.966667,0.000002
193,0.000044
193.033333,0.000007
193.066667,0.000002
193.1,0.000000
193.133333,0.000000
193.166667,0.000000
193.2,0.000000
193.233333,0.000000
193.266667,0.000000
193.3,0.000000
193.333333,0.000000
193.366667,0.000000
193.4,0.000000
193.433333,0.000000
193.466667,0.000000
193.5,0.000000
193.533333,0.000000
193.566667,0.000000
193.6,0.000000
193.633333,0.000000
193.666667,0.000000
193.7,0.000000
193.733333,0.000000
193.766667,0.000000
193.8,0.000000
193.833333,0.000000
193.866667,0.000000
193.9,0.000000
193.933333,0.000000
193.966667,0.000000
194,0.000006
194.033333,0.000000
194.066667,0.000002
194.1,0.000000
194.133333,0.000000
194.166667,0.000000
194.2,0.000000
194.233333,0.000000
194.266667,0.000000
194.3,0.000000
194.333333,0.000000
194.366667,0.000000
194.4,0.000000
194.433333,0.000000
194.466667,0.000000
194.5,0.000000
194.533333,0.000000
194.566667,0.000000
194.6,0.000000
194.633333,0.000000
194.666667,0.000000
194.7,0.000000
194.733333,0.000000
194.766667,0.000000
194.8,0.000000
194.833333,0.000000
194.866667,0.000000
194.9,0.000000
194.933333,0.000000
194.966667,0.000000
195,0.140967
195.033333,0.000005
195.066667,0.000001
195.1,0.000000
195.133333,0.000000
195.166667,0.000000
195.2,0.000000
195.233333,0.000000
195.266667,0.000000
195.3,0.000000
195.333333,0.000000
195.366667,0.000000
195.4,0.000000
195.433333,0.000000
195.466667,0.000000
195.5,0.000000
195.533333,0.000000
195.566667,0.000000
195.6,0.000000
195.633333,0.000000
195.666667,0.000000
195.7,0.000000
195.733333,0.000000
195.766667,0.067854
195.8,0.000011
195.833333,0.000003
195.866667,0.000001
195.9,0.000000
195.933333,0.000000
195.966667,0.000000
196,0.000037
196.033333,0.000006
196.066667,0.000002
196.1,0.000000
196.133333,0.000000
196.166667,0.000000
196.2,0.000000
196.233333,0.000000
196.266667,0.000000
196.3,0.000000
196.333333,0.000000
196.366667,0.000000
196.4,0.000000
196.433333,0.000000
196.466667,0.000000
196.5,0.000000
196.533333,0.000000
196.566667,0.000000
196.6,0.000000
196.633333,0.000000
196.666667,0.000000
196.7,0.000000
196.733333,0.000000
196.766667,0.000000
196.8,0.000000
196.833333,0.000000
196.866667,0.000000
196.9,0.000000
196.933333,0.000000
196.966667,0.000000
197,0.000006
197.033333,0.000000
197.066667,0.000002
197.1,0.000000
197.133333,0.000000
197.166667,0.000000
197.2,0.000000
197.233333,0.000000
197.266667,0.000000
197.3,0.000000
197.333333,0.000000
197.366667,0.000000
197.4,0.000000
197.433333,0.000000
197.466667,0.000000
197.5,0.000000
197.533333,0.000000
197.566667,0.000000
197.6,0.000000
197.633333,0.000000
197.666667,0.000000
197.7,0.000000
197.733333,0.058981
197.766667,0.000006
197.8,0.000002
197.833333,0.000001
197.866667,0.000000
197.9,0.000000
197.933333,0.000000
197.966667,0.000000
198,0.000023
198.033333,0.000006
198.066667,0.000001
198.1,0.000000
198.133333,0.000000
198.166667,0.000000
198.2,0.000000
198.233333,0.000000
198.266667,0.000000
198.3,0.000000
198.333333,0.000000
198.366667,0.000000
198.4,0.000000
198.433333,0.000000
198.466667,0.000000
198.5,0.000000
198.533333,0.000000
198.566667,0.000000
198.6,0.000000
198.633333,0.059973
198.666667,0.000015
198.7,0.000005
198.733333,0.000002
198.766667,0.000000
198.8,0.000000
198.833333,0.000000
198.866667,0.000000
198.9,0.000000
198.933333,0.000000
198.966667,0.000000
199,0.000051
199.033333,0.000008
199.066667,0.000002
199.1,0.000000
199.133333,0.000000
199.166667,0.000000
199.2,0.000000
199.233333,0.000000
199.266667,0.000000
199.3,0.000000
199.333333,0.000000
199.366667,0.000000
199.4,0.000000
199.433333,0.000000
199.466667,0.000000
199.5,0.000000
199.533333,0.000000
199.566667,0.000000
199.6,0.000000
199.633333,0.000000
199.666667,0.000000
199.7,0.000000
199.733333,0.000000
199.766667,0.000000
199.8,0.000000
199.833333,0.000000
199.866667,0.000000
199.9,0.000000
199.933333,0.000000
199.966667,0.000000
200,0.000006
200.033333,0.000000
200.066667,0.000002
200.1,0.000000
200.133333,0.000000
200.166667,0.000000
200.2,0.000000
200.233333,0.000000
200.266667,0.000000
200.3,0.000000
200.333333,0.000000
200.366667,0.000000
200.4,0.000000
200.433333,0.000000
200.466667,0.000000
200.5,0.000000
200.533333,0.000000
200.566667,0.000000
200.6,0.000000
200.633333,0.000000
200.666667,0.000000
200.7,0.000000
200.733333,0.000000
200.766667,0.000851
200.8,0.033398
200.833333,0.000870
200.866667,0.000009
200.9,0.000000
200.933333,0.000260
200.966667,0.000257
201,0.000322
201.033333,0.000321
201.066667,0.000261
201.1,0.000001
201.133333,0.000254
201.166667,0.000261
201.2,0.000256
201.233333,0.000252
201.266667,0.000003
201.3,0.000259
201.333333,0.000003
201.366667,0.000005
201.4,0.000004
201.433333,0.000007
201.466667,0.000260
201.5,0.000261
201.533333,0.000246
201.566667,0.000519
201.6,0.000012
201.633333,0.000271
201.666667,0.000530
201.7,0.000539
201.733333,0.001070
201.766667,0.000009
201.8,0.000003
201.833333,0.000001
201.866667,0.000000
201.9,0.000000
201.933333,0.000000
201.966667,0.000000
202,0.000038
202.033333,0.000008
202.066667,0.000002
202.1,0.000001
202.133333,0.000000
202.166667,0.000000
202.2,0.000000
202.233333,0.000000
202.266667,0.000000
202.3,0.000000
202.333333,0.000000
202.366667,0.000000
202.4,0.000000
202.433333,0.000000
202.466667,0.000000
202.5,0.000000
202.533333,0.000000
202.566667,0.000000
202.6,0.000000
202.633333,0.000000
202.666667,0.000000
202.7,0.000000
202.733333,0.000000
202.766667,0.000000
202.8,0.000000
202.833333,0.000000
202.866667,0.049846
202.9,0.000008
202.933333,0.000003
202.966667,0.000001
203,0.000028
203.033333,0.000007
203.066667,0.000002
203.1,0.000001
203.133333,0.000001
203.166667,0.000000
203.2,0.000018
203.233333,0.000001
203.266667,0.000000
203.3,0.000017
203.333333,0.000001
203.366667,0.000017
203.4,0.000001
203.433333,0.000000
203.466667,0.000017
203.5,0.000001
203.533333,0.000000
203.566667,0.000017
203.6,0.000001
203.633333,0.000000
203.666667,0.000053
203.7,0.000001
203.733333,0.000000
203.766667,0.000019
203.8,0.000001
203.833333,0.000017
203.866667,0.000001
203.9,0.000000
203.933333,0.000017
203.966667,0.000001
204,0.000007
204.033333,0.000016
204.066667,0.000002
204.1,0.048582
204.133333,0.000030
204.166667,0.000004
204.2,0.000001
204.233333,0.000000
204.266667,0.000000
204.3,0.000001
204.333333,0.000001
204.366667,0.000000
204.4,0.000000
204.433333,0.000000
204.466667,0.000000
204.5,0.000001
204.533333,0.000001
204.566667,0.000000
204.6,0.000000
204.633333,0.000000
204.666667,0.000002
204.7,0.000002
204.733333,0.000000
204.766667,0.000002
204.8,0.000002
204.833333,0.000000
204.866667,0.000002
204.9,0.000002
204.933333,0.000000
204.966667,0.000002
205,0.000042
205.033333,0.000008
205.066667,0.000004
205.1,0.000001
205.133333,0.000046
205.166667,0.000001
205.2,0.000000
205.233333,0.000004
205.266667,0.000001
205.3,0.000000
205.333333,0.000002
205.366667,0.000001
205.4,0.000000
205.433333,0.000002
205.466667,0.000001
205.5,0.000000
205.533333,0.000002
205.566667,0.000001
205.6,0.000002
205.633333,0.000001
205.666667,0.000000
205.7,0.000000
205.733333,0.000000
205.766667,0.000000
205.8,0.000001
205.833333,0.000001
205.866667,0.000000
205.9,0.000000
205.933333,0.000000
205.966667,0.000000
206,0.000008
206.033333,0.000002
206.066667,0.000002
206.1,0.000001
206.133333,0.000000
206.166667,0.000003
206.2,0.000001
206.233333,0.000000
206.266667,0.000002
206.3,0.000001
206.333333,0.000000
206.366667,0.000003
206.4,0.051710
206.433333,0.000015
206.466667,0.000007
206.5,0.000003
206.533333,0.000002
206.566667,0.000003
206.6,0.000000
206.633333,0.000041
206.666667,0.000003
206.7,0.000000
206.733333,0.000004
206.766667,0.000003
206.8,0.000000
206.833333,0.000002
206.866667,0.000002
206.9,0.000000
206.933333,0.000003
206.966667,0.000003
207,0.000058
207.033333,0.000008
207.066667,0.000002
207.1,0.000002
207.133333,0.000001
207.166667,0.000000
207.2,0.000000
207.233333,0.000000
207.266667,0.000000
207.3,0.000001
207.333333,0.000001
207.366667,0.000000
207.4,0.000001
207.433333,0.000001
207.466667,0.000001
207.5,0.000001
207.533333,0.000000
207.566667,0.000010
207.6,0.000001
207.633333,0.000000
207.666667,0.000061
207.7,0.000002
207.733333,0.000000
207.766667,0.000063
207.8,0.000001
207.833333,0.000000
207.866667,0.000064
207.9,0.000001
207.933333,0.000064
207.966667,0.000001
208,0.000008
208.033333,0.000063
208.066667,0.000002
208.1,0.000001
208.133333,0.000087
208.166667,0.000001
208.2,0.000000
208.233333,0.000067
208.266667,0.000001
208.3,0.000064
208.333333,0.000001
208.366667,0.000000
208.4,0.000064
208.433333,0.000001
208.466667,0.000000
208.5,0.000064
208.533333,0.000001
208.566667,0.000000
208.6,0.000064
208.633333,0.000001
208.666667,0.000000
208.7,0.000001
208.733333,0.000001
208.766667,0.000001
208.8,0.000001
208.833333,0.000000
208.866667,0.000000
208.9,0.000000
208.933333,0.000000
208.966667,0.000001
209,0.000008
209.033333,0.060357
209.066667,0.000011
209.1,0.000003
209.133333,0.000001
209.166667,0.000036
209.2,0.000002
209.233333,0.000034
209.266667,0.000002
209.3,0.000000
209.333333,0.000034
209.366667,0.000002
209.4,0.000000
209.433333,0.000034
209.466667,0.000002
209.5,0.000000
209.533333,0.000034
209.566667,0.000002
209.6,0.000000
209.633333,0.000067
209.666667,0.000002
209.7,0.000036
209.733333,0.000002
209.766667,0.000000
209.8,0.000034
209.833333,0.000002
209.866667,0.000000
209.9,0.000034
209.933333,0.000002
209.966667,0.000000
210,0.000070
210.033333,0.000007
210.066667,0.000002
210.1,0.000034
210.133333,0.000001
210.166667,0.000000
210.2,0.000000
210.233333,0.000000
210.266667,0.000001
210.3,0.000001
210.333333,0.000000
210.366667,0.000001
210.4,0.000000
210.433333,0.000000
210.466667,0.004623
210.5,0.001059
210.533333,0.000539
210.566667,0.000529
210.6,0.000273
210.633333,0.000002
210.666667,0.000533
210.7,0.000246
210.733333,0.000247
210.766667,0.000275
210.8,0.000005
210.833333,0.000010
210.866667,0.035864
210.9,0.001406
210.933333,0.000248
210.966667,0.000020
211,0.000297
211.033333,0.000293
211.066667,0.000270
211.1,0.000310
211.133333,0.000058
211.166667,0.000256
211.2,0.000277
211.233333,0.000281
211.266667,0.000260
211.3,0.000250
211.333333,0.000011
211.366667,0.000004
211.4,0.000016
211.433333,0.000022
211.466667,0.000001
211.5,0.000015
211.533333,0.000001
211.566667,0.000015
211.6,0.000001
211.633333,0.000000
211.666667,0.000001
211.7,0.000001
211.733333,0.000000
211.766667,0.000000
211.8,0.000000
211.833333,0.000000
211.866667,0.000000
211.9,0.000000
211.933333,0.000000
211.966667,0.000000
212,0.000007
212.033333,0.000002
212.066667,0.000001
212.1,0.000000
212.133333,0.000000
212.166667,0.000000
212.2,0.000000
212.233333,0.000000
212.266667,0.000000
212.3,0.000000
212.333333,0.000000
212.366667,0.000000
212.4,0.000000
212.433333,0.000000
212.466667,0.000000
212.5,0.000000
212.533333,0.000000
212.566667,0.026993
212.6,0.000119
212.633333,0.000009
212.666667,0.000002
212.7,0.000001
212.733333,0.000020
212.766667,0.000021
212.8,0.000021
212.833333,0.000020
212.866667,0.000021
212.9,0.000001
212.933333,0.000018
212.966667,0.000020
213,0.000057
213.033333,0.000053
213.066667,0.000000
213.1,0.000021
213.133333,0.000003
213.166667,0.000002
213.2,0.000002
213.233333,0.000004
213.266667,0.000022
213.3,0.000023
213.333333,0.000013
213.366667,0.000043
213.4,0.000009
213.433333,0.000029
213.466667,0.000053
213.5,0.000060
213.533333,0.000120
213.566667,0.000003
213.6,0.000001
213.633333,0.000000
213.666667,0.000000
213.7,0.000004
213.733333,0.000768
213.766667,0.000128
213.8,0.000968
213.833333,0.000306
213.866667,0.000315
213.9,0.000476
213.933333,0.000000
213.966667,0.000001
214,0.028036
214.033333,0.000009
214.066667,0.000941
214.1,0.000148
214.133333,0.000000
214.166667,0.000002
214.2,0.000000
214.233333,0.000000
214.266667,0.000000
214.3,0.000000
214.333333,0.000000
214.366667,0.000000
214.4,0.000000
214.433333,0.000281
214.466667,0.000001
214.5,0.000000
214.533333,0.000000
214.566667,0.000000
214.6,0.000000
214.633333,0.000000
214.666667,0.000000
214.7,0.000000
214.733333,0.000000
214.766667,0.000000
214.8,0.000000
214.833333,0.000000
214.866667,0.000000
214.9,0.000000
214.933333,0.000000
214.966667,0.000000
215,0.000015
215.033333,0.000007
215.066667,0.000002
215.1,0.000001
215.133333,0.000000
215.166667,0.000000
215.2,0.000000
215.233333,0.020722
215.266667,0.000450
215.3,0.000086
215.333333,0.000046
215.366667,0.000040
215.4,0.000022
215.433333,0.000007
215.466667,0.000044
215.5,0.000022
215.533333,0.000030
215.566667,0.000002
215.6,0.000002
215.633333,0.000016
215.666667,0.000013
215.7,0.000011
215.733333,0.000027
215.766667,0.000003
215.8,0.000027
215.833333,0.000013
215.866667,0.000015
215.9,0.000015
215.933333,0.000002
215.966667,0.000002
216,0.000067
216.033333,0.000071
216.066667,0.000047
216.1,0.000011
216.133333,0.000016
216.166667,0.000032
216.2,0.000033
216.233333,0.000081
216.266667,0.000004
216.3,0.000002
216.333333,0.000000
216.366667,0.000000
216.4,0.000000
216.433333,0.000000
216.466667,0.009845
216.5,0.025160
216.533333,0.015490
216.566667,0.003573
216.6,0.000182
216.633333,0.000083
216.666667,0.000098
216.7,0.000067
216.733333,0.000230
216.766667,0.000217
216.8,0.000229
216.833333,0.000046
216.866667,0.000174
216.9,0.000171
216.933333,0.000158
216.966667,0.000012
217,0.000128
217.033333,0.000044
217.066667,0.000074
217.1,0.000042
217.133333,0.000099
217.166667,0.000015
217.2,0.000008
217.233333,0.000004
217.266667,0.000011
217.3,0.000374
217.333333,0.000056
217.366667,0.000363
217.4,0.000250
217.433333,0.000118
217.466667,0.000197
217.5,0.000065
217.533333,0.000089
217.566667,0.000042
217.6,0.000003
217.633333,0.000012
217.666667,0.000006
217.7,0.000002
217.733333,0.000000
217.766667,0.063789
217.8,0.000014
217.833333,0.000005
217.866667,0.000002
217.9,0.000000
217.933333,0.000000
217.966667,0.000000
218,0.000085
218.033333,0.000008
218.066667,0.000002
218.1,0.000001
218.133333,0.000000
218.166667,0.000000
218.2,0.000000
218.233333,0.000000
218.266667,0.000000
218.3,0.000000
218.333333,0.000000
218.366667,0.000000
218.4,0.000000
218.433333,0.000000
218.466667,0.000000
218.5,0.000000
218.533333,0.000000
218.566667,0.000000
218.6,0.000000
218.633333,0.000000
218.666667,0.000000
218.7,0.000000
218.733333,0.000000
218.766667,0.000000
218.8,0.000000
218.833333,0.000000
218.866667,0.000000
218.9,0.000000
218.933333,0.000000
218.966667,0.000000
219,0.000007
219.033333,0.000000
219.066667,0.000002
219.1,0.000001
219.133333,0.000000
219.166667,0.000000
219.2,0.000000
219.233333,0.000000
219.266667,0.000000
219.3,0.000000
219.333333,0.000000
219.366667,0.000000
219.4,0.000000
219.433333,0.000000
219.466667,0.000000
219.5,0.000000
219.533333,0.000000
219.566667,0.000000
219.6,0.000000
219.633333,0.000000
219.666667,0.000000
219.7,0.000000
219.733333,0.000000
219.766667,0.060013
219.8,0.000012
219.833333,0.000088
219.866667,0.000003
219.9,0.000042
219.933333,0.000040
219.966667,0.000003
220,0.000013
220.033333,0.000010
220.066667,0.000003
220.1,0.000033
220.133333,0.000028
220.166667,0.000000
220.2,0.000017
220.233333,0.000017
220.266667,0.000000
220.3,0.000002
220.333333,0.000001
220.366667,0.000015
220.4,0.000013
220.433333,0.000015
220.466667,0.000039
220.5,0.000024
220.533333,0.000001
220.566667,0.000014
220.6,0.000003
220.633333,0.000001
220.666667,0.000042
220.7,0.000001
220.733333,0.000008
220.766667,0.000024
220.8,0.000020
220.833333,0.000000
220.866667,0.000002
220.9,0.000000
220.933333,0.000024
220.966667,0.000019
221,0.020520
221.033333,0.000091
221.066667,0.000045
221.1,0.000000
221.133333,0.000002
221.166667,0.000001
221.2,0.000000
221.233333,0.000000
221.266667,0.000000
221.3,0.000000
221.333333,0.000000
221.366667,0.000000
221.4,0.000000
221.433333,0.000000
221.466667,0.000000
221.5,0.000000
221.533333,0.000000
221.566667,0.000000
221.6,0.000000
221.633333,0.000000
221.666667,0.000000
221.7,0.000000
221.733333,0.000000
221.766667,0.000000
221.8,0.000000
221.833333,0.000000
221.866667,0.000000
221.9,0.000000
221.933333,0.000000
221.966667,0.000000
222,0.000007
222.033333,0.000001
222.066667,0.000002
222.1,0.000001
222.133333,0.000000
222.166667,0.000000
222.2,0.000000
222.233333,0.000000
222.266667,0.000061
222.3,0.023404
222.333333,0.000290
222.366667,0.000057
222.4,0.000041
222.433333,0.000043
222.466667,0.000016
222.5,0.000006
222.533333,0.000063
222.566667,0.000068
222.6,0.000037
222.633333,0.000056
222.666667,0.000100
222.7,0.000028
222.733333,0.000005
222.766667,0.000146
222.8,0.000115
222.833333,0.000119
222.866667,0.000058
222.9,0.000135
222.933333,0.000057
222.966667,0.000051
223,0.000005
223.033333,0.000056
223.066667,0.000042
223.1,0.000005
223.133333,0.000048
223.166667,0.000237
223.2,0.000112
223.233333,0.000227
223.266667,0.000226
223.3,0.000091
223.333333,0.000252
223.366667,0.000072
223.4,0.000106
223.433333,0.000112
223.466667,0.000094
223.5,0.000057
223.533333,0.000002
223.566667,0.000055
223.6,0.000001
223.633333,0.032586
223.666667,0.000271
223.7,0.000006
223.733333,0.000001
223.766667,0.000003
223.8,0.000053
223.833333,0.000001
223.866667,0.000056
223.9,0.000051
223.933333,0.000055
223.966667,0.000055
224,0.000111
224.033333,0.000050
224.066667,0.000166
224.1,0.000171
224.133333,0.000834
224.166667,0.000004
224.2,0.000002
224.233333,0.000000
224.266667,0.000000
224.3,0.000000
224.333333,0.000000
224.366667,0.000000
224.4,0.000000
224.433333,0.000000
224.466667,0.000000
224.5,0.000000
224.533333,0.000000
224.566667,0.000000
224.6,0.000000
224.633333,0.000000
224.666667,0.000000
224.7,0.000000
224.733333,0.000000
224.766667,0.000000
224.8,0.000000
224.833333,0.000000
224.866667,0.000000
224.9,0.000000
224.933333,0.000000
224.966667,0.000000
225,0.000027
225.033333,0.000008
225.066667,0.000002
225.1,0.000001
225.133333,0.000000
225.166667,0.000000
225.2,0.000000
225.233333,0.000000
225.266667,0.000000
225.3,0.000000
225.333333,0.000000
225.366667,0.000000
225.4,0.000000
225.433333,0.000000
225.466667,0.000000
225.5,0.000000
225.533333,0.000000
225.566667,0.032242
225.6,0.000009
225.633333,0.000003
225.666667,0.000001
225.7,0.000000
225.733333,0.000000
225.766667,0.000000
225.8,0.000000
225.833333,0.000000
225.866667,0.000000
225.9,0.000000
225.933333,0.000000
225.966667,0.000000
226,0.000037
226.033333,0.000009
226.066667,0.000002
226.1,0.000001
226.133333,0.000000
226.166667,0.000000
226.2,0.000000
226.233333,0.000000
226.266667,0.000000
226.3,0.000000
226.333333,0.000000
226.366667,0.000000
226.4,0.000000
226.433333,0.000000
226.466667,0.000000
226.5,0.000000
226.533333,0.000000
226.566667,0.000000
226.6,0.000000
226.633333,0.000000
226.666667,0.000000
226.7,0.000000
226.733333,0.000000
226.766667,0.000000
226.8,0.000000
226.833333,0.000000
226.866667,0.000000
226.9,0.000000
226.933333,0.000000
226.966667,0.000000
227,0.000008
227.033333,0.033301
227.066667,0.000012
227.1,0.000004
227.133333,0.000001
227.166667,0.000000
227.2,0.000000
227.233333,0.000000
227.266667,0.000000
227.3,0.000000
227.333333,0.000000
227.366667,0.000000
227.4,0.000000
227.433333,0.000000
227.466667,0.000000
227.5,0.000000
227.533333,0.000000
227.566667,0.000000
227.6,0.000000
227.633333,0.000000
227.666667,0.000000
227.7,0.000000
227.733333,0.000000
227.766667,0.000000
227.8,0.000000
227.833333,0.000000
227.866667,0.000000
227.9,0.000000
227.933333,0.000000
227.966667,0.000000
228,0.000038
228.033333,0.000009
228.066667,0.000002
228.1,0.000001
228.133333,0.000000
228.166667,0.000000
228.2,0.000000
228.233333,0.000000
228.266667,0.000000
228.3,0.000000
228.333333,0.000000
228.366667,0.000000
228.4,0.000000
228.433333,0.000000
228.466667,0.053352
228.5,0.000011
228.533333,0.000477
228.566667,0.000979
228.6,0.000003
228.633333,0.001247
228.666667,0.000254
228.7,0.000003
228.733333,0.000001
228.766667,0.000000
228.8,0.000000
228.833333,0.001645
228.866667,0.000632
228.9,0.000003
228.933333,0.000001
228.966667,0.000000
229,0.000753
229.033333,0.000811
229.066667,0.000003
229.1,0.000001
229.133333,0.000000
229.166667,0.000000
229.2,0.000000
229.233333,0.000000
229.266667,0.000000
229.3,0.000000
229.333333,0.000000
229.366667,0.000000
229.4,0.000000
229.433333,0.000000
229.466667,0.000000
229.5,0.000000
229.533333,0.000000
229.566667,0.000000
229.6,0.000000
229.633333,0.000000
229.666667,0.000000
229.7,0.000000
229.733333,0.000000
229.766667,0.000000
229.8,0.000000
229.833333,0.000000
229.866667,0.000000
229.9,0.000000
229.933333,0.000000
229.966667,0.000000
230,0.000011
230.033333,0.000003
230.066667,0.000002
230.1,0.000001
230.133333,0.000000
230.166667,0.000000
230.2,0.000000
230.233333,0.000000
230.266667,0.000000
230.3,0.000000
230.333333,0.000000
230.366667,0.000000
230.4,0.000000
230.433333,0.000000
230.466667,0.000000
230.5,0.000000
230.533333,0.000000
230.566667,0.000000
230.6,0.000000
230.633333,0.000000
230.666667,0.000000
230.7,0.000000
230.733333,0.000000
230.766667,0.000000
230.8,0.000000
230.833333,0.000000
230.866667,0.000000
230.9,0.000000
230.933333,0.000000
230.966667,0.000015
231,0.046052
231.033333,0.000021
231.066667,0.000004
231.1,0.000022
231.133333,0.000042
231.166667,0.000031
231.2,0.000012
231.233333,0.000003
231.266667,0.000024
231.3,0.000026
231.333333,0.000025
231.366667,0.000004
231.4,0.000104
231.433333,0.000045
231.466667,0.000063
231.5,0.000103
231.533333,0.000006
231.566667,0.000103
231.6,0.000045
231.633333,0.000047
231.666667,0.000039
231.7,0.000013
231.733333,0.000129
231.766667,0.000036
231.8,0.000008
231.833333,0.000004
231.866667,0.000011
231.9,0.000012
231.933333,0.000012
231.966667,0.000006
232,0.000009
232.033333,0.000005
232.066667,0.000002
232.1,0.000001
232.133333,0.000000
232.166667,0.000000
232.2,0.000000
232.233333,0.000000
232.266667,0.000000
232.3,0.000000
232.333333,0.000000
232.366667,0.000000
232.4,0.000000
232.433333,0.000000
232.466667,0.000000
232.5,0.000000
232.533333,0.000000
232.566667,0.000000
232.6,0.000000
232.633333,0.000000
232.666667,0.000000
232.7,0.000000
232.733333,0.025950
232.766667,0.000010
232.8,0.000003
232.833333,0.000001
232.866667,0.000000
232.9,0.000000
232.933333,0.000000
232.966667,0.000000
233,0.000040
233.033333,0.000009
233.066667,0.000002
233.1,0.000001
233.133333,0.000000
233.166667,0.000000
233.2,0.000000
233.233333,0.000000
233.266667,0.000000
233.3,0.000000
233.333333,0.000000
233.366667,0.000000
233.4,0.000000
233.433333,0.000000
233.466667,0.000000
233.5,0.000000
233.533333,0.000000
233.566667,0.000000
233.6,0.000000
233.633333,0.000000
233.666667,0.000000
233.7,0.000000
233.733333,0.000000
233.766667,0.000000
233.8,0.000000
233.833333,0.000000
233.866667,0.000000
233.9,0.000000
233.933333,0.000000
233.966667,0.000000
234,0.000009
234.033333,0.000001
234.066667,0.000002
234.1,0.000001
234.133333,0.000000
234.166667,0.000000
234.2,0.000000
234.233333,0.000000
234.266667,0.000000
234.3,0.000000
234.333333,0.000000
234.366667,0.000000
234.4,0.000000
234.433333,0.000000
234.466667,0.000000
234.5,0.000000
234.533333,0.000000
234.566667,0.000000
234.6,0.000000
234.633333,0.000000
234.666667,0.056080
234.7,0.000015
234.733333,0.000005
234.766667,0.000002
234.8,0.000000
234.833333,0.000000
234.866667,0.000000
234.9,0.000000
234.933333,0.000000
234.966667,0.000000
235,0.000055
235.033333,0.000011
235.066667,0.000002
235.1,0.000001
235.133333,0.000000
235.166667,0.000000
235.2,0.000000
235.233333,0.000000
235.266667,0.000000
235.3,0.000000
235.333333,0.000000
235.366667,0.000000
235.4,0.000000
235.433333,0.000000
235.466667,0.000000
235.5,0.000000
235.533333,0.000000
235.566667,0.000000
235.6,0.000000
235.633333,0.000000
235.666667,0.000000
235.7,0.000000
235.733333,0.000000
235.766667,0.000000
235.8,0.000000
235.833333,0.000000
235.866667,0.000000
235.9,0.000000
235.933333,0.000000
235.966667,0.000000
236,0.000010
236.033333,0.000001
236.066667,0.000002
236.1,0.000001
236.133333,0.000000
236.166667,0.000000
236.2,0.000000
236.233333,0.000000
236.266667,0.000000
236.3,0.000000
236.333333,0.000000
236.366667,0.000000
236.4,0.000000
236.433333,0.000000
236.466667,0.000000
236.5,0.000000
236.533333,0.000000
236.566667,0.000000
236.6,0.000000
236.633333,0.000000
236.666667,0.000000
236.7,0.000000
236.733333,0.000000
236.766667,0.058616
236.8,0.000009
236.833333,0.000003
236.866667,0.000001
236.9,0.000000
236.933333,0.000000
236.966667,0.000000
237,0.000035
237.033333,0.000009
237.066667,0.000002
237.1,0.000001
237.133333,0.000000
237.166667,0.000000
237.2,0.000000
237.233333,0.000000
237.266667,0.000000
237.3,0.000000
237.333333,0.000000
237.366667,0.000000
237.4,0.000000
237.433333,0.000000
237.466667,0.000000
237.5,0.000000
237.533333,0.000000
237.566667,0.000000
237.6,0.000000
237.633333,0.000000
237.666667,0.000000
237.7,0.000000
237.733333,0.000000
237.766667,0.000000
237.8,0.000000
237.833333,0.000000
237.866667,0.000000
237.9,0.000000
237.933333,0.000000
237.966667,0.000000
238,0.000008
238.033333,0.000001
238.066667,0.000002
238.1,0.000001
238.133333,0.000000
238.166667,0.000000
238.2,0.000000
238.233333,0.042636
238.266667,0.000006
238.3,0.000002
238.333333,0.000000
238.366667,0.000000
238.4,0.000000
238.433333,0.000000
238.466667,0.000000
238.5,0.000000
238.533333,0.000000
238.566667,0.000000
238.6,0.000000
238.633333,0.000000
238.666667,0.000000
238.7,0.000000
238.733333,0.000000
238.766667,0.000000
238.8,0.000000
238.833333,0.000000
238.866667,0.000000
238.9,0.000000
238.933333,0.000000
238.966667,0.000000
239,0.000022
239.033333,0.000009
239.066667,0.000002
239.1,0.054475
239.133333,0.000012
239.166667,0.000185
239.2,0.000063
239.233333,0.000043
239.266667,0.000197
239.3,0.000223
239.333333,0.000172
239.366667,0.000013
239.4,0.000428
239.433333,0.000196
239.466667,0.000080
239.5,0.000008
239.533333,0.000032
239.566667,0.000211
239.6,0.000088
239.633333,0.000002
239.666667,0.000059
239.7,0.000033
239.733333,0.000069
239.766667,0.000022
239.8,0.000056
239.833333,0.000020
239.866667,0.000043
239.9,0.000053
239.933333,0.000192
239.966667,0.000137
240,0.000133
240.033333,0.000068
240.066667,0.000111
240.1,0.000112
240.133333,0.000005
240.166667,0.000050
240.2,0.000095
240.233333,0.000076
240.266667,0.000047
240.3,0.000007
240.333333,0.000140
240.366667,0.000107
240.4,0.000049
240.433333,0.000002
240.466667,0.000052
240.5,0.000026
240.533333,0.000017
240.566667,0.000092
240.6,0.000034
240.633333,0.000034
240.666667,0.000008
240.7,0.000002
240.733333,0.000000
240.766667,0.000000
240.8,0.000000
240.833333,0.000000
240.866667,0.000000
240.9,0.000000
240.933333,0.037991
240.966667,0.004713
241,0.002344
241.033333,0.000615
241.066667,0.000197
241.1,0.000364
241.133333,0.000010
241.166667,0.000011
241.2,0.000178
241.233333,0.000181
241.266667,0.000169
241.3,0.000176
241.333333,0.000007
241.366667,0.001814
241.4,0.001304
241.433333,0.000005
241.466667,0.000245
241.5,0.000075
241.533333,0.000038
241.566667,0.000037
241.6,0.000008
241.633333,0.000294
241.666667,0.000036
241.7,0.000036
241.733333,0.000002
241.766667,0.000025
241.8,0.000063
241.833333,0.000030
241.866667,0.000126
241.9,0.000036
241.933333,0.000000
241.966667,0.000000
242,0.000038
242.033333,0.000041
242.066667,0.000088
242.1,0.000085
242.133333,0.000002
242.166667,0.000092
242.2,0.000058
242.233333,0.000034
242.266667,0.000095
242.3,0.000055
242.333333,0.000056
242.366667,0.000081
242.4,0.000001
242.433333,0.000056
242.466667,0.029471
242.5,0.000074
242.533333,0.000004
242.566667,0.000055
242.6,0.000057
242.633333,0.000058
242.666667,0.000060
242.7,0.000059
242.733333,0.000059
242.766667,0.000001
242.8,0.000056
242.833333,0.000058
242.866667,0.000002
242.9,0.000000
242.933333,0.000000
242.966667,0.000000
243,0.000032
243.033333,0.000009
243.066667,0.000002
243.1,0.000001
243.133333,0.000000
243.166667,0.000000
243.2,0.000000
243.233333,0.000000
243.266667,0.000000
243.3,0.000000
243.333333,0.000000
243.366667,0.000000
243.4,0.000000
243.433333,0.000000
243.466667,0.000000
243.5,0.000000
243.533333,0.000000
243.566667,0.000000
243.6,0.000000
243.633333,0.000000
243.666667,0.000000
243.7,0.000000
243.733333,0.000000
243.766667,0.000000
243.8,0.025020
243.833333,0.000009
243.866667,0.000003
243.9,0.000001
243.933333,0.000000
243.966667,0.000000
244,0.000036
244.033333,0.000009
244.066667,0.000002
244.1,0.000001
244.133333,0.000000
244.166667,0.000000
244.2,0.000000
244.233333,0.000000
244.266667,0.000000
244.3,0.000000
244.333333,0.000000
244.366667,0.000000
244.4,0.000000
244.433333,0.000000
244.466667,0.000000
244.5,0.000000
244.533333,0.000000
244.566667,0.000000
244.6,0.000000
244.633333,0.000000
244.666667,0.000000
244.7,0.000000
244.733333,0.000000
244.766667,0.000000
244.8,0.000000
244.833333,0.000000
244.866667,0.000000
244.9,0.000000
244.933333,0.000000
244.966667,0.000000
245,0.000009
245.033333,0.000001
245.066667,0.000002
245.1,0.000001
245.133333,0.028307
245.166667,0.000011
245.2,0.000004
245.233333,0.000001
245.266667,0.000000
245.3,0.000000
245.333333,0.000000
245.366667,0.000000
245.4,0.000000
245.433333,0.000000
245.466667,0.000000
245.5,0.000000
245.533333,0.000000
245.566667,0.000000
245.6,0.000000
245.633333,0.000000
245.666667,0.000000
245.7,0.000000
245.733333,0.000000
245.766667,0.000000
245.8,0.000000
245.833333,0.000000
245.866667,0.000000
245.9,0.000000
245.933333,0.000000
245.966667,0.000000
246,0.000042
246.033333,0.000010
246.066667,0.000003
246.1,0.000001
246.133333,0.000000
246.166667,0.000000
246.2,0.000000
246.233333,0.000000
246.266667,0.000000
246.3,0.000000
246.333333,0.000000
246.366667,0.000000
246.4,0.000000
246.433333,0.000000
246.466667,0.000000
246.5,0.000000
246.533333,0.000000
246.566667,0.131582
246.6,0.000009
246.633333,0.000003
246.666667,0.000001
246.7,0.000000
246.733333,0.000000
246.766667,0.000000
246.8,0.000000
246.833333,0.000000
246.866667,0.000000
246.9,0.000000
246.933333,0.000000
246.966667,0.000000
247,0.000031
247.033333,0.000004
247.066667,0.000001
247.1,0.000000
247.133333,0.000000
247.166667,0.000000
247.2,0.000000
247.233333,0.000000
247.266667,0.000000
247.3,0.000000
247.333333,0.000000
247.366667,0.077387
247.4,0.000017
247.433333,0.000005
247.466667,0.000002
247.5,0.000000
247.533333,0.000000
247.566667,0.000000
247.6,0.000000
247.633333,0.000000
247.666667,0.000000
247.7,0.000000
247.733333,0.000000
247.766667,0.000000
247.8,0.000000
247.833333,0.000000
247.866667,0.000000
247.9,0.000000
247.933333,0.000000
247.966667,0.000000
248,0.000056
248.033333,0.000007
248.066667,0.000002
248.1,0.000000
248.133333,0.000000
248.166667,0.000000
248.2,0.000000
248.233333,0.000000
248.266667,0.000000
248.3,0.000000
248.333333,0.000000
248.366667,0.000000
248.4,0.000000
248.433333,0.000000
248.466667,0.000000
248.5,0.000000
248.533333,0.000000
248.566667,0.000000
248.6,0.000000
248.633333,0.000000
248.666667,0.000000
248.7,0.000000
248.733333,0.000000
248.766667,0.000000
248.8,0.000000
248.833333,0.000000
248.866667,0.000000
248.9,0.000000
248.933333,0.000000
248.966667,0.000000
249,0.000005
249.033333,0.000000
249.066667,0.000002
249.1,0.000000
249.133333,0.000000
249.166667,0.000000
249.2,0.000000
249.233333,0.000000
249.266667,0.000000
249.3,0.000000
249.333333,0.000000
249.366667,0.000000
249.4,0.000000
249.433333,0.000000
249.466667,0.000000
249.5,0.000000
249.533333,0.000000
249.566667,0.000000
249.6,0.000000
249.633333,0.000000
249.666667,0.000000
249.7,0.000000
249.733333,0.000000
249.766667,0.000000
249.8,0.000000
249.833333,0.000000
249.866667,0.000000
249.9,0.042742
249.933333,0.000014
249.966667,0.000004
250,0.000047
250.033333,0.000005
250.066667,0.000001
250.1,0.000000
250.133333,0.000000
250.166667,0.000000
250.2,0.000000
250.233333,0.000000
250.266667,0.000000
250.3,0.000000
250.333333,0.000000
250.366667,0.000000
250.4,0.000000
250.433333,0.000000
250.466667,0.000000
250.5,0.000000
250.533333,0.000000
250.566667,0.000000
250.6,0.000000
250.633333,0.000000
250.666667,0.000000
250.7,0.000000
250.733333,0.000000
250.766667,0.000000
250.8,0.000000
250.833333,0.000000
250.866667,0.000000
250.9,0.000000
250.933333,0.000000
250.966667,0.000000
251,0.000004
251.033333,0.000000
251.066667,0.000001
251.1,0.000000
251.133333,0.000000
251.166667,0.000000
251.2,0.000000
251.233333,0.000000
251.266667,0.000000
251.3,0.000000
251.333333,0.000000
251.366667,0.000000
251.4,0.000000
251.433333,0.000000
251.466667,0.000000
251.5,0.000000
251.533333,0.000000
251.566667,0.000000
251.6,0.000000
251.633333,0.000000
251.666667,0.000000
251.7,0.000000
251.733333,0.000000
251.766667,0.000000
251.8,0.000000
251.833333,0.000000
251.866667,0.000000
251.9,0.000000
251.933333,0.000000
251.966667,0.000000
252,0.000004
252.033333,0.000000
252.066667,0.000001
252.1,0.000000
252.133333,0.000000
252.166667,0.034675
252.2,0.000014
252.233333,0.000004
252.266667,0.000002
252.3,0.000000
252.333333,0.000000
252.366667,0.000000
252.4,0.000000
252.433333,0.000000
252.466667,0.000000
252.5,0.000000
252.533333,0.000000
252.566667,0.000000
252.6,0.000000
252.633333,0.000000
252.666667,0.000000
252.7,0.000000
252.733333,0.000000
252.766667,0.000000
252.8,0.000000
252.833333,0.000000
252.866667,0.000000
252.9,0.000000
252.933333,0.000000
252.966667,0.000000
253,0.000049
253.033333,0.000005
253.066667,0.000001
253.1,0.000000
253.133333,0.000000
253.166667,0.000000
253.2,0.000000
253.233333,0.000000
253.266667,0.000000
253.3,0.000000
253.333333,0.000000
253.366667,0.000000
253.4,0.000000
253.433333,0.000000
253.466667,0.000000
253.5,0.000000
253.533333,0.000000
253.566667,0.000000
253.6,0.000000
253.633333,0.000076
253.666667,0.000017
253.7,0.000052
253.733333,0.000002
253.766667,0.000048
253.8,0.000068
253.833333,0.000021
253.866667,0.000056
253.9,0.000061
253.933333,0.000039
253.966667,0.000001
254,0.000005
254.033333,0.000001
254.066667,0.000007
254.1,0.000011
254.133333,0.000021
254.166667,0.000001
254.2,0.000020
254.233333,0.000066
254.266667,0.000041
254.3,0.000022
254.333333,0.000021
254.366667,0.000011
254.4,0.000003
254.433333,0.000001
254.466667,0.000000
254.5,0.000001
254.533333,0.000015
254.566667,0.000043
254.6,0.000002
254.633333,0.000028
254.666667,0.000059
254.7,0.000005
254.733333,0.000030
254.766667,0.000029
254.8,0.028713
254.833333,0.000028
254.866667,0.000005
254.9,0.000002
254.933333,0.000000
254.966667,0.000000
255,0.000059
255.033333,0.000007
255.066667,0.000002
255.1,0.000000
255.133333,0.000000
255.166667,0.000000
255.2,0.000000
255.233333,0.000000
255.266667,0.000000
255.3,0.000000
255.333333,0.000000
255.366667,0.000000
255.4,0.000000
255.433333,0.000000
255.466667,0.000000
255.5,0.000000
255.533333,0.000000
255.566667,0.000000
255.6,0.000000
255.633333,0.000000
255.666667,0.000000
255.7,0.000000
255.733333,0.000000
255.766667,0.000000
255.8,0.000000
255.833333,0.000000
255.866667,0.000000
255.9,0.000000
255.933333,0.000000
255.966667,0.000000
256,0.000006
256.033333,0.000000
256.066667,0.000002
256.1,0.000000
256.133333,0.000000
256.166667,0.000000
256.2,0.000000
256.233333,0.000000
256.266667,0.000000
256.3,0.000000
256.333333,0.000000
256.366667,0.000000
256.4,0.000000
256.433333,0.000000
256.466667,0.000000
256.5,0.000000
256.533333,0.000000
256.566667,0.000000
256.6,0.000000
256.633333,0.000000
256.666667,0.000000
256.7,0.000000
256.733333,0.000000
256.766667,0.000000
256.8,0.000000
256.833333,0.000000
256.866667,0.000000
256.9,0.056358
256.933333,0.000018
256.966667,0.000005
257,0.000069
257.033333,0.000007
257.066667,0.000002
257.1,0.000023
257.133333,0.000256
257.166667,0.000016
257.2,0.000005
257.233333,0.000024
257.266667,0.000006
257.3,0.000009
257.333333,0.000012
257.366667,0.000001
257.4,0.000003
257.433333,0.000003
257.466667,0.000000
257.5,0.000000
257.533333,0.000011
257.566667,0.000007
257.6,0.000009
257.633333,0.000010
257.666667,0.000167
257.7,0.000190
257.733333,0.000003
257.766667,0.000000
257.8,0.000000
257.833333,0.000000
257.866667,0.000000
257.9,0.000000
257.933333,0.000000
257.966667,0.000000
258,0.000024
258.033333,0.000007
258.066667,0.000002
258.1,0.000000
258.133333,0.000000
258.166667,0.000000
258.2,0.000000
258.233333,0.000000
258.266667,0.000000
258.3,0.000000
258.333333,0.000000
258.366667,0.000000
258.4,0.000000
258.433333,0.000000
258.466667,0.000000
258.5,0.000000
258.533333,0.000000
258.566667,0.000000
258.6,0.000000
258.633333,0.000000
258.666667,0.000000
258.7,0.000000
258.733333,0.000000
258.766667,0.000000
258.8,0.000000
258.833333,0.000000
258.866667,0.000000
258.9,0.000000
258.933333,0.000000
258.966667,0.000000
259,0.000006
259.033333,0.000000
259.066667,0.000002
259.1,0.000000
259.133333,0.000000
259.166667,0.000000
259.2,0.000000
259.233333,0.000000
259.266667,0.000000
259.3,0.000000
259.333333,0.000000
259.366667,0.000000
259.4,0.000000
259.433333,0.000000
259.466667,0.000000
259.5,0.000000
259.533333,0.000000
259.566667,0.000000
259.6,0.000000
259.633333,0.000000
259.666667,0.000000
259.7,0.000000
259.733333,0.000000
259.766667,0.000000
259.8,0.000000
259.833333,0.063509
259.866667,0.000014
259.9,0.000004
259.933333,0.000001
259.966667,0.000000
260,0.000050
260.033333,0.000006
260.066667,0.000002
260.1,0.000000
260.133333,0.000000
260.166667,0.000000
260.2,0.000000
260.233333,0.000000
260.266667,0.000000
260.3,0.000000
260.333333,0.000000
260.366667,0.000000
260.4,0.000000
260.433333,0.000000
260.466667,0.000000
260.5,0.000000
260.533333,0.000000
260.566667,0.000000
260.6,0.000000
260.633333,0.000000
260.666667,0.000000
260.7,0.000000
260.733333,0.000000
260.766667,0.000000
260.8,0.000000
260.833333,0.000000
260.866667,0.000000
260.9,0.000000
260.933333,0.000000
260.966667,0.000000
261,0.000005
261.033333,0.000000
261.066667,0.000002
261.1,0.000000
261.133333,0.000000
261.166667,0.000000
261.2,0.000000
261.233333,0.000000
261.266667,0.000000
261.3,0.000000
261.333333,0.000000
261.366667,0.000000
261.4,0.000000
261.433333,0.000000
261.466667,0.000000
261.5,0.000000
261.533333,0.000000
261.566667,0.000000
261.6,0.000000
261.633333,0.000000
261.666667,0.000000
261.7,0.000000
261.733333,0.000000
261.766667,0.032046
261.8,0.000095
261.833333,0.000017
261.866667,0.000003
261.9,0.000001
261.933333,0.000001
261.966667,0.000015
262,0.000032
262.033333,0.000029
262.066667,0.000019
262.1,0.000016
262.133333,0.000001
262.166667,0.000017
262.2,0.000017
262.233333,0.000016
262.266667,0.000015
262.3,0.000001
262.333333,0.000017
262.366667,0.000001
262.4,0.000001
262.433333,0.000001
262.466667,0.000001
262.5,0.000017
262.533333,0.000019
262.566667,0.000015
262.6,0.000034
262.633333,0.000003
262.666667,0.000020
262.7,0.000037
262.733333,0.000041
262.766667,0.000082
262.8,0.000002
262.833333,0.000001
262.866667,0.000000
262.9,0.000000
262.933333,0.000000
262.966667,0.000000
263,0.000011
263.033333,0.000006
263.066667,0.000001
263.1,0.000000
263.133333,0.000000
263.166667,0.000000
263.2,0.000000
263.233333,0.000000
263.266667,0.000000
263.3,0.000000
263.333333,0.000000
263.366667,0.000000
263.4,0.000000
263.433333,0.000000
263.466667,0.000000
263.5,0.000000
263.533333,0.000000
263.566667,0.000000
263.6,0.000000
263.633333,0.000000
263.666667,0.000000
263.7,0.000000
263.733333,0.000000
263.766667,0.000000
263.8,0.000000
263.833333,0.000000
263.866667,0.030063
263.9,0.000012
263.933333,0.000004
263.966667,0.000001
264,0.000042
264.033333,0.000005
264.066667,0.000001
264.1,0.000000
264.133333,0.000000
264.166667,0.000000
264.2,0.000000
264.233333,0.000000
264.266667,0.000000
264.3,0.000000
264.333333,0.000000
264.366667,0.000000
264.4,0.000000
264.433333,0.000000
264.466667,0.000000
264.5,0.000349
264.533333,0.000081
264.566667,0.000040
264.6,0.000038
264.633333,0.000020
264.666667,0.000003
264.7,0.000034
264.733333,0.000014
264.766667,0.000018
264.8,0.000017
264.833333,0.000001
264.866667,0.000001
264.9,0.000001
264.933333,0.000001
264.966667,0.000016
265,0.000007
265.033333,0.000009
265.066667,0.000018
265.1,0.000017
265.133333,0.000016
265.166667,0.000000
265.2,0.000017
265.233333,0.000017
265.266667,0.000017
265.3,0.000016
265.333333,0.000016
265.366667,0.000000
265.4,0.000001
265.433333,0.000001
265.466667,0.000008
265.5,0.000001
265.533333,0.048016
265.566667,0.000008
265.6,0.000003
265.633333,0.000001
265.666667,0.000000
265.7,0.000000
265.733333,0.000000
265.766667,0.000000
265.8,0.000000
265.833333,0.000000
265.866667,0.000000
265.9,0.000000
265.933333,0.000000
265.966667,0.000000
266,0.000029
266.033333,0.000005
266.066667,0.000001
266.1,0.000000
266.133333,0.000000
266.166667,0.000000
266.2,0.000000
266.233333,0.000000
266.266667,0.000000
266.3,0.000000
266.333333,0.000000
266.366667,0.000000
266.4,0.000000
266.433333,0.000000
266.466667,0.000000
266.5,0.000000
266.533333,0.000000
266.566667,0.000000
266.6,0.000000
266.633333,0.000000
266.666667,0.000000
266.7,0.000014
266.733333,0.000298
266.766667,0.000003
266.8,0.000044
266.833333,0.000085
266.866667,0.000039
266.9,0.030097
266.933333,0.000320
266.966667,0.000007
267,0.000033
267.033333,0.000031
267.066667,0.000004
267.1,0.000000
267.133333,0.000001
267.166667,0.000000
267.2,0.000001
267.233333,0.000000
267.266667,0.000958
267.3,0.001310
267.333333,0.001114
267.366667,0.000002
267.4,0.000001
267.433333,0.000000
267.466667,0.000000
267.5,0.000000
267.533333,0.000000
267.566667,0.000000
267.6,0.000000
267.633333,0.000000
267.666667,0.000000
267.7,0.000000
267.733333,0.000000
267.766667,0.000000
267.8,0.000000
267.833333,0.000000
267.866667,0.000000
267.9,0.000000
267.933333,0.000000
267.966667,0.000000
268,0.000014
268.033333,0.000006
268.066667,0.000001
268.1,0.000000
268.133333,0.000000
268.166667,0.000000
268.2,0.000000
268.233333,0.000000
268.266667,0.000000
268.3,0.000000
268.333333,0.000000
268.366667,0.000000
268.4,0.000000
268.433333,0.000000
268.466667,0.000000
268.5,0.000000
268.533333,0.000000
268.566667,0.000000
268.6,0.000000
268.633333,0.000000
268.666667,0.000000
268.7,0.000000
268.733333,0.000000
268.766667,0.000000
268.8,0.000000
268.833333,0.000000
268.866667,0.000000
268.9,0.000000
268.933333,0.000000
268.966667,0.000000
269,0.000005
269.033333,0.000000
269.066667,0.000001
269.1,0.000000
269.133333,0.000000
269.166667,0.000000
269.2,0.000000
269.233333,0.000000
269.266667,0.000000
269.3,0.000000
269.333333,0.000000
269.366667,0.000000
269.4,0.000000
269.433333,0.000000
269.466667,0.000000
269.5,0.000000
269.533333,0.000000
269.566667,0.000000
269.6,0.000000
269.633333,0.000000
269.666667,0.000000
269.7,0.000481
269.733333,0.000197
269.766667,0.022958
269.8,0.000225
269.833333,0.000104
269.866667,0.000027
269.9,0.000638
269.933333,0.000244
269.966667,0.000033
270,0.000016
270.033333,0.000088
270.066667,0.000018
270.1,0.000080
270.133333,0.000046
270.166667,0.000098
270.2,0.000105
270.233333,0.000018
270.266667,0.000251
270.3,0.000017
270.333333,0.000161
270.366667,0.000091
270.4,0.000020
270.433333,0.000308
270.466667,0.000838
270.5,0.000501
270.533333,0.000218
270.566667,0.000745
270.6,0.000361
270.633333,0.000032
270.666667,0.000424
270.7,0.000166
270.733333,0.000005
270.766667,0.000285
270.8,0.000100
270.833333,0.000068
270.866667,0.000133
270.9,0.000125
270.933333,0.000004
270.966667,0.000045
271,0.000013
271.033333,0.000006
271.066667,0.000001
271.1,0.000000
271.133333,0.000000
271.166667,0.000000
271.2,0.000000
271.233333,0.029422
271.266667,0.000010
271.3,0.000003
271.333333,0.000001
271.366667,0.000000
271.4,0.000000
271.433333,0.000000
271.466667,0.000000
271.5,0.000000
271.533333,0.000000
271.566667,0.000000
271.6,0.000000
271.633333,0.000000
271.666667,0.000000
271.7,0.000000
271.733333,0.000000
271.766667,0.000000
271.8,0.000000
271.833333,0.000000
271.866667,0.000000
271.9,0.000000
271.933333,0.000000
271.966667,0.000000
272,0.000034
272.033333,0.000006
272.066667,0.000001
272.1,0.000001
272.133333,0.000000
272.166667,0.000000
272.2,0.000000
272.233333,0.000000
272.266667,0.000000
272.3,0.000000
272.333333,0.000000
272.366667,0.000000
272.4,0.000000
272.433333,0.000000
272.466667,0.000000
272.5,0.000000
272.533333,0.000000
272.566667,0.000000
272.6,0.000000
272.633333,0.000000
272.666667,0.059797
272.7,0.000013
272.733333,0.000004
272.766667,0.000002
272.8,0.000000
272.833333,0.000000
272.866667,0.000000
272.9,0.000000
272.933333,0.000000
272.966667,0.000000
273,0.000045
273.033333,0.000006
273.066667,0.000001
273.1,0.000000
273.133333,0.000000
273.166667,0.000000
273.2,0.000000
273.233333,0.000000
273.266667,0.000000
273.3,0.000000
273.333333,0.000000
273.366667,0.000000
273.4,0.000000
273.433333,0.000000
273.466667,0.000000
273.5,0.000000
273.533333,0.000000
273.566667,0.000000
273.6,0.000000
273.633333,0.000000
273.666667,0.000000
273.7,0.000000
273.733333,0.000000
273.766667,0.000000
273.8,0.000000
273.833333,0.000000
273.866667,0.000000
273.9,0.000000
273.933333,0.000000
273.966667,0.000000
274,0.000006
274.033333,0.000000
274.066667,0.000001
274.1,0.000000
274.133333,0.000000
274.166667,0.000000
274.2,0.000000
274.233333,0.000000
274.266667,0.000000
274.3,0.000000
274.333333,0.000000
274.366667,0.000000
274.4,0.000000
274.433333,0.000000
274.466667,0.000000
274.5,0.000000
274.533333,0.000000
274.566667,0.000000
274.6,0.000000
274.633333,0.000000
274.666667,0.000000
274.7,0.000000
274.733333,0.000000
274.766667,0.000000
274.8,0.000000
274.833333,0.000000
274.866667,0.000000
274.9,0.000000
274.933333,0.075854
274.966667,0.000006
275,0.000017
275.033333,0.000005
275.066667,0.000001
275.1,0.000000
275.133333,0.000000
275.166667,0.000000
275.2,0.000000
275.233333,0.000000
275.266667,0.000000
275.3,0.000000
275.333333,0.000000
275.366667,0.000000
275.4,0.000000
275.433333,0.000000
275.466667,0.000000
275.5,0.000000
275.533333,0.000000
275.566667,0.000000
275.6,0.000000
275.633333,0.000000
275.666667,0.000000
275.7,0.000000
275.733333,0.000000
275.766667,0.000000
275.8,0.000000
275.833333,0.000000
275.866667,0.000000
275.9,0.000000
275.933333,0.000000
275.966667,0.048390
276,0.000049
276.033333,0.000007
276.066667,0.000002
276.1,0.000000
276.133333,0.000000
276.166667,0.000000
276.2,0.000000
276.233333,0.000000
276.266667,0.000000
276.3,0.000000
276.333333,0.000000
276.366667,0.000000
276.4,0.000000
276.433333,0.000000
276.466667,0.000000
276.5,0.000000
276.533333,0.000000
276.566667,0.000000
276.6,0.000000
276.633333,0.000000
276.666667,0.000000
276.7,0.000000
276.733333,0.000000
276.766667,0.000000
276.8,0.000000
276.833333,0.000000
276.866667,0.000000
276.9,0.000000
276.933333,0.000000
276.966667,0.000000
277,0.000006
277.033333,0.000000
277.066667,0.000002
277.1,0.000000
277.133333,0.000000
277.166667,0.000000
277.2,0.000000
277.233333,0.000000
277.266667,0.000000
277.3,0.000000
277.333333,0.000000
277.366667,0.000000
277.4,0.000000
277.433333,0.000000
277.466667,0.000000
277.5,0.000000
277.533333,0.000000
277.566667,0.000000
277.6,0.000000
277.633333,0.000000
277.666667,0.000000
277.7,0.000000
277.733333,0.000000
277.766667,0.306425
277.8,0.000009
277.833333,0.000203
277.866667,0.000310
277.9,0.000021
277.933333,0.000170
277.966667,0.000087
278,0.001350
278.033333,0.000072
278.066667,0.000020
278.1,0.000006
278.133333,0.000001
278.166667,0.000000
278.2,0.000000
278.233333,0.000000
278.266667,0.000000
278.3,0.000000
278.333333,0.000000
278.366667,0.000000
278.4,0.000000
278.433333,0.000000
278.466667,0.000000
278.5,0.000000
278.533333,0.000000
278.566667,0.000000
278.6,0.000000
278.633333,0.000000
278.666667,0.000000
278.7,0.000000
278.733333,0.000000
278.766667,0.000000
278.8,0.000000
278.833333,0.000000
278.866667,0.000000
278.9,0.000000
278.933333,0.000000
278.966667,0.000000
279,0.000064
279.033333,0.000005
279.066667,0.000020
279.1,0.000006
279.133333,0.000001
279.166667,0.000000
279.2,0.000000
279.233333,0.000000
279.266667,0.000000
279.3,0.000000
279.333333,0.000000
279.366667,0.000000
279.4,0.000000
279.433333,0.000000
279.466667,0.052618
279.5,0.000038
279.533333,0.000018
279.566667,0.000002
279.6,0.000000
279.633333,0.000000
279.666667,0.000000
279.7,0.000000
279.733333,0.000000
279.766667,0.000000
279.8,0.000000
279.833333,0.000000
279.866667,0.000000
279.9,0.000000
279.933333,0.000000
279.966667,0.000000
280,0.000158
280.033333,0.000075
280.066667,0.000022
280.1,0.000006
280.133333,0.000001
280.166667,0.000000
280.2,0.000000
280.233333,0.000000
280.266667,0.000000
280.3,0.000000
280.333333,0.000000
280.366667,0.000000
280.4,0.000000
280.433333,0.000000
280.466667,0.000000
280.5,0.000000
280.533333,0.000000
280.566667,0.000000
280.6,0.000000
280.633333,0.000000
280.666667,0.000000
280.7,0.000000
280.733333,0.000000
280.766667,0.000000
280.8,0.000000
280.833333,0.000000
280.866667,0.000000
280.9,0.000000
280.933333,0.000000
280.966667,0.000000
281,0.000065
281.033333,0.000005
281.066667,0.000022
281.1,0.000006
281.133333,0.000001
281.166667,0.000000
281.2,0.000000
281.233333,0.000000
281.266667,0.000000
281.3,0.000000
281.333333,0.000000
281.366667,0.000000
281.4,0.000000
281.433333,0.000000
281.466667,0.000000
281.5,0.000000
281.533333,0.000000
281.566667,0.000000
281.6,0.000000
281.633333,0.000000
281.666667,0.000000
281.7,0.000000
281.733333,0.000000
281.766667,0.000000
281.8,0.000000
281.833333,0.000000
281.866667,0.000000
281.9,0.000000
281.933333,0.000000
281.966667,0.000000
282,0.000065
282.033333,0.071924
282.066667,0.000064
282.1,0.000024
282.133333,0.000006
282.166667,0.000001
282.2,0.000000
282.233333,0.000000
282.266667,0.000000
282.3,0.000000
282.333333,0.000000
282.366667,0.000000
282.4,0.000000
282.433333,0.000000
282.466667,0.000000
282.5,0.000000
282.533333,0.000000
282.566667,0.000000
282.6,0.000000
282.633333,0.000000
282.666667,0.000000
282.7,0.000000
282.733333,0.000000
282.766667,0.000000
282.8,0.079235
282.833333,0.000038
282.866667,0.000018
282.9,0.000003
282.933333,0.000000
282.966667,0.000000
283,0.000142
283.033333,0.000071
283.066667,0.000020
283.1,0.000006
283.133333,0.000001
283.166667,0.000000
283.2,0.000000
283.233333,0.000000
283.266667,0.000000
283.3,0.000000
283.333333,0.000000
283.366667,0.000000
283.4,0.000000
283.433333,0.000000
283.466667,0.000000
283.5,0.000000
283.533333,0.000000
283.566667,0.000000
283.6,0.000000
283.633333,0.000000
283.666667,0.000000
283.7,0.000000
283.733333,0.000000
283.766667,0.000000
283.8,0.000000
283.833333,0.000000
283.866667,0.000000
283.9,0.000000
283.933333,0.000000
283.966667,0.000000
284,0.000063
284.033333,0.000005
284.066667,0.000020
284.1,0.000006
284.133333,0.000001
284.166667,0.000000
284.2,0.000000
284.233333,0.000000
284.266667,0.000000
284.3,0.000000
284.333333,0.000000
284.366667,0.000000
284.4,0.000000
284.433333,0.000000
284.466667,0.000000
284.5,0.000000
284.533333,0.000000
284.566667,0.000000
284.6,0.000000
284.633333,0.000000
284.666667,0.000000
284.7,0.000000
284.733333,0.000000
284.766667,0.000000
284.8,0.000000
284.833333,0.000000
284.866667,0.000000
284.9,0.000000
284.933333,0.000000
284.966667,0.000000
285,0.000063
285.033333,0.000005
285.066667,0.000020
285.1,0.000006
285.133333,0.000001
285.166667,0.000000
285.2,0.000000
285.233333,0.000000
285.266667,0.000000
285.3,0.000000
285.333333,0.000000
285.366667,0.000000
285.4,0.000000
285.433333,0.000000
285.466667,0.000000
285.5,0.000000
285.533333,0.000000
285.566667,0.000000
285.6,0.000000
285.633333,0.000000
285.666667,0.000000
285.7,0.000000
285.733333,0.000000
285.766667,1.000000
285.8,0.039461
285.833333,0.080147
285.866667,0.071095
285.9,0.003434
285.933333,0.000022
285.966667,0.000007
286,0.000105
286.033333,0.000006
286.066667,0.000002
286.1,0.000001
286.133333,0.000000
286.166667,0.000000
286.2,0.000000
286.233333,0.000000
286.266667,0.000000
286.3,0.000000
286.333333,0.000000
286.366667,0.000000
286.4,0.000000
286.433333,0.000000
286.466667,0.000000
286.5,0.000000
286.533333,0.000000
286.566667,0.000000
286.6,0.000000
286.633333,0.000000
286.666667,0.000000
286.7,0.000000
286.733333,0.000000
286.766667,0.000000
286.8,0.000000
286.833333,0.000000
286.866667,0.000000
286.9,0.000000
286.933333,0.000000
286.966667,0.000000
287,0.000006
287.033333,0.000000
287.066667,0.000002
287.1,0.000001
287.133333,0.000000
287.166667,0.000000
287.2,0.000000
287.233333,0.000000
287.266667,0.000000
287.3,0.000000
287.333333,0.000000
287.366667,0.000000
287.4,0.000000
287.433333,1.000000
287.466667,0.000006
287.5,0.123068
287.533333,0.000030
287.566667,0.000008
287.6,0.000004
287.633333,0.000000
287.666667,0.000000
287.7,0.000000
287.733333,0.000000
287.766667,0.000000
287.8,0.000000
287.833333,0.000000
287.866667,0.000000
287.9,0.000000
287.933333,0.000000
287.966667,0.000000
288,0.000106
288.033333,0.000006
288.066667,0.000001
288.1,0.000001
288.133333,0.000000
288.166667,0.000000
288.2,0.000000
288.233333,0.000000
288.266667,0.000000
288.3,0.000000
288.333333,0.000000
288.366667,0.000000
288.4,0.000000
288.433333,0.000000
288.466667,0.000000
288.5,0.000000
288.533333,0.000000
288.566667,0.000000
288.6,0.000000
288.633333,0.000000
288.666667,0.000000
288.7,0.000000
288.733333,0.000000
288.766667,0.000000
288.8,0.000000
288.833333,0.000000
288.866667,0.000000
288.9,0.000000
288.933333,0.000000
288.966667,0.000000
289,0.000006
289.033333,0.000000
289.066667,0.030460
289.1,0.000007
289.133333,0.000002
289.166667,0.000001
289.2,0.000000
289.233333,0.000000
289.266667,0.000000
289.3,0.000000
289.333333,0.000000
289.366667,0.000000
289.4,0.000000
289.433333,0.000000
289.466667,0.000000
289.5,0.000000
289.533333,0.000000
289.566667,0.000000
289.6,0.000000
289.633333,0.000000
289.666667,0.000000
289.7,0.000000
289.733333,0.000000
289.766667,0.000000
289.8,0.000000
289.833333,0.000000
289.866667,0.000000
289.9,0.000000
289.933333,0.000000
289.966667,0.000000
290,0.000029
290.033333,0.000006
290.066667,0.000001
290.1,0.000001
290.133333,0.000000
290.166667,0.000000
290.2,0.000000
290.233333,0.000000
290.266667,0.000000
290.3,0.000000
290.333333,0.000000
290.366667,0.000000
290.4,0.000000
290.433333,0.000000
290.466667,0.000000
290.5,0.000000
290.533333,0.000000
290.566667,0.000000
290.6,0.000000
290.633333,0.000000
290.666667,0.000000
290.7,0.029288
290.733333,0.000008
290.766667,0.000002
290.8,0.000001
290.833333,0.000000
290.866667,0.000000
290.9,0.000000
290.933333,0.000000
290.966667,0.000000
291,0.000032
291.033333,0.000006
291.066667,0.000001
291.1,0.000001
291.133333,0.000000
291.166667,0.000000
291.2,0.000000
291.233333,0.000000
291.266667,0.000000
291.3,0.000000
291.333333,0.000000
291.366667,0.000000
291.4,0.000000
291.433333,0.000000
291.466667,0.000000
291.5,0.000000
291.533333,0.000000
291.566667,0.000000
291.6,0.000000
291.633333,0.000000
291.666667,0.000000
291.7,0.000000
291.733333,0.000000
291.766667,0.000000
291.8,0.000000
291.833333,0.000000
291.866667,0.000000
291.9,0.000000
291.933333,0.000000
291.966667,0.000000
292,0.000005
292.033333,0.000000
292.066667,0.000001
292.1,0.053507
292.133333,0.000016
292.166667,0.000005
292.2,0.000001
292.233333,0.000000
292.266667,0.000000
292.3,0.000000
292.333333,0.000000
292.366667,0.000000
292.4,0.000000
292.433333,0.000000
292.466667,0.000000
292.5,0.000000
292.533333,0.000000
292.566667,0.000000
292.6,0.000000
292.633333,0.000000
292.666667,0.000000
292.7,0.000000
292.733333,0.000000
292.766667,0.000000
292.8,0.000000
292.833333,0.000000
292.866667,0.000000
292.9,0.000000
292.933333,0.000000
292.966667,0.000000
293,0.000056
293.033333,0.000008
293.066667,0.000003
293.1,0.000001
293.133333,0.000000
293.166667,0.000000
293.2,0.000000
293.233333,0.000000
293.266667,0.000000
293.3,0.000000
293.333333,0.000000
293.366667,0.000000
293.4,0.000000
293.433333,0.000000
293.466667,0.000000
293.5,0.000000
293.533333,0.000000
293.566667,0.000000
293.6,0.000000
293.633333,0.000000
293.666667,0.000000
293.7,0.000000
293.733333,0.000000
293.766667,0.000000
293.8,0.000000
293.833333,0.000000
293.866667,0.000000
293.9,0.000000
293.933333,0.000000
293.966667,0.000000
294,0.000007
294.033333,0.000000
294.066667,0.000003
294.1,0.000001
294.133333,0.000000
294.166667,0.000000
294.2,0.000000
294.233333,0.000000
294.266667,0.000000
294.3,0.000000
294.333333,0.000000
294.366667,0.000000
294.4,0.000000
294.433333,0.000000
294.466667,0.000000
294.5,0.000000
294.533333,0.000000
294.566667,0.000000
294.6,0.059072
294.633333,0.000008
294.666667,0.000002
294.7,0.000001
294.733333,0.000000
294.766667,0.000000
294.8,0.000000
294.833333,0.000000
294.866667,0.000000
294.9,0.000000
294.933333,0.000000
294.966667,0.000000
295,0.000030
295.033333,0.000006
295.066667,0.000001
295.1,0.000000
295.133333,0.000000
295.166667,0.000000
295.2,0.000000
295.233333,0.000000
295.266667,0.000000
295.3,0.000000
295.333333,0.000000
295.366667,0.000000
295.4,0.000000
295.433333,0.000000
295.466667,0.000000
295.5,0.000000
295.533333,0.000000
295.566667,0.000000
295.6,0.000000
295.633333,0.000000
295.666667,0.000000
295.7,0.000000
295.733333,0.000000
295.766667,0.000000
295.8,0.000000
295.833333,0.000000
295.866667,0.000000
295.9,0.000000
295.933333,0.000000
295.966667,0.000000
296,0.000005
296.033333,0.000000
296.066667,0.000001
296.1,0.000000
296.133333,0.026323
296.166667,0.000010
296.2,0.000003
296.233333,0.000001
296.266667,0.000000
296.3,0.000000
296.333333,0.000000
296.366667,0.000000
296.4,0.000000
296.433333,0.000000
296.466667,0.000000
296.5,0.000000
296.533333,0.000000
296.566667,0.000000
296.6,0.000000
296.633333,0.000000
296.666667,0.000000
296.7,0.000000
296.733333,0.000000
296.766667,0.000000
296.8,0.000000
296.833333,0.000000
296.866667,0.000000
296.9,0.000000
296.933333,0.000000
296.966667,0.000000
297,0.000033
297.033333,0.000006
297.066667,0.000001
297.1,0.000001
297.133333,0.000000
297.166667,0.000000
297.2,0.000000
297.233333,0.000000
297.266667,0.000000
297.3,0.000000
297.333333,0.000000
297.366667,0.000000
297.4,0.000000
297.433333,0.000000
297.466667,0.069526
297.5,0.000015
297.533333,0.000004
297.566667,0.000002
297.6,0.000000
297.633333,0.000000
297.666667,0.000000
297.7,0.000000
297.733333,0.000000
297.766667,0.000000
297.8,0.000000
297.833333,0.000000
297.866667,0.000000
297.9,0.000000
297.933333,0.000000
297.966667,0.000000
298,0.000055
298.033333,0.000007
298.066667,0.000002
298.1,0.000001
298.133333,0.000000
298.166667,0.000000
298.2,0.000000
298.233333,0.000000
298.266667,0.000000
298.3,0.000000
298.333333,0.000000
298.366667,0.000000
298.4,0.000000
298.433333,0.000000
298.466667,0.000000
298.5,0.000000
298.533333,0.000000
298.566667,0.000000
298.6,0.000000
298.633333,0.000000
298.666667,0.000000
298.7,0.000000
298.733333,0.000000
298.766667,0.000000
298.8,0.000000
298.833333,0.000000
298.866667,0.000000
298.9,0.000000
298.933333,0.000000
298.966667,0.000000
299,0.000006
299.033333,0.000000
299.066667,0.000002
299.1,0.000001
299.133333,0.000000
299.166667,0.000000
299.2,0.000000
299.233333,0.000000
299.266667,0.000000
299.3,0.000000
299.333333,0.000000
299.366667,0.000000
299.4,0.000000
299.433333,0.000000
299.466667,0.000000
299.5,0.000000
299.533333,0.000000
299.566667,0.000000
299.6,0.000000
299.633333,0.000000
299.666667,0.000000
299.7,0.000000
299.733333,0.000000
299.766667,0.000000
299.8,0.000000
299.833333,0.000000
299.866667,0.000000
299.9,0.000000
299.933333,0.000000
299.966667,0.000000
300,0.000006
300.033333,0.000000
300.066667,0.001531
300.1,0.081571
300.133333,0.001987
300.166667,0.000017
300.2,0.000001
300.233333,0.000017
300.266667,0.000004
300.3,0.000000
300.333333,0.003055
300.366667,0.000640
300.4,0.000739
300.433333,0.000943
300.466667,0.001985
300.5,0.000000
300.533333,0.000001
300.566667,0.000009
300.6,0.000042
300.633333,0.000055
300.666667,0.000006
300.7,0.000001
300.733333,0.000001
300.766667,0.000001
300.8,0.000007
300.833333,0.000006
300.866667,0.000153
300.9,0.000001
300.933333,0.000000
300.966667,0.000000
301,0.000030
301.033333,0.000006
301.066667,0.000001
301.1,0.071843
301.133333,0.000015
301.166667,0.000004
301.2,0.000002
301.233333,0.000000
301.266667,0.000000
301.3,0.000000
301.333333,0.000000
301.366667,0.000000
301.4,0.000000
301.433333,0.000000
301.466667,0.000000
301.5,0.000000
301.533333,0.000000
301.566667,0.000000
301.6,0.000000
301.633333,0.000000
301.666667,0.000000
301.7,0.000000
301.733333,0.000000
301.766667,0.000000
301.8,0.000000
301.833333,0.000000
301.866667,0.000000
301.9,0.000000
301.933333,0.000000
301.966667,0.000000
302,0.000052
302.033333,0.000008
302.066667,0.000002
302.1,0.000001
302.133333,0.000000
302.166667,0.000000
302.2,0.000000
302.233333,0.000000
302.266667,0.000000
302.3,0.000000
302.333333,0.000000
302.366667,0.000000
302.4,0.000000
302.433333,0.000000
302.466667,0.000000
302.5,0.000000
302.533333,0.000000
302.566667,0.000000
302.6,0.000000
302.633333,0.000000
302.666667,0.000000
302.7,0.000000
302.733333,0.000000
302.766667,0.000000
302.8,0.000000
302.833333,0.000000
302.866667,0.000000
302.9,0.000000
302.933333,0.000000
302.966667,0.000000
303,0.000007
303.033333,0.000001
303.066667,0.000002
303.1,0.000001
303.133333,0.000000
303.166667,0.000000
303.2,0.000000
303.233333,0.000000
303.266667,0.000000
303.3,0.000000
303.333333,0.000000
303.366667,0.000000
303.4,0.000000
303.433333,0.000017
303.466667,0.000031
303.5,0.000011
303.533333,0.000027
303.566667,0.000095
303.6,0.043288
303.633333,0.000015
303.666667,0.000075
303.7,0.000030
303.733333,0.000049
303.766667,0.000010
303.8,0.000043
303.833333,0.000022
303.866667,0.000002
303.9,0.000210
303.933333,0.000052
303.966667,0.000060
304,0.000029
304.033333,0.000052
304.066667,0.000053
304.1,0.000025
304.133333,0.000121
304.166667,0.000047
304.2,0.000049
304.233333,0.000043
304.266667,0.000118
304.3,0.000088
304.333333,0.000012
304.366667,0.000082
304.4,0.067382
304.433333,0.003093
304.466667,0.007228
304.5,0.006214
304.533333,0.000122
304.566667,0.003666
304.6,0.002601
304.633333,0.003541
304.666667,0.002920
304.7,0.003878
304.733333,0.000588
304.766667,0.003319
304.8,0.003142
304.833333,0.003385
304.866667,0.000048
304.9,0.003246
304.933333,0.000779
304.966667,0.000406
305,0.003444
305.033333,0.000181
305.066667,0.003250
305.1,0.003630
305.133333,0.003167
305.166667,0.003393
305.2,0.003890
305.233333,0.000540
305.266667,0.003611
305.3,0.003295
305.333333,0.003557
305.366667,0.000088
305.4,0.000336
305.433333,0.000115
305.466667,0.000112
305.5,0.000001
305.533333,0.035425
305.566667,0.000013
305.6,0.000004
305.633333,0.000002
305.666667,0.000000
305.7,0.000000
305.733333,0.000000
305.766667,0.000000
305.8,0.000000
305.833333,0.000000
305.866667,0.000000
305.9,0.000000
305.933333,0.000000
305.966667,0.000000
306,0.000085
306.033333,0.000007
306.066667,0.000002
306.1,0.000001
306.133333,0.000000
306.166667,0.000000
306.2,0.000000
306.233333,0.000000
306.266667,0.000000
306.3,0.000000
306.333333,0.000000
306.366667,0.000000
306.4,0.000000
306.433333,0.000000
306.466667,0.000000
306.5,0.000000
306.533333,0.000000
306.566667,0.000000
306.6,0.000000
306.633333,0.000000
306.666667,0.000000
306.7,0.000000
306.733333,0.000000
306.766667,0.000000
306.8,0.000000
306.833333,0.000000
306.866667,0.000000
306.9,0.000000
306.933333,0.000000
306.966667,0.000000
307,0.000007
307.033333,0.000000
307.066667,0.000002
307.1,0.000001
307.133333,0.000000
307.166667,0.000000
307.2,0.000000
307.233333,0.000000
307.266667,0.000000
307.3,0.000000
307.333333,0.000000
307.366667,0.000000
307.4,0.034972
307.433333,0.000012
307.466667,0.000005
307.5,0.000001
307.533333,0.000000
307.566667,0.000000
307.6,0.000000
307.633333,0.000000
307.666667,0.000000
307.7,0.000000
307.733333,0.000000
307.766667,0.000000
307.8,0.000000
307.833333,0.000000
307.866667,0.000000
307.9,0.000000
307.933333,0.000000
307.966667,0.000000
308,0.000047
308.033333,0.000008
308.066667,0.000002
308.1,0.000001
308.133333,0.000000
308.166667,0.000000
308.2,0.000000
308.233333,0.000000
308.266667,0.000000
308.3,0.000000
308.333333,0.000000
308.366667,0.000000
308.4,0.000000
308.433333,0.000000
308.466667,0.000000
308.5,0.000000
308.533333,0.000000
308.566667,0.000000
308.6,0.000000
308.633333,0.000000
308.666667,0.000000
308.7,0.000000
308.733333,0.000000
308.766667,0.000000
308.8,0.000000
308.833333,0.000000
308.866667,0.000000
308.9,0.000000
308.933333,0.000000
308.966667,0.000000
309,0.000007
309.033333,0.000000
309.066667,0.000002
309.1,0.000001
309.133333,0.000000
309.166667,0.000000
309.2,0.000000
309.233333,0.058636
309.266667,0.000017
309.3,0.000006
309.333333,0.000002
309.366667,0.000000
309.4,0.000000
309.433333,0.000000
309.466667,0.000000
309.5,0.000000
309.533333,0.000000
309.566667,0.000000
309.6,0.000000
309.633333,0.000000
309.666667,0.000000
309.7,0.000000
309.733333,0.000000
309.766667,0.000000
309.8,0.000000
309.833333,0.000000
309.866667,0.000000
309.9,0.000000
309.933333,0.000000
309.966667,0.000000
310,0.000064
310.033333,0.000010
310.066667,0.000003
310.1,0.000001
310.133333,0.000000
310.166667,0.000000
310.2,0.000000
310.233333,0.000000
310.266667,0.000000
310.3,0.000000
310.333333,0.000000
310.366667,0.000000
310.4,0.007927
310.433333,0.003652
310.466667,0.001146
310.5,0.000448
310.533333,0.000596
310.566667,0.000042
310.6,0.000038
310.633333,0.000298
310.666667,0.000296
310.7,0.000275
310.733333,0.000307
310.766667,0.000001
310.8,0.000014
310.833333,0.000268
310.866667,0.000221
310.9,0.000232
310.933333,0.000021
310.966667,0.000006
311,0.000008
311.033333,0.000003
311.066667,0.000005
311.1,0.000016
311.133333,0.000008
311.166667,0.000004
311.2,0.000256
311.233333,0.000228
311.266667,0.000255
311.3,0.000268
311.333333,0.000264
311.366667,0.000004
311.4,0.000260
311.433333,0.000280
311.466667,0.000001
311.5,0.000006
311.533333,0.000272
311.566667,0.000290
311.6,0.000004
311.633333,0.000006
311.666667,0.000010
311.7,0.000003
311.733333,0.000002
311.766667,0.048820
311.8,0.000011
311.833333,0.000003
311.866667,0.000001
311.9,0.000000
311.933333,0.000000
311.966667,0.000000
312,0.000044
312.033333,0.000006
312.066667,0.000001
312.1,0.000001
312.133333,0.000000
312.166667,0.000000
312.2,0.000000
312.233333,0.000000
312.266667,0.000000
312.3,0.000000
312.333333,0.000000
312.366667,0.000000
312.4,0.000000
312.433333,0.000000
312.466667,0.000000
312.5,0.000000
312.533333,0.000000
312.566667,0.000000
312.6,0.000000
312.633333,0.000000
312.666667,0.000000
312.7,0.000000
312.733333,0.000000
312.766667,0.000000
312.8,0.000000
312.833333,0.000000
312.866667,0.000000
312.9,0.000000
312.933333,0.000000
312.966667,0.000000
313,0.000006
313.033333,0.000000
313.066667,0.000001
313.1,0.000001
313.133333,0.000000
313.166667,0.000000
313.2,0.000000
313.233333,0.000000
313.266667,0.000000
313.3,0.000000
313.333333,0.000000
313.366667,0.000000
313.4,0.000000
313.433333,0.000000
313.466667,0.000000
313.5,0.000000
313.533333,0.000000
313.566667,0.000000
313.6,0.000000
313.633333,0.000000
313.666667,0.000000
313.7,0.000000
313.733333,0.000000
313.766667,0.000000
313.8,0.050422
313.833333,0.000008
313.866667,0.000003
313.9,0.000001
313.933333,0.000000
313.966667,0.000000
314,0.000027
314.033333,0.000006
314.066667,0.000001
314.1,0.000001
314.133333,0.000000
314.166667,0.000000
314.2,0.000000
314.233333,0.000000
314.266667,0.000000
314.3,0.000000
314.333333,0.000000
314.366667,0.000000
314.4,0.000000
314.433333,0.000000
314.466667,0.000000
314.5,0.000000
314.533333,0.000000
314.566667,0.000000
314.6,0.000000
314.633333,0.000000
314.666667,0.000000
314.7,0.000000
314.733333,0.000000
314.766667,0.000000
314.8,0.000000
314.833333,0.000000
314.866667,0.000000
314.9,0.000000
314.933333,0.000000
314.966667,0.000000
315,0.000006
315.033333,0.000000
315.066667,0.000001
315.1,0.000001
315.133333,0.000000
315.166667,0.000000
315.2,0.000000
315.233333,0.000000
315.266667,0.036255
315.3,0.000012
315.333333,0.000004
315.366667,0.000001
315.4,0.000000
315.433333,0.000000
315.466667,0.000000
315.5,0.000000
315.533333,0.000000
315.566667,0.000000
315.6,0.000000
315.633333,0.000000
315.666667,0.000000
315.7,0.000000
315.733333,0.000000
315.766667,0.000000
315.8,0.000000
315.833333,0.000000
315.866667,0.000000
315.9,0.000000
315.933333,0.000000
315.966667,0.000000
316,0.000044
316.033333,0.000007
316.066667,0.000002
316.1,0.000001
316.133333,0.000000
316.166667,0.000000
316.2,0.000000
316.233333,0.000000
316.266667,0.000000
316.3,0.000000
316.333333,0.000000
316.366667,0.000000
316.4,0.000000
316.433333,0.000000
316.466667,0.000000
316.5,0.000000
316.533333,0.000000
316.566667,0.000000
316.6,0.000000
316.633333,0.000000
316.666667,0.000000
316.7,0.000000
316.733333,0.000000
316.766667,0.000000
316.8,0.000000
316.833333,0.000000
316.866667,0.034390
316.9,0.000213
316.933333,0.000035
316.966667,0.000205
317,0.039256
317.033333,0.033858
317.066667,0.000073
317.1,0.000232
317.133333,0.000043
317.166667,0.003976
317.2,0.003675
317.233333,0.000054
317.266667,0.000075
317.3,0.003819
317.333333,0.003638
317.366667,0.000131
317.4,0.000153
317.433333,0.000090
317.466667,0.003774
317.5,0.003441
317.533333,0.000168
317.566667,0.000219
317.6,0.003708
317.633333,0.003479
317.666667,0.000089
317.7,0.000281
317.733333,0.000239
317.766667,0.003675
317.8,0.003155
317.833333,0.000101
317.866667,0.000083
317.9,0.000368
317.933333,0.003691
317.966667,0.003085
318,0.000443
318.033333,0.000051
318.066667,0.022960
318.1,0.023116
318.133333,0.000456
318.166667,0.000096
318.2,0.002995
318.233333,0.000048
318.266667,0.000023
318.3,0.000015
318.333333,0.000017
318.366667,0.000002
318.4,0.000014
318.433333,0.000000
318.466667,0.000003
318.5,0.000061
318.533333,0.000010
318.566667,0.000005
318.6,0.000008
318.633333,0.000002
318.666667,0.000000
318.7,0.000023
318.733333,0.000016
318.766667,0.000019
318.8,0.000014
318.833333,0.000071
318.866667,0.000046
318.9,0.000035
318.933333,0.000009
318.966667,0.000002
319,0.000052
319.033333,0.000046
319.066667,0.000043
319.1,0.000132
319.133333,0.000042
319.166667,0.000141
319.2,0.000140
319.233333,0.000034
319.266667,0.000001
319.3,0.000000
319.333333,0.000000
319.366667,0.000000
319.4,0.000000
319.433333,0.000000
319.466667,0.000000
319.5,0.000000
319.533333,0.000000
319.566667,0.000000
319.6,0.000000
319.633333,0.000000
319.666667,0.000000
319.7,0.000000
319.733333,0.025929
319.766667,0.000011
319.8,0.000004
319.833333,0.000001
319.866667,0.000000
319.9,0.000000
319.933333,0.000000
319.966667,0.000000
320,0.000039
320.033333,0.000006
320.066667,0.000002
320.1,0.000000
320.133333,0.000000
320.166667,0.000000
320.2,0.000000
320.233333,0.000000
320.266667,0.000000
320.3,0.000000
320.333333,0.000000
320.366667,0.000000
320.4,0.000000
320.433333,0.000000
320.466667,0.000000
320.5,0.000000
320.533333,0.000000
320.566667,0.000000
320.6,0.000000
320.633333,0.000000
320.666667,0.000000
320.7,0.000000
320.733333,0.000000
320.766667,0.000000
320.8,0.000000
320.833333,0.000000
320.866667,0.000000
320.9,0.000000
320.933333,0.000000
320.966667,0.000000
321,0.000005
321.033333,0.000000
321.066667,0.000002
321.1,0.000000
321.133333,0.000000
321.166667,0.000000
321.2,0.031410
321.233333,0.000010
321.266667,0.000003
321.3,0.000001
321.333333,0.000000
321.366667,0.000000
321.4,0.000000
321.433333,0.000000
321.466667,0.000000
321.5,0.000000
321.533333,0.000000
321.566667,0.000000
321.6,0.000000
321.633333,0.000000
321.666667,0.000000
321.7,0.000000
321.733333,0.000000
321.766667,0.000000
321.8,0.000000
321.833333,0.000000
321.866667,0.000000
321.9,0.000000
321.933333,0.000000
321.966667,0.000000
322,0.000035
322.033333,0.000006
322.066667,0.000001
322.1,0.000001
322.133333,0.000000
322.166667,0.000000
322.2,0.000000
322.233333,0.000000
322.266667,0.000000
322.3,0.000000
322.333333,0.000000
322.366667,0.000000
322.4,0.000000
322.433333,0.000000
322.466667,0.000000
322.5,0.000000
322.533333,0.000000
322.566667,0.000000
322.6,0.000000
322.633333,0.000000
322.666667,0.000000
322.7,0.000000
322.733333,0.000000
322.766667,0.000000
322.8,0.000000
322.833333,0.000000
322.866667,0.000000
322.9,0.000000
322.933333,0.000000
322.966667,0.000000
323,0.000005
323.033333,0.000000
323.066667,0.027213
323.1,0.008164
323.133333,0.001192
323.166667,0.000369
323.2,0.000687
323.233333,0.000493
323.266667,0.002018
323.3,0.003111
323.333333,0.003386
323.366667,0.000982
323.4,0.001272
323.433333,0.002899
323.466667,0.002747
323.5,0.000196
323.533333,0.001650
323.566667,0.001582
323.6,0.001431
323.633333,0.001315
323.666667,0.000114
323.7,0.000313
323.733333,0.001666
323.766667,0.001300
323.8,0.000011
323.833333,0.000004
323.866667,0.000001
323.9,0.000000
323.933333,0.000000
323.966667,0.000000
324,0.000078
324.033333,0.000006
324.066667,0.000001
324.1,0.000000
324.133333,0.000000
324.166667,0.000000
324.2,0.000000
324.233333,0.000000
324.266667,0.000000
324.3,0.000000
324.333333,0.000000
324.366667,0.000000
324.4,0.000000
324.433333,0.000000
324.466667,0.000000
324.5,0.000000
324.533333,0.000000
324.566667,0.000000
324.6,0.000000
324.633333,0.000000
324.666667,0.000000
324.7,0.000000
324.733333,0.000000
324.766667,0.000000
324.8,0.000000
324.833333,0.000000
324.866667,0.053831
324.9,0.000260
324.933333,0.000012
324.966667,0.000005
325,0.000031
325.033333,0.000017
325.066667,0.000001
325.1,0.000042
325.133333,0.000039
325.166667,0.000014
325.2,0.000015
325.233333,0.000038
325.266667,0.000002
325.3,0.000001
325.333333,0.000000
325.366667,0.000000
325.4,0.000000
325.433333,0.000000
325.466667,0.000000
325.5,0.000000
325.533333,0.000000
325.566667,0.000000
325.6,0.000000
325.633333,0.000000
325.666667,0.000000
325.7,0.000000
325.733333,0.000000
325.766667,0.000000
325.8,0.000000
325.833333,0.000000
325.866667,0.000000
325.9,0.000000
325.933333,0.000000
325.966667,0.000000
326,0.000020
326.033333,0.000007
326.066667,0.000002
326.1,0.000001
326.133333,0.000000
326.166667,0.000000
326.2,0.000000
326.233333,0.000000
326.266667,0.000000
326.3,0.000000
326.333333,0.000000
326.366667,0.000000
326.4,0.000000
326.433333,0.000000
326.466667,0.000000
326.5,0.000000
326.533333,0.000000
326.566667,0.000000
326.6,0.000000
326.633333,0.000000
326.666667,0.000000
326.7,0.000000
326.733333,0.000000
326.766667,0.000000
326.8,0.000000
326.833333,0.000000
326.866667,0.000000
326.9,0.000000
326.933333,0.000000
326.966667,0.000000
327,0.000007
327.033333,0.000000
327.066667,0.000002
327.1,0.000001
327.133333,0.000000
327.166667,0.000000
327.2,0.000000
327.233333,0.000000
327.266667,0.000000
327.3,0.070075
327.333333,0.000006
327.366667,0.000002
327.4,0.000001
327.433333,0.000000
327.466667,0.000000
327.5,0.000000
327.533333,0.000000
327.566667,0.000000
327.6,0.000000
327.633333,0.000000
327.666667,0.000000
327.7,0.000000
327.733333,0.000000
327.766667,0.000000
327.8,0.000000
327.833333,0.000000
327.866667,0.000000
327.9,0.000000
327.933333,0.000000
327.966667,0.000000
328,0.000020
328.033333,0.000006
328.066667,0.000001
328.1,0.000000
328.133333,0.000000
328.166667,0.000000
328.2,0.000000
328.233333,0.000000
328.266667,0.000000
328.3,0.000000
328.333333,0.000000
328.366667,0.047214
328.4,0.000009
328.433333,0.000003
328.466667,0.000001
328.5,0.000000
328.533333,0.000000
328.566667,0.000000
328.6,0.000000
328.633333,0.000000
328.666667,0.000000
328.7,0.000000
328.733333,0.000000
328.766667,0.000000
328.8,0.000000
328.833333,0.000000
328.866667,0.000000
328.9,0.000000
328.933333,0.000000
328.966667,0.000000
329,0.000035
329.033333,0.000006
329.066667,0.000001
329.1,0.000000
329.133333,0.000000
329.166667,0.000000
329.2,0.000000
329.233333,0.000000
329.266667,0.000000
329.3,0.000000
329.333333,0.000000
329.366667,0.000000
329.4,0.000000
329.433333,0.000000
329.466667,0.000000
329.5,0.000000
329.533333,0.000304
329.566667,0.000144
329.6,0.000133
329.633333,0.000123
329.666667,0.000003
329.7,0.000106
329.733333,0.000115
329.766667,0.000002
329.8,0.000001
329.833333,0.000092
329.866667,0.000094
329.9,0.000006
329.933333,0.000005
329.966667,0.000099
330,0.000079
330.033333,0.000005
330.066667,0.000096
330.1,0.000077
330.133333,0.000075
330.166667,0.000023
330.2,0.000010
330.233333,0.031800
330.266667,0.000627
330.3,0.000088
330.333333,0.000019
330.366667,0.000020
330.4,0.000109
330.433333,0.000047
330.466667,0.000261
330.5,0.001217
330.533333,0.000003
330.566667,0.000001
330.6,0.000000
330.633333,0.000000
330.666667,0.000000
330.7,0.000000
330.733333,0.000000
330.766667,0.000000
330.8,0.000000
330.833333,0.000000
330.866667,0.000000
330.9,0.000000
330.933333,0.000000
330.966667,0.000000
331,0.000047
331.033333,0.000007
331.066667,0.000002
331.1,0.000001
331.133333,0.000000
331.166667,0.000000
331.2,0.000156
331.233333,0.000001
331.266667,0.000001
331.3,0.000001
331.333333,0.000000
331.366667,0.000004
331.4,0.000002
331.433333,0.000002
331.466667,0.000006
331.5,0.000001
331.533333,0.000001
331.566667,0.000008
331.6,0.000012
331.633333,0.000002
331.666667,0.000100
331.7,0.000094
331.733333,0.000004
331.766667,0.000088
331.8,0.000082
331.833333,0.000095
331.866667,0.000003
331.9,0.000087
331.933333,0.000107
331.966667,0.000001
332,0.000112
332.033333,0.000082
332.066667,0.000112
332.1,0.000128
332.133333,0.000174
332.166667,0.001257
332.2,0.000003
332.233333,0.000001
332.266667,0.000000
332.3,0.000000
332.333333,0.000000
332.366667,0.000000
332.4,0.000000
332.433333,0.000000
332.466667,0.000000
332.5,0.000000
332.533333,0.000000
332.566667,0.000000
332.6,0.000000
332.633333,0.040326
332.666667,0.000008
332.7,0.000003
332.733333,0.000001
332.766667,0.000000
332.8,0.000000
332.833333,0.000000
332.866667,0.000000
332.9,0.000000
332.933333,0.000000
332.966667,0.000000
333,0.000037
333.033333,0.000007
333.066667,0.000002
333.1,0.000001
333.133333,0.000000
333.166667,0.000000
333.2,0.000000
333.233333,0.000000
333.266667,0.000000
333.3,0.000000
333.333333,0.000000
333.366667,0.000058
333.4,0.000020
333.433333,0.000683
333.466667,0.000254
333.5,0.000080
333.533333,0.000074
333.566667,0.000185
333.6,0.000125
333.633333,0.000056
333.666667,0.000046
333.7,0.000023
333.733333,0.000052
333.766667,0.000036
333.8,0.000045
333.833333,0.000063
333.866667,0.000123
333.9,0.000051
333.933333,0.000061
333.966667,0.000024
334,0.000137
334.033333,0.000038
334.066667,0.000555
334.1,0.000203
334.133333,0.000031
334.166667,0.000049
334.2,0.000511
334.233333,0.000278
334.266667,0.000020
334.3,0.000001
334.333333,0.000510
334.366667,0.000152
334.4,0.000146
334.433333,0.000053
334.466667,0.000051
334.5,0.000071
334.533333,0.000001
334.566667,0.036221
334.6,0.000012
334.633333,0.000004
334.666667,0.000001
334.7,0.000000
334.733333,0.000000
334.766667,0.000000
334.8,0.000000
334.833333,0.000000
334.866667,0.000000
334.9,0.000000
334.933333,0.000000
334.966667,0.000000
335,0.000045
335.033333,0.000008
335.066667,0.000002
335.1,0.000000
335.133333,0.000000
335.166667,0.000000
335.2,0.000000
335.233333,0.000000
335.266667,0.000000
335.3,0.000000
335.333333,0.000000
335.366667,0.000000
335.4,0.000000
335.433333,0.000000
335.466667,0.000000
335.5,0.000000
335.533333,0.000000
335.566667,0.000000
335.6,0.000000
335.633333,0.000000
335.666667,0.000000
335.7,0.000000
335.733333,0.000000
335.766667,0.000000
335.8,0.000000
335.833333,0.000000
335.866667,0.000000
335.9,0.000000
335.933333,0.000000
335.966667,0.000000
336,0.000007
336.033333,0.032162
336.066667,0.000010
336.1,0.000003
336.133333,0.000001
336.166667,0.000000
336.2,0.000000
336.233333,0.000000
336.266667,0.000000
336.3,0.000000
336.333333,0.000000
336.366667,0.000000
336.4,0.000000
336.433333,0.000000
336.466667,0.000000
336.5,0.000000
336.533333,0.000000
336.566667,0.000000
336.6,0.000000
336.633333,0.000000
336.666667,0.000000
336.7,0.000000
336.733333,0.000000
336.766667,0.000000
336.8,0.000000
336.833333,0.000000
336.866667,0.000000
336.9,0.000000
336.933333,0.000000
336.966667,0.000000
337,0.000036
337.033333,0.000007
337.066667,0.000002
337.1,0.000001
337.133333,0.000000
337.166667,0.000000
337.2,0.000000
337.233333,0.000000
337.266667,0.000000
337.3,0.000000
337.333333,0.000000
337.366667,0.000000
337.4,0.000000
337.433333,0.000000
337.466667,0.000000
337.5,0.000000
337.533333,0.000000
337.566667,0.000000
337.6,0.000000
337.633333,0.000000
337.666667,0.000000
337.7,0.000000
337.733333,0.000000
337.766667,0.000000
337.8,0.000000
337.833333,0.000000
337.866667,0.000000
337.9,0.000000
337.933333,0.000000
337.966667,0.000000
338,0.000007
338.033333,0.035531
338.066667,0.000011
338.1,0.000003
338.133333,0.000001
338.166667,0.000000
338.2,0.000000
338.233333,0.000000
338.266667,0.000000
338.3,0.000000
338.333333,0.000000
338.366667,0.000000
338.4,0.000000
338.433333,0.000000
338.466667,0.000000
338.5,0.000000
338.533333,0.000000
338.566667,0.000000
338.6,0.000000
338.633333,0.000000
338.666667,0.000000
338.7,0.000000
338.733333,0.000000
338.766667,0.000000
338.8,0.000000
338.833333,0.000000
338.866667,0.000000
338.9,0.000000
338.933333,0.000000
338.966667,0.000000
339,0.000040
339.033333,0.000007
339.066667,0.000002
339.1,0.000000
339.133333,0.000000
339.166667,0.000000
339.2,0.000000
339.233333,0.000000
339.266667,0.000000
339.3,0.000000
339.333333,0.000000
339.366667,0.001944
339.4,0.000714
339.433333,0.000174
339.466667,0.000123
339.5,0.000106
339.533333,0.000068
339.566667,0.000093
339.6,0.000001
339.633333,0.000096
339.666667,0.000080
339.7,0.000001
339.733333,0.000086
339.766667,0.000077
339.8,0.000080
339.833333,0.031491
339.866667,0.000274
339.9,0.000100
339.933333,0.000003
339.966667,0.000011
340,0.000066
340.033333,0.000055
340.066667,0.000001
340.1,0.000003
340.133333,0.000001
340.166667,0.000003
340.2,0.000007
340.233333,0.000004
340.266667,0.000007
340.3,0.000018
340.333333,0.000076
340.366667,0.000003
340.4,0.000001
340.433333,0.000000
340.466667,0.000000
340.5,0.000000
340.533333,0.000000
340.566667,0.000000
340.6,0.000000
340.633333,0.000000
340.666667,0.000000
340.7,0.000000
340.733333,0.000000
340.766667,0.000000
340.8,0.000000
340.833333,0.000000
340.866667,0.000000
340.9,0.000000
340.933333,0.000000
340.966667,0.000000
341,0.000013
341.033333,0.000007
341.066667,0.000002
341.1,0.000001
341.133333,0.000000
341.166667,0.000000
341.2,0.000000
341.233333,0.000000
341.266667,0.000000
341.3,0.000000
341.333333,0.000000
341.366667,0.000000
341.4,0.000000
341.433333,0.000000
341.466667,0.000000
341.5,0.000000
341.533333,0.000000
341.566667,0.000000
341.6,0.000000
341.633333,0.000000
341.666667,0.000000
341.7,0.000000
341.733333,0.000000
341.766667,0.000000
341.8,0.000000
341.833333,0.000000
341.866667,0.000000
341.9,0.000000
341.933333,0.000000
341.966667,0.000000
342,0.000007
342.033333,0.000000
342.066667,0.000002
342.1,0.000001
342.133333,0.000000
342.166667,0.000000
342.2,0.000000
342.233333,0.000000
342.266667,0.000000
342.3,0.000000
342.333333,0.000000
342.366667,0.000000
342.4,0.000000
342.433333,0.000000
342.466667,0.000000
342.5,0.000000
342.533333,0.000000
342.566667,0.000000
342.6,0.000000
342.633333,0.000000
342.666667,0.000000
342.7,0.000000
342.733333,0.000000
342.766667,0.000000
342.8,0.037162
342.833333,0.000011
342.866667,0.000003
342.9,0.000001
342.933333,0.000000
342.966667,0.000000
343,0.000041
343.033333,0.000007
343.066667,0.000002
343.1,0.000001
343.133333,0.000000
343.166667,0.000000
343.2,0.000000
343.233333,0.000000
343.266667,0.000000
343.3,0.000000
343.333333,0.000000
343.366667,0.000000
343.4,0.000000
343.433333,0.003273
343.466667,0.002710
343.5,0.000005
343.533333,0.000000
343.566667,0.000003
343.6,0.002341
343.633333,0.011326
343.666667,0.002998
343.7,0.000002
343.733333,0.000001
343.766667,0.000000
343.8,0.000000
343.833333,0.000000
343.866667,0.000000
343.9,0.000000
343.933333,0.000000
343.966667,0.000000
344,0.000020
344.033333,0.000008
344.066667,0.000002
344.1,0.000001
344.133333,0.000000
344.166667,0.000000
344.2,0.000000
344.233333,0.000000
344.266667,0.000000
344.3,0.000000
344.333333,0.000000
344.366667,0.000000
344.4,0.000000
344.433333,0.000000
344.466667,0.000000
344.5,0.000000
344.533333,0.000000
344.566667,0.000000
344.6,0.000000
344.633333,0.000000
344.666667,0.000000
344.7,0.000000
344.733333,0.034162
344.766667,0.000011
344.8,0.000003
344.833333,0.000001
344.866667,0.000000
344.9,0.000000
344.933333,0.000000
344.966667,0.000000
345,0.000039
345.033333,0.000008
345.066667,0.000002
345.1,0.000001
345.133333,0.000000
345.166667,0.000000
345.2,0.000000
345.233333,0.000000
345.266667,0.000000
345.3,0.000000
345.333333,0.000000
345.366667,0.000000
345.4,0.000000
345.433333,0.000000
345.466667,0.000000
345.5,0.000000
345.533333,0.000000
345.566667,0.000000
345.6,0.000000
345.633333,0.000000
345.666667,0.000000
345.7,0.000000
345.733333,0.000000
345.766667,0.000000
345.8,0.000000
345.833333,0.000000
345.866667,0.000000
345.9,0.000000
345.933333,0.000000
345.966667,0.000000
346,0.000007
346.033333,0.000000
346.066667,0.000002
346.1,0.000001
346.133333,0.000000
346.166667,0.000000
346.2,0.000000
346.233333,0.000000
346.266667,0.000000
346.3,0.000000
346.333333,0.000000
346.366667,0.000000
346.4,0.000000
346.433333,0.000000
346.466667,0.000000
346.5,0.000000
346.533333,0.000000
346.566667,0.000000
346.6,0.000000
346.633333,0.000000
346.666667,0.045709
346.7,0.000012
346.733333,0.000004
346.766667,0.000002
346.8,0.000000
346.833333,0.000000
346.866667,0.000000
346.9,0.000000
346.933333,0.000000
346.966667,0.000000
347,0.000047
347.033333,0.000008
347.066667,0.000002
347.1,0.000001
347.133333,0.000000
347.166667,0.000000
347.2,0.000000
347.233333,0.000000
347.266667,0.000000
347.3,0.000000
347.333333,0.000000
347.366667,0.000000
347.4,0.000000
347.433333,0.000000
347.466667,0.000000
347.5,0.000000
347.533333,0.000000
347.566667,0.000000
347.6,0.000000
347.633333,0.000000
347.666667,0.000000
347.7,0.000000
347.733333,0.000000
347.766667,0.000000
347.8,0.000000
347.833333,0.000000
347.866667,0.000000
347.9,0.000000
347.933333,0.000000
347.966667,0.000000
348,0.000007
348.033333,0.000000
348.066667,0.000002
348.1,0.000001
348.133333,0.000000
348.166667,0.000000
348.2,0.000000
348.233333,0.000000
348.266667,0.000000
348.3,0.000000
348.333333,0.000000
348.366667,0.000000
348.4,0.000000
348.433333,0.000000
348.466667,0.000000
348.5,0.000000
348.533333,0.000000
348.566667,0.000000
348.6,0.000000
348.633333,0.000000
348.666667,0.000000
348.7,0.000000
348.733333,0.000000
348.766667,0.000000
348.8,0.000000
348.833333,0.000000
348.866667,0.000000
348.9,0.000000
348.933333,0.000000
348.966667,0.000000
349,0.000007
349.033333,0.000000
349.066667,0.042142
349.1,0.000057
349.133333,0.000019
349.166667,0.000010
349.2,0.000002
349.233333,0.000001
349.266667,0.000002
349.3,0.000002
349.333333,0.000007
349.366667,0.000008
349.4,0.000000
349.433333,0.000003
349.466667,0.000009
349.5,0.000008
349.533333,0.000009
349.566667,0.000000
349.6,0.000005
349.633333,0.000010
349.666667,0.000001
349.7,0.000001
349.733333,0.000010
349.766667,0.000004
349.8,0.000010
349.833333,0.000003
349.866667,0.000013
349.9,0.000002
349.933333,0.000024
349.966667,0.000022
350,0.000079
350.033333,0.000016
350.066667,0.000281
350.1,0.000002
350.133333,0.000001
350.166667,0.000000
350.2,0.000000
350.233333,0.000000
350.266667,0.000000
350.3,0.000000
350.333333,0.000000
350.366667,0.000000
350.4,0.000000
350.433333,0.000000
350.466667,0.000000
350.5,0.000000
350.533333,0.000000
350.566667,0.000000
350.6,0.000000
350.633333,0.000000
350.666667,0.000000
350.7,0.000000
350.733333,0.000000
350.766667,0.000000
350.8,0.000000
350.833333,0.000000
350.866667,0.000000
350.9,0.000000
350.933333,0.000000
350.966667,0.000000
351,0.000011
351.033333,0.000003
351.066667,0.000002
351.1,0.000001
351.133333,0.000000
351.166667,0.000000
351.2,0.000000
351.233333,0.000000
351.266667,0.000000
351.3,0.000000
351.333333,0.000000
351.366667,0.000000
351.4,0.000000
351.433333,0.000000
351.466667,0.000000
351.5,0.000000
351.533333,0.000000
351.566667,0.000000
351.6,0.000000
351.633333,0.000000
351.666667,0.000000
351.7,0.000000
351.733333,0.000000
351.766667,0.000000
351.8,0.000000
351.833333,0.000000
351.866667,0.056058
351.9,0.000012
351.933333,0.000004
351.966667,0.000001
352,0.000044
352.033333,0.000009
352.066667,0.000003
352.1,0.000001
352.133333,0.000000
352.166667,0.000000
352.2,0.000000
352.233333,0.000000
352.266667,0.000000
352.3,0.000000
352.333333,0.000000
352.366667,0.000000
352.4,0.000000
352.433333,0.000000
352.466667,0.000000
352.5,0.000000
352.533333,0.000000
352.566667,0.000000
352.6,0.000000
352.633333,0.000000
352.666667,0.000000
352.7,0.000000
352.733333,0.000000
352.766667,0.000000
352.8,0.000000
352.833333,0.000000
352.866667,0.000000
352.9,0.000000
352.933333,0.000000
352.966667,0.000000
353,0.000007
353.033333,0.000001
353.066667,0.000003
353.1,0.000001
353.133333,0.000000
353.166667,0.000000
353.2,0.000000
353.233333,0.000000
353.266667,0.000000
353.3,0.000000
353.333333,0.000000
353.366667,0.000000
353.4,0.000000
353.433333,0.000000
353.466667,0.027452
353.5,0.000009
353.533333,0.000003
353.566667,0.000001
353.6,0.000000
353.633333,0.000000
353.666667,0.000000
353.7,0.000000
353.733333,0.000000
353.766667,0.000000
353.8,0.000000
353.833333,0.000000
353.866667,0.000000
353.9,0.000000
353.933333,0.000000
353.966667,0.000000
354,0.000035
354.033333,0.000008
354.066667,0.000002
354.1,0.000001
354.133333,0.000000
354.166667,0.000000
354.2,0.000000
354.233333,0.000000
354.266667,0.000000
354.3,0.000000
354.333333,0.000000
354.366667,0.000000
354.4,0.000000
354.433333,0.000000
354.466667,0.000000
354.5,0.000000
354.533333,0.000000
354.566667,0.000000
354.6,0.000000
354.633333,0.000000
354.666667,0.000000
354.7,0.000000
354.733333,0.000000
354.766667,0.000000
354.8,0.000000
354.833333,0.000000
354.866667,0.000000
354.9,0.000000
354.933333,0.000000
354.966667,0.000000
355,0.000007
355.033333,0.000000
355.066667,0.000002
355.1,0.000001
355.133333,0.000000
355.166667,0.000000
355.2,0.000000
355.233333,0.000000
355.266667,0.000000
355.3,0.000000
355.333333,0.029849
355.366667,0.000012
355.4,0.000003
355.433333,0.000001
355.466667,0.000000
355.5,0.000000
355.533333,0.000000
355.566667,0.000000
355.6,0.000000
355.633333,0.000000
355.666667,0.000000
355.7,0.000000
355.733333,0.000000
355.766667,0.000000
355.8,0.000000
355.833333,0.000000
355.866667,0.000000
355.9,0.000000
355.933333,0.000000
355.966667,0.000000
356,0.000041
356.033333,0.000008
356.066667,0.000002
356.1,0.000001
356.133333,0.000000
356.166667,0.000000
356.2,0.000000
356.233333,0.000000
356.266667,0.000000
356.3,0.000000
356.333333,0.000000
356.366667,0.000000
356.4,0.000000
356.433333,0.000000
356.466667,0.000000
356.5,0.000000
356.533333,0.000000
356.566667,0.000000
356.6,0.000000
356.633333,0.000000
356.666667,0.000000
356.7,0.000000
356.733333,0.000000
356.766667,0.000000
356.8,0.000000
356.833333,0.000000
356.866667,0.000000
356.9,0.000000
356.933333,0.000000
356.966667,0.000000
357,0.000007
357.033333,0.029449
357.066667,0.000010
357.1,0.000003
357.133333,0.000001
357.166667,0.000000
357.2,0.000000
357.233333,0.000000
357.266667,0.000000
357.3,0.000000
357.333333,0.000000
357.366667,0.000000
357.4,0.000000
357.433333,0.000000
357.466667,0.000000
357.5,0.000000
357.533333,0.000000
357.566667,0.000000
357.6,0.000000
357.633333,0.000000
357.666667,0.000000
357.7,0.000000
357.733333,0.000000
357.766667,0.000000
357.8,0.000000
357.833333,0.006920
357.866667,0.003158
357.9,0.001297
357.933333,0.000411
357.966667,0.000941
358,0.000757
358.033333,0.000163
358.066667,0.000872
358.1,0.000731
358.133333,0.000770
358.166667,0.000648
358.2,0.000756
358.233333,0.000042
358.266667,0.000767
358.3,0.000769
358.333333,0.000103
358.366667,0.000846
358.4,0.000859
358.433333,0.000004
358.466667,0.000737
358.5,0.000757
358.533333,0.000010
358.566667,0.000766
358.6,0.000760
358.633333,0.000097
358.666667,0.000088
358.7,0.000001
358.733333,0.000674
358.766667,0.000666
358.8,0.032215
358.833333,0.000012
358.866667,0.000003
358.9,0.000001
358.933333,0.000000
358.966667,0.000000
359,0.000049
359.033333,0.000007
359.066667,0.000002
359.1,0.000001
359.133333,0.000000
359.166667,0.000000
359.2,0.000000
359.233333,0.000000
359.266667,0.000000
359.3,0.000000
359.333333,0.000199
359.366667,0.000176
359.4,0.000124
359.433333,0.000233
359.466667,0.000150
359.5,0.000072
359.533333,0.000106
359.566667,0.000046
359.6,0.000023
359.633333,0.000016
359.666667,0.000037
359.7,0.000322
359.733333,0.000117
359.766667,0.000061
359.8,0.000227
359.833333,0.000137
359.866667,0.000090
359.9,0.000095
359.933333,0.000030
359.966667,0.000151
360,0.000067
360.033333,0.000043
360.066667,0.000081
360.1,0.000055
360.133333,0.000001
360.166667,0.000000
360.2,0.000000
360.233333,0.000000
360.266667,0.000000
360.3,0.000000
360.333333,0.000000
360.366667,0.000000
360.4,0.000000
360.433333,0.000000
360.466667,0.000000
360.5,0.000000
360.533333,0.000000
360.566667,0.000000
360.6,0.000000
360.633333,0.000000
360.666667,0.000000
360.7,0.000000
360.733333,0.000000
360.766667,0.000000
360.8,0.000000
360.833333,0.000000
360.866667,0.000000
360.9,0.000000
360.933333,0.000000
360.966667,0.000000
361,0.000008
361.033333,0.000001
361.066667,0.000002
361.1,0.000001
361.133333,0.000000
361.166667,0.000000
361.2,0.000000
361.233333,0.000000
361.266667,0.000000
361.3,0.000000
361.333333,0.000000
361.366667,0.000000
361.4,0.000000
361.433333,0.000000
361.466667,0.000000
361.5,0.000000
361.533333,0.046231
361.566667,0.000008
361.6,0.000002
361.633333,0.000001
361.666667,0.000000
361.7,0.000000
361.733333,0.000000
361.766667,0.000000
361.8,0.000000
361.833333,0.000000
361.866667,0.000000
361.9,0.000000
361.933333,0.000000
361.966667,0.000000
362,0.000031
362.033333,0.000007
362.066667,0.000001
362.1,0.000001
362.133333,0.000000
362.166667,0.000000
362.2,0.000000
362.233333,0.000000
362.266667,0.000000
362.3,0.000000
362.333333,0.000000
362.366667,0.000000
362.4,0.000000
362.433333,0.000000
362.466667,0.000000
362.5,0.000000
362.533333,0.000000
362.566667,0.000000
362.6,0.000000
362.633333,0.000000
362.666667,0.000000
362.7,0.000000
362.733333,0.000000
362.766667,0.000000
362.8,0.000000
362.833333,0.000000
362.866667,0.000000
362.9,0.000000
362.933333,0.000000
362.966667,0.000000
363,0.000007
363.033333,0.000000
363.066667,0.000001
363.1,0.000001
363.133333,0.048702
363.166667,0.000013
363.2,0.000003
363.233333,0.000001
363.266667,0.000000
363.3,0.000000
363.333333,0.000000
363.366667,0.000000
363.4,0.000000
363.433333,0.000000
363.466667,0.000000
363.5,0.000000
363.533333,0.000000
363.566667,0.000000
363.6,0.000000
363.633333,0.000000
363.666667,0.000000
363.7,0.000000
363.733333,0.000000
363.766667,0.000000
363.8,0.000000
363.833333,0.000000
363.866667,0.000000
363.9,0.000000
363.933333,0.000000
363.966667,0.000000
364,0.000043
364.033333,0.000008
364.066667,0.000002
364.1,0.000001
364.133333,0.000000
364.166667,0.000000
364.2,0.000000
364.233333,0.000000
364.266667,0.000000
364.3,0.000000
364.333333,0.000000
364.366667,0.000000
364.4,0.000000
364.433333,0.000000
364.466667,0.000000
364.5,0.000000
364.533333,0.000000
364.566667,0.000000
364.6,0.000000
364.633333,0.000000
364.666667,0.000000
364.7,0.000000
364.733333,0.042085
364.766667,0.000007
364.8,0.000002
364.833333,0.000001
364.866667,0.000000
364.9,0.000000
364.933333,0.000000
364.966667,0.000000
365,0.000031
365.033333,0.000007
365.066667,0.000001
365.1,0.000000
365.133333,0.000000
365.166667,0.000000
365.2,0.000000
365.233333,0.000000
365.266667,0.000000
365.3,0.000000
365.333333,0.000000
365.366667,0.000000
365.4,0.000000
365.433333,0.000000
365.466667,0.000000
365.5,0.000000
365.533333,0.000000
365.566667,0.000000
365.6,0.000000
365.633333,0.000000
365.666667,0.000000
365.7,0.000000
365.733333,0.000000
365.766667,0.000000
365.8,0.000000
365.833333,0.000000
365.866667,0.000000
365.9,0.000000
365.933333,0.000000
365.966667,0.058502
366,0.000058
366.033333,0.000008
366.066667,0.000002
366.1,0.000001
366.133333,0.000000
366.166667,0.000000
366.2,0.000000
366.233333,0.000000
366.266667,0.000000
366.3,0.000000
366.333333,0.000000
366.366667,0.000000
366.4,0.000000
366.433333,0.000000
366.466667,0.000000
366.5,0.000000
366.533333,0.000000
366.566667,0.000000
366.6,0.000000
366.633333,0.000000
366.666667,0.000000
366.7,0.000000
366.733333,0.000000
366.766667,0.000000
366.8,0.000000
366.833333,0.000000
366.866667,0.000000
366.9,0.000000
366.933333,0.000000
366.966667,0.000000
367,0.000008
367.033333,0.000001
367.066667,0.000002
367.1,0.000001
367.133333,0.000000
367.166667,0.000000
367.2,0.000000
367.233333,0.000000
367.266667,0.000000
367.3,0.000000
367.333333,0.000000
367.366667,0.000000
367.4,0.000000
367.433333,0.000000
367.466667,0.000000
367.5,0.000000
367.533333,0.000000
367.566667,0.000000
367.6,0.000000
367.633333,0.000000
367.666667,0.000000
367.7,0.000000
367.733333,0.000000
367.766667,0.000000
367.8,0.000000
367.833333,0.000000
367.866667,0.000000
367.9,0.000000
367.933333,0.000000
367.966667,0.000000
368,0.000008
368.033333,0.000001
368.066667,0.000002
368.1,0.000001
368.133333,0.000000
368.166667,0.000000
368.2,0.000000
368.233333,0.000000
368.266667,0.000000
368.3,0.000000
368.333333,0.000000
368.366667,0.000000
368.4,0.000000
368.433333,0.000000
368.466667,0.035050
368.5,0.000015
368.533333,0.000004
368.566667,0.000002
368.6,0.000000
368.633333,0.000000
368.666667,0.000000
368.7,0.000000
368.733333,0.000000
368.766667,0.000000
368.8,0.000000
368.833333,0.000000
368.866667,0.000000
368.9,0.001114
368.933333,0.001319
368.966667,0.000029
369,0.000185
369.033333,0.000375
369.066667,0.000051
369.1,0.000364
369.133333,0.000116
369.166667,0.000045
369.2,0.000468
369.233333,0.002771
369.266667,0.002818
369.3,0.000155
369.333333,0.000002
369.366667,0.000000
369.4,0.000000
369.433333,0.000000
369.466667,0.000000
369.5,0.000000
369.533333,0.000000
369.566667,0.000000
369.6,0.000000
369.633333,0.000000
369.666667,0.000000
369.7,0.000000
369.733333,0.000000
369.766667,0.000000
369.8,0.000000
369.833333,0.000000
369.866667,0.000000
369.9,0.000000
369.933333,0.000000
369.966667,0.000000
370,0.000031
370.033333,0.000008
370.066667,0.000002
370.1,0.000001
370.133333,0.000000
370.166667,0.000000
370.2,0.000000
370.233333,0.000000
370.266667,0.000000
370.3,0.000000
370.333333,0.000000
370.366667,0.000000
370.4,0.000000
370.433333,0.000000
370.466667,0.000000
370.5,0.000000
370.533333,0.000000
370.566667,0.000000
370.6,0.000000
370.633333,0.000000
370.666667,0.000000
370.7,0.000000
370.733333,0.000000
370.766667,0.000000
370.8,0.000000
370.833333,0.000000
370.866667,0.000000
370.9,0.000000
370.933333,0.000000
370.966667,0.000000
371,0.000008
371.033333,0.000000
371.066667,0.000002
371.1,0.000001
371.133333,0.052583
371.166667,0.000012
371.2,0.000004
371.233333,0.000001
371.266667,0.000000
371.3,0.000000
371.333333,0.000000
371.366667,0.000000
371.4,0.000000
371.433333,0.000000
371.466667,0.000000
371.5,0.000000
371.533333,0.000000
371.566667,0.000000
371.6,0.000000
371.633333,0.000000
371.666667,0.000000
371.7,0.000000
371.733333,0.000000
371.766667,0.000000
371.8,0.000000
371.833333,0.000000
371.866667,0.000000
371.9,0.000000
371.933333,0.000000
371.966667,0.000000
372,0.000045
372.033333,0.000009
372.066667,0.000002
372.1,0.000001
372.133333,0.000000
372.166667,0.000000
372.2,0.000000
372.233333,0.000000
372.266667,0.000000
372.3,0.000000
372.333333,0.000000
372.366667,0.000000
372.4,0.000000
372.433333,0.000000
372.466667,0.000000
372.5,0.000000
372.533333,0.000000
372.566667,0.000000
372.6,0.000000
372.633333,0.000000
372.666667,0.000000
372.7,0.000000
372.733333,0.000000
372.766667,0.000000
372.8,0.000000
372.833333,0.000000
372.866667,0.000000
372.9,0.000000
372.933333,0.000000
372.966667,0.000000
373,0.000008
373.033333,0.000000
373.066667,0.034144
373.1,0.000011
373.133333,0.000003
373.166667,0.000002
373.2,0.000000
373.233333,0.000000
373.266667,0.000000
373.3,0.000000
373.333333,0.000000
373.366667,0.000000
373.4,0.000000
373.433333,0.000000
373.466667,0.000000
373.5,0.000000
373.533333,0.000000
373.566667,0.000000
373.6,0.000000
373.633333,0.000000
373.666667,0.000000
373.7,0.000000
373.733333,0.000000
373.766667,0.000000
373.8,0.000000
373.833333,0.000000
373.866667,0.000000
373.9,0.000000
373.933333,0.000000
373.966667,0.000000
374,0.000040
374.033333,0.000008
374.066667,0.000002
374.1,0.000001
374.133333,0.000000
374.166667,0.000000
374.2,0.000000
374.233333,0.000000
374.266667,0.000000
374.3,0.000000
374.333333,0.000000
374.366667,0.000000
374.4,0.000000
374.433333,0.000000
374.466667,0.000000
374.5,0.000000
374.533333,0.000000
374.566667,0.000000
374.6,0.000000
374.633333,0.000000
374.666667,0.000000
374.7,0.000000
374.733333,0.000000
374.766667,0.000000
374.8,0.000000
374.833333,0.000000
374.866667,0.000000
374.9,0.000000
374.933333,0.000000
374.966667,0.000000
375,0.000008
375.033333,0.000000
375.066667,0.000002
375.1,0.000001
375.133333,0.000000
375.166667,0.000000
375.2,0.000000
375.233333,0.000000
375.266667,0.000000
375.3,0.000000
375.333333,0.000000
375.366667,0.000000
375.4,0.000000
375.433333,0.000000
375.466667,0.000000
375.5,0.000000
375.533333,0.000000
375.566667,0.000000
375.6,0.000000
375.633333,0.000000
375.666667,0.000000
375.7,0.000000
375.733333,0.000000
375.766667,0.000000
375.8,0.000000
375.833333,0.000000
375.866667,0.000000
375.9,0.000000
375.933333,0.000000
375.966667,0.000000
376,0.000008
376.033333,0.000000
376.066667,0.000002
376.1,0.000001
376.133333,0.000000
376.166667,0.000000
376.2,0.000000
376.233333,0.000000
376.266667,0.000000
376.3,0.000000
376.333333,0.000000
376.366667,0.000000
376.4,0.000000
376.433333,0.000000
376.466667,0.000000
376.5,0.000000
376.533333,0.000000
376.566667,0.000000
376.6,0.000000
376.633333,0.000000
376.666667,0.000000
376.7,0.000000
376.733333,0.000000
376.766667,0.000000
376.8,0.000000
376.833333,0.000000
376.866667,0.000000
376.9,0.000000
376.933333,0.000000
376.966667,0.000000
377,0.000008
377.033333,0.000000
377.066667,0.000002
377.1,0.000001
377.133333,0.000000
377.166667,0.000000
377.2,0.000000
377.233333,0.000000
377.266667,0.000000
377.3,0.000000
377.333333,0.000000
377.366667,0.000000
377.4,0.029640
377.433333,0.000012
377.466667,0.000003
377.5,0.000001
377.533333,0.000000
377.566667,0.000000
377.6,0.000000
377.633333,0.000000
377.666667,0.000000
377.7,0.000000
377.733333,0.000000
377.766667,0.000000
377.8,0.000000
377.833333,0.000000
377.866667,0.000000
377.9,0.000000
377.933333,0.000000
377.966667,0.000000
378,0.000044
378.033333,0.000008
378.066667,0.000002
378.1,0.000000
378.133333,0.000000
378.166667,0.000000
378.2,0.000000
378.233333,0.000000
378.266667,0.000000
378.3,0.000000
378.333333,0.000000
378.366667,0.000000
378.4,0.000000
378.433333,0.000000
378.466667,0.000000
378.5,0.000000
378.533333,0.000000
378.566667,0.000000
378.6,0.000000
378.633333,0.000000
378.666667,0.000000
378.7,0.000000
378.733333,0.000000
378.766667,0.000000
378.8,0.000000
378.833333,0.000000
378.866667,0.000000
378.9,0.000000
378.933333,0.000000
378.966667,0.000000
379,0.000007
379.033333,0.000000
379.066667,0.000002
379.1,0.000000
379.133333,0.000000
379.166667,0.000000
379.2,0.000000
379.233333,0.000000
379.266667,0.000000
379.3,0.000000
379.333333,0.000000
379.366667,0.000000
379.4,0.000000
379.433333,0.000000
379.466667,0.000000
379.5,0.000000
379.533333,0.000000
379.566667,0.000000
379.6,0.000000
379.633333,0.000000
379.666667,0.000000
379.7,0.000000
379.733333,0.000000
379.766667,0.000000
379.8,0.000000
379.833333,0.000000
379.866667,0.000000
379.9,0.000000
379.933333,1.000000
379.966667,0.037093
380,0.073460
380.033333,0.077623
380.066667,0.003985
380.1,0.000023
380.133333,0.000006
380.166667,0.000002
380.2,0.000000
380.233333,0.000000
380.266667,0.000000
380.3,0.000000
380.333333,0.000000
380.366667,0.000000
380.4,0.000000
380.433333,0.000000
380.466667,0.000000
380.5,0.000000
380.533333,0.000000
380.566667,0.000000
380.6,0.000000
380.633333,0.000000
380.666667,0.000000
380.7,0.000000
380.733333,0.000000
380.766667,0.000000
380.8,0.000000
380.833333,0.000000
380.866667,0.000000
380.9,0.000000
380.933333,0.000000
380.966667,0.000000
381,0.000104
381.033333,0.000006
381.066667,0.000001
381.1,0.000000
381.133333,0.000000
381.166667,0.000000
381.2,0.000000
381.233333,0.000000
381.266667,0.000000
381.3,0.000000
381.333333,0.000000
381.366667,0.000000
381.4,0.000000
381.433333,0.000000
381.466667,0.000000
381.5,0.000000
381.533333,0.000000
381.566667,0.000000
381.6,1.000000
381.633333,0.000054
381.666667,0.000009
381.7,0.000004
381.733333,0.000006
381.766667,0.000001
381.8,0.000000
381.833333,0.000000
381.866667,0.000000
381.9,0.000000
381.933333,0.000000
381.966667,0.000000
382,0.000174
382.033333,0.000009
382.066667,0.000003
382.1,0.000001
382.133333,0.000000
382.166667,0.000000
382.2,0.000000
382.233333,0.000000
382.266667,0.000000
382.3,0.000000
382.333333,0.000000
382.366667,0.000000
382.4,0.000000
382.433333,0.000000
382.466667,0.000000
382.5,0.000000
382.533333,0.000000
382.566667,0.000000
382.6,0.000000
382.633333,0.000000
382.666667,0.000000
382.7,0.000000
382.733333,0.000000
382.766667,0.000000
382.8,0.000000
382.833333,0.000000
382.866667,0.000000
382.9,0.000000
382.933333,0.000000
382.966667,0.000000
383,0.000008
383.033333,0.000000
383.066667,0.000003
383.1,0.062277
383.133333,0.000014
383.166667,0.000005
383.2,0.000002
383.233333,0.000000
383.266667,0.000000
383.3,0.000000
383.333333,0.000000
383.366667,0.000000
383.4,0.000000
383.433333,0.000000
383.466667,0.000000
383.5,0.000000
383.533333,0.000000
383.566667,0.000000
383.6,0.000000
383.633333,0.000000
383.666667,0.000000
383.7,0.000000
383.733333,0.000000
383.766667,0.000000
383.8,0.000000
383.833333,0.000000
383.866667,0.000000
383.9,0.000000
383.933333,0.000000
383.966667,0.000000
384,0.000050
384.033333,0.000010
384.066667,0.000003
384.1,0.000001
384.133333,0.000000
384.166667,0.000000
384.2,0.000000
384.233333,0.000000
384.266667,0.000000
384.3,0.000000
384.333333,0.000000
384.366667,0.000000
384.4,0.000000
384.433333,0.000000
384.466667,0.000000
384.5,0.000000
384.533333,0.000000
384.566667,0.000000
384.6,0.000000
384.633333,0.000000
384.666667,0.000000
384.7,0.000000
384.733333,0.000000
384.766667,0.000000
384.8,0.000000
384.833333,0.000000
384.866667,0.000000
384.9,0.000000
384.933333,0.000000
384.966667,0.000000
385,0.000008
385.033333,0.000001
385.066667,0.000003
385.1,0.000001
385.133333,0.000000
385.166667,0.000000
385.2,0.000000
385.233333,0.000000
385.266667,0.000000
385.3,0.000000
385.333333,0.000000
385.366667,0.000000
385.4,0.000000
385.433333,0.000000
385.466667,0.000000
385.5,0.000000
385.533333,0.000000
385.566667,0.000000
385.6,0.057519
385.633333,0.000010
385.666667,0.000004
385.7,0.000001
385.733333,0.000000
385.766667,0.000000
385.8,0.000000
385.833333,0.000000
385.866667,0.000000
385.9,0.000000
385.933333,0.000000
385.966667,0.000000
386,0.000036
386.033333,0.000009
386.066667,0.000003
386.1,0.000001
386.133333,0.000000
386.166667,0.000000
386.2,0.000000
386.233333,0.000000
386.266667,0.000000
386.3,0.000000
386.333333,0.000000
386.366667,0.000000
386.4,0.000000
386.433333,0.000000
386.466667,0.000000
386.5,0.000000
386.533333,0.000000
386.566667,0.000000
386.6,0.000000
386.633333,0.000000
386.666667,0.000000
386.7,0.000000
386.733333,0.000000
386.766667,0.000000
386.8,0.000000
386.833333,0.000000
386.866667,0.000000
386.9,0.000000
386.933333,0.000000
386.966667,0.000000
387,0.177621
387.033333,0.000007
387.066667,0.000002
387.1,0.000001
387.133333,0.000000
387.166667,0.000000
387.2,0.000000
387.233333,0.000000
387.266667,0.000000
387.3,0.000000
387.333333,0.000000
387.366667,0.000000
387.4,0.000000
387.433333,0.000000
387.466667,0.000000
387.5,0.000000
387.533333,0.000000
387.566667,0.000000
387.6,0.000000
387.633333,0.000000
387.666667,0.000000
387.7,0.000000
387.733333,0.000000
387.766667,0.000000
387.8,0.000000
387.833333,0.000000
387.866667,0.000000
387.9,0.000000
387.933333,0.000000
387.966667,0.000000
388,0.000007
388.033333,0.000000
388.066667,0.000002
388.1,0.000001
388.133333,0.000000
388.166667,0.000000
388.2,0.000000
388.233333,0.000000
388.266667,0.000000
388.3,0.000000
388.333333,0.000000
388.366667,0.000000
388.4,0.000000
388.433333,0.000000
388.466667,0.000000
388.5,0.000000
388.533333,0.000000
388.566667,0.000000
388.6,0.000000
388.633333,0.000000
388.666667,0.000000
388.7,0.000000
388.733333,0.000000
388.766667,0.001312
388.8,0.000228
388.833333,0.000121
388.866667,0.000181
388.9,0.000168
388.933333,0.000032
388.966667,0.028726
389,0.001039
389.033333,0.000048
389.066667,0.000091
389.1,0.000167
389.133333,0.000099
389.166667,0.000016
389.2,0.000102
389.233333,0.000747
389.266667,0.000285
389.3,0.000121
389.333333,0.000056
389.366667,0.000316
389.4,0.000059
389.433333,0.000018
389.466667,0.000081
389.5,0.000498
389.533333,0.000092
389.566667,0.000929
389.6,0.000019
389.633333,0.000440
389.666667,0.000005
389.7,0.000408
389.733333,0.000953
389.766667,0.000003
389.8,0.000001
389.833333,0.000000
389.866667,0.000000
389.9,0.000000
389.933333,0.000000
389.966667,0.000000
390,0.000045
390.033333,0.000009
390.066667,0.000002
390.1,0.000001
390.133333,0.000000
390.166667,0.000000
390.2,0.000000
390.233333,0.000000
390.266667,0.000000
390.3,0.000000
390.333333,0.000000
390.366667,0.000000
390.4,0.000000
390.433333,0.000000
390.466667,0.000000
390.5,0.000000
390.533333,0.000000
390.566667,0.000000
390.6,0.000000
390.633333,0.000000
390.666667,0.000000
390.7,0.000000
390.733333,0.000000
390.766667,0.000000
390.8,0.000000
390.833333,0.000000
390.866667,0.000000
390.9,0.000000
390.933333,0.000000
390.966667,0.000000
391,0.000008
391.033333,0.000001
391.066667,0.000002
391.1,0.000001
391.133333,0.000000
391.166667,0.000000
391.2,0.000000
391.233333,0.000000
391.266667,0.000000
391.3,0.000000
391.333333,0.040232
391.366667,0.000017
391.4,0.000005
391.433333,0.000002
391.466667,0.000000
391.5,0.000000
391.533333,0.000000
391.566667,0.000000
391.6,0.000000
391.633333,0.000000
391.666667,0.000000
391.7,0.000000
391.733333,0.000000
391.766667,0.000000
391.8,0.000000
391.833333,0.000000
391.866667,0.000000
391.9,0.000000
391.933333,0.000000
391.966667,0.000000
392,0.000061
392.033333,0.000010
392.066667,0.000003
392.1,0.000001
392.133333,0.000000
392.166667,0.000000
392.2,0.000000
392.233333,0.000000
392.266667,0.000000
392.3,0.000000
392.333333,0.000000
392.366667,0.000000
392.4,0.000000
392.433333,0.000000
392.466667,0.000000
392.5,0.000000
392.533333,0.000000
392.566667,0.000000
392.6,0.000000
392.633333,0.000000
392.666667,0.000000
392.7,0.000000
392.733333,0.000000
392.766667,0.000000
392.8,0.000000
392.833333,0.000000
392.866667,0.000000
392.9,0.000000
392.933333,0.000000
392.966667,0.000000
393,0.000008
393.033333,0.000001
393.066667,0.000003
393.1,0.000001
393.133333,0.000000
393.166667,0.000000
393.2,0.000000
393.233333,0.000000
393.266667,0.000000
393.3,0.000000
393.333333,0.000000
393.366667,0.000000
393.4,0.000000
393.433333,0.000000
393.466667,0.000000
393.5,0.000000
393.533333,0.000000
393.566667,0.000000
393.6,0.000000
393.633333,0.000000
393.666667,0.000000
393.7,0.000000
393.733333,0.000000
393.766667,0.000000
393.8,0.000000
393.833333,0.000000
393.866667,0.000000
393.9,0.000000
393.933333,0.000000
393.966667,0.000000
394,0.224585
394.033333,0.000009
394.066667,0.000002
394.1,0.000001
394.133333,0.000000
394.166667,0.000000
394.2,0.000000
394.233333,0.000000
394.266667,0.000000
394.3,0.000000
394.333333,0.000000
394.366667,0.000000
394.4,0.000000
394.433333,0.000000
394.466667,0.000000
394.5,0.000000
394.533333,0.000000
394.566667,0.000000
394.6,0.000000
394.633333,0.000000
394.666667,0.000000
394.7,0.000000
394.733333,0.000000
394.766667,0.000000
394.8,0.000000
394.833333,0.000000
394.866667,0.000000
394.9,0.000000
394.933333,0.000000
394.966667,0.000000
395,0.051346
395.033333,0.000010
395.066667,0.000002
395.1,0.000001
395.133333,0.000000
395.166667,0.000000
395.2,0.000000
395.233333,0.000000
395.266667,0.000000
395.3,0.000000
395.333333,0.000000
395.366667,0.000000
395.4,0.000000
395.433333,0.000000
395.466667,0.000000
395.5,0.000000
395.533333,0.000000
395.566667,0.000000
395.6,0.000000
395.633333,0.000000
395.666667,0.000000
395.7,0.000000
395.733333,0.000000
395.766667,0.000000
395.8,0.000000
395.833333,0.000000
395.866667,0.000000
395.9,0.000000
395.933333,0.000000
395.966667,0.000000
396,0.000009
396.033333,0.000001
396.066667,0.000002
396.1,0.000001
396.133333,0.000000
396.166667,0.000000
396.2,0.000000
396.233333,0.000000
396.266667,0.000000
396.3,0.000000
396.333333,0.000000
396.366667,0.000000
396.4,0.000000
396.433333,0.000000
396.466667,0.000000
396.5,0.000000
396.533333,0.000000
396.566667,0.000000
396.6,0.000000
396.633333,0.048613
396.666667,0.000014
396.7,0.000005
396.733333,0.000001
396.766667,0.000000
396.8,0.000000
396.833333,0.000000
396.866667,0.000000
396.9,0.000000
396.933333,0.000000
396.966667,0.000000
397,0.000049
397.033333,0.000010
397.066667,0.000002
397.1,0.000001
397.133333,0.000000
397.166667,0.000000
397.2,0.000000
397.233333,0.000000
397.266667,0.000000
397.3,0.000000
397.333333,0.000000
397.366667,0.000000
397.4,0.000000
397.433333,0.000000
397.466667,0.000000
397.5,0.000000
397.533333,0.000000
397.566667,0.000000
397.6,0.000000
397.633333,0.000000
397.666667,0.000000
397.7,0.000000
397.733333,0.000000
397.766667,0.000000
397.8,0.000000
397.833333,0.000000
397.866667,0.001063
397.9,0.000484
397.933333,0.001599
397.966667,0.000525
398,0.000029
398.033333,0.000098
398.066667,0.001541
398.1,0.000471
398.133333,0.000076
398.166667,0.001043
398.2,0.000701
398.233333,0.000310
398.266667,0.000065
398.3,0.001149
398.333333,0.000579
398.366667,0.000224
398.4,0.000017
398.433333,0.001230
398.466667,0.000489
398.5,0.000161
398.533333,0.000003
398.566667,0.001292
398.6,0.000431
398.633333,0.000120
398.666667,0.001145
398.7,0.000471
398.733333,0.000093
398.766667,0.000070
398.8,0.001249
398.833333,0.000410
398.866667,0.000010
398.9,0.000004
398.933333,0.000001
398.966667,0.000000
399,0.000073
399.033333,0.067444
399.066667,0.000009
399.1,0.000003
399.133333,0.000001
399.166667,0.000000
399.2,0.000000
399.233333,0.000000
399.266667,0.000000
399.3,0.000000
399.333333,0.000000
399.366667,0.000000
399.4,0.000000
399.433333,0.000000
399.466667,0.000000
399.5,0.000000
399.533333,0.000000
399.566667,0.000000
399.6,0.000000
399.633333,0.000000
399.666667,0.000000
399.7,0.000000
399.733333,0.000000
399.766667,0.000000
399.8,0.000000
399.833333,0.000000
399.866667,0.000000
399.9,0.000000
399.933333,0.000000
399.966667,0.000000
400,0.000031
400.033333,0.000010
400.066667,0.000002
400.1,0.000001
400.133333,0.000000
400.166667,0.067546
400.2,0.000013
400.233333,0.000004
400.266667,0.000001
400.3,0.000000
400.333333,0.000000
400.366667,0.000000
400.4,0.000000
400.433333,0.000000
400.466667,0.000000
400.5,0.000000
400.533333,0.000000
400.566667,0.000000
400.6,0.000000
400.633333,0.000000
400.666667,0.000000
400.7,0.000000
400.733333,0.000000
400.766667,0.000000
400.8,0.000000
400.833333,0.000000
400.866667,0.000000
400.9,0.000000
400.933333,0.000000
400.966667,0.000000
401,0.000048
401.033333,0.000010
401.066667,0.000003
401.1,0.000001
401.133333,0.000000
401.166667,0.000000
401.2,0.000000
401.233333,0.000000
401.266667,0.000000
401.3,0.000000
401.333333,0.000000
401.366667,0.000000
401.4,0.000000
401.433333,0.000000
401.466667,0.000000
401.5,0.000000
401.533333,0.000000
401.566667,0.000000
401.6,0.000000
401.633333,0.000000
401.666667,0.000000
401.7,0.000000
401.733333,0.000000
401.766667,0.000000
401.8,0.000000
401.833333,0.000000
401.866667,0.000000
401.9,0.000000
401.933333,0.000000
401.966667,0.000000
402,0.000009
402.033333,0.000001
402.066667,0.000003
402.1,0.000001
402.133333,0.000000
402.166667,0.000000
402.2,0.000000
402.233333,0.000000
402.266667,0.000000
402.3,0.000000
402.333333,0.000000
402.366667,0.000000
402.4,0.000000
402.433333,0.000000
402.466667,0.000000
402.5,0.000000
402.533333,0.000000
402.566667,0.000000
402.6,0.000000
402.633333,0.000000
402.666667,0.000000
402.7,0.000000
402.733333,0.000000
402.766667,0.000000
402.8,0.000000
402.833333,0.000000
402.866667,0.000000
402.9,0.000000
402.933333,0.000000
402.966667,0.000000
403,0.000009
403.033333,0.000001
403.066667,0.000003
403.1,0.070161
403.133333,0.000006
403.166667,0.000002
403.2,0.000000
403.233333,0.000000
403.266667,0.000000
403.3,0.000000
403.333333,0.000000
403.366667,0.000000
403.4,0.000000
403.433333,0.000000
403.466667,0.000000
403.5,0.000000
403.533333,0.000000
403.566667,0.000000
403.6,0.000000
403.633333,0.000000
403.666667,0.000000
403.7,0.000000
403.733333,0.000000
403.766667,0.000000
403.8,0.000000
403.833333,0.000000
403.866667,0.000000
403.9,0.000000
403.933333,0.000000
403.966667,0.000000
404,0.000025
404.033333,0.040202
404.066667,0.000013
404.1,0.000005
404.133333,0.000001
404.166667,0.000000
404.2,0.000000
404.233333,0.000000
404.266667,0.000000
404.3,0.000000
404.333333,0.000000
404.366667,0.000000
404.4,0.000000
404.433333,0.000000
404.466667,0.000000
404.5,0.000000
404.533333,0.000000
404.566667,0.000000
404.6,0.000000
404.633333,0.000000
404.666667,0.000000
404.7,0.000000
404.733333,0.000000
404.766667,0.000000
404.8,0.000000
404.833333,0.000000
404.866667,0.000000
404.9,0.000000
404.933333,0.000000
404.966667,0.000000
405,0.000042
405.033333,0.000011
405.066667,0.000003
405.1,0.000001
405.133333,0.000000
405.166667,0.000000
405.2,0.000000
405.233333,0.000000
405.266667,0.000000
405.3,0.000000
405.333333,0.000000
405.366667,0.000000
405.4,0.000000
405.433333,0.000000
405.466667,0.000000
405.5,0.000000
405.533333,0.000000
405.566667,0.000000
405.6,0.000000
405.633333,0.036020
405.666667,0.000014
405.7,0.000005
405.733333,0.000001
405.766667,0.000000
405.8,0.000000
405.833333,0.000000
405.866667,0.000000
405.9,0.000000
405.933333,0.000000
405.966667,0.000000
406,0.000052
406.033333,0.000012
406.066667,0.026541
406.1,0.000958
406.133333,0.004654
406.166667,0.005998
406.2,0.000135
406.233333,0.000083
406.266667,0.000211
406.3,0.006099
406.333333,0.005944
406.366667,0.000154
406.4,0.006216
406.433333,0.004676
406.466667,0.004978
406.5,0.004466
406.533333,0.005802
406.566667,0.000579
406.6,0.001372
406.633333,0.006250
406.666667,0.004668
406.7,0.005569
406.733333,0.004897
406.766667,0.005441
406.8,0.008635
406.833333,0.006210
406.866667,0.007459
406.9,0.001166
406.933333,0.006593
406.966667,0.009824
407,0.001638
407.033333,0.015198
407.066667,0.000035
407.1,0.000009
407.133333,0.000004
407.166667,0.000001
407.2,0.010201
407.233333,0.002224
407.266667,0.001256
407.3,0.000268
407.333333,0.000997
407.366667,0.000276
407.4,0.001013
407.433333,0.000601
407.466667,0.000996
407.5,0.000242
407.533333,0.000138
407.566667,0.000047
407.6,0.000111
407.633333,0.000120
407.666667,0.000353
407.7,0.031931
407.733333,0.002882
407.766667,0.000387
407.8,0.000104
407.833333,0.000120
407.866667,0.000095
407.9,0.000271
407.933333,0.000806
407.966667,0.000129
408,0.000380
408.033333,0.000477
408.066667,0.000234
408.1,0.000469
408.133333,0.000523
408.166667,0.000495
408.2,0.000014
408.233333,0.000005
408.266667,0.000001
408.3,0.000000
408.333333,0.000000
408.366667,0.000000
408.4,0.000000
408.433333,0.000000
408.466667,0.000000
408.5,0.000000
408.533333,0.000000
408.566667,0.000000
408.6,0.000000
408.633333,0.000000
408.666667,0.000000
408.7,0.000000
408.733333,0.000000
408.766667,0.000000
408.8,0.000000
408.833333,0.000000
408.866667,0.000000
408.9,0.000000
408.933333,0.000000
408.966667,0.000000
409,0.000063
409.033333,0.000009
409.066667,0.000003
409.1,0.000001
409.133333,0.000000
409.166667,0.000000
409.2,0.000000
409.233333,0.019286
409.266667,0.000009
409.3,0.000003
409.333333,0.000001
409.366667,0.000000
409.4,0.000000
409.433333,0.000000
409.466667,0.000000
409.5,0.000000
409.533333,0.000000
409.566667,0.000000
409.6,0.000000
409.633333,0.000000
409.666667,0.000000
409.7,0.000000
409.733333,0.000000
409.766667,0.000000
409.8,0.000000
409.833333,0.000000
409.866667,0.000000
409.9,0.000000
409.933333,0.000000
409.966667,0.000000
410,0.000031
410.033333,0.000009
410.066667,0.000002
410.1,0.000001
410.133333,0.000000
410.166667,0.000000
410.2,0.000000
410.233333,0.000000
410.266667,0.000000
410.3,0.000000
410.333333,0.000000
410.366667,0.000000
410.4,0.000000
410.433333,0.000000
410.466667,0.000000
410.5,0.000000
410.533333,0.000000
410.566667,0.000000
410.6,0.000000
410.633333,0.000000
410.666667,0.000000
410.7,0.000000
410.733333,0.000000
410.766667,0.000000
410.8,0.000000
410.833333,0.000000
410.866667,0.043877
410.9,0.000017
410.933333,0.000006
410.966667,0.000002
411,0.000051
411.033333,0.000010
411.066667,0.000003
411.1,0.000001
411.133333,0.000000
411.166667,0.000000
411.2,0.000000
411.233333,0.000000
411.266667,0.000000
411.3,0.000000
411.333333,0.000000
411.366667,0.000000
411.4,0.000000
411.433333,0.000000
411.466667,0.000000
411.5,0.000000
411.533333,0.000000
411.566667,0.000000
411.6,0.000000
411.633333,0.000000
411.666667,0.000000
411.7,0.000000
411.733333,0.000000
411.766667,0.000000
411.8,0.000000
411.833333,0.000000
411.866667,0.000000
411.9,0.000000
411.933333,0.000000
411.966667,0.000000
412,0.000009
412.033333,0.000001
412.066667,0.000003
412.1,0.000001
412.133333,0.000000
412.166667,0.000000
412.2,0.000000
412.233333,0.000000
412.266667,0.000000
412.3,0.000000
412.333333,0.000000
412.366667,0.000000
412.4,0.000000
412.433333,0.000000
412.466667,0.000000
412.5,0.000000
412.533333,0.000000
412.566667,0.000000
412.6,0.000000
412.633333,0.000000
412.666667,0.000000
412.7,0.000000
412.733333,0.000000
412.766667,0.000000
412.8,0.000000
412.833333,0.000000
412.866667,0.000000
412.9,0.000000
412.933333,0.000000
412.966667,0.000000
413,0.000009
413.033333,0.000001
413.066667,0.000003
413.1,0.000001
413.133333,0.000000
413.166667,0.000000
413.2,0.000000
413.233333,0.000000
413.266667,0.000000
413.3,0.000000
413.333333,0.000000
413.366667,0.000000
413.4,0.000000
413.433333,0.000000
413.466667,0.000000
413.5,0.000000
413.533333,1.000000
413.566667,0.001667
413.6,0.000616
413.633333,0.000842
413.666667,0.001248
413.7,0.000481
413.733333,0.000219
413.766667,0.000238
413.8,0.000232
413.833333,0.000220
413.866667,0.000234
413.9,0.000046
413.933333,0.000209
413.966667,0.000149
414,0.000334
414.033333,0.000230
414.066667,0.000126
414.1,0.000344
414.133333,0.000110
414.166667,0.000145
414.2,0.000116
414.233333,0.000099
414.266667,0.000038
414.3,0.000110
414.333333,0.000082
414.366667,0.000113
414.4,0.000106
414.433333,0.000062
414.466667,0.000009
414.5,0.000021
414.533333,0.000036
414.566667,0.000020
414.6,0.000024
414.633333,0.000277
414.666667,0.017022
414.7,0.000307
414.733333,0.000059
414.766667,0.000578
414.8,0.000047
414.833333,0.000358
414.866667,0.000017
414.9,0.000229
414.933333,0.000074
414.966667,0.000194
415,0.000002
415.033333,0.000004
415.066667,0.000008
415.1,0.000094
415.133333,0.000078
415.166667,0.000175
415.2,0.000104
415.233333,0.000405
415.266667,0.000036
415.3,0.000287
415.333333,0.000101
415.366667,0.000092
415.4,0.000091
415.433333,0.000006
415.466667,0.000051
415.5,0.002362
415.533333,0.000624
415.566667,0.000507
415.6,0.000100
415.633333,0.000002
415.666667,0.000000
415.7,0.000000
415.733333,0.000000
415.766667,0.000000
415.8,0.000000
415.833333,0.000000
415.866667,0.038501
415.9,0.000011
415.933333,0.000004
415.966667,0.000001
416,0.000050
416.033333,0.000008
416.066667,0.000003
416.1,0.000001
416.133333,0.000000
416.166667,0.000000
416.2,0.000000
416.233333,0.000000
416.266667,0.000000
416.3,0.000000
416.333333,0.000000
416.366667,0.000000
416.4,0.000000
416.433333,0.000000
416.466667,0.000000
416.5,0.000000
416.533333,0.000000
416.566667,0.000000
416.6,0.000000
416.633333,0.000000
416.666667,0.000000
416.7,0.000000
416.733333,0.000000
416.766667,0.000000
416.8,0.000000
416.833333,0.000000
416.866667,0.000000
416.9,0.000000
416.933333,0.000000
416.966667,0.000000
417,0.000007
417.033333,0.000001
417.066667,0.000003
417.1,0.000001
417.133333,0.000000
417.166667,0.000000
417.2,0.000000
417.233333,0.000000
417.266667,0.000000
417.3,0.000000
417.333333,0.000000
417.366667,0.000000
417.4,0.040031
417.433333,0.000411
417.466667,0.000713
417.5,0.000004
417.533333,0.000001
417.566667,0.000002
417.6,0.000001
417.633333,0.000000
417.666667,0.000000
417.7,0.000042
417.733333,0.000044
417.766667,0.000002
417.8,0.000001
417.833333,0.000000
417.866667,0.000005
417.9,0.000014
417.933333,0.000018
417.966667,0.000001
418,0.000022
418.033333,0.000017
418.066667,0.000004
418.1,0.000000
418.133333,0.001721
418.166667,0.000129
418.2,0.000165
418.233333,0.000977
418.266667,0.000002
418.3,0.000000
418.333333,0.000000
418.366667,0.000000
418.4,0.000000
418.433333,0.000000
418.466667,0.000000
418.5,0.069624
418.533333,0.000016
418.566667,0.000005
418.6,0.000002
418.633333,0.000000
418.666667,0.000000
418.7,0.000000
418.733333,0.000000
418.766667,0.000000
418.8,0.000000
418.833333,0.000000
418.866667,0.000000
418.9,0.000000
418.933333,0.000000
418.966667,0.000000
419,0.000064
419.033333,0.000009
419.066667,0.000003
419.1,0.000001
419.133333,0.000000
419.166667,0.000000
419.2,0.000000
419.233333,0.000000
419.266667,0.000000
419.3,0.000000
419.333333,0.000000
419.366667,0.000000
419.4,0.000000
419.433333,0.000000
419.466667,0.000000
419.5,0.000000
419.533333,0.000000
419.566667,0.000000
419.6,0.000000
419.633333,0.000000
419.666667,0.000000
419.7,0.000000
419.733333,0.000000
419.766667,0.000000
419.8,0.000000
419.833333,0.000000
419.866667,0.000000
419.9,0.000000
419.933333,0.000000
419.966667,0.000000
420,0.000008
420.033333,0.000001
420.066667,0.000003
420.1,0.000001
420.133333,0.000000
420.166667,0.000000
420.2,0.000000
420.233333,0.000000
420.266667,0.000000
420.3,0.000000
420.333333,0.000000
420.366667,0.000000
420.4,0.000000
420.433333,0.000000
420.466667,0.000000
420.5,0.000000
420.533333,0.000000
420.566667,0.000000
420.6,0.000000
420.633333,0.000000
420.666667,0.000000
420.7,0.000000
420.733333,0.000000
420.766667,0.000000
420.8,0.000000
420.833333,0.000000
420.866667,0.000000
420.9,0.067216
420.933333,0.000006
420.966667,0.000002
421,0.000039
421.033333,0.000007
421.066667,0.000020
421.1,0.000019
421.133333,0.000001
421.166667,0.000049
421.2,0.000006
421.233333,0.000005
421.266667,0.000001
421.3,0.000053
421.333333,0.000028
421.366667,0.000001
421.4,0.000057
421.433333,0.000004
421.466667,0.000003
421.5,0.000001
421.533333,0.000051
421.566667,0.000009
421.6,0.000001
421.633333,0.000030
421.666667,0.000013
421.7,0.000001
421.733333,0.000001
421.766667,0.000015
421.8,0.000001
421.833333,0.000001
421.866667,0.000019
421.9,0.000081
421.933333,0.036481
421.966667,0.000009
422,0.000160
422.033333,0.000008
422.066667,0.000002
422.1,0.000160
422.133333,0.000058
422.166667,0.000036
422.2,0.000001
422.233333,0.000154
422.266667,0.000006
422.3,0.000001
422.333333,0.000184
422.366667,0.000043
422.4,0.000035
422.433333,0.000001
422.466667,0.000047
422.5,0.000013
422.533333,0.000001
422.566667,0.000009
422.6,0.000001
422.633333,0.000000
422.666667,0.000000
422.7,0.000000
422.733333,0.000000
422.766667,0.000000
422.8,0.000000
422.833333,0.000000
422.866667,0.000000
422.9,0.000000
422.933333,0.000000
422.966667,0.000000
423,0.000009
423.033333,0.000002
423.066667,0.000002
423.1,0.000001
423.133333,0.000000
423.166667,0.000000
423.2,0.000000
423.233333,0.000000
423.266667,0.000000
423.3,0.000000
423.333333,0.000000
423.366667,0.000000
423.4,0.000000
423.433333,0.000000
423.466667,0.037772
423.5,0.000006
423.533333,0.000002
423.566667,0.000001
423.6,0.000000
423.633333,0.000000
423.666667,0.000000
423.7,0.000000
423.733333,0.000000
423.766667,0.000000
423.8,0.000000
423.833333,0.000000
423.866667,0.000000
423.9,0.000000
423.933333,0.000000
423.966667,0.000000
424,0.000023
424.033333,0.000007
424.066667,0.000002
424.1,0.000001
424.133333,0.000000
424.166667,0.000000
424.2,0.000000
424.233333,0.000000
424.266667,0.000000
424.3,0.000000
424.333333,0.000000
424.366667,0.065454
424.4,0.000014
424.433333,0.000004
424.466667,0.000002
424.5,0.000000
424.533333,0.000000
424.566667,0.000000
424.6,0.000000
424.633333,0.000000
424.666667,0.000000
424.7,0.000000
424.733333,0.000000
424.766667,0.000000
424.8,0.000000
424.833333,0.000000
424.866667,0.000000
424.9,0.000000
424.933333,0.000000
424.966667,0.000000
425,0.000047
425.033333,0.000008
425.066667,0.000002
425.1,0.000001
425.133333,0.000000
425.166667,0.000000
425.2,0.000000
425.233333,0.000000
425.266667,0.000000
425.3,0.000000
425.333333,0.000000
425.366667,0.000000
425.4,0.000000
425.433333,0.000000
425.466667,0.000000
425.5,0.000000
425.533333,0.000000
425.566667,0.000000
425.6,0.000000
425.633333,0.000000
425.666667,0.000000
425.7,0.000000
425.733333,0.000000
425.766667,0.000000
425.8,0.000000
425.833333,0.000000
425.866667,0.000000
425.9,0.000000
425.933333,0.000000
425.966667,0.000000
426,0.000007
426.033333,0.000000
426.066667,0.000002
426.1,0.000001
426.133333,0.000000
426.166667,0.000000
426.2,0.000000
426.233333,0.000000
426.266667,0.000000
426.3,0.000000
426.333333,0.000000
426.366667,0.000000
426.4,0.000000
426.433333,0.000000
426.466667,0.000000
426.5,0.000000
426.533333,0.000000
426.566667,0.055359
426.6,0.000009
426.633333,0.000003
426.666667,0.000001
426.7,0.000000
426.733333,0.000000
426.766667,0.000000
426.8,0.000000
426.833333,0.000000
426.866667,0.000000
426.9,0.000000
426.933333,0.000000
426.966667,0.000000
427,0.000032
427.033333,0.000007
427.066667,0.000002
427.1,0.000001
427.133333,0.000000
427.166667,0.000000
427.2,0.000000
427.233333,0.000000
427.266667,0.000000
427.3,0.000000
427.333333,0.000000
427.366667,0.000000
427.4,0.000000
427.433333,0.000000
427.466667,0.000000
427.5,0.000000
427.533333,0.000000
427.566667,0.000000
427.6,0.000000
427.633333,0.000000
427.666667,0.000000
427.7,0.000000
427.733333,0.000000
427.766667,0.000000
427.8,0.000000
427.833333,0.000000
427.866667,0.000000
427.9,0.000000
427.933333,0.000000
427.966667,0.000000
428,0.025654
428.033333,0.000008
428.066667,0.000002
428.1,0.000001
428.133333,0.000000
428.166667,0.000000
428.2,0.000000
428.233333,0.000000
428.266667,0.000000
428.3,0.000000
428.333333,0.000000
428.366667,0.000000
428.4,0.000000
428.433333,0.000000
428.466667,0.000000
428.5,0.000000
428.533333,0.000000
428.566667,0.000000
428.6,0.000000
428.633333,0.000000
428.666667,0.000000
428.7,0.000000
428.733333,0.000000
428.766667,0.000000
428.8,0.000000
428.833333,0.000000
428.866667,0.000000
428.9,0.000000
428.933333,0.000000
428.966667,0.000000
429,0.000007
429.033333,0.000000
429.066667,0.000002
429.1,0.000001
429.133333,0.000000
429.166667,0.000000
429.2,0.000000
429.233333,0.000000
429.266667,0.000000
429.3,0.000000
429.333333,0.079257
429.366667,0.000018
429.4,0.000005
429.433333,0.000001
429.466667,0.000000
429.5,0.000000
429.533333,0.000000
429.566667,0.000000
429.6,0.000000
429.633333,0.000000
429.666667,0.000000
429.7,0.000000
429.733333,0.000000
429.766667,0.000000
429.8,0.000000
429.833333,0.000000
429.866667,0.000000
429.9,0.000000
429.933333,0.000000
429.966667,0.000000
430,0.000064
430.033333,0.000010
430.066667,0.000003
430.1,0.000001
430.133333,0.000000
430.166667,0.000000
430.2,0.000000
430.233333,0.000000
430.266667,0.000000
430.3,0.000000
430.333333,0.000000
430.366667,0.000000
430.4,0.000000
430.433333,0.000000
430.466667,0.000000
430.5,0.000000
430.533333,0.000000
430.566667,0.000000
430.6,0.000000
430.633333,0.000000
430.666667,0.000000
430.7,0.000000
430.733333,0.000000
430.766667,0.000000
430.8,0.000000
430.833333,0.000000
430.866667,0.000000
430.9,0.000000
430.933333,0.000000
430.966667,0.000000
431,0.000009
431.033333,0.000001
431.066667,0.000003
431.1,0.000001
431.133333,0.000000
431.166667,0.000000
431.2,0.000000
431.233333,0.000000
431.266667,0.000000
431.3,0.000000
431.333333,0.000000
431.366667,0.000000
431.4,0.000000
431.433333,0.000000
431.466667,0.000000
431.5,0.000000
431.533333,0.000000
431.566667,0.000000
431.6,0.000000
431.633333,0.000000
431.666667,0.000000
431.7,0.000000
431.733333,0.000000
431.766667,0.000000
431.8,0.000000
431.833333,0.000000
431.866667,0.000000
431.9,0.000000
431.933333,0.000000
431.966667,0.052769
432,0.000061
432.033333,0.000010
432.066667,0.000003
432.1,0.000001
432.133333,0.000000
432.166667,0.000000
432.2,0.000000
432.233333,0.000000
432.266667,0.000000
432.3,0.000000
432.333333,0.000000
432.366667,0.000000
432.4,0.000000
432.433333,0.000000
432.466667,0.000000
432.5,0.000000
432.533333,0.000000
432.566667,0.000000
432.6,0.000000
432.633333,0.000000
432.666667,0.000000
432.7,0.000000
432.733333,0.000000
432.766667,0.000000
432.8,0.000000
432.833333,0.000000
432.866667,0.000000
432.9,0.000000
432.933333,0.000000
432.966667,0.000000
433,0.000008
433.033333,0.000001
433.066667,0.000003
433.1,0.000001
433.133333,0.000000
433.166667,0.000000
433.2,0.000000
433.233333,0.000000
433.266667,0.000000
433.3,0.000000
433.333333,0.000000
433.366667,0.000000
433.4,0.000000
433.433333,0.000000
433.466667,0.000000
433.5,0.000000
433.533333,0.000000
433.566667,0.000000
433.6,0.000000
433.633333,0.000000
433.666667,0.000000
433.7,0.000000
433.733333,0.000000
433.766667,0.000000
433.8,0.000000
433.833333,0.000000
433.866667,0.000000
433.9,0.000000
433.933333,0.000000
433.966667,0.000000
434,0.000008
434.033333,0.000001
434.066667,0.000003
434.1,0.000001
434.133333,0.000000
434.166667,0.000000
434.2,0.000000
434.233333,0.000000
434.266667,0.038954
434.3,0.000018
434.333333,0.000005
434.366667,0.000001
434.4,0.000000
434.433333,0.000000
434.466667,0.000000
434.5,0.000000
434.533333,0.000000
434.566667,0.000000
434.6,0.000000
434.633333,0.000000
434.666667,0.000000
434.7,0.000000
434.733333,0.000000
434.766667,0.000000
434.8,0.000000
434.833333,0.000000
434.866667,0.000000
434.9,0.000000
434.933333,0.000000
434.966667,0.000000
435,0.000064
435.033333,0.000010
435.066667,0.000003
435.1,0.000001
435.133333,0.000000
435.166667,0.000000
435.2,0.000000
435.233333,0.000000
435.266667,0.000000
435.3,0.000000
435.333333,0.000000
435.366667,0.000000
435.4,0.000000
435.433333,0.000000
435.466667,0.000000
435.5,0.000000
435.533333,0.000000
435.566667,0.000000
435.6,0.000000
435.633333,0.000000
435.666667,0.000000
435.7,0.000000
435.733333,0.000000
435.766667,0.000000
435.8,0.000000
435.833333,0.000000
435.866667,0.000000
435.9,0.000000
435.933333,0.000000
435.966667,0.000000
436,0.000008
436.033333,0.000001
436.066667,0.000003
436.1,0.000001
436.133333,0.000000
436.166667,0.000000
436.2,0.000000
436.233333,0.000000
436.266667,0.000000
436.3,0.000000
436.333333,0.000000
436.366667,0.000000
436.4,0.000000
436.433333,0.000000
436.466667,0.000000
436.5,0.000000
436.533333,0.000000
436.566667,0.000000
436.6,0.000000
436.633333,0.000000
436.666667,0.000000
436.7,0.000000
436.733333,0.000000
436.766667,0.000000
436.8,0.000000
436.833333,0.000000
436.866667,0.034526
436.9,0.000011
436.933333,0.000004
436.966667,0.000001
437,0.000043
437.033333,0.000008
437.066667,0.000002
437.1,0.000001
437.133333,0.000000
437.166667,0.000000
437.2,0.000000
437.233333,0.000000
437.266667,0.000000
437.3,0.000000
437.333333,0.000000
437.366667,0.000000
437.4,0.000000
437.433333,0.000000
437.466667,0.000000
437.5,0.000000
437.533333,0.000000
437.566667,0.000000
437.6,0.000000
437.633333,0.000000
437.666667,0.000000
437.7,0.000000
437.733333,0.000000
437.766667,0.000000
437.8,0.000000
437.833333,0.000000
437.866667,0.000000
437.9,0.000000
437.933333,0.000000
437.966667,0.000000
438,0.000007
438.033333,0.000000
438.066667,0.000002
438.1,0.000001
438.133333,0.000000
438.166667,0.000000
438.2,0.000000
438.233333,0.000000
438.266667,0.000000
438.3,0.000000
438.333333,0.000000
438.366667,0.000000
438.4,0.000000
438.433333,0.000000
438.466667,0.000000
438.5,0.000000
438.533333,0.000000
438.566667,0.000000
438.6,0.000000
438.633333,0.000000
438.666667,0.000000
438.7,0.000000
438.733333,0.000000
438.766667,0.000000
438.8,0.000009
438.833333,0.051767
438.866667,0.000017
438.9,0.000002
438.933333,0.000032
438.966667,0.000012
439,0.000015
439.033333,0.000026
439.066667,0.000002
439.1,0.000050
439.133333,0.000001
439.166667,0.000047
439.2,0.000011
439.233333,0.000001
439.266667,0.000074
439.3,0.000001
439.333333,0.000054
439.366667,0.000001
439.4,0.000055
439.433333,0.000002
439.466667,0.000049
439.5,0.000007
439.533333,0.000001
439.566667,0.000058
439.6,0.000001
439.633333,0.000021
439.666667,0.000001
439.7,0.000016
439.733333,0.000001
439.766667,0.000001
439.8,0.000000
439.833333,0.000000
439.866667,0.000000
439.9,0.000000
439.933333,0.000000
439.966667,0.000000
440,0.000008
440.033333,0.000002
440.066667,0.000002
440.1,0.035669
440.133333,0.000010
440.166667,0.000004
440.2,0.000001
440.233333,0.000000
440.266667,0.000000
440.3,0.000000
440.333333,0.000000
440.366667,0.000000
440.4,0.000000
440.433333,0.000000
440.466667,0.000000
440.5,0.000000
440.533333,0.000000
440.566667,0.000000
440.6,0.000000
440.633333,0.000000
440.666667,0.000000
440.7,0.000000
440.733333,0.000000
440.766667,0.000000
440.8,0.000000
440.833333,0.000000
440.866667,0.000000
440.9,0.000000
440.933333,0.000000
440.966667,0.000000
441,0.000036
441.033333,0.000008
441.066667,0.000002
441.1,0.000001
441.133333,0.000000
441.166667,0.000000
441.2,0.000000
441.233333,0.000000
441.266667,0.000000
441.3,0.000000
441.333333,0.000000
441.366667,0.000000
441.4,0.000000
441.433333,0.000000
441.466667,0.000000
441.5,0.000000
441.533333,0.000000
441.566667,0.000000
441.6,0.000000
441.633333,0.000000
441.666667,0.000000
441.7,0.000000
441.733333,0.000000
441.766667,0.000000
441.8,0.000000
441.833333,0.000000
441.866667,0.000000
441.9,0.000000
441.933333,0.000000
441.966667,0.000000
442,0.008740
442.033333,0.000009
442.066667,0.000002
442.1,0.030486
442.133333,0.000007
442.166667,0.000002
442.2,0.000001
442.233333,0.000000
442.266667,0.000000
442.3,0.000000
442.333333,0.000000
442.366667,0.000000
442.4,0.000000
442.433333,0.000000
442.466667,0.000000
442.5,0.000000
442.533333,0.000000
442.566667,0.000000
442.6,0.000000
442.633333,0.000000
442.666667,0.000000
442.7,0.000000
442.733333,0.000000
442.766667,0.000000
442.8,0.000000
442.833333,0.000000
442.866667,0.000000
442.9,0.000000
442.933333,0.000000
442.966667,0.000000
443,0.000028
443.033333,0.000008
443.066667,0.000002
443.1,0.003746
443.133333,0.001707
443.166667,0.000451
443.2,0.000235
443.233333,0.000019
443.266667,0.000210
443.3,0.000011
443.333333,0.000035
443.366667,0.000171
443.4,0.029444
443.433333,0.000919
443.466667,0.000004
443.5,0.000025
443.533333,0.000164
443.566667,0.000167
443.6,0.000192
443.633333,0.000182
443.666667,0.000183
443.7,0.000005
443.733333,0.000005
443.766667,0.000010
443.8,0.000001
443.833333,0.000008
443.866667,0.000011
443.9,0.000015
443.933333,0.000001
443.966667,0.000184
444,0.000210
444.033333,0.000214
444.066667,0.000190
444.1,0.000002
444.133333,0.000000
444.166667,0.000000
444.2,0.000000
444.233333,0.000000
444.266667,0.070086
444.3,0.000015
444.333333,0.000005
444.366667,0.000001
444.4,0.000000
444.433333,0.000000
444.466667,0.000000
444.5,0.000000
444.533333,0.000000
444.566667,0.000000
444.6,0.000000
444.633333,0.000000
444.666667,0.000000
444.7,0.000000
444.733333,0.000000
444.766667,0.000000
444.8,0.000000
444.833333,0.000000
444.866667,0.000000
444.9,0.000000
444.933333,0.000000
444.966667,0.000000
445,0.000054
445.033333,0.000010
445.066667,0.000003
445.1,0.000001
445.133333,0.000000
445.166667,0.000000
445.2,0.000000
445.233333,0.000000
445.266667,0.000000
445.3,0.000000
445.333333,0.000000
445.366667,0.000000
445.4,0.000000
445.433333,0.000000
445.466667,0.000000
445.5,0.000000
445.533333,0.000000
445.566667,0.000000
445.6,0.000000
445.633333,0.000000
445.666667,0.000000
445.7,0.000000
445.733333,0.000000
445.766667,0.000000
445.8,0.000000
445.833333,0.000000
445.866667,0.000000
445.9,0.000000
445.933333,0.000000
445.966667,0.000000
446,0.000008
446.033333,0.000001
446.066667,0.000003
446.1,0.000001
446.133333,0.000000
446.166667,0.000000
446.2,0.000000
446.233333,0.000000
446.266667,0.000000
446.3,0.000000
446.333333,0.000000
446.366667,0.000000
446.4,0.000000
446.433333,0.000000
446.466667,0.047263
446.5,0.000012
446.533333,0.000003
446.566667,0.000001
446.6,0.000000
446.633333,0.000000
446.666667,0.000000
446.7,0.000000
446.733333,0.000000
446.766667,0.000000
446.8,0.000000
446.833333,0.000000
446.866667,0.000000
446.9,0.000000
446.933333,0.000000
446.966667,0.000000
447,0.000045
447.033333,0.000008
447.066667,0.000002
447.1,0.000001
447.133333,0.000000
447.166667,0.000000
447.2,0.000000
447.233333,0.003473
447.266667,0.002173
447.3,0.007278
447.333333,0.004919
447.366667,0.000677
447.4,0.000002
447.433333,0.000000
447.466667,0.000000
447.5,0.000000
447.533333,0.000000
447.566667,0.000000
447.6,0.000000
447.633333,0.000000
447.666667,0.000000
447.7,0.000000
447.733333,0.000000
447.766667,0.000000
447.8,0.000000
447.833333,0.000000
447.866667,0.000000
447.9,0.000000
447.933333,0.000000
447.966667,0.000000
448,0.000014
448.033333,0.000007
448.066667,0.000002
448.1,0.000001
448.133333,0.000000
448.166667,0.000000
448.2,0.000000
448.233333,0.000000
448.266667,0.000000
448.3,0.000000
448.333333,0.000000
448.366667,0.046701
448.4,0.000013
448.433333,0.000004
448.466667,0.000001
448.5,0.000000
448.533333,0.000000
448.566667,0.000000
448.6,0.000000
448.633333,0.000000
448.666667,0.000000
448.7,0.000000
448.733333,0.000000
448.766667,0.000000
448.8,0.000000
448.833333,0.000000
448.866667,0.000000
448.9,0.000000
448.933333,0.000000
448.966667,0.000000
449,0.000048
449.033333,0.000008
449.066667,0.000002
449.1,0.000001
449.133333,0.000000
449.166667,0.000000
449.2,0.000000
449.233333,0.000000
449.266667,0.000000
449.3,0.000000
449.333333,0.000000
449.366667,0.000000
449.4,0.000000
449.433333,0.000000
449.466667,0.000000
449.5,0.000000
449.533333,0.000000
449.566667,0.000000
449.6,0.000000
449.633333,0.000000
449.666667,0.000000
449.7,0.000000
449.733333,0.000000
449.766667,0.000000
449.8,0.000000
449.833333,0.000000
449.866667,0.000000
449.9,0.000000
449.933333,0.000000
449.966667,0.000000
450,0.000007
450.033333,0.000001
450.066667,0.000002
450.1,0.000001
450.133333,0.000000
450.166667,0.000000
450.2,0.000000
450.233333,0.000000
450.266667,0.000000
450.3,0.000000
450.333333,0.000000
450.366667,0.000000
450.4,0.000000
450.433333,0.000000
450.466667,0.000000
450.5,0.000000
450.533333,0.000000
450.566667,0.000000
450.6,0.000000
450.633333,0.053520
450.666667,0.000010
450.7,0.000003
450.733333,0.000001
450.766667,0.000000
450.8,0.000000
450.833333,0.000000
450.866667,0.000000
450.9,0.000000
450.933333,0.000000
450.966667,0.000000
451,0.000035
451.033333,0.000008
451.066667,0.000002
451.1,0.000001
451.133333,0.000000
451.166667,0.000000
451.2,0.000000
451.233333,0.000000
451.266667,0.000000
451.3,0.000000
451.333333,0.000000
451.366667,0.000000
451.4,0.000000
451.433333,0.000000
451.466667,0.000000
451.5,0.000000
451.533333,0.000000
451.566667,0.000000
451.6,0.000000
451.633333,0.000000
451.666667,0.000000
451.7,0.000000
451.733333,0.000000
451.766667,0.000000
451.8,0.000000
451.833333,0.000000
451.866667,0.000000
451.9,0.000000
451.933333,0.000000
451.966667,0.053577
452,0.000054
452.033333,0.000009
452.066667,0.000002
452.1,0.000001
452.133333,0.000000
452.166667,0.000000
452.2,0.000000
452.233333,0.000000
452.266667,0.000000
452.3,0.000000
452.333333,0.000000
452.366667,0.000000
452.4,0.000000
452.433333,0.000000
452.466667,0.000000
452.5,0.000000
452.533333,0.000000
452.566667,0.000000
452.6,0.000000
452.633333,0.000000
452.666667,0.000000
452.7,0.000000
452.733333,0.000000
452.766667,0.000000
452.8,0.000000
452.833333,0.000000
452.866667,0.000000
452.9,0.000000
452.933333,0.000000
452.966667,0.000000
453,0.000008
453.033333,0.000001
453.066667,0.000002
453.1,0.000001
453.133333,0.000000
453.166667,0.000000
453.2,0.000000
453.233333,0.000000
453.266667,0.000000
453.3,0.000000
453.333333,0.000000
453.366667,0.000000
453.4,0.000000
453.433333,0.000000
453.466667,0.000000
453.5,0.000000
453.533333,0.000000
453.566667,0.000000
453.6,0.000000
453.633333,0.000000
453.666667,0.000000
453.7,0.000000
453.733333,0.000000
453.766667,0.000000
453.8,0.000000
453.833333,0.000000
453.866667,0.000000
453.9,0.000000
453.933333,0.000000
453.966667,0.000000
454,0.000008
454.033333,0.000001
454.066667,0.000002
454.1,0.000001
454.133333,0.000000
454.166667,0.000000
454.2,0.000000
454.233333,0.054594
454.266667,0.000009
454.3,0.000003
454.333333,0.000001
454.366667,0.000000
454.4,0.000000
454.433333,0.000000
454.466667,0.000000
454.5,0.000000
454.533333,0.000000
454.566667,0.000000
454.6,0.000000
454.633333,0.000000
454.666667,0.000000
454.7,0.000000
454.733333,0.000000
454.766667,0.000000
454.8,0.000000
454.833333,0.000000
454.866667,0.000000
454.9,0.000000
454.933333,0.000000
454.966667,0.000000
455,0.000035
455.033333,0.000008
455.066667,0.000002
455.1,0.000001
455.133333,0.000000
455.166667,0.000000
455.2,0.000000
455.233333,0.000000
455.266667,0.000000
455.3,0.000000
455.333333,0.000000
455.366667,0.000000
455.4,0.000000
455.433333,0.000000
455.466667,0.000000
455.5,0.000000
455.533333,0.000000
455.566667,0.036114
455.6,0.000005
455.633333,0.000002
455.666667,0.000001
455.7,0.000000
455.733333,0.000000
455.766667,0.000000
455.8,0.000000
455.833333,0.000000
455.866667,0.000000
455.9,0.000000
455.933333,0.000000
455.966667,0.000000
456,0.000020
456.033333,0.000007
456.066667,0.000002
456.1,0.000001
456.133333,0.000000
456.166667,0.000000
456.2,0.000000
456.233333,0.000000
456.266667,0.000000
456.3,0.000000
456.333333,0.000000
456.366667,0.000000
456.4,0.000000
456.433333,0.000000
456.466667,0.000000
456.5,0.021089
456.533333,0.000007
456.566667,0.000002
456.6,0.000001
456.633333,0.000000
456.666667,0.000000
456.7,0.000000
456.733333,0.000000
456.766667,0.000000
456.8,0.000000
456.833333,0.000000
456.866667,0.000000
456.9,0.000000
456.933333,0.000000
456.966667,0.000000
457,0.000025
457.033333,0.000007
457.066667,0.000002
457.1,0.000001
457.133333,0.000000
457.166667,0.000000
457.2,0.000000
457.233333,0.000000
457.266667,0.000000
457.3,0.000000
457.333333,0.000000
457.366667,0.000000
457.4,0.000000
457.433333,0.000000
457.466667,0.000000
457.5,0.000000
457.533333,0.000000
457.566667,0.043253
457.6,0.000011
457.633333,0.000004
457.666667,0.000001
457.7,0.000000
457.733333,0.000000
457.766667,0.000000
457.8,0.000000
457.833333,0.000000
457.866667,0.000000
457.9,0.000000
457.933333,0.000000
457.966667,0.000000
458,0.000040
458.033333,0.000008
458.066667,0.000002
458.1,0.000001
458.133333,0.000000
458.166667,0.000000
458.2,0.000000
458.233333,0.000000
458.266667,0.000000
458.3,0.000000
458.333333,0.000000
458.366667,0.000000
458.4,0.000000
458.433333,0.000000
458.466667,0.000000
458.5,0.000000
458.533333,0.000000
458.566667,0.000000
458.6,0.000000
458.633333,0.000000
458.666667,0.000000
458.7,0.000000
458.733333,0.000000
458.766667,0.000000
458.8,0.000000
458.833333,0.000000
458.866667,0.000000
458.9,0.000000
458.933333,0.000000
458.966667,0.000000
459,0.000007
459.033333,0.000001
459.066667,0.000002
459.1,0.000001
459.133333,0.000000
459.166667,0.000000
459.2,0.000000
459.233333,0.000000
459.266667,0.000000
459.3,0.000000
459.333333,0.000000
459.366667,0.000000
459.4,0.000000
459.433333,0.032797
459.466667,0.000011
459.5,0.000003
459.533333,0.000001
459.566667,0.000000
459.6,0.000000
459.633333,0.000000
459.666667,0.000000
459.7,0.000000
459.733333,0.000000
459.766667,0.000000
459.8,0.000000
459.833333,0.000000
459.866667,0.000000
459.9,0.000000
459.933333,0.000000
459.966667,0.000000
460,0.000042
460.033333,0.000008
460.066667,0.000002
460.1,0.000001
460.133333,0.000000
460.166667,0.000000
460.2,0.000000
460.233333,0.000000
460.266667,0.000000
460.3,0.000000
460.333333,0.000000
460.366667,0.000000
460.4,0.000000
460.433333,0.000000
460.466667,0.000000
460.5,0.000000
460.533333,0.000000
460.566667,0.000000
460.6,0.000000
460.633333,0.000000
460.666667,0.000000
460.7,0.000000
460.733333,0.000000
460.766667,0.000000
460.8,0.000000
460.833333,0.000000
460.866667,0.000000
460.9,0.000000
460.933333,0.000000
460.966667,0.000000
461,0.000007
461.033333,0.000001
461.066667,0.000002
461.1,0.000001
461.133333,0.000000
461.166667,0.000000
461.2,0.000000
461.233333,0.000000
461.266667,0.000000
461.3,0.000000
461.333333,0.000000
461.366667,0.000000
461.4,0.000000
461.433333,0.000000
461.466667,0.000000
461.5,0.000000
461.533333,0.000000
461.566667,0.000000
461.6,0.033024
461.633333,0.000014
461.666667,0.000004
461.7,0.000001
461.733333,0.000000
461.766667,0.000000
461.8,0.000000
461.833333,0.000000
461.866667,0.000000
461.9,0.000000
461.933333,0.000000
461.966667,0.000000
462,0.000055
462.033333,0.000010
462.066667,0.000003
462.1,0.000001
462.133333,0.000000
462.166667,0.000000
462.2,0.000000
462.233333,0.000000
462.266667,0.000000
462.3,0.000000
462.333333,0.000000
462.366667,0.000000
462.4,0.000000
462.433333,0.000000
462.466667,0.000000
462.5,0.000000
462.533333,0.000000
462.566667,0.000000
462.6,0.000000
462.633333,0.000000
462.666667,0.000000
462.7,0.000000
462.733333,0.000000
462.766667,0.000000
462.8,0.000000
462.833333,0.000000
462.866667,0.000000
462.9,0.000000
462.933333,0.000000
462.966667,0.000000
463,0.000009
463.033333,0.000001
463.066667,0.000003
463.1,0.000001
463.133333,0.004792
463.166667,0.002152
463.2,0.000637
463.233333,0.000046
463.266667,0.000373
463.3,0.000208
463.333333,0.000105
463.366667,0.000333
463.4,0.000237
463.433333,0.000257
463.466667,0.001057
463.5,0.000032
463.533333,0.000417
463.566667,0.000146
463.6,0.000053
463.633333,0.000477
463.666667,0.053907
463.7,0.001107
463.733333,0.000790
463.766667,0.000451
463.8,0.000206
463.833333,0.000923
463.866667,0.001096
463.9,0.001434
463.933333,0.000306
463.966667,0.000484
464,0.000832
464.033333,0.000218
464.066667,0.000405
464.1,0.000313
464.133333,0.000385
464.166667,0.000193
464.2,0.000651
464.233333,0.000488
464.266667,0.000024
464.3,0.000171
464.333333,0.000052
464.366667,0.002372
464.4,0.001750
464.433333,0.000270
464.466667,0.000614
464.5,0.000159
464.533333,0.000165
464.566667,0.001656
464.6,0.002341
464.633333,0.000087
464.666667,0.000004
464.7,0.000062
464.733333,0.000107
464.766667,0.000027
464.8,0.043803
464.833333,0.003451
464.866667,0.000947
464.9,0.004396
464.933333,0.001152
464.966667,0.000006
465,0.000107
465.033333,0.000011
465.066667,0.000003
465.1,0.000001
465.133333,0.000000
465.166667,0.000000
465.2,0.000000
465.233333,0.000000
465.266667,0.000000
465.3,0.000000
465.333333,0.000000
465.366667,0.000000
465.4,0.000000
465.433333,0.000000
465.466667,0.000000
465.5,0.000000
465.533333,0.000000
465.566667,0.000000
465.6,0.000000
465.633333,0.000000
465.666667,0.000000
465.7,0.000000
465.733333,0.000000
465.766667,0.000000
465.8,0.000000
465.833333,0.000000
465.866667,0.000000
465.9,0.000000
465.933333,0.000000
465.966667,0.000000
466,0.000010
466.033333,0.000001
466.066667,0.000003
466.1,0.000001
466.133333,0.000000
466.166667,0.000000
466.2,0.000000
466.233333,0.000000
466.266667,0.000000
466.3,0.000000
466.333333,0.000000
466.366667,0.000000
466.4,0.000000
466.433333,0.000000
466.466667,0.000000
466.5,0.000000
466.533333,0.000000
466.566667,0.000000
466.6,0.000000
466.633333,0.000000
466.666667,0.000000
466.7,0.000000
466.733333,0.000000
466.766667,0.000000
466.8,0.000000
466.833333,0.031731
466.866667,0.000013
466.9,0.000005
466.933333,0.000001
466.966667,0.000000
467,0.000047
467.033333,0.000011
467.066667,0.000003
467.1,0.000001
467.133333,0.000000
467.166667,0.000000
467.2,0.000000
467.233333,0.000000
467.266667,0.000000
467.3,0.000000
467.333333,0.000000
467.366667,0.000000
467.4,0.000000
467.433333,0.000000
467.466667,0.000000
467.5,0.000000
467.533333,0.000000
467.566667,0.000000
467.6,0.000000
467.633333,0.000000
467.666667,0.000000
467.7,0.000000
467.733333,0.000000
467.766667,0.000000
467.8,0.000000
467.833333,0.000000
467.866667,0.000000
467.9,0.000000
467.933333,0.000000
467.966667,0.000000
468,0.000010
468.033333,0.000001
468.066667,0.000003
468.1,0.000001
468.133333,0.000000
468.166667,0.000000
468.2,0.000000
468.233333,0.000000
468.266667,0.000000
468.3,0.000000
468.333333,0.000000
468.366667,0.000000
468.4,0.000000
468.433333,0.000000
468.466667,0.000000
468.5,0.000000
468.533333,0.000000
468.566667,0.000000
468.6,0.000000
468.633333,0.000000
468.666667,0.000000
468.7,0.000000
468.733333,0.000000
468.766667,0.000000
468.8,0.000000
468.833333,0.000000
468.866667,0.000000
468.9,0.000000
468.933333,0.000000
468.966667,0.000000
469,0.050385
469.033333,0.000010
469.066667,0.000003
469.1,0.000001
469.133333,0.000000
469.166667,0.000000
469.2,0.000000
469.233333,0.000000
469.266667,0.000000
469.3,0.000000
469.333333,0.000000
469.366667,0.000000
469.4,0.000000
469.433333,0.000000
469.466667,0.000000
469.5,0.000000
469.533333,0.000000
469.566667,0.000000
469.6,0.000000
469.633333,0.000000
469.666667,0.000000
469.7,0.000000
469.733333,0.000000
469.766667,0.000000
469.8,0.000000
469.833333,0.000000
469.866667,0.000000
469.9,0.000000
469.933333,0.000000
469.966667,0.000000
470,0.000009
470.033333,0.000001
470.066667,0.000003
470.1,0.000001
470.133333,0.000000
470.166667,0.000000
470.2,0.000000
470.233333,0.197410
470.266667,0.000028
470.3,0.000007
470.333333,0.000003
470.366667,0.000000
470.4,0.000000
470.433333,0.000000
470.466667,0.000000
470.5,0.000000
470.533333,0.000000
470.566667,0.000000
470.6,0.000000
470.633333,0.000000
470.666667,0.000000
470.7,0.000000
470.733333,0.000000
470.766667,0.000000
470.8,0.000000
470.833333,0.000000
470.866667,0.000000
470.9,0.000000
470.933333,0.000000
470.966667,0.000000
471,0.000092
471.033333,0.000007
471.066667,0.000002
471.1,0.000001
471.133333,0.000000
471.166667,0.000000
471.2,0.000000
471.233333,0.000000
471.266667,0.000000
471.3,0.000000
471.333333,0.000000
471.366667,0.062287
471.4,0.000014
471.433333,0.000004
471.466667,0.000002
471.5,0.000000
471.533333,0.000000
471.566667,0.000000
471.6,0.000000
471.633333,0.000000
471.666667,0.000000
471.7,0.000000
471.733333,0.000000
471.766667,0.000000
471.8,0.000000
471.833333,0.000000
471.866667,0.000000
471.9,0.000000
471.933333,0.000000
471.966667,0.000000
472,0.000054
472.033333,0.000009
472.066667,0.000003
472.1,0.000001
472.133333,0.000000
472.166667,0.000000
472.2,0.000000
472.233333,0.000000
472.266667,0.000000
472.3,0.000000
472.333333,0.000000
472.366667,0.000000
472.4,0.000000
472.433333,0.000000
472.466667,0.000000
472.5,0.000000
472.533333,0.000000
472.566667,0.000000
472.6,0.000000
472.633333,0.000000
472.666667,0.000000
472.7,0.000000
472.733333,0.000000
472.766667,0.000000
472.8,0.000000
472.833333,0.000000
472.866667,0.000000
472.9,0.000000
472.933333,0.000000
472.966667,0.000000
473,0.000008
473.033333,0.000000
473.066667,0.000003
473.1,0.000001
473.133333,0.000000
473.166667,0.000000
473.2,0.000000
473.233333,0.000000
473.266667,0.000000
473.3,0.000000
473.333333,0.000000
473.366667,0.000000
473.4,0.000000
473.433333,0.000000
473.466667,0.000000
473.5,0.073692
473.533333,0.000004
473.566667,0.000002
473.6,0.000000
473.633333,0.000000
473.666667,0.000000
473.7,0.000000
473.733333,0.000000
473.766667,0.000000
473.8,0.000000
473.833333,0.000000
473.866667,0.000000
473.9,0.000000
473.933333,0.000000
473.966667,0.000000
474,0.000016
474.033333,0.000006
474.066667,0.000001
474.1,0.000000
474.133333,0.000000
474.166667,0.000000
474.2,0.000000
474.233333,0.048115
474.266667,0.000009
474.3,0.000003
474.333333,0.000001
474.366667,0.000000
474.4,0.000000
474.433333,0.000000
474.466667,0.000000
474.5,0.000000
474.533333,0.000000
474.566667,0.000000
474.6,0.000000
474.633333,0.000000
474.666667,0.000000
474.7,0.000000
474.733333,0.000000
474.766667,0.000000
474.8,0.000000
474.833333,0.000000
474.866667,0.000000
474.9,0.000000
474.933333,0.000000
474.966667,0.000000
475,0.000031
475.033333,0.000007
475.066667,0.000001
475.1,0.000000
475.133333,0.000000
475.166667,0.000000
475.2,0.000000
475.233333,0.000000
475.266667,0.000000
475.3,0.000000
475.333333,0.000000
475.366667,0.000000
475.4,0.000000
475.433333,0.000000
475.466667,0.000000
475.5,0.000000
475.533333,0.000000
475.566667,0.000000
475.6,0.000000
475.633333,0.000000
475.666667,0.000000
475.7,0.000000
475.733333,0.000000
475.766667,0.000000
475.8,0.000000
475.833333,0.000000
475.866667,0.025054
475.9,0.000010
475.933333,0.000003
475.966667,0.000001
476,0.000036
476.033333,0.000007
476.066667,0.000002
476.1,0.000001
476.133333,0.000000
476.166667,0.000000
476.2,0.000000
476.233333,0.000000
476.266667,0.000000
476.3,0.000000
476.333333,0.000000
476.366667,0.000000
476.4,0.000000
476.433333,0.000000
476.466667,0.000000
476.5,0.000000
476.533333,0.000000
476.566667,0.000000
476.6,0.000000
476.633333,0.000000
476.666667,0.000000
476.7,0.000000
476.733333,0.000000
476.766667,0.000000
476.8,0.000000
476.833333,0.000000
476.866667,0.000000
476.9,0.000000
476.933333,0.000000
476.966667,0.000000
477,0.000006
477.033333,0.000000
477.066667,0.000002
477.1,0.000001
477.133333,0.000000
477.166667,0.000000
477.2,0.000000
477.233333,0.000000
477.266667,0.000000
477.3,0.000000
477.333333,0.000000
477.366667,0.040397
477.4,0.000012
477.433333,0.000004
477.466667,0.000001
477.5,0.000000
477.533333,0.000000
477.566667,0.000000
477.6,0.000000
477.633333,0.000000
477.666667,0.000000
477.7,0.000000
477.733333,0.000000
477.766667,0.000000
477.8,0.000000
477.833333,0.000000
477.866667,0.000000
477.9,0.000000
477.933333,0.000000
477.966667,0.000000
478,0.000040
478.033333,0.000007
478.066667,0.000002
478.1,0.000001
478.133333,0.000000
478.166667,0.000000
478.2,0.000000
478.233333,0.000000
478.266667,0.000000
478.3,0.000000
478.333333,0.000000
478.366667,0.000000
478.4,0.000000
478.433333,0.000000
478.466667,0.000000
478.5,0.000000
478.533333,0.000000
478.566667,0.000000
478.6,0.000000
478.633333,0.000000
478.666667,0.000000
478.7,0.000000
478.733333,0.000000
478.766667,0.000000
478.8,0.000000
478.833333,0.000000
478.866667,0.000000
478.9,0.000000
478.933333,0.000000
478.966667,0.000000
479,0.000006
479.033333,0.000000
479.066667,0.000002
479.1,0.000001
479.133333,0.000000
479.166667,0.000000
479.2,0.000000
479.233333,0.000000
479.266667,0.000000
479.3,0.000000
479.333333,0.000000
479.366667,0.000000
479.4,0.000000
479.433333,0.000000
479.466667,0.000000
479.5,0.000000
479.533333,0.255523
479.566667,0.000036
479.6,0.000009
479.633333,0.000004
479.666667,0.000001
479.7,0.000000
479.733333,0.000000
479.766667,0.000000
479.8,0.000000
479.833333,0.000000
479.866667,0.000000
479.9,0.000000
479.933333,0.000000
479.966667,0.000000
480,0.000110
480.033333,0.000009
480.066667,0.000002
480.1,0.000001
480.133333,0.000000
480.166667,0.000000
480.2,0.035230
480.233333,0.000009
480.266667,0.000003
480.3,0.000001
480.333333,0.000000
480.366667,0.000000
480.4,0.000000
480.433333,0.000000
480.466667,0.000000
480.5,0.000000
480.533333,0.000000
480.566667,0.000000
480.6,0.000000
480.633333,0.000000
480.666667,0.000000
480.7,0.000000
480.733333,0.000000
480.766667,0.000000
480.8,0.000000
480.833333,0.000000
480.866667,0.000000
480.9,0.000000
480.933333,0.000000
480.966667,0.000000
481,0.000031
481.033333,0.000010
481.066667,0.000003
481.1,0.000001
481.133333,0.000000
481.166667,0.000000
481.2,0.000000
481.233333,0.000000
481.266667,0.000000
481.3,0.000000
481.333333,0.000000
481.366667,0.000000
481.4,0.000000
481.433333,0.000000
481.466667,0.000000
481.5,0.000000
481.533333,0.000000
481.566667,0.000000
481.6,0.028060
481.633333,0.000011
481.666667,0.000004
481.7,0.000001
481.733333,0.000000
481.766667,0.000000
481.8,0.000000
481.833333,0.000000
481.866667,0.000000
481.9,0.000000
481.933333,0.000000
481.966667,0.000000
482,0.000038
482.033333,0.000011
482.066667,0.000003
482.1,0.000001
482.133333,0.000000
482.166667,0.000000
482.2,0.000000
482.233333,0.000000
482.266667,0.000000
482.3,0.000000
482.333333,0.000000
482.366667,0.000000
482.4,0.000000
482.433333,0.000000
482.466667,0.000000
482.5,0.000000
482.533333,0.000000
482.566667,0.000000
482.6,0.000000
482.633333,0.000000
482.666667,0.000000
482.7,0.000000
482.733333,0.000000
482.766667,0.000000
482.8,0.000000
482.833333,0.000000
482.866667,0.000000
482.9,0.000000
482.933333,0.000000
482.966667,0.000000
483,0.000009
483.033333,0.000001
483.066667,0.000003
483.1,0.000001
483.133333,0.000000
483.166667,0.000000
483.2,0.000000
483.233333,0.000000
483.266667,0.052412
483.3,0.000014
483.333333,0.000004
483.366667,0.000001
483.4,0.000000
483.433333,0.000000
483.466667,0.000000
483.5,0.000000
483.533333,0.000000
483.566667,0.000000
483.6,0.000000
483.633333,0.000000
483.666667,0.000000
483.7,0.000000
483.733333,0.000000
483.766667,0.000000
483.8,0.000000
483.833333,0.000000
483.866667,0.000000
483.9,0.000000
483.933333,0.000000
483.966667,0.000000
484,0.000049
484.033333,0.000010
484.066667,0.000003
484.1,0.000001
484.133333,0.000000
484.166667,0.000000
484.2,0.000000
484.233333,0.000000
484.266667,0.000000
484.3,0.000000
484.333333,0.000000
484.366667,0.000000
484.4,0.000000
484.433333,0.000000
484.466667,0.000000
484.5,0.000000
484.533333,0.000000
484.566667,0.000000
484.6,0.000000
484.633333,0.000000
484.666667,0.000000
484.7,0.000000
484.733333,0.000000
484.766667,0.000000
484.8,0.000000
484.833333,0.000000
484.866667,0.000000
484.9,0.000000
484.933333,0.000000
484.966667,0.000000
485,0.000009
485.033333,0.000001
485.066667,0.000003
485.1,0.000001
485.133333,0.000000
485.166667,0.000000
485.2,0.000000
485.233333,0.000000
485.266667,0.000000
485.3,0.000000
485.333333,0.000000
485.366667,0.000000
485.4,0.000000
485.433333,0.000000
485.466667,0.000000
485.5,0.000000
485.533333,0.000000
485.566667,0.000000
485.6,0.000000
485.633333,0.000000
485.666667,0.000000
485.7,0.000000
485.733333,0.000000
485.766667,0.057650
485.8,0.000016
485.833333,0.000005
485.866667,0.000002
485.9,0.000000
485.933333,0.000000
485.966667,0.000000
486,0.000055
486.033333,0.000010
486.066667,0.000003
486.1,0.000001
486.133333,0.000000
486.166667,0.000000
486.2,0.000000
486.233333,0.000000
486.266667,0.000000
486.3,0.000000
486.333333,0.000000
486.366667,0.000000
486.4,0.000000
486.433333,0.000000
486.466667,0.000000
486.5,0.000000
486.533333,0.000000
486.566667,0.000000
486.6,0.000000
486.633333,0.000000
486.666667,0.000000
486.7,0.000000
486.733333,0.000000
486.766667,0.000000
486.8,0.000000
486.833333,0.000000
486.866667,0.000000
486.9,0.000000
486.933333,0.000000
486.966667,0.000000
487,0.000009
487.033333,0.000001
487.066667,0.000003
487.1,0.000001
487.133333,0.000000
487.166667,0.000000
487.2,0.000000
487.233333,0.000000
487.266667,0.000000
487.3,0.000000
487.333333,0.000000
487.366667,0.000000
487.4,0.000000
487.433333,0.000000
487.466667,0.000000
487.5,0.000000
487.533333,0.000000
487.566667,0.000000
487.6,0.000000
487.633333,0.000000
487.666667,0.000000
487.7,0.000000
487.733333,0.000000
487.766667,0.000000
487.8,0.000000
487.833333,0.000000
487.866667,0.000000
487.9,0.000000
487.933333,0.000000
487.966667,0.000000
488,0.000009
488.033333,0.000001
488.066667,0.000003
488.1,0.000001
488.133333,0.000000
488.166667,0.000000
488.2,0.000000
488.233333,0.000000
488.266667,0.000000
488.3,0.000000
488.333333,0.000000
488.366667,0.397822
488.4,0.034105
488.433333,0.026577
488.466667,0.025412
488.5,0.000917
488.533333,0.006568
488.566667,0.019477
488.6,0.023885
488.633333,0.000079
488.666667,0.000035
488.7,0.000012
488.733333,0.000002
488.766667,0.000004
488.8,0.000005
488.833333,0.019662
488.866667,0.000035
488.9,0.000016
488.933333,0.000869
488.966667,0.000030
489,0.000311
489.033333,0.000271
489.066667,0.000015
489.1,0.000001
489.133333,0.000014
489.166667,0.000083
489.2,0.000041
489.233333,0.000064
489.266667,0.020114
489.3,0.001226
489.333333,0.000046
489.366667,0.000033
489.4,0.000097
489.433333,0.000001
489.466667,0.000032
489.5,0.000022
489.533333,0.000014
489.566667,0.000055
489.6,0.000036
489.633333,0.000063
489.666667,0.000062
489.7,0.000033
489.733333,0.018170
489.766667,0.001873
489.8,0.000043
489.833333,0.000117
489.866667,0.000127
489.9,0.000303
489.933333,0.000063
489.966667,0.000009
490,0.000293
490.033333,0.000028
490.066667,0.000023
490.1,0.022634
490.133333,0.000046
490.166667,0.013943
490.2,0.000021
490.233333,0.000285
490.266667,0.000087
490.3,0.000042
490.333333,0.000016
490.366667,0.000005
490.4,0.000006
490.433333,0.000006
490.466667,0.000003
490.5,0.000007
490.533333,0.000002
490.566667,0.000010
490.6,0.000004
490.633333,0.018409
490.666667,0.000074
490.7,0.000018
490.733333,0.000007
490.766667,0.000007
490.8,0.000002
490.833333,0.000004
490.866667,0.000009
490.9,0.000041
490.933333,0.000023
490.966667,0.000013
491,0.000270
491.033333,0.000027
491.066667,0.019931
491.1,0.000116
491.133333,0.000047
491.166667,0.000021
491.2,0.000011
491.233333,0.000000
491.266667,0.000000
491.3,0.000000
491.333333,0.000000
491.366667,0.000001
491.4,0.000000
491.433333,0.040553
491.466667,0.006775
491.5,0.048121
491.533333,0.031121
491.566667,0.008210
491.6,0.011348
491.633333,0.000716
491.666667,0.001124
491.7,0.000158
491.733333,0.000136
491.766667,0.000326
491.8,0.000407
491.833333,0.001216
491.866667,0.001075
491.9,0.000844
491.933333,0.000203
491.966667,0.003040
492,0.001963
492.033333,0.001357
492.066667,0.000614
492.1,0.000730
492.133333,0.001221
492.166667,0.000421
492.2,0.000373
492.233333,0.000456
492.266667,0.001632
492.3,0.000723
492.333333,0.001715
492.366667,0.001075
492.4,0.001267
492.433333,0.008000
492.466667,0.000035
492.5,0.000014
492.533333,0.000003
492.566667,0.000000
492.6,0.000000
492.633333,0.000001
492.666667,0.000002
492.7,0.000004
492.733333,0.000001
492.766667,0.000001
492.8,0.000000
492.833333,0.006084
492.866667,0.000038
492.9,0.000018
492.933333,0.000002
492.966667,0.000001
493,0.000391
493.033333,0.000031
493.066667,0.000012
493.1,0.000002
493.133333,0.000003
493.166667,0.000001
493.2,0.651930
493.233333,0.151457
493.266667,0.000715
493.3,0.000214
493.333333,0.000778
493.366667,0.000653
493.4,0.000245
493.433333,0.000157
493.466667,0.029304
493.5,0.000820
493.533333,0.000349
493.566667,0.000395
493.6,0.000005
493.633333,0.000010
493.666667,0.000030
493.7,0.000033
493.733333,0.000021
493.766667,0.000062
493.8,0.000003
493.833333,0.000023
493.866667,0.000039
493.9,0.000047
493.933333,0.022662
493.966667,0.001232
494,0.001267
494.033333,0.001118
494.066667,0.000285
494.1,0.000575
494.133333,0.000145
494.166667,0.000288
494.2,0.000018
494.233333,0.000056
494.266667,0.000035
494.3,0.000018
494.333333,0.000018
494.366667,0.000008
494.4,0.020198
494.433333,0.000926
494.466667,0.000057
494.5,0.000297
494.533333,0.000015
494.566667,0.000015
494.6,0.000023
494.633333,0.000033
494.666667,0.000014
494.7,0.000018
494.733333,0.000010
494.766667,0.000022
494.8,0.000010
494.833333,0.000020
494.866667,0.021533
494.9,0.000756
494.933333,0.000769
494.966667,0.000713
495,0.001247
495.033333,0.000971
495.066667,0.000187
495.1,0.000293
495.133333,0.000258
495.166667,0.000081
495.2,0.000028
495.233333,0.000009
495.266667,0.026123
495.3,0.000359
495.333333,0.000217
495.366667,0.000106
495.4,0.000602
495.433333,0.000180
495.466667,0.000033
495.5,0.000036
495.533333,0.000042
495.566667,0.036028
495.6,0.001088
495.633333,0.000025
495.666667,0.000038
495.7,0.000013
495.733333,0.018866
495.766667,0.000867
495.8,0.001026
495.833333,0.000610
495.866667,0.000140
495.9,0.000008
495.933333,0.000026
495.966667,0.000052
496,0.001633
496.033333,0.001422
496.066667,0.000287
496.1,0.000002
496.133333,0.000075
496.166667,0.000085
496.2,0.015694
496.233333,0.001390
496.266667,0.001533
496.3,0.000132
496.333333,0.000717
496.366667,0.000799
496.4,0.000282
496.433333,0.000695
496.466667,0.000031
496.5,0.000141
496.533333,0.000077
496.566667,0.000017
496.6,0.000003
496.633333,0.017747
496.666667,0.000087
496.7,0.000878
496.733333,0.000160
496.766667,0.000281
496.8,0.000181
496.833333,0.000119
496.866667,0.000067
496.9,0.000021
496.933333,0.000023
496.966667,0.000001
497,0.005983
497.033333,0.002483
497.066667,0.019444
497.1,0.000783
497.133333,0.002285
497.166667,0.000138
497.2,0.001747
497.233333,0.000360
497.266667,0.002008
497.3,0.000191
497.333333,0.002218
497.366667,0.000139
497.4,0.000226
497.433333,0.001217
497.466667,0.000160
497.5,0.000227
497.533333,0.017878
497.566667,0.000047
497.6,0.000328
497.633333,0.000333
497.666667,0.000135
497.7,0.000137
497.733333,0.000115
497.766667,0.000014
497.8,0.000029
497.833333,0.000035
497.866667,0.000004
497.9,0.000002
497.933333,0.000002
497.966667,0.000000
498,0.016722
498.033333,0.000130
498.066667,0.000095
498.1,0.000127
498.133333,0.000170
498.166667,0.000063
498.2,0.037209
498.233333,0.000135
498.266667,0.000037
498.3,0.000006
498.333333,0.000001
498.366667,0.000003
498.4,0.000001
498.433333,0.018154
498.466667,0.000060
498.5,0.000373
498.533333,0.000340
498.566667,0.000340
498.6,0.000021
498.633333,0.000173
498.666667,0.000026
498.7,0.000024
498.733333,0.000031
498.766667,0.000005
498.8,0.000002
498.833333,0.000001
498.866667,0.022228
498.9,0.000060
498.933333,0.000314
498.966667,0.000480
499,0.001178
499.033333,0.000038
499.066667,0.000178
499.1,0.000096
499.133333,0.000012
499.166667,0.000021
499.2,0.000004
499.233333,0.000003
499.266667,0.000002
499.3,0.000003
499.333333,0.017960
499.366667,0.000044
499.4,0.000298
499.433333,0.000293
499.466667,0.000245
499.5,0.000169
499.533333,0.000087
499.566667,0.000011
499.6,0.000024
499.633333,0.000030
499.666667,0.000001
499.7,0.000001
499.733333,0.000000
499.766667,0.016030
499.8,0.000054
499.833333,0.000316
499.866667,0.000284
499.9,0.000128
499.933333,0.000116
499.966667,0.000107
500,0.001709
500.033333,0.000078
500.066667,0.000109
500.1,0.040780
500.133333,0.000162
500.166667,0.000035
500.2,0.000005
500.233333,0.000008
500.266667,0.000002
500.3,0.000001
500.333333,0.000002
500.366667,0.018617
500.4,0.000058
500.433333,0.000387
500.466667,0.000360
500.5,0.000273
500.533333,0.000113
500.566667,0.000173
500.6,0.000027
500.633333,0.000001
500.666667,0.000009
500.7,0.000004
500.733333,0.000002
500.766667,0.000000
500.8,0.022901
500.833333,0.000059
500.866667,0.000317
500.9,0.000485
500.933333,0.000136
500.966667,0.000243
501,0.001574
501.033333,0.000204
501.066667,0.000059
501.1,0.000048
501.133333,0.000012
501.166667,0.000004
501.2,0.000000
501.233333,0.000002
501.266667,0.018310
501.3,0.000045
501.333333,0.000299
501.366667,0.000297
501.4,0.000221
501.433333,0.021054
501.466667,0.000144
501.5,0.000019
501.533333,0.000003
501.566667,0.000005
501.6,0.000001
501.633333,0.000002
501.666667,0.000000
501.7,0.016388
501.733333,0.000055
501.766667,0.000320
501.8,0.000312
501.833333,0.000130
501.866667,0.000116
501.9,0.000106
501.933333,0.000012
501.966667,0.000003
502,0.001756
502.033333,0.000160
502.066667,0.000049
502.1,0.000023
502.133333,0.000005
502.166667,0.018552
502.2,0.000061
502.233333,0.000371
502.266667,0.000367
502.3,0.000346
502.333333,0.000017
502.366667,0.000172
502.4,0.000027
502.433333,0.000001
502.466667,0.000006
502.5,0.000005
502.533333,0.000002
502.566667,0.000001
502.6,0.043445
502.633333,0.000063
502.666667,0.000316
502.7,0.000339
502.733333,0.000152
502.766667,0.000106
502.8,0.000115
502.833333,0.000015
502.866667,0.000005
502.9,0.000010
502.933333,0.000002
502.966667,0.000003
503,0.001803
503.033333,0.016471
503.066667,0.000041
503.1,0.000304
503.133333,0.000313
503.166667,0.000252
503.2,0.000156
503.233333,0.000113
503.266667,0.000011
503.3,0.000005
503.333333,0.000001
503.366667,0.000004
503.4,0.000000
503.433333,0.000002
503.466667,0.000002
503.5,0.016378
503.533333,0.000057
503.566667,0.000332
503.6,0.000301
503.633333,0.000280
503.666667,0.000184
503.7,0.000087
503.733333,0.000016
503.766667,0.000001
503.8,0.000004
503.833333,0.000001
503.866667,0.000001
503.9,0.000002
503.933333,0.000001
503.966667,0.018549
504,0.003251
504.033333,0.000131
504.066667,0.291238
504.1,0.000004
504.133333,0.000608
504.166667,0.026230
504.2,0.005764
504.233333,0.005750
504.266667,0.009418
504.3,0.000101
504.333333,0.001435
504.366667,0.002106
504.4,0.012694
504.433333,0.002941
504.466667,0.010224
504.5,0.003155
504.533333,0.003865
504.566667,0.008084
504.6,0.000034
504.633333,0.000137
504.666667,0.000018
504.7,0.000197
504.733333,0.000002
504.766667,0.000252
504.8,0.000001
504.833333,0.000151
504.866667,0.000001
504.9,0.000150
504.933333,0.000000
504.966667,0.000151
505,0.002653
505.033333,0.000022
505.066667,0.000087
505.1,0.000038
505.133333,0.000009
505.166667,0.000002
505.2,0.000000
505.233333,0.000000
505.266667,0.000000
505.3,0.000000
505.333333,0.000000
505.366667,0.000000
505.4,0.000000
505.433333,0.000000
505.466667,0.008121
505.5,0.000285
505.533333,0.000105
505.566667,0.000118
505.6,0.000005
505.633333,0.000003
505.666667,0.000055
505.7,0.000067
505.733333,0.000043
505.766667,0.000120
505.8,0.000062
505.833333,0.000036
505.866667,0.000065
505.9,0.000086
505.933333,0.000029
505.966667,0.029457
506,0.000268
506.033333,0.000131
506.066667,0.000060
506.1,0.000029
506.133333,0.000006
506.166667,0.000001
506.2,0.000000
506.233333,0.000000
506.266667,0.000000
506.3,0.000000
506.333333,0.000000
506.366667,0.000000
506.4,0.000000
506.433333,0.000000
506.466667,0.000000
506.5,0.000000
506.533333,0.000000
506.566667,0.000000
506.6,0.000000
506.633333,0.000000
506.666667,0.000000
506.7,0.000000
506.733333,0.000000
506.766667,0.000000
506.8,0.000000
506.833333,0.000000
506.866667,0.000000
506.9,0.000000
506.933333,0.000000
506.966667,0.000000
507,0.000136
507.033333,0.000043
507.066667,0.000034
507.1,0.000010
507.133333,0.000002
507.166667,0.000000
507.2,0.000000
507.233333,0.000000
507.266667,0.000000
507.3,0.000000
507.333333,0.000000
507.366667,0.000000
507.4,0.000000
507.433333,0.000000
507.466667,0.000000
507.5,0.000000
507.533333,0.000000
507.566667,0.000000
507.6,0.000000
507.633333,0.000000
507.666667,0.000000
507.7,0.000000
507.733333,0.000000
507.766667,0.000000
507.8,0.000000
507.833333,0.039221
507.866667,0.000048
507.9,0.000018
507.933333,0.000003
507.966667,0.000000
508,0.000190
508.033333,0.000100
508.066667,0.000035
508.1,0.000010
508.133333,0.000002
508.166667,0.000000
508.2,0.000000
508.233333,0.000000
508.266667,0.000000
508.3,0.000000
508.333333,0.000000
508.366667,0.000000
508.4,0.000000
508.433333,0.000000
508.466667,0.000000
508.5,0.000000
508.533333,0.000000
508.566667,0.000000
508.6,0.000000
508.633333,0.000000
508.666667,0.000000
508.7,0.000000
508.733333,0.000000
508.766667,0.000000
508.8,0.000000
508.833333,0.000000
508.866667,0.000000
508.9,0.000000
508.933333,0.000000
508.966667,0.000000
509,0.000102
509.033333,0.000008
509.066667,0.000035
509.1,0.000010
509.133333,0.000002
509.166667,0.000000
509.2,0.000000
509.233333,0.000000
509.266667,0.000000
509.3,0.000000
509.333333,0.000000
509.366667,0.000000
509.4,0.000000
509.433333,0.000000
509.466667,0.000000
509.5,0.000000
509.533333,0.000000
509.566667,0.000000
509.6,0.000000
509.633333,0.000000
509.666667,0.000000
509.7,0.000000
509.733333,0.000000
509.766667,0.000000
509.8,0.000000
509.833333,0.000000
509.866667,0.000000
509.9,0.057352
509.933333,0.001274
509.966667,0.000110
510,0.000338
510.033333,0.000329
510.066667,0.000025
510.1,0.000017
510.133333,0.000037
510.166667,0.000011
510.2,0.000017
510.233333,0.000021
510.266667,0.000021
510.3,0.000026
510.333333,0.000053
510.366667,0.000014
510.4,0.000021
510.433333,0.000053
510.466667,0.000024
510.5,0.000055
510.533333,0.000044
510.566667,0.000034
510.6,0.000080
510.633333,0.000045
510.666667,0.000078
510.7,0.000076
510.733333,0.000067
510.766667,0.000198
510.8,0.000033
510.833333,0.000212
510.866667,0.000179
510.9,0.000391
510.933333,0.000082
510.966667,0.000082
511,0.000315
511.033333,0.038008
511.066667,0.000048
511.1,0.000021
511.133333,0.000003
511.166667,0.000000
511.2,0.000000
511.233333,0.000000
511.266667,0.000000
511.3,0.000000
511.333333,0.000000
511.366667,0.000000
511.4,0.000000
511.433333,0.000000
511.466667,0.000000
511.5,0.000000
511.533333,0.000000
511.566667,0.000000
511.6,0.000000
511.633333,0.000000
511.666667,0.000000
511.7,0.000000
511.733333,0.000000
511.766667,0.000000
511.8,0.000000
511.833333,0.000000
511.866667,0.000000
511.9,0.000000
511.933333,0.000000
511.966667,0.000000
512,0.000143
512.033333,0.000053
512.066667,0.000033
512.1,0.000010
512.133333,0.000002
512.166667,0.000000
512.2,0.000000
512.233333,0.000000
512.266667,0.000000
512.3,0.000000
512.333333,0.000000
512.366667,0.000000
512.4,0.000000
512.433333,0.000000
512.466667,0.000000
512.5,0.000000
512.533333,0.021890
512.566667,0.000036
512.6,0.000011
512.633333,0.000002
512.666667,0.000000
512.7,0.000000
512.733333,0.000000
512.766667,0.000000
512.8,0.000000
512.833333,0.000000
512.866667,0.000000
512.9,0.000000
512.933333,0.000000
512.966667,0.000000
513,0.000149
513.033333,0.000058
513.066667,0.000033
513.1,0.000010
513.133333,0.000002
513.166667,0.000000
513.2,0.000000
513.233333,0.000000
513.266667,0.000000
513.3,0.000000
513.333333,0.000000
513.366667,0.000000
513.4,0.000000
513.433333,0.000000
513.466667,0.000000
513.5,0.000000
513.533333,0.000000
513.566667,0.000000
513.6,0.000000
513.633333,0.000000
513.666667,0.000000
513.7,0.000000
513.733333,0.000000
513.766667,0.000000
513.8,0.000000
513.833333,0.000000
513.866667,0.000000
513.9,0.314097
513.933333,0.000099
513.966667,0.000092
514,0.000091
514.033333,0.000025
514.066667,0.000030
514.1,0.000049
514.133333,0.000039
514.166667,0.000085
514.2,0.000055
514.233333,0.000156
514.266667,0.000067
514.3,0.000261
514.333333,0.000053
514.366667,0.000129
514.4,0.000050
514.433333,0.000132
514.466667,0.000035
514.5,0.000087
514.533333,0.000471
514.566667,0.000802
514.6,0.000248
514.633333,0.000006
514.666667,0.000060
514.7,0.000092
514.733333,0.000001
514.766667,0.000456
514.8,0.000100
514.833333,0.000059
514.866667,0.000073
514.9,0.000164
514.933333,0.000108
514.966667,0.000244
515,0.000060
515.033333,0.000106
515.066667,0.000050
515.1,0.000108
515.133333,0.000047
515.166667,0.000083
515.2,0.000058
515.233333,0.000179
515.266667,0.000055
515.3,0.000016
515.333333,0.000013
515.366667,0.000211
515.4,0.000048
515.433333,0.000058
515.466667,0.000031
515.5,0.000355
515.533333,0.000140
515.566667,0.000002
515.6,0.057248
515.633333,0.001006
515.666667,0.000133
515.7,0.000129
515.733333,0.000184
515.766667,0.000407
515.8,0.000170
515.833333,0.000236
515.866667,0.000190
515.9,0.000146
515.933333,0.000073
515.966667,0.000172
516,0.000071
516.033333,0.000069
516.066667,0.000087
516.1,0.000260
516.133333,0.000473
516.166667,0.000123
516.2,0.000070
516.233333,0.000078
516.266667,0.000091
516.3,0.000000
516.333333,0.001420
516.366667,0.000109
516.4,0.000136
516.433333,0.000811
516.466667,0.000001
516.5,0.000000
516.533333,0.000000
516.566667,0.000000
516.6,0.000000
516.633333,0.000000
516.666667,0.000000
516.7,0.000000
516.733333,0.000000
516.766667,0.000000
516.8,0.000000
516.833333,0.000000
516.866667,0.000000
516.9,0.000000
516.933333,0.000000
516.966667,0.000000
517,0.000008
517.033333,0.000004
517.066667,0.000001
517.1,0.000000
517.133333,0.000000
517.166667,0.000000
517.2,0.000000
517.233333,0.000000
517.266667,0.000000
517.3,0.000000
517.333333,0.000000
517.366667,0.000000
517.4,0.000000
517.433333,0.000000
517.466667,0.000000
517.5,0.000000
517.533333,0.000000
517.566667,0.000000
517.6,0.000000
517.633333,0.000000
517.666667,0.000000
517.7,0.000000
517.733333,0.000000
517.766667,0.000000
517.8,0.000000
517.833333,0.000000
517.866667,0.000000
517.9,0.000000
517.933333,0.000000
517.966667,0.000000
518,0.000004
518.033333,0.000000
518.066667,0.000001
518.1,0.054729
518.133333,0.000011
518.166667,0.000331
518.2,0.000110
518.233333,0.000015
518.266667,0.000020
518.3,0.000574
518.333333,0.002557
518.366667,0.000413
518.4,0.000055
518.433333,0.000028
518.466667,0.000038
518.5,0.000003
518.533333,0.000072
518.566667,0.000048
518.6,0.000010
518.633333,0.000001
518.666667,0.000024
518.7,0.000018
518.733333,0.000046
518.766667,0.000021
518.8,0.000003
518.833333,0.000055
518.866667,0.000008
518.9,0.000079
518.933333,0.000059
518.966667,0.000018
519,0.000375
519.033333,0.000109
519.066667,0.000052
519.1,0.000063
519.133333,0.000071
519.166667,0.000276
519.2,0.001536
519.233333,0.000760
519.266667,0.000096
519.3,0.000420
519.333333,0.000196
519.366667,0.000132
519.4,0.000186
519.433333,0.000076
519.466667,0.000001
519.5,0.000000
519.533333,0.000000
519.566667,0.000000
519.6,0.000000
519.633333,0.000000
519.666667,0.000000
519.7,0.000000
519.733333,0.000000
519.766667,0.000000
519.8,0.003494
519.833333,0.039048
519.866667,0.001396
519.9,0.000214
519.933333,0.000008
519.966667,0.000177
520,0.000048
520.033333,0.000062
520.066667,0.000182
520.1,0.000178
520.133333,0.000164
520.166667,0.000024
520.2,0.000016
520.233333,0.000179
520.266667,0.000174
520.3,0.000177
520.333333,0.000189
520.366667,0.000189
520.4,0.000008
520.433333,0.000010
520.466667,0.000009
520.5,0.000027
520.533333,0.000025
520.566667,0.000015
520.6,0.000004
520.633333,0.000018
520.666667,0.000175
520.7,0.000188
520.733333,0.000147
520.766667,0.000374
520.8,0.000002
520.833333,0.000001
520.866667,0.000000
520.9,0.000000
520.933333,0.000000
520.966667,0.000000
521,0.000006
521.033333,0.000003
521.066667,0.000001
521.1,0.000000
521.133333,0.000000
521.166667,0.000000
521.2,0.000000
521.233333,0.000000
521.266667,0.000000
521.3,0.000000
521.333333,0.000000
521.366667,0.000000
521.4,0.000000
521.433333,0.000000
521.466667,0.000000
521.5,0.000000
521.533333,0.000000
521.566667,0.000000
521.6,0.000000
521.633333,0.000000
521.666667,0.000000
521.7,0.000000
521.733333,0.000000
521.766667,0.000000
521.8,0.000000
521.833333,0.000000
521.866667,0.000000
521.9,0.000000
521.933333,0.000000
521.966667,0.000000
522,0.000004
522.033333,0.000000
522.066667,1.000000
522.1,0.000023
522.133333,0.003779
522.166667,0.004052
522.2,0.001261
522.233333,0.008174
522.266667,0.003030
522.3,0.000172
522.333333,0.016872
522.366667,0.000049
522.4,0.002513
522.433333,0.001719
522.466667,0.000814
522.5,0.000480
522.533333,0.019941
522.566667,0.005469
522.6,0.002492
522.633333,0.001204
522.666667,0.000119
522.7,0.001659
522.733333,0.008352
522.766667,0.004608
522.8,0.006045
522.833333,0.002742
522.866667,0.003978
522.9,0.000469
522.933333,0.010397
522.966667,0.001878
523,0.001663
523.033333,0.000294
523.066667,0.008744
523.1,0.000706
523.133333,0.020823
523.166667,0.003660
523.2,0.004474
523.233333,0.002307
523.266667,0.000366
523.3,0.000341
523.333333,0.009183
523.366667,0.001174
523.4,0.001979
523.433333,0.000274
523.466667,0.001291
523.5,0.000009
523.533333,0.006410
523.566667,0.003618
523.6,0.000066
523.633333,0.000844
523.666667,0.000421
523.7,0.001933
523.733333,0.010391
523.766667,0.000072
523.8,0.001251
523.833333,0.001707
523.866667,0.001626
523.9,0.000417
523.933333,0.008570
523.966667,0.004909
524,0.025427
524.033333,0.010568
524.066667,0.004558
524.1,0.000181
524.133333,0.015285
524.166667,0.005083
524.2,0.002456
524.233333,0.002186
524.266667,0.002167
524.3,0.000819
524.333333,0.014355
524.366667,0.004404
524.4,0.001335
524.433333,0.001110
524.466667,0.004394
524.5,0.002219
524.533333,0.012640
524.566667,0.002952
524.6,0.003145
524.633333,0.001343
524.666667,0.008633
524.7,0.000313
524.733333,0.017077
524.766667,0.000029
524.8,0.000502
524.833333,0.003746
524.866667,0.005384
524.9,0.000078
524.933333,0.012826
524.966667,0.000682
525,0.000640
525.033333,0.001658
525.066667,0.003284
525.1,0.002130
525.133333,0.020125
525.166667,0.002583
525.2,0.009349
525.233333,0.000729
525.266667,0.003452
525.3,0.001108
525.333333,0.013823
525.366667,0.001981
525.4,0.001315
525.433333,0.001681
525.466667,0.003228
525.5,0.000189
525.533333,0.018341
525.566667,0.004806
525.6,0.000959
525.633333,0.000369
525.666667,0.000848
525.7,0.001151
525.733333,0.013516
525.766667,0.000878
525.8,0.000078
525.833333,0.003920
525.866667,0.002618
525.9,0.000008
525.933333,0.013242
525.966667,0.033322
526,0.017952
526.033333,0.002715
526.066667,0.000973
526.1,0.000260
526.133333,0.010340
526.166667,0.000932
526.2,0.008333
526.233333,0.001460
526.266667,0.002110
526.3,0.001081
526.333333,0.015289
526.366667,0.001983
526.4,0.002091
526.433333,0.001499
526.466667,0.000521
526.5,0.000356
526.533333,0.014358
526.566667,0.003275
526.6,0.001620
526.633333,0.003049
526.666667,0.002098
526.7,0.000513
526.733333,0.012139
526.766667,0.002131
526.8,0.001352
526.833333,0.001791
526.866667,0.004059
526.9,0.001803
526.933333,0.010461
526.966667,0.000455
527,0.003522
527.033333,0.001342
527.066667,0.002625
527.1,0.000254
527.133333,0.010027
527.166667,0.002114
527.2,0.000998
527.233333,0.000614
527.266667,0.000974
527.3,0.000126
527.333333,0.009893
527.366667,0.002273
527.4,0.008807
527.433333,0.003117
527.466667,0.008388
527.5,0.001061
527.533333,0.006867
527.566667,0.003182
527.6,0.004515
527.633333,0.002624
527.666667,0.002088
527.7,0.000314
527.733333,0.016664
527.766667,0.000609
527.8,0.002021
527.833333,0.005520
527.866667,0.000406
527.9,0.001051
527.933333,0.008520
527.966667,0.002529
528,0.036978
528.033333,0.010525
528.066667,0.003732
528.1,0.001879
528.133333,0.007197
528.166667,0.000306
528.2,0.000031
528.233333,0.004422
528.266667,0.005855
528.3,0.000046
528.333333,0.011116
528.366667,0.003381
528.4,0.001029
528.433333,0.001502
528.466667,0.000374
528.5,0.000231
528.533333,0.021948
528.566667,0.004551
528.6,0.002377
528.633333,0.003007
528.666667,0.007372
528.7,0.001102
528.733333,0.011324
528.766667,0.000912
528.8,0.000005
528.833333,0.004248
528.866667,0.005182
528.9,0.000280
528.933333,0.022018
528.966667,0.004376
529,0.002340
529.033333,0.004183
529.066667,0.001017
529.1,1.000000
529.133333,0.031898
529.166667,0.026652
529.2,0.026108
529.233333,0.001615
529.266667,0.005685
529.3,0.019637
529.333333,0.024074
529.366667,0.000061
529.4,0.000311
529.433333,0.000069
529.466667,0.000029
529.5,0.000012
529.533333,0.000007
529.566667,0.019447
529.6,0.000036
529.633333,0.000016
529.666667,0.000869
529.7,0.000030
529.733333,0.000013
529.766667,0.000020
529.8,0.000027
529.833333,0.000001
529.866667,0.000014
529.9,0.000081
529.933333,0.000040
529.966667,0.000063
530,0.020009
530.033333,0.001174
530.066667,0.000011
530.1,0.000024
530.133333,0.000096
530.166667,0.000002
530.2,0.000031
530.233333,0.000025
530.266667,0.000014
530.3,0.000056
530.333333,0.000037
530.366667,0.000058
530.4,0.000065
530.433333,0.000036
530.466667,0.017929
530.5,0.001850
530.533333,0.000054
530.566667,0.000127
530.6,0.000128
530.633333,0.000304
530.666667,0.000062
530.7,0.000009
530.733333,0.000002
530.766667,0.000010
530.8,0.000038
530.833333,0.000003
530.866667,0.000010
530.9,0.013761
530.933333,0.000022
530.966667,0.000282
531,0.000082
531.033333,0.051771
531.066667,0.000045
531.1,0.000008
531.133333,0.000003
531.166667,0.000007
531.2,0.000003
531.233333,0.000008
531.266667,0.000002
531.3,0.000010
531.333333,0.000005
531.366667,0.017475
531.4,0.000072
531.433333,0.000018
531.466667,0.000007
531.5,0.000007
531.533333,0.000002
531.566667,0.000003
531.6,0.000009
531.633333,0.000038
531.666667,0.000022
531.7,0.000012
531.733333,0.000006
531.766667,0.000010
531.8,0.018679
531.833333,0.000155
531.866667,0.000065
531.9,0.000032
531.933333,0.000014
531.966667,0.000000
532,0.000460
532.033333,0.000038
532.066667,0.000011
532.1,0.000003
532.133333,0.000000
532.166667,0.000001
532.2,0.000001
532.233333,0.017261
532.266667,0.000064
532.3,0.000015
532.333333,0.000024
532.366667,0.000009
532.4,0.000001
532.433333,0.000004
532.466667,0.000002
532.5,0.000001
532.533333,0.000000
532.566667,0.000001
532.6,0.000000
532.633333,0.000001
532.666667,0.000001
532.7,0.013212
532.733333,0.000048
532.766667,0.000012
532.8,0.000001
532.833333,0.000001
532.866667,0.000006
532.9,0.000002
532.933333,0.000006
532.966667,0.000008
533,0.000151
533.033333,0.000033
533.066667,0.000013
533.1,0.000004
533.133333,0.000001
533.166667,0.017398
533.2,0.000058
533.233333,0.000022
533.266667,0.000011
533.3,0.000002
533.333333,0.000000
533.366667,0.000009
533.4,0.000008
533.433333,0.000010
533.466667,0.000005
533.5,0.000003
533.533333,0.000002
533.566667,0.018768
533.6,0.000138
533.633333,0.377798
533.666667,0.000000
533.7,0.000000
533.733333,0.000000
533.766667,0.000000
533.8,0.000000
533.833333,0.000000
533.866667,0.000012
533.9,0.000103
533.933333,0.000127
533.966667,0.000179
534,0.000271
534.033333,0.000407
534.066667,0.000551
534.1,0.000745
534.133333,0.000904
534.166667,0.001043
534.2,0.001117
534.233333,0.001291
534.266667,0.001295
534.3,0.001343
534.333333,0.001362
534.366667,0.001437
534.4,0.001129
534.433333,0.000771
534.466667,0.000355
534.5,0.000439
534.533333,0.000727
534.566667,0.000546
534.6,0.000553
534.633333,0.000757
534.666667,0.000106
534.7,0.000043
534.733333,0.000217
534.766667,0.000867
534.8,0.000834
534.833333,0.001009
534.866667,0.000960
534.9,0.000020
534.933333,0.000728
534.966667,0.001417
535,0.001954
535.033333,0.002239
535.066667,0.002992
535.1,0.002792
535.133333,0.002261
535.166667,0.000996
535.2,0.000754
535.233333,0.001812
535.266667,0.002538
535.3,0.002543
535.333333,0.002203
535.366667,0.001452
535.4,0.000303
535.433333,0.000240
535.466667,0.001292
535.5,0.001548
535.533333,0.002407
535.566667,0.002246
535.6,0.002009
535.633333,0.000982
535.666667,0.001438
535.7,0.001917
535.733333,0.002716
535.766667,0.002452
535.8,0.002493
535.833333,0.002063
535.866667,0.001999
535.9,0.001633
535.933333,0.001593
535.966667,0.001336
536,0.000927
536.033333,0.001323
536.066667,0.000681
536.1,0.000635
536.133333,0.000718
536.166667,0.000523
536.2,0.000457
536.233333,0.000356
536.266667,0.000615
536.3,0.000100
536.333333,0.000630
536.366667,0.000161
536.4,0.000198
536.433333,0.000219
536.466667,0.000083
536.5,0.000122
536.533333,0.000102
536.566667,0.000084
536.6,0.000289
536.633333,0.000730
536.666667,0.000506
536.7,0.000155
536.733333,0.000022
536.766667,0.000155
536.8,0.000057
536.833333,0.000017
536.866667,0.000145
536.9,0.000216
536.933333,0.000056
536.966667,0.000314
537,0.000079
537.033333,0.000211
537.066667,0.000351
537.1,0.000013
537.133333,0.000130
537.166667,0.000280
537.2,0.000070
537.233333,0.000092
537.266667,0.000120
537.3,0.000080
537.333333,0.000069
537.366667,0.000080
537.4,0.000073
537.433333,0.000069
537.466667,0.000007
537.5,0.000045
537.533333,0.000072
537.566667,0.000070
537.6,0.000037
537.633333,0.000216
537.666667,0.000071
537.7,0.000107
537.733333,0.000018
537.766667,0.000039
537.8,0.000024
537.833333,0.000040
537.866667,0.000035
537.9,0.000071
537.933333,0.000076
537.966667,0.000102
538,0.000036
538.033333,0.000190
538.066667,0.000109
538.1,0.000093
538.133333,0.000084
538.166667,0.000061
538.2,0.000081
538.233333,0.000058
538.266667,0.000050
538.3,0.000046
538.333333,0.000040
538.366667,0.000036
538.4,0.000035
538.433333,0.000042
538.466667,0.000049
538.5,0.000049
538.533333,0.000035
538.566667,0.000011
538.6,0.000002
538.633333,0.000512
538.666667,0.000101
538.7,0.000030
538.733333,0.000010
538.766667,0.000005
538.8,0.000002
538.833333,0.000001
538.866667,0.000000
538.9,0.000000
538.933333,0.000000
538.966667,0.000000
539,0.000112
539.033333,0.000007
539.066667,0.000001
539.1,0.000000
539.133333,0.000000
539.166667,0.000000
539.2,0.000000
539.233333,0.000000
539.266667,0.000000
539.3,0.000000
539.333333,0.000000
539.366667,0.000000
539.4,0.000000
