t,scene_score
0,0.000000
0.0333667,0.000104
0.0667333,0.000005
0.1001,0.000002
0.133467,0.000001
0.166833,0.000000
0.2002,0.003178
0.233567,0.000001
0.266933,0.000000
0.3003,0.000000
0.333667,0.000000
0.367033,0.003161
0.4004,0.000001
0.433767,0.000000
0.467133,0.000000
0.5005,0.000000
0.533867,0.000000
0.567233,0.000000
0.6006,0.000568
0.633967,0.000167
0.667333,0.000071
0.7007,0.000010
0.734067,0.000001
0.767433,0.000011
0.8008,0.050455
0.834167,0.010805
0.867533,0.037773
0.9009,0.012278
0.934267,0.001481
0.967633,0.000179
1.001,0.000717
1.034367,0.000155
1.067733,0.000063
1.1011,0.000020
1.134467,0.000010
1.167833,0.000002
1.2012,0.000003
1.234567,0.000001
1.267933,0.000001
1.3013,0.000001
1.334667,0.000197
1.368033,0.000059
1.4014,0.000029
1.434767,0.000001
1.468133,0.000006
1.5015,0.000000
1.534867,0.000001
1.568233,0.000002
1.6016,0.000001
1.634967,0.000001
1.668333,0.000002
1.7017,0.000000
1.735067,0.000004
1.768433,0.000004
1.8018,0.000001
1.835167,0.000005
1.868533,0.000157
1.9019,0.000065
1.935267,0.000027
1.968633,0.000003
2.002,0.070815
2.035367,0.003806
2.068733,0.002324
2.1021,0.002537
2.135467,0.002442
2.168833,0.002352
2.2022,0.011643
2.235567,0.000125
2.268933,0.000041
2.3023,0.000017
2.335667,0.027769
2.369033,0.000036
2.4024,0.000012
2.435767,0.000004
2.469133,0.000004
2.5025,0.000001
2.535867,0.000001
2.569233,0.000002
2.6026,0.000001
2.635967,0.000667
2.669333,0.000060
2.7027,0.000019
2.736067,0.000017
2.769433,0.000004
2.8028,0.000002
2.836167,0.000001
2.869533,0.000000
2.9029,0.000000
2.936267,0.000000
2.969633,0.000000
3.003,0.000189
3.036367,0.000080
3.069733,0.000020
3.1031,0.000005
3.136467,0.000002
3.169833,0.000001
3.2032,0.000000
3.236567,0.000000
3.269933,0.000000
3.3033,0.000000
3.336667,0.000000
3.370033,0.000000
3.4034,0.000000
3.436767,0.000000
3.470133,0.000000
3.5035,0.000000
3.536867,0.000000
3.570233,0.000333
3.6036,0.000049
3.636967,0.000006
3.670333,0.000007
3.7037,0.611956
3.737067,0.000045
3.770433,0.000005
3.8038,0.000001
3.837167,0.000000
3.870533,0.000000
3.9039,0.000000
3.937267,0.000000
3.970633,0.000000
4.004,0.000073
4.037367,0.000024
4.070733,0.000005
4.1041,0.000001
4.137467,0.000000
4.170833,0.000000
4.2042,0.000000
4.237567,0.000000
4.270933,0.000157
4.3043,0.000057
4.337667,0.000027
4.371033,0.000002
4.4044,0.000001
4.437767,0.000000
4.471133,0.000000
4.5045,0.000000
4.537867,0.000000
4.571233,0.000000
4.6046,0.000000
4.637967,0.000000
4.671333,0.000000
4.7047,0.000000
4.738067,0.000000
4.771433,0.000000
4.8048,0.027036
4.838167,0.000034
4.871533,0.000005
4.9049,0.000001
4.938267,0.000000
4.971633,0.000000
5.005,0.000119
5.038367,0.000060
5.071733,0.000033
5.1051,0.000003
5.138467,0.000001
5.171833,0.000000
5.2052,0.000000
5.238567,0.000000
5.271933,0.000000
5.3053,0.000000
5.338667,0.000000
5.372033,0.000000
5.4054,0.000000
5.438767,0.000000
5.472133,0.000000
5.5055,0.000000
5.538867,0.000000
5.572233,0.000000
5.6056,0.000000
5.638967,0.000000
5.672333,0.000000
5.7057,0.000000
5.739067,0.000000
5.772433,0.000000
5.8058,0.000000
5.839167,0.000000
5.872533,0.000000
5.9059,0.000000
5.939267,0.000000
5.972633,0.000000
6.006,0.000058
6.039367,0.000002
6.072733,0.000033
6.1061,0.000003
6.139467,0.000001
6.172833,0.000000
6.2062,0.000000
6.239567,0.000000
6.272933,0.020478
6.3063,0.000038
6.339667,0.000007
6.373033,0.000001
6.4064,0.000000
6.439767,0.000000
6.473133,0.000000
6.5065,0.000000
6.539867,0.000000
6.573233,0.000000
6.6066,0.000000
6.639967,0.000000
6.673333,0.000000
6.7067,0.000000
6.740067,0.000000
6.773433,0.000000
6.8068,0.000000
6.840167,0.000000
6.873533,0.000000
6.9069,0.000000
6.940267,0.000000
6.973633,0.000000
7.007,0.000072
7.040367,0.000012
7.073733,0.000033
7.1071,0.000003
7.140467,0.000001
7.173833,0.000000
7.2072,0.000000
7.240567,0.000000
7.273933,0.000000
7.3073,0.000000
7.340667,0.000000
7.374033,0.000000
7.4074,0.000000
7.440767,0.013047
7.474133,0.000210
7.5075,0.000202
7.540867,0.000670
7.574233,0.000506
7.6076,0.000111
7.640967,0.000218
7.674333,0.000150
7.7077,0.000257
7.741067,0.001014
7.774433,0.000433
7.8078,0.000031
7.841167,0.000657
7.874533,0.000146
7.9079,0.000058
7.941267,0.000116
7.974633,0.000639
8.008,0.000244
8.041367,0.000225
8.074733,0.000919
8.1081,0.000358
8.141467,0.000164
8.174833,0.000088
8.2082,0.016702
8.241567,0.000815
8.274933,0.000310
8.3083,0.000075
8.341667,0.000018
8.375033,0.000146
8.4084,0.000035
8.441767,0.000027
8.475133,0.000169
8.5085,0.000037
8.541867,0.000101
8.575233,0.000139
8.6086,0.000006
8.641967,0.000008
8.675333,0.000281
8.7087,0.000027
8.742067,0.000172
8.775433,0.000672
8.8088,0.000131
8.842167,0.000296
8.875533,0.000052
8.9089,0.000042
8.942267,0.001020
8.975633,0.000631
9.009,0.000135
9.042367,0.002223
9.075733,0.001358
9.1091,0.000034
9.142467,0.000155
9.175833,0.000210
9.2092,0.000031
9.242567,0.000000
9.275933,0.000000
9.3093,0.023347
9.342667,0.000037
9.376033,0.000005
9.4094,0.000001
9.442767,0.000000
9.476133,0.000000
9.5095,0.000000
9.542867,0.000000
9.576233,0.000000
9.6096,0.000000
9.642967,0.000000
9.676333,0.000000
9.7097,0.000000
9.743067,0.000000
9.776433,0.000000
9.8098,0.000000
9.843167,0.000000
9.876533,0.000000
9.9099,0.000000
9.943267,0.000000
9.976633,0.000000
10.01,0.000081
10.043367,0.000011
10.076733,0.000037
10.1101,0.000005
10.143467,0.000001
10.176833,0.000001
10.2102,0.000000
10.243567,0.000000
10.276933,0.000000
10.3103,0.000000
10.343667,0.000000
10.377033,0.000000
10.4104,0.000000
10.443767,0.000000
10.477133,0.000000
10.5105,0.000000
10.543867,0.000000
10.577233,0.000000
10.6106,0.000000
10.643967,0.000000
10.677333,0.000000
10.7107,0.000000
10.744067,0.000000
10.777433,0.000000
10.8108,0.000000
10.844167,1.000000
10.877533,0.000121
10.9109,0.003466
10.944267,0.003971
10.977633,0.052791
11.011,0.009085
11.044367,0.001772
11.077733,0.000004
11.1111,0.005395
11.144467,0.022321
11.177833,0.011564
11.2112,0.002914
11.244567,0.011895
11.277933,0.000180
11.3113,0.005665
11.344667,0.064438
11.378033,0.010234
11.4114,0.010822
11.444767,0.007641
11.478133,0.000534
11.5115,0.011053
11.544867,0.004894
11.578233,0.008706
11.6116,0.007073
11.644967,0.002627
11.678333,0.000778
11.7117,0.006567
11.745067,0.053945
11.778433,0.004482
11.8118,0.006157
11.845167,0.002168
11.878533,0.000497
11.9119,0.003844
11.945267,0.005216
11.978633,0.000421
12.012,0.002639
12.045367,0.001564
12.078733,0.000179
12.1121,0.055379
12.145467,0.015010
12.178833,0.025258
12.2122,0.008309
12.245567,0.001161
12.278933,0.000016
12.3123,0.014798
12.345667,0.001965
12.379033,0.005080
12.4124,0.001505
12.445767,0.056728
12.479133,0.000081
12.5125,0.008962
12.545867,0.003829
12.579233,0.008513
12.6126,0.003074
12.645967,0.000334
12.679333,0.000904
12.7127,0.007073
12.746067,0.002443
12.779433,0.004817
12.8128,0.000159
12.846167,0.052394
12.879533,0.000436
12.9129,0.006373
12.946267,0.003051
12.979633,0.024652
13.013,0.010408
13.046367,0.001026
13.079733,0.000240
13.1131,0.035243
13.146467,0.011296
13.179833,0.001583
13.2132,0.047881
13.246567,0.015382
13.279933,0.001438
13.3133,0.004020
13.346667,0.001267
13.380033,0.000243
13.4134,0.006667
13.446767,0.000350
13.480133,0.001072
13.5135,0.011937
13.546867,0.006126
13.580233,0.050015
13.6136,0.007232
13.646967,0.005761
13.680333,0.001304
13.7137,0.004257
13.747067,0.008549
13.780433,0.005564
13.8138,0.001378
13.847167,0.000128
13.880533,0.000890
13.9139,0.006405
13.947267,0.002608
13.980633,0.057465
14.014,0.006264
14.047367,0.002114
14.080733,0.000117
14.1141,0.003550
14.147467,0.008477
14.180833,0.001263
14.2142,0.000755
14.247567,0.004459
14.280933,0.000812
14.3143,0.003152
14.347667,0.057726
14.381033,0.007949
14.4144,0.016896
14.447767,0.010345
14.481133,0.005780
14.5145,0.004763
14.547867,0.000256
14.581233,0.002091
14.6146,0.002982
14.647967,0.002538
14.681333,0.002688
14.7147,0.012398
14.748067,0.048277
14.781433,0.008253
14.8148,0.002672
14.848167,0.002214
14.881533,0.001612
14.9149,0.013044
14.948267,0.006699
14.981633,0.001877
15.015,0.004518
15.048367,0.003023
15.081733,0.001490
15.1151,0.052806
15.148467,0.007496
15.181833,0.008089
15.2152,0.003611
15.248567,0.004279
15.281933,0.001356
15.3153,0.004482
15.348667,0.001884
15.382033,0.004713
15.4154,0.000272
15.448767,0.056274
15.482133,0.006844
15.5155,0.010877
15.548867,0.007216
15.582233,0.003454
15.6156,0.001475
15.648967,0.007977
15.682333,0.004204
15.7157,0.006289
15.749067,0.005763
15.782433,0.003715
15.8158,0.032973
15.849167,0.009190
15.882533,0.001608
15.9159,0.002570
15.949267,0.009851
15.982633,0.005902
16.016,0.002040
16.049367,0.001382
16.082733,0.001386
16.1161,0.004974
16.149467,0.007981
16.182833,0.006419
16.2162,0.052485
16.249567,0.007558
16.282933,0.000657
16.3163,0.009671
16.349667,0.003855
16.383033,0.002890
16.4164,0.000252
16.449767,0.003871
16.483133,0.000887
16.5165,0.009172
16.549867,0.002929
16.583233,0.031391
16.6166,0.008954
16.649967,0.003314
16.683333,0.000069
16.7167,0.006401
16.750067,0.000297
16.783433,0.018491
16.8168,0.001345
16.850167,0.004344
16.883533,0.001430
16.9169,0.002816
16.950267,0.013111
16.983633,0.056075
17.017,0.021966
17.050367,0.007025
17.083733,0.000509
17.1171,0.011638
17.150467,0.000046
17.183833,0.035738
17.2172,0.010277
17.250567,0.001078
17.283933,0.000053
17.3173,0.006460
17.350667,0.060640
17.384033,0.004764
17.4174,0.006185
17.450767,0.008733
17.484133,0.000002
17.5175,0.038517
17.550867,0.141424
17.584233,0.009957
17.6176,0.031809
17.650967,0.006276
17.684333,0.002324
17.7177,0.000032
17.751067,0.056065
17.784433,0.010750
17.8178,0.010791
17.851167,0.001411
17.884533,0.001275
17.9179,0.000020
17.951267,0.005930
17.984633,0.000776
18.018,0.002404
18.051367,0.002632
18.084733,0.060399
18.1181,0.000920
18.151467,0.037905
18.184833,0.005872
18.2182,0.014734
18.251567,0.002652
18.284933,0.038401
18.3183,0.000015
18.351667,0.002793
18.385033,0.008091
18.4184,0.003042
18.451767,0.003925
18.485133,0.067632
18.5185,0.000913
18.551867,0.012697
18.585233,0.013246
18.6186,0.009933
18.651967,0.003274
18.685333,0.000996
18.7187,0.002264
18.752067,0.004272
18.785433,0.015686
18.8188,0.005022
18.852167,0.063480
18.885533,0.003374
18.9189,0.000002
18.952267,0.005372
18.985633,0.002614
19.019,0.007451
19.052367,0.004533
19.085733,0.002756
19.1191,0.000507
19.152467,0.005496
19.185833,0.002388
19.2192,0.072537
19.252567,0.005833
19.285933,0.002496
19.3193,0.000095
19.352667,0.014515
19.386033,0.003144
19.4194,0.004653
19.452767,0.001455
19.486133,0.005228
19.5195,0.001478
19.552867,0.002082
19.586233,0.054886
19.6196,0.012992
19.652967,0.003474
19.686333,0.007806
19.7197,0.000136
19.753067,0.017579
19.786433,0.007252
19.8198,0.007106
19.853167,0.028278
19.886533,0.007795
19.9199,0.000002
19.953267,0.003246
19.986633,0.076293
20.02,0.019770
20.053367,0.008017
20.086733,0.003093
20.1201,0.000002
20.153467,0.007311
20.186833,0.003224
20.2202,0.001293
20.253567,0.000076
20.286933,0.030001
20.3203,0.000892
20.353667,0.061774
20.387033,0.007214
20.4204,0.006384
20.453767,1.000000
20.487133,0.000175
20.5205,0.000002
20.553867,0.000000
20.587233,0.000236
20.6206,0.000291
20.653967,0.000137
20.687333,0.000153
20.7207,0.000072
20.754067,0.000015
20.787433,0.000004
20.8208,0.000016
20.854167,0.000007
20.887533,0.000003
20.9209,0.000001
20.954267,0.000000
20.987633,0.000000
21.021,0.000204
21.054367,0.000066
21.087733,0.000019
21.1211,0.000008
21.154467,0.000001
21.187833,0.000001
21.2212,0.000000
21.254567,0.000000
21.287933,0.000000
21.3213,0.000000
21.354667,0.000000
21.388033,0.000000
21.4214,0.000000
21.454767,0.000000
21.488133,0.000000
21.5215,0.000000
21.554867,0.000000
21.588233,0.000000
21.6216,0.000000
21.654967,0.000000
21.688333,0.000000
21.7217,0.000000
21.755067,0.000000
21.788433,0.000000
21.8218,0.030536
21.855167,0.000016
21.888533,0.000006
21.9219,0.000001
21.955267,0.000000
21.988633,0.000000
22.022,0.000061
22.055367,0.000003
22.088733,0.000019
22.1221,0.000009
22.155467,0.000001
22.188833,0.000001
22.2222,0.000000
22.255567,0.000000
22.288933,0.000000
22.3223,0.000000
22.355667,0.000000
22.389033,0.000000
22.4224,0.000000
22.455767,0.000000
22.489133,0.000000
22.5225,0.000000
22.555867,0.000000
22.589233,0.000000
22.6226,0.000000
22.655967,0.000000
22.689333,0.000000
22.7227,0.000000
22.756067,0.000000
22.789433,0.000000
22.8228,0.000000
22.856167,0.000000
22.889533,0.000000
22.9229,0.000000
22.956267,0.000000
22.989633,0.000000
23.023,0.000060
23.056367,0.000003
23.089733,0.000019
23.1231,0.000009
23.156467,0.000001
23.189833,0.000001
23.2232,0.000000
23.256567,0.000000
23.289933,0.432918
23.3233,0.000000
23.356667,0.000199
23.390033,0.000378
23.4234,0.000988
23.456767,0.000057
23.490133,0.000794
23.5235,0.000107
23.556867,0.000047
23.590233,0.000015
23.6236,0.000004
23.656967,0.000121
23.690333,0.000046
23.7237,0.000016
23.757067,0.000000
23.790433,0.000002
23.8238,0.000004
23.857167,0.000004
23.890533,0.000002
23.9239,0.000003
23.957267,0.000002
23.990633,0.000003
24.024,0.002066
24.057367,0.000280
24.090733,0.000055
24.1241,0.000025
24.157467,0.000002
24.190833,0.000004
24.2242,0.000002
24.257567,0.000003
24.290933,0.000001
24.3243,0.000002
24.357667,0.000000
24.391033,0.029303
24.4244,0.006224
24.457767,0.000150
24.491133,0.000057
24.5245,0.001297
24.557867,0.000835
24.591233,0.001849
24.6246,0.000954
24.657967,0.000580
24.691333,0.000121
24.7247,0.000176
24.758067,0.000019
24.791433,0.000035
24.8248,0.000101
24.858167,0.000092
24.891533,0.000058
24.9249,0.000985
24.958267,0.047570
24.991633,0.021757
25.025,0.042804
25.058367,0.023066
25.091733,0.000947
25.1251,0.001814
25.158467,0.004180
25.191833,0.034270
25.2252,0.021415
25.258567,0.043543
25.291933,0.008421
25.3253,0.006114
25.358667,0.040771
25.392033,0.000379
25.4254,0.000010
25.458767,0.000000
25.492133,0.000035
25.5255,0.000009
25.558867,0.005002
25.592233,0.001766
25.6256,0.000221
25.658967,0.000271
25.692333,0.000023
25.7257,0.000073
25.759067,0.000068
25.792433,0.001047
25.8258,0.000397
25.859167,0.064297
25.892533,0.001356
25.9259,0.000029
25.959267,0.000001
25.992633,0.000000
26.026,0.003624
26.059367,0.000001
26.092733,0.000000
26.1261,0.000533
26.159467,0.000223
26.192833,0.000998
26.2262,0.000353
26.259567,0.000184
26.292933,0.000110
26.3263,0.000010
26.359667,0.000000
26.393033,0.000000
26.4264,0.000040
26.459767,0.000003
26.493133,0.000030
26.5265,0.000310
26.559867,0.000105
26.593233,0.000073
26.6266,0.000033
26.659967,0.000009
26.693333,0.000003
26.7267,0.000000
26.760067,0.000002
26.793433,0.000000
26.8268,0.000002
26.860167,0.000001
26.893533,0.000002
26.9269,0.000002
26.960267,0.000000
26.993633,0.000001
27.027,0.002492
27.060367,0.000230
27.093733,0.000045
27.1271,0.000022
27.160467,0.000005
27.193833,0.000003
27.2272,0.000001
27.260567,0.000002
27.293933,0.000001
27.3273,0.000002
27.360667,0.000000
27.394033,0.000002
27.4274,0.000001
27.460767,0.000001
27.494133,0.000002
27.5275,0.000001
27.560867,0.000001
27.594233,0.000000
27.6276,0.000001
27.660967,0.000001
27.694333,0.000001
27.7277,0.000001
27.761067,0.000000
27.794433,0.000001
27.8278,0.000001
27.861167,0.000001
27.894533,0.000001
27.9279,0.000000
27.961267,0.000001
27.994633,0.000000
28.028,0.000220
28.061367,0.000002
28.094733,0.000045
28.1281,0.000022
28.161467,0.000005
28.194833,0.000003
28.2282,0.000001
28.261567,0.000002
28.294933,0.000001
28.3283,0.000002
28.361667,0.000000
28.395033,0.000002
28.4284,0.000001
28.461767,0.000001
28.495133,0.396770
28.5285,0.000926
28.561867,0.000068
28.595233,0.000165
28.6286,0.000041
28.661967,0.000045
28.695333,0.000022
28.7287,0.000007
28.762067,0.000002
28.795433,0.000001
28.8288,0.000000
28.862167,0.000000
28.895533,0.000000
28.9289,0.000000
28.962267,0.000000
28.995633,0.000000
29.029,0.000115
29.062367,0.000034
29.095733,0.000008
29.1291,0.000004
29.162467,0.000000
29.195833,0.000000
29.2292,0.000000
29.262567,0.000000
29.295933,0.000000
29.3293,0.000000
29.362667,0.000000
29.396033,0.000000
29.4294,0.000000
29.462767,0.000000
29.496133,0.000668
29.5295,0.000049
29.562867,0.000013
29.596233,0.000004
29.6296,0.000001
29.662967,0.000000
29.696333,0.000000
29.7297,0.000000
29.763067,0.000000
29.796433,0.000000
29.8298,0.000000
29.863167,0.000000
29.896533,0.000000
29.9299,0.000000
29.963267,0.000000
29.996633,0.000000
30.03,0.000059
30.063367,0.000031
30.096733,0.000008
30.1301,0.000004
30.163467,0.000000
30.196833,0.000000
30.2302,0.000000
30.263567,0.000000
30.296933,0.000000
30.3303,0.000000
30.363667,0.000000
30.397033,0.000000
30.4304,0.000000
30.463767,0.000000
30.497133,0.000021
30.5305,0.000003
30.563867,0.000005
30.597233,0.000002
30.6306,0.000000
30.663967,0.000000
30.697333,0.000000
30.7307,0.000000
30.764067,0.000000
30.797433,0.000000
30.8308,0.000000
30.864167,0.000000
30.897533,0.000000
30.9309,0.000000
30.964267,0.000000
30.997633,0.000000
31.031,0.000032
31.064367,0.000005
31.097733,0.000008
31.1311,0.000004
31.164467,0.000000
31.197833,0.000000
31.2312,0.000000
31.264567,0.000000
31.297933,0.000000
31.3313,0.000000
31.364667,0.000000
31.398033,0.091624
31.4314,0.000068
31.464767,0.000027
31.498133,0.000332
31.5315,0.001164
31.564867,0.003996
31.598233,0.010248
31.6316,0.011477
31.664967,0.010750
31.698333,0.005738
31.7317,0.001250
31.765067,0.000372
31.798433,0.002052
31.8318,0.003650
31.865167,0.004842
31.898533,0.005328
31.9319,0.013431
31.965267,0.008160
31.998633,0.004516
32.032,0.004133
32.065367,0.003421
32.098733,0.002262
32.1321,0.000557
32.165467,0.000085
32.198833,0.000755
32.2322,0.003698
32.265567,0.001423
32.298933,0.000193
32.3323,0.001377
32.365667,0.000357
32.399033,0.001172
32.4324,0.001903
32.465767,0.001707
32.499133,0.000116
32.5325,0.001735
32.565867,0.002618
32.599233,0.004584
32.6326,0.002575
32.665967,0.022422
32.699333,0.013477
32.7327,0.010167
32.766067,0.011112
32.799433,0.007438
32.8328,0.042198
32.866167,0.170164
32.899533,0.034294
32.9329,0.012805
32.966267,0.003239
32.999633,0.005648
33.033,0.002071
33.066367,0.011423
33.099733,0.000071
33.1331,0.000470
33.166467,0.001050
33.199833,0.002361
33.2332,0.000572
33.266567,0.000418
33.299933,0.001566
33.3333,0.001799
33.366667,0.001072
33.400033,0.001259
33.4334,0.006817
33.466767,0.004326
33.500133,0.002144
33.5335,0.003185
33.566867,0.002229
33.600233,0.001956
33.6336,0.000991
33.666967,0.005187
33.700333,0.009439
33.7337,0.001811
33.767067,0.001531
33.800433,0.000676
33.8338,0.022212
33.867167,0.000961
33.900533,0.004189
33.9339,0.012961
33.967267,0.007554
34.000633,0.021642
34.034,0.015671
34.067367,0.002119
34.100733,0.001910
34.1341,0.001161
34.167467,0.001319
34.200833,0.001286
34.2342,0.001136
34.267567,0.006861
34.300933,0.004196
34.3343,0.001005
34.367667,0.000393
34.401033,0.002499
34.4344,0.003047
34.467767,0.003100
34.501133,0.002292
34.5345,0.000208
34.567867,0.000151
34.601233,0.000691
34.6346,0.000000
34.667967,0.000704
34.701333,0.000692
34.7347,0.000526
34.768067,0.001691
34.801433,0.002598
34.8348,0.001158
34.868167,0.000957
34.901533,0.000895
34.9349,0.001889
34.968267,0.001606
35.001633,0.000482
35.035,0.000743
35.068367,0.002253
35.101733,0.004165
35.1351,0.004169
35.168467,0.001956
35.201833,0.055506
35.2352,0.019709
35.268567,0.004295
35.301933,0.002880
35.3353,0.000615
35.368667,0.040593
35.402033,0.019130
35.4354,0.011906
35.468767,0.007931
35.502133,0.005488
35.5355,0.006557
35.568867,0.003504
35.602233,0.001626
35.6356,0.001784
35.668967,0.001137
35.702333,0.001132
35.7357,0.001110
35.769067,0.001049
35.802433,0.011521
35.8358,0.003688
35.869167,0.003324
35.902533,0.003030
35.9359,0.003715
35.969267,0.000063
36.002633,0.001656
36.036,0.000795
36.069367,0.000596
36.102733,0.000247
36.1361,0.001010
36.169467,0.000220
36.202833,0.000092
36.2362,0.000849
36.269567,0.000419
36.302933,0.000977
36.3363,0.000814
36.369667,0.000486
36.403033,0.000147
36.4364,0.000295
36.469767,0.001835
36.503133,0.001077
36.5365,0.000487
36.569867,0.000892
36.603233,0.000921
36.6366,0.000228
36.669967,0.000505
36.703333,0.000806
36.7367,0.000029
36.770067,0.000492
36.803433,0.056008
36.8368,0.000245
36.870167,0.000030
36.903533,0.000014
36.9369,0.000584
36.970267,0.005390
37.003633,0.006295
37.037,0.000214
37.070367,0.000074
37.103733,0.004195
37.1371,0.001766
37.170467,0.005199
37.203833,0.002654
37.2372,0.001623
37.270567,0.001596
37.303933,0.006230
37.3373,0.011092
37.370667,0.002769
37.404033,0.006269
37.4374,0.004355
37.470767,0.002157
37.504133,0.002217
37.5375,0.001380
37.570867,0.001351
37.604233,0.000466
37.6376,0.095633
37.670967,0.020868
37.704333,0.011198
37.7377,0.006470
37.771067,0.000472
37.804433,0.001980
37.8378,0.003464
37.871167,0.006768
37.904533,0.005283
37.9379,0.009234
37.971267,0.000390
38.004633,0.004384
38.038,0.002645
38.071367,0.001978
38.104733,0.001181
38.1381,0.000710
38.171467,0.000400
38.204833,0.000147
38.2382,0.000054
38.271567,0.000019
38.304933,0.000009
38.3383,0.000001
38.371667,0.000000
38.405033,0.000001
38.4384,0.000000
38.471767,0.000000
38.505133,0.000208
38.5385,0.000044
38.571867,0.000016
38.605233,0.000008
38.6386,0.000002
38.671967,0.000001
38.705333,0.000000
38.7387,0.000000
38.772067,0.000000
38.805433,0.000000
38.8388,0.000000
38.872167,0.000000
38.905533,0.000001
38.9389,0.000001
38.972267,0.000000
39.005633,0.000000
39.039,0.000085
39.072367,0.000032
39.105733,0.000012
39.1391,0.000005
39.172467,0.000001
39.205833,0.000000
39.2392,0.000000
39.272567,0.000000
39.305933,0.000000
39.3393,0.000001
39.372667,0.000001
39.406033,0.000000
39.4394,0.000001
39.472767,0.000000
39.506133,0.000013
39.5395,0.000003
39.572867,0.000006
39.606233,0.000001
39.6396,0.000001
39.672967,0.000000
39.706333,0.000001
39.7397,0.000001
39.773067,0.000000
39.806433,0.000001
39.8398,0.000000
39.873167,0.000000
39.906533,0.000000
39.9399,0.000000
39.973267,0.000000
40.006633,0.000000
40.04,0.000032
40.073367,0.207278
40.106733,0.000018
40.1401,0.000006
40.173467,0.000002
40.206833,0.000001
40.2402,0.000000
40.273567,0.000000
40.306933,0.000000
40.3403,0.000000
40.373667,0.000000
40.407033,0.000000
40.4404,0.000000
40.473767,0.000000
40.507133,0.000000
40.5405,0.000000
40.573867,0.000000
40.607233,0.000000
40.6406,0.000000
40.673967,0.000000
40.707333,0.000000
40.7407,0.000000
40.774067,0.000000
40.807433,0.000000
40.8408,0.000000
40.874167,0.000000
40.907533,0.603056
40.9409,0.000067
40.974267,0.000018
41.007633,0.000003
41.041,0.000050
41.074367,0.000035
41.107733,0.000010
41.1411,0.000005
41.174467,0.000001
41.207833,0.000000
41.2412,0.000000
41.274567,0.000000
41.307933,0.000000
41.3413,0.000000
41.374667,0.000000
41.408033,0.000000
41.4414,0.000000
41.474767,0.000000
41.508133,0.000000
41.5415,0.000000
41.574867,0.000000
41.608233,0.000000
41.6416,0.000000
41.674967,0.000000
41.708333,0.000000
41.7417,0.000000
41.775067,0.000000
41.808433,0.000000
41.8418,0.000000
41.875167,0.000000
41.908533,0.000000
41.9419,0.000000
41.975267,0.000000
42.008633,0.000000
42.042,0.000034
42.075367,0.000002
42.108733,0.000010
42.1421,0.000005
42.175467,0.000001
42.208833,0.000000
42.2422,0.000000
42.275567,0.000000
42.308933,0.000000
42.3423,0.000000
42.375667,0.000000
42.409033,0.000000
42.4424,0.000000
42.475767,0.000000
42.509133,0.000000
42.5425,0.000000
42.575867,0.000000
42.609233,0.000000
42.6426,0.000000
42.675967,0.000000
42.709333,0.000000
42.7427,0.000000
42.776067,0.000000
42.809433,0.043730
42.8428,0.000012
42.876167,0.000005
42.909533,0.000001
42.9429,0.000711
42.976267,0.000299
43.009633,0.000286
43.043,0.000045
43.076367,0.000129
43.109733,0.000018
43.1431,0.000142
43.176467,0.000139
43.209833,0.000000
43.2432,0.000123
43.276567,0.000130
43.309933,0.000005
43.3433,0.000134
43.376667,0.000253
43.410033,0.000125
43.4434,0.000147
43.476767,0.000129
43.510133,0.000137
43.5435,0.000111
43.576867,0.000131
43.610233,0.000141
43.6436,0.000233
43.676967,0.000392
43.710333,0.000100
43.7437,0.000039
43.777067,0.000309
43.810433,0.000090
43.8438,0.000483
43.877167,0.000392
43.910533,0.004009
43.9439,0.000013
43.977267,0.000006
44.010633,0.000001
44.044,0.000051
44.077367,0.000009
44.110733,0.000013
44.1441,0.000006
44.177467,0.000001
44.210833,0.000000
44.2442,0.000000
44.277567,0.000000
44.310933,0.000000
44.3443,0.000000
44.377667,0.000000
44.411033,0.000000
44.4444,0.000000
44.477767,0.000000
44.511133,0.000000
44.5445,0.000000
44.577867,0.000000
44.611233,0.000000
44.6446,0.000000
44.677967,0.000000
44.711333,0.000000
44.7447,0.000000
44.778067,0.000000
44.811433,0.000000
44.8448,0.000000
44.878167,0.000000
44.911533,0.000000
44.9449,0.000000
44.978267,0.000000
45.011633,0.000000
45.045,0.000044
45.078367,0.000002
45.111733,0.000013
45.1451,0.000006
45.178467,0.000001
45.211833,0.000000
45.2452,0.000000
45.278567,0.000000
45.311933,0.000000
45.3453,0.000000
45.378667,0.000000
45.412033,0.000000
45.4454,0.000000
45.478767,0.000000
45.512133,0.070675
45.5455,0.000006
45.578867,0.000002
45.612233,0.000000
45.6456,0.000000
45.678967,0.000000
45.712333,0.000000
45.7457,0.000000
45.779067,0.000000
45.812433,0.000000
45.8458,0.000000
45.879167,0.000000
45.912533,0.000000
45.9459,0.000000
45.979267,0.000000
46.012633,0.000000
46.046,0.023525
46.079367,0.000041
46.112733,0.000012
46.1461,0.000006
46.179467,0.000001
46.212833,0.000000
46.2462,0.000000
46.279567,0.000000
46.312933,0.000000
46.3463,0.000000
46.379667,0.000000
46.413033,0.000000
46.4464,0.000000
46.479767,0.000000
46.513133,0.000000
46.5465,0.000000
46.579867,0.000000
46.613233,0.000000
46.6466,0.000000
46.679967,0.000000
46.713333,0.000000
46.7467,0.000000
46.780067,0.004231
46.813433,0.002090
46.8468,0.000272
46.880167,0.000244
46.913533,0.000008
46.9469,0.000170
46.980267,0.000035
47.013633,0.000066
47.047,0.000132
47.080367,0.000060
47.113733,0.000072
47.1471,0.000035
47.180467,0.000030
47.213833,0.000109
47.2472,0.034479
47.280567,0.001279
47.313933,0.000088
47.3473,0.000133
47.380667,0.000058
47.414033,0.000006
47.4474,0.000048
47.480767,0.000057
47.514133,0.000022
47.5475,0.000073
47.580867,0.000061
47.614233,0.000062
47.6476,0.000087
47.680967,0.000065
47.714333,0.000212
47.7477,0.000389
47.781067,0.000008
47.814433,0.000003
47.8478,0.000000
47.881167,0.000000
47.914533,0.000000
47.9479,0.000000
47.981267,0.000000
48.014633,0.000000
48.048,0.000040
48.081367,0.000007
48.114733,0.000012
48.1481,0.000006
48.181467,0.000001
48.214833,0.000000
48.2482,0.000000
48.281567,0.000000
48.314933,0.000000
48.3483,0.000000
48.381667,0.000000
48.415033,0.000000
48.4484,0.000000
48.481767,0.000000
48.515133,0.000000
48.5485,0.000000
48.581867,0.000000
48.615233,0.000000
48.6486,0.000000
48.681967,0.000000
48.715333,0.000000
48.7487,0.000000
48.782067,0.000000
48.815433,0.000000
48.8488,0.000000
48.882167,0.000000
48.915533,0.597336
48.9489,0.000221
48.982267,0.000016
49.015633,0.000071
49.049,0.000043
49.082367,0.000008
49.115733,0.000022
49.1491,0.000053
49.182467,0.000015
49.215833,0.000023
49.2492,0.000125
49.282567,0.000004
49.315933,0.000016
49.3493,0.000057
49.382667,0.000029
49.416033,0.000020
49.4494,0.000068
49.482767,0.000030
49.516133,0.000023
49.5495,0.000048
49.582867,0.000026
49.616233,0.000021
49.6496,0.000037
49.682967,0.000030
49.716333,0.000045
49.7497,0.000084
49.783067,0.000069
49.816433,0.000014
49.8498,0.000046
49.883167,0.000040
49.916533,0.000114
49.9499,0.000057
49.983267,0.000068
50.016633,0.000096
50.05,0.000074
50.083367,0.000066
50.116733,0.000020
50.1501,0.000003
50.183467,0.000015
50.216833,0.000111
50.2502,0.000010
50.283567,0.000029
50.316933,0.000127
50.3503,0.000025
50.383667,0.000041
50.417033,0.000111
50.4504,0.000045
50.483767,0.000035
50.517133,0.000153
50.5505,0.000076
50.583867,0.000053
50.617233,0.000073
50.6506,0.000060
50.683967,0.000104
50.717333,0.000131
50.7507,0.000135
50.784067,0.000052
50.817433,0.000074
50.8508,0.000045
50.884167,0.000007
50.917533,0.000000
50.9509,0.000000
50.984267,0.000000
51.017633,0.000000
51.051,0.000035
51.084367,0.000004
51.117733,0.000011
51.1511,0.000004
51.184467,0.000000
51.217833,0.000000
51.2512,0.000000
51.284567,0.000000
51.317933,0.000000
51.3513,0.000000
51.384667,0.000000
51.418033,0.000000
51.4514,0.000000
51.484767,0.000000
51.518133,0.000000
51.5515,0.000000
51.584867,0.000000
51.618233,0.000000
51.6516,0.000000
51.684967,0.000000
51.718333,0.050559
51.7517,0.000009
51.785067,0.000110
51.818433,0.000043
51.8518,0.000024
51.885167,0.000067
51.918533,0.000040
51.9519,0.000108
51.985267,0.000056
52.018633,0.000041
52.052,0.000215
52.085367,0.000111
52.118733,0.000056
52.1521,0.000076
52.185467,0.000028
52.218833,0.000099
52.2522,0.000057
52.285567,0.000035
52.318933,0.000075
52.3523,0.000028
52.385667,0.000068
52.419033,0.000047
52.4524,0.000021
52.485767,0.000060
52.519133,0.000035
52.5525,0.000284
52.585867,0.000106
52.619233,0.000045
52.6526,0.000060
52.685967,0.000026
52.719333,0.000001
52.7527,0.000012
52.786067,0.000116
52.819433,0.000152
52.8528,0.000091
52.886167,0.000030
52.919533,0.000015
52.9529,0.000012
52.986267,0.000036
53.019633,0.000011
53.053,0.000205
53.086367,0.000001
53.119733,0.000040
53.1531,0.000062
53.186467,0.000037
53.219833,0.000032
53.2532,0.000010
53.286567,0.000020
53.319933,0.000067
53.3533,0.000033
53.386667,0.000034
53.420033,0.000033
53.4534,0.000034
53.486767,0.000178
53.520133,0.000121
53.5535,0.000018
53.586867,0.000025
53.620233,0.000007
53.6536,0.000129
53.686967,0.000071
53.720333,0.000043
53.7537,0.000030
53.787067,0.000034
53.820433,0.000229
53.8538,0.000114
53.887167,0.000065
53.920533,0.000091
53.9539,0.000034
53.987267,0.000061
54.020633,0.035368
54.054,0.000032
54.087367,0.000009
54.120733,0.000012
54.1541,0.000004
54.187467,0.000000
54.220833,0.000000
54.2542,0.000000
54.287567,0.000000
54.320933,0.000000
54.3543,0.000000
54.387667,0.000000
54.421033,0.000000
54.4544,0.000000
54.487767,0.001411
54.521133,0.000165
54.5545,0.000622
54.587867,0.000000
54.621233,0.000000
54.6546,0.000000
54.687967,0.000000
54.721333,0.000000
54.7547,0.000000
54.788067,0.000000
54.821433,0.000000
54.8548,0.000000
54.888167,0.000000
54.921533,0.000000
54.9549,0.000000
54.988267,0.000000
55.021633,0.000000
55.055,0.001177
55.088367,0.000147
55.121733,0.000012
55.1551,0.000004
55.188467,0.000000
55.221833,0.000000
55.2552,0.000000
55.288567,0.000000
55.321933,0.000000
55.3553,0.000000
55.388667,0.000000
55.422033,0.000000
55.4554,0.000000
55.488767,0.000000
55.522133,0.000000
55.5555,0.000000
55.588867,0.000000
55.622233,0.000000
55.6556,0.000000
55.688967,0.000000
55.722333,0.000000
55.7557,0.000000
55.789067,0.000000
55.822433,0.000000
55.8558,0.000000
55.889167,0.000000
55.922533,0.000000
55.9559,0.000000
55.989267,0.000000
56.022633,0.000000
56.056,0.000035
56.089367,0.000002
56.122733,0.000012
56.1561,0.031742
56.189467,0.000011
56.222833,0.000047
56.2562,0.000086
56.289567,0.000348
56.322933,0.000151
56.3563,0.000021
56.389667,0.000144
56.423033,0.000102
56.4564,0.000101
56.489767,0.000093
56.523133,0.000126
56.5565,0.000069
56.589867,0.000174
56.623233,0.000119
56.6566,0.000148
56.689967,0.000054
56.723333,0.000030
56.7567,0.000247
56.790067,0.000161
56.823433,0.000063
56.8568,0.000021
56.890167,0.000091
56.923533,0.000099
56.9569,0.000084
56.990267,0.000082
57.023633,0.000006
57.057,0.000002
57.090367,0.000009
57.123733,0.000088
57.1571,0.000050
57.190467,0.000025
57.223833,0.000190
57.2572,0.000064
57.290567,0.000405
57.323933,0.000200
57.3573,0.000091
57.390667,0.000163
57.424033,0.000074
57.4574,0.000070
57.490767,0.000327
57.524133,0.000061
57.5575,0.000085
57.590867,0.000104
57.624233,0.000083
57.6576,0.000086
57.690967,0.000015
57.724333,0.000069
57.7577,0.000147
57.791067,0.000164
57.824433,0.000162
57.8578,0.000028
57.891167,0.000179
57.924533,0.000168
57.9579,0.000015
57.991267,0.000394
58.024633,0.000054
58.058,0.000050
58.091367,0.000164
58.124733,0.054768
58.1581,0.000018
58.191467,0.000009
58.224833,0.000002
58.2582,0.000000
58.291567,0.000000
58.324933,0.000000
58.3583,0.000000
58.391667,0.000000
58.425033,0.000000
58.4584,0.000000
58.491767,0.000000
58.525133,0.000000
58.5585,0.000000
58.591867,0.000000
58.625233,0.000000
58.6586,0.000000
58.691967,0.000000
58.725333,0.000000
58.7587,0.000000
58.792067,0.000000
58.825433,0.000000
58.8588,0.000000
58.892167,0.000000
58.925533,0.000000
58.9589,0.000000
58.992267,0.000000
59.025633,0.000000
59.059,0.000045
59.092367,0.000005
59.125733,0.000014
59.1591,0.000006
59.192467,0.000001
59.225833,0.000001
59.2592,0.000000
59.292567,0.000000
59.325933,0.000000
59.3593,0.000000
59.392667,0.000000
59.426033,0.000000
59.4594,0.000000
59.492767,0.000000
59.526133,0.020432
59.5595,0.000015
59.592867,0.000007
59.626233,0.000001
59.6596,0.000000
59.692967,0.000000
59.726333,0.000000
59.7597,0.000000
59.793067,0.000000
59.826433,0.000000
59.8598,0.000000
59.893167,0.000000
59.926533,0.000000
59.9599,0.000000
59.993267,0.000000
60.026633,0.000000
60.06,0.000048
60.093367,0.000011
60.126733,0.000013
60.1601,0.000005
60.193467,0.000001
60.226833,0.000001
60.2602,0.000000
60.293567,0.000000
60.326933,0.000000
60.3603,0.000000
60.393667,0.000000
60.427033,0.000000
60.4604,0.000000
60.493767,0.000000
60.527133,0.033136
60.5605,0.000019
60.593867,0.000009
60.627233,0.000001
60.6606,0.000000
60.693967,0.000000
60.727333,0.000000
60.7607,0.000000
60.794067,0.000000
60.827433,0.000000
60.8608,0.000000
60.894167,0.000000
60.927533,0.000000
60.9609,0.000000
60.994267,0.000000
61.027633,0.000000
61.061,0.000049
61.094367,0.000009
61.127733,0.000014
61.1611,0.000005
61.194467,0.000000
61.227833,0.000001
61.2612,0.000000
61.294567,0.000000
61.327933,0.000000
61.3613,0.000000
61.394667,0.000000
61.428033,0.000000
61.4614,0.000000
61.494767,0.000000
61.528133,0.000000
61.5615,0.000000
61.594867,0.000000
61.628233,0.000000
61.6616,0.000000
61.694967,0.000000
61.728333,0.000000
61.7617,0.000000
61.795067,0.000000
61.828433,0.000000
61.8618,0.000000
61.895167,0.000000
61.928533,0.000000
61.9619,0.000000
61.995267,0.000000
62.028633,0.000000
62.062,0.000043
62.095367,0.000003
62.128733,0.000014
62.1621,0.000005
62.195467,0.000000
62.228833,0.000001
62.2622,0.000000
62.295567,0.000000
62.328933,0.039529
62.3623,0.000016
62.395667,0.000008
62.429033,0.000001
62.4624,0.000000
62.495767,0.000000
62.529133,0.000000
62.5625,0.000000
62.595867,0.000000
62.629233,0.000000
62.6626,0.000000
62.695967,0.000000
62.729333,0.000000
62.7627,0.000000
62.796067,0.000000
62.829433,0.000000
62.8628,0.000000
62.896167,0.000000
62.929533,0.000000
62.9629,0.000000
62.996267,0.000000
63.029633,0.000000
63.063,0.000043
63.096367,0.000005
63.129733,0.000014
63.1631,0.000005
63.196467,0.000001
63.229833,0.000001
63.2632,0.000000
63.296567,0.000000
63.329933,0.000000
63.3633,0.000000
63.396667,0.000000
63.430033,0.000000
63.4634,0.000000
63.496767,0.000000
63.530133,0.000000
63.5635,0.000000
63.596867,0.000000
63.630233,0.000000
63.6636,0.000000
63.696967,0.000000
63.730333,0.000000
63.7637,0.000000
63.797067,0.000000
63.830433,0.000000
63.8638,0.000000
63.897167,0.000000
63.930533,0.000000
63.9639,0.000000
63.997267,0.000000
64.030633,0.000000
64.064,0.000041
64.097367,0.000003
64.130733,0.000014
64.1641,0.000005
64.197467,0.000001
64.230833,0.000001
64.2642,0.000000
64.297567,0.000000
64.330933,0.000000
64.3643,0.000000
64.397667,0.048538
64.431033,0.000011
64.4644,0.000004
64.497767,0.000001
64.531133,0.000000
64.5645,0.000000
64.597867,0.000000
64.631233,0.000000
64.6646,0.000000
64.697967,0.000000
64.731333,0.000000
64.7647,0.000000
64.798067,0.000000
64.831433,0.000000
64.8648,0.000000
64.898167,0.000000
64.931533,0.000000
64.9649,0.000000
64.998267,0.000000
65.031633,0.000000
65.065,0.000039
65.098367,0.000004
65.131733,0.000012
65.1651,0.000005
65.198467,0.000001
65.231833,0.000000
65.2652,0.000000
65.298567,0.000000
65.331933,0.000000
65.3653,0.000000
65.398667,0.000000
65.432033,0.000000
65.4654,0.000000
65.498767,0.000000
65.532133,0.000000
65.5655,0.000000
65.598867,0.200210
65.632233,0.000820
65.6656,0.000053
65.698967,0.000164
65.732333,0.000035
65.7657,0.000006
65.799067,0.000001
65.832433,0.000526
65.8658,0.000498
65.899167,0.000405
65.932533,0.000180
65.9659,0.000022
65.999267,0.000018
66.032633,0.000011
66.066,0.001127
66.099367,0.000452
66.132733,0.000142
66.1661,0.000066
66.199467,0.000013
66.232833,0.000005
66.2662,0.054026
66.299567,0.000071
66.332933,0.000012
66.3663,0.000001
66.399667,0.000000
66.433033,0.000000
66.4664,0.000000
66.499767,0.000000
66.533133,0.000000
66.5665,0.000000
66.599867,0.000000
66.633233,0.000000
66.6666,0.000000
66.699967,0.000000
66.733333,0.000000
66.7667,0.000000
66.800067,0.000000
66.833433,0.000000
66.8668,0.000000
66.900167,0.000000
66.933533,0.000000
66.9669,0.000000
67.000267,0.000000
67.033633,0.000000
67.067,0.000432
67.100367,0.000042
67.133733,0.000140
67.1671,0.000066
67.200467,0.000012
67.233833,0.000005
67.2672,0.000001
67.300567,0.000000
67.333933,0.000000
67.3673,0.000000
67.400667,0.000000
67.434033,0.000000
67.4674,0.000000
67.500767,0.000000
67.534133,0.000000
67.5675,0.000000
67.600867,0.000000
67.634233,0.000000
67.6676,0.000000
67.700967,0.000000
67.734333,0.000000
67.7677,0.000000
67.801067,0.000000
67.834433,0.000000
67.8678,0.000000
67.901167,0.000000
67.934533,0.000000
67.9679,0.000000
68.001267,0.000000
68.034633,0.000000
68.068,0.000413
68.101367,0.000024
68.134733,0.000140
68.1681,0.000066
68.201467,0.034166
68.234833,0.000068
68.2682,0.000011
68.301567,0.000002
68.334933,0.000001
68.3683,0.000000
68.401667,0.000000
68.435033,0.000000
68.4684,0.000000
68.501767,0.000000
68.535133,0.000000
68.5685,0.000000
68.601867,0.000000
68.635233,0.000000
68.6686,0.000000
68.701967,0.000000
68.735333,0.000000
68.7687,0.000000
68.802067,0.000000
68.835433,0.000000
68.8688,0.000000
68.902167,0.000000
68.935533,0.000000
68.9689,0.000000
69.002267,0.000000
69.035633,0.000000
69.069,0.000423
69.102367,0.000037
69.135733,0.000137
69.1691,0.000064
69.202467,0.000012
69.235833,0.000005
69.2692,0.000001
69.302567,0.000000
69.335933,0.000000
69.3693,0.000000
69.402667,0.000000
69.436033,0.000000
69.4694,0.000000
69.502767,0.000000
69.536133,0.000000
69.5695,0.000000
69.602867,0.000000
69.636233,0.000000
69.6696,0.000000
69.702967,0.000000
69.736333,0.000000
69.7697,0.000000
69.803067,0.043478
69.836433,0.000076
69.8698,0.000016
69.903167,0.000002
69.936533,0.000001
69.9699,0.000000
70.003267,0.000000
70.036633,0.000000
70.07,0.000434
70.103367,0.000041
70.136733,0.000141
70.1701,0.000066
70.203467,0.000012
70.236833,0.000005
70.2702,0.000001
70.303567,0.000000
70.336933,0.000000
70.3703,0.000000
70.403667,0.000000
70.437033,0.000000
70.4704,0.000000
70.503767,0.000000
70.537133,0.000000
70.5705,0.000000
70.603867,0.000000
70.637233,0.000000
70.6706,0.000000
70.703967,0.000000
70.737333,0.000000
70.7707,0.000000
70.804067,0.000000
70.837433,0.000000
70.8708,0.000000
70.904167,0.000000
70.937533,0.000000
70.9709,0.000000
71.004267,0.000000
71.037633,0.000000
71.071,0.000416
71.104367,0.024644
71.137733,0.000150
71.1711,0.000073
71.204467,0.000013
71.237833,0.000005
71.2712,0.000001
71.304567,0.000000
71.337933,0.000000
71.3713,0.000000
71.404667,0.000000
71.438033,0.000000
71.4714,0.000000
71.504767,0.000000
71.538133,0.000000
71.5715,0.000000
71.604867,0.000000
71.638233,0.000000
71.6716,0.000000
71.704967,0.000000
71.738333,0.000000
71.7717,0.000000
71.805067,0.000000
71.838433,0.000000
71.8718,0.000000
71.905167,0.000000
71.938533,0.000000
71.9719,0.000000
72.005267,0.000000
72.038633,0.000000
72.072,0.000426
72.105367,0.000035
72.138733,0.000141
72.1721,0.000066
72.205467,0.000012
72.238833,0.000005
72.2722,0.000001
72.305567,0.026051
72.338933,0.000067
72.3723,0.000009
72.405667,0.000001
72.439033,0.000001
72.4724,0.000000
72.505767,0.000000
72.539133,0.000000
72.5725,0.000000
72.605867,0.000000
72.639233,0.000000
72.6726,0.000000
72.705967,0.000000
72.739333,0.000000
72.7727,0.000000
72.806067,0.000000
72.839433,0.000000
72.8728,0.000000
72.906167,0.000000
72.939533,0.000000
72.9729,0.000000
73.006267,0.000000
73.039633,0.000000
73.073,0.000423
73.106367,0.000034
73.139733,0.000140
73.1731,0.000066
73.206467,0.000012
73.239833,0.000005
73.2732,0.000001
73.306567,0.000000
73.339933,0.000000
73.3733,0.000001
73.406667,0.000000
73.440033,0.000000
73.4734,0.000001
73.506767,0.000000
73.540133,0.000000
73.5735,0.000001
73.606867,0.000000
73.640233,0.000000
73.6736,0.000001
73.706967,0.000000
73.740333,0.000000
73.7737,0.000001
73.807067,0.000000
73.840433,0.038514
73.8738,0.000075
73.907167,0.000015
73.940533,0.000003
73.9739,0.000000
74.007267,0.000000
74.040633,0.000000
74.074,0.000429
74.107367,0.000033
74.140733,0.000142
74.1741,0.000066
74.207467,0.000013
74.240833,0.000005
74.2742,0.000001
74.307567,0.000000
74.340933,0.000000
74.3743,0.000000
74.407667,0.000000
74.441033,0.000000
74.4744,0.000000
74.507767,0.000000
74.541133,0.000000
74.5745,0.000000
74.607867,0.000000
74.641233,0.000000
74.6746,0.000000
74.707967,0.046363
74.741333,0.000067
74.7747,0.000010
74.808067,0.000001
74.841433,0.000001
74.8748,0.000000
74.908167,0.000000
74.941533,0.000000
74.9749,0.000000
75.008267,0.000000
75.041633,0.000000
75.075,0.000423
75.108367,0.000036
75.141733,0.000138
75.1751,0.000065
75.208467,0.000012
75.241833,0.000005
75.2752,0.000001
75.308567,0.000000
75.341933,0.000000
75.3753,0.000000
75.408667,0.000000
75.442033,0.000000
75.4754,0.000000
75.508767,0.000000
75.542133,0.000000
75.5755,0.000000
75.608867,0.000000
75.642233,0.000000
75.6756,0.000000
75.708967,0.000000
75.742333,0.000000
75.7757,0.000000
75.809067,0.000000
75.842433,0.000000
75.8758,0.000000
75.909167,0.000000
75.942533,0.000000
75.9759,0.000000
76.009267,0.000000
76.042633,0.000000
76.076,0.000410
76.109367,0.000023
76.142733,0.000138
76.1761,0.000065
76.209467,0.000012
76.242833,0.000005
76.2762,0.000001
76.309567,0.000000
76.342933,0.000000
76.3763,0.000000
76.409667,0.000000
76.443033,0.000000
76.4764,0.000000
76.509767,0.000000
76.543133,0.000000
76.5765,0.000000
76.609867,0.000000
76.643233,0.000000
76.6766,0.056614
76.709967,0.004685
76.743333,0.000077
76.7767,0.000018
76.810067,0.000003
76.843433,0.000001
76.8768,0.000000
76.910167,0.000000
76.943533,0.000000
76.9769,0.000000
77.010267,0.000000
77.043633,0.000000
77.077,0.000455
77.110367,0.000079
77.143733,0.000134
77.1771,0.000062
77.210467,0.000012
77.243833,0.000005
77.2772,0.059552
77.310567,0.000065
77.343933,0.000010
77.3773,0.000001
77.410667,0.000000
77.444033,0.000000
77.4774,0.000000
77.510767,0.000000
77.544133,0.000000
77.5775,0.000000
77.610867,0.000000
77.644233,0.000000
77.6776,0.000000
77.710967,0.000000
77.744333,0.000000
77.7777,0.000000
77.811067,0.000000
77.844433,0.000000
77.8778,0.000000
77.911167,0.000000
77.944533,0.000000
77.9779,0.000000
78.011267,0.000000
78.044633,0.000000
78.078,0.000402
78.111367,0.000035
78.144733,0.000130
78.1781,0.000061
78.211467,0.000011
78.244833,0.000005
78.2782,0.000000
78.311567,0.000000
78.344933,0.000000
78.3783,0.000000
78.411667,0.000000
78.445033,0.000000
78.4784,0.000000
78.511767,0.000000
78.545133,0.000000
78.5785,0.000000
78.611867,0.000000
78.645233,0.000000
78.6786,0.000000
78.711967,0.000000
78.745333,0.000000
78.7787,0.000000
78.812067,0.000000
78.845433,0.000000
78.8788,0.000000
78.912167,0.000000
78.945533,0.000000
78.9789,0.000000
79.012267,0.000000
79.045633,0.000000
79.079,0.000387
79.112367,0.000021
79.145733,0.000130
79.1791,0.000061
79.212467,0.000011
79.245833,0.000005
79.2792,0.000000
79.312567,0.000000
79.345933,0.045512
79.3793,0.000073
79.412667,0.000015
79.446033,0.000003
79.4794,0.000000
79.512767,0.000000
79.546133,0.000000
79.5795,0.000000
79.612867,0.000000
79.646233,0.000000
79.6796,0.000000
79.712967,0.000000
79.746333,0.000000
79.7797,0.000000
79.813067,0.000000
79.846433,0.000000
79.8798,0.000000
79.913167,0.000000
79.946533,0.000000
79.9799,0.000000
80.013267,0.000000
80.046633,0.000000
80.08,0.000411
80.113367,0.000039
80.146733,0.000133
80.1801,0.000062
80.213467,0.000011
80.246833,0.000005
80.2802,0.000001
80.313567,0.000000
80.346933,0.000000
80.3803,0.000000
80.413667,0.041350
80.447033,0.000063
80.4804,0.000008
80.513767,0.000002
80.547133,0.000001
80.5805,0.000000
80.613867,0.000000
80.647233,0.000000
80.6806,0.000000
80.713967,0.000000
80.747333,0.000000
80.7807,0.000000
80.814067,0.000000
80.847433,0.000000
80.8808,0.000000
80.914167,0.000000
80.947533,0.000000
80.9809,0.000000
81.014267,0.000000
81.047633,0.000000
81.081,0.000405
81.114367,0.000039
81.147733,0.000131
81.1811,0.000061
81.214467,0.000011
81.247833,0.000004
81.2812,0.000001
81.314567,0.000000
81.347933,0.000000
81.3813,0.000001
81.414667,0.000000
81.448033,0.000000
81.4814,0.000001
81.514767,0.000000
81.548133,0.000000
81.5815,0.000001
81.614867,0.000000
81.648233,0.000000
81.6816,0.000001
81.714967,0.000000
81.748333,0.000000
81.7817,0.000001
81.815067,0.000000
81.848433,0.000000
81.8818,0.000001
81.915167,0.000000
81.948533,0.000000
81.9819,0.000001
82.015267,0.000000
82.048633,0.000000
82.082,0.000387
82.115367,0.029221
82.148733,0.000141
82.1821,0.000069
82.215467,0.000012
82.248833,0.000005
82.2822,0.000001
82.315567,0.000000
82.348933,0.000000
82.3823,0.000000
82.415667,0.000000
82.449033,0.000000
82.4824,0.000000
82.515767,0.000000
82.549133,0.000000
82.5825,0.000000
82.615867,0.000000
82.649233,0.000000
82.6826,0.000000
82.715967,0.000000
82.749333,0.000000
82.7827,0.000000
82.816067,0.000000
82.849433,0.000000
82.8828,0.000000
82.916167,0.000000
82.949533,0.000000
82.9829,0.000000
83.016267,0.000000
83.049633,0.000000
83.083,0.000407
83.116367,0.000038
83.149733,0.000133
83.1831,0.000062
83.216467,0.000011
83.249833,0.000005
83.2832,0.000001
83.316567,0.000000
83.349933,0.000000
83.3833,0.000000
83.416667,0.000000
83.450033,0.000000
83.4834,0.000000
83.516767,0.000000
83.550133,0.000000
83.5835,0.000000
83.616867,0.000000
83.650233,0.000000
83.6836,0.000000
83.716967,0.000000
83.750333,0.000000
83.7837,0.000000
83.817067,0.000000
83.850433,0.000000
83.8838,0.022718
83.917167,0.000067
83.950533,0.000011
83.9839,0.000001
84.017267,0.000000
84.050633,0.000001
84.084,0.000407
84.117367,0.000039
84.150733,0.000131
84.1841,0.000061
84.217467,0.000011
84.250833,0.000005
84.2842,0.000000
84.317567,0.000000
84.350933,0.000000
84.3843,0.000000
84.417667,0.000000
84.451033,0.000000
84.4844,0.000000
84.517767,0.000000
84.551133,0.000000
84.5845,0.000000
84.617867,0.000000
84.651233,0.000000
84.6846,0.000000
84.717967,0.000000
84.751333,0.000000
84.7847,0.000000
84.818067,0.000000
84.851433,0.000000
84.8848,0.000000
84.918167,0.000000
84.951533,0.000000
84.9849,0.000000
85.018267,0.000000
85.051633,0.000000
85.085,0.000389
85.118367,0.000021
85.151733,0.000131
85.1851,0.000061
85.218467,0.000011
85.251833,0.000005
85.2852,0.000000
85.318567,0.000000
85.351933,0.000000
85.3853,0.000000
85.418667,0.000000
85.452033,0.000000
85.4854,0.000000
85.518767,0.000000
85.552133,0.000000
85.5855,0.000000
85.618867,0.000000
85.652233,0.037678
85.6856,0.000067
85.718967,0.000011
85.752333,0.000002
85.7857,0.000000
85.819067,0.000000
85.852433,0.000000
85.8858,0.000000
85.919167,0.000000
85.952533,0.000000
85.9859,0.000000
86.019267,0.000000
86.052633,0.000000
86.086,0.000406
86.119367,0.000037
86.152733,0.000132
86.1861,0.000062
86.219467,0.000011
86.252833,0.000004
86.2862,0.000001
86.319567,0.000000
86.352933,0.000000
86.3863,0.000000
86.419667,0.000000
86.453033,0.000000
86.4864,0.000000
86.519767,0.000000
86.553133,0.000000
86.5865,0.000000
86.619867,0.000000
86.653233,0.000000
86.6866,0.000000
86.719967,0.000000
86.753333,0.000000
86.7867,0.000000
86.820067,0.000000
86.853433,0.000000
86.8868,0.000000
86.920167,0.000000
86.953533,0.000000
86.9869,0.000000
87.020267,0.000000
87.053633,0.021391
87.087,0.000450
87.120367,0.000022
87.153733,0.000134
87.1871,0.000062
87.220467,0.000011
87.253833,0.000005
87.2872,0.000001
87.320567,0.000000
87.353933,0.000000
87.3873,0.000000
87.420667,0.000000
87.454033,0.000000
87.4874,0.000000
87.520767,0.000000
87.554133,0.000000
87.5875,0.000000
87.620867,0.000000
87.654233,0.000000
87.6876,0.000000
87.720967,0.000000
87.754333,0.000000
87.7877,0.000000
87.821067,0.000000
87.854433,0.000000
87.8878,0.000000
87.921167,0.000000
87.954533,0.000000
87.9879,0.000000
88.021267,0.000000
88.054633,0.000000
88.088,0.000393
88.121367,0.000021
88.154733,0.000134
88.1881,0.000062
88.221467,0.000011
88.254833,0.000005
88.2882,0.000001
88.321567,0.027136
88.354933,0.000064
88.3883,0.000009
88.421667,0.000001
88.455033,0.000001
88.4884,0.000000
88.521767,0.000000
88.555133,0.000000
88.5885,0.000000
88.621867,0.000000
88.655233,0.000000
88.6886,0.000000
88.721967,0.000000
88.755333,0.000000
88.7887,0.000000
88.822067,0.000000
88.855433,0.000000
88.8888,0.000000
88.922167,0.000000
88.955533,0.000000
88.9889,0.000000
89.022267,0.000000
89.055633,0.000000
89.089,0.000400
89.122367,0.000030
89.155733,0.000132
89.1891,0.000062
89.222467,0.000011
89.255833,0.000004
89.2892,0.000001
89.322567,0.000000
89.355933,0.000000
89.3893,0.000000
89.422667,0.000000
89.456033,0.000000
89.4894,0.000000
89.522767,0.000000
89.556133,0.000000
89.5895,0.000000
89.622867,0.000000
89.656233,0.000000
89.6896,0.000000
89.722967,0.000000
89.756333,0.000000
89.7897,0.000000
89.823067,0.000000
89.856433,0.000000
89.8898,0.000000
89.923167,0.000000
89.956533,0.000000
89.9899,0.000000
90.023267,0.000000
90.056633,0.024029
90.09,0.000455
90.123367,0.000026
90.156733,0.000135
90.1901,0.000063
90.223467,0.000011
90.256833,0.000005
90.2902,0.000001
90.323567,0.000000
90.356933,0.000000
90.3903,0.000000
90.423667,0.000000
90.457033,0.000000
90.4904,0.000000
90.523767,0.000000
90.557133,0.000000
90.5905,0.000000
90.623867,0.000000
90.657233,0.000000
90.6906,0.000000
90.723967,0.000000
90.757333,0.000000
90.7907,0.000000
90.824067,0.000000
90.857433,0.000000
90.8908,0.000000
90.924167,0.000000
90.957533,0.000000
90.9909,0.000000
91.024267,0.000000
91.057633,0.000000
91.091,0.000394
91.124367,0.030130
91.157733,0.000143
91.1911,0.000070
91.224467,0.000012
91.257833,0.000005
91.2912,0.000001
91.324567,0.000000
91.357933,0.000000
91.3913,0.000000
91.424667,0.000000
91.458033,0.000000
91.4914,0.000000
91.524767,0.000000
91.558133,0.000000
91.5915,0.000000
91.624867,0.000000
91.658233,0.000000
91.6916,0.000000
91.724967,0.000000
91.758333,0.000000
91.7917,0.000000
91.825067,0.000000
91.858433,0.000000
91.8918,0.000000
91.925167,0.000000
91.958533,0.000000
91.9919,0.000000
92.025267,0.000000
92.058633,0.021889
92.092,0.000450
92.125367,0.000026
92.158733,0.000132
92.1921,0.000063
92.225467,0.000010
92.258833,0.000005
92.2922,0.000001
92.325567,0.000000
92.358933,0.000000
92.3923,0.000000
92.425667,0.000000
92.459033,0.000000
92.4924,0.000000
92.525767,0.000000
92.559133,0.000000
92.5925,0.000000
92.625867,0.000000
92.659233,0.000000
92.6926,0.000000
92.725967,0.000000
92.759333,0.000000
92.7927,0.000000
92.826067,0.000000
92.859433,0.000000
92.8928,0.000000
92.926167,0.000000
92.959533,0.000000
92.9929,0.000000
93.026267,0.000000
93.059633,0.000000
93.093,0.000392
93.126367,0.000021
93.159733,1.000000
93.1931,0.000062
93.226467,0.023405
93.259833,0.060412
93.2932,0.065087
93.326567,0.011370
93.359933,0.001372
93.3933,0.000022
93.426667,0.000005
93.460033,0.000002
93.4934,0.000000
93.526767,0.000000
93.560133,0.000000
93.5935,0.000000
93.626867,0.000000
93.660233,0.000000
93.6936,0.000000
93.726967,0.000000
93.760333,0.000000
93.7937,0.000000
93.827067,0.000000
93.860433,0.000000
93.8938,0.000000
93.927167,0.000000
93.960533,0.000000
93.9939,0.000000
94.027267,0.000000
94.060633,0.000000
94.094,0.000061
94.127367,0.000026
94.160733,0.000006
94.1941,0.000003
94.227467,0.000000
94.260833,0.000000
94.2942,0.000000
94.327567,0.000000
94.360933,0.000000
94.3943,0.000000
94.427667,0.000000
94.461033,0.000000
94.4944,0.000000
94.527767,0.000000
94.561133,0.000000
94.5945,0.000000
94.627867,0.000000
94.661233,0.000000
94.6946,0.000000
94.727967,0.000000
94.761333,0.000000
94.7947,0.000000
94.828067,0.000000
94.861433,0.000000
94.8948,0.000000
94.928167,0.000000
94.961533,0.000000
94.9949,0.000000
95.028267,0.000000
95.061633,0.000000
95.095,0.000023
95.128367,0.000001
95.161733,0.000006
95.1951,0.000003
95.228467,0.000000
95.261833,0.000000
95.2952,0.000000
95.328567,1.000000
95.361933,0.000485
95.3953,0.000840
95.428667,0.000202
95.462033,0.000532
95.4954,0.000140
95.528767,0.000080
95.562133,0.000103
95.5955,0.000042
95.628867,0.000233
95.662233,0.000645
95.6956,0.000197
95.728967,0.000491
95.762333,0.000158
95.7957,0.000005
95.829067,0.000027
95.862433,0.000053
95.8958,0.000009
95.929167,0.000007
95.962533,0.000002
95.9959,0.000007
96.029267,0.000026
96.062633,0.000001
96.096,0.001081
96.129367,0.000686
96.162733,0.000301
96.1961,0.000071
96.229467,0.000011
96.262833,0.000005
96.2962,0.000009
96.329567,0.000032
96.362933,0.000029
96.3963,0.000039
96.429667,0.000001
96.463033,0.000018
96.4964,0.000013
96.529767,0.000013
96.563133,0.000011
96.5965,0.000036
96.629867,0.000006
96.663233,0.000017
96.6966,0.000028
96.729967,0.000018
96.763333,0.000055
96.7967,0.000045
96.830067,0.000044
96.863433,0.000025
96.8968,0.000080
96.930167,0.000079
96.963533,0.000171
96.9969,0.000198
97.030267,0.000235
97.063633,0.043810
97.097,0.000499
97.130367,0.000047
97.163733,0.000143
97.1971,0.000066
97.230467,0.000011
97.263833,0.000004
97.2972,0.000001
97.330567,0.000000
97.363933,0.000000
97.3973,0.000000
97.430667,0.000000
97.464033,0.000000
97.4974,0.000000
97.530767,0.000000
97.564133,0.000000
97.5975,0.000000
97.630867,0.000000
97.664233,0.000000
97.6976,0.000000
97.730967,0.000000
97.764333,0.000000
97.7977,0.000000
97.831067,0.000000
97.864433,0.000000
97.8978,0.000000
97.931167,0.000000
97.964533,0.000000
97.9979,0.000000
98.031267,0.000000
98.064633,0.000000
98.098,0.000417
98.131367,0.000024
98.164733,0.000143
98.1981,0.000066
98.231467,0.000011
98.264833,0.000004
98.2982,0.000001
98.331567,0.000000
98.364933,0.000000
98.3983,0.000000
98.431667,0.000000
98.465033,0.000000
98.4984,0.000000
98.531767,0.000000
98.565133,0.000000
98.5985,0.000000
98.631867,0.000000
98.665233,0.000000
98.6986,0.000000
98.731967,0.000000
98.765333,0.000000
98.7987,0.000000
98.832067,0.000000
98.865433,0.000000
98.8988,0.000000
98.932167,0.000000
98.965533,0.000000
98.9989,0.000000
99.032267,0.000000
99.065633,0.000000
99.099,0.000417
99.132367,0.000024
99.165733,0.000143
99.1991,0.000066
99.232467,0.000011
99.265833,0.000004
99.2992,0.000001
99.332567,0.000000
99.365933,0.000000
99.3993,0.000000
99.432667,0.103906
99.466033,0.000106
99.4994,0.000039
99.532767,0.000007
99.566133,0.000001
99.5995,0.000000
99.632867,0.000000
99.666233,0.000000
99.6996,0.000000
99.732967,0.000000
99.766333,0.000000
99.7997,0.000000
99.833067,0.000000
99.866433,0.000000
99.8998,0.000000
99.933167,0.000000
99.966533,0.000000
99.9999,0.000000
100.033267,0.000000
100.066633,0.000000
100.1,0.000468
100.133367,0.000084
100.166733,0.000137
100.2001,0.000062
100.233467,0.000011
100.266833,0.000004
100.3002,0.000001
100.333567,0.000000
100.366933,0.000000
100.4003,0.000000
100.433667,0.000000
100.467033,0.000000
100.5004,0.000000
100.533767,0.000000
100.567133,0.000000
100.6005,0.000000
100.633867,0.000000
100.667233,0.000000
100.7006,0.000000
100.733967,0.000000
100.767333,0.000000
100.8007,0.000000
100.834067,0.000000
100.867433,0.000000
100.9008,0.000000
100.934167,0.000000
100.967533,0.000000
101.0009,0.000000
101.034267,0.000000
101.067633,0.000000
101.101,0.000407
101.134367,0.000022
101.167733,0.000137
101.2011,0.000062
101.234467,0.000011
101.267833,0.000004
101.3012,0.000001
101.334567,0.000000
101.367933,0.000000
101.4013,0.000000
101.434667,0.000000
101.468033,0.000000
101.5014,0.000000
101.534767,0.000000
101.568133,0.000000
101.6015,0.000000
101.634867,0.000000
101.668233,0.000000
101.7016,0.000000
101.734967,0.000000
101.768333,0.000000
101.8017,0.000000
101.835067,0.000000
101.868433,0.000000
101.9018,0.000000
101.935167,0.000000
101.968533,0.000000
102.0019,0.000000
102.035267,0.000000
102.068633,0.000000
102.102,0.000407
102.135367,0.000022
102.168733,0.000137
102.2021,0.000062
102.235467,0.125303
102.268833,0.000118
102.3022,0.000051
102.335567,0.000009
102.368933,0.000001
102.4023,0.000001
102.435667,0.000000
102.469033,0.000000
102.5024,0.000000
102.535767,0.000000
102.569133,0.000000
102.6025,0.000000
102.635867,0.000000
102.669233,0.000000
102.7026,0.000000
102.735967,0.000000
102.769333,0.000000
102.8027,0.000000
102.836067,0.000000
102.869433,0.000000
102.9028,0.000000
102.936167,0.000000
102.969533,0.000000
103.0029,0.000000
103.036267,0.000000
103.069633,0.000000
103.103,0.000505
103.136367,0.000124
103.169733,0.000137
103.2031,0.000064
103.236467,0.000010
103.269833,0.000004
103.3032,0.000001
103.336567,0.000000
103.369933,0.000000
103.4033,0.000000
103.436667,0.000000
103.470033,0.000000
103.5034,0.000000
103.536767,0.000000
103.570133,0.000000
103.6035,0.000000
103.636867,0.000000
103.670233,0.000000
103.7036,0.000000
103.736967,0.000000
103.770333,0.000000
103.8037,0.000000
103.837067,0.000000
103.870433,0.000000
103.9038,0.000000
103.937167,0.083566
103.970533,0.000092
104.0039,0.000030
104.037267,0.000005
104.070633,0.000001
104.104,0.000444
104.137367,0.000071
104.170733,0.000134
104.2041,0.000062
104.237467,0.000011
104.270833,0.000004
104.3042,0.000001
104.337567,0.000000
104.370933,0.000000
104.4043,0.000000
104.437667,0.000000
104.471033,0.000000
104.5044,0.000000
104.537767,0.000000
104.571133,0.000000
104.6045,0.000000
104.637867,0.000000
104.671233,0.000000
104.7046,0.000000
104.737967,0.000000
104.771333,0.000000
104.8047,0.000000
104.838067,0.000000
104.871433,0.000000
104.9048,0.000000
104.938167,0.000000
104.971533,0.000000
105.0049,0.000000
105.038267,0.000000
105.071633,0.000000
105.105,0.000394
105.138367,0.000021
105.171733,0.000134
105.2051,0.000062
105.238467,0.000011
105.271833,0.000004
105.3052,0.000001
105.338567,0.000000
105.371933,0.000000
105.4053,0.000000
105.438667,0.000000
105.472033,0.000000
105.5054,0.000000
105.538767,0.000000
105.572133,0.000000
105.6055,0.000000
105.638867,0.000000
105.672233,0.000000
105.7056,0.041588
105.738967,0.000068
105.772333,0.000011
105.8057,0.000002
105.839067,0.000001
105.872433,0.000000
105.9058,0.000000
105.939167,0.000000
105.972533,0.000000
106.0059,0.000000
106.039267,0.000000
106.072633,0.000000
106.106,0.000413
106.139367,0.000042
106.172733,0.000133
106.2061,0.000062
106.239467,0.000010
106.272833,0.000005
106.3062,0.000001
106.339567,0.000000
106.372933,0.000000
106.4063,0.000000
106.439667,0.000000
106.473033,0.000000
106.5064,0.000000
106.539767,0.000000
106.573133,0.000000
106.6065,0.000000
106.639867,0.000000
106.673233,0.000000
106.7066,0.000000
106.739967,0.000000
106.773333,0.000000
106.8067,0.000000
106.840067,0.000000
106.873433,0.000000
106.9068,0.000000
106.940167,0.000000
106.973533,0.000000
107.0069,0.000000
107.040267,0.000000
107.073633,0.000000
107.107,0.000393
107.140367,0.000022
107.173733,0.000133
107.2071,0.377946
107.240467,0.000038
107.273833,0.000006
107.3072,0.000156
107.340567,0.000014
107.373933,0.000071
107.4073,0.000040
107.440667,0.000027
107.474033,0.000012
107.5074,0.000118
107.540767,0.000008
107.574133,0.000036
107.6075,0.000038
107.640867,0.000027
107.674233,0.000018
107.7076,0.000008
107.740967,0.000021
107.774333,0.000010
107.8077,0.000015
107.841067,0.000026
107.874433,0.000000
107.9078,0.000049
107.941167,0.000017
107.974533,0.000002
108.0079,0.000028
108.041267,0.000009
108.074633,0.000018
108.108,0.000089
108.141367,0.000055
108.174733,0.000284
108.2081,0.000118
108.241467,0.000092
108.274833,0.000439
108.3082,0.000293
108.341567,0.000047
108.374933,0.000015
108.4083,0.000039
108.441667,0.000063
108.475033,0.000145
108.5084,0.000079
108.541767,0.000005
108.575133,0.000059
108.6085,0.000112
108.641867,0.000019
108.675233,0.000022
108.7086,0.000036
108.741967,0.000027
108.775333,0.000008
108.8087,0.000009
108.842067,0.000019
108.875433,0.000015
108.9088,0.000005
108.942167,0.000037
108.975533,0.000041
109.0089,0.000008
109.042267,0.000047
109.075633,0.000004
109.109,0.000122
109.142367,0.000023
109.175733,0.000032
109.2091,0.000094
109.242467,0.000144
109.275833,0.000003
109.3092,0.000153
109.342567,0.000051
109.375933,0.000050
109.4093,0.000186
109.442667,0.000144
109.476033,0.000017
109.5094,0.000287
109.542767,0.000181
109.576133,0.000150
109.6095,0.000016
109.642867,0.000004
109.676233,0.000000
109.7096,0.000000
109.742967,0.000000
109.776333,0.000000
109.8097,0.000000
109.843067,0.000000
109.876433,0.000000
109.9098,0.000000
109.943167,0.000000
109.976533,0.000000
110.0099,0.000000
110.043267,0.000000
110.076633,0.000000
110.11,0.000076
110.143367,0.000010
110.176733,0.000023
110.2101,0.000009
110.243467,0.076176
110.276833,0.000019
110.3102,0.000008
110.343567,0.000001
110.376933,0.000000
110.4103,0.000000
110.443667,0.000000
110.477033,0.000000
110.5104,0.000000
110.543767,0.000000
110.577133,0.000000
110.6105,0.000000
110.643867,0.000000
110.677233,0.000000
110.7106,0.000000
110.743967,0.000000
110.777333,0.000000
110.8107,0.000000
110.844067,0.000000
110.877433,0.000000
110.9108,0.000000
110.944167,0.000000
110.977533,0.000000
111.0109,0.000000
111.044267,0.000000
111.077633,0.000000
111.111,0.000066
111.144367,0.000007
111.177733,0.000020
111.2111,0.000008
111.244467,0.000001
111.277833,0.000001
111.3112,0.000000
111.344567,0.000000
111.377933,0.000000
111.4113,0.000000
111.444667,0.000000
111.478033,0.000000
111.5114,0.000000
111.544767,0.000000
111.578133,0.000000
111.6115,0.000000
111.644867,0.000000
111.678233,0.000000
111.7116,0.019134
111.744967,0.000015
111.778333,0.000006
111.8117,0.000001
111.845067,0.000000
111.878433,0.000000
111.9118,0.000000
111.945167,0.000000
111.978533,0.000000
112.0119,0.000000
112.045267,0.000000
112.078633,0.000000
112.112,0.000061
112.145367,0.000006
112.178733,0.000018
112.2121,0.000008
112.245467,0.000001
112.278833,0.000001
112.3122,0.000000
112.345567,0.000000
112.378933,0.000000
112.4123,0.000000
112.445667,0.000000
112.479033,0.000000
112.5124,0.000000
112.545767,0.000000
112.579133,0.000000
112.6125,0.000000
112.645867,0.000000
112.679233,0.000000
112.7126,0.000000
112.745967,0.000000
112.779333,0.000000
112.8127,0.000000
112.846067,0.000000
112.879433,0.000000
112.9128,0.000000
112.946167,0.000000
112.979533,0.000000
113.0129,0.000000
113.046267,0.000000
113.079633,0.000000
113.113,0.000058
113.146367,0.000002
113.179733,0.000018
113.2131,0.000008
113.246467,0.000001
113.279833,0.000001
113.3132,0.000000
113.346567,0.019984
113.379933,0.000016
113.4133,0.000006
113.446667,0.000001
113.480033,0.000000
113.5134,0.000000
113.546767,0.000000
113.580133,0.000000
113.6135,0.000000
113.646867,0.000000
113.680233,0.000000
113.7136,0.000000
113.746967,0.000000
113.780333,0.000000
113.8137,0.000000
113.847067,0.000000
113.880433,0.000000
113.9138,0.000000
113.947167,0.000000
113.980533,0.000000
114.0139,0.000000
114.047267,0.000000
114.080633,0.000000
114.114,0.000061
114.147367,0.000004
114.180733,0.000019
114.2141,0.000008
114.247467,0.000001
114.280833,0.000001
114.3142,0.000000
114.347567,0.000000
114.380933,0.000000
114.4143,0.000000
114.447667,0.000000
114.481033,0.000000
114.5144,0.000000
114.547767,0.000000
114.581133,0.000000
114.6145,0.000000
114.647867,0.000000
114.681233,0.000000
114.7146,0.000000
114.747967,0.000000
114.781333,0.000000
114.8147,0.000000
114.848067,0.000000
114.881433,0.039202
114.9148,0.000232
114.948167,0.000015
114.981533,0.000046
115.0149,0.000003
115.048267,0.000013
115.081633,0.000012
115.115,0.000047
115.148367,0.000003
115.181733,0.000031
115.2151,0.000022
115.248467,0.000005
115.281833,0.000009
115.3152,0.000002
115.348567,0.000008
115.381933,0.000013
115.4153,0.000001
115.448667,0.000011
115.482033,0.000037
115.5154,0.000022
115.548767,0.000002
115.582133,0.000005
115.6155,0.000019
115.648867,0.000009
115.682233,0.000018
115.7156,0.000040
115.748967,0.000021
115.782333,0.000018
115.8157,0.000008
115.849067,0.000019
115.882433,0.000005
115.9158,0.000018
115.949167,0.000006
115.982533,0.000002
116.0159,0.000009
116.049267,0.000012
116.082633,0.000004
116.116,0.000083
116.149367,0.000019
116.182733,0.000087
116.2161,0.000011
116.249467,0.000003
116.282833,0.000011
116.3162,0.000005
116.349567,0.000015
116.382933,0.000002
116.4163,0.000007
116.449667,0.000015
116.483033,0.000018
116.5164,0.000008
116.549767,0.000000
116.583133,0.000000
116.6165,0.000000
116.649867,0.000000
116.683233,0.000000
116.7166,0.000000
116.749967,0.000000
116.783333,0.000000
116.8167,0.000000
116.850067,0.000000
116.883433,0.000000
116.9168,0.000000
116.950167,0.041248
116.983533,0.000021
117.0169,0.000008
117.050267,0.000001
117.083633,0.000000
117.117,0.000088
117.150367,0.000009
117.183733,0.000026
117.2171,0.000011
117.250467,0.000002
117.283833,0.000001
117.3172,0.000000
117.350567,0.000000
117.383933,0.000000
117.4173,0.000000
117.450667,0.000000
117.484033,0.000000
117.5174,0.000000
117.550767,0.000000
117.584133,0.000000
117.6175,0.000000
117.650867,0.000000
117.684233,0.000000
117.7176,0.000000
117.750967,0.000000
117.784333,0.000000
117.8177,0.000000
117.851067,0.000000
117.884433,0.000000
117.9178,0.000000
117.951167,0.000000
117.984533,0.000000
118.0179,0.000000
118.051267,0.000000
118.084633,0.000000
118.118,0.000082
118.151367,0.000004
118.184733,0.000026
118.2181,0.000011
118.251467,0.000002
118.284833,0.000001
118.3182,0.000000
118.351567,0.000000
118.384933,0.000000
118.4183,0.000000
118.451667,0.000000
118.485033,0.000000
118.5184,0.000000
118.551767,0.000000
118.585133,0.000000
118.6185,0.000000
118.651867,0.000000
118.685233,0.035218
118.7186,0.000021
118.751967,0.000008
118.785333,0.000001
118.8187,0.000000
118.852067,0.000000
118.885433,0.000000
118.9188,0.000000
118.952167,0.000000
118.985533,0.000000
119.0189,0.000000
119.052267,0.000000
119.085633,0.000000
119.119,0.000083
119.152367,0.000005
119.185733,0.000026
119.2191,0.000011
119.252467,0.000002
119.285833,0.000001
119.3192,0.000000
119.352567,0.000000
119.385933,0.000000
119.4193,0.000000
119.452667,0.000000
119.486033,0.000000
119.5194,0.000000
119.552767,0.000000
119.586133,0.000000
119.6195,0.000000
119.652867,0.000000
119.686233,0.000000
119.7196,0.062882
119.752967,0.000026
119.786333,0.000011
119.8197,0.000001
119.853067,0.000000
119.886433,0.000000
119.9198,0.000000
119.953167,0.000000
119.986533,0.000000
120.0199,0.000000
120.053267,0.000000
120.086633,0.000000
120.12,0.000089
120.153367,0.000007
120.186733,0.000028
120.2201,0.000012
120.253467,0.000002
120.286833,0.000001
120.3202,0.000000
120.353567,0.000000
120.386933,0.000000
120.4203,0.000000
120.453667,0.000000
120.487033,0.000000
120.5204,0.000000
120.553767,0.000000
120.587133,0.000000
120.6205,0.000000
120.653867,0.000000
120.687233,0.000000
120.7206,0.000000
120.753967,0.000000
120.787333,0.000000
120.8207,0.000000
120.854067,0.000000
120.887433,0.000000
120.9208,0.000000
120.954167,0.000000
120.987533,0.000000
121.0209,0.000000
121.054267,0.000000
121.087633,0.000000
121.121,0.000086
121.154367,0.000004
121.187733,0.000028
121.2211,0.000012
121.254467,0.000002
121.287833,0.000001
121.3212,0.000000
121.354567,0.000000
121.387933,0.000000
121.4213,0.000000
121.454667,0.000000
121.488033,0.000000
121.5214,0.000000
121.554767,0.000000
121.588133,0.000000
121.6215,0.000000
121.654867,0.000000
121.688233,0.000000
121.7216,0.000000
121.754967,0.000000
121.788333,0.000000
121.8217,0.000000
121.855067,0.403578
121.888433,0.000111
121.9218,0.000187
121.955167,0.000466
121.988533,0.000473
122.0219,0.000397
122.055267,0.000172
122.088633,0.000084
122.122,0.001227
122.155367,0.000044
122.188733,0.000007
122.2221,0.000199
122.255467,0.000041
122.288833,0.000020
122.3222,0.000004
122.355567,0.000002
122.388933,0.000003
122.4223,0.000003
122.455667,0.000001
122.489033,0.000001
122.5224,0.000000
122.555767,0.000003
122.589133,0.000002
122.6225,0.000000
122.655867,0.000002
122.689233,0.000001
122.7226,0.000002
122.755967,0.000001
122.789333,0.000001
122.8227,0.000001
122.856067,0.000001
122.889433,0.000001
122.9228,0.000001
122.956167,0.000000
122.989533,0.000001
123.0229,0.000000
123.056267,0.000002
123.089633,0.000000
123.123,0.000212
123.156367,0.000022
123.189733,0.000042
123.2231,0.000020
123.256467,0.000004
123.289833,0.000002
123.3232,0.000003
123.356567,0.000003
123.389933,0.000001
123.4233,0.000001
123.456667,0.088033
123.490033,0.000050
123.5234,0.000017
123.556767,0.000002
123.590133,0.000002
123.6235,0.000000
123.656867,0.000002
123.690233,0.000001
123.7236,0.000000
123.756967,0.000001
123.790333,0.000001
123.8237,0.000000
123.857067,0.000000
123.890433,0.000000
123.9238,0.000001
123.957167,0.000001
123.990533,0.000001
124.0239,0.000000
124.057267,0.000001
124.090633,0.000000
124.124,0.000375
124.157367,0.000188
124.190733,0.000041
124.2241,0.000020
124.257467,0.000004
124.290833,0.000002
124.3242,0.000003
124.357567,0.000003
124.390933,0.000001
124.4243,0.000001
124.457667,0.000000
124.491033,0.000002
124.5244,0.000002
124.557767,0.000001
124.591133,0.000002
124.6245,0.000001
124.657867,0.000002
124.691233,0.000000
124.7246,0.000000
124.757967,0.000002
124.791333,0.000001
124.8247,0.000001
124.858067,0.000000
124.891433,0.000001
124.9248,0.000001
124.958167,0.000001
124.991533,0.000002
125.0249,0.000000
125.058267,0.000001
125.091633,0.000000
125.125,0.000193
125.158367,0.000005
125.191733,0.000041
125.2251,0.000020
125.258467,0.000004
125.291833,0.000002
125.3252,0.000003
125.358567,0.000003
125.391933,0.000001
125.4253,0.000001
125.458667,0.000000
125.492033,0.000002
125.5254,0.000002
125.558767,0.000001
125.592133,0.000002
125.6255,0.000001
125.658867,0.000002
125.692233,0.000000
125.7256,0.000000
125.758967,0.000002
125.792333,0.000001
125.8257,0.000001
125.859067,0.000000
125.892433,0.000001
125.9258,0.000001
125.959167,0.000001
125.992533,0.000002
126.0259,0.000000
126.059267,0.000001
126.092633,0.000000
126.126,0.000193
126.159367,0.000005
126.192733,0.000041
126.2261,0.000020
126.259467,0.000004
126.292833,0.000002
126.3262,0.000003
126.359567,0.000003
126.392933,0.000001
126.4263,0.000001
126.459667,0.000000
126.493033,0.089604
126.5264,0.000076
126.559767,0.000024
126.593133,0.000009
126.6265,0.000000
126.659867,0.000001
126.693233,0.000001
126.7266,0.000000
126.759967,0.000002
126.793333,0.000001
126.8267,0.000001
126.860067,0.000000
126.893433,0.000001
126.9268,0.000000
126.960167,0.000000
126.993533,0.000001
127.0269,0.000000
127.060267,0.000001
127.093633,0.000000
127.127,0.000514
127.160367,0.000210
127.193733,0.000042
127.2271,0.000020
127.260467,0.000004
127.293833,0.000002
127.3272,0.000003
127.360567,0.000004
127.393933,0.000001
127.4273,0.000001
127.460667,0.000000
127.494033,0.000002
127.5274,0.000002
127.560767,0.000001
127.594133,0.000003
127.6275,0.000000
127.660867,0.000002
127.694233,0.000000
127.7276,0.000000
127.760967,0.000002
127.794333,0.000001
127.8277,0.000001
127.861067,0.000000
127.894433,0.000001
127.9278,0.000001
127.961167,0.000001
127.994533,0.000001
128.0279,0.084056
128.061267,0.000053
128.094633,0.000018
128.128,0.000393
128.161367,0.000205
128.194733,0.000042
128.2281,0.000020
128.261467,0.000004
128.294833,0.000002
128.3282,0.000003
128.361567,0.000003
128.394933,0.000001
128.4283,0.000001
128.461667,0.000000
128.495033,0.000002
128.5284,0.000002
128.561767,0.000001
128.595133,0.000002
128.6285,0.000000
128.661867,0.000002
128.695233,0.000000
128.7286,0.000000
128.761967,0.000001
128.795333,0.000001
128.8287,0.000001
128.862067,0.000000
128.895433,0.000001
128.9288,0.000001
128.962167,0.000001
128.995533,0.000002
129.0289,0.000000
129.062267,0.000001
129.095633,0.000000
129.129,0.000198
129.162367,0.000005
129.195733,0.000042
129.2291,0.000020
129.262467,0.000004
129.295833,0.000002
129.3292,0.000003
129.362567,0.000003
129.395933,0.000001
129.4293,0.000001
129.462667,0.000000
129.496033,0.000002
129.5294,0.000002
129.562767,0.000001
129.596133,0.000002
129.6295,0.000000
129.662867,0.000002
129.696233,0.000000
129.7296,0.000000
129.762967,0.000001
129.796333,0.000001
129.8297,0.000001
129.863067,0.000000
129.896433,0.000001
129.9298,0.000001
129.963167,0.000001
129.996533,0.000002
130.0299,0.000000
130.063267,0.000001
130.096633,0.000000
130.13,0.000198
130.163367,0.000005
130.196733,0.000042
130.2301,0.000020
130.263467,0.000004
130.296833,0.000002
130.3302,0.000003
130.363567,0.000003
130.396933,0.000001
130.4303,0.000001
130.463667,0.000000
130.497033,0.000002
130.5304,0.000002
130.563767,0.000001
130.597133,0.000002
130.6305,0.000000
130.663867,0.000002
130.697233,0.000000
130.7306,0.000000
130.763967,0.000001
130.797333,0.000001
130.8307,0.000001
130.864067,0.000000
130.897433,0.000001
130.9308,0.000001
130.964167,0.000001
130.997533,0.000002
131.0309,0.000000
131.064267,0.000001
131.097633,0.083363
131.131,0.000536
131.164367,0.000217
131.197733,0.000044
131.2311,0.000020
131.264467,0.000004
131.297833,0.000002
131.3312,0.000003
131.364567,0.000003
131.397933,0.000001
131.4313,0.000001
131.464667,0.000000
131.498033,0.000002
131.5314,0.000002
131.564767,0.000001
131.598133,0.000003
131.6315,0.000000
131.664867,0.000002
131.698233,0.000000
131.7316,0.000000
131.764967,0.000002
131.798333,0.000001
131.8317,0.000001
131.865067,0.000000
131.898433,0.000001
131.9318,0.000001
131.965167,0.000001
131.998533,0.000001
132.0319,0.000000
132.065267,0.000001
132.098633,0.000000
132.132,0.000209
132.165367,0.000005
132.198733,0.000044
132.2321,0.000020
132.265467,0.000004
132.298833,0.000002
132.3322,0.000003
132.365567,0.000003
132.398933,0.000001
132.4323,0.000001
132.465667,0.000000
132.499033,0.000002
132.5324,0.000002
132.565767,0.000001
132.599133,0.000003
132.6325,0.069055
132.665867,0.000057
132.699233,0.000019
132.7326,0.000003
132.765967,0.000002
132.799333,0.000000
132.8327,0.000002
132.866067,0.000000
132.899433,0.000001
132.9328,0.000001
132.966167,0.000001
132.999533,0.000001
133.0329,0.000000
133.066267,0.000001
133.099633,0.000000
133.133,0.000389
133.166367,0.000190
133.199733,0.000044
133.2331,0.000021
133.266467,0.000004
133.299833,0.000002
133.3332,0.000004
133.366567,0.000004
133.399933,0.000001
133.4333,0.000001
133.466667,0.000000
133.500033,0.000002
133.5334,0.000002
133.566767,0.000001
133.600133,0.000002
133.6335,0.000000
133.666867,0.000002
133.700233,0.000000
133.7336,0.000000
133.766967,0.000002
133.800333,0.000001
133.8337,0.000001
133.867067,0.000000
133.900433,0.000001
133.9338,0.000001
133.967167,0.000001
134.000533,0.000002
134.0339,0.000000
134.067267,0.000002
134.100633,0.000000
134.134,0.000204
134.167367,0.000004
134.200733,0.000044
134.2341,0.000021
134.267467,0.000004
134.300833,0.000002
134.3342,0.000004
134.367567,0.000004
134.400933,0.000001
134.4343,0.000001
134.467667,0.000000
134.501033,0.000002
134.5344,0.000002
134.567767,0.000001
134.601133,0.000002
134.6345,0.000000
134.667867,0.000002
134.701233,0.000000
134.7346,0.000000
134.767967,0.000002
134.801333,0.000001
134.8347,0.000001
134.868067,0.000000
134.901433,0.000001
134.9348,0.000001
134.968167,0.000001
135.001533,0.000002
135.0349,0.000000
135.068267,0.000002
135.101633,0.000000
135.135,0.000204
135.168367,0.000004
135.201733,0.000044
135.2351,0.185392
135.268467,0.000054
135.301833,0.000017
135.3352,0.000000
135.368567,0.000004
135.401933,0.000000
135.4353,0.000001
135.468667,0.000000
135.502033,0.000001
135.5354,0.000001
135.568767,0.000001
135.602133,0.000002
135.6355,0.000001
135.668867,0.000001
135.702233,0.000000
135.7356,0.000000
135.768967,0.000002
135.802333,0.000001
135.8357,0.000001
135.869067,0.000000
135.902433,0.000001
135.9358,0.000001
135.969167,0.000001
136.002533,0.000001
136.0359,0.000000
136.069267,0.000001
136.102633,0.000000
136.136,0.000388
136.169367,0.000083
136.202733,0.000100
136.2361,0.000050
136.269467,0.000011
136.302833,0.000003
136.3362,0.000001
136.369567,0.000000
136.402933,0.000000
136.4363,0.000000
136.469667,0.000000
136.503033,0.000000
136.5364,0.000000
136.569767,0.000000
136.603133,0.000000
136.6365,0.000000
136.669867,0.000000
136.703233,0.000000
136.7366,0.000000
136.769967,0.000000
136.803333,0.000000
136.8367,0.000000
136.870067,0.000000
136.903433,0.000000
136.9368,0.000000
136.970167,0.000000
137.003533,0.000000
137.0369,0.000000
137.070267,0.000000
137.103633,0.000000
137.137,0.000299
137.170367,0.000018
137.203733,0.000100
137.2371,0.000050
137.270467,0.000011
137.303833,0.000003
137.3372,0.000001
137.370567,0.000000
137.403933,0.000000
137.4373,0.000000
137.470667,0.000000
137.504033,0.000000
137.5374,0.000000
137.570767,0.000000
137.604133,0.000000
137.6375,0.000000
137.670867,0.000000
137.704233,0.000000
137.7376,0.000000
137.770967,0.000000
137.804333,0.046084
137.8377,0.000064
137.871067,0.000023
137.904433,0.000004
137.9378,0.000001
137.971167,0.000000
138.004533,0.000000
138.0379,0.000000
138.071267,0.000000
138.104633,0.000000
138.138,0.000362
138.171367,0.000083
138.204733,0.000102
138.2381,0.000051
138.271467,0.000011
138.304833,0.000003
138.3382,0.000001
138.371567,0.000000
138.404933,0.000000
138.4383,0.000000
138.471667,0.000000
138.505033,0.000000
138.5384,0.000000
138.571767,0.000000
138.605133,0.000000
138.6385,0.000000
138.671867,0.000000
138.705233,0.000000
138.7386,0.000000
138.771967,0.000000
138.805333,0.000000
138.8387,0.000000
138.872067,0.000000
138.905433,0.000000
138.9388,0.000000
138.972167,0.000000
139.005533,0.000000
139.0389,0.000000
139.072267,0.000000
139.105633,0.000000
139.139,0.000298
139.172367,0.000019
139.205733,0.000102
139.2391,0.000051
139.272467,0.000011
139.305833,0.000003
139.3392,0.000001
139.372567,0.000000
139.405933,0.000000
139.4393,0.000000
139.472667,0.000000
139.506033,0.000000
139.5394,0.000000
139.572767,0.000000
139.606133,0.000000
139.6395,0.000000
139.672867,0.000000
139.706233,0.000000
139.7396,0.000000
139.772967,0.000000
139.806333,0.000000
139.8397,0.000000
139.873067,0.000000
139.906433,0.000000
139.9398,0.000000
139.973167,0.000000
140.006533,0.000000
140.0399,0.000000
140.073267,0.000000
140.106633,0.000000
140.14,0.000298
140.173367,0.000019
140.206733,0.000102
140.2401,0.000051
140.273467,0.000011
140.306833,0.000003
140.3402,0.000001
140.373567,0.000000
140.406933,0.000000
140.4403,0.000000
140.473667,0.000000
140.507033,0.000000
140.5404,0.000000
140.573767,0.000000
140.607133,0.000000
140.6405,0.000000
140.673867,0.000000
140.707233,0.000000
140.7406,0.000000
140.773967,0.000000
140.807333,0.000000
140.8407,0.000000
140.874067,0.000000
140.907433,0.000000
140.9408,0.000000
140.974167,0.000000
141.007533,0.342830
141.0409,0.000083
141.074267,0.000025
141.107633,0.000011
141.141,0.000081
141.174367,0.000023
141.207733,0.000020
141.2411,0.000007
141.274467,0.000001
141.307833,0.000001
141.3412,0.000000
141.374567,0.000000
141.407933,0.000000
141.4413,0.000000
141.474667,0.000000
141.508033,0.000000
141.5414,0.000000
141.574767,0.000000
141.608133,0.000000
141.6415,0.000000
141.674867,0.000000
141.708233,0.000000
141.7416,0.000000
141.774967,0.000000
141.808333,0.000000
141.8417,0.000000
141.875067,0.000000
141.908433,0.000000
141.9418,0.000000
141.975167,0.000000
142.008533,0.000000
142.0419,0.000000
142.075267,0.000000
142.108633,0.000000
142.142,0.000063
142.175367,0.000002
142.208733,0.000020
142.2421,0.000007
142.275467,0.000001
142.308833,0.000001
142.3422,0.000000
142.375567,0.000000
142.408933,0.000000
142.4423,0.000000
142.475667,0.031431
142.509033,0.000125
142.5424,0.000008
142.575767,0.000001
142.609133,0.000008
142.6425,0.000009
142.675867,0.000011
142.709233,0.000014
142.7426,0.000005
142.775967,0.000001
142.809333,0.000003
142.8427,0.000002
142.876067,0.000004
142.909433,0.000032
142.9428,0.000030
142.976167,0.000004
143.009533,0.000031
143.0429,0.000027
143.076267,0.000016
143.109633,0.000017
143.143,0.000064
143.176367,0.000051
143.209733,0.000020
143.2431,0.000019
143.276467,0.000005
143.309833,0.000002
143.3432,0.000001
143.376567,0.000007
143.409933,0.000009
143.4433,0.000007
143.476667,0.000000
143.510033,0.000001
143.5434,0.000003
143.576767,0.000003
143.610133,0.000005
143.6435,0.000002
143.676867,0.000021
143.710233,0.000022
143.7436,0.000002
143.776967,0.000000
143.810333,0.000001
143.8437,0.000001
143.877067,0.000001
143.910433,0.000003
143.9438,0.000008
143.977167,0.000002
144.010533,0.000006
144.0439,0.033115
144.077267,0.000287
144.110633,0.000010
144.144,0.000073
144.177367,0.000001
144.210733,0.000011
144.2441,0.000070
144.277467,0.000028
144.310833,0.000020
144.3442,0.000004
144.377567,0.000009
144.410933,0.000004
144.4443,0.000001
144.477667,0.000005
144.511033,0.000040
144.5444,0.000017
144.577767,0.000024
144.611133,0.000067
144.6445,0.000007
144.677867,0.000006
144.711233,0.000015
144.7446,0.000043
144.777967,0.000013
144.811333,0.000069
144.8447,0.000019
144.878067,0.000016
144.911433,0.000007
144.9448,0.000022
144.978167,0.000001
145.011533,0.000016
145.0449,0.000005
145.078267,0.000004
145.111633,0.000010
145.145,0.000053
145.178367,0.000008
145.211733,0.000048
145.2451,0.000001
145.278467,0.000015
145.311833,0.000032
145.3452,0.000035
145.378567,0.000010
145.411933,0.000004
145.4453,0.000009
145.478667,0.000001
145.512033,0.000001
145.5454,0.000002
145.578767,0.000002
145.612133,0.000019
145.6455,0.000008
145.678867,0.056094
145.712233,0.000021
145.7456,0.000010
145.778967,0.000001
145.812333,0.000000
145.8457,0.000000
145.879067,0.000000
145.912433,0.000000
145.9458,0.000000
145.979167,0.000000
146.012533,0.000000
146.0459,0.000000
146.079267,0.000000
146.112633,0.000000
146.146,0.000068
146.179367,0.000008
146.212733,0.000017
146.2461,0.000006
146.279467,0.000001
146.312833,0.000001
146.3462,0.000000
146.379567,0.000000
146.412933,0.000000
146.4463,0.000000
146.479667,0.000000
146.513033,0.000000
146.5464,0.000000
146.579767,0.000000
146.613133,0.000000
146.6465,0.000000
146.679867,0.000000
146.713233,0.000000
146.7466,0.000000
146.779967,0.000000
146.813333,0.000000
146.8467,0.000000
146.880067,0.000000
146.913433,0.000000
146.9468,0.000000
146.980167,0.000000
147.013533,0.000000
147.0469,0.000000
147.080267,0.000000
147.113633,0.000000
147.147,0.000062
147.180367,0.000002
147.213733,0.000017
147.2471,0.000006
147.280467,0.000001
147.313833,0.000001
147.3472,0.000000
147.380567,0.000000
147.413933,0.000000
147.4473,0.000000
147.480667,0.000000
147.514033,0.000000
147.5474,0.000000
147.580767,0.000000
147.614133,0.000000
147.6475,0.000000
147.680867,0.000000
147.714233,0.055839
147.7476,0.000019
147.780967,0.000008
147.814333,0.000001
147.8477,0.000000
147.881067,0.000000
147.914433,0.000000
147.9478,0.000000
147.981167,0.000000
148.014533,0.000000
148.0479,0.000000
148.081267,0.000000
148.114633,0.000000
148.148,0.000063
148.181367,0.000004
148.214733,0.000018
148.2481,0.000006
148.281467,0.000001
148.314833,0.000001
148.3482,0.000000
148.381567,0.000000
148.414933,0.000000
148.4483,0.000000
148.481667,0.000000
148.515033,0.000000
148.5484,0.000000
148.581767,0.000000
148.615133,0.000000
148.6485,0.000000
148.681867,0.000000
148.715233,0.000000
148.7486,0.000000
148.781967,0.000000
148.815333,0.000000
148.8487,0.000000
148.882067,0.000000
148.915433,0.000000
148.9488,0.000000
148.982167,0.000000
149.015533,0.000000
149.0489,0.000000
149.082267,0.000000
149.115633,0.000000
149.149,0.033244
149.182367,0.000061
149.215733,0.000015
149.2491,0.000005
149.282467,0.000001
149.315833,0.000001
149.3492,0.000000
149.382567,0.000000
149.415933,0.000000
149.4493,0.000000
149.482667,0.000000
149.516033,0.000000
149.5494,0.000000
149.582767,0.000000
149.616133,0.000000
149.6495,0.000000
149.682867,0.000000
149.716233,0.000000
149.7496,0.000000
149.782967,0.000000
149.816333,0.000000
149.8497,0.000000
149.883067,0.077502
149.916433,0.000016
149.9498,0.000007
149.983167,0.000001
150.016533,0.000000
150.0499,0.000000
150.083267,0.000000
150.116633,0.000000
150.15,0.000063
150.183367,0.000006
150.216733,0.000016
150.2501,0.000006
150.283467,0.000001
150.316833,0.000001
150.3502,0.000000
150.383567,0.000000
150.416933,0.000000
150.4503,0.000000
150.483667,0.000000
150.517033,0.000000
150.5504,0.000000
150.583767,0.000000
150.617133,0.000000
150.6505,0.000000
150.683867,0.000000
150.717233,0.000000
150.7506,0.000000
150.783967,0.000000
150.817333,0.000000
150.8507,0.000000
150.884067,0.000000
150.917433,0.000000
150.9508,0.000000
150.984167,0.000000
151.017533,0.000000
151.0509,0.000000
151.084267,0.000000
151.117633,0.000000
151.151,0.000059
151.184367,0.000003
151.217733,0.000016
151.2511,0.000006
151.284467,0.000001
151.317833,0.000001
151.3512,0.000000
151.384567,0.000000
151.417933,0.000000
151.4513,0.000000
151.484667,0.000000
151.518033,0.000000
151.5514,0.000000
151.584767,0.000000
151.618133,0.000000
151.6515,0.000000
151.684867,0.000000
151.718233,0.000000
151.7516,0.000000
151.784967,0.000000
151.818333,0.000000
151.8517,0.000000
151.885067,0.000000
151.918433,0.000000
151.9518,0.000000
151.985167,0.000000
152.018533,0.000000
152.0519,0.000000
152.085267,0.000000
152.118633,0.000000
152.152,0.000059
152.185367,0.000003
152.218733,0.000016
152.2521,0.000006
152.285467,0.000001
152.318833,0.000001
152.3522,0.000000
152.385567,0.000000
152.418933,0.067085
152.4523,0.000011
152.485667,0.000003
152.519033,0.000001
152.5524,0.000000
152.585767,0.000000
152.619133,0.000000
152.6525,0.000000
152.685867,0.000000
152.719233,0.000000
152.7526,0.000000
152.785967,0.000000
152.819333,0.000000
152.8527,0.000000
152.886067,0.000000
152.919433,0.000000
152.9528,0.000000
152.986167,0.000000
153.019533,0.000000
153.0529,0.000000
153.086267,0.000000
153.119633,0.000000
153.153,0.000057
153.186367,0.000005
153.219733,0.000015
153.2531,0.000005
153.286467,0.000001
153.319833,0.000001
153.3532,0.000000
153.386567,0.000000
153.419933,0.000000
153.4533,0.000000
153.486667,0.000000
153.520033,0.000000
153.5534,0.000000
153.586767,0.000000
153.620133,0.000000
153.6535,0.000000
153.686867,0.063735
153.720233,0.000023
153.7536,0.000010
153.786967,0.000001
153.820333,0.000000
153.8537,0.000000
153.887067,0.000000
153.920433,0.000000
153.9538,0.000000
153.987167,0.000000
154.020533,0.000000
154.0539,0.000000
154.087267,0.000000
154.120633,0.000000
154.154,0.000069
154.187367,0.000008
154.220733,0.000020
154.2541,0.000006
154.287467,0.000002
154.320833,0.000001
154.3542,0.000000
154.387567,0.000000
154.420933,0.000000
154.4543,0.000000
154.487667,0.000000
154.521033,0.000000
154.5544,0.000000
154.587767,0.000000
154.621133,0.000000
154.6545,0.000000
154.687867,0.000000
154.721233,0.000000
154.7546,0.000000
154.787967,0.000000
154.821333,0.000000
154.8547,0.000000
154.888067,0.000000
154.921433,0.000000
154.9548,0.000000
154.988167,0.000000
155.021533,0.000000
155.0549,0.000000
155.088267,0.000000
155.121633,0.000000
155.155,0.000064
155.188367,0.000003
155.221733,0.000020
155.2551,0.000006
155.288467,0.000002
155.321833,0.000001
155.3552,0.000000
155.388567,0.000000
155.421933,0.000000
155.4553,0.000000
155.488667,0.000000
155.522033,0.000000
155.5554,0.000000
155.588767,0.000000
155.622133,0.000000
155.6555,0.000000
155.688867,0.000000
155.722233,0.000000
155.7556,0.000000
155.788967,0.000000
155.822333,0.000000
155.8557,0.000000
155.889067,0.000000
155.922433,0.000000
155.9558,0.000000
155.989167,0.000000
156.022533,0.000000
156.0559,0.000000
156.089267,0.000000
156.122633,0.000000
156.156,0.057047
156.189367,0.000077
156.222733,0.000021
156.2561,0.000007
156.289467,0.000001
156.322833,0.000001
156.3562,0.000000
156.389567,0.000000
156.422933,0.000000
156.4563,0.000000
156.489667,0.000000
156.523033,0.000000
156.5564,0.000000
156.589767,0.000000
156.623133,0.000000
156.6565,0.000000
156.689867,0.000000
156.723233,0.000000
156.7566,0.000000
156.789967,0.000000
156.823333,0.000000
156.8567,0.000000
156.890067,0.000000
156.923433,0.000000
156.9568,0.000000
156.990167,0.000000
157.023533,0.000000
157.0569,0.000000
157.090267,0.000000
157.123633,0.000000
157.157,0.000067
157.190367,0.000003
157.223733,0.000021
157.2571,0.000007
157.290467,0.000001
157.323833,0.000001
157.3572,0.000000
157.390567,0.000000
157.423933,0.000000
157.4573,0.000000
157.490667,0.000000
157.524033,0.000000
157.5574,0.000000
157.590767,0.000000
157.624133,0.000000
157.6575,0.000000
157.690867,0.000000
157.724233,0.000000
157.7576,0.000000
157.790967,0.000000
157.824333,0.000000
157.8577,0.000000
157.891067,0.000000
157.924433,0.000000
157.9578,0.000000
157.991167,0.000000
158.024533,0.000000
158.0579,0.000000
158.091267,0.000000
158.124633,0.000000
158.158,0.000067
158.191367,0.000003
158.224733,0.000021
158.2581,0.000007
158.291467,0.000001
158.324833,0.000001
158.3582,0.000000
158.391567,0.000000
158.424933,0.000000
158.4583,0.000000
158.491667,0.000000
158.525033,0.000000
158.5584,0.000000
158.591767,0.000000
158.625133,0.000000
158.6585,0.000000
158.691867,0.000000
158.725233,0.000000
158.7586,0.000000
158.791967,0.000000
158.825333,0.000000
158.8587,0.000000
158.892067,0.000000
158.925433,0.000000
158.9588,0.000000
158.992167,0.000000
159.025533,0.000000
159.0589,0.000000
159.092267,0.000000
159.125633,0.000000
159.159,0.000067
159.192367,0.000003
159.225733,0.000021
159.2591,0.567142
159.292467,0.000154
159.325833,0.000057
159.3592,0.000026
159.392567,0.000012
159.425933,0.000004
159.4593,0.000001
159.492667,0.000000
159.526033,0.000000
159.5594,0.000000
159.592767,0.000000
159.626133,0.000000
159.6595,0.000000
159.692867,0.000000
159.726233,0.000000
159.7596,0.000000
159.792967,0.000000
159.826333,0.000000
159.8597,0.000000
159.893067,0.000000
159.926433,0.000000
159.9598,0.000000
159.993167,0.000000
160.026533,0.000000
160.0599,0.000000
160.093267,0.000000
160.126633,0.000000
160.16,0.000142
160.193367,0.000064
160.226733,0.000016
160.2601,0.000008
160.293467,0.000001
160.326833,0.000001
160.3602,0.000000
160.393567,0.000000
160.426933,0.000000
160.4603,0.000000
160.493667,0.000000
160.527033,0.000000
160.5604,0.000000
160.593767,0.000000
160.627133,0.000000
160.6605,0.000000
160.693867,0.000000
160.727233,0.000000
160.7606,0.000000
160.793967,0.000000
160.827333,0.000000
160.8607,0.000000
160.894067,0.000000
160.927433,0.000000
160.9608,0.000000
160.994167,0.000000
161.027533,0.000000
161.0609,0.000000
161.094267,0.000000
161.127633,0.000000
161.161,0.000060
161.194367,0.000003
161.227733,0.000016
161.2611,0.000008
161.294467,0.000001
161.327833,0.000001
161.3612,0.000000
161.394567,0.000000
161.427933,1.000000
161.4613,0.020821
161.494667,0.052878
161.528033,0.058695
161.5614,0.012694
161.594767,0.001244
161.628133,0.000020
161.6615,0.000006
161.694867,0.000003
161.728233,0.000000
161.7616,0.000000
161.794967,0.000000
161.828333,0.000000
161.8617,0.000000
161.895067,0.000000
161.928433,0.000000
161.9618,0.000000
161.995167,0.000000
162.028533,0.000000
162.0619,0.000000
162.095267,0.000000
162.128633,0.000000
162.162,0.000052
162.195367,0.000022
162.228733,0.000005
162.2621,0.000003
162.295467,0.000000
162.328833,0.000000
162.3622,0.000000
162.395567,0.000000
162.428933,0.000000
162.4623,0.000000
162.495667,0.000000
162.529033,0.000000
162.5624,0.000000
162.595767,0.000000
162.629133,0.000000
162.6625,0.000000
162.695867,0.000000
162.729233,0.000000
162.7626,0.000000
162.795967,0.000000
162.829333,0.000000
162.8627,0.000000
162.896067,0.000000
162.929433,0.000000
162.9628,0.000000
162.996167,0.000000
163.029533,0.000000
163.0629,0.000000
163.096267,1.000000
163.129633,0.000086
163.163,0.000006
163.196367,0.000027
163.229733,0.000023
163.2631,0.000004
163.296467,0.000014
163.329833,0.000015
163.3632,0.000009
163.396567,0.000006
163.429933,0.000003
163.4633,0.000005
163.496667,0.000004
163.530033,0.000003
163.5634,0.000003
163.596767,0.000026
163.630133,0.000014
163.6635,0.000011
163.696867,0.000001
163.730233,0.000004
163.7636,0.000000
163.796967,0.000005
163.830333,0.000005
163.8637,0.000004
163.897067,0.000014
163.930433,0.000015
163.9638,0.000001
163.997167,0.000005
164.030533,0.000001
164.0639,0.000002
164.097267,0.000003
164.130633,0.000003
164.164,0.000094
164.197367,0.000024
164.230733,0.000031
164.2641,0.000002
164.297467,0.000001
164.330833,0.000004
164.3642,0.000009
164.397567,0.000004
164.430933,0.000006
164.4643,0.000013
164.497667,0.000003
164.531033,0.000019
164.5644,0.000009
164.597767,0.000007
164.631133,0.000013
164.6645,0.000005
164.697867,0.000007
164.731233,0.000010
164.7646,0.000005
164.797967,0.000039
164.831333,0.000012
164.8647,0.000000
164.898067,0.000001
164.931433,0.000001
164.9648,0.000001
164.998167,0.000005
165.031533,0.000033
165.0649,0.000010
165.098267,0.000007
165.131633,0.000003
165.165,0.000016
165.198367,0.000009
165.231733,0.000021
165.2651,0.000018
165.298467,0.000013
165.331833,0.000034
165.3652,0.000039
165.398567,0.000000
165.431933,0.000004
165.4653,0.000010
165.498667,0.000005
165.532033,0.000005
165.5654,0.000008
165.598767,0.000002
165.632133,0.000002
165.6655,0.000031
165.698867,0.000004
165.732233,0.049513
165.7656,0.000039
165.798967,0.000007
165.832333,0.000001
165.8657,0.000000
165.899067,0.000000
165.932433,0.000000
165.9658,0.000000
165.999167,0.000000
166.032533,0.000000
166.0659,0.000000
166.099267,0.000000
166.132633,0.000000
166.166,0.000028
166.199367,0.000002
166.232733,0.000009
166.2661,0.000003
166.299467,0.000000
166.332833,0.000000
166.3662,0.000000
166.399567,0.000000
166.432933,0.000000
166.4663,0.000000
166.499667,0.000000
166.533033,0.000000
166.5664,0.000000
166.599767,0.000000
166.633133,0.000000
166.6665,0.000000
166.699867,0.000000
166.733233,0.000000
166.7666,0.000000
166.799967,0.000000
166.833333,0.000000
166.8667,0.000000
166.900067,0.000000
166.933433,0.000000
166.9668,0.000000
167.000167,0.000000
167.033533,0.000000
167.0669,0.000000
167.100267,0.000000
167.133633,0.000000
167.167,0.000027
167.200367,0.000001
167.233733,0.000009
167.2671,0.000003
167.300467,0.000000
167.333833,0.000000
167.3672,0.000000
167.400567,0.000000
167.433933,0.000000
167.4673,0.000000
167.500667,0.000000
167.534033,0.000000
167.5674,0.000000
167.600767,0.000000
167.634133,0.000000
167.6675,0.000000
167.700867,0.000000
167.734233,0.000000
167.7676,0.000000
167.800967,0.000000
167.834333,0.000000
167.8677,0.030465
167.901067,0.000288
167.934433,0.000061
167.9678,0.000043
168.001167,0.000089
168.034533,0.000056
168.0679,0.000474
168.101267,0.000513
168.134633,0.000036
168.168,0.000447
168.201367,0.000514
168.234733,0.000124
168.2681,0.000393
168.301467,0.000244
168.334833,0.000061
168.3682,0.000309
168.401567,0.000540
168.434933,0.000115
168.4683,0.000274
168.501667,0.000003
168.535033,0.000341
168.5684,0.000232
168.601767,0.000061
168.635133,0.000055
168.6685,0.000047
168.701867,0.000076
168.735233,0.000153
168.7686,0.000056
168.801967,0.000105
168.835333,0.000288
168.8687,0.000032
168.902067,0.000220
168.935433,0.000565
168.9688,0.000018
169.002167,0.000266
169.035533,0.000427
169.0689,0.000120
169.102267,0.000320
169.135633,0.000001
169.169,0.000120
169.202367,0.000150
169.235733,0.000035
169.2691,0.000063
169.302467,0.000091
169.335833,0.000013
169.3692,0.000095
169.402567,0.000054
169.435933,0.000017
169.4693,0.000231
169.502667,0.000074
169.536033,0.000148
169.5694,0.000008
169.602767,0.000000
169.636133,0.000000
169.6695,0.000000
169.702867,0.000000
169.736233,0.000000
169.7696,0.000000
169.802967,0.000000
169.836333,0.000000
169.8697,0.000000
169.903067,0.000000
169.936433,0.000000
169.9698,0.000000
170.003167,0.000000
170.036533,0.052968
170.0699,0.000022
170.103267,0.000010
170.136633,0.000002
170.17,0.000052
170.203367,0.000009
170.236733,0.000015
170.2701,0.000006
170.303467,0.000000
170.336833,0.000000
170.3702,0.000000
170.403567,0.000000
170.436933,0.000000
170.4703,0.000000
170.503667,0.000000
170.537033,0.000000
170.5704,0.000000
170.603767,0.000000
170.637133,0.000000
170.6705,0.000000
170.703867,0.000000
170.737233,0.000000
170.7706,0.000000
170.803967,0.000000
170.837333,0.000000
170.8707,0.000000
170.904067,0.000000
170.937433,0.000000
170.9708,0.000000
171.004167,0.000492
171.037533,0.000529
171.0709,0.000362
171.104267,0.000003
171.137633,0.000027
171.171,0.000041
171.204367,0.000012
171.237733,0.000030
171.2711,0.000021
171.304467,0.000056
171.337833,0.000033
171.3712,0.000021
171.404567,0.000054
171.437933,0.000946
171.4713,0.000011
171.504667,0.000003
171.538033,0.000000
171.5714,0.000000
171.604767,0.000000
171.638133,0.000000
171.6715,0.000000
171.704867,0.000000
171.738233,0.000000
171.7716,0.000000
171.804967,0.000000
171.838333,0.000000
171.8717,0.000000
171.905067,0.000000
171.938433,0.000000
171.9718,0.000000
172.005167,0.000000
172.038533,0.000000
172.0719,0.000000
172.105267,0.000000
172.138633,0.000000
172.172,0.000047
172.205367,0.000004
172.238733,0.000015
172.2721,0.000006
172.305467,0.000001
172.338833,0.000000
172.3722,0.000000
172.405567,0.000000
172.438933,0.000000
172.4723,0.000000
172.505667,0.000000
172.539033,0.000000
172.5724,0.000000
172.605767,0.000000
172.639133,0.000000
172.6725,0.000000
172.705867,0.000000
172.739233,0.000000
172.7726,0.000000
172.805967,0.000000
172.839333,0.000000
172.8727,0.000000
172.906067,0.073606
172.939433,0.000014
172.9728,0.000007
173.006167,0.000001
173.039533,0.000000
173.0729,0.000000
173.106267,0.000000
173.139633,0.000000
173.173,0.000041
173.206367,0.000004
173.239733,0.000011
173.2731,0.000005
173.306467,0.000001
173.339833,0.000000
173.3732,0.000000
173.406567,0.000000
173.439933,0.000000
173.4733,0.000000
173.506667,0.000000
173.540033,0.000000
173.5734,0.000000
173.606767,0.000000
173.640133,0.000000
173.6735,0.000000
173.706867,0.000000
173.740233,0.000000
173.7736,0.000000
173.806967,0.000000
173.840333,0.000000
173.8737,0.000000
173.907067,0.000000
173.940433,0.000000
173.9738,0.000000
174.007167,0.000000
174.040533,0.000000
174.0739,0.000000
174.107267,0.000000
174.140633,0.000000
174.174,0.000038
174.207367,0.000001
174.240733,0.000011
174.2741,0.000005
174.307467,0.000001
174.340833,0.000000
174.3742,0.000000
174.407567,0.000000
174.440933,0.000000
174.4743,0.000000
174.507667,0.059827
174.541033,0.000026
174.5744,0.000011
174.607767,0.000003
174.641133,0.000000
174.6745,0.000000
174.707867,0.000000
174.741233,0.000000
174.7746,0.000000
174.807967,0.000000
174.841333,0.000000
174.8747,0.000000
174.908067,0.000000
174.941433,0.000000
174.9748,0.000000
175.008167,0.000000
175.041533,0.000000
175.0749,0.000000
175.108267,0.000000
175.141633,0.000000
175.175,0.000055
175.208367,0.000009
175.241733,0.000016
175.2751,0.000006
175.308467,0.000001
175.341833,0.000000
175.3752,0.000000
175.408567,0.000000
175.441933,0.000000
175.4753,0.000000
175.508667,0.000000
175.542033,0.000000
175.5754,0.000000
175.608767,0.000000
175.642133,0.000000
175.6755,0.000000
175.708867,0.000000
175.742233,0.000000
175.7756,0.000000
175.808967,0.000000
175.842333,0.000000
175.8757,0.000000
175.909067,0.000000
175.942433,0.000000
175.9758,0.000000
176.009167,0.000000
176.042533,0.000000
176.0759,0.000000
176.109267,0.000000
176.142633,0.000000
176.176,0.000048
176.209367,0.000002
176.242733,0.000016
176.2761,0.000006
176.309467,0.000001
176.342833,0.000000
176.3762,0.000000
176.409567,0.000000
176.442933,0.000000
176.4763,0.000000
176.509667,0.000000
176.543033,0.000000
176.5764,0.000000
176.609767,0.000000
176.643133,0.000000
176.6765,0.000000
176.709867,0.000000
176.743233,0.000000
176.7766,0.000000
176.809967,0.000000
176.843333,0.000000
176.8767,0.000000
176.910067,0.000000
176.943433,0.000000
176.9768,0.000000
177.010167,0.000000
177.043533,0.000000
177.0769,0.000000
177.110267,0.000000
177.143633,0.000000
177.177,0.000048
177.210367,0.000002
177.243733,0.047870
177.2771,0.000058
177.310467,0.000008
177.343833,0.000003
177.3772,0.000015
177.410567,0.000012
177.443933,0.000002
177.4773,0.000001
177.510667,0.000002
177.544033,0.000005
177.5774,0.000007
177.610767,0.000000
177.644133,0.000018
177.6775,0.000008
177.710867,0.000003
177.744233,0.000002
177.7776,0.000037
177.810967,0.000040
177.844333,0.000005
177.8777,0.000000
177.911067,0.000005
177.944433,0.000021
177.9778,0.000003
178.011167,0.000001
178.044533,0.000038
178.0779,0.000008
178.111267,0.000007
178.144633,0.000002
178.178,0.000061
178.211367,0.000035
178.244733,0.000012
178.2781,0.000000
178.311467,0.000043
178.344833,0.000063
178.3782,0.000001
178.411567,0.000000
178.444933,0.000057
178.4783,0.000047
178.511667,0.000004
178.545033,0.000002
178.5784,0.000028
178.611767,0.000042
178.645133,0.000005
178.6785,0.000005
178.711867,0.000011
178.745233,0.000041
178.7786,0.000006
178.811967,0.000006
178.845333,0.000063
178.8787,0.000054
178.912067,0.000004
178.945433,0.000005
178.9788,0.000008
179.012167,0.000003
179.045533,0.000009
179.0789,0.000002
179.112267,0.000009
179.145633,0.000072
179.179,0.054148
179.212367,0.000093
179.245733,0.000012
179.2791,0.000006
179.312467,0.000000
179.345833,0.000000
179.3792,0.000000
179.412567,0.000000
179.445933,0.000000
179.4793,0.000000
179.512667,0.000000
179.546033,0.000000
179.5794,0.000000
179.612767,0.000000
179.646133,0.000000
179.6795,0.000000
179.712867,0.000000
179.746233,0.000000
179.7796,0.000000
179.812967,0.000000
179.846333,0.000000
179.8797,0.000000
179.913067,0.000000
179.946433,0.000000
179.9798,0.000000
180.013167,0.000000
180.046533,0.000000
180.0799,0.000000
180.113267,0.000000
180.146633,0.000000
180.18,0.000040
180.213367,0.000002
180.246733,0.000012
180.2801,0.000006
180.313467,0.000000
180.346833,0.000000
180.3802,0.000000
180.413567,0.000000
180.446933,0.000000
180.4803,0.085228
180.513667,0.000016
180.547033,0.000007
180.5804,0.000002
180.613767,0.000000
180.647133,0.000000
180.6805,0.000000
180.713867,0.000000
180.747233,0.000000
180.7806,0.000000
180.813967,0.000000
180.847333,0.000000
180.8807,0.000000
180.914067,0.000000
180.947433,0.000000
180.9808,0.000000
181.014167,0.000000
181.047533,0.000000
181.0809,0.000000
181.114267,0.000000
181.147633,0.000000
181.181,0.000049
181.214367,0.000006
181.247733,0.000014
181.2811,0.000007
181.314467,0.000001
181.347833,0.000000
181.3812,0.000000
181.414567,0.000000
181.447933,0.000000
181.4813,0.000000
181.514667,0.000000
181.548033,0.000000
181.5814,0.000000
181.614767,0.000000
181.648133,0.000000
181.6815,0.000000
181.714867,0.000000
181.748233,0.000000
181.7816,0.000000
181.814967,0.000000
181.848333,0.000000
181.8817,0.000000
181.915067,0.000000
181.948433,0.000000
181.9818,0.000000
182.015167,0.000000
182.048533,0.000000
182.0819,0.000000
182.115267,0.000000
182.148633,0.000000
182.182,0.000045
182.215367,0.000002
182.248733,0.000014
182.2821,0.000007
182.315467,0.000001
182.348833,0.000000
182.3822,0.000000
182.415567,0.000000
182.448933,0.000000
182.4823,0.039983
182.515667,0.000016
182.549033,0.000007
182.5824,0.000001
182.615767,0.000000
182.649133,0.000000
182.6825,0.000000
182.715867,0.000000
182.749233,0.000000
182.7826,0.000000
182.815967,0.000000
182.849333,0.000000
182.8827,0.000000
182.916067,0.000000
182.949433,0.000000
182.9828,0.000000
183.016167,0.000000
183.049533,0.000000
183.0829,0.000000
183.116267,0.000000
183.149633,0.000000
183.183,0.000044
183.216367,0.000001
183.249733,0.000015
183.2831,0.000006
183.316467,0.000001
183.349833,0.000000
183.3832,0.000000
183.416567,0.000000
183.449933,0.000000
183.4833,0.000000
183.516667,0.000000
183.550033,0.000000
183.5834,0.000000
183.616767,0.000000
183.650133,0.000000
183.6835,0.000000
183.716867,0.000000
183.750233,0.065764
183.7836,0.000436
183.816967,0.000031
183.850333,0.000193
183.8837,0.000023
183.917067,0.000047
183.950433,0.000052
183.9838,0.000009
184.017167,0.000097
184.050533,0.000037
184.0839,0.000115
184.117267,0.000052
184.150633,0.000018
184.184,0.000011
184.217367,0.000169
184.250733,0.000038
184.2841,0.000171
184.317467,0.000007
184.350833,0.000006
184.3842,0.000036
184.417567,0.000132
184.450933,0.000062
184.4843,0.000100
184.517667,0.000096
184.551033,0.000015
184.5844,0.000009
184.617767,0.000006
184.651133,0.000054
184.6845,0.000007
184.717867,0.000055
184.751233,0.000081
184.7846,0.000001
184.817967,0.000084
184.851333,0.000068
184.8847,0.000015
184.918067,0.000073
184.951433,0.000005
184.9848,0.000058
185.018167,0.000063
185.051533,0.000002
185.0849,0.000042
185.118267,0.000031
185.151633,0.000058
185.185,0.000172
185.218367,0.000030
185.251733,0.000124
185.2851,0.000195
185.318467,0.000031
185.351833,0.000162
185.3852,0.000082
185.418567,0.000010
185.451933,0.000085
185.4853,0.000093
185.518667,0.000043
185.552033,0.000101
185.5854,0.000017
185.618767,0.000035
185.652133,0.000106
185.6855,0.000011
185.718867,0.000000
185.752233,0.000000
185.7856,0.000000
185.818967,0.000000
185.852333,0.000000
185.8857,0.000000
185.919067,0.000000
185.952433,0.000000
185.9858,0.000000
186.019167,0.039353
186.052533,0.000013
186.0859,0.000005
186.119267,0.000001
186.152633,0.000000
186.186,0.000059
186.219367,0.000008
186.252733,0.000015
186.2861,0.000007
186.319467,0.000001
186.352833,0.000000
186.3862,0.000000
186.419567,0.000000
186.452933,0.000000
186.4863,0.000000
186.519667,0.000000
186.553033,0.000000
186.5864,0.000000
186.619767,0.000000
186.653133,0.000000
186.6865,0.000000
186.719867,0.000000
186.753233,0.000000
186.7866,0.000000
186.819967,0.000000
186.853333,0.000000
186.8867,0.000000
186.920067,0.000000
186.953433,0.000000
186.9868,0.000000
187.020167,0.000000
187.053533,0.000000
187.0869,0.000000
187.120267,0.000000
187.153633,0.000000
187.187,0.000053
187.220367,0.000003
187.253733,0.000015
187.2871,0.000007
187.320467,0.000001
187.353833,0.000000
187.3872,0.000000
187.420567,0.000000
187.453933,0.000000
187.4873,0.000000
187.520667,0.000000
187.554033,0.000000
187.5874,0.000000
187.620767,0.000000
187.654133,0.000000
187.6875,0.000000
187.720867,0.000000
187.754233,0.000000
187.7876,0.000000
187.820967,0.000000
187.854333,0.000000
187.8877,0.000000
187.921067,0.000000
187.954433,0.000000
187.9878,0.000000
188.021167,0.000000
188.054533,0.000000
188.0879,0.000000
188.121267,0.000000
188.154633,0.000000
188.188,0.000053
188.221367,0.000003
188.254733,0.000015
188.2881,0.000007
188.321467,0.000001
188.354833,0.000000
188.3882,0.000000
188.421567,0.000000
188.454933,0.000000
188.4883,0.000000
188.521667,0.000000
188.555033,0.000000
188.5884,0.000000
188.621767,0.000000
188.655133,0.000000
188.6885,0.000000
188.721867,0.000000
188.755233,0.000000
188.7886,0.000000
188.821967,1.000000
188.855333,0.104641
188.8887,0.040068
188.922067,0.005753
188.955433,0.000005
188.9888,0.000002
189.022167,0.000000
189.055533,0.000000
189.0889,0.000000
189.122267,0.000000
189.155633,0.000000
189.189,0.000042
189.222367,0.000022
189.255733,0.000005
189.2891,0.000002
189.322467,0.000000
189.355833,0.000000
189.3892,0.000000
189.422567,0.000000
189.455933,0.000000
189.4893,0.000000
189.522667,0.000000
189.556033,0.000000
189.5894,0.000000
189.622767,0.000000
189.656133,0.000000
189.6895,0.000000
189.722867,0.000000
189.756233,0.000000
189.7896,0.000000
189.822967,0.000000
189.856333,0.000000
189.8897,0.000000
189.923067,0.000000
189.956433,0.000000
189.9898,0.000000
190.023167,0.000000
190.056533,0.000000
190.0899,0.000000
190.123267,0.000000
190.156633,0.000000
190.19,0.000020
190.223367,0.000001
190.256733,0.000005
190.2901,0.000002
190.323467,0.000000
190.356833,0.000000
190.3902,0.000000
190.423567,0.000000
190.456933,0.000000
190.4903,1.000000
190.523667,0.000058
190.557033,0.000014
190.5904,0.000005
190.623767,0.000001
190.657133,0.000000
190.6905,0.000000
190.723867,0.000000
190.757233,0.000000
190.7906,0.000000
190.823967,0.000000
190.857333,0.000000
190.8907,0.000000
190.924067,0.000000
190.957433,0.000000
190.9908,0.000000
191.024167,0.000000
191.057533,0.000000
191.0909,0.000000
191.124267,0.000000
191.157633,0.000000
191.191,0.000049
191.224367,0.000026
191.257733,0.000007
191.2911,0.000003
191.324467,0.000000
191.357833,0.000000
191.3912,0.000000
191.424567,0.000000
191.457933,0.000000
191.4913,0.000000
191.524667,0.000000
191.558033,0.000000
191.5914,0.000000
191.624767,0.000000
191.658133,0.000000
191.6915,0.000000
191.724867,0.000000
191.758233,0.000000
191.7916,0.000000
191.824967,0.000000
191.858333,0.000000
191.8917,0.000000
191.925067,0.000000
191.958433,0.000000
191.9918,0.000000
192.025167,0.000000
192.058533,0.000000
192.0919,0.000000
192.125267,0.000000
192.158633,0.000000
192.192,0.000025
192.225367,0.000001
192.258733,0.000007
192.2921,0.000003
192.325467,0.000000
192.358833,0.000000
192.3922,0.000000
192.425567,0.000000
192.458933,0.000000
192.4923,0.000000
192.525667,0.000000
192.559033,0.000000
192.5924,0.000000
192.625767,0.000000
192.659133,0.000000
192.6925,0.039381
192.725867,0.000067
192.759233,0.000011
192.7926,0.000003
192.825967,0.000007
192.859333,0.000000
192.8927,0.000001
192.926067,0.000001
192.959433,0.000000
192.9928,0.000005
193.026167,0.000007
193.059533,0.000001
193.0929,0.000000
193.126267,0.000018
193.159633,0.000009
193.193,0.000033
193.226367,0.000013
193.259733,0.000037
193.2931,0.000014
193.326467,0.000048
193.359833,0.000021
193.3932,0.000005
193.426567,0.000018
193.459933,0.000057
193.4933,0.000027
193.526667,0.000039
193.560033,0.000032
193.5934,0.000036
193.626767,0.000031
193.660133,0.000033
193.6935,0.000014
193.726867,0.000069
193.760233,0.000019
193.7936,0.000031
193.826967,0.000032
193.860333,0.000057
193.8937,0.000022
193.927067,0.000101
193.960433,0.000038
193.9938,0.000006
194.027167,0.000006
194.060533,0.000098
194.0939,0.000041
194.127267,0.000053
194.160633,0.000008
194.194,0.000035
194.227367,0.000007
194.260733,0.000072
194.2941,0.000016
194.327467,0.000013
194.360833,0.000010
194.3942,0.000008
194.427567,0.000016
194.460933,0.000015
194.4943,0.000000
194.527667,0.000110
194.561033,0.000030
194.5944,0.000005
194.627767,0.030015
194.661133,0.000016
194.6945,0.000006
194.727867,0.000001
194.761233,0.000000
194.7946,0.000000
194.827967,0.000000
194.861333,0.000000
194.8947,0.000000
194.928067,0.000000
194.961433,0.000000
194.9948,0.000000
195.028167,0.000000
195.061533,0.000000
195.0949,0.000000
195.128267,0.000000
195.161633,0.000000
195.195,0.000044
195.228367,0.000015
195.261733,0.000009
195.2951,0.000003
195.328467,0.000000
195.361833,0.000000
195.3952,0.000000
195.428567,0.000000
195.461933,0.000000
195.4953,0.000000
195.528667,0.000000
195.562033,0.000000
195.5954,0.000000
195.628767,0.000000
195.662133,0.000000
195.6955,0.000000
195.728867,0.000000
195.762233,0.000000
195.7956,0.000000
195.828967,0.000000
195.862333,0.000000
195.8957,0.000000
195.929067,0.000000
195.962433,0.000000
195.9958,0.000000
196.029167,0.027908
196.062533,0.000017
196.0959,0.000008
196.129267,0.000002
196.162633,0.000000
196.196,0.000039
196.229367,0.000010
196.262733,0.000011
196.2961,0.000005
196.329467,0.000000
196.362833,0.000000
196.3962,0.000000
196.429567,0.000000
196.462933,0.000000
196.4963,0.000000
196.529667,0.000000
196.563033,0.000000
196.5964,0.000000
196.629767,0.000000
196.663133,0.000000
196.6965,0.000000
196.729867,0.000000
196.763233,0.000000
196.7966,0.000000
196.829967,0.000000
196.863333,0.000000
196.8967,0.000000
196.930067,0.000000
196.963433,0.000000
196.9968,0.000000
197.030167,0.000000
197.063533,0.000000
197.0969,0.000000
197.130267,0.000000
197.163633,0.000000
197.197,0.000031
197.230367,0.000002
197.263733,0.000011
197.2971,0.000005
197.330467,0.000000
197.363833,0.000000
197.3972,0.000000
197.430567,0.000000
197.463933,0.000000
197.4973,0.000000
197.530667,0.000000
197.564033,0.000000
197.5974,0.000000
197.630767,0.000000
197.664133,0.000000
197.6975,0.000000
197.730867,0.026577
197.764233,0.000018
197.7976,0.000008
197.830967,0.000002
197.864333,0.000000
197.8977,0.000000
197.931067,0.000000
197.964433,0.000000
197.9978,0.000000
198.031167,0.000000
198.064533,0.000000
198.0979,0.000000
198.131267,0.000000
198.164633,0.000000
198.198,0.000039
198.231367,0.000008
198.264733,0.000011
198.2981,0.000005
198.331467,0.000000
198.364833,0.000000
198.3982,0.000000
198.431567,0.000000
198.464933,0.000000
198.4983,0.000000
198.531667,0.000000
198.565033,0.000000
198.5984,0.000000
198.631767,0.000000
198.665133,0.000000
198.6985,0.000000
198.731867,0.000000
198.765233,0.000000
198.7986,0.000000
198.831967,0.000000
198.865333,0.000000
198.8987,0.000000
198.932067,0.000000
198.965433,0.000000
198.9988,0.000000
199.032167,0.000000
199.065533,0.000000
199.0989,0.000000
199.132267,0.000000
199.165633,0.000000
199.199,0.000032
199.232367,0.000002
199.265733,0.000011
199.2991,0.000005
199.332467,0.000000
199.365833,0.000000
199.3992,0.000000
199.432567,0.042236
199.465933,0.000087
199.4993,0.000027
199.532667,0.000154
199.566033,0.000049
199.5994,0.000008
199.632767,0.000007
199.666133,0.000131
199.6995,0.000052
199.732867,0.000010
199.766233,0.000004
199.7996,0.000040
199.832967,0.000043
199.866333,0.000006
199.8997,0.000007
199.933067,0.000006
199.966433,0.000005
199.9998,0.000027
200.033167,0.000023
200.066533,0.000000
200.0999,0.000007
200.133267,0.000011
200.166633,0.000021
200.2,0.000041
200.233367,0.000012
200.266733,0.000028
200.3001,0.000032
200.333467,0.000004
200.366833,0.000021
200.4002,0.000005
200.433567,0.000004
200.466933,0.000002
200.5003,0.000022
200.533667,0.000001
200.567033,0.000033
200.6004,0.000007
200.633767,0.000003
200.667133,0.000007
200.7005,0.000029
200.733867,0.000007
200.767233,0.000047
200.8006,0.000011
200.833967,0.000011
200.867333,0.000011
200.9007,0.000035
200.934067,0.000023
200.967433,0.000015
201.0008,0.000007
201.034167,0.000019
201.067533,0.000039
201.1009,0.000022
201.134267,0.000013
201.167633,0.000017
201.201,0.000056
201.234367,0.000020
201.267733,0.000043
201.3011,0.000008
201.334467,0.000012
201.367833,0.000005
201.4012,0.000025
201.434567,0.000013
201.467933,0.000012
201.5013,0.000004
201.534667,0.000028
201.568033,0.000002
201.6014,0.000013
201.634767,0.000006
201.668133,0.000005
201.7015,0.000002
201.734867,0.052697
201.768233,0.000020
201.8016,0.000008
201.834967,0.000001
201.868333,0.000000
201.9017,0.000000
201.935067,0.000000
201.968433,0.000000
202.0018,0.000000
202.035167,0.000000
202.068533,0.000000
202.1019,0.000000
202.135267,0.000000
202.168633,0.000000
202.202,0.000046
202.235367,0.000009
202.268733,0.000012
202.3021,0.000004
202.335467,0.000000
202.368833,0.000000
202.4022,0.000000
202.435567,0.000000
202.468933,0.000000
202.5023,0.000000
202.535667,0.000000
202.569033,0.000000
202.6024,0.000000
202.635767,0.000000
202.669133,0.000000
202.7025,0.000000
202.735867,0.000000
202.769233,0.000000
202.8026,0.000000
202.835967,0.000000
202.869333,0.000000
202.9027,0.000000
202.936067,0.000000
202.969433,0.000000
203.0028,0.000000
203.036167,0.000000
203.069533,0.000000
203.1029,0.000000
203.136267,0.000000
203.169633,0.000000
203.203,0.000039
203.236367,0.000002
203.269733,0.000012
203.3031,0.000004
203.336467,0.000000
203.369833,0.000000
203.4032,0.000000
203.436567,0.000000
203.469933,0.000000
203.5033,0.000000
203.536667,0.000000
203.570033,0.000000
203.6034,0.000000
203.636767,0.000000
203.670133,0.000000
203.7035,0.000000
203.736867,0.000000
203.770233,0.000000
203.8036,0.000000
203.836967,0.000000
203.870333,0.000000
203.9037,0.000000
203.937067,0.000000
203.970433,0.000000
204.0038,0.000000
204.037167,0.000000
204.070533,0.000000
204.1039,0.000000
204.137267,0.000000
204.170633,0.000000
204.204,0.000039
204.237367,0.000002
204.270733,0.000012
204.3041,0.000004
204.337467,0.058710
204.370833,0.000040
204.4042,0.000010
204.437567,0.000012
204.470933,0.000004
204.5043,0.000000
204.537667,0.000001
204.571033,0.000006
204.6044,0.000005
204.637767,0.000005
204.671133,0.000003
204.7045,0.000000
204.737867,0.000017
204.771233,0.000003
204.8046,0.000001
204.837967,0.000001
204.871333,0.000018
204.9047,0.000000
204.938067,0.000002
204.971433,0.000010
205.0048,0.000022
205.038167,0.000029
205.071533,0.000003
205.1049,0.000001
205.138267,0.000004
205.171633,0.000018
205.205,0.000047
205.238367,0.000012
205.271733,0.000029
205.3051,0.000004
205.338467,0.000001
205.371833,0.000000
205.4052,0.000004
205.438567,0.000017
205.471933,0.000023
205.5053,0.000001
205.538667,0.000000
205.572033,0.000002
205.6054,0.000009
205.638767,0.000000
205.672133,0.000000
205.7055,0.000001
205.738867,0.000005
205.772233,0.000000
205.8056,0.000001
205.838967,0.000009
205.872333,0.000012
205.9057,0.000019
205.939067,0.000000
205.972433,0.000000
206.0058,0.000002
206.039167,0.000006
206.072533,0.000000
206.1059,0.000000
206.139267,0.000004
206.172633,0.000021
206.206,0.000046
206.239367,0.000003
206.272733,0.000034
206.3061,0.000003
206.339467,0.000002
206.372833,0.000001
206.4062,0.000003
206.439567,0.000009
206.472933,0.000020
206.5063,0.000002
206.539667,0.000001
206.573033,0.000001
206.6064,0.000014
206.639767,0.000003
206.673133,0.000000
206.7065,0.000004
206.739867,0.000004
206.773233,0.000007
206.8066,0.000000
206.839967,0.000002
206.873333,0.000007
206.9067,0.000010
206.940067,0.000001
206.973433,0.000001
207.0068,0.000009
207.040167,0.000039
207.073533,0.000003
207.1069,0.000005
207.140267,0.000007
207.173633,0.000001
207.207,0.000038
207.240367,0.000004
207.273733,0.000029
207.3071,0.000021
207.340467,0.000028
207.373833,0.047870
207.4072,0.000018
207.440567,0.000008
207.473933,0.000001
207.5073,0.000000
207.540667,0.000000
207.574033,0.000000
207.6074,0.000000
207.640767,0.000000
207.674133,0.000000
207.7075,0.000000
207.740867,0.000000
207.774233,0.000000
207.8076,0.000000
207.840967,0.000000
207.874333,0.000000
207.9077,0.000000
207.941067,0.000000
207.974433,0.000000
208.0078,0.000000
208.041167,0.000000
208.074533,0.000000
208.1079,0.000000
208.141267,0.000049
208.174633,0.000013
208.208,0.000041
208.241367,0.000052
208.274733,0.000074
208.3081,0.000007
208.341467,0.000000
208.374833,0.000001
208.4082,0.000000
208.441567,0.000000
208.474933,0.000000
208.5083,0.000000
208.541667,0.000000
208.575033,0.000000
208.6084,0.000000
208.641767,0.000000
208.675133,0.000000
208.7085,0.000000
208.741867,0.000000
208.775233,0.000000
208.8086,0.000000
208.841967,0.000000
208.875333,0.000000
208.9087,0.000000
208.942067,0.000000
208.975433,0.000000
209.0088,0.000000
209.042167,0.000000
209.075533,0.000000
209.1089,0.000000
209.142267,0.000000
209.175633,0.000000
209.209,0.000040
209.242367,0.000003
209.275733,0.000012
209.3091,0.000005
209.342467,0.000000
209.375833,0.000001
209.4092,0.000000
209.442567,0.000000
209.475933,0.000000
209.5093,0.000000
209.542667,0.000000
209.576033,0.068661
209.6094,0.000011
209.642767,0.000005
209.676133,0.000001
209.7095,0.000000
209.742867,0.000000
209.776233,0.000000
209.8096,0.000000
209.842967,0.000000
209.876333,0.000000
209.9097,0.000000
209.943067,0.000000
209.976433,0.000000
210.0098,0.000000
210.043167,0.000000
210.076533,0.000000
210.1099,0.000000
210.143267,0.000000
210.176633,0.000000
210.21,0.000035
210.243367,0.000004
210.276733,0.000010
210.3101,0.000004
210.343467,0.000000
210.376833,0.000000
210.4102,0.000000
210.443567,0.000000
210.476933,0.000000
210.5103,0.000000
210.543667,0.000000
210.577033,0.000000
210.6104,0.000000
210.643767,0.000000
210.677133,0.000000
210.7105,0.000000
210.743867,0.000000
210.777233,0.000000
210.8106,0.000000
210.843967,0.000000
210.877333,0.000018
210.9107,0.080637
210.944067,0.000019
210.977433,0.000009
211.0108,0.000002
211.044167,0.000000
211.077533,0.000000
211.1109,0.000000
211.144267,0.000000
211.177633,0.000000
211.211,0.000041
211.244367,0.000004
211.277733,0.000013
211.3111,0.000006
211.344467,0.000000
211.377833,0.000000
211.4112,0.000000
211.444567,0.000000
211.477933,0.000000
211.5113,0.000000
211.544667,0.000000
211.578033,0.000000
211.6114,0.000000
211.644767,0.000000
211.678133,0.000000
211.7115,0.000000
211.744867,0.000000
211.778233,0.000000
211.8116,0.000000
211.844967,0.000000
211.878333,0.000000
211.9117,0.000000
211.945067,0.000000
211.978433,0.000000
212.0118,0.000000
212.045167,0.000000
212.078533,0.000000
212.1119,0.000000
212.145267,0.000000
212.178633,0.000000
212.212,0.000040
212.245367,0.000002
212.278733,0.000013
212.3121,0.000006
212.345467,0.000000
212.378833,0.000000
212.4122,0.000000
212.445567,0.000000
212.478933,0.000000
212.5123,0.000000
212.545667,0.025350
212.579033,0.000013
212.6124,0.000006
212.645767,0.000001
212.679133,0.000000
212.7125,0.000000
212.745867,0.000000
212.779233,0.000000
212.8126,0.000000
212.845967,0.000000
212.879333,0.000000
212.9127,0.000000
212.946067,0.000000
212.979433,0.000000
213.0128,0.000000
213.046167,0.000000
213.079533,0.000000
213.1129,0.000000
213.146267,0.000000
213.179633,0.000000
213.213,0.000039
213.246367,0.000004
213.279733,0.000011
213.3131,0.000005
213.346467,0.000000
213.379833,0.000001
213.4132,0.000000
213.446567,0.000000
213.479933,0.000000
213.5133,0.000000
213.546667,0.000000
213.580033,0.000000
213.6134,0.000000
213.646767,0.000000
213.680133,0.000000
213.7135,0.000000
213.746867,0.000000
213.780233,0.000000
213.8136,0.000000
213.846967,0.000000
213.880333,0.000000
213.9137,0.000000
213.947067,0.000000
213.980433,0.000000
214.0138,0.000000
214.047167,0.000000
214.080533,0.069037
214.1139,0.000207
214.147267,0.000019
214.180633,0.000145
214.214,0.000050
214.247367,0.000034
214.280733,0.000132
214.3141,0.000003
214.347467,0.000031
214.380833,0.000024
214.4142,0.000017
214.447567,0.000007
214.480933,0.000028
214.5143,0.000029
214.547667,0.000013
214.581033,0.000012
214.6144,0.000051
214.647767,0.000022
214.681133,0.000021
214.7145,0.000013
214.747867,0.000043
214.781233,0.000022
214.8146,0.000067
214.847967,0.000074
214.881333,0.000001
214.9147,0.000014
214.948067,0.000006
214.981433,0.000008
215.0148,0.063236
215.048167,0.000205
215.081533,0.000002
215.1149,0.000032
215.148267,0.000010
215.181633,0.000079
215.215,0.000018
215.248367,0.000010
215.281733,0.000088
215.3151,0.000038
215.348467,0.000037
215.381833,0.000086
215.4152,0.000097
215.448567,0.000060
215.481933,0.000075
215.5153,0.000012
215.548667,0.000001
215.582033,0.000014
215.6154,0.000039
215.648767,0.000002
215.682133,0.000074
215.7155,0.000035
215.748867,0.000011
215.782233,0.000034
215.8156,0.000015
215.848967,0.000006
215.882333,0.000057
215.9157,0.000063
215.949067,0.000000
215.982433,0.000034
216.0158,0.000027
216.049167,0.000008
216.082533,0.000020
216.1159,0.000029
216.149267,0.000008
216.182633,0.000095
216.216,0.000035
216.249367,0.000055
216.282733,0.000083
216.3161,0.000080
216.349467,0.000055
216.382833,0.000013
216.4162,0.000017
216.449567,0.000029
216.482933,0.000012
216.5163,0.000047
216.549667,0.000038
216.583033,0.000021
216.6164,0.000013
216.649767,0.000003
216.683133,0.000008
216.7165,0.000006
216.749867,0.000031
216.783233,0.000025
216.8166,0.000246
216.849967,0.000166
216.883333,0.000034
216.9167,0.000072
216.950067,0.000069
216.983433,0.000076
217.0168,0.000013
217.050167,0.000054
217.083533,0.000011
217.1169,0.000000
217.150267,0.038314
217.183633,0.000017
217.217,0.000056
217.250367,0.000012
217.283733,0.000018
217.3171,0.000008
217.350467,0.000001
217.383833,0.000001
217.4172,0.000000
217.450567,0.000000
217.483933,0.000000
217.5173,0.000000
217.550667,0.000000
217.584033,0.000000
217.6174,0.000000
217.650767,0.000000
217.684133,0.000000
217.7175,0.000000
217.750867,0.000000
217.784233,0.000000
217.8176,0.000000
217.850967,0.000000
217.884333,0.000000
217.9177,0.000000
217.951067,0.000000
217.984433,0.000000
218.0178,0.000000
218.051167,0.000000
218.084533,0.000000
218.1179,0.000000
218.151267,0.000000
218.184633,0.000000
218.218,0.000056
218.251367,0.000003
218.284733,0.000018
218.3181,0.000008
218.351467,0.000001
218.384833,0.000001
218.4182,0.000000
218.451567,0.000000
218.484933,0.000000
218.5183,0.000000
218.551667,0.000000
218.585033,0.000000
218.6184,0.000000
218.651767,0.000000
218.685133,0.000000
218.7185,1.000000
218.751867,0.107532
218.785233,0.015186
218.8186,0.008250
218.851967,0.000009
218.885333,0.000003
218.9187,0.000001
218.952067,0.000000
218.985433,0.000000
219.0188,0.000000
219.052167,0.000000
219.085533,0.000000
219.1189,0.000000
219.152267,0.000000
219.185633,0.000000
219.219,0.000047
219.252367,0.000024
219.285733,0.000006
219.3191,0.000003
219.352467,0.000001
219.385833,0.000000
219.4192,0.000000
219.452567,0.000000
219.485933,0.000000
219.5193,0.000000
219.552667,0.000000
219.586033,0.000000
219.6194,0.000000
219.652767,0.000000
219.686133,0.000000
219.7195,0.000000
219.752867,0.000000
219.786233,0.000000
219.8196,0.000000
219.852967,0.000000
219.886333,0.000000
219.9197,0.000000
219.953067,0.000000
219.986433,0.000000
220.0198,0.000000
220.053167,0.000000
220.086533,0.000000
220.1199,0.000000
220.153267,0.000000
220.186633,1.000000
220.22,0.000148
220.253367,0.000055
220.286733,0.000015
220.3201,0.000005
220.353467,0.000001
220.386833,0.000000
220.4202,0.000000
220.453567,0.000000
220.486933,0.000000
220.5203,0.000000
220.553667,0.000000
220.587033,0.000000
220.6204,0.000000
220.653767,0.000000
220.687133,0.000000
220.7205,0.000000
220.753867,0.000000
220.787233,0.000000
220.8206,0.000000
220.853967,0.000000
220.887333,0.000000
220.9207,0.000000
220.954067,0.000000
220.987433,0.000000
221.0208,0.000000
221.054167,0.000000
221.087533,0.000000
221.1209,0.000000
221.154267,0.000000
221.187633,0.000000
221.221,0.000048
221.254367,0.000002
221.287733,0.000015
221.3211,0.000005
221.354467,0.000001
221.387833,0.000000
221.4212,0.000000
221.454567,0.000000
221.487933,0.000000
221.5213,0.000000
221.554667,0.000000
221.588033,0.000000
221.6214,0.000000
221.654767,0.000000
221.688133,0.000000
221.7215,0.000000
221.754867,0.000000
221.788233,0.000000
221.8216,0.000000
221.854967,0.000000
221.888333,0.000000
221.9217,0.000000
221.955067,0.000000
221.988433,0.000000
222.0218,0.000000
222.055167,0.000000
222.088533,0.000000
222.1219,0.000000
222.155267,0.000000
222.188633,0.000000
222.222,0.000048
222.255367,0.000002
222.288733,0.000015
222.3221,0.000005
222.355467,0.000001
222.388833,0.000000
222.4222,0.000000
222.455567,0.058410
222.488933,0.000025
222.5223,0.000012
222.555667,0.000003
222.589033,0.000001
222.6224,0.000000
222.655767,0.000000
222.689133,0.000000
222.7225,0.000000
222.755867,0.000000
222.789233,0.000000
222.8226,0.000000
222.855967,0.000000
222.889333,0.000000
222.9227,0.000000
222.956067,0.000000
222.989433,0.000000
223.0228,0.000000
223.056167,0.000000
223.089533,0.000000
223.1229,0.000000
223.156267,0.000000
223.189633,0.000000
223.223,0.000056
223.256367,0.000006
223.289733,0.000017
223.3231,0.000006
223.356467,0.000001
223.389833,0.000000
223.4232,0.000000
223.456567,0.000000
223.489933,0.000000
223.5233,0.000000
223.556667,0.000000
223.590033,0.000000
223.6234,0.000000
223.656767,0.000000
223.690133,0.000000
223.7235,0.000000
223.756867,0.000000
223.790233,0.000000
223.8236,0.000000
223.856967,0.000000
223.890333,0.000002
223.9237,0.000070
223.957067,0.000000
223.990433,0.000007
224.0238,0.000055
224.057167,0.000058
224.090533,0.000008
224.1239,0.000000
224.157267,0.000000
224.190633,0.000000
224.224,0.000052
224.257367,0.000003
224.290733,0.000017
224.3241,0.000006
224.357467,0.000001
224.390833,0.000000
224.4242,0.000000
224.457567,0.000000
224.490933,0.000000
224.5243,0.000000
224.557667,0.000000
224.591033,0.000000
224.6244,0.000000
224.657767,0.000000
224.691133,0.000000
224.7245,0.000000
224.757867,0.000000
224.791233,0.000000
224.8246,0.074175
224.857967,0.000010
224.891333,0.000004
224.9247,0.000001
224.958067,0.000000
224.991433,0.000000
225.0248,0.000000
225.058167,0.000000
225.091533,0.000000
225.1249,0.000000
225.158267,0.000000
225.191633,0.000000
225.225,0.000042
225.258367,0.000003
225.291733,0.000011
225.3251,0.000004
225.358467,0.000001
225.391833,0.000000
225.4252,0.000000
225.458567,0.000000
225.491933,0.000000
225.5253,0.000000
225.558667,0.000000
225.592033,0.000000
225.6254,0.000000
225.658767,0.000000
225.692133,0.000000
225.7255,0.000000
225.758867,0.000000
225.792233,0.000000
225.8256,0.000000
225.858967,0.000000
225.892333,0.000000
225.9257,0.000000
225.959067,0.000000
225.992433,0.000000
226.0258,0.000000
226.059167,0.000000
226.092533,0.000000
226.1259,0.000000
226.159267,0.000000
226.192633,0.000000
226.226,0.000041
226.259367,0.052894
226.292733,0.000173
226.3261,0.000201
226.359467,0.000077
226.392833,0.000186
226.4262,0.000107
226.459567,0.000073
226.492933,0.000050
226.5263,0.000050
226.559667,0.000203
226.593033,0.000032
226.6264,0.000177
226.659767,0.000122
226.693133,0.000020
226.7265,0.000129
226.759867,0.000028
226.793233,0.000003
226.8266,0.000030
226.859967,0.000216
226.893333,0.000043
226.9267,0.000165
226.960067,0.000338
226.993433,0.000253
227.0268,0.000279
227.060167,0.000200
227.093533,0.000132
227.1269,0.000066
227.160267,0.000093
227.193633,0.000131
227.227,0.000041
227.260367,0.000139
227.293733,0.000035
227.3271,0.000000
227.360467,0.000074
227.393833,0.000006
227.4272,0.000036
227.460567,0.000040
227.493933,0.000003
227.5273,0.000027
227.560667,0.000024
227.594033,0.000000
227.6274,0.000060
227.660767,0.000040
227.694133,0.000012
227.7275,0.000109
227.760867,0.000017
227.794233,0.000098
227.8276,0.000213
227.860967,0.000039
227.894333,0.000193
227.9277,0.000070
227.961067,0.000055
227.994433,0.000164
228.0278,0.000050
228.061167,0.000055
228.094533,0.000111
228.1279,0.000008
228.161267,0.038482
228.194633,0.000012
228.228,0.000057
228.261367,0.000011
228.294733,0.000015
228.3281,0.000006
228.361467,0.000001
228.394833,0.000001
228.4282,0.000000
228.461567,0.000000
228.494933,0.000000
228.5283,0.000000
228.561667,0.000000
228.595033,0.000000
228.6284,0.000000
228.661767,0.000000
228.695133,0.000000
228.7285,0.000000
228.761867,0.000000
228.795233,0.000000
228.8286,0.000000
228.861967,0.000000
228.895333,0.000000
228.9287,0.000000
228.962067,0.000000
228.995433,0.000000
229.0288,0.000000
229.062167,0.000000
229.095533,0.000000
229.1289,0.000000
229.162267,0.000000
229.195633,0.000000
229.229,0.000053
229.262367,0.000003
229.295733,0.000015
229.3291,0.000006
229.362467,0.000001
229.395833,0.000001
229.4292,0.000000
229.462567,0.000000
229.495933,0.000000
229.5293,0.000000
229.562667,0.000000
229.596033,0.000000
229.6294,0.027147
229.662767,0.000011
229.696133,0.000003
229.7295,0.000001
229.762867,0.000000
229.796233,0.000000
229.8296,0.000000
229.862967,0.000000
229.896333,0.000000
229.9297,0.000000
229.963067,0.000000
229.996433,0.000000
230.0298,0.000000
230.063167,0.000000
230.096533,0.000000
230.1299,0.000000
230.163267,0.000000
230.196633,0.000000
230.23,0.000054
230.263367,0.000004
230.296733,0.000015
230.3301,0.000007
230.363467,0.000001
230.396833,0.000001
230.4302,0.000000
230.463567,0.000000
230.496933,0.000000
230.5303,0.000000
230.563667,0.000000
230.597033,0.000000
230.6304,0.000000
230.663767,0.000000
230.697133,0.000000
230.7305,0.000000
230.763867,0.000000
230.797233,0.000000
230.8306,0.000000
230.863967,0.000000
230.897333,0.000000
230.9307,0.065962
230.964067,0.000028
230.997433,0.000014
231.0308,0.000002
231.064167,0.000000
231.097533,0.000000
231.1309,0.000000
231.164267,0.000000
231.197633,0.000000
231.231,0.000068
231.264367,0.000005
231.297733,0.000021
231.3311,0.000007
231.364467,0.000002
231.397833,0.000001
231.4312,0.000000
231.464567,0.000000
231.497933,0.000000
231.5313,0.000000
231.564667,0.000000
231.598033,0.000000
231.6314,0.000000
231.664767,0.000000
231.698133,0.000000
231.7315,0.000000
231.764867,0.000000
231.798233,0.000000
231.8316,0.000000
231.864967,0.000000
231.898333,0.000000
231.9317,0.000000
231.965067,0.000000
231.998433,0.000000
232.0318,0.000000
232.065167,0.000000
232.098533,0.000000
232.1319,0.000000
232.165267,0.000000
232.198633,0.000000
232.232,0.000066
232.265367,0.000003
232.298733,0.000021
232.3321,0.000007
232.365467,0.000002
232.398833,0.000001
232.4322,0.000000
232.465567,0.000000
232.498933,0.000000
232.5323,0.000000
232.565667,0.000000
232.599033,0.000000
232.6324,0.000000
232.665767,0.000000
232.699133,0.000000
232.7325,0.000000
232.765867,0.000000
232.799233,0.000000
232.8326,0.000000
232.865967,0.000000
232.899333,0.000000
232.9327,0.000000
232.966067,0.000000
232.999433,0.000000
233.0328,0.000000
233.066167,0.000000
233.099533,0.000000
233.1329,0.000000
233.166267,0.000000
233.199633,0.000000
233.233,0.000066
233.266367,0.000003
233.299733,0.000021
233.3331,0.000007
233.366467,0.000002
233.399833,0.000001
233.4332,0.000000
233.466567,0.000000
233.499933,0.000000
233.5333,0.000000
233.566667,0.000000
233.600033,0.000000
233.6334,0.000000
233.666767,0.000000
233.700133,0.000000
233.7335,0.049672
233.766867,0.000013
233.800233,0.000006
233.8336,0.000001
233.866967,0.000000
233.900333,0.000000
233.9337,0.000000
233.967067,0.000000
234.000433,0.000000
234.0338,0.000000
234.067167,0.000000
234.100533,0.000000
234.1339,0.000000
234.167267,0.000000
234.200633,0.000000
234.234,0.000055
234.267367,0.000003
234.300733,0.000015
234.3341,0.000007
234.367467,0.000001
234.400833,0.000001
234.4342,0.000000
234.467567,0.000000
234.500933,0.000000
234.5343,0.000000
234.567667,0.000000
234.601033,0.000000
234.6344,0.000000
234.667767,0.000000
234.701133,0.000000
234.7345,0.000000
234.767867,0.000000
234.801233,0.000000
234.8346,0.000000
234.867967,0.000000
234.901333,0.000000
234.9347,0.000000
234.968067,0.000000
235.001433,0.000000
235.0348,0.000000
235.068167,0.000000
235.101533,0.000000
235.1349,0.000000
235.168267,0.000000
235.201633,0.000000
235.235,0.000054
235.268367,0.000003
235.301733,0.000015
235.3351,0.000007
235.368467,0.000001
235.401833,0.000001
235.4352,0.000000
235.468567,0.000000
235.501933,0.000000
235.5353,0.000000
235.568667,0.000000
235.602033,0.000000
235.6354,0.000000
235.668767,0.000000
235.702133,0.036848
235.7355,0.000022
235.768867,0.000011
235.802233,0.000002
235.8356,0.000000
235.868967,0.000000
235.902333,0.000000
235.9357,0.000000
235.969067,0.000000
236.002433,0.000000
236.0358,0.000000
236.069167,0.000000
236.102533,0.000000
236.1359,0.000000
236.169267,0.000000
236.202633,0.000000
236.236,0.000064
236.269367,0.000005
236.302733,0.000018
236.3361,0.000007
236.369467,0.000001
236.402833,0.000001
236.4362,0.000000
236.469567,0.000000
236.502933,0.000000
236.5363,0.000000
236.569667,0.000000
236.603033,0.000000
236.6364,0.000000
236.669767,0.000000
236.703133,0.000000
236.7365,0.000000
236.769867,0.000000
236.803233,0.000000
236.8366,0.000000
236.869967,0.000000
236.903333,0.000000
236.9367,0.000000
236.970067,0.000000
237.003433,0.000000
237.0368,0.000000
237.070167,0.000000
237.103533,0.000000
237.1369,0.000000
237.170267,0.000000
237.203633,0.000000
237.237,0.000062
237.270367,0.065902
237.303733,0.000018
237.3371,0.000009
237.370467,0.000002
237.403833,0.000001
237.4372,0.000000
237.470567,0.000000
237.503933,0.000000
237.5373,0.000000
237.570667,0.000000
237.604033,0.000000
237.6374,0.000000
237.670767,0.000000
237.704133,0.000000
237.7375,0.000000
237.770867,0.000000
237.804233,0.000000
237.8376,0.000000
237.870967,0.000000
237.904333,0.000000
237.9377,0.000000
237.971067,0.000000
238.004433,0.000000
238.0378,0.000000
238.071167,0.000000
238.104533,0.000000
238.1379,0.000000
238.171267,0.000000
238.204633,0.000000
238.238,0.000052
238.271367,0.000004
238.304733,0.000014
238.3381,0.000006
238.371467,0.000001
238.404833,0.000000
238.4382,0.000000
238.471567,0.000000
238.504933,0.000000
238.5383,0.000000
238.571667,0.000000
238.605033,0.000000
238.6384,0.028601
238.671767,0.000019
238.705133,0.000008
238.7385,0.000001
238.771867,0.000000
238.805233,0.000000
238.8386,0.000000
238.871967,0.000000
238.905333,0.000000
238.9387,0.000000
238.972067,0.000000
239.005433,0.000000
239.0388,0.000000
239.072167,0.000000
239.105533,0.000000
239.1389,0.000000
239.172267,0.000000
239.205633,0.000000
239.239,0.000062
239.272367,0.000007
239.305733,0.000018
239.3391,0.000006
239.372467,0.000001
239.405833,0.000001
239.4392,0.000000
239.472567,0.000000
239.505933,0.000000
239.5393,0.000000
239.572667,0.000000
239.606033,0.000000
239.6394,0.000000
239.672767,0.000000
239.706133,0.000000
239.7395,0.000000
239.772867,0.000000
239.806233,0.000000
239.8396,0.000000
239.872967,0.000000
239.906333,0.000000
239.9397,0.000000
239.973067,0.000000
240.006433,0.000000
240.0398,0.033602
240.073167,0.000018
240.106533,0.000007
240.1399,0.000001
240.173267,0.000000
240.206633,0.000000
240.24,0.000060
240.273367,0.000005
240.306733,0.000018
240.3401,0.000006
240.373467,0.000001
240.406833,0.000001
240.4402,0.000000
240.473567,0.000000
240.506933,0.000000
240.5403,0.000000
240.573667,0.000000
240.607033,0.000000
240.6404,0.000000
240.673767,0.000000
240.707133,0.000000
240.7405,0.000000
240.773867,0.000000
240.807233,0.000000
240.8406,0.000000
240.873967,0.000000
240.907333,0.000000
240.9407,0.000000
240.974067,0.000000
241.007433,0.000000
241.0408,0.000000
241.074167,0.000000
241.107533,0.000000
241.1409,0.000000
241.174267,0.000000
241.207633,0.000000
241.241,0.000057
241.274367,0.000003
241.307733,0.000018
241.3411,0.000006
241.374467,0.000001
241.407833,0.000001
241.4412,0.000000
241.474567,0.000000
241.507933,0.000000
241.5413,0.000000
241.574667,0.000000
241.608033,0.000000
241.6414,0.000000
241.674767,0.000000
241.708133,0.228290
241.7415,0.000033
241.774867,0.000011
241.808233,0.000003
241.8416,0.000001
241.874967,0.000000
241.908333,0.000000
241.9417,0.000000
241.975067,0.000000
242.008433,0.000000
242.0418,0.000000
242.075167,0.000000
242.108533,0.000000
242.1419,0.000000
242.175267,0.000000
242.208633,0.000000
242.242,0.000052
242.275367,0.000015
242.308733,0.000012
242.3421,0.000004
242.375467,0.000001
242.408833,0.000000
242.4422,0.000000
242.475567,0.000000
242.508933,0.000000
242.5423,0.000000
242.575667,0.000000
242.609033,0.000000
242.6424,0.000000
242.675767,0.000000
242.709133,0.000000
242.7425,0.000000
242.775867,0.000000
242.809233,0.000000
242.8426,0.000000
242.875967,0.000000
242.909333,0.000000
242.9427,0.000000
242.976067,0.000000
243.009433,0.000000
243.0428,0.000000
243.076167,0.000000
243.109533,0.000000
243.1429,0.000000
243.176267,0.000000
243.209633,0.000000
243.243,0.000038
243.276367,0.000001
243.309733,0.000012
243.3431,0.000004
243.376467,0.000001
243.409833,0.000000
243.4432,0.000000
243.476567,0.000000
243.509933,0.000000
243.5433,0.000000
243.576667,0.000000
243.610033,0.000000
243.6434,0.000000
243.676767,0.000000
243.710133,0.000000
243.7435,0.000000
243.776867,0.000000
243.810233,0.000000
243.8436,0.000000
243.876967,0.000000
243.910333,0.000000
243.9437,0.000000
243.977067,0.074213
244.010433,0.000054
244.0438,0.000008
244.077167,0.000019
244.110533,0.000016
244.1439,0.000012
244.177267,0.000010
244.210633,0.000005
244.244,0.000014
244.277367,0.000017
244.310733,0.000042
244.3441,0.000012
244.377467,0.000006
244.410833,0.000056
244.4442,0.000095
244.477567,0.000079
244.510933,0.000036
244.5443,0.000004
244.577667,0.000011
244.611033,0.000016
244.6444,0.000026
244.677767,0.000008
244.711133,0.000010
244.7445,0.000025
244.777867,0.000020
244.811233,0.000032
244.8446,0.000072
244.877967,0.000043
244.911333,0.000159
244.9447,0.000065
244.978067,0.000064
245.011433,0.000032
245.0448,0.066326
245.078167,0.000054
245.111533,0.000004
245.1449,0.000004
245.178267,0.000020
245.211633,0.000023
245.245,0.000062
245.278367,0.000019
245.311733,0.000011
245.3451,0.000069
245.378467,0.000062
245.411833,0.000056
245.4452,0.000037
245.478567,0.000027
245.511933,0.000013
245.5453,0.000022
245.578667,0.000036
245.612033,0.000026
245.6454,0.000003
245.678767,0.000008
245.712133,0.000008
245.7455,0.000042
245.778867,0.000031
245.812233,0.000084
245.8456,0.000006
245.878967,0.000040
245.912333,0.000091
245.9457,0.000095
245.979067,0.000191
246.012433,0.000057
246.0458,0.000087
246.079167,0.000050
246.112533,0.000063
246.1459,0.000053
246.179267,0.000035
246.212633,0.000013
246.246,0.000081
246.279367,0.000085
246.312733,0.000053
246.3461,0.000068
246.379467,0.000029
246.412833,0.000014
246.4462,0.000022
246.479567,0.000018
246.512933,0.000017
246.5463,0.000016
246.579667,0.000001
246.613033,0.000006
246.6464,0.000035
246.679767,0.000039
246.713133,0.000049
246.7465,0.000015
246.779867,0.000036
246.813233,0.000076
246.8466,0.000068
246.879967,0.000022
246.913333,0.000036
246.9467,0.000002
246.980067,0.000009
247.013433,0.000014
247.0468,0.000048
247.080167,0.000030
247.113533,0.000018
247.1469,0.000010
247.180267,0.000003
247.213633,0.000065
247.247,0.000008
247.280367,0.000055
247.313733,0.000044
247.3471,0.000062
247.380467,0.000044
247.413833,0.000049
247.4472,0.030571
247.480567,0.000085
247.513933,0.000021
247.5473,0.000024
247.580667,0.000038
247.614033,0.000039
247.6474,0.000026
247.680767,0.000010
247.714133,0.000021
247.7475,0.000039
247.780867,0.000094
247.814233,0.000070
247.8476,0.000009
247.880967,0.000020
247.914333,0.000019
247.9477,0.000082
247.981067,0.000076
248.014433,0.000090
248.0478,0.000004
248.081167,0.000073
248.114533,0.000063
248.1479,0.000063
248.181267,0.000059
248.214633,0.000033
248.248,0.000031
248.281367,0.000057
248.314733,0.000075
248.3481,0.000174
248.381467,0.000091
248.414833,0.000053
248.4482,0.000021
248.481567,0.000031
248.514933,0.000010
248.5483,0.000011
248.581667,0.000054
248.615033,0.000028
248.6484,0.000036
248.681767,0.000098
248.715133,0.000076
248.7485,0.000075
248.781867,0.000011
248.815233,0.000070
248.8486,0.000040
248.881967,0.000049
248.915333,0.000046
248.9487,0.000026
248.982067,0.000024
249.015433,0.000014
249.0488,0.000014
249.082167,0.000030
249.115533,0.000024
249.1489,0.000011
249.182267,0.000001
249.215633,0.000000
249.249,0.000066
249.282367,0.000012
249.315733,0.000020
249.3491,0.000007
249.382467,0.000001
249.415833,0.000001
249.4492,0.000000
249.482567,0.000000
249.515933,0.000000
249.5493,0.000000
249.582667,0.000000
249.616033,0.000000
249.6494,0.000000
249.682767,0.000000
249.716133,0.000000
249.7495,0.037606
249.782867,0.000015
249.816233,0.000006
249.8496,0.000001
249.882967,0.000000
249.916333,0.000000
249.9497,0.000000
249.983067,0.000000
250.016433,0.000000
250.0498,0.000000
250.083167,0.000000
250.116533,0.000000
250.1499,0.000000
250.183267,0.000000
250.216633,0.000000
250.25,0.000052
250.283367,0.000004
250.316733,0.000015
250.3501,0.000007
250.383467,0.000001
250.416833,0.000001
250.4502,0.000000
250.483567,0.000000
250.516933,0.000000
250.5503,0.000000
250.583667,0.000000
250.617033,0.000000
250.6504,0.000000
250.683767,0.000000
250.717133,0.000000
250.7505,0.000000
250.783867,0.000000
250.817233,0.000000
250.8506,0.000000
250.883967,0.000000
250.917333,0.000000
250.9507,0.000000
250.984067,0.000000
251.017433,0.000000
251.0508,0.000000
251.084167,0.000000
251.117533,0.000000
251.1509,0.000000
251.184267,0.000000
251.217633,0.000000
251.251,0.000051
251.284367,0.000003
251.317733,0.000015
251.3511,0.000007
251.384467,0.000001
251.417833,0.000001
251.4512,0.000000
251.484567,0.000000
251.517933,0.000000
251.5513,0.000000
251.584667,0.000000
251.618033,0.000000
251.6514,0.000000
251.684767,0.000000
251.718133,0.000000
251.7515,0.000000
251.784867,0.000000
251.818233,0.000000
251.8516,0.000000
251.884967,0.161835
251.918333,0.000255
251.9517,0.000711
251.985067,0.000178
252.018433,0.000201
252.0518,0.000040
252.085167,0.000016
252.118533,0.000001
252.1519,0.000347
252.185267,0.000631
252.218633,0.000309
252.252,0.000889
252.285367,0.025591
252.318733,0.006492
252.3521,0.009240
252.385467,0.007578
252.418833,0.005145
252.4522,0.000270
252.485567,0.000639
252.518933,0.002513
252.5523,0.016451
252.585667,0.000895
252.619033,0.015293
252.6524,0.004252
252.685767,0.006207
252.719133,0.011745
252.7525,0.000070
252.785867,0.000023
252.819233,0.000023
252.8526,0.000006
252.885967,0.000001
252.919333,0.060258
252.9527,0.000077
252.986067,0.000013
253.019433,0.000002
253.0528,0.000000
253.086167,0.000000
253.119533,0.000000
253.1529,0.000000
253.186267,0.000000
253.219633,0.000000
253.253,0.000573
253.286367,0.000185
253.319733,0.000142
253.3531,0.000071
253.386467,0.000011
253.419833,0.000005
253.4532,0.000000
253.486567,0.000000
253.519933,0.000000
253.5533,0.000000
253.586667,0.001074
253.620033,0.013601
253.6534,0.000368
253.686767,0.000187
253.720133,0.000101
253.7535,0.000020
253.786867,0.000125
253.820233,0.000058
253.8536,0.000141
253.886967,0.000240
253.920333,0.000072
253.9537,0.000221
253.987067,0.000292
254.020433,0.000115
254.0538,0.000173
254.087167,0.000084
254.120533,0.000825
254.1539,0.000071
254.187267,0.000013
254.220633,0.000003
254.254,0.000495
254.287367,0.000100
254.320733,0.000142
254.3541,0.000071
254.387467,0.000011
254.420833,0.000005
254.4542,0.000000
254.487567,0.000000
254.520933,0.000000
254.5543,0.000000
254.587667,0.000000
254.621033,0.000000
254.6544,0.000000
254.687767,0.000000
254.721133,0.000000
254.7545,0.000000
254.787867,0.000000
254.821233,0.000000
254.8546,0.000000
254.887967,0.000000
254.921333,0.000000
254.9547,0.000000
254.988067,0.000000
255.021433,0.000000
255.0548,0.000000
255.088167,0.000000
255.121533,0.000000
255.1549,0.000000
255.188267,0.000000
255.221633,0.000000
255.255,0.000416
255.288367,0.059534
255.321733,0.000156
255.3551,0.000072
255.388467,0.000013
255.421833,0.000005
255.4552,0.000001
255.488567,0.000000
255.521933,0.000000
255.5553,0.000000
255.588667,0.000000
255.622033,0.000000
255.6554,0.000000
255.688767,0.000000
255.722133,0.000000
255.7555,0.000000
255.788867,0.000000
255.822233,0.000000
255.8556,0.000000
255.888967,0.000000
255.922333,0.000000
255.9557,0.000000
255.989067,0.000000
256.022433,0.000000
256.0558,0.000000
256.089167,0.000000
256.122533,0.000000
256.1559,0.000000
256.189267,0.000000
256.222633,0.000000
256.256,0.000430
256.289367,0.000038
256.322733,0.000141
256.3561,0.000070
256.389467,0.000011
256.422833,0.000005
256.4562,0.000000
256.489567,0.000000
256.522933,0.000001
256.5563,0.000000
256.589667,0.000000
256.623033,0.000001
256.6564,0.000000
256.689767,0.000000
256.723133,0.000001
256.7565,0.000001
256.789867,0.000000
256.823233,0.000001
256.8566,0.000001
256.889967,0.000000
256.923333,0.000000
256.9567,0.000001
256.990067,0.000000
257.023433,0.000000
257.0568,0.000000
257.090167,0.000000
257.123533,0.000001
257.1569,0.000000
257.190267,0.000000
257.223633,0.000001
257.257,0.000413
257.290367,0.000021
257.323733,0.000141
257.3571,0.000070
257.390467,0.000011
257.423833,0.000005
257.4572,0.000000
257.490567,0.000000
257.523933,0.000001
257.5573,0.000000
257.590667,0.000000
257.624033,0.000001
257.6574,0.000000
257.690767,0.000000
257.724133,0.000001
257.7575,0.001092
257.790867,0.000025
257.824233,0.000024
257.8576,0.071492
257.890967,0.001243
257.924333,0.000008
257.9577,0.000019
257.991067,0.000011
258.024433,0.000013
258.0578,0.000088
258.091167,0.000020
258.124533,0.000008
258.1579,0.000014
258.191267,0.000016
258.224633,0.000029
258.258,0.000535
258.291367,0.000261
258.324733,0.000146
258.3581,0.000169
258.391467,0.000008
258.424833,0.000016
258.4582,0.000112
258.491567,0.000055
258.524933,0.000091
258.5583,0.000082
258.591667,0.000082
258.625033,0.000105
258.6584,0.000108
258.691767,0.000221
258.725133,0.000266
258.7585,0.000140
258.791867,0.000030
258.825233,0.000083
258.8586,0.000022
258.891967,0.000003
258.925333,0.000001
258.9587,0.000000
258.992067,0.000000
259.025433,0.000000
259.0588,0.000000
259.092167,0.000000
259.125533,0.000000
259.1589,0.000000
259.192267,0.000000
259.225633,0.000000
259.259,0.000602
259.292367,0.000216
259.325733,0.000142
259.3591,0.000070
259.392467,0.000011
259.425833,0.000004
259.4592,0.000000
259.492567,0.000000
259.525933,0.000000
259.5593,0.027422
259.592667,0.000064
259.626033,0.000008
259.6594,0.000002
259.692767,0.000000
259.726133,0.000001
259.7595,0.000000
259.792867,0.000000
259.826233,0.000000
259.8596,0.000000
259.892967,0.000000
259.926333,0.000000
259.9597,0.000000
259.993067,0.000000
260.026433,0.000000
260.0598,0.000000
260.093167,0.000000
260.126533,0.000000
260.1599,0.000000
260.193267,0.000000
260.226633,0.000000
260.26,0.000422
260.293367,0.000033
260.326733,0.000141
260.3601,0.000070
260.393467,0.000011
260.426833,0.000004
260.4602,0.000000
260.493567,0.000000
260.526933,0.000001
260.5603,0.000000
260.593667,0.000000
260.627033,0.000001
260.6604,0.000000
260.693767,0.000000
260.727133,0.000001
260.7605,0.000001
260.793867,0.000000
260.827233,0.069944
260.8606,0.000068
260.893967,0.000012
260.927333,0.000002
260.9607,0.000000
260.994067,0.000000
261.027433,0.000000
261.0608,0.000000
261.094167,0.000000
261.127533,0.000000
261.1609,0.000000
261.194267,0.000000
261.227633,0.000000
261.261,0.000422
261.294367,0.000040
261.327733,0.000139
261.3611,0.000068
261.394467,0.000010
261.427833,0.000004
261.4612,0.000000
261.494567,0.000000
261.527933,0.000000
261.5613,0.000000
261.594667,0.000000
261.628033,0.000000
261.6614,0.000000
261.694767,0.000000
261.728133,0.000000
261.7615,0.000000
261.794867,0.000000
261.828233,0.000000
261.8616,0.000000
261.894967,0.000000
261.928333,0.000000
261.9617,0.000000
261.995067,0.000000
262.028433,0.000000
262.0618,0.000000
262.095167,0.000000
262.128533,0.000000
262.1619,0.000000
262.195267,0.000000
262.228633,0.000000
262.262,0.000402
262.295367,0.000020
262.328733,0.000139
262.3621,0.000068
262.395467,0.000010
262.428833,0.000004
262.4622,0.000000
262.495567,0.000000
262.528933,0.000000
262.5623,0.000000
262.595667,0.000000
262.629033,0.000000
262.6624,0.000000
262.695767,0.000000
262.729133,0.000000
262.7625,0.000000
262.795867,0.000000
262.829233,0.000000
262.8626,0.000000
262.895967,0.000000
262.929333,0.000000
262.9627,0.000000
262.996067,0.000000
263.029433,0.000000
263.0628,0.000000
263.096167,0.000000
263.129533,0.000000
263.1629,0.000000
263.196267,0.044276
263.229633,0.000066
263.263,0.000408
263.296367,0.000042
263.329733,0.000138
263.3631,0.000068
263.396467,0.000011
263.429833,0.000004
263.4632,0.000001
263.496567,0.000000
263.529933,0.000000
263.5633,0.000000
263.596667,0.000000
263.630033,0.000000
263.6634,0.000000
263.696767,0.000000
263.730133,0.000000
263.7635,0.000000
263.796867,0.000000
263.830233,0.000000
263.8636,0.000000
263.896967,0.000000
263.930333,0.000000
263.9637,0.000000
263.997067,0.000000
264.030433,0.000000
264.0638,0.000000
264.097167,0.000000
264.130533,0.000000
264.1639,0.000000
264.197267,0.000000
264.230633,0.000000
264.264,0.000400
264.297367,0.000020
264.330733,0.000138
264.3641,0.000068
264.397467,0.000011
264.430833,0.000004
264.4642,0.000001
264.497567,0.000000
264.530933,0.000000
264.5643,0.000000
264.597667,0.000000
264.631033,0.000000
264.6644,0.000000
264.697767,0.000000
264.731133,0.000000
264.7645,0.000000
264.797867,0.000000
264.831233,0.000000
264.8646,0.000000
264.897967,0.000000
264.931333,0.000000
264.9647,0.000000
264.998067,0.000000
265.031433,0.000000
265.0648,0.000000
265.098167,0.000000
265.131533,0.000000
265.1649,0.000000
265.198267,0.000000
265.231633,0.000000
265.265,0.000400
265.298367,0.000020
265.331733,0.000138
265.3651,0.000068
265.398467,0.000011
265.431833,0.000004
265.4652,0.000001
265.498567,0.000000
265.531933,0.000000
265.5653,0.000000
265.598667,0.000000
265.632033,0.000000
265.6654,0.000000
265.698767,0.000000
265.732133,0.000000
265.7655,0.000000
265.798867,0.000000
265.832233,0.000000
265.8656,0.000000
265.898967,0.000000
265.932333,0.443070
265.9657,0.001101
265.999067,0.000180
266.032433,0.000173
266.0658,0.000016
266.099167,0.000014
266.132533,0.000010
266.1659,0.000005
266.199267,0.000043
266.232633,0.000039
266.266,0.000111
266.299367,0.000025
266.332733,0.000028
266.3661,0.000002
266.399467,0.017092
266.432833,0.001470
266.4662,0.000004
266.499567,0.000056
266.532933,0.000069
266.5663,0.000057
266.599667,0.000100
266.633033,0.000089
266.6664,0.000148
266.699767,0.000164
266.733133,0.000845
266.7665,0.000033
266.799867,0.000034
266.833233,0.017955
266.8666,0.001146
266.899967,0.000015
266.933333,0.000082
266.9667,0.000022
267.000067,0.000075
267.033433,0.000011
267.0668,0.000006
267.100167,0.000030
267.133533,0.000015
267.1669,0.000012
267.200267,0.000055
267.233633,0.000009
267.267,0.016350
267.300367,0.000091
267.333733,0.000058
267.3671,0.000029
267.400467,0.000018
267.433833,0.000022
267.4672,0.000014
267.500567,0.023301
267.533933,0.000084
267.5673,0.000016
267.600667,0.000002
267.634033,0.000015
267.6674,0.000054
267.700767,0.000019
267.734133,0.012356
267.7675,0.000316
267.800867,0.000016
267.834233,0.000211
267.8676,0.000064
267.900967,0.000026
267.934333,0.000018
267.9677,0.000008
268.001067,0.000020
268.034433,0.000005
268.0678,0.000012
268.101167,0.000012
268.134533,0.000009
268.1679,0.000000
268.201267,0.016595
268.234633,0.000097
268.268,0.000125
268.301367,0.000100
268.334733,0.000034
268.3681,0.000033
268.401467,0.000009
268.434833,0.000033
268.4682,0.000015
268.501567,0.000024
268.534933,0.000013
268.5683,0.000007
268.601667,0.018182
268.635033,0.000081
268.6684,0.000003
268.701767,0.000009
268.735133,0.000013
268.7685,0.041113
268.801867,0.009118
268.835233,0.035296
268.8686,0.047891
268.901967,0.004817
268.935333,0.010617
268.9687,0.000075
269.002067,0.000783
269.035433,0.000151
269.0688,0.002407
269.102167,0.001802
269.135533,0.000363
269.1689,0.000906
269.202267,0.000755
269.235633,0.000895
269.269,0.000023
269.302367,0.000609
269.335733,0.000399
269.3691,0.002130
269.402467,0.000605
269.435833,0.000649
269.4692,0.000998
269.502567,0.000719
269.535933,0.001136
269.5693,0.000436
269.602667,0.001661
269.636033,0.000714
269.6694,0.001771
269.702767,0.000668
269.736133,0.001926
269.7695,0.002837
269.802867,0.000030
269.836233,0.000012
269.8696,0.000005
269.902967,0.000091
269.936333,0.000022
269.9697,0.000011
270.003067,0.005367
270.036433,0.000039
270.0698,0.000017
270.103167,0.000001
270.136533,0.000003
270.1699,0.000003
270.203267,0.000006
270.236633,0.000003
270.27,0.000238
270.303367,0.000084
270.336733,0.000026
270.3701,0.000007
270.403467,0.005654
270.436833,0.000062
270.4702,0.000023
270.503567,0.000000
270.536933,0.000001
270.5703,0.000017
270.603667,0.000000
270.637033,0.000018
270.6704,0.609295
270.703767,0.001376
270.737133,0.000676
270.7705,0.000059
270.803867,0.000033
270.837233,0.000030
270.8706,0.000066
270.903967,0.000032
270.937333,0.000030
270.9707,0.000012
271.004067,0.000022
271.037433,0.029386
271.0708,0.001121
271.104167,0.000275
271.137533,0.000478
271.1709,0.000053
271.204267,0.000070
271.237633,0.000018
271.271,0.000465
271.304367,0.000306
271.337733,0.000038
271.3711,0.000010
271.404467,0.000023
271.437833,0.000042
271.4712,0.000048
271.504567,0.022739
271.537933,0.001481
271.5713,0.000429
271.604667,0.000308
271.638033,0.000245
271.6714,0.000568
271.704767,0.000260
271.738133,0.000244
271.7715,0.000017
271.804867,0.000530
271.838233,0.000415
271.8716,0.000019
271.904967,0.000073
271.938333,0.000012
271.9717,0.020421
272.005067,0.001358
272.038433,0.000388
272.0718,0.000357
272.105167,0.000035
272.138533,0.000027
272.1719,0.000042
272.205267,0.000018
272.238633,0.000069
272.272,0.000485
272.305367,0.000381
272.338733,0.000102
272.3721,0.000000
272.405467,0.000018
272.438833,0.021797
272.4722,0.000986
272.505567,0.000792
272.538933,0.000762
272.5723,0.000100
272.605667,0.000093
272.639033,0.000762
272.6724,0.000086
272.705767,0.032604
272.739133,0.000162
272.7725,0.000064
272.805867,0.000022
272.839233,0.026450
272.8726,0.000562
272.905967,0.000217
272.939333,0.000162
272.9727,0.000681
273.006067,0.000174
273.039433,0.000467
273.0728,0.000294
273.106167,0.000009
273.139533,0.000028
273.1729,0.000040
273.206267,0.000046
273.239633,0.000011
273.273,0.000767
273.306367,0.018318
273.339733,0.001577
273.3731,0.000815
273.406467,0.000742
273.439833,0.000333
273.4732,0.000093
273.506567,0.000067
273.539933,0.000824
273.5733,0.000303
273.606667,0.000260
273.640033,0.000282
273.6734,0.000128
273.706767,0.000407
273.740133,0.000260
273.7735,0.015638
273.806867,0.003182
273.840233,0.000659
273.8736,0.000954
273.906967,0.000617
273.940333,0.001144
273.9737,0.000063
274.007067,0.001129
274.040433,0.000470
274.0738,0.000154
274.107167,0.001274
274.140533,0.000607
274.1739,0.000454
274.207267,0.017073
274.240633,0.000361
274.274,0.002695
274.307367,0.000003
274.340733,0.000002
274.3741,0.000162
274.407467,0.000101
274.440833,0.001015
274.4742,0.000235
274.507567,0.000424
274.540933,0.000131
274.5743,0.004673
274.607667,0.001729
274.641033,0.019118
274.6744,0.001062
274.707767,0.000119
274.741133,0.001799
274.7745,0.000567
274.807867,0.034703
274.841233,0.001859
274.8746,0.000862
274.907967,0.002079
274.941333,0.000023
274.9747,0.000381
275.008067,0.000248
275.041433,0.000100
275.0748,0.000227
275.108167,0.017917
275.141533,0.002529
275.1749,0.000717
275.208267,0.000530
275.241633,0.000009
275.275,0.003777
275.308367,0.000005
275.341733,0.000002
275.3751,0.000873
275.408467,0.000192
275.441833,0.001632
275.4752,0.000503
275.508567,0.000133
275.541933,0.000252
275.5753,0.015799
275.608667,0.000041
275.642033,0.000020
275.6754,0.000003
275.708767,0.002149
275.742133,0.000219
275.7755,0.000972
275.808867,0.001925
275.842233,0.001078
275.8756,0.000627
275.908967,0.000196
275.942333,0.000088
275.9757,0.000036
276.009067,0.017879
276.042433,0.001999
276.0758,0.000171
276.109167,0.000422
276.142533,0.000440
276.1759,0.000491
276.209267,0.000351
276.242633,0.000039
276.276,0.003398
276.309367,0.000003
276.342733,0.040472
276.3761,0.001041
276.409467,0.000783
276.442833,0.021949
276.4762,0.001944
276.509567,0.000722
276.542933,0.000015
276.5763,0.000000
276.609667,0.000002
276.643033,0.000000
276.6764,0.000274
276.709767,0.000156
276.743133,0.000160
276.7765,0.000710
276.809867,0.000006
276.843233,0.000443
276.8766,0.000161
276.909967,0.018625
276.943333,0.001269
276.9767,0.000456
277.010067,0.000290
277.043433,0.000013
277.0768,0.000025
277.110167,0.000002
277.143533,0.000313
277.1769,0.000056
277.210267,0.000686
277.243633,0.000278
277.277,0.001544
277.310367,0.000547
277.343733,0.016628
277.3771,0.001009
277.410467,0.000319
277.443833,0.000270
277.4772,0.000067
277.510567,0.000029
277.543933,0.000279
277.5773,0.000088
277.610667,0.002994
277.644033,0.001535
277.6774,0.000637
277.710767,0.023015
277.744133,0.000146
277.7775,0.000063
277.810867,0.000041
277.844233,0.000012
277.8776,0.000102
277.910967,0.000037
277.944333,0.019013
277.9777,0.001713
278.011067,0.000595
278.044433,0.000224
278.0778,0.000049
278.111167,0.000086
278.144533,0.000001
278.1779,0.000066
278.211267,0.000138
278.244633,0.000110
278.278,0.002085
278.311367,0.000357
278.344733,0.000116
278.3781,0.023239
278.411467,0.001467
278.444833,0.000428
278.4782,0.000173
278.511567,0.000024
278.544933,0.000058
278.5783,0.000002
278.611667,0.000113
278.645033,0.000075
278.6784,0.000222
278.711767,0.000201
278.745133,0.000071
278.7785,0.000414
278.811867,0.000229
278.845233,0.018543
278.8786,0.001216
278.911967,0.020418
278.945333,0.001146
278.9787,0.000544
279.012067,0.000035
279.045433,0.000075
279.0788,0.000042
279.112167,0.000097
279.145533,0.000042
279.1789,0.000005
279.212267,0.000035
279.245633,0.000102
279.279,0.017225
279.312367,0.000400
279.345733,0.000304
279.3791,0.000348
279.412467,0.000433
279.445833,0.000246
279.4792,0.000111
279.512567,0.000037
279.545933,0.000022
279.5793,0.000010
279.612667,0.000016
279.646033,0.000002
279.6794,0.000002
279.712767,0.000001
279.746133,0.019060
279.7795,0.001240
279.812867,0.000447
279.846233,0.000469
279.8796,0.000271
279.912967,0.000144
279.946333,0.000051
279.9797,0.000010
280.013067,0.000113
280.046433,0.000046
280.0798,0.000157
280.113167,0.000148
280.146533,0.000052
280.1799,0.023204
280.213267,0.001520
280.246633,0.000627
280.28,0.001852
280.313367,0.000653
280.346733,0.000262
280.3801,1.000000
280.413467,0.000000
280.446833,0.009078
280.4802,0.000060
280.513567,0.009766
280.546933,0.000607
280.5803,0.009592
280.613667,0.000499
280.647033,0.009754
280.6804,0.000592
280.713767,0.011102
280.747133,0.000353
280.7805,0.010274
280.813867,0.000624
280.847233,0.010079
280.8806,0.000854
280.913967,0.009947
280.947333,0.001612
280.9807,0.010901
281.014067,0.000369
281.047433,0.011055
281.0808,0.000086
281.114167,0.010937
281.147533,0.000660
281.1809,0.010646
281.214267,0.000854
281.247633,0.011257
281.281,0.002452
281.314367,0.009456
281.347733,0.000406
281.3811,0.011449
281.414467,0.000036
281.447833,0.011966
281.4812,0.000246
281.514567,0.013499
281.547933,0.001239
281.5813,0.011577
281.614667,0.000197
281.648033,0.011901
281.6814,0.000291
281.714767,0.012195
281.748133,0.000621
281.7815,0.012277
281.814867,0.001301
281.848233,0.011069
281.8816,0.000179
281.914967,0.012440
281.948333,0.000017
281.9817,0.012479
282.015067,0.000324
282.048433,0.013487
282.0818,0.001265
282.115167,0.012064
282.148533,0.000134
282.1819,0.044031
282.215267,0.000046
282.248633,0.012786
282.282,0.002281
282.315367,0.011163
282.348733,0.000325
282.3821,0.014218
282.415467,0.000000
282.448833,0.013016
282.4822,0.000538
282.515567,0.013546
282.548933,0.000401
282.5823,0.014929
282.615667,0.001218
282.649033,0.013610
282.6824,0.000111
282.715767,0.014117
282.749133,0.000062
282.7825,0.014274
282.815867,0.000729
282.849233,0.013851
282.8826,0.001201
282.915967,0.013248
282.949333,0.000502
282.9827,0.013720
283.016067,0.000333
283.049433,0.013892
283.0828,0.000700
283.116167,0.014374
283.149533,0.001468
283.1829,0.012963
283.216267,0.000190
283.249633,0.013736
283.283,0.002484
283.316367,0.011074
283.349733,0.001011
283.3831,0.013493
283.416467,0.000412
283.449833,0.013561
283.4832,0.001808
283.516567,0.012181
283.549933,0.000236
283.5833,0.013680
283.616667,0.000021
283.650033,0.014312
283.6834,0.000654
283.716767,0.013355
283.750133,0.000415
283.7835,0.013679
283.816867,0.001004
283.850233,0.012820
283.8836,0.000088
283.916967,0.014159
283.950333,0.000036
283.9837,0.013489
284.017067,0.000565
284.050433,0.013179
284.0838,0.000358
284.117167,0.013489
284.150533,0.000991
284.1839,0.000357
284.217267,0.013819
284.250633,0.000301
284.284,0.043369
284.317367,0.000296
284.350733,0.014582
284.3841,0.000693
284.417467,0.014547
284.450833,0.001607
284.4842,0.013775
284.517567,0.000001
284.550933,0.015040
284.5843,0.000097
284.617667,0.014172
284.651033,0.000050
284.6844,0.014702
284.717767,0.000954
284.751133,0.013231
284.7845,0.000471
284.817867,0.013525
284.851233,0.001684
284.8846,0.012205
284.917967,0.000234
284.951333,0.014299
284.9847,0.000100
285.018067,0.013603
285.051433,0.000780
285.0848,0.013133
285.118167,0.000424
285.151533,0.013206
285.1849,0.001037
285.218267,0.012894
285.251633,0.000105
285.285,0.013540
285.318367,0.000006
285.351733,0.012710
285.3851,0.000840
285.418467,0.011408
285.451833,0.000481
285.4852,0.011957
285.518567,0.001055
285.551933,0.011020
285.5853,0.000048
285.618667,0.011772
285.652033,0.000074
285.6854,0.011246
285.718767,0.000519
285.752133,0.011130
285.7855,0.001054
285.818867,0.010545
285.852233,0.000159
285.8856,0.011401
285.918967,0.000238
285.952333,0.011075
285.9857,0.000147
286.019067,0.010951
286.052433,0.000979
286.0858,0.009824
286.119167,0.020899
286.152533,0.010612
286.1859,0.000308
286.219267,0.009755
286.252633,0.000285
286.286,0.011901
286.319367,0.000187
286.352733,0.012761
286.3861,0.000000
286.419467,0.011470
286.452833,0.000240
286.4862,0.011936
286.519567,0.000907
286.552933,0.011848
286.5863,0.000213
286.619667,0.011997
286.653033,0.000403
286.6864,0.012150
286.719767,0.001122
286.753133,0.011098
286.7865,0.000204
286.819867,0.012612
286.853233,0.000418
286.8866,0.012306
286.919967,0.000740
286.953333,0.012020
286.9867,0.001346
287.020067,0.011304
287.053433,0.000209
287.0868,0.013096
287.120167,0.000039
287.153533,0.013051
287.1869,0.000750
287.220267,0.012775
287.253633,0.001282
287.287,0.012650
287.320367,0.000198
287.353733,0.013939
287.3871,0.000390
287.420467,0.013438
287.453833,0.001026
287.4872,0.012707
287.520567,0.000169
287.553933,0.013673
287.5873,0.000177
287.620667,0.014068
287.654033,0.001162
287.6874,0.012699
287.720767,0.000322
287.754133,0.013942
287.7875,0.000338
287.820867,0.014081
287.854233,0.001371
287.8876,0.000170
287.920967,0.015291
287.954333,0.000328
287.9877,0.015137
288.021067,0.000351
288.054433,0.015507
288.0878,0.000709
288.121167,0.015687
288.154533,0.000058
288.1879,0.016194
288.221267,0.000030
288.254633,1.000000
288.288,0.000969
288.321367,0.000088
288.354733,0.000036
288.3881,0.000251
288.421467,0.000020
288.454833,0.000271
288.4882,0.000100
288.521567,0.000017
288.554933,0.000084
288.5883,0.000029
288.621667,0.000051
288.655033,0.000091
288.6884,0.000071
288.721767,0.000109
288.755133,0.000067
288.7885,0.000101
288.821867,0.000046
288.855233,0.000062
288.8886,0.000107
288.921967,0.000047
288.955333,0.000029
288.9887,0.000056
289.022067,0.000040
289.055433,0.000060
289.0888,0.000071
289.122167,0.000135
289.155533,0.000024
289.1889,0.000185
289.222267,0.000084
289.255633,0.000286
289.289,0.000240
289.322367,0.000071
289.355733,0.000020
289.3891,0.000007
289.422467,0.000001
289.455833,0.000000
289.4892,0.000000
289.522567,0.000000
289.555933,0.000000
289.5893,0.000000
289.622667,0.000000
289.656033,0.000000
289.6894,0.000000
289.722767,0.000000
289.756133,0.000000
289.7895,0.000000
289.822867,0.000000
289.856233,0.000000
289.8896,0.000000
289.922967,0.000000
289.956333,0.000000
289.9897,0.000000
290.023067,0.000000
290.056433,0.000000
290.0898,0.000000
290.123167,0.000000
290.156533,0.000000
290.1899,0.000000
290.223267,0.000000
290.256633,0.000000
290.29,0.000063
290.323367,0.000003
290.356733,0.000020
290.3901,0.000007
290.423467,0.000001
290.456833,0.000000
290.4902,0.000000
290.523567,0.000000
290.556933,0.000000
290.5903,0.000000
290.623667,0.000000
290.657033,0.000000
290.6904,0.000000
290.723767,0.000000
290.757133,0.000000
290.7905,0.000000
290.823867,0.072837
290.857233,0.000018
290.8906,0.000008
290.923967,0.000002
290.957333,0.000000
290.9907,0.000000
291.024067,0.000000
291.057433,0.000000
291.0908,0.000000
291.124167,0.000000
291.157533,0.000000
291.1909,0.000000
291.224267,0.000000
291.257633,0.000000
291.291,0.000059
291.324367,0.000007
291.357733,0.000016
291.3911,0.000007
291.424467,0.000001
291.457833,0.000000
291.4912,0.000000
291.524567,0.000000
291.557933,0.000000
291.5913,0.000000
291.624667,0.000000
291.658033,0.000000
291.6914,0.000000
291.724767,0.000000
291.758133,0.000000
291.7915,0.000000
291.824867,0.000000
291.858233,0.000000
291.8916,0.000000
291.924967,0.000000
291.958333,0.000000
291.9917,0.000000
292.025067,0.000000
292.058433,0.000000
292.0918,0.000000
292.125167,0.000000
292.158533,0.000000
292.1919,0.000000
292.225267,0.000000
292.258633,0.000000
292.292,0.000055
292.325367,0.000003
292.358733,0.000016
292.3921,0.000007
292.425467,0.025212
292.458833,0.000015
292.4922,0.000006
292.525567,0.000001
292.558933,0.000000
292.5923,0.000000
292.625667,0.000000
292.659033,0.000000
292.6924,0.000000
292.725767,0.000000
292.759133,0.000000
292.7925,0.000000
292.825867,0.000000
292.859233,0.000000
292.8926,0.000000
292.925967,0.000000
292.959333,0.000000
292.9927,0.000000
293.026067,0.000000
293.059433,0.000000
293.0928,0.000000
293.126167,0.000000
293.159533,0.000000
293.1929,0.000000
293.226267,0.000000
293.259633,0.000000
293.293,0.000060
293.326367,0.000010
293.359733,0.040208
293.3931,0.000014
293.426467,0.000006
293.459833,0.000002
293.4932,0.000000
293.526567,0.000000
293.559933,0.000000
293.5933,0.000000
293.626667,0.000000
293.660033,0.000000
293.6934,0.000000
293.726767,0.000000
293.760133,0.000000
293.7935,0.000000
293.826867,0.000000
293.860233,0.000000
293.8936,0.000000
293.926967,0.000000
293.960333,0.000000
293.9937,0.000000
294.027067,0.000000
294.060433,0.000000
294.0938,0.000000
294.127167,0.000000
294.160533,0.000000
294.1939,0.000000
294.227267,0.000000
294.260633,0.000000
294.294,0.000053
294.327367,0.000005
294.360733,0.000014
294.3941,0.000006
294.427467,0.000001
294.460833,0.000000
294.4942,0.000000
294.527567,0.000000
294.560933,0.000000
294.5943,0.000000
294.627667,0.000000
294.661033,0.000000
294.6944,0.000000
294.727767,0.000000
294.761133,0.000000
294.7945,0.000000
294.827867,0.000000
294.861233,0.000000
294.8946,0.000000
294.927967,0.000000
294.961333,0.000000
294.9947,0.000000
295.028067,0.000000
295.061433,0.000000
295.0948,0.000000
295.128167,0.000000
295.161533,0.000000
295.1949,0.000000
295.228267,0.000000
295.261633,0.000000
295.295,0.000051
295.328367,0.000003
295.361733,0.048442
295.3951,0.000023
295.428467,0.000011
295.461833,0.000002
295.4952,0.000000
295.528567,0.000000
295.561933,0.000000
295.5953,0.000000
295.628667,0.000000
295.662033,0.000000
295.6954,0.000000
295.728767,0.000000
295.762133,0.000000
295.7955,0.000000
295.828867,0.000000
295.862233,0.000000
295.8956,0.000000
295.928967,0.000000
295.962333,0.000000
295.9957,0.000000
296.029067,0.000000
296.062433,0.000000
296.0958,0.000000
296.129167,0.000000
296.162533,0.000000
296.1959,0.000000
296.229267,0.000000
296.262633,0.000000
296.296,0.000060
296.329367,0.000006
296.362733,0.000018
296.3961,0.000007
296.429467,0.000001
296.462833,0.000000
296.4962,0.000000
296.529567,0.000000
296.562933,0.000000
296.5963,0.000000
296.629667,0.000000
296.663033,0.000000
296.6964,0.000000
296.729767,0.000000
296.763133,0.000000
296.7965,0.000000
296.829867,0.000000
296.863233,0.000000
296.8966,0.000000
296.929967,0.000000
296.963333,0.000000
296.9967,0.000000
297.030067,0.000000
297.063433,0.000000
297.0968,0.000000
297.130167,0.000000
297.163533,0.000000
297.1969,0.000000
297.230267,0.000000
297.263633,0.000000
297.297,0.000057
297.330367,0.000003
297.363733,0.000018
297.3971,0.000007
297.430467,0.072248
297.463833,0.000009
297.4972,0.000002
297.530567,0.000001
297.563933,0.000000
297.5973,0.000000
297.630667,0.000000
297.664033,0.000000
297.6974,0.000000
297.730767,0.000000
297.764133,0.000000
297.7975,0.000000
297.830867,0.000000
297.864233,0.000000
297.8976,0.000000
297.930967,0.000000
297.964333,0.000000
297.9977,0.000000
298.031067,0.000000
298.064433,0.000000
298.0978,0.000000
298.131167,0.000000
298.164533,0.000000
298.1979,0.187547
298.231267,0.000000
298.264633,0.000000
298.298,0.000000
298.331367,0.000000
298.364733,0.000000
298.3981,0.000000
298.431467,0.000012
298.464833,0.000103
298.4982,0.000127
298.531567,0.000179
298.564933,0.000271
298.5983,0.000408
298.631667,0.000550
298.665033,0.000747
298.6984,0.000904
298.731767,0.001044
298.765133,0.001117
298.7985,0.001290
298.831867,0.001296
298.865233,0.001345
298.8986,0.001363
298.931967,0.001438
298.965333,0.001130
298.9987,0.000773
299.032067,0.000350
299.065433,0.000440
299.0988,0.000728
299.132167,0.000547
299.165533,0.000552
299.1989,0.000768
299.232267,0.000102
299.265633,0.000040
299.299,0.000218
299.332367,0.000874
299.365733,0.000836
299.3991,0.001012
299.432467,0.000956
299.465833,0.000018
299.4992,0.000732
299.532567,0.001416
299.565933,0.001945
299.5993,0.002249
299.632667,0.002990
299.666033,0.002791
299.6994,0.002258
299.732767,0.000995
299.766133,0.000752
299.7995,0.001811
299.832867,0.002537
299.866233,0.002544
299.8996,0.002206
299.932967,0.001447
299.966333,0.000309
299.9997,0.000240
300.033067,0.001287
300.066433,0.001548
300.0998,0.002420
300.133167,0.002242
300.166533,0.001999
300.1999,0.000986
300.233267,0.001430
300.266633,0.001915
300.3,0.002684
300.333367,0.002475
300.366733,0.002503
300.4001,0.002068
300.433467,0.001997
300.466833,0.001634
300.5002,0.001596
300.533567,0.001336
300.566933,0.001023
300.6003,0.001223
300.633667,0.000677
300.667033,0.000636
300.7004,0.000717
300.733767,0.000524
300.767133,0.000457
300.8005,0.000356
300.833867,0.000616
300.867233,0.000100
300.9006,0.000632
300.933967,0.000158
300.967333,0.000200
301.0007,0.000220
301.034067,0.000082
301.067433,0.000123
301.1008,0.000101
301.134167,0.000084
301.167533,0.000291
301.2009,0.000763
301.234267,0.000536
301.267633,0.000152
301.301,0.000020
301.334367,0.000135
301.367733,0.000076
301.4011,0.000016
301.434467,0.000144
301.467833,0.000217
301.5012,0.000058
301.534567,0.000313
301.567933,0.000015
301.6013,0.000148
301.634667,0.000351
301.668033,0.000011
301.7014,0.000129
301.734767,0.000280
301.768133,0.000069
301.8015,0.000092
301.834867,0.000120
301.868233,0.000080
301.9016,0.000068
301.934967,0.000080
301.968333,0.000072
302.0017,0.000069
302.035067,0.000007
302.068433,0.000047
302.1018,0.000072
302.135167,0.000070
302.168533,0.000037
302.2019,0.000228
302.235267,0.000083
302.268633,0.000103
302.302,0.000030
302.335367,0.000064
302.368733,0.000048
302.4021,0.000043
302.435467,0.000035
302.468833,0.000071
302.5022,0.000077
302.535567,0.000102
302.568933,0.000088
302.6023,0.000139
302.635667,0.000107
302.669033,0.000094
302.7024,0.000083
302.735767,0.000062
302.769133,0.000080
302.8025,0.000059
302.835867,0.000050
302.869233,0.000046
302.9026,0.000041
302.935967,0.000036
302.969333,0.000035
303.0027,0.000042
303.036067,0.000049
303.069433,0.000049
303.1028,0.000035
303.136167,0.000014
303.169533,0.000004
303.2029,0.000582
303.236267,0.000113
303.269633,0.000039
303.303,0.000087
303.336367,0.000042
303.369733,0.000009
303.4031,0.000003
303.436467,0.000000
303.469833,0.000000
303.5032,0.000000
303.536567,0.000000
303.569933,0.000000
303.6033,0.000000
303.636667,0.000000
303.670033,0.000000
303.7034,0.000000
303.736767,0.000000
303.770133,0.000000
303.8035,0.000000
303.836867,0.000000
303.870233,0.000000
303.9036,0.000000
303.936967,0.000000
303.970333,0.000000
