t,YDIF
0,0
0.0333667,0.008345
0.0667333,0.0003175
0.1001,0.0001375
0.133467,0
0.166833,0
0.2002,0
0.233567,0
0.266933,0
0.3003,0
0.333667,0
0.367033,0
0.4004,0
0.433767,0
0.467133,0
0.5005,0
0.533867,0
0.567233,0
0.6006,0.0606125
0.633967,0.0175375
0.667333,0.0100425
0.7007,0.00984
0.734067,0.00951
0.767433,0.0147375
0.8008,2.84062
0.834167,8.98901
0.867533,12.0225
0.9009,10.6166
0.934267,0.155982
0.967633,0.018185
1.001,0.074215
1.034367,0.0094375
1.067733,0.00362
1.1011,0.00278
1.134467,0.00341
1.167833,0.00286
1.2012,0.00316
1.234567,0.00336
1.267933,0.00278
1.3013,0.00322
1.334667,0.019675
1.368033,0.0044225
1.4014,0.002145
1.434767,0.002215
1.468133,0.00188
1.5015,0.00159
1.534867,0.00185
1.568233,0.00185
1.6016,0.00189
1.634967,0.00189
1.668333,0.00162
1.7017,0.00168
1.735067,0.00223
1.768433,0.00157
1.8018,0.00155
1.835167,0.00211
1.868533,0.014835
1.9019,0.005275
1.935267,0.003045
1.968633,0.00222
2.002,8.84219
2.035367,9.28761
2.068733,9.62779
2.1021,10.029
2.135467,10.1132
2.168833,9.6653
2.2022,1.60377
2.235567,0.014615
2.268933,0.0041875
2.3023,0.0022675
2.335667,0.00228
2.369033,0.0023225
2.4024,0.00164
2.435767,0.00155
2.469133,0.0024
2.5025,0.00245
2.535867,0.00213
2.569233,0.00181
2.6026,0.00159
2.635967,0.060905
2.669333,0.0043125
2.7027,0.005625
2.736067,0.0014175
2.769433,0.0003
2.8028,0.000145
2.836167,0.0001
2.869533,7
2.9029,0.00013
2.936267,0.000135
2.969633,0.00013
3.003,0.0129425
3.036367,0.00624
3.069733,0.00172
3.1031,0.000435
3.136467,0.000175
3.169833,8
3.2032,6
3.236567,0.00011
3.269933,0.000105
3.3033,0.00011
3.336667,8.5
3.370033,7
3.4034,0.00011
3.436767,0.00011
3.470133,7.5
3.5035,0.0001
3.536867,0.000115
3.570233,0.0287475
3.6036,0.004025
3.636967,0.0035075
3.670333,0.0005825
3.7037,7.67981
3.737067,2.75
3.770433,0
3.8038,0
3.837167,0
3.870533,0
3.9039,0
3.937267,0
3.970633,0
4.004,0
4.037367,0
4.070733,0
4.1041,0
4.137467,0
4.170833,0
4.2042,0
4.237567,0
4.270933,0
4.3043,0
4.337667,0
4.371033,0
4.4044,0
4.437767,0
4.471133,0
4.5045,0
4.537867,0
4.571233,0
4.6046,0
4.637967,0
4.671333,0
4.7047,0
4.738067,0
4.771433,0
4.8048,0
4.838167,0
4.871533,0
4.9049,0
4.938267,0
4.971633,0
5.005,0
5.038367,0
5.071733,0
5.1051,0
5.138467,0
5.171833,0
5.2052,0
5.238567,0
5.271933,0
5.3053,0
5.338667,0
5.372033,0
5.4054,0
5.438767,0
5.472133,0
5.5055,0
5.538867,0
5.572233,0
5.6056,0
5.638967,0
5.672333,0
5.7057,0
5.739067,0
5.772433,0
5.8058,0
5.839167,0
5.872533,0
5.9059,0
5.939267,0
5.972633,0
6.006,0
6.039367,0
6.072733,0
6.1061,0
6.139467,0
6.172833,0
6.2062,0
6.239567,0
6.272933,0
6.3063,0
6.339667,0
6.373033,0
6.4064,0
6.439767,0
6.473133,0
6.5065,0
6.539867,0
6.573233,0
6.6066,0
6.639967,0
6.673333,0
6.7067,0
6.740067,0
6.773433,0
6.8068,0
6.840167,0
6.873533,0
6.9069,0
6.940267,0
6.973633,0
7.007,0
7.040367,0
7.073733,0
7.1071,0
7.140467,0
7.173833,0
7.2072,0
7.240567,0
7.273933,0
7.3073,0
7.340667,0
7.374033,0
7.4074,0
7.440767,0
7.474133,0
7.5075,0
7.540867,0
7.574233,0
7.6076,0
7.640967,0
7.674333,0
7.7077,0
7.741067,0.0396675
7.774433,0.208648
7.8078,0.224967
7.841167,0.565427
7.874533,0.0600125
7.9079,0.029735
7.941267,0.0898375
7.974633,0.42117
8.008,0.257877
8.041367,0.0677775
8.074733,0.574477
8.1081,0.390815
8.141467,0.068995
8.174833,0.11471
8.2082,0.120355
8.241567,0.404552
8.274933,0.246207
8.3083,0.207453
8.341667,0.198425
8.375033,0.274247
8.4084,0.256132
8.441767,0.270203
8.475133,0.071995
8.5085,0.0528875
8.541867,0.105338
8.575233,0.177205
8.6086,0.174052
8.641967,0.170155
8.675333,0.315607
8.7087,0.329377
8.742067,0.0736375
8.775433,0.421878
8.8088,0.489972
8.842167,0.13782
8.875533,0.01138
8.9089,0.0006975
8.942267,0.00069
8.975633,0.00068
9.009,0.0075475
9.042367,0.0044325
9.075733,0.00142
9.1091,0.000955
9.142467,0.0008025
9.175833,0.00072
9.2092,0.00072
9.242567,0.00072
9.275933,0.00072
9.3093,0.00072
9.342667,0.00072
9.376033,0.00072
9.4094,0.00072
9.442767,0.00072
9.476133,0.00072
9.5095,0.00072
9.542867,0.00072
9.576233,0.00072
9.6096,0.00072
9.642967,0.00072
9.676333,0.00072
9.7097,0.00072
9.743067,0.00072
9.776433,0.00072
9.8098,0.00072
9.843167,0.00072
9.876533,0.00072
9.9099,0.00072
9.943267,0.00072
9.976633,0.00072
10.01,0.00475
10.043367,0.0044325
10.076733,0.00142
10.1101,0.000955
10.143467,0.0008025
10.176833,0.00072
10.2102,0.00072
10.243567,0.00072
10.276933,0.00072
10.3103,0.00072
10.343667,0.00072
10.377033,0.00072
10.4104,0.00072
10.443767,0.00072
10.477133,0.00072
10.5105,0.00072
10.543867,0.00072
10.577233,0.00072
10.6106,0.00072
10.643967,0.00072
10.677333,0.00072
10.7107,0.00072
10.744067,0.00072
10.777433,0.00072
10.8108,0.00072
10.844167,180.486
10.877533,0.004995
10.9109,0.391965
10.944267,1.72324
10.977633,1.77368
11.011,0.52848
11.044367,0.172208
11.077733,0.0003
11.1111,0.186048
11.144467,10.6525
11.177833,1.57136
11.2112,2.13021
11.244567,3.60193
11.277933,0.029955
11.3113,0.285307
11.344667,4.74937
11.378033,1.76168
11.4114,2.73348
11.444767,0.400023
11.478133,0.0594125
11.5115,1.43898
11.544867,0.41631
11.578233,1.66371
11.6116,0.28825
11.644967,0.44868
11.678333,0.082695
11.7117,0.272675
11.745067,0.474017
11.778433,0.232738
11.8118,1.27782
11.845167,0.451253
11.878533,0.0603125
11.9119,0.421765
11.945267,0.264855
11.978633,0.27735
12.012,1.17527
12.045367,0.1779
12.078733,0.0167975
12.1121,0.460558
12.145467,7.28102
12.178833,3.12797
12.2122,1.47384
12.245567,0.189548
12.278933,0.0010125
12.3123,1.26244
12.345667,1.95277
12.379033,0.736285
12.4124,0.355117
12.445767,0.895505
12.479133,0.0087725
12.5125,1.51606
12.545867,0.467303
12.579233,1.12092
12.6126,1.00026
12.645967,1.14164
12.679333,0.0992525
12.7127,1.10909
12.746067,0.274045
12.779433,1.39054
12.8128,0.28868
12.846167,0.490945
12.879533,0.04008
12.9129,0.35052
12.946267,0.189825
12.979633,2.72262
13.013,0.682905
13.046367,1.24148
13.079733,0.0253175
13.1131,0.22688
13.146467,0.245762
13.179833,0.860282
13.2132,0.274352
13.246567,1.86128
13.279933,0.147185
13.3133,0.270405
13.346667,0.275392
13.380033,0.328348
13.4134,0.977997
13.446767,2.00186
13.480133,0.134245
13.5135,1.54857
13.546867,0.244638
13.580233,0.345448
13.6136,0.251165
13.646967,0.887073
13.680333,0.126015
13.7137,0.25664
13.747067,1.2656
13.780433,0.426515
13.8138,0.274945
13.847167,0.28999
13.880533,0.096585
13.9139,0.281593
13.947267,0.32054
13.980633,0.427922
14.014,0.574377
14.047367,0.89758
14.080733,0.0107675
14.1141,0.213125
14.147467,0.925183
14.180833,0.990332
14.2142,1.26035
14.247567,0.351552
14.280933,0.073215
14.3143,0.277448
14.347667,1.34318
14.381033,0.432683
14.4144,0.279985
14.447767,3.22544
14.481133,1.52901
14.5145,1.29714
14.547867,1.08925
14.581233,0.994592
14.6146,1.75602
14.647967,1.05066
14.681333,0.690867
14.7147,1.61788
14.748067,1.41384
14.781433,0.707333
14.8148,0.683115
14.848167,0.767537
14.881533,0.464842
14.9149,1.25337
14.948267,0.637645
14.981633,0.803632
15.015,0.89476
15.048367,0.532168
15.081733,0.397925
15.1151,1.14592
15.148467,0.513748
15.181833,1.33651
15.2152,1.02548
15.248567,0.418775
15.281933,0.36043
15.3153,0.50079
15.348667,0.556133
15.382033,1.34099
15.4154,1.32028
15.448767,3.50768
15.482133,1.25767
15.5155,2.94519
15.548867,1.11013
15.582233,1.65995
15.6156,0.842712
15.648967,1.50167
15.682333,0.762068
15.7157,0.882977
15.749067,2.69617
15.782433,2.73292
15.8158,1.27929
15.849167,1.22406
15.882533,0.290457
15.9159,0.36652
15.949267,1.22572
15.982633,0.586043
16.016,0.740895
16.049367,0.415325
16.082733,0.256478
16.1161,0.939142
16.149467,0.90672
16.182833,0.30838
16.2162,2.13929
16.249567,0.314893
16.282933,0.0591575
16.3163,0.16903
16.349667,0.126963
16.383033,0.239135
16.4164,0.180237
16.449767,0.98966
16.483133,0.08216
16.5165,0.31094
16.549867,1.11242
16.583233,0.993293
16.6166,0.78338
16.649967,0.0701425
16.683333,0.0029125
16.7167,0.743973
16.750067,0.918397
16.783433,1.30706
16.8168,3.22054
16.850167,2.26462
16.883533,0.136373
16.9169,0.217617
16.950267,2.63842
16.983633,3.83561
17.017,4.3254
17.050367,0.227002
17.083733,0.03751
17.1171,0.883498
17.150467,0.778728
17.183833,4.40245
17.2172,0.881925
17.250567,0.183032
17.283933,0.0035825
17.3173,0.115797
17.350667,2.2252
17.384033,0.63177
17.4174,0.573137
17.450767,1.3856
17.484133,0.0002325
17.5175,3.66063
17.550867,30.775
17.584233,1.37213
17.6176,6.44572
17.650967,0.21943
17.684333,0.5865
17.7177,0.0038125
17.751067,0.38585
17.784433,6.73747
17.8178,1.29013
17.851167,0.67977
17.884533,0.64385
17.9179,0.0013825
17.951267,0.178647
17.984633,0.993263
18.018,0.664695
18.051367,1.99787
18.084733,5.74734
18.1181,0.0997225
18.151467,5.64443
18.184833,0.320462
18.2182,3.91427
18.251567,0.229297
18.284933,6.22926
18.3183,0.000945
18.351667,0.21448
18.385033,2.22653
18.4184,2.20906
18.451767,0.413218
18.485133,6.11194
18.5185,0.0979475
18.551867,3.17602
18.585233,5.3964
18.6186,3.07699
18.651967,0.322128
18.685333,0.87684
18.7187,0.31396
18.752067,1.0144
18.785433,4.58036
18.8188,2.02522
18.852167,6.0897
18.885533,0.304818
18.9189,8.75
18.952267,0.28336
18.985633,0.266033
19.019,1.43954
19.052367,0.938357
19.085733,0.225353
19.1191,0.0602525
19.152467,0.483705
19.185833,0.356733
19.2192,5.03124
19.252567,0.940693
19.285933,0.217245
19.3193,0.007605
19.352667,1.97219
19.386033,0.40209
19.4194,0.359913
19.452767,1.29163
19.486133,1.3476
19.5195,0.205088
19.552867,0.289233
19.586233,3.25521
19.6196,1.49327
19.652967,0.351515
19.686333,1.95632
19.7197,0.0138775
19.753067,2.97358
19.786433,0.35781
19.8198,1.61958
19.853167,7.13786
19.886533,2.22378
19.9199,0.000255
19.953267,0.287843
19.986633,6.21676
20.02,1.65328
20.053367,0.31636
20.086733,1.09191
20.1201,0.0002625
20.153467,0.20348
20.186833,0.221488
20.2202,0.242358
20.253567,0.184405
20.286933,4.76117
20.3203,0.108863
20.353667,1.82482
20.387033,2.31989
20.4204,0.96498
20.453767,188.048
20.487133,0.0146075
20.5205,0
20.553867,0
20.587233,0.019555
20.6206,0.046655
20.653967,0.03816
20.687333,0.0225725
20.7207,0.007385
20.754067,0.001375
20.787433,0.000415
20.8208,0.001855
20.854167,0.0011
20.887533,0.0008
20.9209,0.00082
20.954267,0.00076
20.987633,0.000765
21.021,0.01956
21.054367,0.0062225
21.087733,0.00184
21.1211,0.001125
21.154467,0.00086
21.187833,0.00077
21.2212,0.000785
21.254567,0.0008
21.287933,0.00078
21.3213,0.00078
21.354667,0.00078
21.388033,0.00078
21.4214,0.00078
21.454767,0.00078
21.488133,0.00078
21.5215,0.00078
21.554867,0.00078
21.588233,0.00078
21.6216,0.00078
21.654967,0.00078
21.688333,0.00078
21.7217,0.00078
21.755067,0.00078
21.788433,0.00078
21.8218,0.00078
21.855167,0.00078
21.888533,0.00078
21.9219,0.00078
21.955267,0.00078
21.988633,0.00078
22.022,0.0065875
22.055367,0.0062225
22.088733,0.00184
22.1221,0.001125
22.155467,0.00086
22.188833,0.00077
22.2222,0.000785
22.255567,0.0008
22.288933,0.00078
22.3223,0.00078
22.355667,0.00078
22.389033,0.00078
22.4224,0.00078
22.455767,0.00078
22.489133,0.00078
22.5225,0.00078
22.555867,0.00078
22.589233,0.00078
22.6226,0.00078
22.655967,0.00078
22.689333,0.00078
22.7227,0.00078
22.756067,0.00078
22.789433,0.00078
22.8228,0.00078
22.856167,0.00078
22.889533,0.00078
22.9229,0.00078
22.956267,0.00078
22.989633,0.00078
23.023,0.0065875
23.056367,0.0062225
23.089733,0.00184
23.1231,0.001125
23.156467,0.00086
23.189833,0.00077
23.2232,0.000785
23.256567,0.0008
23.289933,75.2665
23.3233,0
23.356667,0.009095
23.390033,0.0308925
23.4234,0.12412
23.456767,0.166538
23.490133,0.03421
23.5235,0.0070825
23.556867,0.004195
23.590233,0.0023
23.6236,0.0017875
23.656967,0.007775
23.690333,0.002955
23.7237,0.0018575
23.757067,0.001695
23.790433,0.0017525
23.8238,0.001485
23.857167,0.0012775
23.890533,0.0013375
23.9239,0.0013625
23.957267,0.0015325
23.990633,0.0014325
24.024,0.231877
24.057367,0.024975
24.090733,0.0043175
24.1241,0.0017525
24.157467,0.0018075
24.190833,0.0014625
24.2242,0.001485
24.257567,0.00146
24.290933,0.00138
24.3243,0.00114
24.357667,0.001225
24.391033,1.01298
24.4244,1.0436
24.457767,1.05562
24.491133,1.05812
24.5245,0.933815
24.557867,0.926177
24.591233,1.06612
24.6246,0.99369
24.657967,1.05553
24.691333,1.03616
24.7247,1.03709
24.758067,1.03293
24.791433,1.03791
24.8248,1.03519
24.858167,1.0467
24.891533,1.04358
24.9249,1.04465
24.958267,1.04529
24.991633,2.5068
25.025,13.4881
25.058367,12.1462
25.091733,9.75837
25.1251,7.96219
25.158467,7.58786
25.191833,4.51342
25.2252,3.20955
25.258567,6.01882
25.291933,7.1412
25.3253,7.32746
25.358667,4.43504
25.392033,0.029985
25.4254,0.0009375
25.458767,0
25.492133,0.0015425
25.5255,0
25.558867,0.5992
25.592233,0.214075
25.6256,0.162967
25.658967,0.0331875
25.692333,0.03499
25.7257,0.02493
25.759067,0.01804
25.792433,0.259292
25.8258,0.230643
25.859167,0.239292
25.892533,0.077165
25.9259,0.003045
25.959267,0.0003175
25.992633,0
26.026,0.428092
26.059367,8
26.092733,0
26.1261,0.0639875
26.159467,0.0872925
26.192833,0.20778
26.2262,0.297762
26.259567,0.10821
26.292933,0.010245
26.3263,0.000925
26.359667,0
26.393033,0
26.4264,0.00267
26.459767,0.00312
26.493133,0.006835
26.5265,0.0219175
26.559867,0.0086375
26.593233,0.004435
26.6266,0.003895
26.659967,0.00317
26.693333,0.00273
26.7267,0.00296
26.760067,0.00272
26.793433,0.002685
26.8268,0.00319
26.860167,0.00276
26.893533,0.002405
26.9269,0.00288
26.960267,0.00282
26.993633,0.00274
27.027,0.302557
27.060367,0.0261275
27.093733,0.00546
27.1271,0.002385
27.160467,0.001865
27.193833,0.00172
27.2272,0.001935
27.260567,0.00164
27.293933,0.0020275
27.3273,0.0015825
27.360667,0.00154
27.394033,0.001785
27.4274,0.00156
27.460767,0.00181
27.494133,0.00152
27.5275,0.00145
27.560867,0.001655
27.594233,0.00172
27.6276,0.00169
27.660967,0.00144
27.694333,0.00156
27.7277,0.001725
27.761067,0.00181
27.794433,0.00155
27.8278,0.00135
27.861167,0.00156
27.894533,0.001855
27.9279,0.00167
27.961267,0.00161
27.994633,0.00164
28.028,0.0267625
28.061367,0.0261275
28.094733,0.00546
28.1281,0.002385
28.161467,0.001865
28.194833,0.00172
28.2282,0.001935
28.261567,0.00164
28.294933,0.0020275
28.3283,0.0015825
28.361667,0.00154
28.395033,0.001785
28.4284,0.00156
28.461767,0.00181
28.495133,49.5855
28.5285,0.0851375
28.561867,0.092105
28.595233,0.011995
28.6286,0.003455
28.661967,0.00081
28.695333,0.0004575
28.7287,0.000425
28.762067,0.00042
28.795433,0.00042
28.8288,0.00042
28.862167,0.00042
28.895533,0.00042
28.9289,0.00042
28.962267,0.00042
28.995633,0.00042
29.029,0.0099075
29.062367,0.0030825
29.095733,0.000695
29.1291,0.000385
29.162467,0.000305
29.195833,0.00028
29.2292,0.00028
29.262567,0.00028
29.295933,0.00028
29.3293,0.00028
29.362667,0.00028
29.396033,0.00028
29.4294,0.00028
29.462767,0.00028
29.496133,0.05936
29.5295,0.002895
29.562867,0.0006075
29.596233,0.000245
29.6296,0.00022
29.662967,0.0002
29.696333,0.0002
29.7297,0.0002
29.763067,0.0002
29.796433,0.0002
29.8298,0.0002
29.863167,0.0002
29.896533,0.0002
29.9299,0.0002
29.963267,0.0002
29.996633,0.0002
30.03,0.0043675
30.063367,0.0024075
30.096733,0.000485
30.1301,0.0002325
30.163467,0.00022
30.196833,0.0002
30.2302,0.0002
30.263567,0.0002
30.296933,0.0002
30.3303,0.0002
30.363667,0.0002
30.397033,0.0002
30.4304,0.0002
30.463767,0.0002
30.497133,0.001195
30.5305,0.0008825
30.563867,0.0003075
30.597233,0.0002
30.6306,0.0002
30.663967,0.0002
30.697333,0.0002
30.7307,0.0002
30.764067,0.0002
30.797433,0.0002
30.8308,0.0002
30.864167,0.0002
30.897533,0.0002
30.9309,0.0002
30.964267,0.0002
30.997633,0.0002
31.031,0.00265
31.064367,0.0024075
31.097733,0.000485
31.1311,0.0002325
31.164467,0.00022
31.197833,0.0002
31.2312,0.0002
31.264567,0.0002
31.297933,0.0002
31.3313,0.0002
31.364667,0.0002
31.398033,0.0002
31.4314,0.0002
31.464767,0.0037275
31.498133,0.101148
31.5315,0.776892
31.564867,2.21115
31.598233,5.29869
31.6316,8.32557
31.664967,10.3736
31.698333,11.2332
31.7317,11.31
31.765067,11.8118
31.798433,11.8007
31.8318,10.9634
31.865167,9.6801
31.898533,8.26658
31.9319,3.80672
31.965267,6.12504
31.998633,4.79756
32.032,3.56155
32.065367,2.3914
32.098733,1.29358
32.1321,0.221372
32.165467,0.0148125
32.198833,0.00336
32.2322,0.000935
32.265567,0.0005725
32.298933,0.00048
32.3323,0.00046
32.365667,0.0128975
32.399033,0.0005825
32.4324,0.0004775
32.465767,0.000465
32.499133,0.108408
32.5325,0.0063125
32.565867,0.0031125
32.599233,0.0004325
32.6326,0.000385
32.665967,6.15911
32.699333,8.49957
32.7327,6.24752
32.766067,3.84821
32.799433,1.97782
32.8328,0.557233
32.866167,64.305
32.899533,7.65214
32.9329,2.64366
32.966267,3.09007
32.999633,1.61539
33.033,0.637375
33.066367,0.725002
33.099733,0.821577
33.1331,0.797972
33.166467,0.70743
33.199833,0.615835
33.2332,0.521695
33.266567,0.456323
33.299933,0.382122
33.3333,0.31488
33.366667,0.26671
33.400033,0.20325
33.4334,0.075755
33.466767,0.133873
33.500133,0.192392
33.5335,0.0447475
33.566867,0.006535
33.600233,0.001405
33.6336,0.0004625
33.666967,0.000405
33.700333,0.0004
33.7337,0.0004
33.767067,0.0004
33.800433,0.0004
33.8338,0.0004
33.867167,0.0004
33.900533,0.0004
33.9339,0.00895
33.967267,0.00076
34.000633,0.0004975
34.034,0.00825
34.067367,0.004285
34.100733,0.000965
34.1341,0.0129
34.167467,0.00057
34.200833,0.0004825
34.2342,0.00046
34.267567,0.00046
34.300933,0.00046
34.3343,0.00046
34.367667,0.00046
34.401033,0.00046
34.4344,0.00046
34.467767,0.291633
34.501133,1.71666
34.5345,3.58712
34.567867,4.9391
34.601233,6.30771
34.6346,6.82963
34.667967,6.96864
34.701333,7.84281
34.7347,8.64816
34.768067,7.85677
34.801433,6.10401
34.8348,4.84571
34.868167,4.39316
34.901533,3.5127
34.9349,2.19039
34.968267,1.3979
35.001633,0.846785
35.035,0.49767
35.068367,0.226367
35.101733,0.0662275
35.1351,0.0046925
35.168467,0.221815
35.201833,1.59782
35.2352,2.2371
35.268567,2.40416
35.301933,2.80591
35.3353,2.37848
35.368667,13.578
35.402033,5.51254
35.4354,2.82118
35.468767,4.54748
35.502133,4.14263
35.5355,3.09384
35.568867,2.21033
35.602233,1.8735
35.6356,1.75012
35.668967,1.62902
35.702333,1.34949
35.7357,1.21079
35.769067,1.01217
35.802433,0.835372
35.8358,0.682262
35.869167,0.558848
35.902533,0.46336
35.9359,0.20198
35.969267,0.327035
36.002633,0.243705
36.036,0.169185
36.069367,0.0932375
36.102733,0.0378425
36.1361,0.195545
36.169467,0.231563
36.202833,0.25369
36.2362,0.412222
36.269567,0.47933
36.302933,0.327948
36.3363,0.19049
36.369667,0.103485
36.403033,0.0260125
36.4364,0.0809475
36.469767,0.414677
36.503133,0.617757
36.5365,0.537987
36.569867,0.365783
36.603233,0.170975
36.6366,0.04126
36.669967,0.138403
36.703333,0.292955
36.7367,0.292225
36.770067,0.197797
36.803433,0.10737
36.8368,0.04415
36.870167,0.00354
36.903533,0.0020125
36.9369,0.0018675
36.970267,0.0014825
37.003633,0.0013575
37.037,0.130078
37.070367,1.01936
37.103733,1.89448
37.1371,1.90925
37.170467,1.31719
37.203833,0.9116
37.2372,0.553625
37.270567,0.576175
37.303933,2.58794
37.3373,6.25812
37.370667,5.61206
37.404033,3.61192
37.4374,1.33142
37.470767,1.91396
37.504133,1.2181
37.5375,0.834028
37.570867,0.463552
37.604233,0.126147
37.6376,2.17845
37.670967,6.38298
37.704333,9.90085
37.7377,11.1389
37.771067,9.78175
37.804433,8.65526
37.8378,8.08827
37.871167,6.36787
37.904533,5.5205
37.9379,3.40783
37.971267,3.55985
38.004633,2.06809
38.038,1.34447
38.071367,0.925477
38.104733,0.595718
38.1381,0.417145
38.171467,0.202015
38.204833,0.0718725
38.2382,0.023955
38.271567,0.0055125
38.304933,0.001315
38.3383,0.0009725
38.371667,0.0008225
38.405033,0.001005
38.4384,0.001145
38.471767,0.0009175
38.505133,0.0161425
38.5385,0.0032875
38.571867,0.001305
38.605233,0.0006975
38.6386,0.00049
38.671967,0.0005525
38.705333,0.0004625
38.7387,0.000525
38.772067,0.0004625
38.805433,0.000555
38.8388,0.0004525
38.872167,0.00054
38.905533,0.0004375
38.9389,0.00057
38.972267,0.0004625
39.005633,0.000525
39.039,0.0063675
39.072367,0.0025
39.105733,0.0008325
39.1391,0.00057
39.172467,0.000505
39.205833,0.0004925
39.2392,0.0004925
39.272567,0.000475
39.305933,0.0004675
39.3393,0.000515
39.372667,0.0004525
39.406033,0.000505
39.4394,0.0004375
39.472767,0.000525
39.506133,0.001455
39.5395,0.00123
39.572867,0.0005925
39.606233,0.00043
39.6396,0.0004125
39.672967,0.000485
39.706333,0.0004025
39.7397,0.00043
39.773067,0.0004075
39.806433,0.000485
39.8398,0.0004125
39.873167,0.000415
39.906533,0.0004125
39.9399,0.000485
39.973267,0.0004025
40.006633,0.00043
40.04,0.0029525
40.073367,15.3336
40.106733,2.75
40.1401,0
40.173467,0
40.206833,0
40.2402,0
40.273567,0
40.306933,0
40.3403,0
40.373667,0
40.407033,0
40.4404,0
40.473767,0
40.507133,0
40.5405,0
40.573867,0
40.607233,0
40.6406,0
40.673967,0
40.707333,0
40.7407,0
40.774067,0
40.807433,0
40.8408,0
40.874167,0
40.907533,63.1704
40.9409,0.00425
40.974267,0.0010925
41.007633,0.0007475
41.041,0.0063075
41.074367,0.00412
41.107733,0.0012475
41.1411,0.0007475
41.174467,0.000435
41.207833,0.00044
41.2412,0.00044
41.274567,0.00044
41.307933,0.00044
41.3413,0.00044
41.374667,0.00044
41.408033,0.00044
41.4414,0.00044
41.474767,0.00044
41.508133,0.00044
41.5415,0.00044
41.574867,0.00044
41.608233,0.00044
41.6416,0.00044
41.674967,0.00044
41.708333,0.00044
41.7417,0.00044
41.775067,0.00044
41.808433,0.00044
41.8418,0.00044
41.875167,0.00044
41.908533,0.00044
41.9419,0.00044
41.975267,0.00044
42.008633,0.00044
42.042,0.00451
42.075367,0.00412
42.108733,0.0012475
42.1421,0.0007475
42.175467,0.000435
42.208833,0.00044
42.2422,0.00044
42.275567,0.00044
42.308933,0.00044
42.3423,0.00044
42.375667,0.00044
42.409033,0.00044
42.4424,0.00044
42.475767,0.00044
42.509133,0.00044
42.5425,0.00044
42.575867,0.00044
42.609233,0.00044
42.6426,0.00044
42.675967,0.00044
42.709333,0.00044
42.7427,0.00044
42.776067,0.00044
42.809433,0.00044
42.8428,0.00044
42.876167,0.00044
42.909533,0.00044
42.9429,0.21689
42.976267,0.306592
43.009633,0.22027
43.043,0.227098
43.076367,0.264672
43.109733,0.263782
43.1431,0.224972
43.176467,0.26419
43.209833,0.264522
43.2432,0.22893
43.276567,0.26668
43.309933,0.268157
43.3433,0.306573
43.376667,0.230123
43.410033,0.270643
43.4434,0.311582
43.476767,0.275555
43.510133,0.314097
43.5435,0.279905
43.576867,0.321997
43.610233,0.360447
43.6436,0.291278
43.676967,0.408875
43.710333,0.379107
43.7437,0.388078
43.777067,0.482602
43.810433,0.508413
43.8438,0.64853
43.877167,0.775957
43.910533,1.9079
43.9439,0.00295
43.977267,0.00129
44.010633,0.0009475
44.044,0.0090125
44.077367,0.0066825
44.110733,0.0020875
44.1441,0.0012025
44.177467,0.00087
44.210833,0.00087
44.2442,0.000875
44.277567,0.000875
44.310933,0.00087
44.3443,0.000875
44.377667,0.000875
44.411033,0.00087
44.4444,0.000875
44.477767,0.000875
44.511133,0.00087
44.5445,0.000875
44.577867,0.000875
44.611233,0.00087
44.6446,0.000875
44.677967,0.000875
44.711333,0.00087
44.7447,0.000875
44.778067,0.000875
44.811433,0.00087
44.8448,0.000875
44.878167,0.000875
44.911533,0.00087
44.9449,0.000875
44.978267,0.000875
45.011633,0.00087
45.045,0.0071775
45.078367,0.0066825
45.111733,0.0020875
45.1451,0.0012025
45.178467,0.00087
45.211833,0.00087
45.2452,0.000875
45.278567,0.000875
45.311933,0.00087
45.3453,0.000875
45.378667,0.000875
45.412033,0.00087
45.4454,0.000875
45.478767,0.000875
45.512133,0.00087
45.5455,0.000875
45.578867,0.000875
45.612233,0.00087
45.6456,0.000875
45.678967,0.000875
45.712333,0.00087
45.7457,0.000875
45.779067,0.000875
45.812433,0.00087
45.8458,0.000875
45.879167,0.000875
45.912533,0.00087
45.9459,0.000875
45.979267,0.000875
46.012633,0.00087
46.046,0.0071775
46.079367,0.0066825
46.112733,0.0020875
46.1461,0.0012025
46.179467,0.00087
46.212833,0.00087
46.2462,0.000875
46.279567,0.000875
46.312933,0.00087
46.3463,0.000875
46.379667,0.000875
46.413033,0.00087
46.4464,0.000875
46.479767,0.000875
46.513133,0.00087
46.5465,0.000875
46.579867,0.000875
46.613233,0.00087
46.6466,0.000875
46.679967,0.000875
46.713333,0.00087
46.7467,0.000875
46.780067,1.20826
46.813433,0.627613
46.8468,0.544385
46.880167,0.474835
46.913533,0.476863
46.9469,0.42701
46.980267,0.422725
47.013633,0.439343
47.047,0.396657
47.080367,0.414643
47.113733,0.39687
47.1471,0.387705
47.180467,0.394458
47.213833,0.36611
47.2472,0.395558
47.280567,0.38066
47.313933,0.353955
47.3473,0.393005
47.380667,0.377202
47.414033,0.375248
47.4474,0.361705
47.480767,0.378445
47.514133,0.381985
47.5475,0.363723
47.580867,0.37771
47.614233,0.39499
47.6476,0.372163
47.680967,0.390735
47.714333,0.447773
47.7477,0.538282
47.781067,0.0017
47.814433,0.000835
47.8478,0.000725
47.881167,0.00074
47.914533,0.00072
47.9479,0.00072
47.981267,0.00072
48.014633,0.00072
48.048,0.00668
48.081367,0.0056025
48.114733,0.001715
48.1481,0.0010725
48.181467,0.000775
48.214833,0.00076
48.2482,0.00076
48.281567,0.00076
48.314933,0.00076
48.3483,0.00076
48.381667,0.00076
48.415033,0.00076
48.4484,0.00076
48.481767,0.00076
48.515133,0.00076
48.5485,0.00076
48.581867,0.00076
48.615233,0.00076
48.6486,0.00076
48.681967,0.00076
48.715333,0.00076
48.7487,0.00076
48.782067,0.00076
48.815433,0.00076
48.8488,0.00076
48.882167,0.00076
48.915533,66.2832
48.9489,2.5
48.982267,0
49.015633,0
49.049,0
49.082367,0
49.115733,0
49.1491,0
49.182467,0
49.215833,0
49.2492,0
49.282567,0
49.315933,0
49.3493,0
49.382667,0
49.416033,0
49.4494,0
49.482767,0
49.516133,0
49.5495,0
49.582867,0
49.616233,0
49.6496,0
49.682967,0
49.716333,0
49.7497,0
49.783067,0
49.816433,0
49.8498,0
49.883167,0
49.916533,0
49.9499,0
49.983267,0
50.016633,0
50.05,0
50.083367,0
50.116733,0
50.1501,0
50.183467,0
50.216833,0
50.2502,0
50.283567,0
50.316933,0
50.3503,0
50.383667,0
50.417033,0
50.4504,0
50.483767,0
50.517133,0
50.5505,0
50.583867,0
50.617233,0
50.6506,0
50.683967,0
50.717333,0
50.7507,0
50.784067,0
50.817433,0
50.8508,0
50.884167,0
50.917533,0
50.9509,0
50.984267,0
51.017633,0
51.051,0
51.084367,0
51.117733,0
51.1511,0
51.184467,0
51.217833,0
51.2512,0
51.284567,0
51.317933,0
51.3513,0
51.384667,0
51.418033,0
51.4514,0
51.484767,0
51.518133,0
51.5515,0
51.584867,0
51.618233,0
51.6516,0
51.684967,0
51.718333,0
51.7517,0
51.785067,0
51.818433,0
51.8518,0
51.885167,0
51.918533,0
51.9519,0
51.985267,0
52.018633,0
52.052,0
52.085367,0
52.118733,0
52.1521,0
52.185467,0
52.218833,0
52.2522,0
52.285567,0
52.318933,0
52.3523,0
52.385667,0
52.419033,0
52.4524,0
52.485767,0
52.519133,0
52.5525,0
52.585867,0
52.619233,0
52.6526,0
52.685967,0
52.719333,0
52.7527,0
52.786067,0
52.819433,0
52.8528,0
52.886167,0
52.919533,0
52.9529,0
52.986267,0
53.019633,0
53.053,0
53.086367,0
53.119733,0
53.1531,0
53.186467,0
53.219833,0
53.2532,0
53.286567,0
53.319933,0
53.3533,0
53.386667,0
53.420033,0
53.4534,0
53.486767,0
53.520133,0
53.5535,0
53.586867,0
53.620233,0
53.6536,0
53.686967,0
53.720333,0
53.7537,0
53.787067,0
53.820433,0
53.8538,0
53.887167,0
53.920533,0
53.9539,0.0031775
53.987267,0.047365
54.020633,0.0143825
54.054,0.0005775
54.087367,0.0001525
54.120733,4
54.1541,4
54.187467,4
54.220833,4
54.2542,4
54.287567,4
54.320933,4
54.3543,4
54.387667,4
54.421033,4
54.4544,4
54.487767,4
54.521133,4
54.5545,4
54.587867,4
54.621233,4
54.6546,4
54.687967,4
54.721333,4
54.7547,4
54.788067,4
54.821433,4
54.8548,4
54.888167,4
54.921533,4
54.9549,4
54.988267,4
55.021633,4
55.055,0.714962
55.088367,0.74646
55.121733,4
55.1551,4
55.188467,4
55.221833,4
55.2552,4
55.288567,4
55.321933,4
55.3553,4
55.388667,4
55.422033,4
55.4554,4
55.488767,4
55.522133,4
55.5555,4
55.588867,4
55.622233,4
55.6556,4
55.688967,4
55.722333,4
55.7557,4
55.789067,4
55.822433,4
55.8558,4
55.889167,4
55.922533,4
55.9559,4
55.989267,4
56.022633,4
56.056,0.0001925
56.089367,0.0001925
56.122733,4
56.1561,4
56.189467,4
56.222833,0.027395
56.2562,0.07238
56.289567,0.25297
56.322933,0.0765
56.3563,0.065675
56.389667,0.140445
56.423033,0.193545
56.4564,0.141028
56.489767,0.046455
56.523133,0.112068
56.5565,0.0760325
56.589867,0.166095
56.623233,0.104435
56.6566,0.180847
56.689967,0.0261025
56.723333,0.0416375
56.7567,0.169885
56.790067,0.0862975
56.823433,0.03084
56.8568,0.0414775
56.890167,0.0887375
56.923533,0.140225
56.9569,0.18354
56.990267,0.040375
57.023633,0.0435375
57.057,0.02791
57.090367,0.0239
57.123733,0.08122
57.1571,0.023745
57.190467,0.03671
57.223833,0.135577
57.2572,0.031375
57.290567,0.241295
57.323933,0.101638
57.3573,0.0453475
57.390667,0.130065
57.424033,0.09181
57.4574,0.0343625
57.490767,0.203755
57.524133,0.02941
57.5575,0.0734975
57.590867,0.127573
57.624233,0.041145
57.6576,0.08585
57.690967,0.07823
57.724333,0.0024975
57.7577,0.0007
57.791067,0.000675
57.824433,0.000675
57.8578,0.000675
57.891167,0.000675
57.924533,0.000675
57.9579,0.000675
57.991267,0.000675
58.024633,0.000675
58.058,0.0080375
58.091367,0.004375
58.124733,0.0015175
58.1581,0.0007625
58.191467,0.000655
58.224833,0.00062
58.2582,0.00062
58.291567,0.00062
58.324933,0.00062
58.3583,0.00062
58.391667,0.00062
58.425033,0.00062
58.4584,0.00062
58.491767,0.00062
58.525133,0.00062
58.5585,0.00062
58.591867,0.00062
58.625233,0.00062
58.6586,0.00062
58.691967,0.00062
58.725333,0.00062
58.7587,0.00062
58.792067,0.00062
58.825433,0.00062
58.8588,0.00062
58.892167,0.00062
58.925533,0.00062
58.9589,0.00062
58.992267,0.00062
59.025633,0.00062
59.059,0.00485
59.092367,0.004375
59.125733,0.0015175
59.1591,0.0007625
59.192467,0.000655
59.225833,0.00062
59.2592,0.00062
59.292567,0.00062
59.325933,0.00062
59.3593,0.00062
59.392667,0.00062
59.426033,0.00062
59.4594,0.00062
59.492767,0.00062
59.526133,0.00062
59.5595,0.00062
59.592867,0.00062
59.626233,0.00062
59.6596,0.00062
59.692967,0.00062
59.726333,0.00062
59.7597,0.00062
59.793067,0.00062
59.826433,0.00062
59.8598,0.00062
59.893167,0.00062
59.926533,0.00062
59.9599,0.00062
59.993267,0.00062
60.026633,0.00062
60.06,0.00485
60.093367,0.004375
60.126733,0.0015175
60.1601,0.0007625
60.193467,0.000655
60.226833,0.00062
60.2602,0.00062
60.293567,0.00062
60.326933,0.00062
60.3603,0.00062
60.393667,0.00062
60.427033,0.00062
60.4604,0.00062
60.493767,0.00062
60.527133,0.00062
60.5605,0.00062
60.593867,0.00062
60.627233,0.00062
60.6606,0.00062
60.693967,0.00062
60.727333,0.00062
60.7607,0.00062
60.794067,0.00062
60.827433,0.00062
60.8608,0.00062
60.894167,0.00062
60.927533,0.00062
60.9609,0.00062
60.994267,0.00062
61.027633,0.00062
61.061,0.00485
61.094367,0.004375
61.127733,0.0015175
61.1611,0.0007625
61.194467,0.000655
61.227833,0.00062
61.2612,0.00062
61.294567,0.00062
61.327933,0.00062
61.3613,0.00062
61.394667,0.00062
61.428033,0.00062
61.4614,0.00062
61.494767,0.00062
61.528133,0.00062
61.5615,0.00062
61.594867,0.00062
61.628233,0.00062
61.6616,0.00062
61.694967,0.00062
61.728333,0.00062
61.7617,0.00062
61.795067,0.00062
61.828433,0.00062
61.8618,0.00062
61.895167,0.00062
61.928533,0.00062
61.9619,0.00062
61.995267,0.00062
62.028633,0.00062
62.062,0.00485
62.095367,0.004375
62.128733,0.0015175
62.1621,0.0007625
62.195467,0.000655
62.228833,0.00062
62.2622,0.00062
62.295567,0.00062
62.328933,0.00062
62.3623,0.00062
62.395667,0.00062
62.429033,0.00062
62.4624,0.00062
62.495767,0.00062
62.529133,0.00062
62.5625,0.00062
62.595867,0.00062
62.629233,0.00062
62.6626,0.00062
62.695967,0.00062
62.729333,0.00062
62.7627,0.00062
62.796067,0.00062
62.829433,0.00062
62.8628,0.00062
62.896167,0.00062
62.929533,0.00062
62.9629,0.00062
62.996267,0.00062
63.029633,0.00062
63.063,0.00485
63.096367,0.004375
63.129733,0.0015175
63.1631,0.0007625
63.196467,0.000655
63.229833,0.00062
63.2632,0.00062
63.296567,0.00062
63.329933,0.00062
63.3633,0.00062
63.396667,0.00062
63.430033,0.00062
63.4634,0.00062
63.496767,0.00062
63.530133,0.00062
63.5635,0.00062
63.596867,0.00062
63.630233,0.00062
63.6636,0.00062
63.696967,0.00062
63.730333,0.00062
63.7637,0.00062
63.797067,0.00062
63.830433,0.00062
63.8638,0.00062
63.897167,0.00062
63.930533,0.00062
63.9639,0.00062
63.997267,0.00062
64.030633,0.00062
64.064,0.00485
64.097367,0.004375
64.130733,0.0015175
64.1641,0.0007625
64.197467,0.000655
64.230833,0.00062
64.2642,0.00062
64.297567,0.00062
64.330933,0.00062
64.3643,0.00062
64.397667,0.00062
64.431033,0.00062
64.4644,0.00062
64.497767,0.00062
64.531133,0.00062
64.5645,0.00062
64.597867,0.00062
64.631233,0.00062
64.6646,0.00062
64.697967,0.00062
64.731333,0.00062
64.7647,0.00062
64.798067,0.00062
64.831433,0.00062
64.8648,0.00062
64.898167,0.00062
64.931533,0.00062
64.9649,0.00062
64.998267,0.00062
65.031633,0.00062
65.065,0.00485
65.098367,0.004375
65.131733,0.0015175
65.1651,0.0007625
65.198467,0.000655
65.231833,0.00062
65.2652,0.00062
65.298567,0.00062
65.331933,0.00062
65.3653,0.00062
65.398667,0.00062
65.432033,0.00062
65.4654,0.00062
65.498767,0.00062
65.532133,0.00062
65.5655,0.00062
65.598867,27.1125
65.632233,0.0268425
65.6656,0.0824775
65.698967,0.01446
65.732333,0.003025
65.7657,0.000345
65.799067,0.000365
65.832433,0.0100525
65.8658,0.126225
65.899167,0.0375925
65.932533,0.0103325
65.9659,0.0012575
65.999267,0.00342
66.032633,0.00223
66.066,0.114308
66.099367,0.0426475
66.132733,0.012905
66.1661,0.0062825
66.199467,0.0052775
66.232833,0.0047975
66.2662,0.004645
66.299567,0.00467
66.332933,0.00465
66.3663,0.00467
66.399667,0.00467
66.433033,0.00465
66.4664,0.00467
66.499767,0.00467
66.533133,0.00465
66.5665,0.00467
66.599867,0.00467
66.633233,0.00465
66.6666,0.00467
66.699967,0.00467
66.733333,0.00465
66.7667,0.00467
66.800067,0.00467
66.833433,0.00465
66.8668,0.00467
66.900167,0.00467
66.933533,0.00465
66.9669,0.00467
67.000267,0.00467
67.033633,0.00465
67.067,0.04492
67.100367,0.0426475
67.133733,0.012905
67.1671,0.0062825
67.200467,0.0052775
67.233833,0.0047975
67.2672,0.004645
67.300567,0.00467
67.333933,0.00465
67.3673,0.00467
67.400667,0.00467
67.434033,0.00465
67.4674,0.00467
67.500767,0.00467
67.534133,0.00465
67.5675,0.00467
67.600867,0.00467
67.634233,0.00465
67.6676,0.00467
67.700967,0.00467
67.734333,0.00465
67.7677,0.00467
67.801067,0.00467
67.834433,0.00465
67.8678,0.00467
67.901167,0.00467
67.934533,0.00465
67.9679,0.00467
68.001267,0.00467
68.034633,0.00465
68.068,0.04492
68.101367,0.0426475
68.134733,0.012905
68.1681,0.0062825
68.201467,0.0052775
68.234833,0.0047975
68.2682,0.004645
68.301567,0.00467
68.334933,0.00465
68.3683,0.00467
68.401667,0.00467
68.435033,0.00465
68.4684,0.00467
68.501767,0.00467
68.535133,0.00465
68.5685,0.00467
68.601867,0.00467
68.635233,0.00465
68.6686,0.00467
68.701967,0.00467
68.735333,0.00465
68.7687,0.00467
68.802067,0.00467
68.835433,0.00465
68.8688,0.00467
68.902167,0.00467
68.935533,0.00465
68.9689,0.00467
69.002267,0.00467
69.035633,0.00465
69.069,0.04492
69.102367,0.0426475
69.135733,0.012905
69.1691,0.0062825
69.202467,0.0052775
69.235833,0.0047975
69.2692,0.004645
69.302567,0.00467
69.335933,0.00465
69.3693,0.00467
69.402667,0.00467
69.436033,0.00465
69.4694,0.00467
69.502767,0.00467
69.536133,0.00465
69.5695,0.00467
69.602867,0.00467
69.636233,0.00465
69.6696,0.00467
69.702967,0.00467
69.736333,0.00465
69.7697,0.00467
69.803067,0.00467
69.836433,0.00465
69.8698,0.00467
69.903167,0.00467
69.936533,0.00465
69.9699,0.00467
70.003267,0.00467
70.036633,0.00465
70.07,0.04492
70.103367,0.0426475
70.136733,0.012905
70.1701,0.0062825
70.203467,0.0052775
70.236833,0.0047975
70.2702,0.004645
70.303567,0.00467
70.336933,0.00465
70.3703,0.00467
70.403667,0.00467
70.437033,0.00465
70.4704,0.00467
70.503767,0.00467
70.537133,0.00465
70.5705,0.00467
70.603867,0.00467
70.637233,0.00465
70.6706,0.00467
70.703967,0.00467
70.737333,0.00465
70.7707,0.00467
70.804067,0.00467
70.837433,0.00465
70.8708,0.00467
70.904167,0.00467
70.937533,0.00465
70.9709,0.00467
71.004267,0.00467
71.037633,0.00465
71.071,0.04492
71.104367,0.0426475
71.137733,0.012905
71.1711,0.0062825
71.204467,0.0052775
71.237833,0.0047975
71.2712,0.004645
71.304567,0.00467
71.337933,0.00465
71.3713,0.00467
71.404667,0.00467
71.438033,0.00465
71.4714,0.00467
71.504767,0.00467
71.538133,0.00465
71.5715,0.00467
71.604867,0.00467
71.638233,0.00465
71.6716,0.00467
71.704967,0.00467
71.738333,0.00465
71.7717,0.00467
71.805067,0.00467
71.838433,0.00465
71.8718,0.00467
71.905167,0.00467
71.938533,0.00465
71.9719,0.00467
72.005267,0.00467
72.038633,0.00465
72.072,0.04492
72.105367,0.0426475
72.138733,0.012905
72.1721,0.0062825
72.205467,0.0052775
72.238833,0.0047975
72.2722,0.004645
72.305567,0.00467
72.338933,0.00465
72.3723,0.00467
72.405667,0.00467
72.439033,0.00465
72.4724,0.00467
72.505767,0.00467
72.539133,0.00465
72.5725,0.00467
72.605867,0.00467
72.639233,0.00465
72.6726,0.00467
72.705967,0.00467
72.739333,0.00465
72.7727,0.00467
72.806067,0.00467
72.839433,0.00465
72.8728,0.00467
72.906167,0.00467
72.939533,0.00465
72.9729,0.00467
73.006267,0.00467
73.039633,0.00465
73.073,0.04492
73.106367,0.0426475
73.139733,0.012905
73.1731,0.0062825
73.206467,0.0052775
73.239833,0.0047975
73.2732,0.004645
73.306567,0.00467
73.339933,0.00465
73.3733,0.00467
73.406667,0.00467
73.440033,0.00465
73.4734,0.00467
73.506767,0.00467
73.540133,0.00465
73.5735,0.00467
73.606867,0.00467
73.640233,0.00465
73.6736,0.00467
73.706967,0.00467
73.740333,0.00465
73.7737,0.00467
73.807067,0.00467
73.840433,0.00465
73.8738,0.00467
73.907167,0.00467
73.940533,0.00465
73.9739,0.00467
74.007267,0.00467
74.040633,0.00465
74.074,0.04492
74.107367,0.0426475
74.140733,0.012905
74.1741,0.0062825
74.207467,0.0052775
74.240833,0.0047975
74.2742,0.004645
74.307567,0.00467
74.340933,0.00465
74.3743,0.00467
74.407667,0.00467
74.441033,0.00465
74.4744,0.00467
74.507767,0.00467
74.541133,0.00465
74.5745,0.00467
74.607867,0.00467
74.641233,0.00465
74.6746,0.00467
74.707967,0.00467
74.741333,0.00465
74.7747,0.00467
74.808067,0.00467
74.841433,0.00465
74.8748,0.00467
74.908167,0.00467
74.941533,0.00465
74.9749,0.00467
75.008267,0.00467
75.041633,0.00465
75.075,0.04492
75.108367,0.0426475
75.141733,0.012905
75.1751,0.0062825
75.208467,0.0052775
75.241833,0.0047975
75.2752,0.004645
75.308567,0.00467
75.341933,0.00465
75.3753,0.00467
75.408667,0.00467
75.442033,0.00465
75.4754,0.00467
75.508767,0.00467
75.542133,0.00465
75.5755,0.00467
75.608867,0.00467
75.642233,0.00465
75.6756,0.00467
75.708967,0.00467
75.742333,0.00465
75.7757,0.00467
75.809067,0.00467
75.842433,0.00465
75.8758,0.00467
75.909167,0.00467
75.942533,0.00465
75.9759,0.00467
76.009267,0.00467
76.042633,0.00465
76.076,0.04492
76.109367,0.0426475
76.142733,0.012905
76.1761,0.0062825
76.209467,0.0052775
76.242833,0.0047975
76.2762,0.004645
76.309567,0.00467
76.342933,0.00465
76.3763,0.00467
76.409667,0.00467
76.443033,0.00465
76.4764,0.00467
76.509767,0.00467
76.543133,0.00465
76.5765,0.00467
76.609867,0.00467
76.643233,0.00465
76.6766,0.00467
76.709967,14.5813
76.743333,0.009695
76.7767,0.00469
76.810067,0.00417
76.843433,0.004125
76.8768,0.00408
76.910167,0.00407
76.943533,0.00407
76.9769,0.00407
77.010267,0.00407
77.043633,0.00407
77.077,0.0493975
77.110367,0.03538
77.143733,0.01074
77.1771,0.0053325
77.210467,0.0044775
77.243833,0.0041075
77.2772,0.003995
77.310567,0.003955
77.343933,0.003955
77.3773,0.003955
77.410667,0.003955
77.444033,0.003955
77.4774,0.003955
77.510767,0.003955
77.544133,0.003955
77.5775,0.003955
77.610867,0.003955
77.644233,0.003955
77.6776,0.003955
77.710967,0.003955
77.744333,0.003955
77.7777,0.003955
77.811067,0.003955
77.844433,0.003955
77.8778,0.003955
77.911167,0.003955
77.944533,0.003955
77.9779,0.003955
78.011267,0.003955
78.044633,0.003955
78.078,0.0372375
78.111367,0.03538
78.144733,0.01074
78.1781,0.0053325
78.211467,0.0044775
78.244833,0.0041075
78.2782,0.003995
78.311567,0.003955
78.344933,0.003955
78.3783,0.003955
78.411667,0.003955
78.445033,0.003955
78.4784,0.003955
78.511767,0.003955
78.545133,0.003955
78.5785,0.003955
78.611867,0.003955
78.645233,0.003955
78.6786,0.003955
78.711967,0.003955
78.745333,0.003955
78.7787,0.003955
78.812067,0.003955
78.845433,0.003955
78.8788,0.003955
78.912167,0.003955
78.945533,0.003955
78.9789,0.003955
79.012267,0.003955
79.045633,0.003955
79.079,0.0372375
79.112367,0.03538
79.145733,0.01074
79.1791,0.0053325
79.212467,0.0044775
79.245833,0.0041075
79.2792,0.003995
79.312567,0.003955
79.345933,0.003955
79.3793,0.003955
79.412667,0.003955
79.446033,0.003955
79.4794,0.003955
79.512767,0.003955
79.546133,0.003955
79.5795,0.003955
79.612867,0.003955
79.646233,0.003955
79.6796,0.003955
79.712967,0.003955
79.746333,0.003955
79.7797,0.003955
79.813067,0.003955
79.846433,0.003955
79.8798,0.003955
79.913167,0.003955
79.946533,0.003955
79.9799,0.003955
80.013267,0.003955
80.046633,0.003955
80.08,0.0372375
80.113367,0.03538
80.146733,0.01074
80.1801,0.0053325
80.213467,0.0044775
80.246833,0.0041075
80.2802,0.003995
80.313567,0.003955
80.346933,0.003955
80.3803,0.003955
80.413667,0.003955
80.447033,0.003955
80.4804,0.003955
80.513767,0.003955
80.547133,0.003955
80.5805,0.003955
80.613867,0.003955
80.647233,0.003955
80.6806,0.003955
80.713967,0.003955
80.747333,0.003955
80.7807,0.003955
80.814067,0.003955
80.847433,0.003955
80.8808,0.003955
80.914167,0.003955
80.947533,0.003955
80.9809,0.003955
81.014267,0.003955
81.047633,0.003955
81.081,0.0372375
81.114367,0.03538
81.147733,0.01074
81.1811,0.0053325
81.214467,0.0044775
81.247833,0.0041075
81.2812,0.003995
81.314567,0.003955
81.347933,0.003955
81.3813,0.003955
81.414667,0.003955
81.448033,0.003955
81.4814,0.003955
81.514767,0.003955
81.548133,0.003955
81.5815,0.003955
81.614867,0.003955
81.648233,0.003955
81.6816,0.003955
81.714967,0.003955
81.748333,0.003955
81.7817,0.003955
81.815067,0.003955
81.848433,0.003955
81.8818,0.003955
81.915167,0.003955
81.948533,0.003955
81.9819,0.003955
82.015267,0.003955
82.048633,0.003955
82.082,0.0372375
82.115367,0.03538
82.148733,0.01074
82.1821,0.0053325
82.215467,0.0044775
82.248833,0.0041075
82.2822,0.003995
82.315567,0.003955
82.348933,0.003955
82.3823,0.003955
82.415667,0.003955
82.449033,0.003955
82.4824,0.003955
82.515767,0.003955
82.549133,0.003955
82.5825,0.003955
82.615867,0.003955
82.649233,0.003955
82.6826,0.003955
82.715967,0.003955
82.749333,0.003955
82.7827,0.003955
82.816067,0.003955
82.849433,0.003955
82.8828,0.003955
82.916167,0.003955
82.949533,0.003955
82.9829,0.003955
83.016267,0.003955
83.049633,0.003955
83.083,0.0372375
83.116367,0.03538
83.149733,0.01074
83.1831,0.0053325
83.216467,0.0044775
83.249833,0.0041075
83.2832,0.003995
83.316567,0.003955
83.349933,0.003955
83.3833,0.003955
83.416667,0.003955
83.450033,0.003955
83.4834,0.003955
83.516767,0.003955
83.550133,0.003955
83.5835,0.003955
83.616867,0.003955
83.650233,0.003955
83.6836,0.003955
83.716967,0.003955
83.750333,0.003955
83.7837,0.003955
83.817067,0.003955
83.850433,0.003955
83.8838,0.003955
83.917167,0.003955
83.950533,0.003955
83.9839,0.003955
84.017267,0.003955
84.050633,0.003955
84.084,0.0372375
84.117367,0.03538
84.150733,0.01074
84.1841,0.0053325
84.217467,0.0044775
84.250833,0.0041075
84.2842,0.003995
84.317567,0.003955
84.350933,0.003955
84.3843,0.003955
84.417667,0.003955
84.451033,0.003955
84.4844,0.003955
84.517767,0.003955
84.551133,0.003955
84.5845,0.003955
84.617867,0.003955
84.651233,0.003955
84.6846,0.003955
84.717967,0.003955
84.751333,0.003955
84.7847,0.003955
84.818067,0.003955
84.851433,0.003955
84.8848,0.003955
84.918167,0.003955
84.951533,0.003955
84.9849,0.003955
85.018267,0.003955
85.051633,0.003955
85.085,0.0372375
85.118367,0.03538
85.151733,0.01074
85.1851,0.0053325
85.218467,0.0044775
85.251833,0.0041075
85.2852,0.003995
85.318567,0.003955
85.351933,0.003955
85.3853,0.003955
85.418667,0.003955
85.452033,0.003955
85.4854,0.003955
85.518767,0.003955
85.552133,0.003955
85.5855,0.003955
85.618867,0.003955
85.652233,0.003955
85.6856,0.003955
85.718967,0.003955
85.752333,0.003955
85.7857,0.003955
85.819067,0.003955
85.852433,0.003955
85.8858,0.003955
85.919167,0.003955
85.952533,0.003955
85.9859,0.003955
86.019267,0.003955
86.052633,0.003955
86.086,0.0372375
86.119367,0.03538
86.152733,0.01074
86.1861,0.0053325
86.219467,0.0044775
86.252833,0.0041075
86.2862,0.003995
86.319567,0.003955
86.352933,0.003955
86.3863,0.003955
86.419667,0.003955
86.453033,0.003955
86.4864,0.003955
86.519767,0.003955
86.553133,0.003955
86.5865,0.003955
86.619867,0.003955
86.653233,0.003955
86.6866,0.003955
86.719967,0.003955
86.753333,0.003955
86.7867,0.003955
86.820067,0.003955
86.853433,0.003955
86.8868,0.003955
86.920167,0.003955
86.953533,0.003955
86.9869,0.003955
87.020267,0.003955
87.053633,0.003955
87.087,0.0372375
87.120367,0.03538
87.153733,0.01074
87.1871,0.0053325
87.220467,0.0044775
87.253833,0.0041075
87.2872,0.003995
87.320567,0.003955
87.353933,0.003955
87.3873,0.003955
87.420667,0.003955
87.454033,0.003955
87.4874,0.003955
87.520767,0.003955
87.554133,0.003955
87.5875,0.003955
87.620867,0.003955
87.654233,0.003955
87.6876,0.003955
87.720967,0.003955
87.754333,0.003955
87.7877,0.003955
87.821067,0.003955
87.854433,0.003955
87.8878,0.003955
87.921167,0.003955
87.954533,0.003955
87.9879,0.003955
88.021267,0.003955
88.054633,0.003955
88.088,0.0372375
88.121367,0.03538
88.154733,0.01074
88.1881,0.0053325
88.221467,0.0044775
88.254833,0.0041075
88.2882,0.003995
88.321567,0.003955
88.354933,0.003955
88.3883,0.003955
88.421667,0.003955
88.455033,0.003955
88.4884,0.003955
88.521767,0.003955
88.555133,0.003955
88.5885,0.003955
88.621867,0.003955
88.655233,0.003955
88.6886,0.003955
88.721967,0.003955
88.755333,0.003955
88.7887,0.003955
88.822067,0.003955
88.855433,0.003955
88.8888,0.003955
88.922167,0.003955
88.955533,0.003955
88.9889,0.003955
89.022267,0.003955
89.055633,0.003955
89.089,0.0372375
89.122367,0.03538
89.155733,0.01074
89.1891,0.0053325
89.222467,0.0044775
89.255833,0.0041075
89.2892,0.003995
89.322567,0.003955
89.355933,0.003955
89.3893,0.003955
89.422667,0.003955
89.456033,0.003955
89.4894,0.003955
89.522767,0.003955
89.556133,0.003955
89.5895,0.003955
89.622867,0.003955
89.656233,0.003955
89.6896,0.003955
89.722967,0.003955
89.756333,0.003955
89.7897,0.003955
89.823067,0.003955
89.856433,0.003955
89.8898,0.003955
89.923167,0.003955
89.956533,0.003955
89.9899,0.003955
90.023267,0.003955
90.056633,0.003955
90.09,0.0372375
90.123367,0.03538
90.156733,0.01074
90.1901,0.0053325
90.223467,0.0044775
90.256833,0.0041075
90.2902,0.003995
90.323567,0.003955
90.356933,0.003955
90.3903,0.003955
90.423667,0.003955
90.457033,0.003955
90.4904,0.003955
90.523767,0.003955
90.557133,0.003955
90.5905,0.003955
90.623867,0.003955
90.657233,0.003955
90.6906,0.003955
90.723967,0.003955
90.757333,0.003955
90.7907,0.003955
90.824067,0.003955
90.857433,0.003955
90.8908,0.003955
90.924167,0.003955
90.957533,0.003955
90.9909,0.003955
91.024267,0.003955
91.057633,0.003955
91.091,0.0372375
91.124367,0.03538
91.157733,0.01074
91.1911,0.0053325
91.224467,0.0044775
91.257833,0.0041075
91.2912,0.003995
91.324567,0.003955
91.357933,0.003955
91.3913,0.003955
91.424667,0.003955
91.458033,0.003955
91.4914,0.003955
91.524767,0.003955
91.558133,0.003955
91.5915,0.003955
91.624867,0.003955
91.658233,0.003955
91.6916,0.003955
91.724967,0.003955
91.758333,0.003955
91.7917,0.003955
91.825067,0.003955
91.858433,0.003955
91.8918,0.003955
91.925167,0.003955
91.958533,0.003955
91.9919,0.003955
92.025267,0.003955
92.058633,0.003955
92.092,0.0372375
92.125367,0.03538
92.158733,0.01074
92.1921,0.0053325
92.225467,0.0044775
92.258833,0.0041075
92.2922,0.003995
92.325567,0.003955
92.358933,0.003955
92.3923,0.003955
92.425667,0.003955
92.459033,0.003955
92.4924,0.003955
92.525767,0.003955
92.559133,0.003955
92.5925,0.003955
92.625867,0.003955
92.659233,0.003955
92.6926,0.003955
92.725967,0.003955
92.759333,0.003955
92.7927,0.003955
92.826067,0.003955
92.859433,0.003955
92.8928,0.003955
92.926167,0.003955
92.959533,0.003955
92.9929,0.003955
93.026267,0.003955
93.059633,0.003955
93.093,0.0372375
93.126367,0.03538
93.159733,180.425
93.1931,0.0318675
93.226467,8.05371
93.259833,25.794
93.2932,44.9802
93.326567,46.0816
93.359933,0.401002
93.3933,0.00586
93.426667,0.001605
93.460033,0.001
93.4934,0.000965
93.526767,0.000945
93.560133,0.000945
93.5935,0.000945
93.626867,0.000945
93.660233,0.000945
93.6936,0.000945
93.726967,0.000945
93.760333,0.000945
93.7937,0.000945
93.827067,0.000945
93.860433,0.000945
93.8938,0.000945
93.927167,0.000945
93.960533,0.000945
93.9939,0.000945
94.027267,0.000945
94.060633,0.000945
94.094,0.016825
94.127367,0.007125
94.160733,0.001885
94.1941,0.000985
94.227467,0.000905
94.260833,0.000885
94.2942,0.000875
94.327567,0.000875
94.360933,0.000875
94.3943,0.000875
94.427667,0.000875
94.461033,0.000875
94.4944,0.000875
94.527767,0.000875
94.561133,0.000875
94.5945,0.000875
94.627867,0.000875
94.661233,0.000875
94.6946,0.000875
94.727967,0.000875
94.761333,0.000875
94.7947,0.000875
94.828067,0.000875
94.861433,0.000875
94.8948,0.000875
94.928167,0.000875
94.961533,0.000875
94.9949,0.000875
95.028267,0.000875
95.061633,0.000875
95.095,0.007265
95.128367,0.007125
95.161733,0.001885
95.1951,0.000985
95.228467,0.000905
95.261833,0.000885
95.2952,0.000875
95.328567,152.307
95.361933,0.07202
95.3953,0.121298
95.428667,0.184457
95.462033,0.102273
95.4954,0.090845
95.528767,0.0735925
95.562133,0.099425
95.5955,0.092425
95.628867,0.101843
95.662233,0.230348
95.6956,0.13475
95.728967,0.10176
95.762333,0.0957825
95.7957,0.09484
95.829067,0.101
95.862433,0.104688
95.8958,0.105225
95.929167,0.10437
95.962533,0.104405
95.9959,0.10347
96.029267,0.108655
96.062633,0.109628
96.096,0.224273
96.129367,0.151638
96.162733,0.121785
96.1961,0.113435
96.229467,0.117913
96.262833,0.117555
96.2962,0.119505
96.329567,0.127015
96.362933,0.12061
96.3963,0.129675
96.429667,0.129623
96.463033,0.13383
96.4964,0.136715
96.529767,0.140005
96.563133,0.143253
96.5965,0.152548
96.629867,0.15264
96.663233,0.157667
96.6966,0.163555
96.729967,0.167683
96.763333,0.18258
96.7967,0.193688
96.830067,0.20347
96.863433,0.209555
96.8968,0.22795
96.930167,0.247023
96.963533,0.29031
96.9969,0.33851
97.030267,0.39391
97.063633,0.57489
97.097,0.0524975
97.130367,0.047415
97.163733,0.014245
97.1971,0.00768
97.230467,0.0063525
97.263833,0.0060775
97.2972,0.005725
97.330567,0.005665
97.363933,0.00568
97.3973,0.00566
97.430667,0.00566
97.464033,0.00566
97.4974,0.00566
97.530767,0.00566
97.564133,0.00566
97.5975,0.00566
97.630867,0.00566
97.664233,0.00566
97.6976,0.00566
97.730967,0.00566
97.764333,0.00566
97.7977,0.00566
97.831067,0.00566
97.864433,0.00566
97.8978,0.00566
97.931167,0.00566
97.964533,0.00566
97.9979,0.00566
98.031267,0.00566
98.064633,0.00566
98.098,0.049695
98.131367,0.047415
98.164733,0.014245
98.1981,0.00768
98.231467,0.0063525
98.264833,0.0060775
98.2982,0.005725
98.331567,0.005665
98.364933,0.00568
98.3983,0.00566
98.431667,0.00566
98.465033,0.00566
98.4984,0.00566
98.531767,0.00566
98.565133,0.00566
98.5985,0.00566
98.631867,0.00566
98.665233,0.00566
98.6986,0.00566
98.731967,0.00566
98.765333,0.00566
98.7987,0.00566
98.832067,0.00566
98.865433,0.00566
98.8988,0.00566
98.932167,0.00566
98.965533,0.00566
98.9989,0.00566
99.032267,0.00566
99.065633,0.00566
99.099,0.049695
99.132367,0.047415
99.165733,0.014245
99.1991,0.00768
99.232467,0.0063525
99.265833,0.0060775
99.2992,0.005725
99.332567,0.005665
99.365933,0.00568
99.3993,0.00566
99.432667,18.4762
99.466033,0.01332
99.4994,0.0065325
99.532767,0.0052175
99.566133,0.005015
99.5995,0.00502
99.632867,0.005
99.666233,0.005
99.6996,0.005
99.732967,0.005
99.766333,0.005
99.7997,0.005
99.833067,0.005
99.866433,0.005
99.8998,0.005
99.933167,0.005
99.966533,0.005
99.9999,0.005
100.033267,0.005
100.066633,0.005
100.1,0.056635
100.133367,0.0432075
100.166733,0.0124875
100.2001,0.00653
100.233467,0.00559
100.266833,0.0052125
100.3002,0.005015
100.333567,0.005
100.366933,0.005
100.4003,0.005
100.433667,0.005
100.467033,0.005
100.5004,0.005
100.533767,0.005
100.567133,0.005
100.6005,0.005
100.633867,0.005
100.667233,0.005
100.7006,0.005
100.733967,0.005
100.767333,0.005
100.8007,0.005
100.834067,0.005
100.867433,0.005
100.9008,0.005
100.934167,0.005
100.967533,0.005
101.0009,0.005
101.034267,0.005
101.067633,0.005
101.101,0.0450725
101.134367,0.0432075
101.167733,0.0124875
101.2011,0.00653
101.234467,0.00559
101.267833,0.0052125
101.3012,0.005015
101.334567,0.005
101.367933,0.005
101.4013,0.005
101.434667,0.005
101.468033,0.005
101.5014,0.005
101.534767,0.005
101.568133,0.005
101.6015,0.005
101.634867,0.005
101.668233,0.005
101.7016,0.005
101.734967,0.005
101.768333,0.005
101.8017,0.005
101.835067,0.005
101.868433,0.005
101.9018,0.005
101.935167,0.005
101.968533,0.005
102.0019,0.005
102.035267,0.005
102.068633,0.005
102.102,0.0450725
102.135367,0.0432075
102.168733,0.0124875
102.2021,0.00653
102.235467,15.6513
102.268833,0.013435
102.3022,0.0058
102.335567,0.00466
102.368933,0.0045575
102.4023,0.00452
102.435667,0.00451
102.469033,0.00451
102.5024,0.00451
102.535767,0.00451
102.569133,0.00451
102.6025,0.00451
102.635867,0.00451
102.669233,0.00451
102.7026,0.00451
102.735967,0.00451
102.769333,0.00451
102.8027,0.00451
102.836067,0.00451
102.869433,0.00451
102.9028,0.00451
102.936167,0.00451
102.969533,0.00451
103.0029,0.00451
103.036267,0.00451
103.069633,0.00451
103.103,0.0602025
103.136367,0.0394475
103.169733,0.011675
103.2031,0.0059025
103.236467,0.0052375
103.269833,0.0048375
103.3032,0.0047
103.336567,0.004685
103.369933,0.00468
103.4033,0.004685
103.436667,0.004685
103.470033,0.00468
103.5034,0.004685
103.536767,0.004685
103.570133,0.00468
103.6035,0.004685
103.636867,0.004685
103.670233,0.00468
103.7036,0.004685
103.736967,0.004685
103.770333,0.00468
103.8037,0.004685
103.837067,0.004685
103.870433,0.00468
103.9038,0.004685
103.937167,2.04041
103.970533,0.0064625
104.0039,0.00492
104.037267,0.004695
104.070633,0.00465
104.104,0.0469225
104.137367,0.0397375
104.170733,0.0117575
104.2041,0.0059625
104.237467,0.0052775
104.270833,0.0048475
104.3042,0.0047
104.337567,0.004685
104.370933,0.00468
104.4043,0.004685
104.437667,0.004685
104.471033,0.00468
104.5044,0.004685
104.537767,0.004685
104.571133,0.00468
104.6045,0.004685
104.637867,0.004685
104.671233,0.00468
104.7046,0.004685
104.737967,0.004685
104.771333,0.00468
104.8047,0.004685
104.838067,0.004685
104.871433,0.00468
104.9048,0.004685
104.938167,0.004685
104.971533,0.00468
105.0049,0.004685
105.038267,0.004685
105.071633,0.00468
105.105,0.0412775
105.138367,0.0397375
105.171733,0.0117575
105.2051,0.0059625
105.238467,0.0052775
105.271833,0.0048475
105.3052,0.0047
105.338567,0.004685
105.371933,0.00468
105.4053,0.004685
105.438667,0.004685
105.472033,0.00468
105.5054,0.004685
105.538767,0.004685
105.572133,0.00468
105.6055,0.004685
105.638867,0.004685
105.672233,0.00468
105.7056,0.004685
105.738967,0.004685
105.772333,0.00468
105.8057,0.004685
105.839067,0.004685
105.872433,0.00468
105.9058,0.004685
105.939167,0.004685
105.972533,0.00468
106.0059,0.004685
106.039267,0.004685
106.072633,0.00468
106.106,0.0412775
106.139367,0.0397375
106.172733,0.0117575
106.2061,0.0059625
106.239467,0.0052775
106.272833,0.0048475
106.3062,0.0047
106.339567,0.004685
106.372933,0.00468
106.4063,0.004685
106.439667,0.004685
106.473033,0.00468
106.5064,0.004685
106.539767,0.004685
106.573133,0.00468
106.6065,0.004685
106.639867,0.004685
106.673233,0.00468
106.7066,0.004685
106.739967,0.004685
106.773333,0.00468
106.8067,0.004685
106.840067,0.004685
106.873433,0.00468
106.9068,0.004685
106.940167,0.004685
106.973533,0.00468
107.0069,0.004685
107.040267,0.004685
107.073633,0.00468
107.107,0.0412775
107.140367,0.0397375
107.173733,0.0117575
107.2071,44.2834
107.240467,0.000835
107.273833,0.0003775
107.3072,0.000115
107.340567,9
107.373933,6
107.4073,6
107.440667,6
107.474033,6
107.5074,6
107.540767,6
107.574133,6
107.6075,6
107.640867,6
107.674233,6
107.7076,6
107.740967,6
107.774333,6
107.8077,6
107.841067,6
107.874433,6
107.9078,6
107.941167,6
107.974533,6
108.0079,6
108.041267,6
108.074633,6
108.108,0.0010975
108.141367,0.00077
108.174733,0.00013
108.2081,6
108.241467,5
108.274833,4
108.3082,4
108.341567,0.0003625
108.374933,0.114797
108.4083,0.09523
108.441667,0.127958
108.475033,0.203233
108.5084,0.16226
108.541767,0.164853
108.575133,0.195545
108.6085,0.1373
108.641867,0.127592
108.675233,0.13903
108.7086,0.120175
108.741967,0.105575
108.775333,0.10142
108.8087,0.0859175
108.842067,0.0672525
108.875433,0.07115
108.9088,0.029425
108.942167,0.01162
108.975533,0.026555
109.0089,0.0305475
109.042267,0.010355
109.075633,0.012775
109.109,0.0460425
109.142367,0.040985
109.175733,0.045445
109.2091,0.103155
109.242467,0.0366775
109.275833,0.0426825
109.3092,0.162645
109.342567,0.006325
109.375933,0.00103
109.4093,0.000805
109.442667,0.0008
109.476033,0.0008
109.5094,0.0008
109.542767,0.0008
109.576133,0.0008
109.6095,0.0008
109.642867,0.0008
109.676233,0.0008
109.7096,0.0008
109.742967,0.0008
109.776333,0.0008
109.8097,0.0008
109.843067,0.0008
109.876433,0.0008
109.9098,0.0008
109.943167,0.0008
109.976533,0.0008
110.0099,0.0008
110.043267,0.0008
110.076633,0.0008
110.11,0.0088
110.143367,0.007745
110.176733,0.00203
110.2101,0.0010625
110.243467,0.0008825
110.276833,0.00085
110.3102,0.00085
110.343567,0.00085
110.376933,0.00085
110.4103,0.00085
110.443667,0.00085
110.477033,0.00085
110.5104,0.00085
110.543767,0.00085
110.577133,0.00085
110.6105,0.00085
110.643867,0.00085
110.677233,0.00085
110.7106,0.00085
110.743967,0.00085
110.777333,0.00085
110.8107,0.00085
110.844067,0.00085
110.877433,0.00085
110.9108,0.00085
110.944167,0.00085
110.977533,0.00085
111.0109,0.00085
111.044267,0.00085
111.077633,0.00085
111.111,0.008005
111.144367,0.007745
111.177733,0.00203
111.2111,0.0010625
111.244467,0.0008825
111.277833,0.00085
111.3112,0.00085
111.344567,0.00085
111.377933,0.00085
111.4113,0.00085
111.444667,0.00085
111.478033,0.00085
111.5114,0.00085
111.544767,0.00085
111.578133,0.00085
111.6115,0.00085
111.644867,0.00085
111.678233,0.00085
111.7116,0.00085
111.744967,0.00085
111.778333,0.00085
111.8117,0.00085
111.845067,0.00085
111.878433,0.00085
111.9118,0.00085
111.945167,0.00085
111.978533,0.00085
112.0119,0.00085
112.045267,0.00085
112.078633,0.00085
112.112,0.008005
112.145367,0.007745
112.178733,0.00203
112.2121,0.0010625
112.245467,0.0008825
112.278833,0.00085
112.3122,0.00085
112.345567,0.00085
112.378933,0.00085
112.4123,0.00085
112.445667,0.00085
112.479033,0.00085
112.5124,0.00085
112.545767,0.00085
112.579133,0.00085
112.6125,0.00085
112.645867,0.00085
112.679233,0.00085
112.7126,0.00085
112.745967,0.00085
112.779333,0.00085
112.8127,0.00085
112.846067,0.00085
112.879433,0.00085
112.9128,0.00085
112.946167,0.00085
112.979533,0.00085
113.0129,0.00085
113.046267,0.00085
113.079633,0.00085
113.113,0.008005
113.146367,0.007745
113.179733,0.00203
113.2131,0.0010625
113.246467,0.0008825
113.279833,0.00085
113.3132,0.00085
113.346567,0.00085
113.379933,0.00085
113.4133,0.00085
113.446667,0.00085
113.480033,0.00085
113.5134,0.00085
113.546767,0.00085
113.580133,0.00085
113.6135,0.00085
113.646867,0.00085
113.680233,0.00085
113.7136,0.00085
113.746967,0.00085
113.780333,0.00085
113.8137,0.00085
113.847067,0.00085
113.880433,0.00085
113.9138,0.00085
113.947167,0.00085
113.980533,0.00085
114.0139,0.00085
114.047267,0.00085
114.080633,0.00085
114.114,0.008005
114.147367,0.007745
114.180733,0.00203
114.2141,0.0010625
114.247467,0.0008825
114.280833,0.00085
114.3142,0.00085
114.347567,0.00085
114.380933,0.00085
114.4143,0.00085
114.447667,0.00085
114.481033,0.00085
114.5144,0.00085
114.547767,0.00085
114.581133,0.00085
114.6145,0.00085
114.647867,0.00085
114.681233,0.00085
114.7146,0.00085
114.747967,0.00085
114.781333,0.00085
114.8147,0.00085
114.848067,0.00085
114.881433,0.00085
114.9148,0.00085
114.948167,0.00085
114.981533,0.00085
115.0149,0.00085
115.048267,0.00085
115.081633,0.00085
115.115,0.008005
115.148367,0.007745
115.181733,0.00203
115.2151,0.0010625
115.248467,0.0008825
115.281833,0.00085
115.3152,0.00085
115.348567,0.00085
115.381933,0.00085
115.4153,0.00085
115.448667,0.00085
115.482033,0.00085
115.5154,0.00085
115.548767,0.00085
115.582133,0.00085
115.6155,0.00085
115.648867,0.0011525
115.682233,0.0347575
115.7156,0.0375125
115.748967,0.02733
115.782333,0.0304775
115.8157,0.025955
115.849067,0.079105
115.882433,0.107445
115.9158,0.0981575
115.949167,0.095065
115.982533,0.0937925
116.0159,0.08886
116.049267,0.0952075
116.082633,0.0928575
116.116,0.10302
116.149367,0.118615
116.182733,0.09589
116.2161,0.0945425
116.249467,0.0963925
116.282833,0.07391
116.3162,0.001295
116.349567,0.001205
116.382933,0.00119
116.4163,0.00119
116.449667,0.001185
116.483033,0.00119
116.5164,0.00119
116.549767,0.001185
116.583133,0.00119
116.6165,0.00119
116.649867,0.001185
116.683233,0.00119
116.7166,0.00119
116.749967,0.001185
116.783333,0.00119
116.8167,0.00119
116.850067,0.001185
116.883433,0.00119
116.9168,0.00119
116.950167,0.001185
116.983533,0.00119
117.0169,0.00119
117.050267,0.001185
117.083633,0.00119
117.117,0.01155
117.150367,0.01051
117.183733,0.002955
117.2171,0.0015325
117.250467,0.0012425
117.283833,0.001205
117.3172,0.00121
117.350567,0.00121
117.383933,0.001205
117.4173,0.00121
117.450667,0.00121
117.484033,0.001205
117.5174,0.00121
117.550767,0.00121
117.584133,0.001205
117.6175,0.00121
117.650867,0.00121
117.684233,0.001205
117.7176,0.00121
117.750967,0.00121
117.784333,0.001205
117.8177,0.00121
117.851067,0.00121
117.884433,0.001205
117.9178,0.00121
117.951167,0.00121
117.984533,0.001205
118.0179,0.00121
118.051267,0.00121
118.084633,0.001205
118.118,0.010945
118.151367,0.01051
118.184733,0.002955
118.2181,0.0015325
118.251467,0.0012425
118.284833,0.001205
118.3182,0.00121
118.351567,0.00121
118.384933,0.001205
118.4183,0.00121
118.451667,0.00121
118.485033,0.001205
118.5184,0.00121
118.551767,0.00121
118.585133,0.001205
118.6185,0.00121
118.651867,0.00121
118.685233,0.001205
118.7186,0.00121
118.751967,0.00121
118.785333,0.001205
118.8187,0.00121
118.852067,0.00121
118.885433,0.001205
118.9188,0.00121
118.952167,0.00121
118.985533,0.001205
119.0189,0.00121
119.052267,0.00121
119.085633,0.001205
119.119,0.010945
119.152367,0.01051
119.185733,0.002955
119.2191,0.0015325
119.252467,0.0012425
119.285833,0.001205
119.3192,0.00121
119.352567,0.00121
119.385933,0.001205
119.4193,0.00121
119.452667,0.00121
119.486033,0.001205
119.5194,0.00121
119.552767,0.00121
119.586133,0.001205
119.6195,0.00121
119.652867,0.00121
119.686233,0.001205
119.7196,0.00121
119.752967,0.00121
119.786333,0.001205
119.8197,0.00121
119.853067,0.00121
119.886433,0.001205
119.9198,0.00121
119.953167,0.00121
119.986533,0.001205
120.0199,0.00121
120.053267,0.00121
120.086633,0.001205
120.12,0.010945
120.153367,0.01051
120.186733,0.002955
120.2201,0.0015325
120.253467,0.0012425
120.286833,0.001205
120.3202,0.00121
120.353567,0.00121
120.386933,0.001205
120.4203,0.00121
120.453667,0.00121
120.487033,0.001205
120.5204,0.00121
120.553767,0.00121
120.587133,0.001205
120.6205,0.00121
120.653867,0.00121
120.687233,0.001205
120.7206,0.00121
120.753967,0.00121
120.787333,0.001205
120.8207,0.00121
120.854067,0.00121
120.887433,0.001205
120.9208,0.00121
120.954167,0.00121
120.987533,0.001205
121.0209,0.00121
121.054267,0.00121
121.087633,0.001205
121.121,0.010945
121.154367,0.01051
121.187733,0.002955
121.2211,0.0015325
121.254467,0.0012425
121.287833,0.001205
121.3212,0.00121
121.354567,0.00121
121.387933,0.001205
121.4213,0.00121
121.454667,0.00121
121.488033,0.001205
121.5214,0.00121
121.554767,0.00121
121.588133,0.001205
121.6215,0.00121
121.654867,0.00121
121.688233,0.001205
121.7216,0.00121
121.754967,0.00121
121.788333,0.001205
121.8217,0.00121
121.855067,31.4031
121.888433,0.00471
121.9218,0.0129775
121.955167,0.0705425
121.988533,0.0544725
122.0219,0.0413875
122.055267,0.0094525
122.088633,0.00473
122.122,0.115822
122.155367,0.0027825
122.188733,0.000385
122.2221,0.013795
122.255467,0.0028825
122.288833,0.0012425
122.3222,0.0011475
122.355567,0.000895
122.388933,0.001405
122.4223,0.001075
122.455667,0.00096
122.489033,0.00083
122.5224,0.000835
122.555767,0.001045
122.589133,0.00093
122.6225,0.00093
122.655867,0.00079
122.689233,0.000835
122.7226,0.001085
122.755967,0.00089
122.789333,0.00087
122.8227,0.00087
122.856067,0.000935
122.889433,0.000945
122.9228,0.00089
122.956167,0.00089
122.989533,0.00093
123.0229,0.000855
123.056267,0.000945
123.089633,0.00093
123.123,0.015085
123.156367,0.01388
123.189733,0.002785
123.2231,0.0013275
123.256467,0.0012
123.289833,0.0009525
123.3232,0.00144
123.356567,0.001055
123.389933,0.00092
123.4233,0.00085
123.456667,10.7192
123.490033,0.0047
123.5234,0.0015275
123.556767,0.001195
123.590133,0.001015
123.6235,0.001055
123.656867,0.001305
123.690233,0.00105
123.7236,0.00102
123.756967,0.00105
123.790333,0.001135
123.8237,0.001075
123.857067,0.00105
123.890433,0.00106
123.9238,0.00106
123.957167,0.001035
123.990533,0.001135
124.0239,0.00107
124.057267,0.0011
124.090633,0.00101
124.124,0.040865
124.157367,0.0154125
124.190733,0.0030425
124.2241,0.0014075
124.257467,0.00129
124.290833,0.0010625
124.3242,0.0015
124.357567,0.001165
124.390933,0.00102
124.4243,0.00096
124.457667,0.000945
124.491033,0.001095
124.5244,0.00101
124.557767,0.00106
124.591133,0.00092
124.6245,0.000885
124.657867,0.001125
124.691233,0.00104
124.7246,0.00099
124.757967,0.00094
124.791333,0.000975
124.8247,0.001085
124.858067,0.00102
124.891433,0.00094
124.9248,0.00099
124.958167,0.000985
124.991533,0.001065
125.0249,0.00099
125.058267,0.00102
125.091633,0.00101
125.125,0.01595
125.158367,0.0154125
125.191733,0.0030425
125.2251,0.0014075
125.258467,0.00129
125.291833,0.0010625
125.3252,0.0015
125.358567,0.001165
125.391933,0.00102
125.4253,0.00096
125.458667,0.000945
125.492033,0.001095
125.5254,0.00101
125.558767,0.00106
125.592133,0.00092
125.6255,0.000885
125.658867,0.001125
125.692233,0.00104
125.7256,0.00099
125.758967,0.00094
125.792333,0.000975
125.8257,0.001085
125.859067,0.00102
125.892433,0.00094
125.9258,0.00099
125.959167,0.000985
125.992533,0.001065
126.0259,0.00099
126.059267,0.00102
126.092633,0.00101
126.126,0.01595
126.159367,0.0154125
126.192733,0.0030425
126.2261,0.0014075
126.259467,0.00129
126.292833,0.0010625
126.3262,0.0015
126.359567,0.001165
126.392933,0.00102
126.4263,0.00096
126.459667,0.000945
126.493033,1.05935
126.5264,0.0038925
126.559767,0.0014725
126.593133,0.00117
126.6265,0.001055
126.659867,0.001295
126.693233,0.00123
126.7266,0.00121
126.759967,0.00112
126.793333,0.001145
126.8267,0.001225
126.860067,0.00118
126.893433,0.00116
126.9268,0.00116
126.960167,0.001135
126.993533,0.001245
127.0269,0.00115
127.060267,0.00117
127.093633,0.0012
127.127,0.033085
127.160367,0.01576
127.193733,0.00303
127.2271,0.0014725
127.260467,0.0013
127.293833,0.0010725
127.3272,0.00152
127.360567,0.001165
127.393933,0.00102
127.4273,0.00096
127.460667,0.000935
127.494033,0.001115
127.5274,0.001
127.560767,0.00107
127.594133,0.00091
127.6275,0.000895
127.660867,0.001135
127.694233,0.00104
127.7276,0.00099
127.760967,0.00094
127.794333,0.000965
127.8277,0.001095
127.861067,0.00103
127.894433,0.00096
127.9278,0.00097
127.961167,0.000975
127.994533,0.001075
128.0279,10.1918
128.061267,0.00582
128.094633,0.00196
128.128,0.04578
128.161367,0.017265
128.194733,0.0034425
128.2281,0.0016425
128.261467,0.001675
128.294833,0.0012125
128.3282,0.00169
128.361567,0.001295
128.394933,0.00118
128.4283,0.00109
128.461667,0.001055
128.495033,0.001275
128.5284,0.00116
128.561767,0.00121
128.595133,0.00106
128.6285,0.001025
128.661867,0.001255
128.695233,0.00118
128.7286,0.00116
128.761967,0.00108
128.795333,0.001105
128.8287,0.001225
128.862067,0.00121
128.895433,0.00108
128.9288,0.00107
128.962167,0.001115
128.995533,0.001275
129.0289,0.00117
129.062267,0.00111
129.095633,0.00116
129.129,0.0178975
129.162367,0.017265
129.195733,0.0034425
129.2291,0.0016425
129.262467,0.001675
129.295833,0.0012125
129.3292,0.00169
129.362567,0.001295
129.395933,0.00118
129.4293,0.00109
129.462667,0.001055
129.496033,0.001275
129.5294,0.00116
129.562767,0.00121
129.596133,0.00106
129.6295,0.001025
129.662867,0.001255
129.696233,0.00118
129.7296,0.00116
129.762967,0.00108
129.796333,0.001105
129.8297,0.001225
129.863067,0.00121
129.896433,0.00108
129.9298,0.00107
129.963167,0.001115
129.996533,0.001275
130.0299,0.00117
130.063267,0.00111
130.096633,0.00116
130.13,0.0178975
130.163367,0.017265
130.196733,0.0034425
130.2301,0.0016425
130.263467,0.001675
130.296833,0.0012125
130.3302,0.00169
130.363567,0.001295
130.396933,0.00118
130.4303,0.00109
130.463667,0.001055
130.497033,0.001275
130.5304,0.00116
130.563767,0.00121
130.597133,0.00106
130.6305,0.001025
130.663867,0.001255
130.697233,0.00118
130.7306,0.00116
130.763967,0.00108
130.797333,0.001105
130.8307,0.001225
130.864067,0.00121
130.897433,0.00108
130.9308,0.00107
130.964167,0.001115
130.997533,0.001275
131.0309,0.00117
131.064267,0.00111
131.097633,0.886885
131.131,0.03512
131.164367,0.0169025
131.197733,0.0033925
131.2311,0.0016725
131.264467,0.00146
131.297833,0.0011625
131.3312,0.00167
131.364567,0.001315
131.397933,0.00113
131.4313,0.00107
131.464667,0.001075
131.498033,0.001295
131.5314,0.00114
131.564767,0.00115
131.598133,0.00106
131.6315,0.001035
131.664867,0.001285
131.698233,0.00115
131.7316,0.00114
131.764967,0.0011
131.798333,0.001085
131.8317,0.001215
131.865067,0.00119
131.898433,0.00109
131.9318,0.00107
131.965167,0.001085
131.998533,0.001275
132.0319,0.00115
132.065267,0.00112
132.098633,0.00111
132.132,0.017415
132.165367,0.0169025
132.198733,0.0033925
132.2321,0.0016725
132.265467,0.00146
132.298833,0.0011625
132.3322,0.00167
132.365567,0.001315
132.398933,0.00113
132.4323,0.00107
132.465667,0.001075
132.499033,0.001295
132.5324,0.00114
132.565767,0.00115
132.599133,0.00106
132.6325,9.60193
132.665867,0.0051075
132.699233,0.00169
132.7326,0.0014775
132.765967,0.00141
132.799333,0.001295
132.8327,0.001465
132.866067,0.0014
132.899433,0.00129
132.9328,0.00133
132.966167,0.001315
132.999533,0.001455
133.0329,0.00139
133.066267,0.00134
133.099633,0.00131
133.133,0.0449075
133.166367,0.0179925
133.199733,0.003755
133.2331,0.0017
133.266467,0.00147
133.299833,0.0012025
133.3332,0.00175
133.366567,0.001345
133.399933,0.00118
133.4333,0.00114
133.466667,0.001095
133.500033,0.001325
133.5334,0.00119
133.566767,0.00123
133.600133,0.00113
133.6335,0.001065
133.666867,0.001265
133.700233,0.0012
133.7336,0.00124
133.766967,0.00116
133.800333,0.001115
133.8337,0.001235
133.867067,0.00126
133.900433,0.00112
133.9338,0.00111
133.967167,0.001135
134.000533,0.001335
134.0339,0.00122
134.067267,0.00112
134.100633,0.00119
134.134,0.018355
134.167367,0.0179925
134.200733,0.003755
134.2341,0.0017
134.267467,0.00147
134.300833,0.0012025
134.3342,0.00175
134.367567,0.001345
134.400933,0.00118
134.4343,0.00114
134.467667,0.001095
134.501033,0.001325
134.5344,0.00119
134.567767,0.00123
134.601133,0.00113
134.6345,0.001065
134.667867,0.001265
134.701233,0.0012
134.7346,0.00124
134.767967,0.00116
134.801333,0.001115
134.8347,0.001235
134.868067,0.00126
134.901433,0.00112
134.9348,0.00111
134.968167,0.001135
135.001533,0.001335
135.0349,0.00122
135.068267,0.00112
135.101633,0.00119
135.135,0.018355
135.168367,0.0179925
135.201733,0.003755
135.2351,34.4568
135.268467,0.0048775
135.301833,0.0014825
135.3352,0.0013275
135.368567,0.00096
135.401933,0.00082
135.4353,0.00083
135.468667,0.000905
135.502033,0.000915
135.5354,0.00081
135.568767,0.00091
135.602133,0.00078
135.6355,0.000775
135.668867,0.000955
135.702233,0.00082
135.7356,0.00086
135.768967,0.00082
135.802333,0.000825
135.8357,0.000885
135.869067,0.00087
135.902433,0.0008
135.9358,0.00081
135.969167,0.000885
136.002533,0.000895
136.0359,0.0008
136.069267,0.00085
136.102633,0.00083
136.136,0.03375
136.169367,0.0187325
136.202733,0.00559
136.2361,0.0028925
136.269467,0.00249
136.302833,0.002425
136.3362,0.00239
136.369567,0.00236
136.402933,0.00236
136.4363,0.00236
136.469667,0.00236
136.503033,0.00236
136.5364,0.00236
136.569767,0.00236
136.603133,0.00236
136.6365,0.00236
136.669867,0.00236
136.703233,0.00236
136.7366,0.00236
136.769967,0.00236
136.803333,0.00236
136.8367,0.00236
136.870067,0.00236
136.903433,0.00236
136.9368,0.00236
136.970167,0.00236
137.003533,0.00236
137.0369,0.00236
137.070267,0.00236
137.103633,0.00236
137.137,0.01949
137.170367,0.0187325
137.203733,0.00559
137.2371,0.0028925
137.270467,0.00249
137.303833,0.002425
137.3372,0.00239
137.370567,0.00236
137.403933,0.00236
137.4373,0.00236
137.470667,0.00236
137.504033,0.00236
137.5374,0.00236
137.570767,0.00236
137.604133,0.00236
137.6375,0.00236
137.670867,0.00236
137.704233,0.00236
137.7376,0.00236
137.770967,0.00236
137.804333,0.0709025
137.8377,0.002645
137.871067,0.002385
137.904433,0.00233
137.9378,0.00233
137.971167,0.00232
138.004533,0.00232
138.0379,0.00232
138.071267,0.00232
138.104633,0.00232
138.138,0.0213725
138.171367,0.0185775
138.204733,0.005645
138.2381,0.0027425
138.271467,0.00238
138.304833,0.002315
138.3382,0.00227
138.371567,0.00224
138.404933,0.00224
138.4383,0.00224
138.471667,0.00224
138.505033,0.00224
138.5384,0.00224
138.571767,0.00224
138.605133,0.00224
138.6385,0.00224
138.671867,0.00224
138.705233,0.00224
138.7386,0.00224
138.771967,0.00224
138.805333,0.00224
138.8387,0.00224
138.872067,0.00224
138.905433,0.00224
138.9388,0.00224
138.972167,0.00224
139.005533,0.00224
139.0389,0.00224
139.072267,0.00224
139.105633,0.00224
139.139,0.019395
139.172367,0.0185775
139.205733,0.005645
139.2391,0.0027425
139.272467,0.00238
139.305833,0.002315
139.3392,0.00227
139.372567,0.00224
139.405933,0.00224
139.4393,0.00224
139.472667,0.00224
139.506033,0.00224
139.5394,0.00224
139.572767,0.00224
139.606133,0.00224
139.6395,0.00224
139.672867,0.00224
139.706233,0.00224
139.7396,0.00224
139.772967,0.00224
139.806333,0.00224
139.8397,0.00224
139.873067,0.00224
139.906433,0.00224
139.9398,0.00224
139.973167,0.00224
140.006533,0.00224
140.0399,0.00224
140.073267,0.00224
140.106633,0.00224
140.14,0.019395
140.173367,0.0185775
140.206733,0.005645
140.2401,0.0027425
140.273467,0.00238
140.306833,0.002315
140.3402,0.00227
140.373567,0.00224
140.406933,0.00224
140.4403,0.00224
140.473667,0.00224
140.507033,0.00224
140.5404,0.00224
140.573767,0.00224
140.607133,0.00224
140.6405,0.00224
140.673867,0.00224
140.707233,0.00224
140.7406,0.00224
140.773967,0.00224
140.807333,0.00224
140.8407,0.00224
140.874067,0.00224
140.907433,0.00224
140.9408,0.00224
140.974167,0.00224
141.007533,21.2004
141.0409,0.00524
141.074267,0.0015525
141.107633,0.000775
141.141,0.006215
141.174367,0.005435
141.207733,0.0015775
141.2411,0.000825
141.274467,0.000755
141.307833,0.00069
141.3412,0.000735
141.374567,0.000735
141.407933,0.00068
141.4413,0.000735
141.474667,0.000735
141.508033,0.00068
141.5414,0.000735
141.574767,0.000735
141.608133,0.00068
141.6415,0.000735
141.674867,0.000735
141.708233,0.00068
141.7416,0.000735
141.774967,0.000735
141.808333,0.00068
141.8417,0.000735
141.875067,0.000735
141.908433,0.00068
141.9418,0.000735
141.975167,0.000735
142.008533,0.00068
142.0419,0.000735
142.075267,0.000735
142.108633,0.00068
142.142,0.0056925
142.175367,0.005435
142.208733,0.0015775
142.2421,0.000825
142.275467,0.000755
142.308833,0.00069
142.3422,0.000735
142.375567,0.000735
142.408933,0.00068
142.4423,0.000735
142.475667,0.000735
142.509033,0.00068
142.5424,0.000735
142.575767,0.000735
142.609133,0.00068
142.6425,0.000735
142.675867,0.000735
142.709233,0.00068
142.7426,0.000735
142.775967,0.000735
142.809333,0.00068
142.8427,0.000735
142.876067,0.000735
142.909433,0.00068
142.9428,0.000735
142.976167,0.000735
143.009533,0.00068
143.0429,0.000735
143.076267,0.000735
143.109633,0.00068
143.143,0.0056925
143.176367,0.005435
143.209733,0.0015775
143.2431,0.000825
143.276467,0.000755
143.309833,0.00069
143.3432,0.0046825
143.376567,0.05887
143.409933,0.056845
143.4433,0.0530075
143.476667,0.0528775
143.510033,0.0523325
143.5434,0.053705
143.576767,0.0550425
143.610133,0.052405
143.6435,0.0531275
143.676867,0.06425
143.710233,0.05307
143.7436,0.0520875
143.776967,0.0521925
143.810333,0.05254
143.8437,0.0532325
143.877067,0.03343
143.910433,0.00075
143.9438,0.000865
143.977167,0.000695
144.010533,0.00063
144.0439,0.000685
144.077267,0.000685
144.110633,0.00063
144.144,0.007625
144.177367,0.0054425
144.210733,0.0016425
144.2441,0.0008825
144.277467,0.000735
144.310833,0.000675
144.3442,0.000725
144.377567,0.000725
144.410933,0.00067
144.4443,0.000725
144.477667,0.000725
144.511033,0.00067
144.5444,0.000725
144.577767,0.000725
144.611133,0.00067
144.6445,0.000725
144.677867,0.000725
144.711233,0.00067
144.7446,0.000725
144.777967,0.000725
144.811333,0.00067
144.8447,0.000725
144.878067,0.000725
144.911433,0.00067
144.9448,0.000725
144.978167,0.000725
145.011533,0.000685
145.0449,0.0879475
145.078267,0.149575
145.111633,0.144547
145.145,0.14221
145.178367,0.142162
145.211733,0.139472
145.2451,0.141385
145.278467,0.134005
145.311833,0.117805
145.3452,0.135945
145.378567,0.140912
145.411933,0.142895
145.4453,0.13791
145.478667,0.138503
145.512033,0.0530375
145.5454,0.0007225
145.578767,0.000665
145.612133,0.00059
145.6455,0.000645
145.678867,0.000645
145.712233,0.00059
145.7456,0.000645
145.778967,0.000645
145.812333,0.00059
145.8457,0.000645
145.879067,0.000645
145.912433,0.00059
145.9458,0.000645
145.979167,0.000645
146.012533,0.00059
146.0459,0.000645
146.079267,0.000645
146.112633,0.00059
146.146,0.0063075
146.179367,0.00496
146.212733,0.001455
146.2461,0.0008375
146.279467,0.000695
146.312833,0.000635
146.3462,0.000685
146.379567,0.000685
146.412933,0.00063
146.4463,0.000685
146.479667,0.000685
146.513033,0.00063
146.5464,0.000685
146.579767,0.000685
146.613133,0.00063
146.6465,0.000685
146.679867,0.000685
146.713233,0.00063
146.7466,0.000685
146.779967,0.000685
146.813333,0.00063
146.8467,0.000685
146.880067,0.000685
146.913433,0.00063
146.9468,0.000685
146.980167,0.000685
147.013533,0.00063
147.0469,0.000685
147.080267,0.000685
147.113633,0.00063
147.147,0.0053525
147.180367,0.00496
147.213733,0.001455
147.2471,0.0008375
147.280467,0.000695
147.313833,0.000635
147.3472,0.000685
147.380567,0.000685
147.413933,0.00063
147.4473,0.000685
147.480667,0.000685
147.514033,0.00063
147.5474,0.000685
147.580767,0.000685
147.614133,0.00063
147.6475,0.000685
147.680867,0.000685
147.714233,0.00063
147.7476,0.000685
147.780967,0.000685
147.814333,0.00063
147.8477,0.000685
147.881067,0.000685
147.914433,0.00063
147.9478,0.000685
147.981167,0.000685
148.014533,0.00063
148.0479,0.000685
148.081267,0.000685
148.114633,0.00063
148.148,0.0053525
148.181367,0.00496
148.214733,0.001455
148.2481,0.0008375
148.281467,0.000695
148.314833,0.000635
148.3482,0.000685
148.381567,0.000685
148.414933,0.00063
148.4483,0.000685
148.481667,0.000685
148.515033,0.00063
148.5484,0.000685
148.581767,0.000685
148.615133,0.00063
148.6485,0.000685
148.681867,0.000685
148.715233,0.00063
148.7486,0.000685
148.781967,0.000685
148.815333,0.00063
148.8487,0.000685
148.882067,0.000685
148.915433,0.00063
148.9488,0.000685
148.982167,0.000685
149.015533,0.00063
149.0489,0.000685
149.082267,0.000685
149.115633,0.00063
149.149,0.0053525
149.182367,0.00496
149.215733,0.001455
149.2491,0.0008375
149.282467,0.000695
149.315833,0.000635
149.3492,0.000685
149.382567,0.000685
149.415933,0.00063
149.4493,0.000685
149.482667,0.000685
149.516033,0.00063
149.5494,0.000685
149.582767,0.000685
149.616133,0.00063
149.6495,0.000685
149.682867,0.000685
149.716233,0.00063
149.7496,0.000685
149.782967,0.000685
149.816333,0.00063
149.8497,0.000685
149.883067,0.000685
149.916433,0.00063
149.9498,0.000685
149.983167,0.000685
150.016533,0.00063
150.0499,0.000685
150.083267,0.000685
150.116633,0.00063
150.15,0.0053525
150.183367,0.00496
150.216733,0.001455
150.2501,0.0008375
150.283467,0.000695
150.316833,0.000635
150.3502,0.000685
150.383567,0.000685
150.416933,0.00063
150.4503,0.000685
150.483667,0.000685
150.517033,0.00063
150.5504,0.000685
150.583767,0.000685
150.617133,0.00063
150.6505,0.000685
150.683867,0.000685
150.717233,0.00063
150.7506,0.000685
150.783967,0.000685
150.817333,0.00063
150.8507,0.000685
150.884067,0.000685
150.917433,0.00063
150.9508,0.000685
150.984167,0.000685
151.017533,0.00063
151.0509,0.000685
151.084267,0.000685
151.117633,0.00063
151.151,0.0053525
151.184367,0.00496
151.217733,0.001455
151.2511,0.0008375
151.284467,0.000695
151.317833,0.000635
151.3512,0.000685
151.384567,0.000685
151.417933,0.00063
151.4513,0.000685
151.484667,0.000685
151.518033,0.00063
151.5514,0.000685
151.584767,0.000685
151.618133,0.00063
151.6515,0.000685
151.684867,0.000685
151.718233,0.00063
151.7516,0.000685
151.784967,0.000685
151.818333,0.00063
151.8517,0.000685
151.885067,0.000685
151.918433,0.00063
151.9518,0.000685
151.985167,0.000685
152.018533,0.00063
152.0519,0.000685
152.085267,0.000685
152.118633,0.00063
152.152,0.0053525
152.185367,0.00496
152.218733,0.001455
152.2521,0.0008375
152.285467,0.000695
152.318833,0.000635
152.3522,0.000685
152.385567,0.000685
152.418933,0.00063
152.4523,0.000685
152.485667,0.000685
152.519033,0.00063
152.5524,0.000685
152.585767,0.000685
152.619133,0.00063
152.6525,0.000685
152.685867,0.000685
152.719233,0.00063
152.7526,0.000685
152.785967,0.000685
152.819333,0.00063
152.8527,0.000685
152.886067,0.000685
152.919433,0.00063
152.9528,0.000685
152.986167,0.000685
153.019533,0.00063
153.0529,0.000685
153.086267,0.000685
153.119633,0.00063
153.153,0.0053525
153.186367,0.00496
153.219733,0.001455
153.2531,0.0008375
153.286467,0.000695
153.319833,0.000635
153.3532,0.000685
153.386567,0.000685
153.419933,0.00063
153.4533,0.000685
153.486667,0.000685
153.520033,0.00063
153.5534,0.000685
153.586767,0.000685
153.620133,0.00063
153.6535,0.000685
153.686867,0.000685
153.720233,0.00063
153.7536,0.000685
153.786967,0.000685
153.820333,0.00063
153.8537,0.000685
153.887067,0.000685
153.920433,0.00063
153.9538,0.000685
153.987167,0.000685
154.020533,0.00063
154.0539,0.000685
154.087267,0.000685
154.120633,0.00063
154.154,0.0053525
154.187367,0.00496
154.220733,0.001455
154.2541,0.0008375
154.287467,0.000695
154.320833,0.000635
154.3542,0.000685
154.387567,0.000685
154.420933,0.00063
154.4543,0.000685
154.487667,0.000685
154.521033,0.00063
154.5544,0.000685
154.587767,0.000685
154.621133,0.00063
154.6545,0.000685
154.687867,0.000685
154.721233,0.00063
154.7546,0.000685
154.787967,0.000685
154.821333,0.00063
154.8547,0.000685
154.888067,0.000685
154.921433,0.00063
154.9548,0.000685
154.988167,0.000685
155.021533,0.00063
155.0549,0.000685
155.088267,0.000685
155.121633,0.00063
155.155,0.0053525
155.188367,0.00496
155.221733,0.001455
155.2551,0.0008375
155.288467,0.000695
155.321833,0.000635
155.3552,0.000685
155.388567,0.000685
155.421933,0.00063
155.4553,0.000685
155.488667,0.000685
155.522033,0.00063
155.5554,0.000685
155.588767,0.000685
155.622133,0.00063
155.6555,0.000685
155.688867,0.000685
155.722233,0.00063
155.7556,0.000685
155.788967,0.000685
155.822333,0.00063
155.8557,0.000685
155.889067,0.000685
155.922433,0.00063
155.9558,0.000685
155.989167,0.000685
156.022533,0.00063
156.0559,0.000685
156.089267,0.000685
156.122633,0.00063
156.156,0.0053525
156.189367,0.00496
156.222733,0.001455
156.2561,0.0008375
156.289467,0.000695
156.322833,0.000635
156.3562,0.000685
156.389567,0.000685
156.422933,0.00063
156.4563,0.000685
156.489667,0.000685
156.523033,0.00063
156.5564,0.000685
156.589767,0.000685
156.623133,0.00063
156.6565,0.000685
156.689867,0.000685
156.723233,0.00063
156.7566,0.000685
156.789967,0.000685
156.823333,0.00063
156.8567,0.000685
156.890067,0.000685
156.923433,0.00063
156.9568,0.000685
156.990167,0.000685
157.023533,0.00063
157.0569,0.000685
157.090267,0.000685
157.123633,0.00063
157.157,0.0053525
157.190367,0.00496
157.223733,0.001455
157.2571,0.0008375
157.290467,0.000695
157.323833,0.000635
157.3572,0.000685
157.390567,0.000685
157.423933,0.00063
157.4573,0.000685
157.490667,0.000685
157.524033,0.00063
157.5574,0.000685
157.590767,0.000685
157.624133,0.00063
157.6575,0.000685
157.690867,0.000685
157.724233,0.00063
157.7576,0.000685
157.790967,0.000685
157.824333,0.00063
157.8577,0.000685
157.891067,0.000685
157.924433,0.00063
157.9578,0.000685
157.991167,0.000685
158.024533,0.00063
158.0579,0.000685
158.091267,0.000685
158.124633,0.00063
158.158,0.0053525
158.191367,0.00496
158.224733,0.001455
158.2581,0.0008375
158.291467,0.000695
158.324833,0.000635
158.3582,0.000685
158.391567,0.000685
158.424933,0.00063
158.4583,0.000685
158.491667,0.000685
158.525033,0.00063
158.5584,0.000685
158.591767,0.000685
158.625133,0.00063
158.6585,0.000685
158.691867,0.000685
158.725233,0.00063
158.7586,0.000685
158.791967,0.000685
158.825333,0.00063
158.8587,0.000685
158.892067,0.000685
158.925433,0.00063
158.9588,0.000685
158.992167,0.000685
159.025533,0.00063
159.0589,0.000685
159.092267,0.000685
159.125633,0.00063
159.159,0.0053525
159.192367,0.00496
159.225733,0.001455
159.2591,61.4685
159.292467,0.012665
159.325833,0.003085
159.3592,0.0008725
159.392567,0.000695
159.425933,0.00065
159.4593,0.00062
159.492667,0.00062
159.526033,0.00062
159.5594,0.00062
159.592767,0.00062
159.626133,0.00062
159.6595,0.00062
159.692867,0.00062
159.726233,0.00062
159.7596,0.00062
159.792967,0.00062
159.826333,0.00062
159.8597,0.00062
159.893067,0.00062
159.926433,0.00062
159.9598,0.00062
159.993167,0.00062
160.026533,0.00062
160.0599,0.00062
160.093267,0.00062
160.126633,0.00062
160.16,0.0136325
160.193367,0.006665
160.226733,0.001955
160.2601,0.0008625
160.293467,0.000785
160.326833,0.00071
160.3602,0.000695
160.393567,0.000695
160.426933,0.00068
160.4603,0.000695
160.493667,0.000695
160.527033,0.00068
160.5604,0.000695
160.593767,0.000695
160.627133,0.00068
160.6605,0.000695
160.693867,0.000695
160.727233,0.00068
160.7606,0.000695
160.793967,0.000695
160.827333,0.00068
160.8607,0.000695
160.894067,0.000695
160.927433,0.00068
160.9608,0.000695
160.994167,0.000695
161.027533,0.00068
161.0609,0.000695
161.094267,0.000695
161.127633,0.00068
161.161,0.0071075
161.194367,0.006665
161.227733,0.001955
161.2611,0.0008625
161.294467,0.000785
161.327833,0.00071
161.3612,0.000695
161.394567,0.000695
161.427933,151.625
161.4613,7.1253
161.494667,22.8492
161.528033,39.3187
161.5614,41.6247
161.594767,0.31118
161.628133,0.00494
161.6615,0.00158
161.694867,0.0009175
161.728233,0.00084
161.7616,0.00084
161.794967,0.00084
161.828333,0.00084
161.8617,0.00084
161.895067,0.00084
161.928433,0.00084
161.9618,0.00084
161.995167,0.00084
162.028533,0.00084
162.0619,0.00084
162.095267,0.00084
162.128633,0.00084
162.162,0.0138075
162.195367,0.0050775
162.228733,0.00141
162.2621,0.0008075
162.295467,0.00071
162.328833,0.00069
162.3622,0.00069
162.395567,0.00069
162.428933,0.00069
162.4623,0.00069
162.495667,0.00069
162.529033,0.00069
162.5624,0.00069
162.595767,0.00069
162.629133,0.00069
162.6625,0.00069
162.695867,0.00069
162.729233,0.00069
162.7626,0.00069
162.795967,0.00069
162.829333,0.00069
162.8627,0.00069
162.896067,0.00069
162.929433,0.00069
162.9628,0.00069
162.996167,0.00069
163.029533,0.00069
163.0629,0.00069
163.096267,165.746
163.129633,0.0001875
163.163,0
163.196367,0
163.229733,0
163.2631,0
163.296467,0
163.329833,0
163.3632,0
163.396567,0
163.429933,0
163.4633,0
163.496667,0
163.530033,0
163.5634,0
163.596767,0
163.630133,0
163.6635,0
163.696867,0
163.730233,0
163.7636,0
163.796967,0
163.830333,0
163.8637,0
163.897067,0
163.930433,0
163.9638,0
163.997167,0
164.030533,0
164.0639,0
164.097267,0
164.130633,0
164.164,0
164.197367,0
164.230733,0
164.2641,0
164.297467,0
164.330833,0
164.3642,0
164.397567,0
164.430933,0
164.4643,0
164.497667,0
164.531033,0
164.5644,0
164.597767,0
164.631133,0
164.6645,0
164.697867,0
164.731233,0
164.7646,0
164.797967,0
164.831333,0
164.8647,0
164.898067,0
164.931433,0
164.9648,0
164.998167,0
165.031533,0
165.0649,0
165.098267,0
165.131633,0
165.165,0
165.198367,0
165.231733,0
165.2651,0
165.298467,0
165.331833,0
165.3652,0
165.398567,0
165.431933,0
165.4653,0
165.498667,0
165.532033,0
165.5654,0
165.598767,0
165.632133,0
165.6655,0
165.698867,0
165.732233,0
165.7656,0
165.798967,0
165.832333,0
165.8657,0
165.899067,0
165.932433,0
165.9658,0
165.999167,0
166.032533,0
166.0659,0
166.099267,0
166.132633,0
166.166,0
166.199367,0
166.232733,0
166.2661,0
166.299467,0
166.332833,0
166.3662,0
166.399567,0
166.432933,0
166.4663,0
166.499667,0
166.533033,0
166.5664,0
166.599767,0
166.633133,0
166.6665,0
166.699867,0
166.733233,0
166.7666,0
166.799967,0
166.833333,0
166.8667,0
166.900067,0
166.933433,0
166.9668,0
167.000167,0
167.033533,0
167.0669,0
167.100267,0
167.133633,0
167.167,0
167.200367,0
167.233733,0
167.2671,0
167.300467,0
167.333833,0
167.3672,0
167.400567,0
167.433933,0
167.4673,0
167.500667,0
167.534033,0
167.5674,0
167.600767,0
167.634133,0
167.6675,0
167.700867,0
167.734233,0
167.7676,0
167.800967,0
167.834333,0
167.8677,0
167.901067,0
167.934433,0
167.9678,0
168.001167,0
168.034533,0
168.0679,0
168.101267,0
168.134633,0
168.168,0
168.201367,0
168.234733,0
168.2681,0
168.301467,0
168.334833,0
168.3682,0
168.401567,0
168.434933,0
168.4683,0
168.501667,0
168.535033,0
168.5684,0
168.601767,0
168.635133,0
168.6685,0
168.701867,0
168.735233,0
168.7686,0
168.801967,0
168.835333,0
168.8687,0
168.902067,0
168.935433,0
168.9688,0
169.002167,0
169.035533,0
169.0689,0
169.102267,0
169.135633,0
169.169,0
169.202367,0
169.235733,0
169.2691,0
169.302467,0
169.335833,0
169.3692,0
169.402567,0
169.435933,0
169.4693,2.5
169.502667,0.1194
169.536033,0.0013625
169.5694,3.75
169.602767,5
169.636133,0
169.6695,0
169.702867,0
169.736233,0
169.7696,0
169.802967,0
169.836333,0
169.8697,0
169.903067,0
169.936433,0
169.9698,0
170.003167,0
170.036533,0
170.0699,0
170.103267,0
170.136633,0
170.17,0.000215
170.203367,0.0002275
170.236733,2.75
170.2701,0
170.303467,0
170.336833,0
170.3702,0
170.403567,0
170.436933,0
170.4703,0
170.503667,0
170.537033,0
170.5704,0
170.603767,0
170.637133,0
170.6705,0
170.703867,0
170.737233,0
170.7706,0
170.803967,0
170.837333,0
170.8707,0
170.904067,0
170.937433,0
170.9708,0
171.004167,0
171.037533,0
171.0709,0
171.104267,0
171.137633,0
171.171,0.00021
171.204367,0.0002275
171.237733,2.75
171.2711,0
171.304467,0
171.337833,0
171.3712,0
171.404567,0.127952
171.437933,0.671505
171.4713,3.5
171.504667,2
171.538033,2
171.5714,2
171.604767,2
171.638133,2
171.6715,2
171.704867,2
171.738233,2
171.7716,2
171.804967,2
171.838333,2
171.8717,2
171.905067,2
171.938433,2
171.9718,2
172.005167,2
172.038533,2
172.0719,2
172.105267,2
172.138633,2
172.172,0.0002275
172.205367,0.000225
172.238733,4.25
172.2721,2
172.305467,2
172.338833,2
172.3722,2
172.405567,2
172.438933,2
172.4723,2
172.505667,2
172.539033,2
172.5724,2
172.605767,2
172.639133,2
172.6725,2
172.705867,2
172.739233,2
172.7726,2
172.805967,2
172.839333,2
172.8727,2
172.906067,0.799375
172.939433,3.5
172.9728,1.25
173.006167,0
173.039533,0
173.0729,0
173.106267,0
173.139633,0
173.173,0.00022
173.206367,0.0002275
173.239733,2.75
173.2731,0
173.306467,0
173.339833,0
173.3732,0
173.406567,0
173.439933,0
173.4733,0
173.506667,0
173.540033,0
173.5734,0
173.606767,0
173.640133,0
173.6735,0
173.706867,0
173.740233,0
173.7736,0
173.806967,0
173.840333,0
173.8737,0
173.907067,0
173.940433,0
173.9738,0
174.007167,0
174.040533,0
174.0739,0
174.107267,0
174.140633,0
174.174,0.00021
174.207367,0.0002275
174.240733,2.75
174.2741,0
174.307467,0
174.340833,0
174.3742,0
174.407567,0
174.440933,0
174.4743,0
174.507667,0
174.541033,0
174.5744,0
174.607767,0
174.641133,0
174.6745,0
174.707867,0
174.741233,0
174.7746,0
174.807967,0
174.841333,0
174.8747,0
174.908067,0
174.941433,0
174.9748,0
175.008167,0
175.041533,0
175.0749,0
175.108267,0
175.141633,0
175.175,0.00021
175.208367,0.0002275
175.241733,2.75
175.2751,0
175.308467,0
175.341833,0
175.3752,0
175.408567,0
175.441933,0
175.4753,0
175.508667,0
175.542033,0
175.5754,0
175.608767,0
175.642133,0
175.6755,0
175.708867,0
175.742233,0
175.7756,0
175.808967,0
175.842333,0
175.8757,0
175.909067,0
175.942433,0
175.9758,0
176.009167,0
176.042533,0
176.0759,0
176.109267,0
176.142633,0
176.176,0.00021
176.209367,0.0002275
176.242733,2.75
176.2761,0
176.309467,0
176.342833,0
176.3762,0
176.409567,0
176.442933,0
176.4763,0
176.509667,0
176.543033,0
176.5764,0
176.609767,0
176.643133,0
176.6765,0
176.709867,0
176.743233,0
176.7766,0
176.809967,0
176.843333,0
176.8767,0
176.910067,0
176.943433,0
176.9768,0
177.010167,0
177.043533,0
177.0769,0
177.110267,0
177.143633,0
177.177,0.00021
177.210367,0.0002275
177.243733,2.75
177.2771,0.0009075
177.310467,0.000915
177.343833,0.0010475
177.3772,0.00846
177.410567,0.0012775
177.443933,0.0011325
177.4773,0.001095
177.510667,0.0009525
177.544033,0.0003925
177.5774,0.000395
177.610767,0.00049
177.644133,0.0104275
177.6775,0.013905
177.710867,0.0134325
177.744233,0.0136725
177.7776,0.032345
177.810967,0.01348
177.844333,0.0141
177.8777,0.01395
177.911067,0.012925
177.944433,0.0011525
177.9778,0.0006925
178.011167,0.00084
178.044533,0.01926
178.0779,0.0250125
178.111267,0.026895
178.144633,0.0260825
178.178,0.029995
178.211367,0.0285375
178.244733,0.0255975
178.2781,0.02688
178.311467,0.027035
178.344833,0.00146
178.3782,0.0005575
178.411567,0.0007525
178.444933,0.031595
178.4783,0.05482
178.511667,0.053725
178.545033,0.0533175
178.5784,0.0698725
178.611767,0.053885
178.645133,0.0541775
178.6785,0.055385
178.711867,0.0530725
178.745233,0.00735
178.7786,0.0006475
178.811967,0.000545
178.845333,0.0285375
178.8787,0.0540475
178.912067,0.05509
178.945433,0.05634
178.9788,0.061775
179.012167,0.05931
179.045533,0.05534
179.0789,0.05461
179.112267,0.05826
179.145633,0.00972
179.179,2.36502
179.212367,0.005555
179.245733,0.00042
179.2791,0.000195
179.312467,0.00014
179.345833,0.00014
179.3792,0.00014
179.412567,0.00014
179.445933,0.00014
179.4793,0.00014
179.512667,0.00014
179.546033,0.00014
179.5794,0.00014
179.612767,0.00014
179.646133,0.00014
179.6795,0.00014
179.712867,0.00014
179.746233,0.00014
179.7796,0.00014
179.812967,0.00014
179.846333,0.00014
179.8797,0.00014
179.913067,0.00014
179.946433,0.00014
179.9798,0.00014
180.013167,0.00014
180.046533,0.00014
180.0799,0.00014
180.113267,0.00014
180.146633,0.00014
180.18,0.0015875
180.213367,0.0014375
180.246733,0.00037
180.2801,0.000195
180.313467,0.00014
180.346833,0.00014
180.3802,0.00014
180.413567,0.00014
180.446933,0.00014
180.4803,16.7232
180.513667,0.00073
180.547033,0.000315
180.5804,0.00018
180.613767,0.00018
180.647133,0.00016
180.6805,0.00016
180.713867,0.00016
180.747233,0.00016
180.7806,0.00016
180.813967,0.00016
180.847333,0.00016
180.8807,0.00016
180.914067,0.00016
180.947433,0.00016
180.9808,0.00016
181.014167,0.00016
181.047533,0.00016
181.0809,0.00016
181.114267,0.00016
181.147633,0.00016
181.181,0.002125
181.214367,0.001845
181.247733,0.000515
181.2811,0.000235
181.314467,0.00018
181.347833,0.00016
181.3812,0.00016
181.414567,0.00016
181.447933,0.00016
181.4813,0.00016
181.514667,0.00016
181.548033,0.00016
181.5814,0.00016
181.614767,0.00016
181.648133,0.00016
181.6815,0.00016
181.714867,0.00016
181.748233,0.00016
181.7816,0.00016
181.814967,0.00016
181.848333,0.00016
181.8817,0.00016
181.915067,0.00016
181.948433,0.00016
181.9818,0.00016
182.015167,0.00016
182.048533,0.00016
182.0819,0.00016
182.115267,0.00016
182.148633,0.00016
182.182,0.001975
182.215367,0.001845
182.248733,0.000515
182.2821,0.000235
182.315467,0.00018
182.348833,0.00016
182.3822,0.00016
182.415567,0.00016
182.448933,0.00016
182.4823,0.00016
182.515667,0.00016
182.549033,0.00016
182.5824,0.00016
182.615767,0.00016
182.649133,0.00016
182.6825,0.00016
182.715867,0.00016
182.749233,0.00016
182.7826,0.00016
182.815967,0.00016
182.849333,0.00016
182.8827,0.00016
182.916067,0.00016
182.949433,0.00016
182.9828,0.00016
183.016167,0.00016
183.049533,0.00016
183.0829,0.00016
183.116267,0.00016
183.149633,0.00016
183.183,0.001975
183.216367,0.001845
183.249733,0.000515
183.2831,0.000235
183.316467,0.00018
183.349833,0.00016
183.3832,0.00016
183.416567,0.00016
183.449933,0.00016
183.4833,0.00016
183.516667,0.00016
183.550033,0.00016
183.5834,0.00016
183.616767,0.00016
183.650133,0.00016
183.6835,0.00016
183.716867,0.00016
183.750233,4.89262
183.7836,0.146987
183.816967,0.172487
183.850333,0.07427
183.8837,0.0614275
183.917067,0.085575
183.950433,0.05636
183.9838,0.04818
184.017167,0.0947075
184.050533,0.077635
184.0839,0.01935
184.117267,0.0452175
184.150633,0.0406725
184.184,0.02271
184.217367,0.114215
184.250733,0.11403
184.2841,0.0287975
184.317467,0.032625
184.350833,0.036595
184.3842,0.0178075
184.417567,0.0856275
184.450933,0.117115
184.4843,0.06655
184.517667,0.0163075
184.551033,0.02336
184.5844,0.01838
184.617767,0.0226925
184.651133,0.0507775
184.6845,0.046155
184.717867,0.0171975
184.751233,0.0604925
184.7846,0.0593
184.817967,0.0148075
184.851333,0.050175
184.8847,0.05756
184.918067,0.0208175
184.951433,0.0191425
184.9848,0.05404
185.018167,0.0411625
185.051533,0.056705
185.0849,0.09075
185.118267,0.06131
185.151633,0.0004175
185.185,0.0065575
185.218367,0.004465
185.251733,0.0010775
185.2851,0.0005825
185.318467,0.000485
185.351833,0.00043
185.3852,0.00043
185.418567,0.00043
185.451933,0.00043
185.4853,0.00043
185.518667,0.00043
185.552033,0.00043
185.5854,0.00043
185.618767,0.00043
185.652133,0.00043
185.6855,0.00043
185.718867,0.00043
185.752233,0.00043
185.7856,0.00043
185.818967,0.00043
185.852333,0.00043
185.8857,0.00043
185.919067,0.00043
185.952433,0.00043
185.9858,0.00043
186.019167,0.00043
186.052533,0.00043
186.0859,0.00043
186.119267,0.00043
186.152633,0.00043
186.186,0.004735
186.219367,0.004465
186.252733,0.0010775
186.2861,0.0005825
186.319467,0.000485
186.352833,0.00043
186.3862,0.00043
186.419567,0.00043
186.452933,0.00043
186.4863,0.00043
186.519667,0.00043
186.553033,0.00043
186.5864,0.00043
186.619767,0.00043
186.653133,0.00043
186.6865,0.00043
186.719867,0.00043
186.753233,0.00043
186.7866,0.00043
186.819967,0.00043
186.853333,0.00043
186.8867,0.00043
186.920067,0.00043
186.953433,0.00043
186.9868,0.00043
187.020167,0.00043
187.053533,0.00043
187.0869,0.00043
187.120267,0.00043
187.153633,0.00043
187.187,0.004735
187.220367,0.004465
187.253733,0.0010775
187.2871,0.0005825
187.320467,0.000485
187.353833,0.00043
187.3872,0.00043
187.420567,0.00043
187.453933,0.00043
187.4873,0.00043
187.520667,0.00043
187.554033,0.00043
187.5874,0.00043
187.620767,0.00043
187.654133,0.00043
187.6875,0.00043
187.720867,0.00043
187.754233,0.00043
187.7876,0.00043
187.820967,0.00043
187.854333,0.00043
187.8877,0.00043
187.921067,0.00043
187.954433,0.00043
187.9878,0.00043
188.021167,0.00043
188.054533,0.00043
188.0879,0.00043
188.121267,0.00043
188.154633,0.00043
188.188,0.004735
188.221367,0.004465
188.254733,0.0010775
188.2881,0.0005825
188.321467,0.000485
188.354833,0.00043
188.3882,0.00043
188.421567,0.00043
188.454933,0.00043
188.4883,0.00043
188.521667,0.00043
188.555033,0.00043
188.5884,0.00043
188.621767,0.00043
188.655133,0.00043
188.6885,0.00043
188.721867,0.00043
188.755233,0.00043
188.7886,0.00043
188.821967,191.566
188.855333,35.247
188.8887,15.6918
188.922067,2.97601
188.955433,0.001545
188.9888,0.00074
189.022167,0.000645
189.055533,0.00064
189.0889,0.000635
189.122267,0.00062
189.155633,0.00062
189.189,0.01137
189.222367,0.0058
189.255733,0.0013375
189.2891,0.000785
189.322467,0.0007625
189.355833,0.000675
189.3892,0.00066
189.422567,0.00066
189.455933,0.00066
189.4893,0.00066
189.522667,0.00066
189.556033,0.00066
189.5894,0.00066
189.622767,0.00066
189.656133,0.00066
189.6895,0.00066
189.722867,0.00066
189.756233,0.00066
189.7896,0.00066
189.822967,0.00066
189.856333,0.00066
189.8897,0.00066
189.923067,0.00066
189.956433,0.00066
189.9898,0.00066
190.023167,0.00066
190.056533,0.00066
190.0899,0.00066
190.123267,0.00066
190.156633,0.00066
190.19,0.00593
190.223367,0.0058
190.256733,0.0013375
190.2901,0.000785
190.323467,0.0007625
190.356833,0.000675
190.3902,0.00066
190.423567,0.00066
190.456933,0.00066
190.4903,165.127
190.523667,0.000125
190.557033,0
190.5904,0
190.623767,0
190.657133,0
190.6905,0
190.723867,0
190.757233,0
190.7906,0
190.823967,0
190.857333,0
190.8907,0
190.924067,0
190.957433,0
190.9908,0
191.024167,0
191.057533,0
191.0909,0
191.124267,0
191.157633,0
191.191,0
191.224367,0
191.257733,0
191.2911,0
191.324467,0
191.357833,0
191.3912,0
191.424567,0
191.457933,0
191.4913,0
191.524667,0
191.558033,0
191.5914,0
191.624767,0
191.658133,0
191.6915,0
191.724867,0
191.758233,0
191.7916,0
191.824967,0
191.858333,0
191.8917,0
191.925067,0
191.958433,0
191.9918,0
192.025167,0
192.058533,0
192.0919,0
192.125267,0
192.158633,0
192.192,0
192.225367,0
192.258733,0
192.2921,0
192.325467,0
192.358833,0
192.3922,0
192.425567,0
192.458933,0
192.4923,0
192.525667,0
192.559033,0
192.5924,0
192.625767,0
192.659133,0
192.6925,0
192.725867,0
192.759233,0
192.7926,0
192.825967,0
192.859333,0
192.8927,0
192.926067,0
192.959433,0
192.9928,0
193.026167,0
193.059533,0
193.0929,0
193.126267,0
193.159633,0
193.193,0
193.226367,0
193.259733,0
193.2931,0
193.326467,0
193.359833,0
193.3932,0
193.426567,0
193.459933,0
193.4933,0
193.526667,0
193.560033,0
193.5934,0
193.626767,0
193.660133,0
193.6935,0
193.726867,0
193.760233,0
193.7936,0
193.826967,0
193.860333,0
193.8937,0
193.927067,0
193.960433,0
193.9938,0
194.027167,0
194.060533,0
194.0939,0
194.127267,0
194.160633,0
194.194,0
194.227367,0
194.260733,0
194.2941,0
194.327467,0
194.360833,0
194.3942,0
194.427567,0
194.460933,0
194.4943,0
194.527667,0
194.561033,0
194.5944,0
194.627767,0
194.661133,0
194.6945,0
194.727867,0
194.761233,0
194.7946,0
194.827967,0
194.861333,0
194.8947,0
194.928067,0
194.961433,0
194.9948,0
195.028167,0
195.061533,0
195.0949,0
195.128267,0
195.161633,0
195.195,0
195.228367,0
195.261733,0
195.2951,0
195.328467,0
195.361833,0
195.3952,0
195.428567,0
195.461933,0
195.4953,0
195.528667,0
195.562033,0
195.5954,0
195.628767,0
195.662133,0
195.6955,0
195.728867,0
195.762233,0
195.7956,0
195.828967,0
195.862333,0
195.8957,0
195.929067,0
195.962433,0
195.9958,0
196.029167,0
196.062533,0
196.0959,0
196.129267,0
196.162633,0
196.196,0
196.229367,0
196.262733,0
196.2961,0
196.329467,0
196.362833,0
196.3962,0
196.429567,0
196.462933,0
196.4963,0
196.529667,0
196.563033,0
196.5964,0
196.629767,0
196.663133,0
196.6965,0
196.729867,0
196.763233,0
196.7966,0
196.829967,0
196.863333,0
196.8967,0
196.930067,0
196.963433,0
196.9968,0
197.030167,0
197.063533,0
197.0969,0
197.130267,0
197.163633,0
197.197,0
197.230367,0
197.263733,0
197.2971,0
197.330467,0
197.363833,0
197.3972,0
197.430567,0
197.463933,0
197.4973,0
197.530667,0
197.564033,0
197.5974,0
197.630767,0
197.664133,0
197.6975,0
197.730867,0
197.764233,0
197.7976,0
197.830967,0
197.864333,0
197.8977,0
197.931067,0
197.964433,0
197.9978,0
198.031167,0
198.064533,0
198.0979,0
198.131267,0
198.164633,0
198.198,0
198.231367,0
198.264733,0
198.2981,0
198.331467,0
198.364833,0
198.3982,0
198.431567,0
198.464933,0
198.4983,0
198.531667,0
198.565033,0
198.5984,0
198.631767,0
198.665133,0
198.6985,0
198.731867,0
198.765233,0
198.7986,0
198.831967,0
198.865333,0
198.8987,0
198.932067,0
198.965433,0
198.9988,0
199.032167,0
199.065533,0
199.0989,0
199.132267,0
199.165633,0
199.199,0
199.232367,0
199.265733,0
199.2991,0
199.332467,0
199.365833,0
199.3992,0
199.432567,0
199.465933,0
199.4993,0
199.532667,0
199.566033,0
199.5994,0
199.632767,0
199.666133,0
199.6995,0
199.732867,0
199.766233,0
199.7996,0
199.832967,0
199.866333,0
199.8997,0
199.933067,0
199.966433,0
199.9998,0
200.033167,0
200.066533,0
200.0999,0
200.133267,0
200.166633,0
200.2,0
200.233367,0
200.266733,0
200.3001,0
200.333467,0
200.366833,0
200.4002,0
200.433567,0
200.466933,0
200.5003,0
200.533667,0
200.567033,0
200.6004,0
200.633767,0
200.667133,0
200.7005,0
200.733867,0
200.767233,0
200.8006,0
200.833967,0
200.867333,0
200.9007,0
200.934067,0
200.967433,0
201.0008,0
201.034167,0
201.067533,0
201.1009,0
201.134267,0
201.167633,0
201.201,0
201.234367,0
201.267733,0
201.3011,0
201.334467,0
201.367833,0
201.4012,0
201.434567,0
201.467933,0
201.5013,0
201.534667,0
201.568033,0
201.6014,0
201.634767,0
201.668133,0
201.7015,0
201.734867,0
201.768233,0
201.8016,0
201.834967,0
201.868333,0
201.9017,0
201.935067,0
201.968433,0
202.0018,0
202.035167,0
202.068533,0
202.1019,0
202.135267,0
202.168633,0
202.202,0
202.235367,0
202.268733,0
202.3021,0
202.335467,0
202.368833,0
202.4022,0
202.435567,0
202.468933,0
202.5023,0
202.535667,0
202.569033,0
202.6024,0
202.635767,0
202.669133,0
202.7025,0
202.735867,0
202.769233,0
202.8026,0
202.835967,0
202.869333,0
202.9027,0
202.936067,0
202.969433,0
203.0028,0
203.036167,0
203.069533,0
203.1029,0
203.136267,0
203.169633,0
203.203,0
203.236367,0
203.269733,0
203.3031,0
203.336467,0
203.369833,0
203.4032,0
203.436567,0
203.469933,0
203.5033,0
203.536667,0
203.570033,0
203.6034,0
203.636767,0
203.670133,0
203.7035,0
203.736867,0
203.770233,0
203.8036,0
203.836967,0
203.870333,0
203.9037,0
203.937067,0
203.970433,0
204.0038,0
204.037167,0
204.070533,0
204.1039,0
204.137267,0
204.170633,0
204.204,0
204.237367,0
204.270733,0
204.3041,0
204.337467,0
204.370833,0
204.4042,0
204.437567,0
204.470933,0
204.5043,0
204.537667,0
204.571033,0
204.6044,0
204.637767,0
204.671133,0
204.7045,0
204.737867,0
204.771233,0
204.8046,0
204.837967,0
204.871333,0
204.9047,0
204.938067,0
204.971433,0
205.0048,0
205.038167,0
205.071533,0
205.1049,0
205.138267,0
205.171633,0
205.205,0
205.238367,0
205.271733,0
205.3051,0
205.338467,0
205.371833,0
205.4052,0
205.438567,0
205.471933,0
205.5053,0
205.538667,0
205.572033,0
205.6054,0
205.638767,0
205.672133,0
205.7055,0
205.738867,0
205.772233,0
205.8056,0
205.838967,0
205.872333,0
205.9057,0
205.939067,0
205.972433,0
206.0058,0
206.039167,0
206.072533,0
206.1059,0
206.139267,0
206.172633,0
206.206,0
206.239367,0
206.272733,0
206.3061,0
206.339467,0
206.372833,0
206.4062,0
206.439567,0
206.472933,0
206.5063,0
206.539667,0
206.573033,0
206.6064,0
206.639767,0
206.673133,0
206.7065,0
206.739867,0
206.773233,0
206.8066,0
206.839967,0
206.873333,0
206.9067,0
206.940067,0
206.973433,0
207.0068,0
207.040167,0
207.073533,0
207.1069,0
207.140267,0
207.173633,0
207.207,0
207.240367,0
207.273733,0
207.3071,0
207.340467,0
207.373833,0
207.4072,0
207.440567,0
207.473933,0
207.5073,0
207.540667,0
207.574033,0
207.6074,0
207.640767,0
207.674133,0
207.7075,0
207.740867,0
207.774233,0
207.8076,0
207.840967,0
207.874333,0
207.9077,0
207.941067,0
207.974433,0
208.0078,0
208.041167,0
208.074533,0
208.1079,0
208.141267,0
208.174633,0
208.208,0
208.241367,0
208.274733,0
208.3081,0
208.341467,0
208.374833,0
208.4082,0
208.441567,0
208.474933,0
208.5083,0
208.541667,0
208.575033,0
208.6084,0
208.641767,0
208.675133,0
208.7085,0
208.741867,0
208.775233,0
208.8086,0
208.841967,0
208.875333,0
208.9087,0
208.942067,0
208.975433,0
209.0088,0
209.042167,0
209.075533,0
209.1089,0
209.142267,0
209.175633,0
209.209,0
209.242367,0
209.275733,0
209.3091,0
209.342467,0
209.375833,0
209.4092,0
209.442567,0
209.475933,0
209.5093,0
209.542667,0
209.576033,0
209.6094,0
209.642767,0
209.676133,0
209.7095,0
209.742867,0
209.776233,0
209.8096,0
209.842967,0
209.876333,0
209.9097,0
209.943067,0
209.976433,0
210.0098,0
210.043167,0
210.076533,0
210.1099,0
210.143267,0
210.176633,0
210.21,0
210.243367,0
210.276733,0
210.3101,0
210.343467,0
210.376833,0
210.4102,0
210.443567,0
210.476933,0
210.5103,0
210.543667,0
210.577033,0
210.6104,0
210.643767,0
210.677133,0
210.7105,0
210.743867,0
210.777233,0
210.8106,0
210.843967,0
210.877333,0
210.9107,15.644
210.944067,0
210.977433,0
211.0108,0
211.044167,0
211.077533,0
211.1109,0
211.144267,0
211.177633,0
211.211,0
211.244367,0
211.277733,0
211.3111,0
211.344467,0
211.377833,0
211.4112,0
211.444567,0
211.477933,0
211.5113,0
211.544667,0
211.578033,0
211.6114,0
211.644767,0
211.678133,0
211.7115,0
211.744867,0
211.778233,0
211.8116,0
211.844967,0
211.878333,0
211.9117,0
211.945067,0
211.978433,0
212.0118,0
212.045167,0
212.078533,0
212.1119,0
212.145267,0
212.178633,0
212.212,0
212.245367,0
212.278733,0
212.3121,0
212.345467,0
212.378833,0
212.4122,0
212.445567,0
212.478933,0
212.5123,0
212.545667,0
212.579033,0
212.6124,0
212.645767,0
212.679133,0
212.7125,0
212.745867,0
212.779233,0
212.8126,0
212.845967,0
212.879333,0
212.9127,0
212.946067,0
212.979433,0
213.0128,0
213.046167,0
213.079533,0
213.1129,0
213.146267,0
213.179633,0
213.213,0
213.246367,0
213.279733,0
213.3131,0
213.346467,0
213.379833,0
213.4132,0
213.446567,0
213.479933,0
213.5133,0
213.546667,0
213.580033,0
213.6134,0
213.646767,0
213.680133,0
213.7135,0
213.746867,0
213.780233,0
213.8136,0
213.846967,0
213.880333,0
213.9137,0
213.947067,0
213.980433,0
214.0138,0
214.047167,0
214.080533,8.552
214.1139,0
214.147267,0
214.180633,0
214.214,0
214.247367,0
214.280733,0
214.3141,0
214.347467,0
214.380833,0
214.4142,0.011365
214.447567,0.024715
214.480933,0.01132
214.5143,0.019845
214.547667,0.01306
214.581033,0.006805
214.6144,0.03361
214.647767,0.021815
214.681133,0.0109425
214.7145,0.00398
214.747867,0.0261125
214.781233,0.015105
214.8146,0.049115
214.847967,0.010905
214.881333,0.011165
214.9147,0.0028975
214.948067,0.0060825
214.981433,0.0022025
215.0148,0.0032525
215.048167,0.0252975
215.081533,0.028745
215.1149,0.0137375
215.148267,0.009875
215.181633,0.0512725
215.215,0.031135
215.248367,0.0444075
215.281733,0.0171425
215.3151,0.0387375
215.348467,0.0201
215.381833,0.0654175
215.4152,0.0236825
215.448567,0.0461425
215.481933,0.007425
215.5153,0.0134675
215.548667,0.01319
215.582033,0.0222125
215.6154,0.0015825
215.648767,0.001385
215.682133,0.040495
215.7155,0.0229175
215.748867,0.0282825
215.782233,0.009435
215.8156,0.0120175
215.848967,0.0092175
215.882333,0.040105
215.9157,0.0103025
215.949067,0.016435
215.982433,0.003355
216.0158,0.0088075
216.049167,0.0114075
216.082533,0.0223575
216.1159,0.0066125
216.149267,0.01075
216.182633,0.0597475
216.216,0.0508725
216.249367,0.0268675
216.282733,0.011765
216.3161,0.05397
216.349467,0.020655
216.382833,0.0126825
216.4162,0.0042075
216.449567,0.0194125
216.482933,0.001765
216.5163,0.0005125
216.549667,0.0005
216.583033,0.0005
216.6164,0.0005
216.649767,0.0005
216.683133,0.0005
216.7165,0.0005
216.749867,0.0005
216.783233,0.0005
216.8166,0.0005
216.849967,0.0005
216.883333,0.0005
216.9167,0.0005
216.950067,0.0005
216.983433,0.0005
217.0168,0.0005
217.050167,0.0005
217.083533,0.0005
217.1169,0.0005
217.150267,0.0005
217.183633,0.0005
217.217,0.0032275
217.250367,0.00295
217.283733,0.0007725
217.3171,0.00055
217.350467,0.000525
217.383833,0.0005
217.4172,0.0005
217.450567,0.0005
217.483933,0.0005
217.5173,0.0005
217.550667,0.0005
217.584033,0.0005
217.6174,0.0005
217.650767,0.0005
217.684133,0.0005
217.7175,0.0005
217.750867,0.0005
217.784233,0.0005
217.8176,0.0005
217.850967,0.0005
217.884333,0.0005
217.9177,0.0005
217.951067,0.0005
217.984433,0.0005
218.0178,0.0005
218.051167,0.0005
218.084533,0.0005
218.1179,0.0005
218.151267,0.0005
218.184633,0.0005
218.218,0.0030175
218.251367,0.00295
218.284733,0.0007725
218.3181,0.00055
218.351467,0.000525
218.384833,0.0005
218.4182,0.0005
218.451567,0.0005
218.484933,0.0005
218.5183,0.0005
218.551667,0.0005
218.585033,0.0005
218.6184,0.0005
218.651767,0.0005
218.685133,0.0005
218.7185,193.445
218.751867,33.7774
218.785233,26.722
218.8186,2.26224
218.851967,0.0019075
218.885333,0.000815
218.9187,0.00064
218.952067,0.00064
218.985433,0.00064
219.0188,0.00064
219.052167,0.00064
219.085533,0.00064
219.1189,0.00064
219.152267,0.00064
219.185633,0.00064
219.219,0.010835
219.252367,0.00526
219.285733,0.001455
219.3191,0.0008525
219.352467,0.00076
219.385833,0.00074
219.4192,0.00074
219.452567,0.00074
219.485933,0.00074
219.5193,0.00074
219.552667,0.00074
219.586033,0.00074
219.6194,0.00074
219.652767,0.00074
219.686133,0.00074
219.7195,0.00074
219.752867,0.00074
219.786233,0.00074
219.8196,0.00074
219.852967,0.00074
219.886333,0.00074
219.9197,0.00074
219.953067,0.00074
219.986433,0.00074
220.0198,0.00074
220.053167,0.00074
220.086533,0.00074
220.1199,0.00074
220.153267,0.00074
220.186633,154.676
220.22,0.003545
220.253367,0.0024975
220.286733,0.0006575
220.3201,0.0004325
220.353467,0.00034
220.386833,0.00034
220.4202,0.00034
220.453567,0.00034
220.486933,0.00034
220.5203,0.00034
220.553667,0.00034
220.587033,0.00034
220.6204,0.00034
220.653767,0.00034
220.687133,0.00034
220.7205,0.00034
220.753867,0.00034
220.787233,0.00034
220.8206,0.00034
220.853967,0.00034
220.887333,0.00034
220.9207,0.00034
220.954067,0.00034
220.987433,0.00034
221.0208,0.00034
221.054167,0.00034
221.087533,0.00034
221.1209,0.00034
221.154267,0.00034
221.187633,0.00034
221.221,0.0026275
221.254367,0.0024975
221.287733,0.0006575
221.3211,0.0004325
221.354467,0.00034
221.387833,0.00034
221.4212,0.00034
221.454567,0.00034
221.487933,0.00034
221.5213,0.00034
221.554667,0.00034
221.588033,0.00034
221.6214,0.00034
221.654767,0.00034
221.688133,0.00034
221.7215,0.00034
221.754867,0.00034
221.788233,0.00034
221.8216,0.00034
221.854967,0.00034
221.888333,0.00034
221.9217,0.00034
221.955067,0.00034
221.988433,0.00034
222.0218,0.00034
222.055167,0.00034
222.088533,0.00034
222.1219,0.00034
222.155267,0.00034
222.188633,0.00034
222.222,0.0026275
222.255367,0.0024975
222.288733,0.0006575
222.3221,0.0004325
222.355467,0.00034
222.388833,0.00034
222.4222,0.00034
222.455567,7.87851
222.488933,0.0012975
222.5223,0.00059
222.555667,0.00053
222.589033,0.00042
222.6224,0.00042
222.655767,0.0004
222.689133,0.0004
222.7225,0.0004
222.755867,0.0004
222.789233,0.0004
222.8226,0.0004
222.855967,0.0004
222.889333,0.0004
222.9227,0.0004
222.956067,0.0004
222.989433,0.0004
223.0228,0.0004
223.056167,0.0004
223.089533,0.0004
223.1229,0.0004
223.156267,0.0004
223.189633,0.0004
223.223,0.00388
223.256367,0.003445
223.289733,0.0009175
223.3231,0.00064
223.356467,0.00042
223.389833,0.00042
223.4232,0.0004
223.456567,0.0004
223.489933,0.0004
223.5233,0.0004
223.556667,0.0004
223.590033,0.0004
223.6234,0.0004
223.656767,0.0004
223.690133,0.0004
223.7235,0.0004
223.756867,0.0004
223.790233,0.0004
223.8236,0.0004
223.856967,0.0004
223.890333,0.00149
223.9237,0.03752
223.957067,0.0372625
223.990433,0.0408275
224.0238,0.069465
224.057167,0.02585
224.090533,0.000405
224.1239,0.0004
224.157267,0.0004
224.190633,0.0004
224.224,0.00385
224.257367,0.0033625
224.290733,0.000875
224.3241,0.00064
224.357467,0.00042
224.390833,0.00042
224.4242,0.0004
224.457567,0.0004
224.490933,0.0004
224.5243,0.0004
224.557667,0.0004
224.591033,0.0004
224.6244,0.0004
224.657767,0.0004
224.691133,0.0004
224.7245,0.0004
224.757867,0.0004
224.791233,0.0004
224.8246,1.68857
224.857967,0.0005525
224.891333,0.0004375
224.9247,0.0004125
224.958067,0.00042
224.991433,0.00042
225.0248,0.00042
225.058167,0.00042
225.091533,0.00042
225.1249,0.00042
225.158267,0.00042
225.191633,0.00042
225.225,0.00407
225.258367,0.00347
225.291733,0.0008625
225.3251,0.0006525
225.358467,0.0004275
225.391833,0.00044
225.4252,0.00042
225.458567,0.00042
225.491933,0.00042
225.5253,0.00042
225.558667,0.00042
225.592033,0.00042
225.6254,0.00042
225.658767,0.00042
225.692133,0.00042
225.7255,0.00042
225.758867,0.00042
225.792233,0.00042
225.8256,0.00042
225.858967,0.00042
225.892333,0.00042
225.9257,0.00042
225.959067,0.00042
225.992433,0.00042
226.0258,0.00042
226.059167,0.00042
226.092533,0.00042
226.1259,0.00042
226.159267,0.00042
226.192633,0.00042
226.226,0.0036875
226.259367,0.00347
226.292733,0.0797775
226.3261,0.189265
226.359467,0.22993
226.392833,0.133832
226.4262,0.0786
226.459567,0.116002
226.492933,0.0899025
226.5263,0.116193
226.559667,0.22125
226.593033,0.204775
226.6264,0.08812
226.659767,0.151185
226.693133,0.14078
226.7265,0.0634525
226.759867,0.0778175
226.793233,0.07927
226.8266,0.0637525
226.859967,0.17538
226.893333,0.198027
226.9267,0.112352
226.960067,0.287268
226.993433,0.418693
227.0268,0.274272
227.060167,0.0998075
227.093533,0.168488
227.1269,0.134568
227.160267,0.08642
227.193633,0.154723
227.227,0.15293
227.260367,0.0828775
227.293733,0.118678
227.3271,0.120913
227.360467,0.0826025
227.393833,0.080025
227.4272,0.0985425
227.460567,0.07054
227.493933,0.001165
227.5273,0.000995
227.560667,0.00096
227.594033,0.00096
227.6274,0.00096
227.660767,0.00096
227.694133,0.00096
227.7275,0.00096
227.760867,0.00096
227.794233,0.00096
227.8276,0.00096
227.860967,0.00096
227.894333,0.00096
227.9277,0.00096
227.961067,0.00096
227.994433,0.00096
228.0278,0.00096
228.061167,0.00096
228.094533,0.00096
228.1279,0.00096
228.161267,0.00096
228.194633,0.00096
228.228,0.0086275
228.261367,0.0070125
228.294733,0.0020025
228.3281,0.00128
228.361467,0.0010375
228.394833,0.001015
228.4282,0.000965
228.461567,0.00096
228.494933,0.00096
228.5283,0.00096
228.561667,0.00096
228.595033,0.00096
228.6284,0.00096
228.661767,0.00096
228.695133,0.00096
228.7285,0.00096
228.761867,0.00096
228.795233,0.00096
228.8286,0.00096
228.861967,0.00096
228.895333,0.00096
228.9287,0.00096
228.962067,0.00096
228.995433,0.00096
229.0288,0.00096
229.062167,0.00096
229.095533,0.00096
229.1289,0.00096
229.162267,0.00096
229.195633,0.00096
229.229,0.0074475
229.262367,0.0070125
229.295733,0.0020025
229.3291,0.00128
229.362467,0.0010375
229.395833,0.001015
229.4292,0.000965
229.462567,0.00096
229.495933,0.00096
229.5293,0.00096
229.562667,0.00096
229.596033,0.00096
229.6294,0.00096
229.662767,0.00096
229.696133,0.00096
229.7295,0.00096
229.762867,0.00096
229.796233,0.00096
229.8296,0.00096
229.862967,0.00096
229.896333,0.00096
229.9297,0.00096
229.963067,0.00096
229.996433,0.00096
230.0298,0.00096
230.063167,0.00096
230.096533,0.00096
230.1299,0.00096
230.163267,0.00096
230.196633,0.00096
230.23,0.0074475
230.263367,0.0070125
230.296733,0.0020025
230.3301,0.00128
230.363467,0.0010375
230.396833,0.001015
230.4302,0.000965
230.463567,0.00096
230.496933,0.00096
230.5303,0.00096
230.563667,0.00096
230.597033,0.00096
230.6304,0.00096
230.663767,0.00096
230.697133,0.00096
230.7305,0.00096
230.763867,0.00096
230.797233,0.00096
230.8306,0.00096
230.863967,0.00096
230.897333,0.00096
230.9307,0.00096
230.964067,0.00096
230.997433,0.00096
231.0308,0.00096
231.064167,0.00096
231.097533,0.00096
231.1309,0.00096
231.164267,0.00096
231.197633,0.00096
231.231,0.0074475
231.264367,0.0070125
231.297733,0.0020025
231.3311,0.00128
231.364467,0.0010375
231.397833,0.001015
231.4312,0.000965
231.464567,0.00096
231.497933,0.00096
231.5313,0.00096
231.564667,0.00096
231.598033,0.00096
231.6314,0.00096
231.664767,0.00096
231.698133,0.00096
231.7315,0.00096
231.764867,0.00096
231.798233,0.00096
231.8316,0.00096
231.864967,0.00096
231.898333,0.00096
231.9317,0.00096
231.965067,0.00096
231.998433,0.00096
232.0318,0.00096
232.065167,0.00096
232.098533,0.00096
232.1319,0.00096
232.165267,0.00096
232.198633,0.00096
232.232,0.0074475
232.265367,0.0070125
232.298733,0.0020025
232.3321,0.00128
232.365467,0.0010375
232.398833,0.001015
232.4322,0.000965
232.465567,0.00096
232.498933,0.00096
232.5323,0.00096
232.565667,0.00096
232.599033,0.00096
232.6324,0.00096
232.665767,0.00096
232.699133,0.00096
232.7325,0.00096
232.765867,0.00096
232.799233,0.00096
232.8326,0.00096
232.865967,0.00096
232.899333,0.00096
232.9327,0.00096
232.966067,0.00096
232.999433,0.00096
233.0328,0.00096
233.066167,0.00096
233.099533,0.00096
233.1329,0.00096
233.166267,0.00096
233.199633,0.00096
233.233,0.0074475
233.266367,0.0070125
233.299733,0.0020025
233.3331,0.00128
233.366467,0.0010375
233.399833,0.001015
233.4332,0.000965
233.466567,0.00096
233.499933,0.00096
233.5333,0.00096
233.566667,0.00096
233.600033,0.00096
233.6334,0.00096
233.666767,0.00096
233.700133,0.00096
233.7335,0.00096
233.766867,0.00096
233.800233,0.00096
233.8336,0.00096
233.866967,0.00096
233.900333,0.00096
233.9337,0.00096
233.967067,0.00096
234.000433,0.00096
234.0338,0.00096
234.067167,0.00096
234.100533,0.00096
234.1339,0.00096
234.167267,0.00096
234.200633,0.00096
234.234,0.0074475
234.267367,0.0070125
234.300733,0.0020025
234.3341,0.00128
234.367467,0.0010375
234.400833,0.001015
234.4342,0.000965
234.467567,0.00096
234.500933,0.00096
234.5343,0.00096
234.567667,0.00096
234.601033,0.00096
234.6344,0.00096
234.667767,0.00096
234.701133,0.00096
234.7345,0.00096
234.767867,0.00096
234.801233,0.00096
234.8346,0.00096
234.867967,0.00096
234.901333,0.00096
234.9347,0.00096
234.968067,0.00096
235.001433,0.00096
235.0348,0.00096
235.068167,0.00096
235.101533,0.00096
235.1349,0.00096
235.168267,0.00096
235.201633,0.00096
235.235,0.0074475
235.268367,0.0070125
235.301733,0.0020025
235.3351,0.00128
235.368467,0.0010375
235.401833,0.001015
235.4352,0.000965
235.468567,0.00096
235.501933,0.00096
235.5353,0.00096
235.568667,0.00096
235.602033,0.00096
235.6354,0.00096
235.668767,0.00096
235.702133,0.00096
235.7355,0.00096
235.768867,0.00096
235.802233,0.00096
235.8356,0.00096
235.868967,0.00096
235.902333,0.00096
235.9357,0.00096
235.969067,0.00096
236.002433,0.00096
236.0358,0.00096
236.069167,0.00096
236.102533,0.00096
236.1359,0.00096
236.169267,0.00096
236.202633,0.00096
236.236,0.0074475
236.269367,0.0070125
236.302733,0.0020025
236.3361,0.00128
236.369467,0.0010375
236.402833,0.001015
236.4362,0.000965
236.469567,0.00096
236.502933,0.00096
236.5363,0.00096
236.569667,0.00096
236.603033,0.00096
236.6364,0.00096
236.669767,0.00096
236.703133,0.00096
236.7365,0.00096
236.769867,0.00096
236.803233,0.00096
236.8366,0.00096
236.869967,0.00096
236.903333,0.00096
236.9367,0.00096
236.970067,0.00096
237.003433,0.00096
237.0368,0.00096
237.070167,0.00096
237.103533,0.00096
237.1369,0.00096
237.170267,0.00096
237.203633,0.00096
237.237,0.0074475
237.270367,8.45682
237.303733,0.0025475
237.3371,0.00141
237.370467,0.0010925
237.403833,0.001055
237.4372,0.001005
237.470567,0.001
237.503933,0.001
237.5373,0.001
237.570667,0.001
237.604033,0.001
237.6374,0.001
237.670767,0.001
237.704133,0.001
237.7375,0.001
237.770867,0.001
237.804233,0.001
237.8376,0.001
237.870967,0.001
237.904333,0.001
237.9377,0.001
237.971067,0.001
238.004433,0.001
238.0378,0.001
238.071167,0.001
238.104533,0.001
238.1379,0.001
238.171267,0.001
238.204633,0.001
238.238,0.0078475
238.271367,0.006845
238.304733,0.0019025
238.3381,0.001365
238.371467,0.0010775
238.404833,0.001075
238.4382,0.001025
238.471567,0.00102
238.504933,0.00102
238.5383,0.00102
238.571667,0.00102
238.605033,0.00102
238.6384,0.00102
238.671767,0.00102
238.705133,0.00102
238.7385,0.00102
238.771867,0.00102
238.805233,0.00102
238.8386,0.00102
238.871967,0.00102
238.905333,0.00102
238.9387,0.00102
238.972067,0.00102
239.005433,0.00102
239.0388,0.00102
239.072167,0.00102
239.105533,0.00102
239.1389,0.00102
239.172267,0.00102
239.205633,0.00102
239.239,0.00735
239.272367,0.006845
239.305733,0.0019025
239.3391,0.001365
239.372467,0.0010775
239.405833,0.001075
239.4392,0.001025
239.472567,0.00102
239.505933,0.00102
239.5393,0.00102
239.572667,0.00102
239.606033,0.00102
239.6394,0.00102
239.672767,0.00102
239.706133,0.00102
239.7395,0.00102
239.772867,0.00102
239.806233,0.00102
239.8396,0.00102
239.872967,0.00102
239.906333,0.00102
239.9397,0.00102
239.973067,0.00102
240.006433,0.00102
240.0398,0.00102
240.073167,0.00102
240.106533,0.00102
240.1399,0.00102
240.173267,0.00102
240.206633,0.00102
240.24,0.00735
240.273367,0.006845
240.306733,0.0019025
240.3401,0.001365
240.373467,0.0010775
240.406833,0.001075
240.4402,0.001025
240.473567,0.00102
240.506933,0.00102
240.5403,0.00102
240.573667,0.00102
240.607033,0.00102
240.6404,0.00102
240.673767,0.00102
240.707133,0.00102
240.7405,0.00102
240.773867,0.00102
240.807233,0.00102
240.8406,0.00102
240.873967,0.00102
240.907333,0.00102
240.9407,0.00102
240.974067,0.00102
241.007433,0.00102
241.0408,0.00102
241.074167,0.00102
241.107533,0.00102
241.1409,0.00102
241.174267,0.00102
241.207633,0.00102
241.241,0.00735
241.274367,0.006845
241.307733,0.0019025
241.3411,0.001365
241.374467,0.0010775
241.407833,0.001075
241.4412,0.001025
241.474567,0.00102
241.507933,0.00102
241.5413,0.00102
241.574667,0.00102
241.608033,0.00102
241.6414,0.00102
241.674767,0.00102
241.708133,36.227
241.7415,3.5
241.774867,0
241.808233,0
241.8416,0
241.874967,0
241.908333,0
241.9417,0
241.975067,0
242.008433,0
242.0418,0
242.075167,0
242.108533,0
242.1419,0
242.175267,0
242.208633,0
242.242,0
242.275367,0
242.308733,0
242.3421,0
242.375467,0
242.408833,0
242.4422,0
242.475567,0
242.508933,0
242.5423,0
242.575667,0
242.609033,0
242.6424,0
242.675767,0
242.709133,0
242.7425,0
242.775867,0
242.809233,0
242.8426,0
242.875967,0
242.909333,0
242.9427,0
242.976067,0
243.009433,0
243.0428,0
243.076167,0
243.109533,0
243.1429,0
243.176267,0
243.209633,0
243.243,0
243.276367,0
243.309733,0
243.3431,0
243.376467,0
243.409833,0
243.4432,0
243.476567,0
243.509933,0
243.5433,0
243.576667,0
243.610033,0
243.6434,0
243.676767,0
243.710133,0
243.7435,0
243.776867,0
243.810233,0
243.8436,0
243.876967,0
243.910333,0
243.9437,0
243.977067,0
244.010433,0
244.0438,0
244.077167,0
244.110533,0
244.1439,0
244.177267,0
244.210633,0
244.244,0
244.277367,0
244.310733,0
244.3441,0
244.377467,0
244.410833,0
244.4442,0
244.477567,0
244.510933,0
244.5443,0
244.577667,0
244.611033,0
244.6444,0
244.677767,0
244.711133,0
244.7445,0
244.777867,0
244.811233,0
244.8446,0
244.877967,0
244.911333,0
244.9447,0
244.978067,0
245.011433,0
245.0448,0
245.078167,0
245.111533,0
245.1449,0
245.178267,0
245.211633,0.00021
245.245,0.01636
245.278367,0.0107275
245.311733,0.0296275
245.3451,0.068115
245.378467,0.0139
245.411833,0.0435825
245.4452,0.024565
245.478567,0.0109025
245.511933,0.01759
245.5453,0.00564
245.578667,0.024285
245.612033,0.011025
245.6454,0.01015
245.678767,0.0143125
245.712133,0.009305
245.7455,0.030455
245.778867,0.011515
245.812233,0.055585
245.8456,0.0521275
245.878967,0.03139
245.912333,0.08202
245.9457,0.0237325
245.979067,0.124137
246.012433,0.0971625
246.0458,0.0246175
246.079167,0.0497975
246.112533,0.0111725
246.1459,0.0401675
246.179267,0.0241225
246.212633,0.0307325
246.246,0.0533425
246.279367,0.0121
246.312733,0.05421
246.3461,0.020265
246.379467,0.00582
246.412833,0.0158975
246.4462,0.002835
246.479567,0.01244
246.512933,0.0032425
246.5463,0.010745
246.579667,0.0096725
246.613033,0.007105
246.6464,0.0261375
246.679767,0.0054225
246.713133,0.0300825
246.7465,0.0204625
246.779867,0.03974
246.813233,0.0796525
246.8466,0.01607
246.879967,0.02785
246.913333,0.0082525
246.9467,0.00761
246.980067,0.01396
247.013433,0.0075425
247.0468,0.0312675
247.080167,0.015335
247.113533,0.00628
247.1469,0.0106625
247.180267,0.01348
247.213633,0.0456175
247.247,0.021235
247.280367,0.05307
247.313733,0.046585
247.3471,0.014505
247.380467,0.036815
247.413833,0.0114325
247.4472,0.0261425
247.480567,0.0170075
247.513933,0.0118875
247.5473,0.0244175
247.580667,0.006475
247.614033,0.0268975
247.6474,0.0130225
247.680767,0.0167525
247.714133,0.0292
247.7475,0.009315
247.780867,0.0568775
247.814233,0.0195825
247.8476,0.015435
247.880967,0.0255675
247.914333,0.0162975
247.9477,0.0581875
247.981067,0.020865
248.014433,0.068495
248.0478,0.066665
248.081167,0.0190425
248.114533,0.0523725
248.1479,0.01389
248.181267,0.04442
248.214633,0.02767
248.248,0.017215
248.281367,0.0434725
248.314733,0.001245
248.3481,0.00076
248.381467,0.0006675
248.414833,0.00062
248.4482,0.000635
248.481567,0.000635
248.514933,0.00062
248.5483,0.000635
248.581667,0.000635
248.615033,0.00062
248.6484,0.000635
248.681767,0.000635
248.715133,0.00062
248.7485,0.000635
248.781867,0.000635
248.815233,0.00062
248.8486,0.000635
248.881967,0.000635
248.915333,0.00062
248.9487,0.000635
248.982067,0.000635
249.015433,0.00062
249.0488,0.000635
249.082167,0.000635
249.115533,0.00062
249.1489,0.000635
249.182267,0.000635
249.215633,0.00062
249.249,0.004615
249.282367,0.0040825
249.315733,0.0010975
249.3491,0.000695
249.382467,0.000645
249.415833,0.00062
249.4492,0.000635
249.482567,0.000635
249.515933,0.00062
249.5493,0.000635
249.582667,0.000635
249.616033,0.00062
249.6494,0.000635
249.682767,0.000635
249.716133,0.00062
249.7495,0.000635
249.782867,0.000635
249.816233,0.00062
249.8496,0.000635
249.882967,0.000635
249.916333,0.00062
249.9497,0.000635
249.983067,0.000635
250.016433,0.00062
250.0498,0.000635
250.083167,0.000635
250.116533,0.00062
250.1499,0.000635
250.183267,0.000635
250.216633,0.00062
250.25,0.004265
250.283367,0.0040825
250.316733,0.0010975
250.3501,0.000695
250.383467,0.000645
250.416833,0.00062
250.4502,0.000635
250.483567,0.000635
250.516933,0.00062
250.5503,0.000635
250.583667,0.000635
250.617033,0.00062
250.6504,0.000635
250.683767,0.000635
250.717133,0.00062
250.7505,0.000635
250.783867,0.000635
250.817233,0.00062
250.8506,0.000635
250.883967,0.000635
250.917333,0.00062
250.9507,0.000635
250.984067,0.000635
251.017433,0.00062
251.0508,0.000635
251.084167,0.000635
251.117533,0.00062
251.1509,0.000635
251.184267,0.000635
251.217633,0.00062
251.251,0.004265
251.284367,0.0040825
251.317733,0.0010975
251.3511,0.000695
251.384467,0.000645
251.417833,0.00062
251.4512,0.000635
251.484567,0.000635
251.517933,0.00062
251.5513,0.000635
251.584667,0.000635
251.618033,0.00062
251.6514,0.000635
251.684767,0.000635
251.718133,0.00062
251.7515,0.000635
251.784867,0.000635
251.818233,0.00062
251.8516,0.000635
251.884967,5.53534
251.918333,0.01216
251.9517,0.02716
251.985067,0.103038
252.018433,0.01897
252.0518,0.003435
252.085167,0.001955
252.118533,0.002135
252.1519,0.014005
252.185267,0.144033
252.218633,0.0438825
252.252,0.134435
252.285367,0.0504825
252.318733,0.0120975
252.3521,6.97951
252.385467,9.07098
252.418833,8.00818
252.4522,7.52419
252.485567,6.91715
252.518933,5.3975
252.5523,1.72891
252.585667,1.63184
252.619033,3.55944
252.6524,4.38018
252.685767,3.6105
252.719133,1.43812
252.7525,0.0062325
252.785867,0.0107025
252.819233,0.006905
252.8526,0.0056725
252.885967,0.0056175
252.919333,0.0055975
252.9527,0.0055975
252.986067,0.0055975
253.019433,0.0055975
253.0528,0.0055975
253.086167,0.0055975
253.119533,0.0055975
253.1529,0.0055975
253.186267,0.0055975
253.219633,0.0055975
253.253,0.06519
253.286367,0.0465225
253.319733,0.0151925
253.3531,0.0063975
253.386467,0.0051875
253.419833,0.0047675
253.4532,0.0047425
253.486567,0.0047625
253.519933,0.0047375
253.5533,0.0047375
253.586667,0.153743
253.620033,2.01421
253.6534,2.05227
253.686767,2.09854
253.720133,2.10138
253.7535,2.11476
253.786867,2.11195
253.820233,2.12322
253.8536,2.0566
253.886967,2.00359
253.920333,1.98164
253.9537,1.95446
253.987067,1.96086
254.020433,1.93006
254.0538,1.9252
254.087167,1.87689
254.120533,1.70125
254.1539,0.00692
254.187267,0.005195
254.220633,0.0048425
254.254,0.0633175
254.287367,0.04792
254.320733,0.01638
254.3541,0.0067775
254.387467,0.0054525
254.420833,0.0049875
254.4542,0.0050025
254.487567,0.0050225
254.520933,0.0049575
254.5543,0.0049975
254.587667,0.0049975
254.621033,0.0049575
254.6544,0.0049975
254.687767,0.0049975
254.721133,0.0049575
254.7545,0.0049975
254.787867,0.0049975
254.821233,0.0049575
254.8546,0.0049975
254.887967,0.0049975
254.921333,0.0049575
254.9547,0.0049975
254.988067,0.0049975
255.021433,0.0049575
255.0548,0.0049975
255.088167,0.0049975
255.121533,0.0049575
255.1549,0.0049975
255.188267,0.0049975
255.221633,0.0049575
255.255,0.0500425
255.288367,0.04792
255.321733,0.01638
255.3551,0.0067775
255.388467,0.0054525
255.421833,0.0049875
255.4552,0.0050025
255.488567,0.0050225
255.521933,0.0049575
255.5553,0.0049975
255.588667,0.0049975
255.622033,0.0049575
255.6554,0.0049975
255.688767,0.0049975
255.722133,0.0049575
255.7555,0.0049975
255.788867,0.0049975
255.822233,0.0049575
255.8556,0.0049975
255.888967,0.0049975
255.922333,0.0049575
255.9557,0.0049975
255.989067,0.0049975
256.022433,0.0049575
256.0558,0.0049975
256.089167,0.0049975
256.122533,0.0049575
256.1559,0.0049975
256.189267,0.0049975
256.222633,0.0049575
256.256,0.0500425
256.289367,0.04792
256.322733,0.01638
256.3561,0.0067775
256.389467,0.0054525
256.422833,0.0049875
256.4562,0.0050025
256.489567,0.0050225
256.522933,0.0049575
256.5563,0.0049975
256.589667,0.0049975
256.623033,0.0049575
256.6564,0.0049975
256.689767,0.0049975
256.723133,0.0049575
256.7565,0.0049975
256.789867,0.0049975
256.823233,0.0049575
256.8566,0.0049975
256.889967,0.0049975
256.923333,0.0049575
256.9567,0.0049975
256.990067,0.0049975
257.023433,0.0049575
257.0568,0.0049975
257.090167,0.0049975
257.123533,0.0049575
257.1569,0.0049975
257.190267,0.0049975
257.223633,0.0049575
257.257,0.0500425
257.290367,0.04792
257.323733,0.01638
257.3571,0.0067775
257.390467,0.0054525
257.423833,0.0049875
257.4572,0.0050025
257.490567,0.0050225
257.523933,0.0049575
257.5573,0.0049975
257.590667,0.0049975
257.624033,0.0049575
257.6574,0.0049975
257.690767,0.0049975
257.724133,0.0049575
257.7575,0.0426725
257.790867,0.043945
257.824233,0.0444125
257.8576,0.0448225
257.890967,0.0455575
257.924333,0.046235
257.9577,0.043615
257.991067,0.04295
258.024433,0.0438475
258.0578,0.048855
258.091167,0.05053
258.124533,0.050735
258.1579,0.0509375
258.191267,0.0479425
258.224633,0.0481575
258.258,0.10056
258.291367,0.075195
258.324733,0.0883375
258.3581,0.0656025
258.391467,0.060275
258.424833,0.05658
258.4582,0.0645625
258.491567,0.0649275
258.524933,0.0666675
258.5583,0.07155
258.591667,0.0729175
258.625033,0.0773925
258.6584,0.07795
258.691767,0.084945
258.725133,0.0943475
258.7585,0.0069725
258.791867,0.0102875
258.825233,0.00688
258.8586,0.0057075
258.891967,0.0056325
258.925333,0.0055575
258.9587,0.0055975
258.992067,0.0055975
259.025433,0.0055575
259.0588,0.0055975
259.092167,0.0055975
259.125533,0.0055575
259.1589,0.0055975
259.192267,0.0055975
259.225633,0.0055575
259.259,0.06406
259.292367,0.047775
259.325733,0.01667
259.3591,0.00699
259.392467,0.0055075
259.425833,0.0050175
259.4592,0.0050325
259.492567,0.0050525
259.525933,0.0049875
259.5593,0.0050275
259.592667,0.0050275
259.626033,0.0049875
259.6594,0.0050275
259.692767,0.0050275
259.726133,0.0049875
259.7595,0.0050275
259.792867,0.0050275
259.826233,0.0049875
259.8596,0.0050275
259.892967,0.0050275
259.926333,0.0049875
259.9597,0.0050275
259.993067,0.0050275
260.026433,0.0049875
260.0598,0.0050275
260.093167,0.0050275
260.126533,0.0049875
260.1599,0.0050275
260.193267,0.0050275
260.226633,0.0049875
260.26,0.05013
260.293367,0.047775
260.326733,0.01667
260.3601,0.00699
260.393467,0.0055075
260.426833,0.0050175
260.4602,0.0050325
260.493567,0.0050525
260.526933,0.0049875
260.5603,0.0050275
260.593667,0.0050275
260.627033,0.0049875
260.6604,0.0050275
260.693767,0.0050275
260.727133,0.0049875
260.7605,0.0050275
260.793867,0.0050275
260.827233,0.0049875
260.8606,0.0050275
260.893967,0.0050275
260.927333,0.0049875
260.9607,0.0050275
260.994067,0.0050275
261.027433,0.0049875
261.0608,0.0050275
261.094167,0.0050275
261.127533,0.0049875
261.1609,0.0050275
261.194267,0.0050275
261.227633,0.0049875
261.261,0.05013
261.294367,0.047775
261.327733,0.01667
261.3611,0.00699
261.394467,0.0055075
261.427833,0.0050175
261.4612,0.0050325
261.494567,0.0050525
261.527933,0.0049875
261.5613,0.0050275
261.594667,0.0050275
261.628033,0.0049875
261.6614,0.0050275
261.694767,0.0050275
261.728133,0.0049875
261.7615,0.0050275
261.794867,0.0050275
261.828233,0.0049875
261.8616,0.0050275
261.894967,0.0050275
261.928333,0.0049875
261.9617,0.0050275
261.995067,0.0050275
262.028433,0.0049875
262.0618,0.0050275
262.095167,0.0050275
262.128533,0.0049875
262.1619,0.0050275
262.195267,0.0050275
262.228633,0.0049875
262.262,0.05013
262.295367,0.047775
262.328733,0.01667
262.3621,0.00699
262.395467,0.0055075
262.428833,0.0050175
262.4622,0.0050325
262.495567,0.0050525
262.528933,0.0049875
262.5623,0.0050275
262.595667,0.0050275
262.629033,0.0049875
262.6624,0.0050275
262.695767,0.0050275
262.729133,0.0049875
262.7625,0.0050275
262.795867,0.0050275
262.829233,0.0049875
262.8626,0.0050275
262.895967,0.0050275
262.929333,0.0049875
262.9627,0.0050275
262.996067,0.0050275
263.029433,0.0049875
263.0628,0.0050275
263.096167,0.0050275
263.129533,0.0049875
263.1629,0.0050275
263.196267,0.0050275
263.229633,0.0049875
263.263,0.05013
263.296367,0.047775
263.329733,0.01667
263.3631,0.00699
263.396467,0.0055075
263.429833,0.0050175
263.4632,0.0050325
263.496567,0.0050525
263.529933,0.0049875
263.5633,0.0050275
263.596667,0.0050275
263.630033,0.0049875
263.6634,0.0050275
263.696767,0.0050275
263.730133,0.0049875
263.7635,0.0050275
263.796867,0.0050275
263.830233,0.0049875
263.8636,0.0050275
263.896967,0.0050275
263.930333,0.0049875
263.9637,0.0050275
263.997067,0.0050275
264.030433,0.0049875
264.0638,0.0050275
264.097167,0.0050275
264.130533,0.0049875
264.1639,0.0050275
264.197267,0.0050275
264.230633,0.0049875
264.264,0.05013
264.297367,0.047775
264.330733,0.01667
264.3641,0.00699
264.397467,0.0055075
264.430833,0.0050175
264.4642,0.0050325
264.497567,0.0050525
264.530933,0.0049875
264.5643,0.0050275
264.597667,0.0050275
264.631033,0.0049875
264.6644,0.0050275
264.697767,0.0050275
264.731133,0.0049875
264.7645,0.0050275
264.797867,0.0050275
264.831233,0.0049875
264.8646,0.0050275
264.897967,0.0050275
264.931333,0.0049875
264.9647,0.0050275
264.998067,0.0050275
265.031433,0.0049875
265.0648,0.0050275
265.098167,0.0050275
265.131533,0.0049875
265.1649,0.0050275
265.198267,0.0050275
265.231633,0.0049875
265.265,0.05013
265.298367,0.047775
265.331733,0.01667
265.3651,0.00699
265.398467,0.0055075
265.431833,0.0050175
265.4652,0.0050325
265.498567,0.0050525
265.531933,0.0049875
265.5653,0.0050275
265.598667,0.0050275
265.632033,0.0049875
265.6654,0.0050275
265.698767,0.0050275
265.732133,0.0049875
265.7655,0.0050275
265.798867,0.0050275
265.832233,0.0049875
265.8656,0.0050275
265.898967,0.0050275
265.932333,26.3938
265.9657,0.143317
265.999067,0.158663
266.032433,0.147835
266.0658,0.14939
266.099167,0.15675
266.132533,0.15166
266.1659,0.152275
266.199267,0.165875
266.232633,0.165685
266.266,0.171332
266.299367,0.17349
266.332733,0.176725
266.3661,0.176132
266.399467,0.938345
266.432833,0.195203
266.4662,0.190073
266.499567,0.197348
266.532933,0.202017
266.5663,0.21008
266.599667,0.215605
266.633033,0.22533
266.6664,0.231123
266.699767,0.24497
266.733133,0.254997
266.7665,0.273133
266.799867,0.27981
266.833233,1.06866
266.8666,0.330278
266.899967,0.356305
266.933333,0.395522
266.9667,0.0027775
267.000067,0.004865
267.033433,0.00464
267.0668,0.0042425
267.100167,0.0021075
267.133533,0.0011025
267.1669,0.0018925
267.200267,0.0046325
267.233633,0.0037375
267.267,0.73583
267.300367,0.008465
267.333733,0.00724
267.3671,0.00502
267.400467,0.0039175
267.433833,0.00318
267.4672,0.001075
267.500567,0.0029375
267.533933,0.0025125
267.5673,0.0025175
267.600667,0.00251
267.634033,0.0010125
267.6674,0.002305
267.700767,0.0019625
267.734133,0.679188
267.7675,0.017705
267.800867,0.00158
267.834233,0.011985
267.8676,0.003435
267.900967,0.00272
267.934333,0.0014
267.9677,0.00088
268.001067,0.0018625
268.034433,0.001595
268.0678,0.00117
268.101167,0.001475
268.134533,0.00088
268.1679,0.00088
268.201267,0.697055
268.234633,0.0056825
268.268,0.015715
268.301367,0.0083775
268.334733,0.00371
268.3681,0.00233
268.401467,0.0025925
268.434833,0.004985
268.4682,0.00101
268.501567,0.0028
268.534933,0.0016575
268.5683,0.0026275
268.601667,0.810183
268.635033,0.00505
268.6684,0.00331
268.701767,0.0037875
268.735133,0.0027475
268.7685,0.0396675
268.801867,3.71745
268.835233,12.0633
268.8686,18.0087
268.901967,11.2699
268.935333,0.147572
268.9687,0.19398
269.002067,0.19344
269.035433,0.163628
269.0688,0.19523
269.102167,0.20209
269.135533,0.1983
269.1689,0.204967
269.202267,0.203535
269.235633,0.209657
269.269,0.236258
269.302367,0.21591
269.335733,0.249945
269.3691,0.22636
269.402467,0.266155
269.435833,0.280122
269.4692,0.234467
269.502567,0.31479
269.535933,0.27392
269.5693,0.286733
269.602667,0.330632
269.636033,0.33533
269.6694,0.350287
269.702767,0.343703
269.736133,0.41728
269.7695,0.4564
269.802867,0.0002725
269.836233,3
269.8696,2
269.902967,0.00179
269.936333,0.00072
269.9697,0.0005625
270.003067,0.0012675
270.036433,0.0005775
270.0698,0.00052
270.103167,0.00052
270.136533,0.00052
270.1699,0.00052
270.203267,0.00052
270.236633,0.00052
270.27,0.0173525
270.303367,0.0043375
270.336733,0.00108
270.3701,0.000655
270.403467,0.002455
270.436833,0.0006575
270.4702,0.0005475
270.503567,0.00054
270.536933,0.00054
270.5703,0.00054
270.603667,0.00054
270.637033,0.00054
270.6704,24.1072
270.703767,0.105002
270.737133,0.0283
270.7705,0.018725
270.803867,0.0190925
270.837233,0.0213475
270.8706,0.024905
270.903967,0.020265
270.937333,0.0202175
270.9707,0.021905
271.004067,0.020545
271.037433,3.1192
271.0708,0.06822
271.104167,0.080065
271.137533,0.0282025
271.1709,0.02022
271.204267,0.0215225
271.237633,0.02181
271.271,0.0638525
271.304367,0.0354075
271.337733,0.023785
271.3711,0.0250775
271.404467,0.0240125
271.437833,0.0240725
271.4712,0.02493
271.504567,2.60694
271.537933,0.0711625
271.5713,0.093785
271.604667,0.045075
271.638033,0.044265
271.6714,0.0571575
271.704767,0.009305
271.738133,0.126298
271.7715,0.137302
271.804867,0.177675
271.838233,0.149237
271.8716,0.15158
271.904967,0.151567
271.938333,0.156975
271.9717,2.5389
272.005067,0.215443
272.038433,0.186315
272.0718,0.16328
272.105167,0.162078
272.138533,0.167085
272.1719,0.176223
272.205267,0.17743
272.238633,0.187638
272.272,0.228492
272.305367,0.195958
272.338733,0.194678
272.3721,0.200868
272.405467,0.204088
272.438833,2.60604
272.4722,0.214762
272.505567,0.309305
272.538933,0.249435
272.5723,0.253775
272.605667,0.284295
272.639033,0.39378
272.6724,0.43853
272.705767,0.348803
272.739133,0.033585
272.7725,0.0097025
272.805867,0.00431
272.839233,2.58885
272.8726,0.062085
272.905967,0.072735
272.939333,0.013905
272.9727,0.172975
273.006067,0.205648
273.039433,0.248973
273.0728,0.22237
273.106167,0.232212
273.139533,0.241457
273.1729,0.25262
273.206267,0.256705
273.239633,0.263775
273.273,0.334908
273.306367,2.03908
273.339733,0.24862
273.3731,0.40419
273.406467,0.322993
273.439833,0.269742
273.4732,0.291925
273.506567,0.303777
273.539933,0.453317
273.5733,0.399257
273.606667,0.442885
273.640033,0.400462
273.6734,0.426673
273.706767,0.35361
273.740133,0.406488
273.7735,1.91173
273.806867,0.599815
273.840233,0.70005
273.8736,0.618058
273.906967,0.771735
273.940333,0.523258
273.9737,0.014585
274.007067,0.19789
274.040433,0.0765825
274.0738,0.02494
274.107167,0.272575
274.140533,0.04228
274.1739,0.177537
274.207267,1.64454
274.240633,0.0361125
274.274,0.365308
274.307367,0.00012
274.340733,0.0001
274.3741,0.0152825
274.407467,0.0274175
274.440833,0.136205
274.4742,0.1664
274.507567,0.034235
274.540933,0.00674
274.5743,0.620925
274.607667,0.37837
274.641033,1.81195
274.6744,0.127498
274.707767,0.112712
274.741133,0.319035
274.7745,0.39165
274.807867,0.156663
274.841233,0.22674
274.8746,0.1087
274.907967,0.351995
274.941333,0.42951
274.9747,0.0442775
275.008067,0.06992
275.041433,0.077145
275.0748,0.0537275
275.108167,1.59571
275.141533,0.40117
275.1749,0.213045
275.208267,0.06547
275.241633,0.001735
275.275,0.441848
275.308367,0.0001675
275.341733,0.0001675
275.3751,0.102832
275.408467,0.0855825
275.441833,0.3535
275.4752,0.245685
275.508567,0.1712
275.541933,0.0280525
275.5753,1.51667
275.608667,0.0031075
275.642033,0.0019025
275.6754,0.0015275
275.708767,0.245243
275.742133,0.219032
275.7755,0.112443
275.808867,0.394572
275.842233,0.18154
275.8756,0.115617
275.908967,0.024335
275.942333,0.01385
275.9757,0.007535
276.009067,1.58114
276.042433,0.227285
276.0758,0.248638
276.109167,0.186665
276.142533,0.260965
276.1759,0.244395
276.209267,0.042825
276.242633,0.0356325
276.276,0.434075
276.309367,0.000125
276.342733,0.05853
276.3761,0.124668
276.409467,0.23064
276.442833,1.93898
276.4762,0.226148
276.509567,0.131752
276.542933,0.0023525
276.5763,0.002655
276.609667,0.00036
276.643033,0.0002775
276.6764,0.0314775
276.709767,0.047325
276.743133,0.0336475
276.7765,0.0991375
276.809867,0.108825
276.843233,0.0564725
276.8766,0.0384125
276.909967,1.63918
276.943333,0.133227
276.9767,0.0985075
277.010067,0.0359
277.043433,0.0013575
277.0768,0.003825
277.110167,0.00012
277.143533,0.038515
277.1769,0.02899
277.210267,0.1135
277.243633,0.08128
277.277,0.26973
277.310367,0.0671725
277.343733,1.62898
277.3771,0.06511
277.410467,0.074215
277.443833,0.0329575
277.4772,0.0240225
277.510567,0.0040475
277.543933,0.0373925
277.5773,0.0248975
277.610667,0.420973
277.644033,0.147915
277.6774,0.05943
277.710767,0.0384275
277.744133,0.019465
277.7775,0.0089725
277.810867,0.015915
277.844233,0.015585
277.8776,0.0274775
277.910967,0.021995
277.944333,1.71383
277.9777,0.16381
278.011067,0.111577
278.044433,0.157257
278.0778,0.00456
278.111167,0.018505
278.144533,0.00023
278.1779,0.0099475
278.211267,0.021705
278.244633,0.0368725
278.278,0.27026
278.311367,0.0442575
278.344733,0.0301075
278.3781,1.89813
278.411467,0.142288
278.444833,0.0983175
278.4782,0.149523
278.511567,0.0011775
278.544933,0.0098375
278.5783,0.000235
278.611667,0.0118825
278.645033,0.020525
278.6784,0.0464575
278.711767,0.0253975
278.745133,0.0166825
278.7785,0.0584225
278.811867,0.03701
278.845233,1.63566
278.8786,0.125392
278.911967,0.0981125
278.945333,0.137545
278.9787,0.06525
279.012067,0.00347
279.045433,0.0126275
279.0788,0.007735
279.112167,0.0187475
279.145533,0.014885
279.1789,0.0142075
279.212267,0.0100425
279.245633,0.020395
279.279,1.65757
279.312367,0.051775
279.345733,0.083165
279.3791,0.13123
279.412467,0.069365
279.445833,0.04705
279.4792,0.0332075
279.512567,0.0286325
279.545933,0.02483
279.5793,0.025565
279.612667,0.0221525
279.646033,0.02243
279.6794,0.0207975
279.712767,0.0219
279.746133,1.70195
279.7795,0.0894925
279.812867,0.0901375
279.846233,0.14636
279.8796,0.11204
279.912967,0.0180125
279.946333,0.011745
279.9797,0.0012375
280.013067,0.0142025
280.046433,0.020085
280.0798,0.0367125
280.113167,0.020755
280.146533,0.015025
280.1799,1.86366
280.213267,0.146815
280.246633,0.0952175
280.28,0.31348
280.313367,0.078485
280.346733,0.048945
280.3801,139.773
280.413467,0
280.446833,0.920655
280.4802,0.0057975
280.513567,0.984345
280.546933,0.05723
280.5803,1.02889
280.613667,0.043535
280.647033,1.05131
280.6804,0.0278525
280.713767,1.22484
280.747133,0.0241575
280.7805,1.13177
280.813867,0.0626775
280.847233,1.15328
280.8806,0.0870625
280.913967,1.09383
280.947333,0.166242
280.9807,1.29314
281.014067,0.02532
281.047433,1.15442
281.0808,0.0084075
281.114167,1.13034
281.147533,0.072745
281.1809,1.13949
281.214267,0.0907675
281.247633,1.23218
281.281,0.26347
281.314367,1.29136
281.347733,0.0248375
281.3811,1.30808
281.414467,0.0047775
281.447833,1.25369
281.4812,0.026535
281.514567,1.45657
281.547933,0.120887
281.5813,1.30445
281.614667,0.0197275
281.648033,1.2375
281.6814,0.0292575
281.714767,1.29371
281.748133,0.065445
281.7815,1.28503
281.814867,0.133105
281.848233,1.24372
281.8816,0.0189475
281.914967,1.27617
281.948333,0.0015025
281.9817,1.2107
282.015067,0.0341825
282.048433,1.37335
282.0818,0.12936
282.115167,1.27726
282.148533,0.01716
282.1819,1.26063
282.215267,0.0056575
282.248633,1.26092
282.282,0.243787
282.315367,1.34441
282.348733,0.03521
282.3821,1.43353
282.415467,0
282.448833,1.20426
282.4822,0.05417
282.515567,1.28802
282.548933,0.0364875
282.5823,1.3885
282.615667,0.155395
282.649033,1.31082
282.6824,0.00924
282.715767,1.22229
282.749133,0.008525
282.7825,1.25623
282.815867,0.0749625
282.849233,1.2364
282.8826,0.1432
282.915967,1.2787
282.949333,0.02286
282.9827,1.24438
283.016067,0.0381325
283.049433,1.25801
283.0828,0.0777
283.116167,1.4308
283.149533,0.147212
283.1829,1.30188
283.216267,0.01973
283.249633,1.28917
283.283,0.260595
283.316367,1.22955
283.349733,0.11349
283.3831,1.31317
283.416467,0.0418525
283.449833,1.25637
283.4832,0.18322
283.516567,1.30596
283.549933,0.0251375
283.5833,1.31413
283.616667,0.0009175
283.650033,1.43021
283.6834,0.0690275
283.716767,1.3076
283.750133,0.042445
283.7835,1.35158
283.816867,0.107015
283.850233,1.35226
283.8836,0.009295
283.916967,1.39554
283.950333,0.0025975
283.9837,1.33959
284.017067,0.0594675
284.050433,1.29942
284.0838,0.03949
284.117167,1.33096
284.150533,1.44802
284.1839,0.0188625
284.217267,1.38459
284.250633,0.0345925
284.284,1.3194
284.317367,0.035485
284.350733,1.38161
284.3841,0.0747175
284.417467,1.36026
284.450833,0.182363
284.4842,1.4302
284.517567,0
284.550933,1.42137
284.5843,0.01348
284.617667,1.28661
284.651033,0.0058325
284.6844,1.39119
284.717767,0.0979425
284.751133,1.30997
284.7845,0.0495925
284.817867,1.34113
284.851233,0.180725
284.8846,1.29356
284.917967,0.0243825
284.951333,1.352
284.9847,0.0100625
285.018067,1.2509
285.051433,0.0883525
285.0848,1.21787
285.118167,0.04886
285.151533,1.19793
285.1849,0.124695
285.218267,1.20405
285.251633,0.01136
285.285,1.17876
285.318367,0.00032
285.351733,1.14463
285.3851,0.097375
285.418467,1.09631
285.451833,0.0504725
285.4852,1.13012
285.518567,0.12507
285.551933,1.1076
285.5853,0.0044725
285.618667,1.09416
285.652033,0.006985
285.6854,0.984677
285.718767,0.0646325
285.752133,1.0102
285.7855,0.12901
285.818867,0.977885
285.852233,0.019345
285.8856,0.912273
285.918967,0.03009
285.952333,0.93824
285.9857,0.0184425
286.019067,0.820255
286.052433,0.111427
286.0858,0.76623
286.119167,0.00855
286.152533,0.7323
286.1859,0.033425
286.219267,0.708875
286.252633,0.030135
286.286,1.07187
286.319367,0.01891
286.352733,1.17912
286.3861,0
286.419467,1.06451
286.452833,0.024515
286.4862,1.20423
286.519567,0.09165
286.552933,1.25121
286.5863,0.0198375
286.619667,1.28325
286.653033,0.04546
286.6864,1.40963
286.719767,0.130057
286.753133,1.37125
286.7865,0.02378
286.819867,1.53483
286.853233,0.04689
286.8866,1.57526
286.919967,0.08214
286.953333,1.60159
286.9867,0.151315
287.020067,1.646
287.053433,0.024435
287.0868,1.75282
287.120167,0.0040425
287.153533,1.7894
287.1869,0.0885775
287.220267,1.89668
287.253633,0.153367
287.287,2.02443
287.320367,0.02052
287.353733,2.2153
287.3871,0.043905
287.420467,2.2769
287.453833,0.121295
287.4872,2.2405
287.520567,0.0192175
287.553933,2.34727
287.5873,0.0222725
287.620667,2.39602
287.654033,0.13972
287.6874,2.3345
287.720767,0.0377175
287.754133,2.37507
287.7875,0.037695
287.820867,2.40551
287.854233,2.6067
287.8876,0.0187125
287.920967,2.53013
287.954333,0.0348925
287.9877,2.46847
288.021067,0.0393975
288.054433,2.54194
288.0878,0.0796475
288.121167,2.57001
288.154533,0.0061725
288.1879,2.61505
288.221267,0.004335
288.254633,162.543
288.288,0.14972
288.321367,0.155185
288.354733,0.158353
288.3881,0.19818
288.421467,0.177588
288.454833,0.167655
288.4882,0.156468
288.521567,0.16132
288.554933,0.16336
288.5883,0.171485
288.621667,0.16824
288.655033,0.177955
288.6884,0.176645
288.721767,0.183435
288.755133,0.184525
288.7885,0.19204
288.821867,0.198813
288.855233,0.200365
288.8886,0.21054
288.921967,0.217262
288.955333,0.224165
288.9887,0.233972
289.022067,0.242952
289.055433,0.254055
289.0888,0.267937
289.122167,0.284255
289.155533,0.299808
289.1889,0.326892
289.222267,0.356015
289.255633,0.402665
289.289,0.02451
289.322367,0.0064075
289.355733,0.0015775
289.3891,0.00087
289.422467,0.000735
289.455833,0.000705
289.4892,0.00071
289.522567,0.00071
289.555933,0.00071
289.5893,0.00071
289.622667,0.00071
289.656033,0.00071
289.6894,0.00071
289.722767,0.00071
289.756133,0.00071
289.7895,0.00071
289.822867,0.00071
289.856233,0.00071
289.8896,0.00071
289.922967,0.00071
289.956333,0.00071
289.9897,0.00071
290.023067,0.00071
290.056433,0.00071
290.0898,0.00071
290.123167,0.00071
290.156533,0.00071
290.1899,0.00071
290.223267,0.00071
290.256633,0.00071
290.29,0.0067
290.323367,0.0064075
290.356733,0.0015775
290.3901,0.00087
290.423467,0.000735
290.456833,0.000705
290.4902,0.00071
290.523567,0.00071
290.556933,0.00071
290.5903,0.00071
290.623667,0.00071
290.657033,0.00071
290.6904,0.00071
290.723767,0.00071
290.757133,0.00071
290.7905,0.00071
290.823867,0.00071
290.857233,0.00071
290.8906,0.00071
290.923967,0.00071
290.957333,0.00071
290.9907,0.00071
291.024067,0.00071
291.057433,0.00071
291.0908,0.00071
291.124167,0.00071
291.157533,0.00071
291.1909,0.00071
291.224267,0.00071
291.257633,0.00071
291.291,0.0067
291.324367,0.0064075
291.357733,0.0015775
291.3911,0.00087
291.424467,0.000735
291.457833,0.000705
291.4912,0.00071
291.524567,0.00071
291.557933,0.00071
291.5913,0.00071
291.624667,0.00071
291.658033,0.00071
291.6914,0.00071
291.724767,0.00071
291.758133,0.00071
291.7915,0.00071
291.824867,0.00071
291.858233,0.00071
291.8916,0.00071
291.924967,0.00071
291.958333,0.00071
291.9917,0.00071
292.025067,0.00071
292.058433,0.00071
292.0918,0.00071
292.125167,0.00071
292.158533,0.00071
292.1919,0.00071
292.225267,0.00071
292.258633,0.00071
292.292,0.0067
292.325367,0.0064075
292.358733,0.0015775
292.3921,0.00087
292.425467,0.000735
292.458833,0.000705
292.4922,0.00071
292.525567,0.00071
292.558933,0.00071
292.5923,0.00071
292.625667,0.00071
292.659033,0.00071
292.6924,0.00071
292.725767,0.00071
292.759133,0.00071
292.7925,0.00071
292.825867,0.00071
292.859233,0.00071
292.8926,0.00071
292.925967,0.00071
292.959333,0.00071
292.9927,0.00071
293.026067,0.00071
293.059433,0.00071
293.0928,0.00071
293.126167,0.00071
293.159533,0.00071
293.1929,0.00071
293.226267,0.00071
293.259633,0.00071
293.293,0.0067
293.326367,0.0064075
293.359733,0.0015775
293.3931,0.00087
293.426467,0.000735
293.459833,0.000705
293.4932,0.00071
293.526567,0.00071
293.559933,0.00071
293.5933,0.00071
293.626667,0.00071
293.660033,0.00071
293.6934,0.00071
293.726767,0.00071
293.760133,0.00071
293.7935,0.00071
293.826867,0.00071
293.860233,0.00071
293.8936,0.00071
293.926967,0.00071
293.960333,0.00071
293.9937,0.00071
294.027067,0.00071
294.060433,0.00071
294.0938,0.00071
294.127167,0.00071
294.160533,0.00071
294.1939,0.00071
294.227267,0.00071
294.260633,0.00071
294.294,0.0067
294.327367,0.0064075
294.360733,0.0015775
294.3941,0.00087
294.427467,0.000735
294.460833,0.000705
294.4942,0.00071
294.527567,0.00071
294.560933,0.00071
294.5943,0.00071
294.627667,0.00071
294.661033,0.00071
294.6944,0.00071
294.727767,0.00071
294.761133,0.00071
294.7945,0.00071
294.827867,0.00071
294.861233,0.00071
294.8946,0.00071
294.927967,0.00071
294.961333,0.00071
294.9947,0.00071
295.028067,0.00071
295.061433,0.00071
295.0948,0.00071
295.128167,0.00071
295.161533,0.00071
295.1949,0.00071
295.228267,0.00071
295.261633,0.00071
295.295,0.0067
295.328367,0.0064075
295.361733,0.0015775
295.3951,0.00087
295.428467,0.000735
295.461833,0.000705
295.4952,0.00071
295.528567,0.00071
295.561933,0.00071
295.5953,0.00071
295.628667,0.00071
295.662033,0.00071
295.6954,0.00071
295.728767,0.00071
295.762133,0.00071
295.7955,0.00071
295.828867,0.00071
295.862233,0.00071
295.8956,0.00071
295.928967,0.00071
295.962333,0.00071
295.9957,0.00071
296.029067,0.00071
296.062433,0.00071
296.0958,0.00071
296.129167,0.00071
296.162533,0.00071
296.1959,0.00071
296.229267,0.00071
296.262633,0.00071
296.296,0.0067
296.329367,0.0064075
296.362733,0.0015775
296.3961,0.00087
296.429467,0.000735
296.462833,0.000705
296.4962,0.00071
296.529567,0.00071
296.562933,0.00071
296.5963,0.00071
296.629667,0.00071
296.663033,0.00071
296.6964,0.00071
296.729767,0.00071
296.763133,0.00071
296.7965,0.00071
296.829867,0.00071
296.863233,0.00071
296.8966,0.00071
296.929967,0.00071
296.963333,0.00071
296.9967,0.00071
297.030067,0.00071
297.063433,0.00071
297.0968,0.00071
297.130167,0.00071
297.163533,0.00071
297.1969,0.00071
297.230267,0.00071
297.263633,0.00071
297.297,0.0067
297.330367,0.0064075
297.363733,0.0015775
297.3971,0.00087
297.430467,0.000735
297.463833,0.000705
297.4972,0.00071
297.530567,0.00071
297.563933,0.00071
297.5973,0.00071
297.630667,0.00071
297.664033,0.00071
297.6974,0.00071
297.730767,0.00071
297.764133,0.00071
297.7975,0.00071
297.830867,0.00071
297.864233,0.00071
297.8976,0.00071
297.930967,0.00071
297.964333,0.00071
297.9977,0.00071
298.031067,0.00071
298.064433,0.00071
298.0978,0.00071
298.131167,0.00071
298.164533,0.00071
298.1979,19.9533
298.231267,8
298.264633,0
298.298,0
298.331367,0
298.364733,0
298.3981,0
298.431467,0.0064
298.464833,0.05993
298.4982,0.121625
298.531567,0.200887
298.564933,0.310955
298.5983,0.464238
298.631667,0.661345
298.665033,0.932275
298.6984,1.2465
298.731767,1.5172
298.765133,1.6857
298.7985,1.7994
298.831867,1.79905
298.865233,1.93069
298.8986,2.12107
298.931967,2.36413
298.965333,2.51725
298.9987,2.61312
299.032067,2.66725
299.065433,2.64045
299.0988,2.61205
299.132167,2.64577
299.165533,2.69788
299.1989,2.74832
299.232267,2.66147
299.265633,2.54326
299.299,2.44839
299.332367,2.20495
299.365733,1.9815
299.3991,1.83891
299.432467,1.71703
299.465833,1.61409
299.4992,1.51352
299.532567,1.41663
299.565933,1.31372
299.5993,1.22752
299.632667,1.14086
299.666033,1.04086
299.6994,0.957987
299.732767,0.883302
299.766133,0.781707
299.7995,0.703747
299.832867,0.633
299.866233,0.556647
299.8996,0.504997
299.932967,0.821935
299.966333,1.44553
299.9997,2.27718
300.033067,3.47418
300.066433,4.77174
300.0998,6.25627
300.133167,7.80462
300.166533,9.05039
300.1999,9.73365
300.233267,9.60473
300.266633,9.04351
300.3,8.1006
300.333367,3.78304
300.366733,3.23382
300.4001,2.81994
300.433467,2.50095
300.466833,2.19274
300.5002,1.93273
300.533567,1.70941
300.566933,1.50631
300.6003,1.3252
300.633667,1.17093
300.667033,1.03525
300.7004,0.903157
300.733767,0.788035
300.767133,0.664525
300.8005,0.605375
300.833867,0.43755
300.867233,0.458905
300.9006,0.333105
300.933967,0.278715
300.967333,0.200763
301.0007,0.13541
301.034067,0.107777
301.067433,0.03819
301.1008,0.0001925
301.134167,0.00011
301.167533,0.0001
301.2009,0.0222425
301.234267,0.001575
301.267633,0.00068
301.301,0.0017275
301.334367,0.0012
301.367733,0.000255
301.4011,0.00012
301.434467,0.00012
301.467833,0.00012
301.5012,0.00012
301.534567,0.00012
301.567933,0.00012
301.6013,0.00012
301.634667,0.00012
301.668033,0.00012
301.7014,0.00012
301.734767,0.00012
301.768133,0.00012
301.8015,0.00012
301.834867,0.00086
301.868233,0.0033425
301.9016,0.004345
301.934967,0.01077
301.968333,0.0186725
302.0017,0.0264975
302.035067,0.0354025
302.068433,0.04387
302.1018,0.0507375
302.135167,0.055765
302.168533,0.0589125
302.2019,0.0625025
302.235267,0.0641225
302.268633,0.0601125
302.302,0.05967
302.335367,0.0553125
302.368733,0.0531
302.4021,0.047905
302.435467,0.0468775
302.468833,0.0433175
302.5022,0.0401325
302.535567,0.036835
302.568933,0.032425
302.6023,0.0286525
302.635667,0.0250325
302.669033,0.0224425
302.7024,0.01658
302.735767,0.01251
302.769133,0.008565
302.8025,0.00739
302.835867,0.00773
302.869233,0.00466
302.9026,0.00065
302.935967,0.0003075
302.969333,0.0001775
303.0027,0.0001675
303.036067,0.00016
303.069433,0.00016
303.1028,0.00016
303.136167,0.00016
303.169533,0.00016
303.2029,0.02705
303.236267,0.004075
303.269633,0.001345
303.303,0.0046675
303.336367,0.001855
303.369733,0.0006
303.4031,0.00034
303.436467,0.00029
303.469833,0.00029
303.5032,0.00029
303.536567,0.00029
303.569933,0.00029
303.6033,0.00029
303.636667,0.00029
303.670033,0.00029
303.7034,0.00029
303.736767,0.00029
303.770133,0.00029
303.8035,0.00029
303.836867,0.00029
303.870233,0.00029
303.9036,0.00029
303.936967,0.00029
303.970333,0.00029
