t,scene_score
0,0.000000
0.0333667,0.000198
0.0667333,0.000007
0.1001,0.000000
0.133467,0.000001
0.166833,0.000000
0.2002,0.003174
0.233567,0.000001
0.266933,0.000000
0.3003,0.000000
0.333667,0.000000
0.367033,0.000000
0.4004,0.003162
0.433767,0.000000
0.467133,0.000000
0.5005,0.000000
0.533867,0.000000
0.567233,0.000000
0.6006,0.000578
0.633967,0.000156
0.667333,0.000077
0.7007,0.000009
0.734067,0.000004
0.767433,0.000000
0.8008,0.000003
0.834167,0.000002
0.867533,0.000001
0.9009,0.000000
0.934267,0.000002
0.967633,0.000003
1.001,0.000658
1.034367,0.000129
1.067733,0.000052
1.1011,0.000015
1.134467,0.000008
1.167833,0.000001
1.2012,0.000004
1.234567,0.000158
1.267933,0.000047
1.3013,0.000021
1.334667,0.000001
1.368033,0.000002
1.4014,0.000001
1.434767,0.000003
1.468133,0.000003
1.5015,0.000001
1.534867,0.000001
1.568233,0.000001
1.6016,0.000001
1.634967,0.000002
1.668333,0.000002
1.7017,0.000000
1.735067,0.000003
1.768433,0.000129
1.8018,0.000048
1.835167,0.000022
1.868533,0.000002
1.9019,0.000002
1.935267,0.000000
1.968633,0.000003
2.002,0.138817
2.035367,0.060746
2.068733,0.000045
2.1021,0.000019
2.135467,0.000000
2.168833,0.000004
2.2022,0.000001
2.235567,0.000001
2.268933,0.000002
2.3023,0.000000
2.335667,0.000002
2.369033,0.000001
2.4024,0.000492
2.435767,0.000067
2.469133,0.000016
2.5025,0.000018
2.535867,0.000004
2.569233,0.000002
2.6026,0.000001
2.635967,0.000000
2.669333,0.000000
2.7027,0.000000
2.736067,0.000000
2.769433,0.000000
2.8028,0.000000
2.836167,0.000000
2.869533,0.000000
2.9029,0.000000
2.936267,0.000000
2.969633,0.000000
3.003,0.000203
3.036367,0.000074
3.069733,0.000019
3.1031,0.000005
3.136467,0.000002
3.169833,0.000001
3.2032,0.000000
3.236567,0.000000
3.269933,0.000305
3.3033,0.544984
3.336667,0.000041
3.370033,0.000170
3.4034,0.000034
3.436767,0.000004
3.470133,0.000002
3.5035,0.000001
3.536867,0.000000
3.570233,0.000000
3.6036,0.000000
3.636967,0.000000
3.670333,0.000000
3.7037,0.000000
3.737067,0.000000
3.770433,0.000000
3.8038,0.000000
3.837167,0.000000
3.870533,0.000000
3.9039,0.000000
3.937267,0.000190
3.970633,0.000067
4.004,0.000113
4.037367,0.000084
4.070733,0.000037
4.1041,0.000005
4.137467,0.000001
4.170833,0.000000
4.2042,0.000000
4.237567,0.000000
4.270933,0.000000
4.3043,0.000000
4.337667,0.000000
4.371033,0.000000
4.4044,0.000000
4.437767,0.000000
4.471133,0.000000
4.5045,0.000000
4.537867,0.000000
4.571233,0.000000
4.6046,0.000000
4.637967,0.000000
4.671333,0.000000
4.7047,0.000000
4.738067,0.000000
4.771433,0.000000
4.8048,0.000000
4.838167,0.000000
4.871533,0.000000
4.9049,0.000000
4.938267,0.000000
4.971633,0.000000
5.005,0.000067
5.038367,0.000002
5.071733,0.000037
5.1051,0.000005
5.138467,0.000001
5.171833,0.000000
5.2052,0.000000
5.238567,0.000000
5.271933,0.000000
5.3053,0.001019
5.338667,0.027539
5.372033,0.000355
5.4054,0.000508
5.438767,0.000035
5.472133,0.000065
5.5055,0.000438
5.538867,0.000234
5.572233,0.000163
5.6056,0.001091
5.638967,0.000756
5.672333,0.000351
5.7057,0.000212
5.739067,0.000163
5.772433,0.000344
5.8058,0.000043
5.839167,0.000164
5.872533,0.000129
5.9059,0.000050
5.939267,0.000011
5.972633,0.000702
6.006,0.000103
6.039367,0.000341
6.072733,0.000103
6.1061,0.000419
6.139467,0.000437
6.172833,0.000045
6.2062,0.000492
6.239567,0.000506
6.272933,0.000014
6.3063,0.000285
6.339667,0.000000
6.373033,0.000059
6.4064,0.000177
6.439767,0.000344
6.473133,0.001005
6.5065,0.000080
6.539867,0.000122
6.573233,0.000321
6.6066,0.000369
6.639967,0.000432
6.673333,0.000305
6.7067,0.000193
6.740067,0.000185
6.773433,0.000220
6.8068,0.000522
6.840167,0.000331
6.873533,0.000332
6.9069,0.000532
6.940267,0.000234
6.973633,0.000036
7.007,0.000240
7.040367,0.000322
7.073733,0.031255
7.1071,0.000040
7.140467,0.000006
7.173833,0.000002
7.2072,0.000000
7.240567,0.000000
7.273933,0.000000
7.3073,0.000000
7.340667,0.000000
7.374033,0.000000
7.4074,0.000000
7.440767,0.000000
7.474133,0.000000
7.5075,0.000000
7.540867,0.000000
7.574233,0.000000
7.6076,0.000000
7.640967,0.000000
7.674333,0.000000
7.7077,0.000000
7.741067,0.000000
7.774433,0.000000
7.8078,0.000000
7.841167,0.000000
7.874533,0.000000
7.9079,0.000000
7.941267,0.000000
7.974633,0.000000
8.008,0.000091
8.041367,0.000008
8.074733,0.000041
8.1081,0.000008
8.141467,0.000001
8.174833,0.000001
8.2082,0.000000
8.241567,0.000000
8.274933,0.000000
8.3083,0.000000
8.341667,0.000000
8.375033,0.000000
8.4084,0.000000
8.441767,0.000000
8.475133,0.000000
8.5085,0.000000
8.541867,0.000000
8.575233,0.000000
8.6086,0.000000
8.641967,0.000000
8.675333,0.000000
8.7087,0.000000
8.742067,0.000000
8.775433,0.000000
8.8088,0.000000
8.842167,0.000000
8.875533,0.000000
8.9089,0.000000
8.942267,0.000000
8.975633,0.000000
9.009,0.000087
9.042367,0.000004
9.075733,0.000041
9.1091,0.000008
9.142467,0.000001
9.175833,0.000001
9.2092,0.000000
9.242567,0.000000
9.275933,0.000000
9.3093,0.077143
9.342667,0.000406
9.376033,0.000211
9.4094,0.000388
9.442767,0.000314
9.476133,0.000156
9.5095,0.000169
9.542867,0.000050
9.576233,0.000274
9.6096,0.000059
9.642967,0.000024
9.676333,0.000150
9.7097,0.000133
9.743067,0.000044
9.776433,0.000308
9.8098,0.000481
9.843167,0.000940
9.876533,0.000575
9.9099,0.000521
9.943267,0.000466
9.976633,0.000058
10.01,0.000199
10.043367,0.000084
10.076733,0.000045
10.1101,0.000230
10.143467,0.000184
10.176833,0.000534
10.2102,0.000155
10.243567,0.000264
10.276933,0.000431
10.3103,0.000425
10.343667,0.000008
10.377033,0.000726
10.4104,0.000528
10.443767,0.000048
10.477133,0.000049
10.5105,0.000077
10.543867,0.000123
10.577233,0.000278
10.6106,0.000214
10.643967,0.000240
10.677333,0.000095
10.7107,0.000014
10.744067,0.000305
10.777433,0.000131
10.8108,0.000118
10.844167,0.000115
10.877533,0.000174
10.9109,0.000031
10.944267,0.000255
10.977633,0.000254
11.011,0.000657
11.044367,0.000324
11.077733,0.000042
11.1111,0.000007
11.144467,0.000001
11.177833,0.000001
11.2112,0.022839
11.244567,0.000043
11.277933,0.000007
11.3113,0.000001
11.344667,0.000000
11.378033,0.000000
11.4114,0.000000
11.444767,0.000000
11.478133,0.000000
11.5115,0.000000
11.544867,0.000000
11.578233,0.000000
11.6116,0.000000
11.644967,0.000000
11.678333,0.000000
11.7117,0.000000
11.745067,0.000000
11.778433,0.000000
11.8118,0.000000
11.845167,0.000000
11.878533,0.000000
11.9119,0.000000
11.945267,0.000000
11.978633,0.000000
12.012,0.000092
12.045367,0.000007
12.078733,0.000043
12.1121,0.000007
12.145467,0.000001
12.178833,0.000001
12.2122,0.000000
12.245567,0.000000
12.278933,0.000000
12.3123,0.000000
12.345667,0.000000
12.379033,0.000000
12.4124,0.000000
12.445767,0.000000
12.479133,0.000000
12.5125,0.000000
12.545867,0.000000
12.579233,0.000000
12.6126,0.000000
12.645967,0.000000
12.679333,0.000000
12.7127,0.000000
12.746067,0.023131
12.779433,0.000039
12.8128,0.000004
12.846167,0.000000
12.879533,0.000000
12.9129,0.000000
12.946267,0.000000
12.979633,0.000000
13.013,0.000089
13.046367,0.000006
13.079733,0.000042
13.1131,0.000006
13.146467,0.000001
13.179833,0.000001
13.2132,0.000000
13.246567,0.000000
13.279933,0.000000
13.3133,0.000000
13.346667,0.000000
13.380033,0.000000
13.4134,0.000000
13.446767,0.000000
13.480133,0.000000
13.5135,0.000000
13.546867,0.000000
13.580233,0.000000
13.6136,0.000000
13.646967,0.000000
13.680333,0.000000
13.7137,0.000000
13.747067,0.000000
13.780433,0.000000
13.8138,0.000000
13.847167,0.000000
13.880533,0.000000
13.9139,0.000000
13.947267,0.000000
13.980633,0.000000
14.014,0.000085
14.047367,0.000003
14.080733,0.000042
14.1141,0.000006
14.147467,0.000001
14.180833,0.000001
14.2142,0.000000
14.247567,0.000000
14.280933,0.021869
14.3143,0.000044
14.347667,0.000007
14.381033,0.000002
14.4144,0.000000
14.447767,0.000000
14.481133,0.000000
14.5145,0.000000
14.547867,0.000000
14.581233,0.000000
14.6146,0.000000
14.647967,0.000000
14.681333,0.000000
14.7147,0.000000
14.748067,0.000000
14.781433,0.000000
14.8148,0.000000
14.848167,0.000000
14.881533,0.000000
14.9149,0.000000
14.948267,0.000000
14.981633,0.000000
15.015,0.000093
15.048367,0.000007
15.081733,0.000045
15.1151,0.000007
15.148467,0.000001
15.181833,0.000001
15.2152,0.000000
15.248567,0.000000
15.281933,0.000000
15.3153,0.000000
15.348667,0.000000
15.382033,0.000000
15.4154,0.000000
15.448767,0.072281
15.482133,0.000045
15.5155,0.000009
15.548867,0.000001
15.582233,0.000000
15.6156,0.000000
15.648967,0.000000
15.682333,0.000000
15.7157,0.000000
15.749067,0.000000
15.782433,0.000000
15.8158,0.000000
15.849167,0.000000
15.882533,0.000000
15.9159,0.000000
15.949267,0.000000
15.982633,0.000000
16.016,0.000094
16.049367,0.000009
16.082733,0.000044
16.1161,0.000007
16.149467,0.000001
16.182833,0.000001
16.2162,0.000000
16.249567,0.000000
16.282933,0.000000
16.3163,0.000000
16.349667,0.000000
16.383033,0.000000
16.4164,0.000000
16.449767,0.000000
16.483133,0.000000
16.5165,0.000000
16.549867,0.000000
16.583233,0.000000
16.6166,0.000000
16.649967,0.000000
16.683333,0.000000
16.7167,0.000000
16.750067,0.000000
16.783433,0.000000
16.8168,0.000000
16.850167,0.000000
16.883533,0.000000
16.9169,0.000000
16.950267,0.000000
16.983633,0.000000
17.017,0.000088
17.050367,0.020564
17.083733,0.000051
17.1171,0.000013
17.150467,0.000002
17.183833,0.000001
17.2172,0.000000
17.250567,0.000000
17.283933,0.000000
17.3173,0.000000
17.350667,0.000000
17.384033,0.000000
17.4174,0.000000
17.450767,0.000000
17.484133,0.000000
17.5175,0.000000
17.550867,0.000000
17.584233,0.000000
17.6176,0.000000
17.650967,0.000000
17.684333,0.000000
17.7177,0.000000
17.751067,0.000000
17.784433,0.000000
17.8178,0.000000
17.851167,0.000000
17.884533,0.000000
17.9179,0.000000
17.951267,0.000000
17.984633,0.000000
18.018,0.000095
18.051367,0.000008
18.084733,0.000044
18.1181,0.000007
18.151467,0.000001
18.184833,0.000001
18.2182,0.000000
18.251567,0.000000
18.284933,0.000000
18.3183,0.000000
18.351667,0.000000
18.385033,0.000000
18.4184,0.000000
18.451767,0.000000
18.485133,0.000000
18.5185,0.000000
18.551867,0.000000
18.585233,0.000000
18.6186,0.020264
18.651967,0.000039
18.685333,0.000004
18.7187,0.000000
18.752067,0.000000
18.785433,0.000000
18.8188,0.000000
18.852167,0.000000
18.885533,0.000000
18.9189,0.000000
18.952267,0.000000
18.985633,0.000000
19.019,0.000091
19.052367,0.000004
19.085733,0.000043
19.1191,0.000007
19.152467,0.000001
19.185833,0.000001
19.2192,0.000000
19.252567,0.000000
19.285933,0.000000
19.3193,0.000000
19.352667,0.000000
19.386033,0.000000
19.4194,0.000000
19.452767,0.000000
19.486133,0.000000
19.5195,0.000000
19.552867,0.000000
19.586233,0.000000
19.6196,0.000000
19.652967,0.000000
19.686333,0.000000
19.7197,0.000000
19.753067,0.000000
19.786433,0.000000
19.8198,0.000000
19.853167,0.000000
19.886533,0.000000
19.9199,0.000000
19.953267,0.000000
19.986633,0.065694
20.02,0.000121
20.053367,0.000000
20.086733,0.000044
20.1201,0.000007
20.153467,0.000001
20.186833,0.000001
20.2202,0.000000
20.253567,0.000000
20.286933,0.000000
20.3203,0.000000
20.353667,0.000000
20.387033,0.000000
20.4204,0.000000
20.453767,0.000000
20.487133,0.000000
20.5205,0.000000
20.553867,0.000000
20.587233,0.000000
20.6206,0.000000
20.653967,0.000000
20.687333,0.000000
20.7207,0.000000
20.754067,0.000000
20.787433,0.000000
20.8208,0.000000
20.854167,0.000000
20.887533,0.000000
20.9209,0.000000
20.954267,0.000000
20.987633,0.000000
21.021,0.000088
21.054367,0.000003
21.087733,0.000044
21.1211,0.000007
21.154467,0.000001
21.187833,0.027643
21.2212,0.000039
21.254567,0.000006
21.287933,0.000001
21.3213,0.000000
21.354667,0.000000
21.388033,0.000000
21.4214,0.000000
21.454767,0.000000
21.488133,0.000000
21.5215,0.000000
21.554867,0.000000
21.588233,0.000000
21.6216,0.000000
21.654967,0.000000
21.688333,0.000000
21.7217,0.000000
21.755067,0.000000
21.788433,0.000000
21.8218,0.000000
21.855167,0.000000
21.888533,0.000000
21.9219,0.000000
21.955267,0.000000
21.988633,0.000000
22.022,0.000086
22.055367,0.000008
22.088733,0.000039
22.1221,0.000007
22.155467,0.000001
22.188833,0.000001
22.2222,0.000000
22.255567,0.000000
22.288933,0.000000
22.3223,0.000000
22.355667,0.000000
22.389033,0.000000
22.4224,0.000000
22.455767,0.000000
22.489133,0.000000
22.5225,0.000000
22.555867,0.000000
22.589233,0.000000
22.6226,0.000000
22.655967,0.000000
22.689333,0.000000
22.7227,0.000000
22.756067,0.000000
22.789433,0.000000
22.8228,0.000000
22.856167,0.000000
22.889533,0.000000
22.9229,0.000000
22.956267,0.000000
22.989633,0.000000
23.023,0.000081
23.056367,0.000003
23.089733,0.000039
23.1231,0.000007
23.156467,0.000001
23.189833,0.000001
23.2232,0.000000
23.256567,0.000000
23.289933,0.000000
23.3233,0.000000
23.356667,0.000000
23.390033,0.000000
23.4234,0.000000
23.456767,0.000000
23.490133,0.000000
23.5235,0.435362
23.556867,0.000048
23.590233,0.000011
23.6236,0.000005
23.656967,0.000001
23.690333,0.000001
23.7237,0.000000
23.757067,0.000000
23.790433,0.000000
23.8238,0.000000
23.857167,0.000000
23.890533,0.000000
23.9239,0.000000
23.957267,0.000000
23.990633,0.000000
24.024,0.000062
24.057367,0.000032
24.090733,0.000009
24.1241,0.000005
24.157467,0.000000
24.190833,0.039406
24.2242,0.000030
24.257567,0.000012
24.290933,0.000004
24.3243,0.000000
24.357667,0.000001
24.391033,0.000000
24.4244,0.000000
24.457767,0.000000
24.491133,0.000000
24.5245,0.000000
24.557867,0.000000
24.591233,0.000000
24.6246,0.000000
24.657967,0.000000
24.691333,0.000000
24.7247,0.000000
24.758067,0.000000
24.791433,0.000000
24.8248,0.000000
24.858167,0.000000
24.891533,0.000000
24.9249,0.000000
24.958267,0.000000
24.991633,0.000000
25.025,0.000065
25.058367,0.000015
25.091733,0.000016
25.1251,0.000008
25.158467,0.000000
25.191833,0.000001
25.2252,0.000000
25.258567,0.000000
25.291933,0.000000
25.3253,0.000000
25.358667,0.000000
25.392033,0.000000
25.4254,0.000000
25.458767,0.000000
25.492133,0.000000
25.5255,0.000000
25.558867,0.896410
25.592233,0.000059
25.6256,0.000017
25.658967,0.000008
25.692333,0.000001
25.7257,0.000000
25.759067,0.000000
25.792433,0.000000
25.8258,0.000000
25.859167,0.000000
25.892533,0.000000
25.9259,0.000000
25.959267,0.000000
25.992633,0.000000
26.026,0.000047
26.059367,0.000022
26.092733,0.000010
26.1261,0.000003
26.159467,0.000001
26.192833,0.000000
26.2262,0.000000
26.259567,0.000000
26.292933,0.000000
26.3263,0.000000
26.359667,0.000000
26.393033,0.000000
26.4264,0.000000
26.459767,0.000000
26.493133,0.000000
26.5265,0.000000
26.559867,0.000000
26.593233,0.000000
26.6266,0.000000
26.659967,0.000000
26.693333,0.000000
26.7267,0.000000
26.760067,0.000000
26.793433,0.000000
26.8268,0.000000
26.860167,0.000000
26.893533,0.000000
26.9269,0.000000
26.960267,0.000000
26.993633,0.000000
27.027,0.000027
27.060367,0.000001
27.093733,0.000010
27.1271,0.000003
27.160467,0.000001
27.193833,0.000000
27.2272,0.000000
27.260567,0.000000
27.293933,0.000000
27.3273,0.000000
27.360667,0.000176
27.394033,0.000001
27.4274,0.000003
27.460767,0.000003
27.494133,0.000008
27.5275,0.000007
27.560867,0.000001
27.594233,0.000003
27.6276,0.000001
27.660967,0.000006
27.694333,0.000003
27.7277,0.000008
27.761067,0.000003
27.794433,0.000002
27.8278,0.022529
27.861167,0.000194
27.894533,0.000004
27.9279,0.000001
27.961267,0.000009
27.994633,0.000004
28.028,0.000040
28.061367,0.000007
28.094733,0.000030
28.1281,0.000005
28.161467,0.000063
28.194833,0.000038
28.2282,0.000010
28.261567,0.000007
28.294933,0.000011
28.3283,0.000000
28.361667,0.000006
28.395033,0.000002
28.4284,0.000000
28.461767,0.000000
28.495133,0.000000
28.5285,0.000000
28.561867,0.000000
28.595233,0.000000
28.6286,0.000000
28.661967,0.000000
28.695333,0.000000
28.7287,0.000000
28.762067,0.000000
28.795433,0.000000
28.8288,0.000000
28.862167,0.000000
28.895533,0.000000
28.9289,0.000000
28.962267,0.000000
28.995633,0.000000
29.029,0.000030
29.062367,0.000004
29.095733,0.000008
29.1291,0.000003
29.162467,0.000000
29.195833,0.000000
29.2292,0.000000
29.262567,0.000000
29.295933,0.000000
29.3293,0.000000
29.362667,0.000000
29.396033,0.000000
29.4294,0.000000
29.462767,0.000000
29.496133,0.000000
29.5295,0.000000
29.562867,0.000000
29.596233,0.000000
29.6296,0.000000
29.662967,0.000000
29.696333,0.000000
29.7297,0.000000
29.763067,0.000000
29.796433,0.000000
29.8298,0.043510
29.863167,0.000009
29.896533,0.000004
29.9299,0.000001
29.963267,0.000000
29.996633,0.000000
30.03,0.000025
30.063367,0.000003
30.096733,0.000006
30.1301,0.000003
30.163467,0.000000
30.196833,0.000000
30.2302,0.000000
30.263567,0.000000
30.296933,0.000000
30.3303,0.000000
30.363667,0.000000
30.397033,0.000000
30.4304,0.000000
30.463767,0.000000
30.497133,0.000000
30.5305,0.000000
30.563867,0.000000
30.597233,0.000000
30.6306,0.000000
30.663967,0.000000
30.697333,0.000000
30.7307,0.000000
30.764067,0.000000
30.797433,0.000000
30.8308,0.000000
30.864167,0.000000
30.897533,0.000000
30.9309,0.000000
30.964267,0.000000
30.997633,0.000000
31.031,0.000024
31.064367,0.000001
31.097733,0.000006
31.1311,0.000003
31.164467,0.000000
31.197833,0.000000
31.2312,0.000000
31.264567,0.000000
31.297933,0.000000
31.3313,0.000000
31.364667,0.000000
31.398033,0.000000
31.4314,0.000000
31.464767,0.000000
31.498133,0.000000
31.5315,0.000000
31.564867,0.000000
31.598233,0.000000
31.6316,0.038181
31.664967,0.000013
31.698333,0.000006
31.7317,0.000001
31.765067,0.000000
31.798433,0.000000
31.8318,0.000000
31.865167,0.000000
31.898533,0.000000
31.9319,0.000000
31.965267,0.000000
31.998633,0.000000
32.032,0.000026
32.065367,0.000002
32.098733,0.000009
32.1321,0.000003
32.165467,0.000000
32.198833,0.000000
32.2322,0.000000
32.265567,0.000000
32.298933,0.000000
32.3323,0.000000
32.365667,0.000000
32.399033,0.000000
32.4324,0.000000
32.465767,0.000000
32.499133,0.000000
32.5325,0.000000
32.565867,0.000000
32.599233,0.000000
32.6326,0.000000
32.665967,0.000000
32.699333,0.000000
32.7327,0.047591
32.766067,0.000017
32.799433,0.000007
32.8328,0.000001
32.866167,0.000000
32.899533,0.000000
32.9329,0.000000
32.966267,0.000000
32.999633,0.000000
33.033,0.000035
33.066367,0.000008
33.099733,0.000009
33.1331,0.000003
33.166467,0.000000
33.199833,0.000000
33.2332,0.000000
33.266567,0.000000
33.299933,0.000000
33.3333,0.000000
33.366667,0.000000
33.400033,0.000000
33.4334,0.000000
33.466767,0.000000
33.500133,0.000000
33.5335,0.000000
33.566867,0.000000
33.600233,0.000000
33.6336,0.000000
33.666967,0.000000
33.700333,0.000000
33.7337,0.000000
33.767067,0.000000
33.800433,0.000000
33.8338,0.000000
33.867167,0.000000
33.900533,0.000000
33.9339,0.000000
33.967267,0.000000
34.000633,0.000000
34.034,0.000029
34.067367,0.000001
34.100733,0.000009
34.1341,0.000003
34.167467,0.000000
34.200833,0.000000
34.2342,0.000000
34.267567,0.000000
34.300933,0.000000
34.3343,0.000000
34.367667,0.000000
34.401033,0.000000
34.4344,0.000000
34.467767,0.000000
34.501133,0.000000
34.5345,0.000000
34.567867,0.000000
34.601233,0.000000
34.6346,0.000000
34.667967,0.049356
34.701333,0.000008
34.7347,0.000003
34.768067,0.000001
34.801433,0.000000
34.8348,0.000000
34.868167,0.000000
34.901533,0.000000
34.9349,0.000000
34.968267,0.000000
35.001633,0.000000
35.035,0.000021
35.068367,0.000000
35.101733,0.000006
35.1351,0.000002
35.168467,0.000000
35.201833,0.000000
35.2352,0.000000
35.268567,0.000000
35.301933,0.000000
35.3353,0.000000
35.368667,0.000000
35.402033,0.000000
35.4354,0.000000
35.468767,0.000000
35.502133,0.000000
35.5355,0.000000
35.568867,0.000000
35.602233,0.036143
35.6356,0.000118
35.668967,0.000021
35.702333,0.000025
35.7357,0.000051
35.769067,0.000012
35.802433,0.000010
35.8358,0.000009
35.869167,0.000157
35.902533,0.000245
35.9359,0.000018
35.969267,0.000126
36.002633,0.000438
36.036,0.000145
36.069367,0.000192
36.102733,0.000145
36.1361,0.000194
36.169467,0.000011
36.202833,0.000132
36.2362,0.000031
36.269567,0.000103
36.302933,0.000059
36.3363,0.000066
36.369667,0.000051
36.403033,0.000031
36.4364,0.000070
36.469767,0.000001
36.503133,0.000033
36.5365,0.000018
36.569867,0.000024
36.603233,0.000492
36.6366,0.000005
36.669967,0.000246
36.703333,0.000082
36.7367,0.000048
36.770067,0.000018
36.803433,0.000049
36.8368,0.000247
36.870167,0.000047
36.903533,0.000106
36.9369,0.000075
36.970267,0.000041
37.003633,0.053502
37.037,0.000104
37.070367,0.000184
37.103733,0.000049
37.1371,0.000070
37.170467,0.000103
37.203833,0.000163
37.2372,0.000000
37.270567,0.000132
37.303933,0.000191
37.3373,0.000163
37.370667,0.000005
37.404033,0.000105
37.4374,0.000151
37.470767,0.000022
37.504133,0.000111
37.5375,0.000075
37.570867,0.000170
37.604233,0.000007
37.6376,0.000105
37.670967,0.000080
37.704333,0.000022
37.7377,0.000056
37.771067,0.000025
37.804433,0.000091
37.8378,0.000031
37.871167,0.000083
37.904533,0.000123
37.9379,0.000068
37.971267,0.000102
38.004633,0.000031
38.038,0.000564
38.071367,0.000126
38.104733,0.000431
38.1381,0.000018
38.171467,0.000088
38.204833,0.000018
38.2382,0.000163
38.271567,0.000232
38.304933,0.000004
38.3383,0.000181
38.371667,0.000059
38.405033,0.000023
38.4384,0.000015
38.471767,0.000015
38.505133,0.000437
38.5385,0.000047
38.571867,0.000262
38.605233,0.000222
38.6386,0.000272
38.671967,0.000050
38.705333,0.000237
38.7387,0.000170
38.772067,0.000037
38.805433,0.000098
38.8388,0.000040
38.872167,0.000262
38.905533,0.000001
38.9389,0.000274
38.972267,0.000435
39.005633,0.000249
39.039,0.000186
39.072367,0.000397
39.105733,0.000024
39.1391,0.000025
39.172467,0.000074
39.205833,0.000077
39.2392,0.000070
39.272567,0.000084
39.305933,0.000107
39.3393,0.000164
39.372667,0.000013
39.406033,0.039344
39.4394,0.000021
39.472767,0.000010
39.506133,0.000002
39.5395,0.000000
39.572867,0.000000
39.606233,0.000000
39.6396,0.000000
39.672967,0.000000
39.706333,0.000000
39.7397,0.000000
39.773067,0.000000
39.806433,0.000000
39.8398,0.000000
39.873167,0.000000
39.906533,0.000000
39.9399,0.000000
39.973267,0.000000
40.006633,0.000000
40.04,0.000048
40.073367,0.000007
40.106733,0.000014
40.1401,0.000006
40.173467,0.000001
40.206833,0.000000
40.2402,0.000000
40.273567,0.000000
40.306933,0.000000
40.3403,0.000000
40.373667,0.000000
40.407033,0.000000
40.4404,0.000000
40.473767,0.000000
40.507133,0.000000
40.5405,0.000000
40.573867,0.000000
40.607233,0.000000
40.6406,0.000000
40.673967,0.000000
40.707333,0.000000
40.7407,0.000000
40.774067,0.000000
40.807433,0.000000
40.8408,0.000000
40.874167,0.000000
40.907533,0.000000
40.9409,0.000000
40.974267,0.000000
41.007633,0.000000
41.041,0.000042
41.074367,0.000002
41.107733,0.000014
41.1411,0.000006
41.174467,0.000001
41.207833,0.000000
41.2412,0.000000
41.274567,0.000000
41.307933,0.000000
41.3413,0.000000
41.374667,0.000000
41.408033,0.000000
41.4414,0.000000
41.474767,0.000000
41.508133,0.000000
41.5415,0.036281
41.574867,0.000017
41.608233,0.000008
41.6416,0.000001
41.674967,0.000000
41.708333,0.000000
41.7417,0.000000
41.775067,0.000000
41.808433,0.000000
41.8418,0.000000
41.875167,0.000000
41.908533,0.000000
41.9419,0.000000
41.975267,0.000000
42.008633,0.000000
42.042,0.000044
42.075367,0.000005
42.108733,0.000012
42.1421,0.000005
42.175467,0.000001
42.208833,0.000000
42.2422,0.000000
42.275567,0.000000
42.308933,0.000000
42.3423,0.000000
42.375667,0.000000
42.409033,0.000000
42.4424,0.000000
42.475767,0.000000
42.509133,0.000000
42.5425,0.000000
42.575867,0.000000
42.609233,0.000000
42.6426,0.000000
42.675967,0.000000
42.709333,0.000000
42.7427,0.000000
42.776067,0.000000
42.809433,0.000000
42.8428,0.000000
42.876167,0.000000
42.909533,0.000000
42.9429,0.000000
42.976267,0.000000
43.009633,0.000000
43.043,0.000040
43.076367,0.000002
43.109733,0.000012
43.1431,0.000005
43.176467,0.000001
43.209833,0.000000
43.2432,0.000000
43.276567,0.000000
43.309933,0.000000
43.3433,0.000000
43.376667,0.000000
43.410033,0.043796
43.4434,0.000007
43.476767,0.000003
43.510133,0.000001
43.5435,0.000000
43.576867,0.000000
43.610233,0.000000
43.6436,0.000000
43.676967,0.000000
43.710333,0.000000
43.7437,0.000000
43.777067,0.000000
43.810433,0.000000
43.8438,0.000000
43.877167,0.000000
43.910533,0.000000
43.9439,0.000000
43.977267,0.000000
44.010633,0.000000
44.044,0.000032
44.077367,0.000002
44.110733,0.000008
44.1441,0.000004
44.177467,0.000000
44.210833,0.000000
44.2442,0.000000
44.277567,0.000000
44.310933,0.000000
44.3443,0.000000
44.377667,0.000000
44.411033,0.000000
44.4444,0.000000
44.477767,0.000000
44.511133,0.000000
44.5445,0.000000
44.577867,0.000000
44.611233,0.000000
44.6446,0.000000
44.677967,0.000000
44.711333,0.024329
44.7447,0.000016
44.778067,0.000008
44.811433,0.000001
44.8448,0.000000
44.878167,0.000000
44.911533,0.000000
44.9449,0.000000
44.978267,0.000000
45.011633,0.000000
45.045,0.000038
45.078367,0.000002
45.111733,0.000012
45.1451,0.000005
45.178467,0.000001
45.211833,0.000000
45.2452,0.000000
45.278567,0.000000
45.311933,0.000000
45.3453,0.000000
45.378667,0.000000
45.412033,0.000000
45.4454,0.000000
45.478767,0.000000
45.512133,0.000000
45.5455,0.000000
45.578867,0.000000
45.612233,0.000000
45.6456,0.000000
45.678967,0.000000
45.712333,0.000000
45.7457,0.000000
45.779067,0.000000
45.812433,0.000000
45.8458,0.000000
45.879167,0.000000
45.912533,0.000000
45.9459,0.000000
45.979267,0.000000
46.012633,0.000000
46.046,0.000038
46.079367,0.000001
46.112733,0.000012
46.1461,0.000005
46.179467,0.000001
46.212833,0.000000
46.2462,0.049163
46.279567,0.004711
46.312933,0.000009
46.3463,0.000002
46.379667,0.000000
46.413033,0.000000
46.4464,0.000000
46.479767,0.000000
46.513133,0.000000
46.5465,0.000000
46.579867,0.000000
46.613233,0.000000
46.6466,0.000000
46.679967,0.000000
46.713333,0.000000
46.7467,0.000000
46.780067,0.000000
46.813433,0.000000
46.8468,0.000000
46.880167,0.000000
46.913533,0.000000
46.9469,0.000000
46.980267,0.000000
47.013633,0.000000
47.047,0.000043
47.080367,0.000007
47.113733,0.000012
47.1471,0.000004
47.180467,0.000001
47.213833,0.000000
47.2472,0.000000
47.280567,0.000000
47.313933,0.000000
47.3473,0.000000
47.380667,0.000000
47.414033,0.000000
47.4474,0.000000
47.480767,0.000000
47.514133,0.000000
47.5475,0.000000
47.580867,0.000000
47.614233,0.000000
47.6476,0.000000
47.680967,0.000000
47.714333,0.000000
47.7477,0.000000
47.781067,0.000000
47.814433,0.000000
47.8478,0.000000
47.881167,0.048687
47.914533,0.000013
47.9479,0.000006
47.981267,0.000001
48.014633,0.000000
48.048,0.000039
48.081367,0.000005
48.114733,0.000011
48.1481,0.000004
48.181467,0.000001
48.214833,0.000000
48.2482,0.004121
48.281567,0.003192
48.314933,0.000010
48.3483,0.000001
48.381667,0.000003
48.415033,0.000294
48.4484,0.000009
48.481767,0.000002
48.515133,0.000001
48.5485,0.000000
48.581867,0.000005
48.615233,0.000004
48.6486,0.000002
48.681967,0.000002
48.715333,0.000000
48.7487,0.000018
48.782067,0.000024
48.815433,0.000014
48.8488,0.000046
48.882167,0.035968
48.915533,0.000247
48.9489,0.000058
48.982267,0.000051
49.015633,0.000008
49.049,0.000038
49.082367,0.000147
49.115733,0.000180
49.1491,0.000106
49.182467,0.000040
49.215833,0.000023
49.2492,0.000068
49.282567,0.000112
49.315933,0.000065
49.3493,0.000041
49.382667,0.000020
49.416033,0.000012
49.4494,0.000004
49.482767,0.000003
49.516133,0.000105
49.5495,0.000123
49.582867,0.000004
49.616233,0.000040
49.6496,0.000016
49.682967,0.000088
49.716333,0.000138
49.7497,0.000095
49.783067,0.000031
49.816433,0.000054
49.8498,0.000056
49.883167,0.000105
49.916533,0.000017
49.9499,0.000020
49.983267,0.000012
50.016633,0.000051
50.05,0.000046
50.083367,0.000058
50.116733,0.000083
50.1501,0.000003
50.183467,0.056830
50.216833,0.000967
50.2502,0.000043
50.283567,0.000018
50.316933,0.000005
50.3503,0.000041
50.383667,0.000011
50.417033,0.000078
50.4504,0.000080
50.483767,0.000112
50.517133,0.000048
50.5505,0.000007
50.583867,0.000045
50.617233,0.000005
50.6506,0.000128
50.683967,0.000204
50.717333,0.000069
50.7507,0.000043
50.784067,0.000075
50.817433,0.000151
50.8508,0.000079
50.884167,0.000052
50.917533,0.000005
50.9509,0.000021
50.984267,0.000092
51.017633,0.000043
51.051,0.000023
51.084367,0.000105
51.117733,0.000013
51.1511,0.000010
51.184467,0.000057
51.217833,0.000056
51.2512,0.000036
51.284567,0.000008
51.317933,0.000039
51.3513,0.000018
51.384667,0.000004
51.418033,0.000125
51.4514,0.000089
51.484767,0.000172
51.518133,0.000044
51.5515,0.000045
51.584867,0.000213
51.618233,0.000024
51.6516,0.000068
51.684967,0.000086
51.718333,0.000015
51.7517,0.000021
51.785067,0.000072
51.818433,0.000023
51.8518,0.000002
51.885167,0.000009
51.918533,0.000004
51.9519,0.000006
51.985267,0.000000
52.018633,0.000000
52.052,0.000063
52.085367,0.000015
52.118733,0.000016
52.1521,0.000007
52.185467,0.000003
52.218833,0.000003
52.2522,0.057120
52.285567,0.000021
52.318933,0.000010
52.3523,0.000003
52.385667,0.000003
52.419033,0.000002
52.4524,0.000002
52.485767,0.000003
52.519133,0.000039
52.5525,0.001143
52.585867,0.000034
52.619233,0.000013
52.6526,0.000004
52.685967,0.000000
52.719333,0.000000
52.7527,0.000000
52.786067,0.000000
52.819433,0.000000
52.8528,0.000000
52.886167,0.000000
52.919533,0.000000
52.9529,0.000000
52.986267,0.000000
53.019633,0.000000
53.053,0.000083
53.086367,0.000038
53.119733,0.000017
53.1531,0.000007
53.186467,0.000001
53.219833,0.000000
53.2532,0.000000
53.286567,0.000000
53.319933,0.000000
53.3533,0.000000
53.386667,0.000000
53.420033,0.000000
53.4534,0.000000
53.486767,0.000000
53.520133,0.000000
53.5535,0.000000
53.586867,0.000000
53.620233,0.000000
53.6536,0.000000
53.686967,0.000000
53.720333,0.000000
53.7537,0.025721
53.787067,0.000016
53.820433,0.000007
53.8538,0.000001
53.887167,0.000000
53.920533,0.000000
53.9539,0.000000
53.987267,0.000000
54.020633,0.000000
54.054,0.000052
54.087367,0.000007
54.120733,0.000016
54.1541,0.000006
54.187467,0.000001
54.220833,0.000000
54.2542,0.000000
54.287567,0.000000
54.320933,0.000000
54.3543,0.000000
54.387667,0.000000
54.421033,0.000000
54.4544,0.000000
54.487767,0.000000
54.521133,0.000000
54.5545,0.000000
54.587867,0.000000
54.621233,0.000000
54.6546,0.000000
54.687967,0.000000
54.721333,0.000000
54.7547,0.000000
54.788067,0.000000
54.821433,0.000000
54.8548,0.078404
54.888167,0.000027
54.921533,0.000013
54.9549,0.000002
54.988267,0.000000
55.021633,0.000000
55.055,0.000059
55.088367,0.000007
55.121733,0.000019
55.1551,0.000007
55.188467,0.000001
55.221833,0.000000
55.2552,0.000000
55.288567,0.000000
55.321933,0.000000
55.3553,0.000000
55.388667,0.000000
55.422033,0.000000
55.4554,0.000000
55.488767,0.000000
55.522133,0.000000
55.5555,0.000000
55.588867,0.000000
55.622233,0.000000
55.6556,0.000000
55.688967,0.000000
55.722333,0.000000
55.7557,0.000000
55.789067,0.000000
55.822433,0.000000
55.8558,0.000000
55.889167,0.000000
55.922533,0.000000
55.9559,0.000000
55.989267,0.000000
56.022633,0.000000
56.056,0.000055
56.089367,0.000003
56.122733,0.000019
56.1561,0.000007
56.189467,0.000001
56.222833,0.000000
56.2562,0.000000
56.289567,0.000000
56.322933,0.000000
56.3563,0.000000
56.389667,0.000000
56.423033,0.000000
56.4564,0.000000
56.489767,0.000000
56.523133,0.000000
56.5565,0.000000
56.589867,0.000000
56.623233,0.000000
56.6566,0.000000
56.689967,0.000000
56.723333,0.000000
56.7567,0.000000
56.790067,0.000000
56.823433,0.000000
56.8568,0.000000
56.890167,0.000000
56.923533,0.000000
56.9569,0.000000
56.990267,0.000000
57.023633,0.000000
57.057,0.000055
57.090367,0.000003
57.123733,0.000019
57.1571,0.000007
57.190467,0.000001
57.223833,0.000000
57.2572,0.000000
57.290567,0.000000
57.323933,0.000000
57.3573,0.000000
57.390667,0.148259
57.424033,0.000057
57.4574,0.000019
57.490767,0.000007
57.524133,0.000001
57.5575,0.000000
57.590867,0.000000
57.624233,0.000000
57.6576,0.000000
57.690967,0.000000
57.724333,0.000000
57.7577,0.000000
57.791067,0.000000
57.824433,0.000000
57.8578,0.000000
57.891167,0.000000
57.924533,0.000000
57.9579,0.000000
57.991267,0.000000
58.024633,0.000000
58.058,0.000098
58.091367,0.000041
58.124733,0.000020
58.1581,0.000008
58.191467,0.000001
58.224833,0.000001
58.2582,0.000000
58.291567,0.000000
58.324933,0.000000
58.3583,0.000000
58.391667,0.000000
58.425033,0.000000
58.4584,0.000000
58.491767,0.000000
58.525133,0.000000
58.5585,0.000000
58.591867,0.000000
58.625233,0.000000
58.6586,0.000000
58.691967,0.000000
58.725333,0.000000
58.7587,0.000000
58.792067,0.000000
58.825433,0.000000
58.8588,0.000000
58.892167,0.000000
58.925533,0.000000
58.9589,0.000000
58.992267,0.000000
59.025633,0.000000
59.059,0.004535
59.092367,0.004587
59.125733,0.004393
59.1591,0.002251
59.192467,0.000437
59.225833,0.000000
59.2592,0.000025
59.292567,0.000338
59.325933,0.000410
59.3593,0.000837
59.392667,0.000294
59.426033,0.000094
59.4594,0.000059
59.492767,0.000911
59.526133,0.054825
59.5595,0.005773
59.592867,0.001049
59.626233,0.006735
59.6596,0.028633
59.692967,0.017006
59.726333,0.015642
59.7597,0.000665
59.793067,0.003131
59.826433,0.002682
59.8598,0.002135
59.893167,0.031489
59.926533,0.002172
59.9599,0.023945
59.993267,0.004532
60.026633,0.006495
60.06,0.026578
60.093367,0.000005
60.126733,0.000000
60.1601,0.000000
60.193467,0.000000
60.226833,0.001985
60.2602,0.000904
60.293567,0.001637
60.326933,0.000817
60.3603,0.000261
60.393667,0.000068
60.427033,0.000005
60.4604,0.000000
60.493767,0.000000
60.527133,0.000032
60.5605,0.000002
60.593867,0.000259
60.627233,0.000058
60.6606,0.000017
60.693967,0.000002
60.727333,0.000002
60.7607,0.000001
60.794067,0.000000
60.827433,0.000001
60.8608,0.000001
60.894167,0.000001
60.927533,0.000001
60.9609,0.000000
60.994267,0.000001
61.027633,0.000001
61.061,0.001980
61.094367,0.000278
61.127733,0.000078
61.1611,0.033372
61.194467,0.000056
61.227833,0.000011
61.2612,0.000001
61.294567,0.000000
61.327933,0.000000
61.3613,0.000000
61.394667,0.000000
61.428033,0.000000
61.4614,0.000000
61.494767,0.000000
61.528133,0.000000
61.5615,0.000000
61.594867,0.000000
61.628233,0.000000
61.6616,0.000000
61.694967,0.000000
61.728333,0.000000
61.7617,0.000000
61.795067,0.000000
61.828433,0.000000
61.8618,0.000000
61.895167,0.000000
61.928533,0.000000
61.9619,0.000000
61.995267,0.000000
62.028633,0.000000
62.062,0.000244
62.095367,0.000011
62.128733,0.000077
62.1621,0.000028
62.195467,0.000004
62.228833,0.000001
62.2622,0.000000
62.295567,0.000000
62.328933,0.000000
62.3623,0.000000
62.395667,0.000000
62.429033,0.000000
62.4624,0.021206
62.495767,0.000052
62.529133,0.000007
62.5625,0.000001
62.595867,0.000000
62.629233,0.000000
62.6626,0.000000
62.695967,0.000000
62.729333,0.000000
62.7627,0.000000
62.796067,0.000000
62.829433,0.000000
62.8628,0.000000
62.896167,0.000000
62.929533,0.000000
62.9629,0.000000
62.996267,0.000000
63.029633,0.000000
63.063,0.000247
63.096367,0.000014
63.129733,0.000078
63.1631,0.000028
63.196467,0.000004
63.229833,0.000001
63.2632,0.000000
63.296567,0.000000
63.329933,0.000000
63.3633,0.000000
63.396667,0.000000
63.430033,0.000000
63.4634,0.000000
63.496767,0.000000
63.530133,0.000000
63.5635,0.000000
63.596867,0.000000
63.630233,0.000000
63.6636,0.000000
63.696967,0.000000
63.730333,0.050797
63.7637,0.000055
63.797067,0.000010
63.830433,0.000002
63.8638,0.000000
63.897167,0.000000
63.930533,0.000000
63.9639,0.000000
63.997267,0.000000
64.030633,0.000000
64.064,0.000244
64.097367,0.000015
64.130733,0.000076
64.1641,0.000027
64.197467,0.000004
64.230833,0.000001
64.2642,0.000000
64.297567,0.000000
64.330933,0.000000
64.3643,0.000000
64.397667,0.000000
64.431033,0.000000
64.4644,0.000000
64.497767,0.000000
64.531133,0.000000
64.5645,0.000000
64.597867,0.000000
64.631233,0.000000
64.6646,0.000000
64.697967,0.000000
64.731333,0.000000
64.7647,0.000000
64.798067,0.000000
64.831433,0.000000
64.8648,0.000000
64.898167,0.000000
64.931533,0.000000
64.9649,0.000000
64.998267,0.000000
65.031633,0.000000
65.065,0.000234
65.098367,0.000006
65.131733,0.000076
65.1651,0.000027
65.198467,0.000004
65.231833,0.000001
65.2652,0.000000
65.298567,0.000000
65.331933,0.000000
65.3653,0.000000
65.398667,0.000000
65.432033,0.000000
65.4654,0.000000
65.498767,0.000000
65.532133,0.000000
65.5655,0.000000
65.598867,0.000000
65.632233,0.000000
65.6656,0.000000
65.698967,0.000000
65.732333,0.000000
65.7657,0.000000
65.799067,0.000000
65.832433,0.284158
65.8658,0.001488
65.899167,0.000158
65.932533,0.000040
65.9659,0.000012
65.999267,0.000005
66.032633,0.000001
66.066,0.000105
66.099367,0.000034
66.132733,0.000008
66.1661,0.000004
66.199467,0.000000
66.232833,0.000000
66.2662,0.000000
66.299567,0.000000
66.332933,0.000000
66.3663,0.000000
66.399667,0.000000
66.433033,0.000000
66.4664,0.000000
66.499767,0.000000
66.533133,0.000000
66.5665,0.000000
66.599867,0.000000
66.633233,0.000000
66.6666,0.000000
66.699967,0.000000
66.733333,0.000000
66.7667,0.000000
66.800067,0.000668
66.833433,0.000049
66.8668,0.000013
66.900167,0.000004
66.933533,0.000001
66.9669,0.000000
67.000267,0.000000
67.033633,0.000000
67.067,0.000059
67.100367,0.000031
67.133733,0.000008
67.1671,0.000004
67.200467,0.000000
67.233833,0.000000
67.2672,0.000000
67.300567,0.000000
67.333933,0.000000
67.3673,0.000000
67.400667,0.000000
67.434033,0.000000
67.4674,0.000000
67.500767,0.000000
67.534133,0.000000
67.5675,0.000000
67.600867,0.000000
67.634233,0.000000
67.6676,0.000000
67.700967,0.000000
67.734333,0.000000
67.7677,0.000000
67.801067,0.000021
67.834433,0.000003
67.8678,0.000005
67.901167,0.000002
67.934533,0.000000
67.9679,0.000000
68.001267,0.000000
68.034633,0.000000
68.068,0.000032
68.101367,0.000005
68.134733,0.000008
68.1681,0.000004
68.201467,0.000000
68.234833,0.000000
68.2682,0.000000
68.301567,0.000000
68.334933,0.000000
68.3683,0.000000
68.401667,0.000000
68.435033,0.000000
68.4684,0.000000
68.501767,0.000000
68.535133,0.000000
68.5685,0.000000
68.601867,0.000000
68.635233,0.000000
68.6686,0.000000
68.701967,0.091624
68.735333,0.000068
68.7687,0.000027
68.802067,0.000332
68.835433,0.001164
68.8688,0.003996
68.902167,0.010248
68.935533,0.011477
68.9689,0.010750
69.002267,0.005738
69.035633,0.001250
69.069,0.000395
69.102367,0.002064
69.135733,0.003660
69.1691,0.004842
69.202467,0.005329
69.235833,0.013430
69.2692,0.008160
69.302567,0.004515
69.335933,0.004153
69.3693,0.003409
69.402667,0.002255
69.436033,0.000556
69.4694,0.000086
69.502767,0.000755
69.536133,0.003698
69.5695,0.001423
69.602867,0.000193
69.636233,0.001377
69.6696,0.000357
69.702967,0.001172
69.736333,0.001903
69.7697,0.001707
69.803067,0.000116
69.836433,0.001735
69.8698,0.002618
69.903167,0.004583
69.936533,0.002575
69.9699,0.022422
70.003267,0.013477
70.036633,0.010167
70.07,0.011098
70.103367,0.007445
70.136733,0.042192
70.1701,0.170163
70.203467,0.034294
70.236833,0.012805
70.2702,0.003239
70.303567,0.005648
70.336933,0.002038
70.3703,0.011449
70.403667,0.000065
70.437033,0.000471
70.4704,0.001049
70.503767,0.002361
70.537133,0.000572
70.5705,0.000418
70.603867,0.001566
70.637233,0.001799
70.6706,0.001072
70.703967,0.001259
70.737333,0.006817
70.7707,0.004326
70.804067,0.002145
70.837433,0.003184
70.8708,0.002228
70.904167,0.001956
70.937533,0.000991
70.9709,0.005187
71.004267,0.009438
71.037633,0.001811
71.071,0.001480
71.104367,0.000645
71.137733,0.022196
71.1711,0.000965
71.204467,0.004190
71.237833,0.012961
71.2712,0.007554
71.304567,0.021643
71.337933,0.015632
71.3713,0.002095
71.404667,0.001897
71.438033,0.001159
71.4714,0.001318
71.504767,0.001287
71.538133,0.001137
71.5715,0.006862
71.604867,0.004196
71.638233,0.001005
71.6716,0.000393
71.704967,0.002499
71.738333,0.003046
71.7717,0.003099
71.805067,0.002291
71.838433,0.000209
71.8718,0.000150
71.905167,0.000691
71.938533,0.000000
71.9719,0.000704
72.005267,0.000692
72.038633,0.000526
72.072,0.001655
72.105367,0.002615
72.138733,0.001175
72.1721,0.000955
72.205467,0.000895
72.238833,0.001890
72.2722,0.001606
72.305567,0.000482
72.338933,0.000797
72.3723,0.002224
72.405667,0.004144
72.439033,0.004166
72.4724,0.001956
72.505767,0.055506
72.539133,0.019709
72.5725,0.004295
72.605867,0.002880
72.639233,0.000615
72.6726,0.040593
72.705967,0.019130
72.739333,0.011906
72.7727,0.007931
72.806067,0.005488
72.839433,0.006557
72.8728,0.003503
72.906167,0.001626
72.939533,0.001784
72.9729,0.001137
73.006267,0.001132
73.039633,0.001110
73.073,0.000989
73.106367,0.011486
73.139733,0.003709
73.1731,0.003327
73.206467,0.003030
73.239833,0.003715
73.2732,0.000062
73.306567,0.001657
73.339933,0.000842
73.3733,0.000572
73.406667,0.000242
73.440033,0.001013
73.4734,0.000221
73.506767,0.000092
73.540133,0.000849
73.5735,0.000419
73.606867,0.000977
73.640233,0.000814
73.6736,0.000486
73.706967,0.000147
73.740333,0.000295
73.7737,0.001835
73.807067,0.001077
73.840433,0.000487
73.8738,0.000892
73.907167,0.000921
73.940533,0.000228
73.9739,0.000505
74.007267,0.000806
74.040633,0.000029
74.074,0.000404
74.107367,0.055934
74.140733,0.000248
74.1741,0.000031
74.207467,0.000014
74.240833,0.000583
74.2742,0.005389
74.307567,0.006297
74.340933,0.000267
74.3743,0.000110
74.407667,0.004207
74.441033,0.001764
74.4744,0.005199
74.507767,0.002652
74.541133,0.001623
74.5745,0.001596
74.607867,0.006230
74.641233,0.011092
74.6746,0.002769
74.707967,0.006269
74.741333,0.004354
74.7747,0.002157
74.808067,0.002217
74.841433,0.001379
74.8748,0.001351
74.908167,0.000466
74.941533,0.095634
74.9749,0.020867
75.008267,0.011198
75.041633,0.006471
75.075,0.000421
75.108367,0.002014
75.141733,0.003475
75.1751,0.006771
75.208467,0.005286
75.241833,0.009236
75.2752,0.000391
75.308567,0.004384
75.341933,0.002727
75.3753,0.001922
75.408667,0.001164
75.442033,0.000706
75.4754,0.000397
75.508767,0.000146
75.542133,0.000053
75.5755,0.000017
75.608867,0.000008
75.642233,0.000000
75.6756,0.000000
75.708967,0.000000
75.742333,0.000000
75.7757,0.000000
75.809067,0.000208
75.842433,0.000044
75.8758,0.000016
75.909167,0.000008
75.942533,0.000002
75.9759,0.000001
76.009267,0.000000
76.042633,0.000000
76.076,0.000089
76.109367,0.000032
76.142733,0.000012
76.1761,0.000005
76.209467,0.000001
76.242833,0.000000
76.2762,0.000000
76.309567,0.000000
76.342933,0.000000
76.3763,0.000001
76.409667,0.000001
76.443033,0.000000
76.4764,0.000001
76.509767,0.000000
76.543133,0.000000
76.5765,0.000000
76.609867,0.000000
76.643233,0.000000
76.6766,0.000001
76.709967,0.000000
76.743333,0.000000
76.7767,0.000001
76.810067,0.000013
76.843433,0.000003
76.8768,0.000006
76.910167,0.000001
76.943533,0.000001
76.9769,0.000001
77.010267,0.000000
77.043633,0.000001
77.077,0.000031
77.110367,0.000005
77.143733,0.000012
77.1771,0.000005
77.210467,0.000001
77.243833,0.000000
77.2772,0.000000
77.310567,0.000000
77.343933,0.000000
77.3773,0.000001
77.410667,0.210020
77.444033,0.000022
77.4774,0.000005
77.510767,0.000002
77.544133,0.000000
77.5775,0.000000
77.610867,0.000000
77.644233,0.000000
77.6776,0.000000
77.710967,0.000000
77.744333,0.000000
77.7777,0.000000
77.811067,0.000000
77.844433,0.000000
77.8778,0.000000
77.911167,0.000000
77.944533,0.000000
77.9779,0.000000
78.011267,0.000000
78.044633,0.000000
78.078,0.000028
78.111367,0.000009
78.144733,0.000005
78.1781,0.000002
78.211467,0.000000
78.244833,0.000000
78.2782,0.000000
78.311567,0.000000
78.344933,0.000000
78.3783,0.000000
78.411667,0.000000
78.445033,0.066369
78.4784,0.000020
78.511767,0.000008
78.545133,0.000002
78.5785,0.000000
78.611867,0.000000
78.645233,0.000000
78.6786,0.000000
78.711967,0.000000
78.745333,0.000000
78.7787,0.000000
78.812067,0.000000
78.845433,0.000000
78.8788,0.000000
78.912167,0.000000
78.945533,0.000000
78.9789,0.000000
79.012267,0.000000
79.045633,0.000000
79.079,0.000033
79.112367,0.000003
79.145733,0.000010
79.1791,0.000003
79.212467,0.000000
79.245833,0.000000
79.2792,0.000000
79.312567,0.000000
79.345933,0.000000
79.3793,0.000000
79.412667,0.000000
79.446033,0.000000
79.4794,0.000000
79.512767,0.000000
79.546133,0.000000
79.5795,0.000000
79.612867,0.000000
79.646233,0.000000
79.6796,0.000000
79.712967,0.000000
79.746333,0.000000
79.7797,0.000000
79.813067,0.000000
79.846433,0.000000
79.8798,0.000000
79.913167,0.000000
79.946533,0.000000
79.9799,0.000000
80.013267,0.000000
80.046633,0.000000
80.08,0.000031
80.113367,0.000001
80.146733,0.000010
80.1801,0.000003
80.213467,0.000000
80.246833,0.000000
80.2802,0.000000
80.313567,0.000000
80.346933,0.000000
80.3803,0.000000
80.413667,0.053164
80.447033,0.000463
80.4804,0.000071
80.513767,0.000176
80.547133,0.000016
80.5805,0.000085
80.613867,0.000023
80.647233,0.000028
80.6806,0.000579
80.713967,0.000272
80.747333,0.000388
80.7807,0.000072
80.814067,0.000316
80.847433,0.000197
80.8808,0.000195
80.914167,0.000191
80.947533,0.000190
80.9809,0.000011
81.014267,0.000056
81.047633,0.000031
81.081,0.000081
81.114367,0.000223
81.147733,0.000466
81.1811,0.000277
81.214467,0.000088
81.247833,0.000054
81.2812,0.000331
81.314567,0.000007
81.347933,0.000130
81.3813,0.000046
81.414667,0.000030
81.448033,0.000299
81.4814,0.000243
81.514767,0.000157
81.548133,0.000101
81.5815,0.000254
81.614867,0.000189
81.648233,0.000252
81.6816,0.000165
81.714967,0.000167
81.748333,0.000383
81.7817,0.000261
81.815067,0.000083
81.848433,0.000031
81.8818,0.000032
81.915167,0.000089
81.948533,0.000099
81.9819,0.000174
82.015267,0.000144
82.048633,0.034145
82.082,0.000740
82.115367,0.000219
82.148733,0.000017
82.1821,0.000221
82.215467,0.000216
82.248833,0.000205
82.2822,0.000024
82.315567,0.000061
82.348933,0.000659
82.3823,0.000165
82.415667,0.000255
82.449033,0.000164
82.4824,0.000268
82.515767,0.000244
82.549133,0.000235
82.5825,0.000414
82.615867,0.000264
82.649233,0.000610
82.6826,0.000005
82.715967,0.000204
82.749333,0.000112
82.7827,0.000084
82.816067,0.000186
82.849433,0.000206
82.8828,0.000054
82.916167,0.046529
82.949533,0.000013
82.9829,0.000006
83.016267,0.000001
83.049633,0.000000
83.083,0.000043
83.116367,0.000009
83.149733,0.000010
83.1831,0.000004
83.216467,0.000000
83.249833,0.000000
83.2832,0.000000
83.316567,0.000000
83.349933,0.000000
83.3833,0.000000
83.416667,0.000000
83.450033,0.000000
83.4834,0.000000
83.516767,0.000000
83.550133,0.000000
83.5835,0.000000
83.616867,0.000000
83.650233,0.000000
83.6836,0.000000
83.716967,0.000000
83.750333,0.000000
83.7837,0.000000
83.817067,0.000000
83.850433,0.000000
83.8838,0.000000
83.917167,0.000000
83.950533,0.000000
83.9839,0.000000
84.017267,0.000000
84.050633,0.000000
84.084,0.000036
84.117367,0.000002
84.150733,0.000010
84.1841,0.000004
84.217467,0.000000
84.250833,0.000000
84.2842,0.000000
84.317567,0.000000
84.350933,0.000000
84.3843,0.000000
84.417667,0.000000
84.451033,0.000000
84.4844,0.000000
84.517767,0.000000
84.551133,0.000000
84.5845,0.000000
84.617867,0.036066
84.651233,0.000019
84.6846,0.000008
84.717967,0.000001
84.751333,0.000000
84.7847,0.000000
84.818067,0.000000
84.851433,0.000000
84.8848,0.000000
84.918167,0.000000
84.951533,0.000000
84.9849,0.000000
85.018267,0.000000
85.051633,0.000000
85.085,0.000046
85.118367,0.000007
85.151733,0.000012
85.1851,0.000004
85.218467,0.000001
85.251833,0.000000
85.2852,0.000000
85.318567,0.000000
85.351933,0.000000
85.3853,0.000000
85.418667,0.000000
85.452033,0.000000
85.4854,0.000000
85.518767,0.000000
85.552133,0.000000
85.5855,0.000000
85.618867,0.000000
85.652233,0.000000
85.6856,0.000000
85.718967,0.000000
85.752333,0.000000
85.7857,0.000000
85.819067,0.000000
85.852433,0.000000
85.8858,0.000000
85.919167,0.000000
85.952533,0.000000
85.9859,0.000000
86.019267,0.000000
86.052633,0.000000
86.086,0.000041
86.119367,0.000002
86.152733,0.000012
86.1861,0.000004
86.219467,0.000001
86.252833,0.000000
86.2862,0.000000
86.319567,0.000000
86.352933,0.166561
86.3863,0.000710
86.419667,0.000243
86.453033,0.000169
86.4864,0.000035
86.519767,0.000005
86.553133,0.000352
86.5865,0.000673
86.619867,0.000514
86.653233,0.000158
86.6866,0.000018
86.719967,0.000004
86.753333,0.000079
86.7867,0.000008
86.820067,0.000003
86.853433,0.000000
86.8868,0.000000
86.920167,0.000000
86.953533,0.000000
86.9869,0.000000
87.020267,0.000000
87.053633,0.000000
87.087,0.001085
87.120367,0.000475
87.153733,0.000149
87.1871,0.000070
87.220467,0.000012
87.253833,0.000004
87.2872,0.000001
87.320567,0.000000
87.353933,0.000000
87.3873,0.000000
87.420667,0.000000
87.454033,0.000000
87.4874,0.000000
87.520767,0.000000
87.554133,0.000000
87.5875,0.000000
87.620867,0.000000
87.654233,0.000000
87.6876,0.000000
87.720967,0.000000
87.754333,0.000000
87.7877,0.000000
87.821067,0.000000
87.854433,0.000000
87.8878,0.000000
87.921167,0.000000
87.954533,0.000000
87.9879,0.000000
88.021267,0.000000
88.054633,0.000000
88.088,0.000436
88.121367,0.000022
88.154733,0.000149
88.1881,0.000070
88.221467,0.000012
88.254833,0.101856
88.2882,0.000090
88.321567,0.000025
88.354933,0.000004
88.3883,0.000000
88.421667,0.000000
88.455033,0.000000
88.4884,0.000000
88.521767,0.000000
88.555133,0.000000
88.5885,0.000000
88.621867,0.000000
88.655233,0.000000
88.6886,0.000000
88.721967,0.000000
88.755333,0.000000
88.7887,0.000000
88.822067,0.000000
88.855433,0.000000
88.8888,0.000000
88.922167,0.000000
88.955533,0.000000
88.9889,0.000000
89.022267,0.000000
89.055633,0.000000
89.089,0.000463
89.122367,0.000063
89.155733,0.000144
89.1891,0.000068
89.222467,0.000012
89.255833,0.000004
89.2892,0.000001
89.322567,0.074227
89.355933,0.000077
89.3893,0.000016
89.422667,0.000001
89.456033,0.000000
89.4894,0.000000
89.522767,0.000000
89.556133,0.000000
89.5895,0.000000
89.622867,0.000000
89.656233,0.000000
89.6896,0.000000
89.722967,0.000000
89.756333,0.000000
89.7897,0.000000
89.823067,0.000000
89.856433,0.000000
89.8898,0.000000
89.923167,0.000000
89.956533,0.000000
89.9899,0.000000
90.023267,0.000000
90.056633,0.000000
90.09,0.000432
90.123367,0.000043
90.156733,0.000142
90.1901,0.000067
90.223467,0.000012
90.256833,0.000004
90.2902,0.000001
90.323567,0.000000
90.356933,0.000000
90.3903,0.000000
90.423667,0.000000
90.457033,0.000000
90.4904,0.000000
90.523767,0.000000
90.557133,0.000000
90.5905,0.000000
90.623867,0.000000
90.657233,0.000000
90.6906,0.000000
90.723967,0.000000
90.757333,0.000000
90.7907,0.000000
90.824067,0.000000
90.857433,0.000000
90.8908,0.000000
90.924167,0.000000
90.957533,0.000000
90.9909,0.000000
91.024267,0.000000
91.057633,0.000000
91.091,0.000413
91.124367,0.000023
91.157733,0.000142
91.1911,0.000067
91.224467,0.000012
91.257833,0.000004
91.2912,0.000001
91.324567,0.000000
91.357933,0.000000
91.3913,0.000000
91.424667,0.000000
91.458033,0.000000
91.4914,0.000000
91.524767,0.000000
91.558133,0.000000
91.5915,0.000000
91.624867,0.000000
91.658233,0.000000
91.6916,0.000000
91.724967,0.000000
91.758333,0.000000
91.7917,0.000000
91.825067,0.000000
91.858433,0.000000
91.8918,0.000000
91.925167,0.000000
91.958533,0.000000
91.9919,0.000000
92.025267,0.000000
92.058633,0.060445
92.092,0.000474
92.125367,0.000022
92.158733,0.000142
92.1921,0.000068
92.225467,0.000012
92.258833,0.000004
92.2922,0.000001
92.325567,0.000000
92.358933,0.000000
92.3923,0.000000
92.425667,0.000000
92.459033,0.000000
92.4924,0.000000
92.525767,0.000000
92.559133,0.000000
92.5925,0.000000
92.625867,0.000000
92.659233,0.000000
92.6926,0.000000
92.725967,0.000000
92.759333,0.000000
92.7927,0.000000
92.826067,0.001935
92.859433,0.000449
92.8928,0.000240
92.926167,0.000092
92.959533,0.000025
92.9929,0.000048
93.026267,0.000031
93.059633,0.000039
93.093,0.000365
93.126367,0.000056
93.159733,0.000290
93.1931,0.000075
93.226467,0.000021
93.259833,0.000024
93.2932,0.019102
93.326567,0.000925
93.359933,0.000018
93.3933,0.000005
93.426667,0.000009
93.460033,0.000008
93.4934,0.000049
93.526767,0.000000
93.560133,0.000033
93.5935,0.000000
93.626867,0.000006
93.660233,0.000009
93.6936,0.000049
93.726967,0.000002
93.760333,0.000037
93.7937,0.000009
93.827067,0.000070
93.860433,0.000009
93.8938,0.000001
93.927167,0.000000
93.960533,0.000000
93.9939,0.000000
94.027267,0.000000
94.060633,0.000000
94.094,0.000474
94.127367,0.000068
94.160733,0.000145
94.1941,0.000068
94.227467,0.000012
94.260833,0.000004
94.2942,0.000001
94.327567,0.000000
94.360933,0.000000
94.3943,0.061121
94.427667,0.000079
94.461033,0.000016
94.4944,0.000002
94.527767,0.000000
94.561133,0.000000
94.5945,0.000000
94.627867,0.000000
94.661233,0.000000
94.6946,0.000000
94.727967,0.000000
94.761333,0.000000
94.7947,0.000000
94.828067,0.000000
94.861433,0.000000
94.8948,0.000000
94.928167,0.000000
94.961533,0.000000
94.9949,0.000000
95.028267,0.000000
95.061633,0.000000
95.095,0.000441
95.128367,0.000042
95.161733,0.000143
95.1951,0.000067
95.228467,0.000012
95.261833,0.000004
95.2952,0.000001
95.328567,0.000000
95.361933,0.000000
95.3953,0.000000
95.428667,0.000000
95.462033,0.000000
95.4954,0.000000
95.528767,0.000000
95.562133,0.000000
95.5955,0.000000
95.628867,0.000000
95.662233,0.000000
95.6956,0.000000
95.728967,0.000000
95.762333,0.000000
95.7957,0.000000
95.829067,0.000000
95.862433,0.000000
95.8958,0.000000
95.929167,0.000000
95.962533,0.000000
95.9959,0.000000
96.029267,0.000000
96.062633,0.000000
96.096,0.000422
96.129367,0.000022
96.162733,0.000143
96.1961,0.000067
96.229467,0.000012
96.262833,0.000004
96.2962,0.000001
96.329567,0.000000
96.362933,0.000000
96.3963,0.000000
96.429667,0.000000
96.463033,0.000000
96.4964,0.000000
96.529767,0.000000
96.563133,0.000000
96.5965,0.000000
96.629867,0.000000
96.663233,0.000000
96.6966,0.000000
96.729967,0.000000
96.763333,0.000000
96.7967,0.000000
96.830067,0.000000
96.863433,0.000000
96.8968,0.000000
96.930167,0.000000
96.963533,0.000000
96.9969,0.000000
97.030267,0.000000
97.063633,0.000000
97.097,0.000422
97.130367,0.087384
97.163733,0.000175
97.1971,0.000081
97.230467,0.000017
97.263833,0.000004
97.2972,0.000001
97.330567,0.000000
97.363933,0.000000
97.3973,0.000000
97.430667,0.000000
97.464033,0.000000
97.4974,0.000000
97.530767,0.000000
97.564133,0.000000
97.5975,0.000000
97.630867,0.000000
97.664233,0.000000
97.6976,0.000000
97.730967,0.000000
97.764333,0.000000
97.7977,0.000000
97.831067,0.000000
97.864433,0.000000
97.8978,0.000000
97.931167,0.000000
97.964533,0.000000
97.9979,0.000000
98.031267,0.000000
98.064633,0.000000
98.098,0.000466
98.131367,0.000066
98.164733,0.000144
98.1981,0.000070
98.231467,0.000012
98.264833,0.000004
98.2982,0.000001
98.331567,0.000000
98.364933,0.000000
98.3983,0.000000
98.431667,0.000000
98.465033,0.000000
98.4984,0.000000
98.531767,0.000000
98.565133,0.000000
98.5985,0.000000
98.631867,0.000000
98.665233,0.000000
98.6986,0.000000
98.731967,0.000000
98.765333,0.000000
98.7987,0.000000
98.832067,0.000000
98.865433,0.000000
98.8988,0.000000
98.932167,0.030170
98.965533,0.000075
98.9989,0.000014
99.032267,0.000003
99.065633,0.000001
99.099,0.000438
99.132367,0.000039
99.165733,0.000144
99.1991,0.000069
99.232467,0.000011
99.265833,0.000004
99.2992,0.000001
99.332567,0.000000
99.365933,0.000000
99.3993,0.000000
99.432667,0.000000
99.466033,0.000000
99.4994,0.000000
99.532767,0.000000
99.566133,0.000000
99.5995,0.000000
99.632867,0.000000
99.666233,0.000000
99.6996,0.000000
99.732967,0.000000
99.766333,0.000000
99.7997,0.000000
99.833067,0.000000
99.866433,0.000000
99.8998,0.000000
99.933167,0.000000
99.966533,0.000000
99.9999,0.000000
100.033267,0.000000
100.066633,0.000000
100.1,0.000420
100.133367,0.000021
100.166733,0.000144
100.2001,0.000069
100.233467,0.000011
100.266833,0.000004
100.3002,0.000001
100.333567,0.000000
100.366933,0.000000
100.4003,0.000000
100.433667,0.000000
100.467033,0.000000
100.5004,0.000000
100.533767,0.000000
100.567133,0.000000
100.6005,0.000000
100.633867,0.000000
100.667233,0.000000
100.7006,0.000000
100.733967,0.000000
100.767333,0.087332
100.8007,0.000102
100.834067,0.000038
100.867433,0.000006
100.9008,0.000001
100.934167,0.000000
100.967533,0.000000
101.0009,0.000000
101.034267,0.000000
101.067633,0.000000
101.101,0.000483
101.134367,0.000098
101.167733,0.000138
101.2011,0.000065
101.234467,0.000011
101.267833,0.000004
101.3012,0.000000
101.334567,0.000000
101.367933,0.000000
101.4013,0.000000
101.434667,0.000000
101.468033,0.000000
101.5014,0.000000
101.534767,0.000000
101.568133,0.000000
101.6015,0.000000
101.634867,0.000000
101.668233,0.000000
101.7016,0.000000
101.734967,0.000000
101.768333,0.000000
101.8017,0.000000
101.835067,0.000000
101.868433,0.000000
101.9018,0.000000
101.935167,0.000000
101.968533,0.000000
102.0019,0.000000
102.035267,0.000000
102.068633,0.000000
102.102,0.000407
102.135367,0.000022
102.168733,0.000138
102.2021,0.000065
102.235467,0.000011
102.268833,0.000004
102.3022,0.000000
102.335567,0.000000
102.368933,0.000000
102.4023,0.000000
102.435667,0.000000
102.469033,0.000000
102.5024,0.000000
102.535767,0.000000
102.569133,0.000000
102.6025,0.000203
102.635867,0.000001
102.669233,0.000002
102.7026,0.000006
102.735967,0.000007
102.769333,0.000007
102.8027,0.000001
102.836067,0.000003
102.869433,0.000005
102.9028,0.000008
102.936167,0.000003
102.969533,0.000002
103.0029,0.000004
103.036267,0.000012
103.069633,0.242887
103.103,0.000380
103.136367,0.000002
103.169733,0.000015
103.2031,0.000005
103.236467,0.000005
103.269833,0.000010
103.3032,0.000008
103.336567,0.000007
103.369933,0.000034
103.4033,0.000016
103.436667,0.000020
103.470033,0.000008
103.5034,0.000016
103.536767,0.000021
103.570133,0.000005
103.6035,0.000017
103.636867,0.000008
103.670233,0.000002
103.7036,0.059129
103.736967,0.000504
103.770333,0.000001
103.8037,0.000002
103.837067,0.000000
103.870433,0.000000
103.9038,0.000002
103.937167,0.000072
103.970533,0.000082
104.0039,0.000001
104.037267,0.000005
104.070633,0.000000
104.104,0.000064
104.137367,0.000019
104.170733,0.000038
104.2041,0.000006
104.237467,0.000001
104.270833,0.000000
104.3042,0.000005
104.337567,0.000000
104.370933,0.000000
104.4043,0.000000
104.437667,0.000000
104.471033,0.000000
104.5044,0.000000
104.537767,0.000000
104.571133,0.000000
104.6045,0.000000
104.637867,0.000000
104.671233,0.001540
104.7046,0.000208
104.737967,0.000015
104.771333,0.000044
104.8047,0.000045
104.838067,0.000007
104.871433,0.000091
104.9048,0.000187
104.938167,0.000356
104.971533,0.000214
105.0049,0.000027
105.038267,0.000014
105.071633,0.000109
105.105,0.000211
105.138367,0.000007
105.171733,0.000033
105.2051,0.000004
105.238467,0.000072
105.271833,0.000060
105.3052,0.000092
105.338567,0.000204
105.371933,0.000048
105.4053,0.000347
105.438667,0.000239
105.472033,0.000363
105.5054,0.000005
105.538767,0.000020
105.572133,0.000016
105.6055,0.000170
105.638867,0.048084
105.672233,0.000023
105.7056,0.000011
105.738967,0.000001
105.772333,0.000000
105.8057,0.000000
105.839067,0.000000
105.872433,0.000000
105.9058,0.000000
105.939167,0.000000
105.972533,0.000000
106.0059,0.000000
106.039267,0.000000
106.072633,0.000000
106.106,0.000068
106.139367,0.000014
106.172733,0.000018
106.2061,0.000007
106.239467,0.000000
106.272833,0.000001
106.3062,0.000000
106.339567,0.000000
106.372933,0.000000
106.4063,0.000000
106.439667,0.000000
106.473033,0.000000
106.5064,0.000000
106.539767,0.000000
106.573133,0.000000
106.6065,0.000000
106.639867,0.000000
106.673233,0.000000
106.7066,0.000000
106.739967,0.000000
106.773333,0.000000
106.8067,0.000000
106.840067,0.000000
106.873433,0.000000
106.9068,0.000000
106.940167,0.000000
106.973533,0.000000
107.0069,0.000000
107.040267,0.000000
107.073633,0.000000
107.107,0.000057
107.140367,0.000003
107.173733,0.000018
107.2071,0.000007
107.240467,0.000000
107.273833,0.000001
107.3072,0.000000
107.340567,0.000000
107.373933,0.000000
107.4073,0.000000
107.440667,0.000000
107.474033,0.000000
107.5074,0.000000
107.540767,0.000000
107.574133,0.000000
107.6075,0.000000
107.640867,0.000000
107.674233,0.000000
107.7076,0.001326
107.740967,0.000337
107.774333,0.000175
107.8077,0.000043
107.841067,0.000027
107.874433,0.000050
107.9078,0.000001
107.941167,0.000045
107.974533,0.000032
108.0079,0.000002
108.041267,0.000024
108.074633,0.000001
108.108,0.000060
108.141367,0.000011
108.174733,0.243662
108.2081,0.000742
108.241467,0.000165
108.274833,0.000469
108.3082,0.000274
108.341567,0.000003
108.374933,0.000711
108.4083,0.000115
108.441667,0.000035
108.475033,0.000038
108.5084,0.000035
108.541767,0.000019
108.575133,0.000542
108.6085,0.000410
108.641867,0.000094
108.675233,0.000024
108.7086,0.000076
108.741967,0.000003
108.775333,0.000009
108.8087,0.000002
108.842067,0.000000
108.875433,0.000000
108.9088,0.000000
108.942167,0.000000
108.975533,0.000000
109.0089,0.000000
109.042267,0.000000
109.075633,0.000000
109.109,0.001146
109.142367,0.000463
109.175733,0.000145
109.2091,0.000065
109.242467,0.000012
109.275833,0.000006
109.3092,0.000001
109.342567,0.000000
109.375933,0.000001
109.4093,0.000000
109.442667,0.000000
109.476033,0.000000
109.5094,0.000000
109.542767,0.076454
109.576133,0.000094
109.6095,0.000028
109.642867,0.000005
109.676233,0.000001
109.7096,0.000000
109.742967,0.000000
109.776333,0.000000
109.8097,0.000000
109.843067,0.000000
109.876433,0.000000
109.9098,0.000000
109.943167,0.000000
109.976533,0.000000
110.0099,0.000000
110.043267,0.000000
110.076633,0.000000
110.11,0.000461
110.143367,0.000062
110.176733,0.000144
110.2101,0.000065
110.243467,0.000012
110.276833,0.000005
110.3102,0.000001
110.343567,0.000000
110.376933,0.000001
110.4103,0.000000
110.443667,0.000000
110.477033,0.000000
110.5104,0.000000
110.543767,0.000000
110.577133,0.000000
110.6105,0.000000
110.643867,0.000000
110.677233,0.000000
110.7106,0.000000
110.743967,0.000000
110.777333,0.000000
110.8107,0.000000
110.844067,0.000000
110.877433,0.000000
110.9108,0.000000
110.944167,0.000000
110.977533,0.000000
111.0109,0.000000
111.044267,0.000000
111.077633,0.000000
111.111,0.000424
111.144367,0.000026
111.177733,0.000144
111.2111,0.000065
111.244467,0.000012
111.277833,0.000005
111.3112,0.000001
111.344567,0.000000
111.377933,0.084431
111.4113,0.000107
111.444667,0.000039
111.478033,0.000007
111.5114,0.000001
111.544767,0.000001
111.578133,0.000000
111.6115,0.000000
111.644867,0.000000
111.678233,0.000000
111.7116,0.000000
111.744967,0.000000
111.778333,0.000000
111.8117,0.000000
111.845067,0.000000
111.878433,0.000000
111.9118,0.000000
111.945167,0.000000
111.978533,0.000000
112.0119,0.000000
112.045267,0.000000
112.078633,0.000000
112.112,0.000492
112.145367,0.000095
112.178733,0.000142
112.2121,0.000062
112.245467,0.000012
112.278833,0.000006
112.3122,0.000000
112.345567,0.000000
112.378933,0.000001
112.4123,0.000000
112.445667,0.000000
112.479033,0.000000
112.5124,0.000000
112.545767,0.049116
112.579133,0.000074
112.6125,0.000013
112.645867,0.000002
112.679233,0.000001
112.7126,0.000000
112.745967,0.000000
112.779333,0.000000
112.8127,0.000000
112.846067,0.000000
112.879433,0.000000
112.9128,0.000000
112.946167,0.000000
112.979533,0.000000
113.0129,0.000000
113.046267,0.000000
113.079633,0.000000
113.113,0.000430
113.146367,0.000041
113.179733,0.000139
113.2131,0.000061
113.246467,0.000012
113.279833,0.000006
113.3132,0.000000
113.346567,0.000000
113.379933,0.000001
113.4133,0.000000
113.446667,0.000000
113.480033,0.000000
113.5134,0.000000
113.546767,0.000000
113.580133,0.000000
113.6135,0.000000
113.646867,0.000000
113.680233,0.000000
113.7136,0.000000
113.746967,0.000000
113.780333,0.000000
113.8137,0.000000
113.847067,0.000000
113.880433,0.000000
113.9138,0.000000
113.947167,0.000000
113.980533,0.000000
114.0139,0.000000
114.047267,0.000000
114.080633,0.000000
114.114,0.000414
114.147367,0.000025
114.180733,0.000139
114.2141,0.000061
114.247467,0.039212
114.280833,0.000075
114.3142,0.000014
114.347567,0.000003
114.380933,0.000001
114.4143,0.000000
114.447667,0.000000
114.481033,0.000000
114.5144,0.000000
114.547767,0.000000
114.581133,0.000000
114.6145,0.000000
114.647867,0.000000
114.681233,0.000000
114.7146,0.000000
114.747967,0.000000
114.781333,0.000000
114.8147,0.000000
114.848067,0.000000
114.881433,0.000000
114.9148,0.000000
114.948167,0.000000
114.981533,0.000000
115.0149,0.000000
115.048267,0.000000
115.081633,0.000000
115.115,0.000433
115.148367,0.000043
115.181733,0.000139
115.2151,0.000062
115.248467,0.000012
115.281833,0.000006
115.3152,0.000001
115.348567,0.212697
115.381933,0.000076
115.4153,0.000021
115.448667,0.000009
115.482033,0.000001
115.5154,0.000001
115.548767,0.000000
115.582133,0.000000
115.6155,0.000000
115.648867,0.000000
115.682233,0.000000
115.7156,0.000000
115.748967,0.000000
115.782333,0.000000
115.8157,0.000000
115.849067,0.000000
115.882433,0.000000
115.9158,0.000000
115.949167,0.000000
115.982533,0.000000
116.0159,0.000000
116.049267,0.000000
116.082633,0.000000
116.116,0.000075
116.149367,0.000011
116.182733,0.000022
116.2161,0.000009
116.249467,0.000001
116.282833,0.000001
116.3162,0.000000
116.349567,0.000000
116.382933,0.000000
116.4163,0.000000
116.449667,0.000000
116.483033,0.000000
116.5164,0.000000
116.549767,0.000000
116.583133,0.000000
116.6165,0.000000
116.649867,0.000000
116.683233,0.000000
116.7166,0.000000
116.749967,0.000000
116.783333,0.000000
116.8167,0.000000
116.850067,0.000000
116.883433,0.000000
116.9168,0.000000
116.950167,0.000000
116.983533,0.000000
117.0169,0.000000
117.050267,0.000000
117.083633,0.000000
117.117,0.000068
117.150367,0.000004
117.183733,0.000022
117.2171,0.000009
117.250467,0.000001
117.283833,0.000001
117.3172,0.000000
117.350567,0.000000
117.383933,0.000000
117.4173,0.000000
117.450667,0.000000
117.484033,0.091370
117.5174,0.000027
117.550767,0.000014
117.584133,0.000002
117.6175,0.000000
117.650867,0.000000
117.684233,0.000000
117.7176,0.000000
117.750967,0.000000
117.784333,0.000000
117.8177,0.000000
117.851067,0.000000
117.884433,0.000000
117.9178,0.000000
117.951167,0.000000
117.984533,0.000000
118.0179,0.000000
118.051267,0.000000
118.084633,0.000000
118.118,0.000070
118.151367,0.000002
118.184733,0.000022
118.2181,0.000009
118.251467,0.000001
118.284833,0.000001
118.3182,0.032635
118.351567,0.000012
118.384933,0.000001
118.4183,0.000000
118.451667,0.000000
118.485033,0.000000
118.5184,0.000000
118.551767,0.000000
118.585133,0.000000
118.6185,0.000000
118.651867,0.000000
118.685233,0.000000
118.7186,0.000000
118.751967,0.000000
118.785333,0.000000
118.8187,0.000000
118.852067,0.000000
118.885433,0.000000
118.9188,0.000000
118.952167,0.000000
118.985533,0.000000
119.0189,0.000000
119.052267,0.000000
119.085633,0.000000
119.119,0.000071
119.152367,0.000004
119.185733,0.000022
119.2191,0.000009
119.252467,0.000001
119.285833,0.000001
119.3192,0.000000
119.352567,0.000000
119.385933,0.000000
119.4193,0.000000
119.452667,0.000000
119.486033,0.000000
119.5194,0.000000
119.552767,0.000000
119.586133,0.000000
119.6195,0.000000
119.652867,0.000000
119.686233,0.000000
119.7196,0.000000
119.752967,0.000000
119.786333,0.000000
119.8197,0.000000
119.853067,0.000000
119.886433,0.000000
119.9198,0.000000
119.953167,0.000000
119.986533,0.000000
120.0199,0.000000
120.053267,0.000000
120.086633,0.000000
120.12,0.000071
120.153367,0.000003
120.186733,0.000022
120.2201,0.000009
120.253467,0.000001
120.286833,0.000001
120.3202,0.000000
120.353567,0.000000
120.386933,0.000000
120.4203,0.000000
120.453667,0.179630
120.487033,0.000010
120.5204,0.000004
120.553767,0.000001
120.587133,0.000000
120.6205,0.000000
120.653867,0.000000
120.687233,0.000000
120.7206,0.000000
120.753967,0.000000
120.787333,0.000000
120.8207,0.000000
120.854067,0.000000
120.887433,0.000000
120.9208,0.000000
120.954167,0.000000
120.987533,0.000000
121.0209,0.000000
121.054267,0.000000
121.087633,0.000000
121.121,0.000024
121.154367,0.000004
121.187733,0.000005
121.2211,0.000003
121.254467,0.000000
121.287833,0.000000
121.3212,0.000000
121.354567,0.000000
121.387933,0.000000
121.4213,0.000000
121.454667,0.000000
121.488033,0.000000
121.5214,0.000000
121.554767,0.000000
121.588133,0.000000
121.6215,0.000000
121.654867,0.000000
121.688233,0.000000
121.7216,0.000000
121.754967,0.000000
121.788333,0.000000
121.8217,0.000000
121.855067,0.000000
121.888433,0.000000
121.9218,0.000000
121.955167,0.000000
121.988533,0.000000
122.0219,0.000000
122.055267,0.000000
122.088633,0.000000
122.122,0.000022
122.155367,0.000002
122.188733,0.000005
122.2221,0.037777
122.255467,0.000009
122.288833,0.000004
122.3222,0.000001
122.355567,0.000000
122.388933,0.000000
122.4223,0.000000
122.455667,0.000000
122.489033,0.000000
122.5224,0.000000
122.555767,0.000000
122.589133,0.000000
122.6225,0.000000
122.655867,0.000000
122.689233,0.000000
122.7226,0.000000
122.755967,0.000000
122.789333,0.000000
122.8227,0.000000
122.856067,0.000000
122.889433,0.000000
122.9228,0.000000
122.956167,0.000000
122.989533,0.000000
123.0229,0.000000
123.056267,0.000000
123.089633,0.000000
123.123,0.000023
123.156367,0.000003
123.189733,0.000006
123.2231,0.000002
123.256467,0.000000
123.289833,0.000000
123.3232,0.000000
123.356567,0.000000
123.389933,0.000000
123.4233,0.000000
123.456667,0.000000
123.490033,0.000000
123.5234,0.000000
123.556767,0.000000
123.590133,0.000000
123.6235,0.000000
123.656867,0.000000
123.690233,0.000000
123.7236,0.000000
123.756967,0.000000
123.790333,0.000000
123.8237,0.000000
123.857067,0.000000
123.890433,0.000000
123.9238,0.000000
123.957167,0.000000
123.990533,0.000000
124.0239,0.000000
124.057267,0.000000
124.090633,0.000000
124.124,0.000021
124.157367,0.000001
124.190733,0.000006
124.2241,0.000002
124.257467,0.000000
124.290833,0.000000
124.3242,0.000000
124.357567,0.039340
124.390933,0.000019
124.4243,0.000008
124.457667,0.000002
124.491033,0.000000
124.5244,0.000000
124.557767,0.000000
124.591133,0.000000
124.6245,0.000000
124.657867,0.000000
124.691233,0.000000
124.7246,0.000000
124.757967,0.000000
124.791333,0.000000
124.8247,0.000000
124.858067,0.000000
124.891433,0.000000
124.9248,0.000000
124.958167,0.000000
124.991533,0.000000
125.0249,0.000000
125.058267,0.000000
125.091633,0.000000
125.125,0.000031
125.158367,0.000003
125.191733,0.000010
125.2251,0.000004
125.258467,0.000000
125.291833,0.000000
125.3252,0.000000
125.358567,0.000000
125.391933,0.000000
125.4253,0.000000
125.458667,0.000000
125.492033,0.000000
125.5254,0.000000
125.558767,0.000000
125.592133,0.000000
125.6255,0.000000
125.658867,0.000000
125.692233,0.000000
125.7256,0.000000
125.758967,0.000000
125.792333,0.000000
125.8257,0.000000
125.859067,0.000000
125.892433,0.000000
125.9258,0.000000
125.959167,0.000000
125.992533,0.000000
126.0259,0.000000
126.059267,0.000000
126.092633,0.000000
126.126,0.000029
126.159367,0.000001
126.192733,0.000010
126.2261,0.000004
126.259467,0.000000
126.292833,0.000000
126.3262,0.000000
126.359567,0.000000
126.392933,0.000000
126.4263,0.000000
126.459667,0.000000
126.493033,0.000000
126.5264,0.000000
126.559767,0.000000
126.593133,0.000000
126.6265,0.000000
126.659867,0.000000
126.693233,0.000000
126.7266,0.000000
126.759967,0.000000
126.793333,0.000000
126.8267,0.000000
126.860067,0.000000
126.893433,0.040811
126.9268,0.000056
126.960167,0.000016
126.993533,0.000013
127.0269,0.000019
127.060267,0.000033
127.093633,0.000070
127.127,0.000021
127.160367,0.000062
127.193733,0.000002
127.2271,0.000019
127.260467,0.000058
127.293833,0.000039
127.3272,0.000057
127.360567,0.000112
127.393933,0.000033
127.4273,0.000048
127.460667,0.000039
127.494033,0.000032
127.5274,0.000029
127.560767,0.000028
127.594133,0.000045
127.6275,0.000010
127.660867,0.000010
127.694233,0.000041
127.7276,0.000098
127.760967,0.000071
127.794333,0.000055
127.8277,0.000020
127.861067,0.000039
127.894433,0.000020
127.9278,0.000011
127.961167,0.000008
127.994533,0.000012
128.0279,0.000009
128.061267,0.000026
128.094633,0.000022
128.128,0.000019
128.161367,0.000001
128.194733,0.000026
128.2281,0.000004
128.261467,0.000013
128.294833,0.000012
128.3282,0.000003
128.361567,0.000012
128.394933,0.000021
128.4283,0.000040
128.461667,0.000021
128.495033,0.000016
128.5284,0.000088
128.561767,0.000063
128.595133,0.000069
128.6285,0.000066
128.661867,0.000074
128.695233,0.000165
128.7286,0.000050
128.761967,0.000069
128.795333,0.000049
128.8287,0.000040
128.862067,0.000180
128.895433,0.000108
128.9288,0.000066
128.962167,0.000015
128.995533,0.045375
129.0289,0.000019
129.062267,0.000008
129.095633,0.000002
129.129,0.000037
129.162367,0.000008
129.195733,0.000010
129.2291,0.000004
129.262467,0.000000
129.295833,0.000000
129.3292,0.000000
129.362567,0.000000
129.395933,0.000000
129.4293,0.000000
129.462667,0.000000
129.496033,0.000000
129.5294,0.000000
129.562767,0.000000
129.596133,0.000000
129.6295,0.000000
129.662867,0.000000
129.696233,0.000000
129.7296,0.000000
129.762967,0.000000
129.796333,0.000000
129.8297,0.000000
129.863067,0.000000
129.896433,0.000000
129.9298,0.000000
129.963167,0.000000
129.996533,0.000000
130.0299,0.000000
130.063267,0.000000
130.096633,0.000000
130.13,0.000031
130.163367,0.000001
130.196733,0.000010
130.2301,0.000004
130.263467,0.000000
130.296833,0.000000
130.3302,0.000000
130.363567,0.000000
130.396933,0.000000
130.4303,0.000000
130.463667,0.000000
130.497033,0.000000
130.5304,0.000000
130.563767,0.000000
130.597133,0.000000
130.6305,0.000000
130.663867,0.000000
130.697233,0.000000
130.7306,0.000000
130.763967,0.000000
130.797333,0.000000
130.8307,0.000000
130.864067,0.000000
130.897433,0.000000
130.9308,0.000000
130.964167,0.000000
130.997533,0.000000
131.0309,0.000000
131.064267,0.000000
131.097633,0.038836
131.131,0.000591
131.164367,0.000124
131.197733,0.000041
131.2311,0.000078
131.264467,0.000121
131.297833,0.000005
131.3312,0.000125
131.364567,0.000039
131.397933,0.000045
131.4313,0.000006
131.464667,0.000137
131.498033,0.000195
131.5314,0.000161
131.564767,0.000039
131.598133,0.000040
131.6315,0.000109
131.664867,0.000016
131.698233,0.000034
131.7316,0.000153
131.764967,0.000122
131.798333,0.000052
131.8317,0.000092
131.865067,0.000059
131.898433,0.000063
131.9318,0.000081
131.965167,0.000075
131.998533,0.000075
132.0319,0.000094
132.065267,0.000110
132.098633,0.000060
132.132,0.000257
132.165367,0.000245
132.198733,0.000048
132.2321,0.000269
132.265467,0.000044
132.298833,0.000068
132.3322,0.000179
132.365567,0.000077
132.398933,0.000049
132.4323,0.000122
132.465667,0.000126
132.499033,0.000066
132.5324,0.000146
132.565767,0.000128
132.599133,0.000127
132.6325,0.000083
132.665867,0.000034
132.699233,0.000150
132.7326,0.000181
132.765967,0.000214
132.799333,0.000513
132.8327,0.000252
132.866067,0.000076
132.899433,0.000008
132.9328,0.000000
132.966167,0.000000
132.999533,0.000000
133.0329,0.036160
133.066267,0.000019
133.099633,0.000009
133.133,0.000050
133.166367,0.000009
133.199733,0.000014
133.2331,0.000005
133.266467,0.000001
133.299833,0.000001
133.3332,0.000000
133.366567,0.000000
133.399933,0.000000
133.4333,0.000000
133.466667,0.000000
133.500033,0.000000
133.5334,0.000000
133.566767,0.000000
133.600133,0.000000
133.6335,0.000000
133.666867,0.000000
133.700233,0.000000
133.7336,0.000000
133.766967,0.000000
133.800333,0.000000
133.8337,0.000000
133.867067,0.000000
133.900433,0.000000
133.9338,0.000000
133.967167,0.000000
134.000533,0.000000
134.0339,0.000000
134.067267,0.000000
134.100633,0.000000
134.134,0.000045
134.167367,0.000002
134.200733,0.000014
134.2341,0.000005
134.267467,0.000001
134.300833,0.000001
134.3342,0.000000
134.367567,0.000000
134.400933,0.000000
134.4343,0.000000
134.467667,0.000000
134.501033,0.000000
134.5344,0.000000
134.567767,0.000000
134.601133,0.000000
134.6345,0.000000
134.667867,0.000000
134.701233,0.000000
134.7346,0.000000
134.767967,0.000000
134.801333,0.000000
134.8347,0.000000
134.868067,0.000000
134.901433,0.000000
134.9348,0.000000
134.968167,0.000000
135.001533,0.000000
135.0349,0.084191
135.068267,0.000029
135.101633,0.000011
135.135,0.000035
135.168367,0.000005
135.201733,0.000013
135.2351,0.000004
135.268467,0.000000
135.301833,0.000000
135.3352,0.000000
135.368567,0.000000
135.401933,0.000000
135.4353,0.000000
135.468667,0.000000
135.502033,0.000000
135.5354,0.000000
135.568767,0.000000
135.602133,0.000000
135.6355,0.000000
135.668867,0.000000
135.702233,0.000000
135.7356,0.000000
135.768967,0.000000
135.802333,0.000000
135.8357,0.000000
135.869067,0.000000
135.902433,0.000000
135.9358,0.000000
135.969167,0.000000
136.002533,0.000000
136.0359,0.000000
136.069267,0.000000
136.102633,0.000000
136.136,0.000034
136.169367,0.000001
136.202733,0.000013
136.2361,0.000004
136.269467,0.000000
136.302833,0.000000
136.3362,0.000000
136.369567,0.000000
136.402933,0.000000
136.4363,0.000000
136.469667,0.000000
136.503033,0.000000
136.5364,0.000000
136.569767,0.000000
136.603133,0.000000
136.6365,0.000000
136.669867,0.000000
136.703233,0.000000
136.7366,0.000000
136.769967,0.000000
136.803333,0.000000
136.8367,0.000000
136.870067,0.000000
136.903433,0.000000
136.9368,0.000000
136.970167,0.000000
137.003533,0.000000
137.0369,0.000000
137.070267,0.000000
137.103633,0.063884
137.137,0.000021
137.170367,0.000008
137.203733,0.000008
137.2371,0.000003
137.270467,0.000000
137.303833,0.000000
137.3372,0.000000
137.370567,0.000000
137.403933,0.000000
137.4373,0.000000
137.470667,0.000000
137.504033,0.000000
137.5374,0.000000
137.570767,0.000000
137.604133,0.000000
137.6375,0.000000
137.670867,0.000000
137.704233,0.000000
137.7376,0.000000
137.770967,0.000000
137.804333,0.000000
137.8377,0.000000
137.871067,0.000000
137.904433,0.000000
137.9378,0.000000
137.971167,0.000000
138.004533,0.000000
138.0379,0.000000
138.071267,0.000000
138.104633,0.000000
138.138,0.000026
138.171367,0.000001
138.204733,0.000008
138.2381,0.000003
138.271467,0.032559
138.304833,0.000017
138.3382,0.000008
138.371567,0.000001
138.404933,0.000000
138.4383,0.000000
138.471667,0.000000
138.505033,0.000000
138.5384,0.000000
138.571767,0.000000
138.605133,0.000000
138.6385,0.000000
138.671867,0.000000
138.705233,0.000000
138.7386,0.000000
138.771967,0.000000
138.805333,0.000000
138.8387,0.000000
138.872067,0.000000
138.905433,0.000000
138.9388,0.000000
138.972167,0.000000
139.005533,0.000000
139.0389,0.000000
139.072267,0.000000
139.105633,0.000000
139.139,0.000034
139.172367,0.000006
139.205733,0.000011
139.2391,0.000004
139.272467,0.000000
139.305833,0.000000
139.3392,0.000000
139.372567,0.000000
139.405933,0.000000
139.4393,0.000000
139.472667,0.000000
139.506033,0.000000
139.5394,0.000000
139.572767,0.000000
139.606133,0.000000
139.6395,0.000000
139.672867,0.000000
139.706233,0.024571
139.7396,0.001774
139.772967,0.000149
139.806333,0.000080
139.8397,0.000011
139.873067,0.000106
139.906433,0.000129
139.9398,0.000023
139.973167,0.000059
140.006533,0.000110
140.0399,0.000067
140.073267,0.000094
140.106633,0.000112
140.14,0.000070
140.173367,0.000016
140.206733,0.000055
140.2401,0.000076
140.273467,0.000012
140.306833,0.000102
140.3402,0.000058
140.373567,0.000081
140.406933,0.000022
140.4403,0.000103
140.473667,0.000013
140.507033,0.000129
140.5404,0.000037
140.573767,0.000142
140.607133,0.000191
140.6405,0.000039
140.673867,0.000053
140.707233,0.000142
140.7406,0.000159
140.773967,0.000027
140.807333,0.000071
140.8407,0.000021
140.874067,0.000148
140.907433,0.000069
140.9408,0.000102
140.974167,0.000141
141.007533,0.000254
141.0409,0.000234
141.074267,0.000061
141.107633,0.000197
141.141,0.000387
141.174367,0.000537
141.207733,0.000209
141.2411,0.000034
141.274467,0.000113
141.307833,0.000206
141.3412,0.039443
141.374567,0.000019
141.407933,0.000008
141.4413,0.000001
141.474667,0.000000
141.508033,0.000000
141.5414,0.000000
141.574767,0.000000
141.608133,0.000000
141.6415,0.000000
141.674867,0.000000
141.708233,0.000000
141.7416,0.000000
141.774967,0.000000
141.808333,0.000000
141.8417,0.000000
141.875067,0.000000
141.908433,0.000000
141.9418,0.000000
141.975167,0.000000
142.008533,0.000000
142.0419,0.000000
142.075267,0.000000
142.108633,0.000000
142.142,0.000066
142.175367,0.000010
142.208733,0.000019
142.2421,0.000008
142.275467,0.000000
142.308833,0.000001
142.3422,0.000000
142.375567,0.000000
142.408933,0.000000
142.4423,0.000000
142.475667,0.000000
142.509033,0.000000
142.5424,0.000000
142.575767,0.000000
142.609133,0.000000
142.6425,0.000000
142.675867,0.000000
142.709233,0.000000
142.7426,0.000000
142.775967,0.000000
142.809333,0.000000
142.8427,0.000000
142.876067,0.000000
142.909433,0.000000
142.9428,0.000000
142.976167,0.000000
143.009533,0.000000
143.0429,0.000000
143.076267,0.000000
143.109633,0.000000
143.143,0.041977
143.176367,0.000066
143.209733,0.000019
143.2431,0.000008
143.276467,0.000001
143.309833,0.000001
143.3432,0.000000
143.376567,0.000000
143.409933,0.000000
143.4433,0.000000
143.476667,0.000000
143.510033,0.000000
143.5434,0.000000
143.576767,0.000000
143.610133,0.000000
143.6435,0.000000
143.676867,0.000000
143.710233,0.000000
143.7436,0.000000
143.776967,0.000000
143.810333,0.000000
143.8437,0.000000
143.877067,0.000000
143.910433,0.000000
143.9438,0.000000
143.977167,0.000000
144.010533,0.000000
144.0439,0.000000
144.077267,0.000000
144.110633,0.000000
144.144,0.000060
144.177367,0.000003
144.210733,0.000019
144.2441,0.000008
144.277467,0.000001
144.310833,0.000001
144.3442,0.000000
144.377567,0.000000
144.410933,0.000000
144.4443,0.000000
144.477667,0.000000
144.511033,0.000000
144.5444,0.000000
144.577767,0.027728
144.611133,0.000020
144.6445,0.000009
144.677867,0.000001
144.711233,0.000000
144.7446,0.000000
144.777967,0.000000
144.811333,0.000000
144.8447,0.000000
144.878067,0.000000
144.911433,0.000000
144.9448,0.000000
144.978167,0.000000
145.011533,0.000000
145.0449,0.000000
145.078267,0.000000
145.111633,0.000000
145.145,0.000069
145.178367,0.000011
145.211733,0.000020
145.2451,0.000008
145.278467,0.000001
145.311833,0.000001
145.3452,0.000000
145.378567,0.000000
145.411933,0.000000
145.4453,0.000000
145.478667,0.000000
145.512033,0.000000
145.5454,0.000000
145.578767,0.000000
145.612133,0.000000
145.6455,0.000000
145.678867,0.000000
145.712233,0.000000
145.7456,0.000000
145.778967,0.000000
145.812333,0.000000
145.8457,0.000000
145.879067,0.000000
145.912433,0.000000
145.9458,0.000000
145.979167,0.182277
146.012533,0.000239
146.0459,0.000191
146.079267,0.000784
146.112633,0.000005
146.146,0.000262
146.179367,0.000257
146.212733,0.000047
146.2461,0.000006
146.279467,0.000006
146.312833,0.000042
146.3462,0.000017
146.379567,0.000004
146.412933,0.000331
146.4463,0.000133
146.479667,0.000059
146.513033,0.000009
146.5464,0.000004
146.579767,0.000001
146.613133,0.000000
146.6465,0.000000
146.679867,0.000000
146.713233,0.000000
146.7466,0.000000
146.779967,0.000000
146.813333,0.000000
146.8467,0.000000
146.880067,0.000000
146.913433,0.000000
146.9468,0.000000
146.980167,0.000000
147.013533,0.000000
147.0469,0.000000
147.080267,0.000000
147.113633,0.000000
147.147,0.000490
147.180367,0.000071
147.213733,0.000153
147.2471,0.000071
147.280467,0.000013
147.313833,0.000007
147.3472,0.000001
147.380567,0.000000
147.413933,0.000001
147.4473,0.000000
147.480667,0.000000
147.514033,0.000000
147.5474,0.000000
147.580767,0.000000
147.614133,0.000000
147.6475,0.000000
147.680867,0.000000
147.714233,0.000000
147.7476,0.000000
147.780967,0.000000
147.814333,0.000000
147.8477,0.000000
147.881067,0.000000
147.914433,0.079640
147.9478,0.000084
147.981167,0.000022
148.014533,0.000004
148.0479,0.000000
148.081267,0.000000
148.114633,0.000000
148.148,0.000468
148.181367,0.000066
148.214733,0.000148
148.2481,0.000069
148.281467,0.000013
148.314833,0.000006
148.3482,0.000001
148.381567,0.000000
148.414933,0.000001
148.4483,0.000000
148.481667,0.000000
148.515033,0.000000
148.5484,0.000000
148.581767,0.000000
148.615133,0.000000
148.6485,0.000000
148.681867,0.000000
148.715233,0.000000
148.7486,0.000000
148.781967,0.000000
148.815333,0.000000
148.8487,0.000000
148.882067,0.000000
148.915433,0.000000
148.9488,0.000000
148.982167,0.000000
149.015533,0.000000
149.0489,0.000000
149.082267,0.000000
149.115633,0.000000
149.149,0.000429
149.182367,0.000026
149.215733,0.000148
149.2491,0.025227
149.282467,0.000074
149.315833,0.000025
149.3492,0.000047
149.382567,0.000009
149.415933,0.000003
149.4493,0.000000
149.482667,0.000000
149.516033,0.000000
149.5494,0.000000
149.582767,0.000000
149.616133,0.000000
149.6495,0.000000
149.682867,0.000000
149.716233,0.000000
149.7496,0.000000
149.782967,0.000000
149.816333,0.000000
149.8497,0.000000
149.883067,0.000000
149.916433,0.000000
149.9498,0.000000
149.983167,0.000000
150.016533,0.000000
150.0499,0.000000
150.083267,0.000000
150.116633,0.000000
150.15,0.000432
150.183367,0.000030
150.216733,0.000148
150.2501,0.000069
150.283467,0.000012
150.316833,0.000007
150.3502,0.000001
150.383567,0.000000
150.416933,0.000001
150.4503,0.000000
150.483667,0.000000
150.517033,0.000000
150.5504,0.020387
150.583767,0.000072
150.617133,0.000010
150.6505,0.000001
150.683867,0.000000
150.717233,0.000000
150.7506,0.000000
150.783967,0.000000
150.817333,0.000000
150.8507,0.000000
150.884067,0.000000
150.917433,0.000000
150.9508,0.000000
150.984167,0.000000
151.017533,0.000000
151.0509,0.000000
151.084267,0.000000
151.117633,0.000000
151.151,0.000445
151.184367,0.000037
151.217733,0.000150
151.2511,0.000069
151.284467,0.000012
151.317833,0.000007
151.3512,0.000001
151.384567,0.000000
151.417933,0.000000
151.4513,0.000000
151.484667,0.000000
151.518033,0.000000
151.5514,0.000000
151.584767,0.000000
151.618133,0.000000
151.6515,0.066250
151.684867,0.000081
151.718233,0.000020
151.7516,0.000003
151.784967,0.000000
151.818333,0.000000
151.8517,0.000000
151.885067,0.000000
151.918433,0.000000
151.9518,0.000000
151.985167,0.000000
152.018533,0.000000
152.0519,0.000000
152.085267,0.000000
152.118633,0.000000
152.152,0.000456
152.185367,0.000063
152.218733,0.000143
152.2521,0.000067
152.285467,0.000012
152.318833,0.000006
152.3522,0.000001
152.385567,0.000000
152.418933,0.000000
152.4523,0.000000
152.485667,0.000000
152.519033,0.000000
152.5524,0.000000
152.585767,0.000000
152.619133,0.000000
152.6525,0.000000
152.685867,0.000000
152.719233,0.000000
152.7526,0.000000
152.785967,0.000000
152.819333,0.000000
152.8527,0.000000
152.886067,0.000000
152.919433,0.000000
152.9528,0.000000
152.986167,0.000000
153.019533,0.000000
153.0529,0.000000
153.086267,0.000000
153.119633,0.000000
153.153,0.000419
153.186367,0.000025
153.219733,0.000143
153.2531,0.000067
153.286467,0.000012
153.319833,0.000006
153.3532,0.000001
153.386567,0.000000
153.419933,0.000000
153.4533,0.267386
153.486667,0.000037
153.520033,0.000010
153.5534,0.000004
153.586767,0.000000
153.620133,0.000000
153.6535,0.000000
153.686867,0.000000
153.720233,0.000000
153.7536,0.000000
153.786967,0.000000
153.820333,0.000000
153.8537,0.000000
153.887067,0.000000
153.920433,0.000000
153.9538,0.000000
153.987167,0.000000
154.020533,0.000000
154.0539,0.000000
154.087267,0.000000
154.120633,0.000000
154.154,0.000042
154.187367,0.000008
154.220733,0.000011
154.2541,0.000005
154.287467,0.000000
154.320833,0.000000
154.3542,0.000000
154.387567,0.000000
154.420933,0.000000
154.4543,0.000000
154.487667,0.000000
154.521033,0.000000
154.5544,0.000000
154.587767,0.000000
154.621133,0.000000
154.6545,0.000000
154.687867,0.101462
154.721233,0.000022
154.7546,0.000010
154.787967,0.000002
154.821333,0.000000
154.8547,0.000000
154.888067,0.000000
154.921433,0.000000
154.9548,0.000000
154.988167,0.000000
155.021533,0.000000
155.0549,0.000000
155.088267,0.000000
155.121633,0.000000
155.155,0.000050
155.188367,0.000009
155.221733,0.000015
155.2551,0.000006
155.288467,0.000001
155.321833,0.000000
155.3552,0.000000
155.388567,0.000000
155.421933,0.000000
155.4553,0.000000
155.488667,0.000000
155.522033,0.000000
155.5554,0.000000
155.588767,0.000000
155.622133,0.000000
155.6555,0.000000
155.688867,0.000000
155.722233,0.000000
155.7556,0.000000
155.788967,0.000000
155.822333,0.000000
155.8557,0.000000
155.889067,0.000000
155.922433,0.000000
155.9558,0.000000
155.989167,0.000000
156.022533,0.000000
156.0559,0.000000
156.089267,0.000000
156.122633,0.000000
156.156,0.000043
156.189367,0.000002
156.222733,0.000015
156.2561,0.000006
156.289467,0.000001
156.322833,0.000000
156.3562,0.000000
156.389567,0.000000
156.422933,0.000000
156.4563,0.053122
156.489667,0.000017
156.523033,0.000008
156.5564,0.000002
156.589767,0.000001
156.623133,0.000000
156.6565,0.000000
156.689867,0.000000
156.723233,0.000000
156.7566,0.000000
156.789967,0.000000
156.823333,0.000000
156.8567,0.000000
156.890067,0.000000
156.923433,0.000000
156.9568,0.000000
156.990167,0.000000
157.023533,0.000000
157.0569,0.000000
157.090267,0.000000
157.123633,0.000000
157.157,0.000045
157.190367,0.000006
157.223733,0.000013
157.2571,0.000005
157.290467,0.000001
157.323833,0.000000
157.3572,0.000000
157.390567,0.000000
157.423933,0.000000
157.4573,0.000000
157.490667,0.000000
157.524033,0.000000
157.5574,0.000000
157.590767,0.000000
157.624133,0.000000
157.6575,0.000000
157.690867,0.000000
157.724233,0.000000
157.7576,0.000000
157.790967,0.000000
157.824333,0.000000
157.8577,0.000000
157.891067,0.000000
157.924433,0.000000
157.9578,0.099292
157.991167,0.000550
158.024533,0.000003
158.0579,0.000117
158.091267,0.000006
158.124633,0.000203
158.158,0.000046
158.191367,0.000010
158.224733,0.000204
158.2581,0.000062
158.291467,0.000034
158.324833,0.000109
158.3582,0.000053
158.391567,0.000012
158.424933,0.000015
158.4583,0.000049
158.491667,0.000018
158.525033,0.000020
158.5584,0.000035
158.591767,0.000036
158.625133,0.000002
158.6585,0.000022
158.691867,0.000015
158.725233,0.000030
158.7586,0.000007
158.791967,0.000013
158.825333,0.000014
158.8587,0.000017
158.892067,0.000019
158.925433,0.000022
158.9588,0.000020
158.992167,0.000011
159.025533,0.000009
159.0589,0.000036
159.092267,0.000059
159.125633,0.000036
159.159,0.000041
159.192367,0.000041
159.225733,0.000177
159.2591,0.000113
159.292467,0.000012
159.325833,0.000013
159.3592,0.000014
159.392567,0.000042
159.425933,0.000169
159.4593,0.000015
159.492667,0.000072
159.526033,0.000105
159.5594,0.000097
159.592767,0.000101
159.626133,0.000115
159.6595,0.000239
159.692867,0.000192
159.726233,0.000065
159.7596,0.000009
159.792967,0.000008
159.826333,0.000000
159.8597,0.000000
159.893067,0.000000
159.926433,0.000000
159.9598,0.000000
159.993167,0.000000
160.026533,0.000000
160.0599,0.000000
160.093267,0.000000
160.126633,0.000000
160.16,0.000051
160.193367,0.000007
160.226733,0.000015
160.2601,0.000006
160.293467,0.000000
160.326833,0.000000
160.3602,0.000000
160.393567,0.000000
160.426933,0.000000
160.4603,0.000000
160.493667,0.000000
160.527033,0.000000
160.5604,0.000000
160.593767,0.152669
160.627133,0.000014
160.6605,0.000005
160.693867,0.000002
160.727233,0.000000
160.7606,0.000000
160.793967,0.000000
160.827333,0.000000
160.8607,0.000000
160.894067,0.000000
160.927433,0.000000
160.9608,0.000000
160.994167,0.000000
161.027533,0.000000
161.0609,0.000000
161.094267,0.000000
161.127633,0.000000
161.161,0.000026
161.194367,0.000003
161.227733,0.000007
161.2611,0.000003
161.294467,0.000000
161.327833,0.000000
161.3612,0.000000
161.394567,0.000000
161.427933,0.000000
161.4613,0.000000
161.494667,0.000000
161.528033,0.000000
161.5614,0.000000
161.594767,0.000000
161.628133,0.000078
161.6615,0.000054
161.694867,0.000073
161.728233,0.000020
161.7616,0.000062
161.794967,0.000087
161.828333,0.000009
161.8617,0.000045
161.895067,0.000105
161.928433,0.000092
161.9618,0.000018
161.995167,0.000208
162.028533,0.000126
162.0619,0.000023
162.095267,0.000428
162.128633,0.000203
162.162,0.000169
162.195367,0.000166
162.228733,0.000038
162.2621,0.000056
162.295467,0.000031
162.328833,0.000175
162.3622,0.000118
162.395567,0.000154
162.428933,0.000054
162.4623,0.000092
162.495667,0.000100
162.529033,0.000158
162.5624,0.000174
162.595767,0.000037
162.629133,0.000753
162.6625,0.000396
162.695867,0.000274
162.729233,0.000150
162.7626,0.000055
162.795967,0.000468
162.829333,0.000215
162.8627,0.000042
162.896067,0.000133
162.929433,0.000149
162.9628,0.000020
162.996167,0.000305
163.029533,0.000205
163.0629,0.000046
163.096267,0.000064
163.129633,0.000019
163.163,0.070760
163.196367,0.000037
163.229733,0.000010
163.2631,0.000004
163.296467,0.000001
163.329833,0.000000
163.3632,0.000000
163.396567,0.000000
163.429933,0.000000
163.4633,0.000000
163.496667,0.000000
163.530033,0.000000
163.5634,0.000000
163.596767,0.000000
163.630133,0.000000
163.6635,0.000000
163.696867,0.000000
163.730233,0.000000
163.7636,0.000000
163.796967,0.000000
163.830333,0.000000
163.8637,0.000000
163.897067,0.000000
163.930433,0.000000
163.9638,0.000000
163.997167,0.000000
164.030533,0.000000
164.0639,0.000000
164.097267,0.000000
164.130633,0.000000
164.164,0.000034
164.197367,0.000002
164.230733,0.000010
164.2641,0.000004
164.297467,0.000001
164.330833,0.000000
164.3642,0.000000
164.397567,0.000000
164.430933,0.000000
164.4643,0.000000
164.497667,0.000000
164.531033,0.000000
164.5644,0.000000
164.597767,0.000000
164.631133,0.000000
164.6645,0.000000
164.697867,0.000000
164.731233,0.000000
164.7646,0.036020
164.797967,0.000034
164.831333,0.000042
164.8647,0.000038
164.898067,0.000035
164.931433,0.000036
164.9648,0.000029
164.998167,0.000026
165.031533,0.000025
165.0649,0.000022
165.098267,0.000018
165.131633,0.000013
165.165,0.000039
165.198367,0.000007
165.231733,0.000012
165.2651,0.000001
165.298467,0.000002
165.331833,0.000003
165.3652,0.000007
165.398567,0.000009
165.431933,0.000012
165.4653,0.000014
165.498667,0.000019
165.532033,0.000019
165.5654,0.000025
165.598767,0.000029
165.632133,0.000027
165.6655,0.000037
165.698867,0.000033
165.732233,0.000042
165.7656,0.000030
165.798967,0.000000
165.832333,0.000042
165.8657,0.000041
165.899067,0.000034
165.932433,0.000037
165.9658,0.000027
165.999167,0.000029
166.032533,0.000026
166.0659,0.000020
166.099267,0.000018
166.132633,0.000014
166.166,0.000039
166.199367,0.000007
166.232733,0.000013
166.2661,0.052577
166.299467,0.000368
166.332833,0.000015
166.3662,0.000010
166.399567,0.000010
166.432933,0.000012
166.4663,0.000014
166.499667,0.000018
166.533033,0.000022
166.5664,0.000025
166.599767,0.000027
166.633133,0.000029
166.6665,0.000036
166.699867,0.000034
166.733233,0.000040
166.7666,0.000032
166.799967,0.000000
166.833333,0.000045
166.8667,0.000039
166.900067,0.000034
166.933433,0.000036
166.9668,0.000029
167.000167,0.000026
167.033533,0.000025
167.0669,0.000022
167.100267,0.000017
167.133633,0.000013
167.167,0.000050
167.200367,0.000007
167.233733,0.000022
167.2671,0.000002
167.300467,0.000002
167.333833,0.000003
167.3672,0.000007
167.400567,0.000009
167.433933,0.000012
167.4673,0.000014
167.500667,0.000019
167.534033,0.000019
167.5674,0.000025
167.600767,0.000029
167.634133,0.000027
167.6675,0.000037
167.700867,0.000033
167.734233,0.000042
167.7676,0.000034
167.800967,0.000000
167.834333,0.000042
167.8677,0.000041
167.901067,0.000034
167.934433,0.000037
167.9678,0.000027
168.001167,0.000029
168.034533,0.000026
168.0679,0.000020
168.101267,0.000018
168.134633,0.000013
168.168,0.000050
168.201367,0.000007
168.234733,0.000023
168.2681,0.000002
168.301467,0.000001
168.334833,0.000003
168.3682,0.000007
168.401567,0.000009
168.434933,0.000012
168.4683,0.000014
168.501667,0.000018
168.535033,0.000022
168.5684,0.000025
168.601767,0.000027
168.635133,0.000029
168.6685,0.000035
168.701867,0.000034
168.735233,0.049071
168.7686,0.000035
168.801967,0.000004
168.835333,0.000044
168.8687,0.000039
168.902067,0.000034
168.935433,0.000036
168.9688,0.000029
169.002167,0.000026
169.035533,0.000025
169.0689,0.000022
169.102267,0.000017
169.135633,0.000013
169.169,0.000040
169.202367,0.000007
169.235733,0.000013
169.2691,0.000001
169.302467,0.000002
169.335833,0.000003
169.3692,0.000007
169.402567,0.000009
169.435933,0.000012
169.4693,0.000014
169.502667,0.000019
169.536033,0.000019
169.5694,0.000025
169.602767,0.000029
169.636133,0.000027
169.6695,0.000037
169.702867,0.000033
169.736233,0.000042
169.7696,0.000030
169.802967,0.000000
169.836333,0.000042
169.8697,0.000041
169.903067,0.000034
169.936433,0.000037
169.9698,0.000027
170.003167,0.000029
170.036533,0.000026
170.0699,0.000020
170.103267,0.000018
170.136633,0.000014
170.17,0.000040
170.203367,0.000007
170.236733,0.000014
170.2701,0.000001
170.303467,0.000000
170.336833,0.000003
170.3702,0.000007
170.403567,0.000009
170.436933,0.000012
170.4703,0.000014
170.503667,0.000018
170.537033,0.000022
170.5704,0.000025
170.603767,0.000027
170.637133,0.000029
170.6705,0.000036
170.703867,0.000034
170.737233,0.137482
170.7706,0.000680
170.803967,0.000187
170.837333,0.000157
170.8707,0.000033
170.904067,0.000005
170.937433,0.000415
170.9708,0.000633
171.004167,0.000508
171.037533,0.000167
171.0709,0.000019
171.104267,0.000004
171.137633,0.000079
171.171,0.001075
171.204367,0.000470
171.237733,0.000146
171.2711,0.000068
171.304467,0.000011
171.337833,0.000004
171.3712,0.000001
171.404567,0.000000
171.437933,0.000000
171.4713,0.000000
171.504667,0.000000
171.538033,0.000000
171.5714,0.000000
171.604767,0.000000
171.638133,0.000000
171.6715,0.000001
171.704867,0.000000
171.738233,0.000000
171.7716,0.000001
171.804967,0.000000
171.838333,0.000000
171.8717,0.000000
171.905067,0.000000
171.938433,0.000000
171.9718,0.000000
172.005167,0.000000
172.038533,0.000000
172.0719,0.000000
172.105267,0.000000
172.138633,0.000000
172.172,0.000431
172.205367,0.000022
172.238733,0.000146
172.2721,0.000068
172.305467,0.000011
172.338833,0.000004
172.3722,0.000001
172.405567,0.000000
172.438933,0.000000
172.4723,0.030997
172.505667,0.000074
172.539033,0.000012
172.5724,0.000002
172.605767,0.000000
172.639133,0.000001
172.6725,0.000000
172.705867,0.000000
172.739233,0.000000
172.7726,0.000000
172.805967,0.000000
172.839333,0.000000
172.8727,0.000000
172.906067,0.000000
172.939433,0.000000
172.9728,0.000000
173.006167,0.000000
173.039533,0.000000
173.0729,0.000000
173.106267,0.000000
173.139633,0.000000
173.173,0.000442
173.206367,0.000038
173.239733,0.000145
173.2731,0.000068
173.306467,0.000012
173.339833,0.000004
173.3732,0.000001
173.406567,0.000000
173.439933,0.000000
173.4733,0.000000
173.506667,0.000000
173.540033,0.000000
173.5734,0.000000
173.606767,0.000000
173.640133,0.000000
173.6735,0.000000
173.706867,0.000000
173.740233,0.000000
173.7736,0.000000
173.806967,0.000000
173.840333,0.000163
173.8737,0.000014
173.907067,0.000003
173.940433,0.000005
173.9738,0.000003
174.007167,0.000001
174.040533,0.000001
174.0739,0.000003
174.107267,0.000001
174.140633,0.000004
174.174,0.000502
174.207367,0.000106
174.240733,0.000299
174.2741,0.000066
174.307467,0.124675
174.340833,0.000851
174.3742,0.000897
174.407567,0.000331
174.440933,0.000047
174.4743,0.000058
174.507667,0.000204
174.541033,0.000051
174.5744,0.000105
174.607767,0.000207
174.641133,0.000184
174.6745,0.000222
174.707867,0.000383
174.741233,0.000530
174.7746,0.000761
174.807967,0.002631
174.841333,0.000734
174.8747,0.000010
174.908067,0.000002
174.941433,0.000017
174.9748,0.000017
175.008167,0.000000
175.041533,0.000000
175.0749,0.000017
175.108267,0.000017
175.141633,0.000000
175.175,0.000049
175.208367,0.000009
175.241733,0.000034
175.2751,0.000006
175.308467,0.000018
175.341833,0.000017
175.3752,0.000000
175.408567,0.000000
175.441933,0.000017
175.4753,0.000017
175.508667,0.000000
175.542033,0.000000
175.5754,0.000017
175.608767,0.000017
175.642133,0.000000
175.6755,0.000000
175.708867,0.000017
175.742233,0.000017
175.7756,0.000000
175.808967,0.000000
175.842333,0.026186
175.8757,0.002322
175.909067,0.000006
175.942433,0.000000
175.9758,0.000000
176.009167,0.000000
176.042533,0.000000
176.0759,0.000000
176.109267,0.000000
176.142633,0.000000
176.176,0.000044
176.209367,0.000005
176.242733,0.000012
176.2761,0.000006
176.309467,0.000000
176.342833,0.000000
176.3762,0.000000
176.409567,0.000000
176.442933,0.000000
176.4763,0.000000
176.509667,0.000000
176.543033,0.000000
176.5764,0.000000
176.609767,0.000000
176.643133,0.000000
176.6765,0.000000
176.709867,0.000000
176.743233,0.000000
176.7766,0.000000
176.809967,0.000000
176.843333,0.000000
176.8767,0.000000
176.910067,0.000000
176.943433,0.000000
176.9768,0.000000
177.010167,0.000000
177.043533,0.000000
177.0769,0.000000
177.110267,0.000000
177.143633,0.000000
177.177,0.000042
177.210367,0.000002
177.243733,0.000012
177.2771,0.000006
177.310467,0.000000
177.343833,0.000000
177.3772,0.000000
177.410567,0.000000
177.443933,0.000000
177.4773,0.000000
177.510667,0.000000
177.544033,0.000000
177.5774,0.000000
177.610767,0.000000
177.644133,0.000000
177.6775,0.000000
177.710867,1.000000
177.744233,0.021995
177.7776,0.054549
177.810967,0.056022
177.844333,0.007893
177.8777,0.001062
177.911067,0.000015
177.944433,0.000004
177.9778,0.000002
178.011167,0.000000
178.044533,0.000000
178.0779,0.000000
178.111267,0.000000
178.144633,0.000000
178.178,0.000039
178.211367,0.000016
178.244733,0.000004
178.2781,0.000002
178.311467,0.000000
178.344833,0.000000
178.3782,0.000000
178.411567,0.000000
178.444933,0.000000
178.4783,0.000000
178.511667,0.000000
178.545033,0.000000
178.5784,0.000000
178.611767,0.000000
178.645133,0.000000
178.6785,0.000000
178.711867,0.000000
178.745233,0.000000
178.7786,0.000000
178.811967,0.000000
178.845333,0.000000
178.8787,0.000000
178.912067,0.000000
178.945433,0.000000
178.9788,0.000000
179.012167,0.000000
179.045533,0.000000
179.0789,0.000000
179.112267,0.000000
179.145633,0.000000
179.179,0.000015
179.212367,0.000001
179.245733,0.000004
179.2791,0.000002
179.312467,0.000000
179.345833,0.000000
179.3792,0.000000
179.412567,0.000000
179.445933,0.000000
179.4793,0.000000
179.512667,0.000000
179.546033,0.000000
179.5794,0.000000
179.612767,0.000000
179.646133,0.000000
179.6795,0.000000
179.712867,1.000000
179.746233,0.000522
179.7796,0.000052
179.812967,0.000036
179.846333,0.000045
179.8797,0.000008
179.913067,0.000030
179.946433,0.000097
179.9798,0.000074
180.013167,0.000064
180.046533,0.000044
180.0799,0.000007
180.113267,0.000037
180.146633,0.000101
180.18,0.000182
180.213367,0.000069
180.246733,0.000004
180.2801,0.000058
180.313467,0.000018
180.346833,0.000025
180.3802,0.000063
180.413567,0.000072
180.446933,0.000022
180.4803,0.000085
180.513667,0.000053
180.547033,0.000001
180.5804,0.000031
180.613767,0.000091
180.647133,0.000083
180.6805,0.000030
180.713867,0.000016
180.747233,0.000018
180.7806,0.000004
180.813967,0.000012
180.847333,0.000014
180.8807,0.000062
180.914067,0.000046
180.947433,0.000002
180.9808,0.000025
181.014167,0.000023
181.047533,0.000077
181.0809,0.000003
181.114267,0.000016
181.147633,0.000006
181.181,0.000080
181.214367,0.000012
181.247733,0.000031
181.2811,0.000029
181.314467,0.000003
181.347833,0.000065
181.3812,0.000058
181.414567,0.000032
181.447933,0.000022
181.4813,0.000034
181.514667,0.000038
181.548033,0.000021
181.5814,0.000016
181.614767,0.000003
181.648133,0.000048
181.6815,0.000078
181.714867,0.000032
181.748233,0.000010
181.7816,0.000019
181.814967,0.000062
181.848333,0.000021
181.8817,0.000025
181.915067,0.000064
181.948433,0.000029
181.9818,0.000006
182.015167,0.000011
182.048533,0.000019
182.0819,0.000010
182.115267,0.000004
182.148633,0.000002
182.182,0.000076
182.215367,0.000002
182.248733,0.000007
182.2821,0.000043
182.315467,0.000046
182.348833,0.000028
182.3822,0.000016
182.415567,0.000061
182.448933,0.000020
182.4823,0.000016
182.515667,0.000022
182.549033,0.000026
182.5824,0.000040
182.615767,0.000025
182.649133,0.081891
182.6825,0.000016
182.715867,0.000006
182.749233,0.000001
182.7826,0.000000
182.815967,0.000000
182.849333,0.000000
182.8827,0.000000
182.916067,0.000000
182.949433,0.000000
182.9828,0.000000
183.016167,0.000000
183.049533,0.000000
183.0829,0.000000
183.116267,0.000000
183.149633,0.000000
183.183,0.000060
183.216367,0.000006
183.249733,0.000018
183.2831,0.000008
183.316467,0.000001
183.349833,0.000000
183.3832,0.000000
183.416567,0.000000
183.449933,0.000000
183.4833,0.000000
183.516667,0.000000
183.550033,0.000000
183.5834,0.000000
183.616767,0.000000
183.650133,0.000000
183.6835,0.000000
183.716867,0.000000
183.750233,0.000000
183.7836,0.000000
183.816967,0.056443
183.850333,0.001995
183.8837,0.000972
183.917067,0.000132
183.950433,0.000285
183.9838,0.000017
184.017167,0.000017
184.050533,0.000017
184.0839,0.000017
184.117267,0.000017
184.150633,0.000017
184.184,0.000080
184.217367,0.000004
184.250733,0.000066
184.2841,0.000008
184.317467,0.000018
184.350833,0.000017
184.3842,0.000017
184.417567,0.000017
184.450933,0.000017
184.4843,0.000017
184.517667,0.000017
184.551033,0.000017
184.5844,0.000017
184.617767,0.000017
184.651133,0.000000
184.6845,0.000017
184.717867,0.000017
184.751233,0.000017
184.7846,0.000017
184.817967,0.000017
184.851333,0.000017
184.8847,0.000017
184.918067,0.000017
184.951433,0.000017
184.9848,0.000017
185.018167,0.000000
185.051533,0.000017
185.0849,0.000017
185.118267,0.000017
185.151633,0.000017
185.185,0.000047
185.218367,0.000012
185.251733,0.000066
185.2851,0.000009
185.318467,0.000018
185.351833,0.000017
185.3852,0.000017
185.418567,0.000017
185.451933,0.000000
185.4853,0.000017
185.518667,0.000017
185.552033,0.000017
185.5854,0.000017
185.618767,0.000017
185.652133,0.000017
185.6855,0.000017
185.718867,0.000017
185.752233,0.000017
185.7856,0.053687
185.818967,0.000016
185.852333,0.000008
185.8857,0.000001
185.919067,0.000000
185.952433,0.000000
185.9858,0.000000
186.019167,0.000000
186.052533,0.000000
186.0859,0.000000
186.119267,0.000000
186.152633,0.000000
186.186,0.000060
186.219367,0.000004
186.252733,0.000017
186.2861,0.000008
186.319467,0.000001
186.352833,0.000000
186.3862,0.000000
186.419567,0.000000
186.452933,0.000000
186.4863,0.000000
186.519667,0.000000
186.553033,0.000000
186.5864,0.000000
186.619767,0.000000
186.653133,0.000000
186.6865,0.000000
186.719867,0.000000
186.753233,0.000000
186.7866,0.000000
186.819967,0.000000
186.853333,0.000000
186.8867,0.000000
186.920067,0.000000
186.953433,0.000000
186.9868,0.000000
187.020167,0.000000
187.053533,0.000000
187.0869,0.000000
187.120267,0.000000
187.153633,0.000000
187.187,0.000059
187.220367,0.000003
187.253733,0.000017
187.2871,0.000008
187.320467,0.000001
187.353833,0.000000
187.3872,0.000000
187.420567,0.000000
187.453933,0.000000
187.4873,0.000000
187.520667,0.000000
187.554033,0.000000
187.5874,0.000000
187.620767,0.000000
187.654133,0.000000
187.6875,0.000000
187.720867,0.000000
187.754233,0.000000
187.7876,0.000000
187.820967,0.000000
187.854333,0.000000
187.8877,0.000000
187.921067,0.000000
187.954433,0.000000
187.9878,0.000000
188.021167,0.000000
188.054533,0.000000
188.0879,0.000000
188.121267,0.000000
188.154633,0.000000
188.188,0.000059
188.221367,0.000003
188.254733,0.000017
188.2881,0.000008
188.321467,0.000001
188.354833,0.000000
188.3882,0.000000
188.421567,0.000000
188.454933,0.000000
188.4883,0.000000
188.521667,0.000000
188.555033,0.059700
188.5884,0.000017
188.621767,0.000007
188.655133,0.000001
188.6885,0.000000
188.721867,0.000000
188.755233,0.000000
188.7886,0.000000
188.821967,0.000000
188.855333,0.000000
188.8887,0.000000
188.922067,0.000000
188.955433,0.000000
188.9888,0.000000
189.022167,0.000000
189.055533,0.000000
189.0889,0.000000
189.122267,0.000000
189.155633,0.000000
189.189,0.000059
189.222367,0.000003
189.255733,0.000017
189.2891,0.000008
189.322467,0.000001
189.355833,0.000000
189.3892,0.000000
189.422567,0.000000
189.455933,0.000000
189.4893,0.000000
189.522667,0.000000
189.556033,0.000000
189.5894,0.000000
189.622767,0.000000
189.656133,0.000000
189.6895,0.000000
189.722867,0.000000
189.756233,0.000000
189.7896,0.000000
189.822967,0.000000
189.856333,0.000000
189.8897,0.000000
189.923067,0.000000
189.956433,0.000000
189.9898,0.000000
190.023167,0.000000
190.056533,0.000000
190.0899,0.000000
190.123267,0.000000
190.156633,0.000000
190.19,0.000059
190.223367,0.000003
190.256733,0.000017
190.2901,0.000008
190.323467,0.000001
190.356833,0.000000
190.3902,0.000000
190.423567,0.000000
190.456933,0.214491
190.4903,0.000031
190.523667,0.000010
190.557033,0.000004
190.5904,0.000000
190.623767,0.000000
190.657133,0.000000
190.6905,0.000000
190.723867,0.000000
190.757233,0.000000
190.7906,0.000000
190.823967,0.000000
190.857333,0.000000
190.8907,0.000000
190.924067,0.000000
190.957433,0.000000
190.9908,0.000000
191.024167,0.000000
191.057533,0.000000
191.0909,0.000000
191.124267,0.000000
191.157633,0.000000
191.191,0.000055
191.224367,0.000017
191.257733,0.000012
191.2911,0.000006
191.324467,0.000001
191.357833,0.000000
191.3912,0.000000
191.424567,0.000000
191.457933,0.000000
191.4913,0.000000
191.524667,0.000000
191.558033,0.000000
191.5914,0.000000
191.624767,0.000000
191.658133,0.000000
191.6915,0.000000
191.724867,0.000000
191.758233,0.000000
191.7916,0.000000
191.824967,0.000000
191.858333,0.000000
191.8917,0.000000
191.925067,0.000000
191.958433,0.000000
191.9918,0.000000
192.025167,0.000000
192.058533,0.000000
192.0919,0.000000
192.125267,0.000000
192.158633,0.000000
192.192,0.000040
192.225367,0.000002
192.258733,0.000012
192.2921,0.000006
192.325467,0.000001
192.358833,0.000000
192.3922,0.000000
192.425567,0.000000
192.458933,0.000000
192.4923,0.000000
192.525667,0.000000
192.559033,0.000000
192.5924,0.000000
192.625767,0.000000
192.659133,0.000000
192.6925,0.000000
192.725867,0.087111
192.759233,0.000034
192.7926,0.000015
192.825967,0.000004
192.859333,0.000000
192.8927,0.000000
192.926067,0.000000
192.959433,0.000000
192.9928,0.000000
193.026167,0.000000
193.059533,0.000000
193.0929,0.000000
193.126267,0.000000
193.159633,0.000000
193.193,0.000063
193.226367,0.000011
193.259733,0.000020
193.2931,0.000008
193.326467,0.000001
193.359833,0.000000
193.3932,0.000000
193.426567,0.000000
193.459933,0.000000
193.4933,0.000000
193.526667,0.000000
193.560033,0.000000
193.5934,0.000000
193.626767,0.000000
193.660133,0.000000
193.6935,0.000000
193.726867,0.000000
193.760233,0.000000
193.7936,0.000000
193.826967,0.000000
193.860333,0.000000
193.8937,0.000000
193.927067,0.000000
193.960433,0.000000
193.9938,0.000000
194.027167,0.000000
194.060533,0.000000
194.0939,0.000000
194.127267,0.000000
194.160633,0.000000
194.194,0.000054
194.227367,0.000003
194.260733,0.000020
194.2941,0.000008
194.327467,0.000001
194.360833,0.000000
194.3942,0.000000
194.427567,0.000000
194.460933,0.000000
194.4943,0.000000
194.527667,0.000000
194.561033,0.000000
194.5944,0.000000
194.627767,0.000000
194.661133,0.000000
194.6945,0.000000
194.727867,0.000000
194.761233,0.000000
194.7946,0.000000
194.827967,0.000000
194.861333,0.000000
194.8947,0.000000
194.928067,0.000000
194.961433,0.000000
194.9948,0.000000
195.028167,0.000000
195.061533,0.000000
195.0949,0.000000
195.128267,0.000000
195.161633,0.000000
195.195,0.000054
195.228367,0.000003
195.261733,0.000020
195.2951,0.000008
195.328467,0.000001
195.361833,0.000000
195.3952,0.000000
195.428567,0.000000
195.461933,0.000000
195.4953,0.000000
195.528667,0.000000
195.562033,0.000000
195.5954,0.000000
195.628767,0.000000
195.662133,0.000000
195.6955,0.000000
195.728867,0.080702
195.762233,0.064465
195.7956,0.000021
195.828967,0.000009
195.862333,0.000002
195.8957,0.000000
195.929067,0.000000
195.962433,0.000000
195.9958,0.000000
196.029167,0.000000
196.062533,0.000000
196.0959,0.000000
196.129267,0.000000
196.162633,0.000000
196.196,0.000048
196.229367,0.000013
196.262733,0.000011
196.2961,0.000004
196.329467,0.000001
196.362833,0.000000
196.3962,0.000000
196.429567,0.000000
196.462933,0.000000
196.4963,0.000000
196.529667,0.000000
196.563033,0.000000
196.5964,0.000000
196.629767,0.000000
196.663133,0.000000
196.6965,0.000000
196.729867,0.000000
196.763233,0.000000
196.7966,0.000000
196.829967,0.000000
196.863333,0.000000
196.8967,0.000000
196.930067,0.000000
196.963433,0.000000
196.9968,0.000000
197.030167,0.000000
197.063533,0.000000
197.0969,0.000000
197.130267,0.000000
197.163633,0.000000
197.197,0.000036
197.230367,0.000001
197.263733,0.000011
197.2971,0.000004
197.330467,0.000001
197.363833,0.095412
197.3972,0.000017
197.430567,0.000008
197.463933,0.000002
197.4973,0.000000
197.530667,0.000000
197.564033,0.000000
197.5974,0.000000
197.630767,0.000000
197.664133,0.000000
197.6975,0.000000
197.730867,0.000000
197.764233,0.000000
197.7976,0.000000
197.830967,0.000000
197.864333,0.000000
197.8977,0.000000
197.931067,0.000000
197.964433,0.000000
197.9978,0.000000
198.031167,0.000000
198.064533,0.000000
198.0979,0.000000
198.131267,0.000000
198.164633,0.000000
198.198,0.000042
198.231367,0.000004
198.264733,0.000011
198.2981,0.000005
198.331467,0.000000
198.364833,0.000000
198.3982,0.000000
198.431567,0.000000
198.464933,0.000000
198.4983,0.000000
198.531667,0.000000
198.565033,0.000000
198.5984,0.000000
198.631767,0.000000
198.665133,0.000000
198.6985,0.000000
198.731867,0.000000
198.765233,0.000000
198.7986,0.000000
198.831967,0.000000
198.865333,0.000000
198.8987,0.000000
198.932067,0.000000
198.965433,0.000000
198.9988,0.000000
199.032167,0.000000
199.065533,0.000000
199.0989,0.000000
199.132267,0.000000
199.165633,0.000000
199.199,0.000039
199.232367,0.000002
199.265733,0.000011
199.2991,0.000005
199.332467,0.000000
199.365833,0.000000
199.3992,0.000000
199.432567,0.000000
199.465933,0.000000
199.4993,0.000000
199.532667,0.152313
199.566033,0.000016
199.5994,0.000007
199.632767,0.000002
199.666133,0.000000
199.6995,0.000000
199.732867,0.000000
199.766233,0.000000
199.7996,0.000000
199.832967,0.000000
199.866333,0.000000
199.8997,0.000000
199.933067,0.000000
199.966433,0.000000
199.9998,0.000000
200.033167,0.000000
200.066533,0.000000
200.0999,0.000000
200.133267,0.000000
200.166633,0.000000
200.2,0.000030
200.233367,0.000005
200.266733,0.000009
200.3001,0.000004
200.333467,0.000000
200.366833,0.000000
200.4002,0.000000
200.433567,0.000000
200.466933,0.000000
200.5003,0.000000
200.533667,0.000000
200.567033,0.000000
200.6004,0.000000
200.633767,0.000000
200.667133,0.000000
200.7005,0.000000
200.733867,0.000000
200.767233,0.030524
200.8006,0.000040
200.833967,0.000005
200.867333,0.000003
200.9007,0.000002
200.934067,0.000001
200.967433,0.000001
201.0008,0.000000
201.034167,0.000001
201.067533,0.000002
201.1009,0.000013
201.134267,0.000002
201.167633,0.000001
201.201,0.000030
201.234367,0.000000
201.267733,0.000012
201.3011,0.000009
201.334467,0.000002
201.367833,0.000002
201.4012,0.000008
201.434567,0.000006
201.467933,0.000005
201.5013,0.000003
201.534667,0.000001
201.568033,0.000004
201.6014,0.000004
201.634767,0.000003
201.668133,0.000000
201.7015,0.000002
201.734867,0.000001
201.768233,0.000004
201.8016,0.000001
201.834967,0.000000
201.868333,0.000002
201.9017,0.000007
201.935067,0.000000
201.968433,0.000000
202.0018,0.000000
202.035167,0.000001
202.068533,0.000005
202.1019,0.000000
202.135267,0.000003
202.168633,0.000001
202.202,0.000044
202.235367,0.000105
202.268733,0.000032
202.3021,0.000030
202.335467,0.000002
202.368833,0.000010
202.4022,0.000005
202.435567,0.000005
202.468933,0.000013
202.5023,0.000003
202.535667,0.000006
202.569033,0.000034
202.6024,0.000013
202.635767,0.038179
202.669133,0.000012
202.7025,0.000005
202.735867,0.000001
202.769233,0.000000
202.8026,0.000000
202.835967,0.000000
202.869333,0.000000
202.9027,0.000000
202.936067,0.000000
202.969433,0.000000
203.0028,0.000000
203.036167,0.000000
203.069533,0.000000
203.1029,0.000000
203.136267,0.000000
203.169633,0.000000
203.203,0.000029
203.236367,0.000004
203.269733,0.000007
203.3031,0.000003
203.336467,0.000000
203.369833,0.000000
203.4032,0.000000
203.436567,0.000000
203.469933,0.000000
203.5033,0.000000
203.536667,0.000000
203.570033,0.000000
203.6034,0.000000
203.636767,0.000000
203.670133,0.000000
203.7035,0.000000
203.736867,0.000000
203.770233,0.000000
203.8036,0.000000
203.836967,0.000000
203.870333,0.000000
203.9037,0.000000
203.937067,0.042916
203.970433,0.000008
204.0038,0.000004
204.037167,0.000001
204.070533,0.000000
204.1039,0.000000
204.137267,0.000000
204.170633,0.000000
204.204,0.000024
204.237367,0.000002
204.270733,0.000007
204.3041,0.000003
204.337467,0.000000
204.370833,0.000000
204.4042,0.000000
204.437567,0.000000
204.470933,0.000000
204.5043,0.000000
204.537667,0.000000
204.571033,0.000000
204.6044,0.000000
204.637767,0.000000
204.671133,0.000000
204.7045,0.000000
204.737867,0.000000
204.771233,0.000000
204.8046,0.000000
204.837967,0.000000
204.871333,0.000000
204.9047,0.000000
204.938067,0.000000
204.971433,0.000000
205.0048,0.000000
205.038167,0.000000
205.071533,0.000000
205.1049,0.000000
205.138267,0.000000
205.171633,0.000000
205.205,0.000023
205.238367,0.000001
205.271733,0.000007
205.3051,0.000003
205.338467,0.000000
205.371833,0.000000
205.4052,0.000000
205.438567,0.000000
205.471933,0.000000
205.5053,0.000000
205.538667,0.000000
205.572033,0.000000
205.6054,0.000000
205.638767,0.000000
205.672133,0.000000
205.7055,0.000000
205.738867,0.000000
205.772233,0.000000
205.8056,0.000000
205.838967,0.000000
205.872333,0.046129
205.9057,0.000010
205.939067,0.000005
205.972433,0.000001
206.0058,0.000000
206.039167,0.000000
206.072533,0.000000
206.1059,0.000000
206.139267,0.000000
206.172633,0.000000
206.206,0.000028
206.239367,0.000005
206.272733,0.000007
206.3061,0.000004
206.339467,0.000000
206.372833,0.000000
206.4062,0.000000
206.439567,0.000000
206.472933,0.000000
206.5063,0.000000
206.539667,0.000000
206.573033,0.000000
206.6064,0.000000
206.639767,0.000000
206.673133,0.000000
206.7065,0.000000
206.739867,0.000000
206.773233,0.000000
206.8066,0.000000
206.839967,0.000000
206.873333,0.000000
206.9067,0.000000
206.940067,0.000000
206.973433,0.000000
207.0068,0.000000
207.040167,0.000000
207.073533,0.000000
207.1069,0.000000
207.140267,0.000000
207.173633,0.000000
207.207,0.000025
207.240367,0.000001
207.273733,0.000007
207.3071,0.000004
207.340467,0.000000
207.373833,0.000000
207.4072,0.000000
207.440567,0.000000
207.473933,0.000000
207.5073,0.000000
207.540667,0.000000
207.574033,0.000000
207.6074,0.000000
207.640767,0.000000
207.674133,0.000000
207.7075,0.000000
207.740867,0.000000
207.774233,0.000000
207.8076,0.000000
207.840967,0.000000
207.874333,0.000000
207.9077,0.000000
207.941067,0.000000
207.974433,0.000000
208.0078,0.000000
208.041167,0.000000
208.074533,0.061010
208.1079,0.000057
208.141267,0.000050
208.174633,0.000003
208.208,0.000042
208.241367,0.000025
208.274733,0.000040
208.3081,0.000033
208.341467,0.000002
208.374833,0.000042
208.4082,0.000004
208.441567,0.000007
208.474933,0.000003
208.5083,0.000008
208.541667,0.000029
208.575033,0.000001
208.6084,0.000012
208.641767,0.000001
208.675133,0.000020
208.7085,0.000016
208.741867,0.000002
208.775233,0.000018
208.8086,0.000000
208.841967,0.000029
208.875333,0.000013
208.9087,0.000011
208.942067,0.000011
208.975433,0.000000
209.0088,0.000033
209.042167,0.000008
209.075533,0.000010
209.1089,0.000016
209.142267,0.000013
209.175633,0.000006
209.209,0.000027
209.242367,0.046244
209.275733,0.000020
209.3091,0.000007
209.342467,0.000002
209.375833,0.000000
209.4092,0.000000
209.442567,0.000000
209.475933,0.000000
209.5093,0.000000
209.542667,0.000000
209.576033,0.000000
209.6094,0.000000
209.642767,0.000000
209.676133,0.000000
209.7095,0.000000
209.742867,0.000000
209.776233,0.000000
209.8096,0.000000
209.842967,0.000000
209.876333,0.000000
209.9097,0.000000
209.943067,0.000000
209.976433,0.000000
210.0098,0.000000
210.043167,0.000000
210.076533,0.000000
210.1099,0.000000
210.143267,0.000000
210.176633,0.000000
210.21,0.000033
210.243367,0.000003
210.276733,0.000010
210.3101,0.000004
210.343467,0.000000
210.376833,0.000000
210.4102,0.000000
210.443567,0.000000
210.476933,0.000000
210.5103,0.000000
210.543667,0.000000
210.577033,0.000000
210.6104,0.000000
210.643767,0.000000
210.677133,0.000000
210.7105,0.000000
210.743867,0.000000
210.777233,0.000000
210.8106,0.000000
210.843967,0.000000
210.877333,0.000000
210.9107,0.000000
210.944067,0.000000
210.977433,0.000000
211.0108,0.000000
211.044167,0.000000
211.077533,0.057012
211.1109,0.000009
211.144267,0.000005
211.177633,0.000000
211.211,0.000028
211.244367,0.000004
211.277733,0.000008
211.3111,0.000003
211.344467,0.000000
211.377833,0.000000
211.4112,0.000000
211.444567,0.000000
211.477933,0.000000
211.5113,0.000000
211.544667,0.000000
211.578033,0.000000
211.6114,0.000000
211.644767,0.000000
211.678133,0.000000
211.7115,0.000000
211.744867,0.000000
211.778233,0.000000
211.8116,0.057809
211.844967,0.000018
211.878333,0.000008
211.9117,0.000002
211.945067,0.000000
211.978433,0.000000
212.0118,0.000000
212.045167,0.000000
212.078533,0.000000
212.1119,0.000000
212.145267,0.000000
212.178633,0.000000
212.212,0.000040
212.245367,0.000009
212.278733,0.000011
212.3121,0.000004
212.345467,0.000001
212.378833,0.000000
212.4122,0.000000
212.445567,0.000000
212.478933,0.000000
212.5123,0.000000
212.545667,0.000000
212.579033,0.000000
212.6124,0.000000
212.645767,0.000000
212.679133,0.000000
212.7125,0.000000
212.745867,0.000000
212.779233,0.000000
212.8126,0.000000
212.845967,0.000000
212.879333,0.000000
212.9127,0.000000
212.946067,0.000000
212.979433,0.000000
213.0128,0.000000
213.046167,0.000000
213.079533,0.000000
213.1129,0.000000
213.146267,0.000000
213.179633,0.000000
213.213,0.000033
213.246367,0.000002
213.279733,0.000011
213.3131,0.000004
213.346467,0.000001
213.379833,0.000000
213.4132,0.000000
213.446567,0.000000
213.479933,0.000000
213.5133,0.000000
213.546667,0.000000
213.580033,0.000000
213.6134,0.000000
213.646767,0.000000
213.680133,0.000000
213.7135,0.054514
213.746867,0.000013
213.780233,0.000005
213.8136,0.000001
213.846967,0.000000
213.880333,0.000000
213.9137,0.000000
213.947067,0.000000
213.980433,0.000000
214.0138,0.000000
214.047167,0.000000
214.080533,0.000000
214.1139,0.000000
214.147267,0.000000
214.180633,0.000000
214.214,0.000028
214.247367,0.000002
214.280733,0.000008
214.3141,0.000003
214.347467,0.000000
214.380833,0.000000
214.4142,0.000000
214.447567,0.000000
214.480933,0.000000
214.5143,0.000000
214.547667,0.000000
214.581033,0.000000
214.6144,0.000000
214.647767,0.000000
214.681133,0.000000
214.7145,0.000000
214.747867,0.000000
214.781233,0.000000
214.8146,0.000000
214.847967,0.000000
214.881333,0.000000
214.9147,0.000000
214.948067,0.000000
214.981433,0.024168
215.0148,0.000011
215.048167,0.000006
215.081533,0.000001
215.1149,0.000000
215.148267,0.000000
215.181633,0.000000
215.215,0.000031
215.248367,0.000005
215.281733,0.000008
215.3151,0.000003
215.348467,0.000000
215.381833,0.000000
215.4152,0.000000
215.448567,0.000000
215.481933,0.000000
215.5153,0.000000
215.548667,0.000000
215.582033,0.000000
215.6154,0.000000
215.648767,0.000000
215.682133,0.000000
215.7155,0.000000
215.748867,0.000000
215.782233,0.000000
215.8156,0.000000
215.848967,0.000000
215.882333,0.000000
215.9157,0.000000
215.949067,0.000000
215.982433,0.000000
216.0158,0.000000
216.049167,0.000000
216.082533,0.000000
216.1159,0.044368
216.149267,0.000010
216.182633,0.000005
216.216,0.000026
216.249367,0.000002
216.282733,0.000008
216.3161,0.000004
216.349467,0.000000
216.382833,0.000000
216.4162,0.000000
216.449567,0.000000
216.482933,0.000000
216.5163,0.000000
216.549667,0.000000
216.583033,0.000000
216.6164,0.000000
216.649767,0.000000
216.683133,0.000000
216.7165,0.000000
216.749867,0.000000
216.783233,0.000000
216.8166,0.000000
216.849967,0.000000
216.883333,0.000000
216.9167,0.000000
216.950067,0.000000
216.983433,0.000000
217.0168,0.000000
217.050167,0.000000
217.083533,0.000000
217.1169,0.000000
217.150267,0.000000
217.183633,0.000000
217.217,0.000027
217.250367,0.000001
217.283733,0.000008
217.3171,0.000004
217.350467,0.000000
217.383833,0.000000
217.4172,0.000000
217.450567,0.000000
217.483933,0.000000
217.5173,0.000000
217.550667,0.000000
217.584033,0.000000
217.6174,0.000000
217.650767,0.000000
217.684133,0.000000
217.7175,0.000000
217.750867,0.000000
217.784233,0.000000
217.8176,0.000000
217.850967,0.000000
217.884333,0.000000
217.9177,0.000000
217.951067,0.000000
217.984433,0.000000
218.0178,0.000000
218.051167,0.000000
218.084533,0.000000
218.1179,0.000000
218.151267,0.000000
218.184633,0.000000
218.218,0.052506
218.251367,0.000043
218.284733,0.000013
218.3181,0.000005
218.351467,0.000001
218.384833,0.000000
218.4182,0.000000
218.451567,0.000000
218.484933,0.000000
218.5183,0.000000
218.551667,0.000000
218.585033,0.000000
218.6184,0.000000
218.651767,0.000000
218.685133,0.000000
218.7185,0.000000
218.751867,0.000000
218.785233,0.000000
218.8186,0.000000
218.851967,0.000000
218.885333,0.000000
218.9187,0.000000
218.952067,0.000000
218.985433,0.000000
219.0188,0.000000
219.052167,0.000000
219.085533,0.000000
219.1189,0.000000
219.152267,0.000000
219.185633,0.000000
219.219,0.000037
219.252367,0.000001
219.285733,0.000013
219.3191,0.000005
219.352467,0.000001
219.385833,0.000000
219.4192,0.000000
219.452567,0.000000
219.485933,0.000000
219.5193,0.000000
219.552667,0.000000
219.586033,0.000000
219.6194,0.000000
219.652767,0.000000
219.686133,0.000000
219.7195,0.000000
219.752867,0.000000
219.786233,0.000000
219.8196,0.000000
219.852967,0.000000
219.886333,0.000000
219.9197,0.000000
219.953067,0.000000
219.986433,0.000000
220.0198,0.000000
220.053167,0.000000
220.086533,0.000000
220.1199,0.000000
220.153267,0.054185
220.186633,0.000015
220.22,0.000021
220.253367,0.000002
220.286733,0.000010
220.3201,0.000004
220.353467,0.000000
220.386833,0.000000
220.4202,0.000000
220.453567,0.000000
220.486933,0.000000
220.5203,0.000000
220.553667,0.000000
220.587033,0.000000
220.6204,0.000000
220.653767,0.000000
220.687133,0.000000
220.7205,0.000000
220.753867,0.000000
220.787233,0.000000
220.8206,0.000000
220.853967,0.000000
220.887333,0.000000
220.9207,0.000000
220.954067,0.000000
220.987433,0.000000
221.0208,0.000000
221.054167,0.000000
221.087533,0.000000
221.1209,0.000000
221.154267,0.000000
221.187633,0.000000
221.221,0.000030
221.254367,0.000001
221.287733,0.000010
221.3211,0.000004
221.354467,0.000000
221.387833,0.000000
221.4212,0.000000
221.454567,0.000000
221.487933,0.000000
221.5213,0.000000
221.554667,0.000000
221.588033,0.000000
221.6214,0.000000
221.654767,0.000000
221.688133,0.000000
221.7215,0.000000
221.754867,0.000000
221.788233,0.000000
221.8216,0.000000
221.854967,0.000000
221.888333,0.000000
221.9217,0.000000
221.955067,0.000000
221.988433,0.055915
222.0218,0.001904
222.055167,0.000713
222.088533,0.000175
222.1219,0.000093
222.155267,0.000216
222.188633,0.000030
222.222,0.000044
222.255367,0.000011
222.288733,0.000049
222.3221,0.000005
222.355467,0.000017
222.388833,0.000017
222.4222,0.000000
222.455567,0.000017
222.488933,0.000017
222.5223,0.000000
222.555667,0.000017
222.589033,0.000017
222.6224,0.000000
222.655767,0.000017
222.689133,0.000017
222.7225,0.000000
222.755867,0.000000
222.789233,0.000017
222.8226,0.000017
222.855967,0.000000
222.889333,0.000017
222.9227,0.000017
222.956067,0.000000
222.989433,0.000017
223.0228,0.000017
223.056167,0.000000
223.089533,0.000017
223.1229,0.000017
223.156267,0.000000
223.189633,0.000017
223.223,0.000023
223.256367,0.000002
223.289733,0.000015
223.3231,0.000022
223.356467,0.000001
223.389833,0.000017
223.4232,0.000017
223.456567,0.000000
223.489933,0.000017
223.5233,0.000017
223.556667,0.000000
223.590033,0.000017
223.6234,0.000017
223.656767,0.000000
223.690133,0.000017
223.7235,0.000017
223.756867,0.000000
223.790233,0.000017
223.8236,0.000017
223.856967,0.000000
223.890333,0.000017
223.9237,0.000017
223.957067,0.000000
223.990433,0.000017
224.0238,0.000017
224.057167,0.000000
224.090533,0.000017
224.1239,0.000017
224.157267,0.000000
224.190633,0.000000
224.224,0.000057
224.257367,0.000019
224.290733,0.000032
224.3241,0.000012
224.357467,0.000018
224.390833,0.000000
224.4242,0.000017
224.457567,0.000017
224.490933,0.000000
224.5243,0.000017
224.557667,0.000017
224.591033,0.000000
224.6244,0.000017
224.657767,0.000017
224.691133,0.000000
224.7245,0.000017
224.757867,0.000017
224.791233,0.000000
224.8246,0.000017
224.857967,0.061236
224.891333,0.000018
224.9247,0.000008
224.958067,0.000001
224.991433,0.000000
225.0248,0.000000
225.058167,0.000000
225.091533,0.000000
225.1249,0.000000
225.158267,0.000000
225.191633,0.000000
225.225,0.000034
225.258367,0.000002
225.291733,0.000011
225.3251,0.000004
225.358467,0.000000
225.391833,0.000000
225.4252,0.000000
225.458567,0.000000
225.491933,0.000000
225.5253,0.000000
225.558667,0.000000
225.592033,0.000000
225.6254,0.000000
225.658767,0.000000
225.692133,0.000000
225.7255,0.000000
225.758867,0.000000
225.792233,0.000000
225.8256,0.000000
225.858967,0.000000
225.892333,0.000000
225.9257,0.000000
225.959067,0.000000
225.992433,0.000000
226.0258,0.000000
226.059167,0.000000
226.092533,0.000000
226.1259,0.000000
226.159267,0.000000
226.192633,0.000000
226.226,0.000032
226.259367,0.000001
226.292733,0.000011
226.3261,0.000004
226.359467,0.000000
226.392833,0.000000
226.4262,0.000000
226.459567,0.000000
226.492933,0.000000
226.5263,0.000000
226.559667,0.000000
226.593033,0.000000
226.6264,0.000000
226.659767,0.000000
226.693133,0.000000
226.7265,0.000000
226.759867,0.000000
226.793233,0.033516
226.8266,0.000098
226.859967,0.000017
226.893333,0.000001
226.9267,0.000003
226.960067,0.000003
226.993433,0.000000
227.0268,0.000004
227.060167,0.000005
227.093533,0.000002
227.1269,0.000008
227.160267,0.000002
227.193633,0.000003
227.227,0.000039
227.260367,0.000010
227.293733,0.000025
227.3271,0.000004
227.360467,0.000003
227.393833,0.000002
227.4272,0.000000
227.460567,0.000000
227.493933,0.000000
227.5273,0.000000
227.560667,0.000000
227.594033,0.000002
227.6274,0.000003
227.660767,0.000000
227.694133,0.000000
227.7275,0.000000
227.760867,0.000000
227.794233,0.000000
227.8276,0.000003
227.860967,0.000003
227.894333,0.000000
227.9277,0.000000
227.961067,0.000000
227.994433,0.000000
228.0278,0.000003
228.061167,0.000003
228.094533,0.000000
228.1279,0.000000
228.161267,0.000000
228.194633,0.000000
228.228,0.000032
228.261367,0.000004
228.294733,0.000023
228.3281,0.000004
228.361467,0.042655
228.394833,0.000019
228.4282,0.000008
228.461567,0.000001
228.494933,0.000000
228.5283,0.000000
228.561667,0.000000
228.595033,0.000000
228.6284,0.000000
228.661767,0.000000
228.695133,0.000000
228.7285,0.000000
228.761867,0.000000
228.795233,0.000000
228.8286,0.000000
228.861967,0.000000
228.895333,0.000000
228.9287,0.000000
228.962067,0.000000
228.995433,0.000000
229.0288,0.000000
229.062167,0.000000
229.095533,0.000000
229.1289,0.000000
229.162267,0.000000
229.195633,0.000000
229.229,0.000048
229.262367,0.000014
229.295733,0.000012
229.3291,0.000005
229.362467,0.000000
229.395833,0.000000
229.4292,0.000000
229.462567,0.000000
229.495933,0.000000
229.5293,0.000000
229.562667,0.000000
229.596033,0.000000
229.6294,0.000000
229.662767,0.000000
229.696133,0.000000
229.7295,0.000000
229.762867,0.000000
229.796233,0.000000
229.8296,0.000000
229.862967,0.000000
229.896333,0.000000
229.9297,0.000000
229.963067,0.000000
229.996433,0.000000
230.0298,0.000000
230.063167,0.000000
230.096533,0.000000
230.1299,0.000000
230.163267,0.000000
230.196633,0.000000
230.23,0.000035
230.263367,0.000001
230.296733,0.000012
230.3301,0.000005
230.363467,0.000000
230.396833,0.000000
230.4302,0.000000
230.463567,0.051596
230.496933,0.000007
230.5303,0.000003
230.563667,0.000000
230.597033,0.000000
230.6304,0.000000
230.663767,0.000000
230.697133,0.000000
230.7305,0.000000
230.763867,0.000000
230.797233,0.000000
230.8306,0.000000
230.863967,0.000000
230.897333,0.000000
230.9307,0.000000
230.964067,0.000000
230.997433,0.000000
231.0308,0.000000
231.064167,0.000000
231.097533,0.000000
231.1309,0.000000
231.164267,0.000000
231.197633,0.000000
231.231,0.000025
231.264367,0.000001
231.297733,0.000007
231.3311,0.000003
231.364467,0.000000
231.397833,0.000000
231.4312,0.000000
231.464567,0.000000
231.497933,0.000000
231.5313,0.000000
231.564667,0.000000
231.598033,0.085963
231.6314,0.000024
231.664767,0.000010
231.698133,0.000002
231.7315,0.000001
231.764867,0.000000
231.798233,0.000000
231.8316,0.000000
231.864967,0.000000
231.898333,0.000000
231.9317,0.000000
231.965067,0.000000
231.998433,0.000000
232.0318,0.000000
232.065167,0.000000
232.098533,0.000000
232.1319,0.000000
232.165267,0.000000
232.198633,0.000000
232.232,0.000041
232.265367,0.000002
232.298733,0.000013
232.3321,0.000005
232.365467,0.000001
232.398833,0.000000
232.4322,0.000000
232.465567,0.000000
232.498933,0.000000
232.5323,0.000000
232.565667,0.000000
232.599033,0.000000
232.6324,0.000000
232.665767,0.000000
232.699133,0.000000
232.7325,0.000000
232.765867,0.000000
232.799233,0.000000
232.8326,0.000000
232.865967,0.000000
232.899333,0.000000
232.9327,0.000000
232.966067,0.000000
232.999433,0.000000
233.0328,0.000000
233.066167,0.000000
233.099533,0.000000
233.1329,0.000000
233.166267,0.000000
233.199633,0.000000
233.233,0.000040
233.266367,0.000002
233.299733,0.000013
233.3331,0.000005
233.366467,0.000001
233.399833,0.000000
233.4332,0.000000
233.466567,0.000000
233.499933,0.000000
233.5333,0.000000
233.566667,0.000000
233.600033,0.000000
233.6334,0.000000
233.666767,0.000000
233.700133,0.000000
233.7335,0.000000
233.766867,0.000000
233.800233,0.000000
233.8336,0.000000
233.866967,0.000000
233.900333,0.000000
233.9337,0.000000
233.967067,0.000000
234.000433,0.000000
234.0338,0.000000
234.067167,0.000000
234.100533,0.000000
234.1339,0.000000
234.167267,0.058028
234.200633,0.000018
234.234,0.000024
234.267367,0.000003
234.300733,0.000010
234.3341,0.000004
234.367467,0.000000
234.400833,0.000000
234.4342,0.000000
234.467567,0.000000
234.500933,0.000000
234.5343,0.000000
234.567667,0.000000
234.601033,0.000000
234.6344,0.000000
234.667767,0.000000
234.701133,0.000000
234.7345,0.000000
234.767867,0.000000
234.801233,0.000000
234.8346,0.000000
234.867967,0.000000
234.901333,0.000000
234.9347,0.000000
234.968067,0.000000
235.001433,0.000000
235.0348,0.000000
235.068167,0.000000
235.101533,0.000000
235.1349,0.000000
235.168267,0.000000
235.201633,0.000000
235.235,0.000035
235.268367,0.000002
235.301733,0.000010
235.3351,0.000004
235.368467,0.000000
235.401833,0.000000
235.4352,0.000000
235.468567,0.000000
235.501933,0.000000
235.5353,0.000000
235.568667,0.000000
235.602033,0.000000
235.6354,0.000000
235.668767,0.000000
235.702133,0.000000
235.7355,0.000000
235.768867,0.000000
235.802233,0.000000
235.8356,0.000000
235.868967,0.000000
235.902333,0.000000
235.9357,0.000000
235.969067,0.000000
236.002433,0.000000
236.0358,0.000000
236.069167,0.000000
236.102533,0.000000
236.1359,0.000000
236.169267,0.000000
236.202633,0.000000
236.236,0.000035
236.269367,0.000002
236.302733,0.000010
236.3361,0.000004
236.369467,0.000000
236.402833,0.000000
236.4362,0.000000
236.469567,0.000000
236.502933,0.000000
236.5363,0.000000
236.569667,0.000000
236.603033,0.000000
236.6364,0.000000
236.669767,0.000000
236.703133,0.046434
236.7365,0.000009
236.769867,0.000005
236.803233,0.000001
236.8366,0.000000
236.869967,0.000000
236.903333,0.000000
236.9367,0.000000
236.970067,0.000000
237.003433,0.000000
237.0368,0.000000
237.070167,0.000000
237.103533,0.000000
237.1369,0.000000
237.170267,0.000000
237.203633,0.000000
237.237,0.000031
237.270367,0.000004
237.303733,0.000008
237.3371,0.000004
237.370467,0.000000
237.403833,0.000000
237.4372,0.000000
237.470567,0.000000
237.503933,0.000000
237.5373,0.000000
237.570667,0.000000
237.604033,0.000000
237.6374,0.000000
237.670767,0.000000
237.704133,0.000000
237.7375,0.000000
237.770867,0.000000
237.804233,0.000000
237.8376,0.000000
237.870967,0.000000
237.904333,0.000000
237.9377,0.000000
237.971067,0.000000
238.004433,0.000000
238.0378,0.000000
238.071167,0.000000
238.104533,0.000000
238.1379,0.000000
238.171267,0.000000
238.204633,0.000000
238.238,0.000028
238.271367,0.000001
238.304733,0.000008
238.3381,0.000004
238.371467,0.000000
238.404833,0.000000
238.4382,0.000000
238.471567,0.000000
238.504933,0.060674
238.5383,0.000010
238.571667,0.000005
238.605033,0.000001
238.6384,0.000000
238.671767,0.000000
238.705133,0.000000
238.7385,0.000000
238.771867,0.000000
238.805233,0.000000
238.8386,0.000000
238.871967,0.000000
238.905333,0.000000
238.9387,0.000000
238.972067,0.000000
239.005433,0.000000
239.0388,0.000000
239.072167,0.000000
239.105533,0.000000
239.1389,0.000000
239.172267,0.000000
239.205633,0.000000
239.239,0.000028
239.272367,0.000002
239.305733,0.081360
239.3391,0.000021
239.372467,0.000009
239.405833,0.000002
239.4392,0.000000
239.472567,0.000000
239.505933,0.000000
239.5393,0.000000
239.572667,0.000000
239.606033,0.000000
239.6394,0.000000
239.672767,0.000000
239.706133,0.000000
239.7395,0.000000
239.772867,0.000000
239.806233,0.000000
239.8396,0.000000
239.872967,0.000000
239.906333,0.000000
239.9397,0.000000
239.973067,0.000000
240.006433,0.000000
240.0398,0.000000
240.073167,0.000000
240.106533,0.000000
240.1399,0.000000
240.173267,0.000000
240.206633,0.000000
240.24,0.000045
240.273367,0.000008
240.306733,0.000012
240.3401,0.000005
240.373467,0.000000
240.406833,0.000000
240.4402,0.000000
240.473567,0.000000
240.506933,0.000000
240.5403,0.000000
240.573667,0.000000
240.607033,0.000000
240.6404,0.000000
240.673767,0.000000
240.707133,0.000000
240.7405,0.000000
240.773867,0.000000
240.807233,0.000000
240.8406,0.000000
240.873967,0.000000
240.907333,0.000000
240.9407,0.000000
240.974067,0.000000
241.007433,0.000000
241.0408,0.000000
241.074167,0.000000
241.107533,0.000000
241.1409,0.000000
241.174267,0.000000
241.207633,0.000000
241.241,0.000224
241.274367,0.000063
241.307733,0.000098
241.3411,0.000007
241.374467,0.000003
241.407833,0.000005
241.4412,0.000005
241.474567,0.000005
241.507933,0.000002
241.5413,0.000003
241.574667,0.000002
241.608033,0.000002
241.6414,0.000001
241.674767,0.000069
241.708133,0.058930
241.7415,0.000227
241.774867,0.000003
241.808233,0.000006
241.8416,0.000060
241.874967,0.000075
241.908333,0.000002
241.9417,0.000061
241.975067,0.000073
242.008433,0.000008
242.0418,0.000062
242.075167,0.000074
242.108533,0.000062
242.1419,0.000076
242.175267,0.000043
242.208633,0.000055
242.242,0.000137
242.275367,0.000012
242.308733,0.000027
242.3421,0.000004
242.375467,0.000000
242.408833,0.000000
242.4422,0.000000
242.475567,0.000000
242.508933,0.000000
242.5423,0.000003
242.575667,0.000003
242.609033,0.000000
242.6424,0.000601
242.675767,0.000025
242.709133,0.000032
242.7425,0.000141
242.775867,0.000094
242.809233,0.000000
242.8426,0.000003
242.875967,0.000003
242.909333,0.000000
242.9427,0.000000
242.976067,0.000000
243.009433,0.000000
243.0428,0.000000
243.076167,0.000000
243.109533,0.000000
243.1429,0.000000
243.176267,0.000003
243.209633,0.000003
243.243,0.000036
243.276367,0.000002
243.309733,0.000028
243.3431,0.000004
243.376467,0.000001
243.409833,0.000000
243.4432,0.000000
243.476567,0.000000
243.509933,0.000003
243.5433,0.000003
243.576667,0.000000
243.610033,0.000000
243.6434,0.058707
243.676767,0.000021
243.710133,0.000010
243.7435,0.000002
243.776867,0.000000
243.810233,0.000000
243.8436,0.000000
243.876967,0.000000
243.910333,0.000000
243.9437,0.000000
243.977067,0.000000
244.010433,0.000000
244.0438,0.000000
244.077167,0.000000
244.110533,0.000000
244.1439,0.000000
244.177267,0.000000
244.210633,0.000000
244.244,0.000042
244.277367,0.000005
244.310733,0.000013
244.3441,0.000005
244.377467,0.000001
244.410833,0.000000
244.4442,0.000000
244.477567,0.000000
244.510933,0.000000
244.5443,0.000000
244.577667,0.000000
244.611033,0.000000
244.6444,0.000000
244.677767,0.000000
244.711133,0.000000
244.7445,0.000000
244.777867,0.000000
244.811233,0.000000
244.8446,0.000000
244.877967,0.000000
244.911333,0.000000
244.9447,0.000000
244.978067,0.000000
245.011433,0.000000
245.0448,0.000000
245.078167,0.000000
245.111533,0.000000
245.1449,0.000000
245.178267,0.000000
245.211633,0.000000
245.245,0.000038
245.278367,0.000002
245.311733,0.000013
245.3451,0.000005
245.378467,0.000001
245.411833,0.000000
245.4452,0.000000
245.478567,0.000000
245.511933,0.000000
245.5453,0.000000
245.578667,0.000000
245.612033,0.000000
245.6454,0.000000
245.678767,0.000000
245.712133,0.000000
245.7455,0.000000
245.778867,0.000000
245.812233,0.000000
245.8456,0.000000
245.878967,0.000000
245.912333,0.000000
245.9457,0.000000
245.979067,0.000000
246.012433,0.000000
246.0458,0.000000
246.079167,0.000000
246.112533,0.000000
246.1459,0.000000
246.179267,0.000000
246.212633,0.000000
246.246,0.000038
246.279367,0.000002
246.312733,0.000013
246.3461,0.000005
246.379467,0.106394
246.412833,0.000015
246.4462,0.000004
246.479567,0.000000
246.512933,0.000002
246.5463,0.000001
246.579667,0.000001
246.613033,0.000000
246.6464,0.000002
246.679767,0.000001
246.713133,0.000006
246.7465,0.000010
246.779867,0.000001
246.813233,0.000003
246.8466,0.000003
246.879967,0.000010
246.913333,0.000006
246.9467,0.000001
246.980067,0.000005
247.013433,0.000005
247.0468,0.000002
247.080167,0.000002
247.113533,0.000005
247.1469,0.000001
247.180267,0.000000
247.213633,0.000005
247.247,0.000021
247.280367,0.000002
247.313733,0.000018
247.3471,0.000014
247.380467,0.000006
247.413833,0.000001
247.4472,0.000004
247.480567,0.000005
247.513933,0.000002
247.5473,0.000000
247.580667,0.000006
247.614033,0.000012
247.6474,0.000008
247.680767,0.000004
247.714133,0.000002
247.7475,0.000000
247.780867,0.041367
247.814233,0.000011
247.8476,0.000005
247.880967,0.000001
247.914333,0.000000
247.9477,0.000000
247.981067,0.000000
248.014433,0.000000
248.0478,0.000000
248.081167,0.000000
248.114533,0.000000
248.1479,0.000000
248.181267,0.000000
248.214633,0.000000
248.248,0.000031
248.281367,0.000003
248.314733,0.000009
248.3481,0.000004
248.381467,0.000001
248.414833,0.000000
248.4482,0.000000
248.481567,0.000000
248.514933,0.000000
248.5483,0.000000
248.581667,0.000000
248.615033,0.000000
248.6484,0.000000
248.681767,0.000000
248.715133,0.000000
248.7485,0.000000
248.781867,0.000000
248.815233,0.000000
248.8486,0.000000
248.881967,0.000000
248.915333,0.000000
248.9487,0.000000
248.982067,0.000000
249.015433,0.000000
249.0488,0.000000
249.082167,0.000000
249.115533,0.000000
249.1489,0.000000
249.182267,0.000000
249.215633,0.000000
249.249,0.000029
249.282367,0.000002
249.315733,0.000009
249.3491,0.000004
249.382467,0.000001
249.415833,0.000000
249.4492,0.000000
249.482567,0.000000
249.515933,0.000000
249.5493,0.000000
249.582667,0.000000
249.616033,0.000000
249.6494,0.000000
249.682767,0.000000
249.716133,0.000000
249.7495,0.000000
249.782867,0.043770
249.816233,0.000021
249.8496,0.000010
249.882967,0.000002
249.916333,0.000000
249.9497,0.000000
249.983067,0.000000
250.016433,0.000000
250.0498,0.000000
250.083167,0.000000
250.116533,0.000000
250.1499,0.000000
250.183267,0.000000
250.216633,0.000000
250.25,0.000039
250.283367,0.000005
250.316733,0.000012
250.3501,0.000004
250.383467,0.000001
250.416833,0.000000
250.4502,0.000000
250.483567,0.000000
250.516933,0.000000
250.5503,0.000000
250.583667,0.000000
250.617033,0.000000
250.6504,0.000000
250.683767,0.000000
250.717133,0.000000
250.7505,0.000000
250.783867,0.000000
250.817233,0.000000
250.8506,0.000000
250.883967,0.000000
250.917333,0.000000
250.9507,0.000000
250.984067,0.000000
251.017433,0.000000
251.0508,0.000000
251.084167,0.000000
251.117533,0.000000
251.1509,0.000000
251.184267,0.000000
251.217633,0.000000
251.251,0.000035
251.284367,0.000001
251.317733,0.000012
251.3511,0.000004
251.384467,0.000001
251.417833,0.000000
251.4512,0.000000
251.484567,0.000000
251.517933,0.000000
251.5513,0.000000
251.584667,0.000000
251.618033,0.000000
251.6514,0.000000
251.684767,0.000000
251.718133,0.090918
251.7515,0.000016
251.784867,0.000008
251.818233,0.000002
251.8516,0.000000
251.884967,0.000000
251.918333,0.000000
251.9517,0.000000
251.985067,0.000000
252.018433,0.000000
252.0518,0.000000
252.085167,0.000000
252.118533,0.000000
252.1519,0.000000
252.185267,0.000000
252.218633,0.000000
252.252,0.000040
252.285367,0.000011
252.318733,0.000011
252.3521,0.000005
252.385467,0.000000
252.418833,0.000001
252.4522,0.000000
252.485567,0.000000
252.518933,0.000000
252.5523,0.000000
252.585667,0.000000
252.619033,0.000000
252.6524,0.000000
252.685767,0.000000
252.719133,0.000000
252.7525,0.000000
252.785867,0.000000
252.819233,0.000000
252.8526,0.000000
252.885967,0.000000
252.919333,0.000000
252.9527,0.000000
252.986067,0.000000
253.019433,0.041024
253.0528,0.000015
253.086167,0.000007
253.119533,0.000001
253.1529,0.000000
253.186267,0.000000
253.219633,0.000000
253.253,0.000030
253.286367,0.000001
253.319733,0.000010
253.3531,0.000003
253.386467,0.000001
253.419833,0.000000
253.4532,0.000000
253.486567,0.000000
253.519933,0.000000
253.5533,0.000000
253.586667,0.000000
253.620033,0.000000
253.6534,0.000000
253.686767,0.000000
253.720133,0.000000
253.7535,0.000000
253.786867,0.000000
253.820233,0.000000
253.8536,0.000000
253.886967,0.000000
253.920333,0.000000
253.9537,0.000000
253.987067,0.000000
254.020433,0.000000
254.0538,0.000000
254.087167,0.000000
254.120533,0.000000
254.1539,0.000000
254.187267,0.000000
254.220633,0.000000
254.254,0.000031
254.287367,0.000001
254.320733,0.000010
254.3541,0.000003
254.387467,0.000001
254.420833,0.000000
254.4542,0.000000
254.487567,0.000000
254.520933,0.000000
254.5543,0.000000
254.587667,0.000000
254.621033,0.000000
254.6544,0.000000
254.687767,0.000000
254.721133,0.000000
254.7545,0.000000
254.787867,0.000000
254.821233,0.000000
254.8546,0.000000
254.887967,0.000000
254.921333,0.000000
254.9547,0.094382
254.988067,0.000159
255.021433,0.000027
255.0548,0.000039
255.088167,0.000070
255.121533,0.000022
255.1549,0.000008
255.188267,0.000014
255.221633,0.000051
255.255,0.000027
255.288367,0.000077
255.321733,0.000084
255.3551,0.000039
255.388467,0.000090
255.421833,0.000018
255.4552,0.000096
255.488567,0.000078
255.521933,0.000004
255.5553,0.000005
255.588667,0.000000
255.622033,0.000122
255.6554,0.000099
255.688767,0.000006
255.722133,0.000038
255.7555,0.000015
255.788867,0.000023
255.822233,0.000017
255.8556,0.000009
255.888967,0.000012
255.922333,0.080644
255.9557,0.000130
255.989067,0.000019
256.022433,0.000072
256.0558,0.000091
256.089167,0.000003
256.122533,0.000009
256.1559,0.000000
256.189267,0.000001
256.222633,0.000008
256.256,0.000100
256.289367,0.000015
256.322733,0.000004
256.3561,0.000078
256.389467,0.000016
256.422833,0.000017
256.4562,0.000044
256.489567,0.000061
256.522933,0.000087
256.5563,0.000005
256.589667,0.000072
256.623033,0.000055
256.6564,0.000040
256.689767,0.000006
256.723133,0.000016
256.7565,0.000000
256.789867,0.000037
256.823233,0.000047
256.8566,0.000030
256.889967,0.000053
256.923333,0.000020
256.9567,0.000059
256.990067,0.000056
257.023433,0.000010
257.0568,0.000032
257.090167,0.000036
257.123533,0.000007
257.1569,0.000054
257.190267,0.000012
257.223633,0.000024
257.257,0.000073
257.290367,0.000007
257.323733,0.000066
257.3571,0.000028
257.390467,0.000050
257.423833,0.000057
257.4572,0.000008
257.490567,0.000004
257.523933,0.000011
257.5573,0.000006
257.590667,0.000001
257.624033,0.000044
257.6574,0.000003
257.690767,0.000044
257.724133,0.000294
257.7575,0.000154
257.790867,0.000215
257.824233,0.000132
257.8576,0.000041
257.890967,0.000014
257.924333,0.000054
257.9577,0.000010
257.991067,0.000001
258.024433,0.000019
258.0578,0.000011
258.091167,0.000009
258.124533,0.000063
258.1579,0.000033
258.191267,0.000010
258.224633,0.000000
258.258,0.000063
258.291367,0.000010
258.324733,0.000018
258.3581,0.000008
258.391467,0.078070
258.424833,0.000012
258.4582,0.000004
258.491567,0.000000
258.524933,0.000000
258.5583,0.000000
258.591667,0.000000
258.625033,0.000000
258.6584,0.000000
258.691767,0.000000
258.725133,0.000000
258.7585,0.000000
258.791867,0.000000
258.825233,0.000000
258.8586,0.000000
258.891967,0.000000
258.925333,0.000000
258.9587,0.000000
258.992067,0.000000
259.025433,0.000000
259.0588,0.000000
259.092167,0.000000
259.125533,0.000000
259.1589,0.000000
259.192267,0.000000
259.225633,0.000000
259.259,0.000042
259.292367,0.000003
259.325733,0.000013
259.3591,0.000005
259.392467,0.000000
259.425833,0.000000
259.4592,0.000000
259.492567,0.109432
259.525933,0.000012
259.5593,0.000004
259.592667,0.000001
259.626033,0.000000
259.6594,0.000000
259.692767,0.000000
259.726133,0.000000
259.7595,0.000000
259.792867,0.000000
259.826233,0.000000
259.8596,0.000000
259.892967,0.000000
259.926333,0.000000
259.9597,0.000000
259.993067,0.000000
260.026433,0.000000
260.0598,0.000000
260.093167,0.000000
260.126533,0.000000
260.1599,0.000000
260.193267,0.000000
260.226633,0.000000
260.26,0.000029
260.293367,0.000007
260.326733,0.000006
260.3601,0.000003
260.393467,0.000000
260.426833,0.000000
260.4602,0.000000
260.493567,0.000000
260.526933,0.000000
260.5603,0.000000
260.593667,0.000000
260.627033,0.000000
260.6604,0.000000
260.693767,0.034982
260.727133,0.000029
260.7605,0.000010
260.793867,0.000007
260.827233,0.000004
260.8606,0.000001
260.893967,0.000003
260.927333,0.000010
260.9607,0.000013
260.994067,0.000001
261.027433,0.000000
261.0608,0.000010
261.094167,0.000003
261.127533,0.000001
261.1609,0.000001
261.194267,0.000000
261.227633,0.000000
261.261,0.000035
261.294367,0.000005
261.327733,0.000019
261.3611,0.000008
261.394467,0.000001
261.427833,0.000001
261.4612,0.000000
261.494567,0.000003
261.527933,0.000001
261.5613,0.000002
261.594667,0.000002
261.628033,0.000005
261.6614,0.000001
261.694767,0.000000
261.728133,0.000002
261.7615,0.000001
261.794867,0.000003
261.828233,0.000000
261.8616,0.000002
261.894967,0.000006
261.928333,0.000001
261.9617,0.000000
261.995067,0.000000
262.028433,0.000005
262.0618,0.038208
262.095167,0.000028
262.128533,0.000007
262.1619,0.000003
262.195267,0.000004
262.228633,0.000001
262.262,0.000037
262.295367,0.000012
262.328733,0.000019
262.3621,0.000001
262.395467,0.000002
262.428833,0.000001
262.4622,0.000002
262.495567,0.000001
262.528933,0.000001
262.5623,0.000011
262.595667,0.000010
262.629033,0.000002
262.6624,0.000002
262.695767,0.000001
262.729133,0.000004
262.7625,0.000000
262.795867,0.000000
262.829233,0.000002
262.8626,0.000009
262.895967,0.000001
262.929333,0.000003
262.9627,0.000006
262.996067,0.000009
263.029433,0.000009
263.0628,0.000001
263.096167,0.000001
263.129533,0.000010
263.1629,0.000002
263.196267,0.045140
263.229633,0.000030
263.263,0.000039
263.296367,0.000006
263.329733,0.000026
263.3631,0.000001
263.396467,0.000023
263.429833,0.000026
263.4632,0.000002
263.496567,0.000002
263.529933,0.000004
263.5633,0.000010
263.596667,0.000001
263.630033,0.000002
263.6634,0.000013
263.696767,0.000040
263.730133,0.000007
263.7635,0.000001
263.796867,0.000007
263.830233,0.000004
263.8636,0.000010
263.896967,0.000004
263.930333,0.000003
263.9637,0.000023
263.997067,0.000003
264.030433,0.000002
264.0638,0.000002
264.097167,0.000009
264.130533,0.000001
264.1639,0.000003
264.197267,0.000004
264.230633,0.000007
264.264,0.000024
264.297367,0.000003
264.330733,0.000026
264.3641,0.000008
264.397467,0.000004
264.430833,0.000000
264.4642,0.000003
264.497567,0.000005
264.530933,0.000010
264.5643,0.000000
264.597667,0.000000
264.631033,0.000003
264.6644,0.000005
264.697767,0.000001
264.731133,0.000001
264.7645,0.000003
264.797867,0.000012
264.831233,0.000001
264.8646,0.000001
264.897967,0.000000
264.931333,0.000006
264.9647,0.000000
264.998067,0.000000
265.031433,0.000006
265.0648,0.000006
265.098167,0.032621
265.131533,0.000046
265.1649,0.000008
265.198267,0.000011
265.231633,0.000003
265.265,0.000048
265.298367,0.000012
265.331733,0.000023
265.3651,0.000025
265.398467,0.000002
265.431833,0.000006
265.4652,0.000021
265.498567,0.000030
265.531933,0.000000
265.5653,0.000005
265.598667,0.000033
265.632033,0.000026
265.6654,0.000004
265.698767,0.000002
265.732133,0.000011
265.7655,0.000032
265.798867,0.000002
265.832233,0.000006
265.8656,0.000012
265.898967,0.000001
265.932333,0.000009
265.9657,0.000001
265.999067,0.000006
266.032433,0.000028
266.0658,0.000001
266.099167,0.000002
266.132533,0.000008
266.1659,0.000094
266.199267,0.000024
266.232633,0.000006
266.266,0.000083
266.299367,0.000091
266.332733,0.000165
266.3661,0.000007
266.399467,0.000008
266.432833,0.000075
266.4662,0.000031
266.499567,0.000004
266.532933,0.000000
266.5663,0.000029
266.599667,0.000048
266.633033,0.000001
266.6664,0.033892
266.699767,0.000120
266.733133,0.000020
266.7665,0.000003
266.799867,0.000005
266.833233,0.000021
266.8666,0.000025
266.899967,0.000003
266.933333,0.000000
266.9667,0.000011
267.000067,0.000031
267.033433,0.000003
267.0668,0.000001
267.100167,0.000000
267.133533,0.000003
267.1669,0.000004
267.200267,0.000002
267.233633,0.000002
267.267,0.000019
267.300367,0.000017
267.333733,0.000027
267.3671,0.000004
267.400467,0.000022
267.433833,0.000011
267.4672,0.000004
267.500567,0.000007
267.533933,0.000004
267.5673,0.000001
267.600667,0.000001
267.634033,0.000005
267.6674,0.000023
267.700767,0.000022
267.734133,0.000002
267.7675,0.000001
267.800867,0.000020
267.834233,0.000048
267.8676,0.000010
267.900967,0.000001
267.934333,0.000011
267.9677,0.000002
268.001067,0.000003
268.034433,0.000008
268.0678,0.000002
268.101167,0.000026
268.134533,0.000004
268.1679,0.000000
268.201267,0.034495
268.234633,0.000007
268.268,0.000027
268.301367,0.000004
268.334733,0.000008
268.3681,0.000004
268.401467,0.000000
268.434833,0.000000
268.4682,0.000000
268.501567,0.000000
268.534933,0.000000
268.5683,0.000000
268.601667,0.000000
268.635033,0.000000
268.6684,0.000000
268.701767,0.000000
268.735133,0.000000
268.7685,0.000000
268.801867,0.000000
268.835233,0.000000
268.8686,0.000000
268.901967,0.000000
268.935333,0.000000
268.9687,0.000000
269.002067,0.000000
269.035433,0.000000
269.0688,0.000000
269.102167,0.000000
269.135533,0.000000
269.1689,0.000000
269.202267,0.000000
269.235633,0.000000
269.269,0.000028
269.302367,0.000001
269.335733,0.000008
269.3691,0.000004
269.402467,0.000000
269.435833,0.000000
269.4692,0.000000
269.502567,0.000000
269.535933,0.022764
269.5693,0.000007
269.602667,0.000003
269.636033,0.000001
269.6694,0.000000
269.702767,0.000000
269.736133,0.000000
269.7695,0.000000
269.802867,0.000000
269.836233,0.000000
269.8696,0.000000
269.902967,0.000000
269.936333,0.000000
269.9697,0.000000
270.003067,0.000000
270.036433,0.000000
270.0698,0.000000
270.103167,0.000000
270.136533,0.000000
270.1699,0.000000
270.203267,0.000000
270.236633,0.000000
270.27,0.000030
270.303367,0.000003
270.336733,0.000008
270.3701,0.000004
270.403467,0.000000
270.436833,0.000000
270.4702,0.000000
270.503567,0.000000
270.536933,0.000000
270.5703,0.000000
270.603667,0.000000
270.637033,0.000000
270.6704,0.000000
270.703767,0.000000
270.737133,0.000000
270.7705,0.000000
270.803867,0.062485
270.837233,0.000018
270.8706,0.000008
270.903967,0.000002
270.937333,0.000000
270.9707,0.000000
271.004067,0.000000
271.037433,0.000000
271.0708,0.000000
271.104167,0.000000
271.137533,0.000000
271.1709,0.000000
271.204267,0.000000
271.237633,0.000000
271.271,0.000042
271.304367,0.000007
271.337733,0.000012
271.3711,0.000005
271.404467,0.000001
271.437833,0.000000
271.4712,0.000000
271.504567,0.000000
271.537933,0.000000
271.5713,0.000000
271.604667,0.000000
271.638033,0.000000
271.6714,0.000000
271.704767,0.000000
271.738133,0.000000
271.7715,0.000000
271.804867,0.000000
271.838233,0.000000
271.8716,0.000000
271.904967,0.000000
271.938333,0.000000
271.9717,0.000000
272.005067,0.000000
272.038433,0.000000
272.0718,0.000000
272.105167,0.000000
272.138533,0.000000
272.1719,0.000000
272.205267,0.000000
272.238633,0.000000
272.272,0.000037
272.305367,0.000002
272.338733,0.000012
272.3721,0.000005
272.405467,0.000001
272.438833,0.000000
272.4722,0.000000
272.505567,0.000000
272.538933,0.000000
272.5723,0.000000
272.605667,0.000000
272.639033,0.000000
272.6724,0.000000
272.705767,0.000000
272.739133,0.000000
272.7725,0.000000
272.805867,0.000000
272.839233,0.032312
272.8726,0.000015
272.905967,0.000007
272.939333,0.000001
272.9727,0.000000
273.006067,0.000000
273.039433,0.000000
273.0728,0.000000
273.106167,0.000000
273.139533,0.000000
273.1729,0.000000
273.206267,0.000000
273.239633,0.000000
273.273,0.000041
273.306367,0.000007
273.339733,0.000012
273.3731,0.000005
273.406467,0.000001
273.439833,0.000000
273.4732,0.000000
273.506567,0.000000
273.539933,0.000000
273.5733,0.000000
273.606667,0.000000
273.640033,0.000000
273.6734,0.000000
273.706767,0.000000
273.740133,0.000000
273.7735,0.000000
273.806867,0.000000
273.840233,0.000000
273.8736,0.000000
273.906967,0.000000
273.940333,0.000000
273.9737,0.000000
274.007067,0.000000
274.040433,0.000000
274.0738,0.000000
274.107167,0.000000
274.140533,0.000000
274.1739,0.000000
274.207267,0.000000
274.240633,0.000000
274.274,0.000036
274.307367,0.000002
274.340733,0.000012
274.3741,0.000005
274.407467,0.000001
274.440833,0.000000
274.4742,0.000000
274.507567,0.000000
274.540933,0.000000
274.5743,0.000000
274.607667,0.000000
274.641033,0.000000
274.6744,0.000000
274.707767,0.000000
274.741133,0.000000
274.7745,0.000000
274.807867,0.000000
274.841233,0.000000
274.8746,0.072550
274.907967,0.000021
274.941333,0.000009
274.9747,0.000002
275.008067,0.000000
275.041433,0.000000
275.0748,0.000000
275.108167,0.000000
275.141533,0.000000
275.1749,0.000000
275.208267,0.000000
275.241633,0.000000
275.275,0.000041
275.308367,0.000004
275.341733,0.000013
275.3751,0.000005
275.408467,0.000001
275.441833,0.000000
275.4752,0.000000
275.508567,0.000000
275.541933,0.000000
275.5753,0.000000
275.608667,0.000000
275.642033,0.000000
275.6754,0.000000
275.708767,0.000000
275.742133,0.000000
275.7755,0.000000
275.808867,0.000000
275.842233,0.000000
275.8756,0.000000
275.908967,0.000000
275.942333,0.000000
275.9757,0.000000
276.009067,0.000000
276.042433,0.000000
276.0758,0.000000
276.109167,0.000000
276.142533,0.000000
276.1759,0.000000
276.209267,0.000000
276.242633,0.000000
276.276,0.000039
276.309367,0.000002
276.342733,0.000013
276.3761,0.000005
276.409467,0.000001
276.442833,0.000000
276.4762,0.000000
276.509567,0.000000
276.542933,0.000000
276.5763,0.000000
276.609667,0.000000
276.643033,0.000000
276.6764,0.000000
276.709767,0.000000
276.743133,0.000000
276.7765,0.000000
276.809867,0.000000
276.843233,0.000000
276.8766,0.000000
276.909967,0.000000
276.943333,0.000000
276.9767,0.000000
277.010067,0.000000
277.043433,0.000000
277.0768,0.000000
277.110167,0.031523
277.143533,0.000174
277.1769,0.000031
277.210267,0.000006
277.243633,0.000006
277.277,0.000030
277.310367,0.000015
277.343733,0.000027
277.3771,0.000020
277.410467,0.000004
277.443833,0.000003
277.4772,0.000011
277.510567,0.000002
277.543933,0.000009
277.5773,0.000004
277.610667,0.000013
277.644033,0.000007
277.6774,0.000011
277.710767,0.000002
277.744133,0.000001
277.7775,0.000006
277.810867,0.000007
277.844233,0.000012
277.8776,0.000007
277.910967,0.000008
277.944333,0.000012
277.9777,0.000008
278.011067,0.000006
278.044433,0.000001
278.0778,0.000002
278.111167,0.000012
278.144533,0.000007
278.1779,0.000012
278.211267,0.000005
278.244633,0.000010
278.278,0.000036
278.311367,0.000009
278.344733,0.000033
278.3781,0.000006
278.411467,0.000015
278.444833,0.000001
278.4782,0.000016
278.511567,0.000003
278.544933,0.000006
278.5783,0.000004
278.611667,0.032649
278.645033,0.000019
278.6784,0.000009
278.711767,0.000001
278.745133,0.000000
278.7785,0.000000
278.811867,0.000000
278.845233,0.000000
278.8786,0.000000
278.911967,0.000000
278.945333,0.000000
278.9787,0.000000
279.012067,0.000000
279.045433,0.000000
279.0788,0.000032
279.112167,0.000062
279.145533,0.000022
279.1789,0.000017
279.212267,0.000009
279.245633,0.000002
279.279,0.000046
279.312367,0.000017
279.345733,0.000050
279.3791,0.000008
279.412467,0.000001
279.445833,0.000000
279.4792,0.000000
279.512567,0.000000
279.545933,0.000000
279.5793,0.000000
279.612667,0.000000
279.646033,0.000000
279.6794,0.000000
279.712767,0.000000
279.746133,0.000000
279.7795,0.000000
279.812867,0.000000
279.846233,0.000000
279.8796,0.000000
279.912967,0.000000
279.946333,0.000000
279.9797,0.000000
280.013067,0.000000
280.046433,0.000000
280.0798,0.000000
280.113167,0.000000
280.146533,0.000000
280.1799,0.000000
280.213267,0.000000
280.246633,0.000000
280.28,0.000038
280.313367,0.000002
280.346733,0.000012
280.3801,0.000004
280.413467,0.000001
280.446833,0.000000
280.4802,0.000000
280.513567,0.000000
280.546933,0.000000
280.5803,0.000000
280.613667,0.000000
280.647033,0.046137
280.6804,0.000012
280.713767,0.000006
280.747133,0.000002
280.7805,0.000000
280.813867,0.000000
280.847233,0.000000
280.8806,0.000000
280.913967,0.000000
280.947333,0.000000
280.9807,0.000000
281.014067,0.000000
281.047433,0.000000
281.0808,0.000000
281.114167,0.000000
281.147533,0.000000
281.1809,0.000000
281.214267,0.000000
281.247633,0.000000
281.281,0.000034
281.314367,0.000002
281.347733,0.000009
281.3811,0.000005
281.414467,0.000000
281.447833,0.000000
281.4812,0.000000
281.514567,0.000000
281.547933,0.000000
281.5813,0.000000
281.614667,0.000000
281.648033,0.000000
281.6814,0.000000
281.714767,0.000000
281.748133,0.000000
281.7815,0.000000
281.814867,0.000000
281.848233,0.000000
281.8816,0.000000
281.914967,0.000000
281.948333,0.000000
281.9817,0.000000
282.015067,0.000000
282.048433,0.000000
282.0818,0.000000
282.115167,0.000000
282.148533,0.000000
282.1819,0.000000
282.215267,0.000000
282.248633,0.000000
282.282,0.000034
282.315367,0.000001
282.348733,0.000009
282.3821,0.000005
282.415467,0.000000
282.448833,0.000000
282.4822,0.000000
282.515567,0.000000
282.548933,0.000000
282.5823,0.000000
282.615667,0.000000
282.649033,0.000000
282.6824,0.000000
282.715767,0.000000
282.749133,0.000000
282.7825,0.053959
282.815867,0.000069
282.849233,0.000014
282.8826,0.000031
282.915967,0.000033
282.949333,0.000005
282.9827,0.000033
283.016067,0.000001
283.049433,0.000023
283.0828,0.000006
283.116167,0.000001
283.149533,0.000003
283.1829,0.000012
283.216267,0.000017
283.249633,0.000012
283.283,0.000064
283.316367,0.000001
283.349733,0.000033
283.3831,0.000005
283.416467,0.000025
283.449833,0.000003
283.4832,0.000005
283.516567,0.000001
283.549933,0.000014
283.5833,0.000015
283.616667,0.000003
283.650033,0.000000
283.6834,0.000005
283.716767,0.000010
283.750133,0.000013
283.7835,0.000007
283.816867,0.000001
283.850233,0.000021
283.8836,0.000000
283.916967,0.000002
283.950333,0.000003
283.9837,0.000033
284.017067,0.000031
284.050433,0.000004
284.0838,0.000002
284.117167,0.000005
284.150533,0.000021
284.1839,0.000001
284.217267,0.000000
284.250633,0.000001
284.284,0.000022
284.317367,0.000010
284.350733,0.000029
284.3841,0.047424
284.417467,0.000061
284.450833,0.000025
284.4842,0.000001
284.517567,0.000003
284.550933,0.000003
284.5843,0.000025
284.617667,0.000001
284.651033,0.000001
284.6844,0.000006
284.717767,0.000019
284.751133,0.000005
284.7845,0.000006
284.817867,0.000007
284.851233,0.000004
284.8846,0.000003
284.917967,0.000001
284.951333,0.000005
284.9847,0.000002
285.018067,0.000005
285.051433,0.000006
285.0848,0.000002
285.118167,0.000007
285.151533,0.000001
285.1849,0.000003
285.218267,0.000006
285.251633,0.000004
285.285,0.000073
285.318367,0.000029
285.351733,0.000038
285.3851,0.000007
285.418467,0.000001
285.451833,0.000040
285.4852,0.000006
285.518567,0.000005
285.551933,0.000010
285.5853,0.000031
285.618667,0.000014
285.652033,0.000022
285.6854,0.000015
285.718767,0.000052
285.752133,0.000051
285.7855,0.000000
285.818867,0.000038
285.852233,0.000001
285.8856,0.000004
285.918967,0.000002
285.952333,0.000002
285.9857,0.000012
286.019067,0.000000
286.052433,0.000003
286.0858,0.000004
286.119167,0.000002
286.152533,0.000011
286.1859,0.000014
286.219267,0.000001
286.252633,0.000006
286.286,0.000052
286.319367,0.000043
286.352733,0.000031
286.3861,0.000005
286.419467,0.000002
286.452833,0.000026
286.4862,0.046986
286.519567,0.000019
286.552933,0.000009
286.5863,0.000002
286.619667,0.000000
286.653033,0.000000
286.6864,0.000000
286.719767,0.000000
286.753133,0.000000
286.7865,0.000000
286.819867,0.000000
286.853233,0.000000
286.8866,0.000000
286.919967,0.000000
286.953333,0.000000
286.9867,0.000000
287.020067,0.000000
287.053433,0.000000
287.0868,0.000000
287.120167,0.000000
287.153533,0.000000
287.1869,0.000000
287.220267,0.000000
287.253633,0.000000
287.287,0.000053
287.320367,0.000010
287.353733,0.000014
287.3871,0.000006
287.420467,0.000001
287.453833,0.000000
287.4872,0.000000
287.520567,0.000000
287.553933,0.000000
287.5873,0.000000
287.620667,0.000000
287.654033,0.000000
287.6874,0.000000
287.720767,0.000000
287.754133,0.000000
287.7875,0.000000
287.820867,0.000000
287.854233,0.000000
287.8876,0.000000
287.920967,0.000000
287.954333,0.000000
287.9877,0.000000
288.021067,0.000000
288.054433,0.000000
288.0878,0.000000
288.121167,0.000000
288.154533,0.000000
288.1879,0.000000
288.221267,0.000000
288.254633,0.000000
288.288,0.000046
288.321367,0.000003
288.354733,0.000014
288.3881,0.000006
288.421467,0.000001
288.454833,0.000000
288.4882,0.000000
288.521567,0.032972
288.554933,0.000082
288.5883,0.000073
288.621667,0.000005
288.655033,0.000013
288.6884,0.000002
288.721767,0.000036
288.755133,0.000004
288.7885,0.000045
288.821867,0.000001
288.855233,0.000014
288.8886,0.000020
288.921967,0.000022
288.955333,0.000020
288.9887,0.000010
289.022067,0.000016
289.055433,0.000025
289.0888,0.000027
289.122167,0.000000
289.155533,0.000025
289.1889,0.000000
289.222267,0.000011
289.255633,0.000003
289.289,0.000065
289.322367,0.000019
289.355733,0.000044
289.3891,0.000013
289.422467,0.000001
289.455833,0.000007
289.4892,0.000006
289.522567,0.000008
289.555933,0.000000
289.5893,0.000010
289.622667,0.000002
289.656033,0.000029
289.6894,0.000006
289.722767,0.000008
289.756133,0.000011
289.7895,0.000019
289.822867,0.000013
289.856233,0.000038
289.8896,0.000045
289.922967,0.000006
289.956333,0.000012
289.9897,0.000010
290.023067,0.000030
290.056433,0.000002
290.0898,0.026085
290.123167,0.000069
290.156533,0.000003
290.1899,0.000013
290.223267,0.000017
290.256633,0.000011
290.29,0.000071
290.323367,0.000003
290.356733,0.000033
290.3901,0.000012
290.423467,0.000005
290.456833,0.000024
290.4902,0.000003
290.523567,0.000028
290.556933,0.000004
290.5903,0.000003
290.623667,0.000006
290.657033,0.000022
290.6904,0.000010
290.723767,0.000009
290.757133,0.000006
290.7905,0.000007
290.823867,0.000007
290.857233,0.000003
290.8906,0.000012
290.923967,0.000000
290.957333,0.000005
290.9907,0.000002
291.024067,0.000002
291.057433,0.000001
291.0908,0.000005
291.124167,0.000001
291.157533,0.000031
291.1909,0.000022
291.224267,0.000028
291.257633,0.000026
291.291,0.000039
291.324367,0.000046
291.357733,0.000038
291.3911,0.000020
291.424467,0.000002
291.457833,0.000000
291.4912,0.000004
291.524567,0.000024
291.557933,0.000006
291.5913,0.000015
291.624667,0.000008
291.658033,0.000009
291.6914,0.000009
291.724767,0.000003
291.758133,0.000021
291.7915,0.034904
291.824867,0.000046
291.858233,0.000010
291.8916,0.000001
291.924967,0.000004
291.958333,0.000001
291.9917,0.000001
292.025067,0.000012
292.058433,0.000007
292.0918,0.000008
292.125167,0.000008
292.158533,0.000005
292.1919,0.000012
292.225267,0.000010
292.258633,0.000030
292.292,0.000065
292.325367,0.000008
292.358733,0.000049
292.3921,0.000039
292.425467,0.000010
292.458833,0.000004
292.4922,0.000001
292.525567,0.000014
292.558933,0.000010
292.5923,0.000001
292.625667,0.000005
292.659033,0.000008
292.6924,0.000041
292.725767,0.000004
292.759133,0.000001
292.7925,0.000005
292.825867,0.000036
292.859233,0.000003
292.8926,0.000026
292.925967,0.000008
292.959333,0.000005
292.9927,0.000007
293.026067,0.000007
293.059433,0.000027
293.0928,0.000013
293.126167,0.000012
293.159533,0.000004
293.1929,0.000004
293.226267,0.000003
293.259633,0.000017
293.293,0.000056
293.326367,0.000019
293.359733,0.000038
293.3931,0.000003
293.426467,0.000002
293.459833,0.000015
293.4932,0.000018
293.526567,0.000006
293.559933,0.000012
293.5933,0.000015
293.626667,0.040676
293.660033,0.000118
293.6934,0.000025
293.726767,0.000006
293.760133,0.000353
293.7935,0.000066
293.826867,0.000021
293.860233,0.000017
293.8936,0.000181
293.926967,0.000045
293.960333,0.000046
293.9937,0.000082
294.027067,0.000006
294.060433,0.000008
294.0938,0.000001
294.127167,0.000044
294.160533,0.000005
294.1939,0.000011
294.227267,0.000003
294.260633,0.000012
294.294,0.000048
294.327367,0.000019
294.360733,0.000046
294.3941,0.000009
294.427467,0.000037
294.460833,0.000020
294.4942,0.000021
294.527567,0.000002
294.560933,0.000037
294.5943,0.000003
294.627667,0.000006
294.661033,0.000004
294.6944,0.000016
294.727767,0.000007
294.761133,0.000000
294.7945,0.000000
294.827867,0.061853
294.861233,0.000020
294.8946,0.000010
294.927967,0.000002
294.961333,0.000000
294.9947,0.000000
295.028067,0.000000
295.061433,0.000000
295.0948,0.000000
295.128167,0.000000
295.161533,0.000000
295.1949,0.000000
295.228267,0.000000
295.261633,0.000000
295.295,0.000065
295.328367,0.000009
295.361733,0.000017
295.3951,0.000008
295.428467,0.000001
295.461833,0.000000
295.4952,0.000000
295.528567,0.000000
295.561933,0.000000
295.5953,0.000000
295.628667,0.000000
295.662033,0.000000
295.6954,0.000000
295.728767,0.000000
295.762133,0.000000
295.7955,0.000000
295.828867,0.000000
295.862233,0.000000
295.8956,0.000000
295.928967,0.000000
295.962333,0.000000
295.9957,0.000000
296.029067,0.000000
296.062433,0.000000
296.0958,0.000000
296.129167,0.000000
296.162533,0.000000
296.1959,0.000000
296.229267,0.000000
296.262633,0.000000
296.296,0.000060
296.329367,0.000003
296.362733,0.000017
296.3961,0.000008
296.429467,0.000001
296.462833,0.000000
296.4962,0.000000
296.529567,0.000000
296.562933,0.000000
296.5963,0.000000
296.629667,0.000000
296.663033,0.000000
296.6964,0.000000
296.729767,0.000000
296.763133,0.000000
296.7965,0.000000
296.829867,0.000000
296.863233,0.000000
296.8966,0.219615
296.929967,0.000271
296.963333,0.000745
296.9967,0.000021
297.030067,0.000184
297.063433,0.000037
297.0968,0.000015
297.130167,0.000002
297.163533,0.000442
297.1969,0.000486
297.230267,0.000283
297.263633,0.000198
297.297,0.000971
297.330367,0.000244
297.363733,0.000114
297.3971,0.000025
297.430467,0.000227
297.463833,0.000127
297.4972,0.000057
297.530567,0.000006
297.563933,0.000002
297.5973,0.000001
297.630667,0.000000
297.664033,0.000000
297.6974,0.000000
297.730767,0.000000
297.764133,0.000000
297.7975,0.000000
297.830867,0.000000
297.864233,0.000000
297.8976,0.000000
297.930967,0.000000
297.964333,0.000000
297.9977,0.000000
298.031067,0.000000
298.064433,0.000000
298.0978,0.000000
298.131167,0.000000
298.164533,0.000000
298.1979,0.000000
298.231267,0.000000
298.264633,0.000000
298.298,0.000462
298.331367,0.000082
298.364733,0.000141
298.3981,0.000067
298.431467,0.000012
298.464833,0.000004
298.4982,0.000000
298.531567,0.000000
298.564933,0.000000
298.5983,0.040297
298.631667,0.000074
298.665033,0.000015
298.6984,0.000002
298.731767,0.000000
298.765133,0.000001
298.7985,0.000000
298.831867,0.000000
298.865233,0.000000
298.8986,0.000000
298.931967,0.000000
298.965333,0.000000
298.9987,0.000000
299.032067,0.000000
299.065433,0.000000
299.0988,0.000000
299.132167,0.000000
299.165533,0.000000
299.1989,0.000000
299.232267,0.000000
299.265633,0.000000
299.299,0.000425
299.332367,0.000040
299.365733,0.000141
299.3991,0.000067
299.432467,0.000012
299.465833,0.000004
299.4992,0.000000
299.532567,0.000000
299.565933,0.000000
299.5993,0.000000
299.632667,0.000000
299.666033,0.000000
299.6994,0.000000
299.732767,0.000000
299.766133,0.000000
299.7995,0.000000
299.832867,0.000000
299.866233,0.000000
299.8996,0.000000
299.932967,0.000000
299.966333,0.000000
299.9997,0.000000
300.033067,0.000000
300.066433,0.000000
300.0998,0.000000
300.133167,0.000000
300.166533,0.000000
300.1999,0.000000
300.233267,0.000000
300.266633,0.000000
300.3,0.000408
300.333367,0.000023
300.366733,0.000141
300.4001,0.000067
300.433467,0.000012
300.466833,0.032566
300.5002,0.000071
300.533567,0.000011
300.566933,0.000003
300.6003,0.000000
300.633667,0.000000
300.667033,0.000000
300.7004,0.000000
300.733767,0.000000
300.767133,0.000000
300.8005,0.000000
300.833867,0.000000
300.867233,0.000000
300.9006,0.000000
300.933967,0.000000
300.967333,0.000000
301.0007,0.000000
301.034067,0.000000
301.067433,0.000000
301.1008,0.000000
301.134167,0.000000
301.167533,0.000000
301.2009,0.000000
301.234267,0.000000
301.267633,0.000000
301.301,0.000427
301.334367,0.000042
301.367733,0.000141
301.4011,0.000068
301.434467,0.000011
301.467833,0.000004
301.5012,0.000000
301.534567,0.000000
301.567933,0.000000
301.6013,0.000000
301.634667,0.000000
301.668033,0.000000
301.7014,0.000000
301.734767,0.000000
301.768133,0.000000
301.8015,0.000000
301.834867,0.000000
301.868233,0.000000
301.9016,0.000000
301.934967,0.000000
301.968333,0.091897
302.0017,0.000092
302.035067,0.000028
302.068433,0.000006
302.1018,0.000000
302.135167,0.000001
302.168533,0.000000
302.2019,0.000000
302.235267,0.000000
302.268633,0.000000
302.302,0.000436
302.335367,0.000060
302.368733,0.000140
302.4021,0.000067
302.435467,0.000011
302.468833,0.000004
302.5022,0.000000
302.535567,0.000000
302.568933,0.000000
302.6023,0.000000
302.635667,0.000000
302.669033,0.000000
302.7024,0.000000
302.735767,0.000000
302.769133,0.000000
302.8025,0.000000
302.835867,0.000000
302.869233,0.000000
302.9026,0.000000
302.935967,0.000000
302.969333,0.000000
303.0027,0.000000
303.036067,0.000000
303.069433,0.000000
303.1028,0.000000
303.136167,0.000000
303.169533,0.000000
303.2029,0.000000
303.236267,0.000000
303.269633,0.000000
303.303,0.000399
303.336367,0.000023
303.369733,0.000140
303.4031,0.000067
303.436467,0.000011
303.469833,0.000004
303.5032,0.000000
303.536567,0.000000
303.569933,0.000000
303.6033,0.000000
303.636667,0.000000
303.670033,0.000000
303.7034,0.000000
303.736767,0.000000
303.770133,0.000000
303.8035,0.000000
303.836867,0.000000
303.870233,0.000000
303.9036,0.000000
303.936967,0.000000
303.970333,0.000000
304.0037,0.000000
304.037067,0.000000
304.070433,0.000000
304.1038,0.000000
304.137167,0.000000
304.170533,0.000000
304.2039,0.000000
304.237267,0.000000
304.270633,0.000000
304.304,0.000399
304.337367,0.000023
304.370733,0.000140
304.4041,0.000067
304.437467,0.000011
304.470833,0.000004
304.5042,0.000000
304.537567,0.063145
304.570933,0.000077
304.6043,0.000019
304.637667,0.000003
304.671033,0.000001
304.7044,0.000000
304.737767,0.000000
304.771133,0.000000
304.8045,0.000000
304.837867,0.000000
304.871233,0.000000
304.9046,0.000000
304.937967,0.000000
304.971333,0.000000
305.0047,0.000000
305.038067,0.000000
305.071433,0.000000
305.1048,0.000000
305.138167,0.000000
305.171533,0.000000
305.2049,0.000000
305.238267,0.000000
305.271633,0.000000
305.305,0.000417
305.338367,0.000042
305.371733,0.000137
305.4051,0.000066
305.438467,0.000012
305.471833,0.000004
305.5052,0.000000
305.538567,0.000000
305.571933,0.000001
305.6053,0.000000
305.638667,0.000000
305.672033,0.000001
305.7054,0.000000
305.738767,0.000000
305.772133,0.000001
305.8055,0.000001
305.838867,0.000000
305.872233,0.000001
305.9056,0.000001
305.938967,0.000000
305.972333,0.000000
306.0057,0.000001
306.039067,0.000000
306.072433,0.000000
306.1058,0.000000
306.139167,0.000000
306.172533,0.000000
306.2059,0.000000
306.239267,0.000000
306.272633,0.000001
306.306,0.000398
306.339367,0.000023
306.372733,0.000137
306.4061,0.000066
306.439467,0.000012
306.472833,0.000004
306.5062,0.000000
306.539567,0.000000
306.572933,0.000001
306.6063,0.000000
306.639667,0.045493
306.673033,0.000070
306.7064,0.000011
306.739767,0.000003
306.773133,0.000001
306.8065,0.000000
306.839867,0.000000
306.873233,0.000000
306.9066,0.000000
306.939967,0.000000
306.973333,0.000000
307.0067,0.000000
307.040067,0.000000
307.073433,0.000000
307.1068,0.000000
307.140167,0.000000
307.173533,0.000000
307.2069,0.000000
307.240267,0.000000
307.273633,0.000000
307.307,0.000419
307.340367,0.000042
307.373733,0.000139
307.4071,0.000068
307.440467,0.000012
307.473833,0.000004
307.5072,0.000000
307.540567,0.000000
307.573933,0.000000
307.6073,0.000000
307.640667,0.000000
307.674033,0.000000
307.7074,0.000000
307.740767,0.000000
307.774133,0.000000
307.8075,0.000000
307.840867,0.050493
307.874233,0.000074
307.9076,0.000015
307.940967,0.000003
307.974333,0.000000
308.0077,0.000000
308.041067,0.000000
308.074433,0.000000
308.1078,0.000000
308.141167,0.000000
308.174533,0.000000
308.2079,0.000000
308.241267,0.000000
308.274633,0.000000
308.308,0.000416
308.341367,0.000038
308.374733,0.000139
308.4081,0.000067
308.441467,0.000011
308.474833,0.000004
308.5082,0.000000
308.541567,0.000000
308.574933,0.000000
308.6083,0.000000
308.641667,0.000000
308.675033,0.000000
308.7084,0.000000
308.741767,0.000000
308.775133,0.000000
308.8085,0.000000
308.841867,0.000000
308.875233,0.000000
308.9086,0.000000
308.941967,0.000000
308.975333,0.000000
309.0087,0.000000
309.042067,0.000000
309.075433,0.000000
309.1088,0.000000
309.142167,0.000000
309.175533,0.000000
309.2089,0.000000
309.242267,0.000000
309.275633,0.000000
309.309,0.000400
309.342367,0.000023
309.375733,0.000139
309.4091,0.000067
309.442467,0.000011
309.475833,0.000004
309.5092,0.000000
309.542567,0.000000
309.575933,0.000000
309.6093,0.000000
309.642667,0.000000
309.676033,0.000000
309.7094,0.000000
309.742767,0.067617
309.776133,0.000082
309.8095,0.000023
309.842867,0.000005
309.876233,0.000001
309.9096,0.000000
309.942967,0.000000
309.976333,0.000000
310.0097,0.000000
310.043067,0.000000
310.076433,0.000000
310.1098,0.000000
310.143167,0.000000
310.176533,0.000000
310.2099,0.000000
310.243267,0.000000
310.276633,0.000000
310.31,0.000427
310.343367,0.000067
310.376733,0.000132
310.4101,0.000064
310.443467,0.000011
310.476833,0.000004
310.5102,0.000000
310.543567,0.000000
310.576933,0.000000
310.6103,0.000000
310.643667,0.000000
310.677033,0.000000
310.7104,0.000000
310.743767,0.000000
310.777133,0.000000
310.8105,0.000000
310.843867,0.000000
310.877233,0.000000
310.9106,0.000000
310.943967,0.000000
310.977333,0.000000
311.0107,0.000000
311.044067,0.000000
311.077433,0.000000
311.1108,0.000000
311.144167,0.000000
311.177533,0.000000
311.2109,0.000000
311.244267,0.000000
311.277633,0.000000
311.311,0.000382
311.344367,0.000022
311.377733,0.000132
311.4111,0.000064
311.444467,0.000011
311.477833,0.000004
311.5112,0.000000
311.544567,0.000000
311.577933,0.000000
311.6113,0.000000
311.644667,0.000000
311.678033,0.000000
311.7114,0.000000
311.744767,0.027737
311.778133,0.000067
311.8115,0.000010
311.844867,0.000002
311.878233,0.000000
311.9116,0.000000
311.944967,0.000000
311.978333,0.000000
312.0117,0.000000
312.045067,0.000000
312.078433,0.000000
312.1118,0.000000
312.145167,0.000000
312.178533,0.000000
312.2119,0.000000
312.245267,0.000000
312.278633,0.000000
312.312,0.000402
312.345367,0.000039
312.378733,0.000134
312.4121,0.000064
312.445467,0.000010
312.478833,0.000004
312.5122,0.000000
312.545567,0.000000
312.578933,0.000000
312.6123,0.000000
312.645667,0.000000
312.679033,0.000000
312.7124,0.000000
312.745767,0.000000
312.779133,0.000000
312.8125,0.000000
312.845867,0.000000
312.879233,0.000000
312.9126,0.000000
312.945967,0.000000
312.979333,0.000000
313.0127,0.000000
313.046067,0.000000
313.079433,0.000000
313.1128,0.000000
313.146167,0.000000
313.179533,0.000000
313.2129,0.000000
313.246267,0.000000
313.279633,0.000000
313.313,0.000385
313.346367,0.000021
313.379733,0.000134
313.4131,0.000064
313.446467,0.000010
313.479833,0.000004
313.5132,0.000000
313.546567,0.000000
313.579933,0.000000
313.6133,0.000000
313.646667,0.000000
313.680033,0.000000
313.7134,0.000000
313.746767,0.000000
313.780133,0.000000
313.8135,0.000000
313.846867,0.000000
313.880233,0.000000
313.9136,0.000000
313.946967,0.290003
313.980333,0.000029
314.0137,0.000008
314.047067,0.000002
314.080433,0.000000
314.1138,0.000000
314.147167,0.000000
314.180533,0.000000
314.2139,0.000000
314.247267,0.000000
314.280633,0.000000
314.314,0.000033
314.347367,0.000007
314.380733,0.000009
314.4141,0.000003
314.447467,0.000001
314.480833,0.000000
314.5142,0.000000
314.547567,0.000000
314.580933,0.000000
314.6143,0.000000
314.647667,0.000000
314.681033,0.000000
314.7144,0.000000
314.747767,0.000000
314.781133,0.000000
314.8145,0.000000
314.847867,0.000000
314.881233,0.000000
314.9146,0.000000
314.947967,0.000000
314.981333,0.000000
315.0147,0.000000
315.048067,0.000000
315.081433,0.000000
315.1148,0.000000
315.148167,0.000000
315.181533,0.000000
315.2149,0.000000
315.248267,0.000000
315.281633,0.000000
315.315,0.000027
315.348367,0.000001
315.381733,0.000009
315.4151,0.000003
315.448467,0.000001
315.481833,0.000000
315.5152,0.000000
315.548567,0.000000
315.581933,0.060484
315.6153,0.000031
315.648667,0.000007
315.682033,0.000002
315.7154,0.000000
315.748767,0.000001
315.782133,0.000001
315.8155,0.000001
315.848867,0.000006
315.882233,0.000012
315.9156,0.000016
315.948967,0.000001
315.982333,0.000000
316.0157,0.000001
316.049067,0.000000
316.082433,0.000001
316.1158,0.000002
316.149167,0.000001
316.182533,0.000000
316.2159,0.000001
316.249267,0.000000
316.282633,0.000005
316.316,0.000053
316.349367,0.000004
316.382733,0.000024
316.4161,0.000003
316.449467,0.000001
316.482833,0.000000
316.5162,0.000014
316.549567,0.000013
316.582933,0.000004
316.6163,0.000003
316.649667,0.000001
316.683033,0.000005
316.7164,0.000002
316.749767,0.000004
316.783133,0.000020
316.8165,0.000000
316.849867,0.000000
316.883233,0.000000
316.9166,0.000001
316.949967,0.000004
316.983333,0.000007
317.0167,0.000003
317.050067,0.000001
317.083433,0.000002
317.1168,0.000000
317.150167,0.000002
317.183533,0.000023
317.2169,0.000025
317.250267,0.000000
317.283633,0.000000
317.317,0.000032
317.350367,0.000001
317.383733,0.000026
317.4171,0.000009
317.450467,0.000004
317.483833,0.000001
317.5172,0.000000
317.550567,0.000003
317.583933,0.000002
317.6173,0.000010
317.650667,0.000001
317.684033,0.000002
317.7174,0.000001
317.750767,0.000000
317.784133,0.000001
317.8175,0.000004
317.850867,0.000002
317.884233,0.000005
317.9176,0.000001
317.950967,0.000001
317.984333,0.000001
318.0177,0.000000
318.051067,0.000002
318.084433,0.000009
318.1178,0.000000
318.151167,0.000000
318.184533,0.000000
318.2179,0.000001
318.251267,0.000002
318.284633,0.000005
318.318,0.000033
318.351367,0.000001
318.384733,0.000026
318.4181,0.000006
318.451467,0.000001
318.484833,0.000007
318.5182,0.000007
318.551567,0.000001
318.584933,0.000001
318.6183,0.000001
318.651667,0.000000
318.685033,0.000001
318.7184,0.000004
318.751767,0.000005
318.785133,0.043624
318.8185,0.000024
318.851867,0.000007
318.885233,0.000001
318.9186,0.000016
318.951967,0.000001
318.985333,0.000000
319.0187,0.000000
319.052067,0.000001
319.085433,0.000003
319.1188,0.000001
319.152167,0.000003
319.185533,0.000005
319.2189,0.000001
319.252267,0.000000
319.285633,0.000001
319.319,0.000029
319.352367,0.000004
319.385733,0.000022
319.4191,0.000004
319.452467,0.000001
319.485833,0.000003
319.5192,0.000000
319.552567,0.000003
319.585933,0.000005
319.6193,0.000000
319.652667,0.000002
319.686033,0.000002
319.7194,0.000001
319.752767,0.000000
319.786133,0.000015
319.8195,0.000015
319.852867,0.000001
319.886233,0.000000
319.9196,0.000001
319.952967,0.000002
319.986333,0.000003
320.0197,0.000002
320.053067,0.000003
320.086433,0.000000
320.1198,0.000002
320.153167,0.000002
320.186533,0.000000
320.2199,0.000014
320.253267,0.000006
320.286633,0.000002
320.32,0.000029
320.353367,0.000006
320.386733,0.000022
320.4201,0.000001
320.453467,0.000007
320.486833,0.000004
320.5202,0.000002
320.553567,0.000001
320.586933,0.000000
320.6203,0.000000
320.653667,0.000005
320.687033,0.000022
320.7204,0.000004
320.753767,0.000001
320.787133,0.000002
320.8205,0.000001
320.853867,0.000030
320.887233,0.000179
320.9206,0.000005
320.953967,0.000003
320.987333,0.000005
321.0207,0.000022
321.054067,0.000034
321.087433,0.000019
321.1208,0.000009
321.154167,0.075238
321.187533,0.000255
321.2209,0.000021
321.254267,0.000010
321.287633,0.000006
321.321,0.000007
321.354367,0.000053
321.387733,0.000022
321.4211,0.000001
321.454467,0.000002
321.487833,0.000000
321.5212,0.000018
321.554567,0.000008
321.587933,0.000002
321.6213,0.000002
321.654667,0.000000
321.688033,0.000001
321.7214,0.000001
321.754767,0.000011
321.788133,0.000014
321.8215,0.000000
321.854867,0.000002
321.888233,0.000001
321.9216,0.000005
321.954967,0.000001
321.988333,0.000012
322.0217,0.000013
322.055067,0.000000
322.088433,0.000001
322.1218,0.000000
322.155167,0.000001
322.188533,0.000003
322.2219,0.000001
322.255267,0.000001
322.288633,0.000000
322.322,0.000030
322.355367,0.000004
322.388733,0.000016
322.4221,0.000006
322.455467,0.000007
322.488833,0.028531
322.5222,0.000030
322.555567,0.000009
322.588933,0.000001
322.6223,0.000001
322.655667,0.000004
322.689033,0.000001
322.7224,0.000002
322.755767,0.000000
322.789133,0.000004
322.8225,0.000003
322.855867,0.000004
322.889233,0.000001
322.9226,0.000002
322.955967,0.000002
322.989333,0.000002
323.0227,0.000001
323.056067,0.000015
323.089433,0.000016
323.1228,0.000001
323.156167,0.000002
323.189533,0.000000
323.2229,0.000002
323.256267,0.000001
323.289633,0.000002
323.323,0.000036
323.356367,0.000009
323.389733,0.000024
323.4231,0.000005
323.456467,0.000001
323.489833,0.000001
323.5232,0.000002
323.556567,0.000001
323.589933,0.000001
323.6233,0.000000
323.656667,0.000001
323.690033,0.000005
323.7234,0.000012
323.756767,0.000016
323.790133,0.000000
323.8235,0.000002
323.856867,0.000003
323.890233,0.000001
323.9236,0.000001
323.956967,0.000002
323.990333,0.057962
324.0237,0.000012
324.057067,0.000005
324.090433,0.000001
324.1238,0.000000
324.157167,0.000000
324.190533,0.000000
324.2239,0.000000
324.257267,0.000000
324.290633,0.000000
324.324,0.000032
324.357367,0.000004
324.390733,0.000008
324.4241,0.000004
324.457467,0.000001
324.490833,0.000000
324.5242,0.000000
324.557567,0.000000
324.590933,0.000000
324.6243,0.000000
324.657667,0.000000
324.691033,0.000000
324.7244,0.000000
324.757767,0.000000
324.791133,0.000000
324.8245,0.000000
324.857867,0.000000
324.891233,0.000000
324.9246,0.000000
324.957967,0.000000
324.991333,0.000000
325.0247,0.000000
325.058067,0.000000
325.091433,0.000000
325.1248,0.000000
325.158167,0.000000
325.191533,0.000000
325.2249,0.000000
325.258267,0.000000
325.291633,0.000000
325.325,0.000029
325.358367,0.000001
325.391733,0.000008
325.4251,0.000004
325.458467,0.000001
325.491833,0.000000
325.5252,0.000000
325.558567,0.000000
325.591933,0.000000
325.6253,0.000000
325.658667,0.000000
325.692033,0.000000
325.7254,0.000000
325.758767,0.000000
325.792133,0.000000
325.8255,0.000000
325.858867,0.000000
325.892233,0.000000
325.9256,0.000000
325.958967,0.000000
325.992333,0.000000
326.0257,0.000000
326.059067,0.000000
326.092433,0.000000
326.1258,0.000000
326.159167,0.000000
326.192533,0.000000
326.2259,0.000000
326.259267,0.000000
326.292633,0.000000
326.326,0.000029
326.359367,0.000001
326.392733,0.065090
326.4261,0.000013
326.459467,0.000006
326.492833,0.000001
326.5262,0.000000
326.559567,0.000000
326.592933,0.000000
326.6263,0.000000
326.659667,0.000000
326.693033,0.000000
326.7264,0.000000
326.759767,0.000000
326.793133,0.000000
326.8265,0.000000
326.859867,0.000000
326.893233,0.000000
326.9266,0.000000
326.959967,0.000000
326.993333,0.000000
327.0267,0.000000
327.060067,0.000000
327.093433,0.000000
327.1268,0.000000
327.160167,0.000000
327.193533,0.000000
327.2269,0.000000
327.260267,0.000000
327.293633,0.000000
327.327,0.000033
327.360367,0.000005
327.393733,0.000009
327.4271,0.000004
327.460467,0.000001
327.493833,0.000000
327.5272,0.000000
327.560567,0.000000
327.593933,0.000000
327.6273,0.000000
327.660667,0.000000
327.694033,0.000000
327.7274,0.000000
327.760767,0.000000
327.794133,0.000000
327.8275,0.000000
327.860867,0.036331
327.894233,0.000015
327.9276,0.000006
327.960967,0.000001
327.994333,0.000000
328.0277,0.000000
328.061067,0.000000
328.094433,0.000000
328.1278,0.000000
328.161167,0.000000
328.194533,0.000000
328.2279,0.000000
328.261267,0.000000
328.294633,0.000000
328.328,0.000037
328.361367,0.000005
328.394733,0.000009
328.4281,0.000004
328.461467,0.000001
328.494833,0.000000
328.5282,0.000000
328.561567,0.000000
328.594933,0.000000
328.6283,0.000000
328.661667,0.000000
328.695033,0.000000
328.7284,0.000000
328.761767,0.000000
328.795133,0.000000
328.8285,0.000000
328.861867,0.000000
328.895233,0.000000
328.9286,0.000000
328.961967,0.000000
328.995333,0.000000
329.0287,0.000000
329.062067,0.000000
329.095433,0.000000
329.1288,0.000000
329.162167,0.000000
329.195533,0.000000
329.2289,0.000000
329.262267,0.000000
329.295633,0.000000
329.329,0.000034
329.362367,0.000002
329.395733,0.054638
329.4291,0.000186
329.462467,0.000122
329.495833,0.000076
329.5292,0.000070
329.562567,0.000064
329.595933,0.000052
329.6293,0.000074
329.662667,0.000019
329.696033,0.000019
329.7294,0.000015
329.762767,0.000020
329.796133,0.000020
329.8295,0.000002
329.862867,0.000025
329.896233,0.000029
329.9296,0.000006
329.962967,0.000024
329.996333,0.000033
330.0297,0.000044
330.063067,0.000046
330.096433,0.000074
330.1298,0.000026
330.163167,0.000024
330.196533,0.000056
330.2299,0.000004
330.263267,0.073923
330.296633,0.000118
330.33,0.000112
330.363367,0.000008
330.396733,0.000108
330.4301,0.000012
330.463467,0.000011
330.496833,0.000026
330.5302,0.000067
330.563567,0.000042
330.596933,0.000094
330.6303,0.000274
330.663667,0.000023
330.697033,0.000152
330.7304,0.000069
330.763767,0.000022
330.797133,0.000109
330.8305,0.000222
330.863867,0.000021
330.897233,0.000111
330.9306,0.000040
330.963967,0.000023
330.997333,0.000033
331.0307,0.000046
331.064067,0.000014
331.097433,0.000021
331.1308,0.000054
331.164167,0.000023
331.197533,0.000036
331.2309,0.000046
331.264267,0.000018
331.297633,0.000069
331.331,0.000293
331.364367,0.000068
331.397733,0.000111
331.4311,0.000007
331.464467,0.000006
331.497833,0.000021
331.5312,0.000070
331.564567,0.000018
331.597933,0.000062
331.6313,0.000038
331.664667,0.000021
331.698033,0.000077
331.7314,0.000177
331.764767,0.000083
331.798133,0.000520
331.8315,0.000743
331.864867,0.000631
331.898233,0.000186
331.9316,0.000106
331.964967,0.000108
331.998333,0.000017
332.0317,0.000075
332.065067,0.000090
332.098433,0.000033
332.1318,0.000034
332.165167,0.000116
332.198533,0.000007
332.2319,0.000000
332.265267,0.000000
332.298633,0.000000
332.332,0.000054
332.365367,0.000010
332.398733,0.000014
332.4321,0.000006
332.465467,0.000001
332.498833,0.000000
332.5322,0.000000
332.565567,0.000000
332.598933,0.068089
332.6323,0.000010
332.665667,0.000004
332.699033,0.000000
332.7324,0.000000
332.765767,0.000000
332.799133,0.000000
332.8325,0.000000
332.865867,0.000000
332.899233,0.000000
332.9326,0.000000
332.965967,0.000000
332.999333,0.000000
333.0327,0.000000
333.066067,0.000000
333.099433,0.000000
333.1328,0.000000
333.166167,0.000000
333.199533,0.000000
333.2329,0.000000
333.266267,0.000000
333.299633,0.000000
333.333,0.000042
333.366367,0.000003
333.399733,0.000012
333.4331,0.000005
333.466467,0.000001
333.499833,0.000000
333.5332,0.000000
333.566567,0.000000
333.599933,0.000000
333.6333,0.000000
333.666667,0.000000
333.700033,0.000000
333.7334,0.000000
333.766767,0.000000
333.800133,0.000000
333.8335,0.000000
333.866867,0.254124
333.900233,0.000265
333.9336,0.000685
333.966967,0.000098
334.000333,0.000183
334.0337,0.000037
334.067067,0.000014
334.100433,0.000001
334.1338,0.000438
334.167167,0.000543
334.200533,0.000392
334.2339,0.000174
334.267267,0.000021
334.300633,0.000021
334.334,0.001156
334.367367,0.000242
334.400733,0.000094
334.4341,0.000120
334.467467,0.000056
334.500833,0.000007
334.5342,0.000003
334.567567,0.000001
334.600933,0.000000
334.6343,0.000000
334.667667,0.000000
334.701033,0.000000
334.7344,0.000000
334.767767,0.000000
334.801133,0.000000
334.8345,0.000000
334.867867,0.000000
334.901233,0.000000
334.9346,0.000000
334.967967,0.000000
335.001333,0.000000
335.0347,0.000000
335.068067,0.000000
335.101433,0.000000
335.1348,0.000000
335.168167,0.000000
335.201533,0.000000
335.2349,0.000000
335.268267,0.000000
335.301633,0.000000
335.335,0.000423
335.368367,0.000033
335.401733,0.000139
335.4351,0.000068
335.468467,0.000011
335.501833,0.000004
335.5352,0.000001
335.568567,0.000000
335.601933,0.000000
335.6353,0.000000
335.668667,0.000000
335.702033,0.000000
335.7354,0.000000
335.768767,0.000000
335.802133,0.000000
335.8355,0.000000
335.868867,0.000000
335.902233,0.000000
335.9356,0.000000
335.968967,0.000000
336.002333,0.000000
336.0357,0.000000
336.069067,0.081483
336.102433,0.000085
336.1358,0.000026
336.169167,0.000005
336.202533,0.000001
336.2359,0.000000
336.269267,0.000000
336.302633,0.000000
336.336,0.000453
336.369367,0.000074
336.402733,0.000135
336.4361,0.000067
336.469467,0.000011
336.502833,0.000004
336.5362,0.000001
336.569567,0.000000
336.602933,0.000000
336.6363,0.000000
336.669667,0.000000
336.703033,0.000000
336.7364,0.000000
336.769767,0.000000
336.803133,0.000000
336.8365,0.000000
336.869867,0.000000
336.903233,0.000000
336.9366,0.000000
336.969967,0.000000
337.003333,0.000000
337.0367,0.000000
337.070067,0.000000
337.103433,0.000000
337.1368,0.000000
337.170167,0.000000
337.203533,0.000000
337.2369,0.000000
337.270267,0.000000
337.303633,0.000000
337.337,0.000400
337.370367,0.000022
337.403733,0.000135
337.4371,0.000067
337.470467,0.000011
337.503833,0.000004
337.5372,0.000001
337.570567,0.000000
337.603933,0.000000
337.6373,0.047141
337.670667,0.000066
337.704033,0.000011
337.7374,0.000002
337.770767,0.000000
337.804133,0.000000
337.8375,0.000000
337.870867,0.000000
337.904233,0.000000
337.9376,0.000000
337.970967,0.000000
338.004333,0.000000
338.0377,0.000000
338.071067,0.000000
338.104433,0.000000
338.1378,0.000000
338.171167,0.000000
338.204533,0.000000
338.2379,0.000000
338.271267,0.000000
338.304633,0.000000
338.338,0.000416
338.371367,0.000039
338.404733,0.000135
338.4381,0.000066
338.471467,0.000011
338.504833,0.000004
338.5382,0.000000
338.571567,0.000000
338.604933,0.000000
338.6383,0.000000
338.671667,0.000000
338.705033,0.000000
338.7384,0.000000
338.771767,0.000000
338.805133,0.000000
338.8385,0.000000
338.871867,0.000000
338.905233,0.000000
338.9386,0.000000
338.971967,0.000000
339.005333,0.000000
339.0387,0.000000
339.072067,0.000000
339.105433,0.000000
339.1388,0.000000
339.172167,0.000000
339.205533,0.000000
339.2389,0.000000
339.272267,0.000000
339.305633,0.000000
339.339,0.000399
339.372367,0.000021
339.405733,0.000135
339.4391,0.000066
339.472467,0.000011
339.505833,0.000004
339.5392,0.000000
339.572567,0.000000
339.605933,0.000000
339.6393,0.000000
339.672667,0.000000
339.706033,0.000000
339.7394,0.000000
339.772767,0.000000
339.806133,0.000000
339.8395,0.000000
339.872867,0.000000
339.906233,0.000000
339.9396,0.000000
339.972967,0.000000
340.006333,0.000000
340.0397,0.000000
340.073067,0.000000
340.106433,1.000000
340.1398,0.023074
340.173167,0.055233
340.206533,0.057939
340.2399,0.007962
340.273267,0.001221
340.306633,0.000131
340.34,0.000198
340.373367,0.000020
340.406733,0.000137
340.4401,0.000015
340.473467,0.000002
340.506833,0.000001
340.5402,0.000000
340.573567,0.000000
340.606933,0.000000
340.6403,0.000000
340.673667,0.000000
340.707033,0.000000
340.7404,0.000000
340.773767,0.000000
340.807133,0.000000
340.8405,0.000000
340.873867,0.000000
340.907233,0.000000
340.9406,0.000000
340.973967,0.000000
341.007333,0.000000
341.0407,0.000000
341.074067,0.000000
341.107433,0.000000
341.1408,0.000000
341.174167,0.000000
341.207533,0.000000
341.2409,0.000000
341.274267,0.000000
341.307633,0.000000
341.341,0.000238
341.374367,0.000007
341.407733,0.000137
341.4411,0.000015
341.474467,0.000002
341.507833,0.000001
341.5412,0.000000
341.574567,0.000000
341.607933,0.000000
341.6413,0.000000
341.674667,0.000000
341.708033,0.000000
341.7414,0.000000
341.774767,0.000000
341.808133,0.000000
341.8415,0.000000
341.874867,0.000000
341.908233,0.000000
341.9416,0.000000
341.974967,0.000000
342.008333,0.000000
342.0417,0.000000
342.075067,0.000000
342.108433,1.000000
342.1418,0.000093
342.175167,0.000022
342.208533,0.000010
342.2419,0.000001
342.275267,0.000003
342.308633,0.000002
342.342,0.000083
342.375367,0.000038
342.408733,0.000014
342.4421,0.000007
342.475467,0.000618
342.508833,0.000306
342.5422,0.000006
342.575567,0.000042
342.608933,0.000031
342.6423,0.000014
342.675667,0.000007
342.709033,0.000001
342.7424,0.001605
342.775767,0.000080
342.809133,0.003115
342.8425,0.000041
342.875867,0.000031
342.909233,0.000031
342.9426,0.003040
342.975967,0.000061
343.009333,0.000012
343.0427,0.000003
343.076067,0.000032
343.109433,0.000009
343.1428,0.000002
343.176167,0.000000
343.209533,0.000929
343.2429,0.000407
343.276267,0.000542
343.309633,0.001140
343.343,0.000768
343.376367,0.000199
343.409733,0.000154
343.4431,0.000061
343.476467,0.000022
343.509833,0.000005
343.5432,0.000048
343.576567,0.000006
343.609933,0.002261
343.6433,0.002401
343.676667,0.002276
343.710033,0.000059
343.7434,0.000024
343.776767,0.000016
343.810133,0.000003
343.8435,0.000007
343.876867,0.000043
343.910233,0.002342
343.9436,0.000101
343.976967,0.000016
344.010333,0.000012
344.0437,0.000001
344.077067,0.000005
344.110433,0.000004
344.1438,0.000000
344.177167,0.000005
344.210533,0.000004
344.2439,0.002827
344.277267,0.001333
344.310633,0.000061
344.344,0.000196
344.377367,0.000235
344.410733,0.000102
344.4441,0.000029
344.477467,0.000097
344.510833,0.000032
344.5442,0.001972
344.577567,0.000089
344.610933,0.003965
344.6443,0.000019
344.677667,0.000013
344.711033,0.000056
344.7444,0.000007
344.777767,0.000029
344.811133,0.000013
344.8445,0.000008
344.877867,0.082531
344.911233,0.000075
344.9446,0.000010
344.977967,0.000002
345.011333,0.000000
345.0447,0.000078
345.078067,0.000016
345.111433,0.000010
345.1448,0.000071
345.178167,0.003961
345.211533,0.000114
345.2449,0.000019
345.278267,0.000012
345.311633,0.000054
345.345,0.000086
345.378367,0.000047
345.411733,0.003906
345.4451,0.000069
345.478467,0.000022
345.511833,0.003781
345.5452,0.000071
345.578567,0.000020
345.611933,0.000007
345.6453,0.000000
345.678667,0.000001
345.712033,0.000005
345.7454,0.000004
345.778767,0.000004
345.812133,0.000004
345.8455,0.000000
345.878867,0.000059
345.912233,0.003880
345.9456,0.000050
345.978967,0.000009
346.012333,0.000003
346.0457,0.000011
346.079067,0.000004
346.112433,0.000001
346.1458,0.000005
346.179167,0.037178
346.212533,0.000021
346.2459,0.000009
346.279267,0.000001
346.312633,0.000000
346.346,0.000064
346.379367,0.000009
346.412733,0.000596
346.4461,0.000135
346.479467,0.017363
346.512833,0.000382
346.5462,0.000135
346.579567,0.006785
346.612933,0.000351
346.6463,0.001488
346.679667,0.001696
346.713033,0.001594
346.7464,0.000561
346.779767,0.000161
346.813133,0.000056
346.8465,0.000022
346.879867,0.000030
346.913233,0.000021
346.9466,0.000064
346.979967,0.000028
347.013333,0.000007
347.0467,0.000044
347.080067,0.000045
347.113433,0.000039
347.1468,0.000008
347.180167,0.000011
347.213533,0.000022
347.2469,0.000057
347.280267,0.000000
347.313633,0.000020
347.347,0.000187
347.380367,0.000128
347.413733,0.000046
347.4471,0.000023
347.480467,0.000005
347.513833,0.000003
347.5472,0.000005
347.580567,0.000006
347.613933,0.000165
347.6473,0.000032
347.680667,0.000000
347.714033,0.000011
347.7474,0.005218
347.780767,0.030435
347.814133,0.004470
347.8475,0.001754
347.880867,0.000170
347.914233,0.000047
347.9476,0.000047
347.980967,0.000015
348.014333,0.000012
348.0477,0.000008
348.081067,0.000000
348.114433,0.000056
348.1478,0.000007
348.181167,0.000014
348.214533,0.000009
348.2479,0.000022
348.281267,0.000002
348.314633,0.000025
348.348,0.027289
348.381367,0.000116
348.414733,0.000051
348.4481,0.000007
348.481467,0.000001
348.514833,0.000000
348.5482,0.000007
348.581567,0.000007
348.614933,0.000007
348.6483,0.000009
348.681667,0.000006
348.715033,0.000030
348.7484,0.000012
348.781767,0.000000
348.815133,0.000026
348.8485,0.000024
348.881867,0.000477
348.915233,0.000071
348.9486,0.000983
348.981967,0.000070
349.015333,0.001002
349.0487,0.000066
349.082067,0.000004
349.115433,0.000510
349.1488,0.000018
349.182167,0.000007
349.215533,0.000000
349.2489,0.000042
349.282267,0.000509
349.315633,0.000051
349.349,0.001043
349.382367,0.000121
349.415733,0.000038
349.4491,0.000001
349.482467,0.000011
349.515833,0.000026
349.5492,0.000011
349.582567,0.000001
349.615933,0.001043
349.6493,0.000099
349.682667,0.000042
349.716033,0.000024
349.7494,0.000009
349.782767,0.000009
349.816133,0.000012
349.8495,0.000082
349.882867,0.000906
349.916233,0.000113
349.9496,0.000012
349.982967,0.000029
350.016333,0.000012
350.0497,0.000002
350.083067,0.001017
350.116433,0.029929
350.1498,0.000070
350.183167,0.000010
350.216533,0.000024
350.2499,0.000359
350.283267,0.000020
350.316633,0.000212
350.35,0.000341
350.383367,0.000145
350.416733,0.000026
350.4501,0.000011
350.483467,0.000049
350.516833,0.000020
350.5502,0.008431
350.583567,0.000117
350.616933,0.000043
350.6503,0.000018
350.683667,0.000004
350.717033,0.000006
350.7504,0.000002
350.783767,0.000000
350.817133,0.000020
350.8505,0.000066
350.883867,0.001787
350.917233,0.001834
350.9506,0.000119
350.983967,0.001742
351.017333,0.000065
351.0507,0.001636
351.084067,0.000042
351.117433,0.000012
351.1508,0.000011
351.184167,0.000000
351.217533,0.000001
351.2509,0.000001
351.284267,0.000001
351.317633,0.000000
351.351,0.000081
351.384367,0.000027
351.417733,0.000043
351.4511,0.000025
351.484467,0.003384
351.517833,0.000065
351.5512,0.000019
351.584567,0.001778
351.617933,0.000028
351.6513,0.000015
351.684667,0.000011
351.718033,0.000001
351.7514,0.000000
351.784767,0.028825
351.818133,0.001777
351.8515,0.000038
351.884867,0.000016
351.918233,0.000002
351.9516,0.000014
351.984967,0.000011
352.018333,0.000002
352.0517,0.000001
352.085067,0.000000
352.118433,0.000333
352.1518,0.000168
352.185167,0.000168
352.218533,0.000117
352.2519,0.000035
352.285267,0.000000
352.318633,0.000006
352.352,0.000052
352.385367,0.000005
352.418733,0.000031
352.4521,0.000067
352.485467,0.003513
352.518833,0.000063
352.5522,0.001757
352.585567,0.000223
352.618933,0.000035
352.6523,0.000019
352.685667,0.000007
352.719033,0.000017
352.7524,0.000013
352.785767,0.001004
352.819133,0.000492
352.8525,0.000107
352.885867,0.000020
352.919233,0.003376
352.9526,0.000009
352.985967,0.000062
353.019333,0.000018
353.0527,0.003279
353.086067,0.000073
353.119433,0.000011
353.1528,0.000030
353.186167,0.000009
353.219533,0.000001
353.2529,0.000000
353.286267,0.000001
353.319633,0.000026
353.353,0.000063
353.386367,0.000036
353.419733,0.000018
353.4531,0.030357
353.486467,0.000021
353.519833,0.000009
353.5532,0.000002
353.586567,0.000001
353.619933,0.000004
353.6533,0.000004
353.686667,0.000001
353.720033,0.000001
353.7534,0.000000
353.786767,0.000004
353.820133,0.000004
353.8535,0.000001
353.886867,0.000045
353.920233,0.000018
353.9536,0.000030
353.986967,0.003210
354.020333,0.000057
354.0537,0.000014
354.087067,0.000003
354.120433,0.000001
354.1538,0.000001
354.187167,0.000000
354.220533,0.000022
354.2539,0.000010
354.287267,0.000001
354.320633,0.000001
354.354,0.006852
354.387367,0.014641
354.420733,0.000396
354.4541,0.000034
354.487467,0.000096
354.520833,0.000001
354.5542,0.028095
354.587567,0.000193
354.620933,0.000020
354.6543,0.000044
354.687667,0.000020
354.721033,0.000003
354.7544,0.000007
354.787767,0.000010
354.821133,0.000001
354.8545,0.000000
354.887867,0.000000
354.921233,0.000021
354.9546,0.000030
354.987967,0.000006
355.021333,0.037209
355.0547,0.000030
355.088067,0.000012
355.121433,0.000002
355.1548,0.000001
355.188167,0.000037
355.221533,0.000035
355.2549,0.000023
355.288267,0.000017
355.321633,0.000002
355.355,0.000166
355.388367,0.000079
355.421733,0.000072
355.4551,0.000017
355.488467,0.000001
355.521833,0.000016
355.5552,0.000009
355.588567,0.000023
355.621933,0.000008
355.6553,0.000019
355.688667,0.000011
355.722033,0.000001
355.7554,0.000000
355.788767,0.000000
355.822133,0.000018
355.8555,0.000015
355.888867,0.000010
355.922233,0.000000
355.9556,0.000000
355.988967,0.000000
356.022333,0.001605
356.0557,0.000220
356.089067,0.000108
356.122433,0.000031
356.1558,0.000028
356.189167,0.000006
356.222533,0.000019
356.2559,0.000002
356.289267,0.000001
356.322633,0.000008
356.356,0.000144
356.389367,0.000065
356.422733,0.000024
356.4561,0.000010
356.489467,0.000000
356.522833,0.025415
356.5562,0.000020
356.589567,0.000007
356.622933,0.000032
356.6563,0.000015
356.689667,0.000002
356.723033,0.000005
356.7564,0.000011
356.789767,0.000016
356.823133,0.000008
356.8565,0.000006
356.889867,0.000014
356.923233,0.000013
356.9566,0.000012
356.989967,0.000001
357.023333,0.000001
357.0567,0.000037
357.090067,0.000012
357.123433,0.000007
357.1568,0.000008
357.190167,0.000011
357.223533,0.000000
357.2569,0.000000
357.290267,0.000000
357.323633,0.000000
357.357,0.000860
357.390367,0.000093
357.423733,0.000030
357.4571,0.000012
357.490467,0.000038
357.523833,0.000005
357.5572,0.040862
357.590567,0.000074
357.623933,0.000017
357.6573,0.000015
357.690667,0.000027
357.724033,0.000015
357.7574,0.000001
357.790767,0.000013
357.824133,0.000003
357.8575,0.000009
357.890867,0.000002
357.924233,0.000013
357.9576,0.000000
357.990967,0.000032
358.024333,0.000005
358.0577,0.000004
358.091067,0.000013
358.124433,0.000013
358.1578,0.000000
358.191167,0.000000
358.224533,0.000004
358.2579,0.000015
358.291267,0.000013
358.324633,0.000001
358.358,0.000088
358.391367,0.000014
358.424733,0.000024
358.4581,0.000009
358.491467,0.000088
358.524833,0.000059
358.5582,0.000005
358.591567,0.000004
358.624933,0.000003
358.6583,0.000002
358.691667,0.000009
358.725033,0.000009
358.7584,0.000021
358.791767,0.000021
358.825133,0.000001
358.8585,0.000001
358.891867,0.000002
358.925233,0.000006
358.9586,0.000017
358.991967,0.000001
359.025333,0.000011
359.0587,0.000010
359.092067,0.000001
359.125433,0.000005
359.1588,0.000001
359.192167,0.000054
359.225533,0.000287
359.2589,0.000170
359.292267,0.000083
359.325633,0.000015
359.359,0.000079
359.392367,0.000024
359.425733,0.000032
359.4591,0.000045
359.492467,0.000284
359.525833,0.000079
359.5592,0.000029
359.592567,0.009389
359.625933,0.003219
359.6593,0.001057
359.692667,0.001840
359.726033,0.001347
359.7594,0.000389
359.792767,0.000101
359.826133,0.000048
359.8595,0.000014
359.892867,0.024405
359.926233,0.000037
359.9596,0.000014
359.992967,0.000008
360.026333,0.000001
360.0597,0.000002
360.093067,0.000000
360.126433,0.000027
360.1598,0.000008
360.193167,0.000008
360.226533,0.000007
360.2599,0.000017
360.293267,0.000016
360.326633,0.000024
360.36,0.000130
360.393367,0.000027
360.426733,0.000067
360.4601,0.000012
360.493467,0.000000
360.526833,0.000000
360.5602,0.000001
360.593567,0.000051
360.626933,0.000004
360.6603,0.000014
360.693667,0.000066
360.727033,0.000090
360.7604,0.000051
360.793767,0.000018
360.827133,0.000015
360.8605,0.000032
360.893867,0.000018
360.927233,0.000010
360.9606,0.000007
360.993967,0.000008
361.027333,0.000119
361.0607,0.000059
361.094067,0.000026
361.127433,0.000085
361.1608,0.000036
361.194167,0.000025
361.227533,0.000004
361.2609,0.000015
361.294267,0.000007
361.327633,0.000008
361.361,0.000085
361.394367,0.000045
361.427733,0.000025
361.4611,0.000011
361.494467,0.000002
361.527833,0.000001
361.5612,0.000000
361.594567,0.000003
361.627933,0.000000
361.6613,0.000003
361.694667,0.000000
361.728033,0.000002
361.7614,0.000028
361.794767,0.000016
361.828133,0.000000
361.8615,0.043258
361.894867,0.000017
361.928233,0.000007
361.9616,0.000011
361.994967,0.000032
362.028333,0.000012
362.0617,0.000008
362.095067,0.000007
362.128433,0.000000
362.1618,0.000000
362.195167,0.000003
362.228533,0.000000
362.2619,0.000000
362.295267,0.000000
362.328633,0.000000
362.362,0.000090
362.395367,0.000001
362.428733,0.000760
362.4621,0.000200
362.495467,0.000047
362.528833,0.000012
362.5622,0.000015
362.595567,0.000006
362.628933,0.000007
362.6623,0.000008
362.695667,0.000009
362.729033,0.000001
362.7624,0.000000
362.795767,0.000034
362.829133,0.000011
362.8625,0.000011
362.895867,0.000011
362.929233,0.000000
362.9626,0.000009
362.995967,0.000009
363.029333,0.000000
363.0627,0.000000
363.096067,0.000000
363.129433,0.000000
363.1628,0.000000
363.196167,0.000000
363.229533,0.000000
363.2629,0.000022
363.296267,0.040608
363.329633,0.000023
363.363,0.000124
363.396367,0.000056
363.429733,0.000024
363.4631,0.000010
363.496467,0.000001
363.529833,0.000001
363.5632,0.000000
363.596567,0.000000
363.629933,0.000000
363.6633,0.000001
363.696667,0.000010
363.730033,0.000001
363.7634,0.000011
363.796767,0.000001
363.830133,0.000000
363.8635,0.000000
363.896867,0.000009
363.930233,0.000009
363.9636,0.000000
363.996967,0.000000
364.030333,0.000000
364.0637,0.000001
364.097067,0.000011
364.130433,0.000010
364.1638,0.000001
364.197167,0.000041
364.230533,0.000015
364.2639,0.000007
364.297267,0.000145
364.330633,0.000047
364.364,0.000108
364.397367,0.000029
364.430733,0.000084
364.4641,0.000024
364.497467,0.000009
364.530833,0.000044
364.5642,0.000013
364.597567,0.000044
364.630933,0.000099
364.6643,0.000031
364.697667,0.000089
364.731033,0.000030
364.7644,0.000013
364.797767,0.000731
364.831133,0.001077
364.8645,0.000440
364.897867,0.036640
364.931233,0.005947
364.9646,0.000382
364.997967,0.000058
365.031333,0.000004
365.0647,0.000000
365.098067,0.000017
365.131433,0.000009
365.1648,0.000011
365.198167,0.000000
365.231533,0.000000
365.2649,0.000019
365.298267,0.000030
365.331633,0.000004
365.365,0.000077
365.398367,0.000021
365.431733,0.000023
365.4651,0.000058
365.498467,0.000012
365.531833,0.000021
365.5652,0.004905
365.598567,0.000069
365.631933,0.000369
365.6653,0.004859
365.698667,0.000071
365.732033,0.000014
365.7654,0.004855
365.798767,0.000291
365.832133,0.000039
365.8655,0.000084
365.898867,0.000016
365.932233,0.004647
365.9656,0.000060
365.998967,0.000010
366.032333,0.000016
366.0657,0.000017
366.099067,0.000012
366.132433,0.000029
366.1658,0.000010
366.199167,0.000020
366.232533,0.004665
366.2659,0.000019
366.299267,0.078113
366.332633,0.000028
366.366,0.000102
366.399367,0.000035
366.432733,0.000026
366.4661,0.000011
366.499467,0.000002
366.532833,0.000009
366.5662,0.004460
366.599567,0.000029
366.632933,0.000195
366.6663,0.000053
366.699667,0.000015
366.733033,0.000249
366.7664,0.000086
366.799767,0.000018
366.833133,0.000003
366.8665,0.000001
366.899867,0.000002
366.933233,0.000001
366.9666,0.000002
366.999967,0.000052
367.033333,0.000003
367.0667,0.000009
367.100067,0.000016
367.133433,0.000031
367.1668,0.000014
367.200167,0.000014
367.233533,0.000027
367.2669,0.000033
367.300267,0.000029
367.333633,0.000026
367.367,0.000046
367.400367,0.000022
367.433733,0.000042
367.4671,0.000004
367.500467,0.000002
367.533833,0.000004
367.5672,0.000012
367.600567,0.000000
367.633933,0.000015
367.6673,0.000012
367.700667,0.000000
367.734033,0.000000
367.7674,0.000000
367.800767,0.000000
367.834133,0.000000
367.8675,0.000000
367.900867,0.000000
367.934233,0.000000
367.9676,0.000000
368.000967,0.000000
368.034333,0.000000
368.0677,0.000000
368.101067,0.000000
368.134433,0.000008
368.1678,0.000008
368.201167,0.000000
368.234533,0.000000
368.2679,0.000009
368.301267,0.000008
368.334633,0.000000
368.368,0.000086
368.401367,0.000005
368.434733,0.000025
368.4681,0.000011
368.501467,0.000002
368.534833,0.000001
368.5682,0.000000
368.601567,0.000007
368.634933,0.000007
368.6683,0.000000
368.701667,0.000000
368.735033,0.000007
368.7684,0.000007
368.801767,0.000000
368.835133,0.000286
368.8685,0.000087
368.901867,0.000004
368.935233,0.000034
368.9686,0.000016
369.001967,0.000006
369.035333,0.000007
369.0687,0.000008
369.102067,0.067852
369.135433,0.000025
369.1688,0.000010
369.202167,0.000003
369.235533,0.000006
369.2689,0.000007
369.302267,0.000000
369.335633,0.000000
369.369,0.000111
369.402367,0.000026
369.435733,0.000025
369.4691,0.000010
369.502467,0.000069
369.535833,0.000020
369.5692,0.000007
369.602567,0.000125
369.635933,0.000068
369.6693,0.008596
369.702667,0.003958
369.736033,0.006045
369.7694,0.000518
369.802767,0.000074
369.836133,0.000014
369.8695,0.000017
369.902867,0.000020
369.936233,0.000006
369.9696,0.000001
370.002967,0.000000
370.036333,0.000072
370.0697,0.000014
370.103067,0.000000
370.136433,0.000001
370.1698,0.000033
370.203167,0.000014
370.236533,0.000000
370.2699,0.000000
370.303267,0.000001
370.336633,0.000039
370.37,0.000097
370.403367,0.000055
370.436733,0.000028
370.4701,0.000012
370.503467,0.000002
370.536833,0.000001
370.5702,0.000000
370.603567,0.041109
370.636933,0.000055
370.6703,0.000014
370.703667,0.000001
370.737033,0.000000
370.7704,0.000000
370.803767,0.000030
370.837133,0.000012
370.8705,0.000000
370.903867,0.000000
370.937233,0.000034
370.9706,0.000013
371.003967,0.000000
371.037333,0.000000
371.0707,0.000000
371.104067,0.000034
371.137433,0.000012
371.1708,0.000000
371.204167,0.000000
371.237533,0.000000
371.2709,0.000000
371.304267,0.000000
371.337633,0.000000
371.371,0.000081
371.404367,0.000006
371.437733,0.000032
371.4711,0.000015
371.504467,0.000002
371.537833,0.000001
371.5712,0.000001
371.604567,0.000029
371.637933,0.000013
371.6713,0.000000
371.704667,0.000000
371.738033,0.000000
371.7714,0.000047
371.804767,0.000012
371.838133,0.000001
371.8715,0.000000
371.904867,0.000000
371.938233,0.000000
371.9716,0.000000
372.004967,0.000000
372.038333,0.000911
372.0717,0.000198
372.105067,0.000082
372.138433,0.146810
372.1718,0.000048
372.205167,0.000016
372.238533,0.000006
372.2719,0.000000
372.305267,0.000000
372.338633,0.000000
372.372,0.000070
372.405367,0.000013
372.438733,0.000019
372.4721,0.000008
372.505467,0.000001
372.538833,0.000000
372.5722,0.000000
372.605567,0.000000
372.638933,0.000000
372.6723,0.000000
372.705667,0.000000
372.739033,0.000000
372.7724,0.000000
372.805767,0.000000
372.839133,0.000000
372.8725,0.000000
372.905867,0.000000
372.939233,0.000000
372.9726,0.000000
373.005967,0.000000
373.039333,0.000000
373.0727,0.000000
373.106067,0.000000
373.139433,0.000000
373.1728,0.000000
373.206167,0.000000
373.239533,0.000000
373.2729,0.000000
373.306267,0.000000
373.339633,0.000000
373.373,0.000060
373.406367,0.000003
373.439733,0.000019
373.4731,0.000008
373.506467,0.000001
373.539833,0.000000
373.5732,0.000000
373.606567,0.000000
373.639933,0.000000
373.6733,0.000000
373.706667,0.000000
373.740033,0.000000
373.7734,0.000000
373.806767,0.000000
373.840133,0.000000
373.8735,0.000000
373.906867,0.000000
373.940233,0.000000
373.9736,0.000000
374.006967,0.000000
374.040333,0.000000
374.0737,0.000000
374.107067,0.000000
374.140433,0.000000
374.1738,0.000000
374.207167,0.000000
374.240533,0.000000
374.2739,0.000000
374.307267,0.000000
374.340633,0.000000
374.374,0.000060
374.407367,0.000003
374.440733,0.000019
374.4741,0.000008
374.507467,0.000001
374.540833,0.000000
374.5742,0.000000
374.607567,0.000000
374.640933,0.000000
374.6743,0.000000
374.707667,0.000000
374.741033,0.000000
374.7744,0.000000
374.807767,0.000000
374.841133,0.051867
374.8745,0.000276
374.907867,0.000012
374.941233,0.000003
374.9746,0.000018
375.007967,0.000016
375.041333,0.000000
375.0747,0.000000
375.108067,0.000000
375.141433,0.000001
375.1748,0.000001
375.208167,0.000001
375.241533,0.000015
375.2749,0.000016
375.308267,0.000002
375.341633,0.000001
375.375,0.000070
375.408367,0.000016
375.441733,0.000045
375.4751,0.000008
375.508467,0.000001
375.541833,0.000017
375.5752,0.000018
375.608567,0.000002
375.641933,0.000002
375.6753,0.000002
375.708667,0.000002
375.742033,0.000005
375.7754,0.000012
375.808767,0.000008
375.842133,0.000010
375.8755,0.000017
375.908867,0.000000
375.942233,0.000001
375.9756,0.000002
376.008967,0.000003
376.042333,0.000001
376.0757,0.000002
376.109067,0.000018
376.142433,0.000016
376.1758,0.000000
376.209167,0.000000
376.242533,0.000000
376.2759,0.000001
376.309267,0.000001
376.342633,0.000001
376.376,0.000062
376.409367,0.000021
376.442733,0.000030
376.4761,0.000010
376.509467,0.000002
376.542833,0.000001
376.5762,0.000000
376.609567,0.000000
376.642933,0.000000
376.6763,0.000016
376.709667,0.000018
376.743033,0.000001
376.7764,0.038272
376.809767,0.000273
376.843133,0.000012
376.8765,0.000002
376.909867,0.000001
376.943233,0.000000
376.9766,0.000017
377.009967,0.000017
377.043333,0.000000
377.0767,0.000001
377.110067,0.000001
377.143433,0.000002
377.1768,0.000001
377.210167,0.000003
377.243533,0.000002
377.2769,0.000017
377.310267,0.000016
377.343633,0.000000
377.377,0.000060
377.410367,0.000005
377.443733,0.000045
377.4771,0.000007
377.510467,0.000001
377.543833,0.000015
377.5772,0.000015
377.610567,0.000002
377.643933,0.000001
377.6773,0.000001
377.710667,0.000000
377.744033,0.000000
377.7774,0.000000
377.810767,0.000000
377.844133,0.000016
377.8775,0.000018
377.910867,0.000002
377.944233,0.000001
377.9776,0.000002
378.010967,0.000001
378.044333,0.000001
378.0777,0.000000
378.111067,0.000017
378.144433,0.000017
378.1778,0.000001
378.211167,0.000001
378.244533,0.000001
378.2779,0.000002
378.311267,0.000002
378.344633,0.000002
378.378,0.000059
378.411367,0.000023
378.444733,0.000031
378.4781,0.000008
378.511467,0.000001
378.544833,0.000000
378.5782,0.000001
378.611567,0.000001
378.644933,0.000001
378.6783,0.000002
378.711667,0.000017
378.745033,0.000015
378.7784,0.000001
378.811767,0.000001
378.845133,0.000001
378.8785,0.000000
378.911867,0.000000
378.945233,0.000000
378.9786,0.000016
379.011967,0.000018
379.045333,0.000002
379.0787,0.000002
379.112067,0.000637
379.145433,0.032334
379.1788,0.000017
379.212167,0.000008
379.245533,0.000001
379.2789,0.000000
379.312267,0.000000
379.345633,0.000000
379.379,0.000064
379.412367,0.000009
379.445733,0.000017
379.4791,0.000008
379.512467,0.000001
379.545833,0.000001
379.5792,0.000000
379.612567,0.000000
379.645933,0.000000
379.6793,0.000000
379.712667,0.000000
379.746033,0.000000
379.7794,0.000000
379.812767,0.000000
379.846133,0.000000
379.8795,0.000000
379.912867,0.000000
379.946233,0.000000
379.9796,0.000000
380.012967,0.000000
380.046333,0.000000
380.0797,0.000000
380.113067,0.000000
380.146433,0.000000
380.1798,0.000000
380.213167,0.000000
380.246533,0.000000
380.2799,0.000000
380.313267,0.000000
380.346633,0.000000
380.38,0.000059
380.413367,0.000003
380.446733,0.000017
380.4801,0.000008
380.513467,0.000001
380.546833,0.000001
380.5802,0.000000
380.613567,0.000000
380.646933,0.000000
380.6803,0.000000
380.713667,0.000000
380.747033,0.000000
380.7804,0.000000
380.813767,0.000000
380.847133,0.000000
380.8805,0.000000
380.913867,0.000000
380.947233,0.000000
380.9806,0.000000
381.013967,0.000000
381.047333,0.000000
381.0807,0.000000
381.114067,0.000000
381.147433,0.000000
381.1808,0.039461
381.214167,0.000012
381.247533,0.000005
381.2809,0.000001
381.314267,0.000000
381.347633,0.000000
381.381,0.000057
381.414367,0.000005
381.447733,0.000014
381.4811,0.000007
381.514467,0.000001
381.547833,0.000001
381.5812,0.000000
381.614567,0.000000
381.647933,0.000000
381.6813,0.000000
381.714667,0.000000
381.748033,0.000000
381.7814,0.000000
381.814767,0.000000
381.848133,0.000000
381.8815,0.000000
381.914867,0.000000
381.948233,0.000000
381.9816,0.000000
382.014967,0.000000
382.048333,0.000000
382.0817,0.000000
382.115067,0.000000
382.148433,0.000000
382.1818,0.000000
382.215167,0.000000
382.248533,0.000000
382.2819,0.000000
382.315267,0.000000
382.348633,0.000000
382.382,0.000054
382.415367,0.000003
382.448733,0.000014
382.4821,0.000007
382.515467,0.000001
382.548833,0.000001
382.5822,0.000000
382.615567,0.000000
382.648933,0.000000
382.6823,0.000000
382.715667,0.000000
382.749033,0.000000
382.7824,0.000000
382.815767,0.000000
382.849133,0.000000
382.8825,0.000000
382.915867,0.000000
382.949233,0.000000
382.9826,0.000000
383.015967,0.000000
383.049333,0.049835
383.0827,0.000017
383.116067,0.000007
383.149433,0.000002
383.1828,0.000000
383.216167,0.000000
383.249533,0.000000
383.2829,0.000000
383.316267,0.000000
383.349633,0.000000
383.383,0.000058
383.416367,0.000005
383.449733,0.000017
383.4831,0.000008
383.516467,0.000001
383.549833,0.000000
383.5832,0.000000
383.616567,0.000000
383.649933,0.000000
383.6833,0.000000
383.716667,0.000000
383.750033,0.000000
383.7834,0.000000
383.816767,0.000000
383.850133,0.000000
383.8835,0.000000
383.916867,0.000000
383.950233,0.000000
383.9836,0.000000
384.016967,0.000000
384.050333,0.000000
384.0837,0.000000
384.117067,0.000000
384.150433,0.000000
384.1838,0.000000
384.217167,0.000000
384.250533,0.000000
384.2839,0.000000
384.317267,0.047862
384.350633,0.000021
384.384,0.000056
384.417367,0.000010
384.450733,0.000018
384.4841,0.000008
384.517467,0.000001
384.550833,0.000001
384.5842,0.000000
384.617567,0.000000
384.650933,0.000000
384.6843,0.000000
384.717667,0.000000
384.751033,0.000000
384.7844,0.000000
384.817767,0.000000
384.851133,0.000000
384.8845,0.000000
384.917867,0.000000
384.951233,0.000000
384.9846,0.000000
385.017967,0.000000
385.051333,0.000000
385.0847,0.000000
385.118067,0.000000
385.151433,0.000000
385.1848,0.000000
385.218167,0.000000
385.251533,0.000000
385.2849,0.000000
385.318267,0.000000
385.351633,0.000000
385.385,0.000062
385.418367,0.000003
385.451733,0.000018
385.4851,0.000008
385.518467,0.000001
385.551833,0.000001
385.5852,0.000000
385.618567,0.000000
385.651933,0.000000
385.6853,0.000000
385.718667,0.000000
385.752033,0.000000
385.7854,0.000000
385.818767,0.000000
385.852133,0.000000
385.8855,0.000000
385.918867,0.000000
385.952233,0.000000
385.9856,0.000000
386.018967,0.000000
386.052333,0.000000
386.0857,0.000000
386.119067,0.000000
386.152433,0.000000
386.1858,0.000000
386.219167,0.000000
386.252533,0.067221
386.2859,0.000091
386.319267,0.000032
386.352633,0.000007
386.386,0.000066
386.419367,0.000011
386.452733,0.000050
386.4861,0.000000
386.519467,0.000013
386.552833,0.000014
386.5862,0.000006
386.619567,0.000014
386.652933,0.000000
386.6863,0.000002
386.719667,0.000002
386.753033,0.000000
386.7864,0.000002
386.819767,0.000001
386.853133,0.000000
386.8865,0.000002
386.919867,0.000002
386.953233,0.000001
386.9866,0.000002
387.019967,0.000003
387.053333,0.000000
387.0867,0.000001
387.120067,0.000002
387.153433,0.000001
387.1868,0.000001
387.220167,0.000001
387.253533,0.000000
387.2869,0.000003
387.320267,0.000001
387.353633,0.000001
387.387,0.000070
387.420367,0.000009
387.453733,0.000050
387.4871,0.000006
387.520467,0.000001
387.553833,0.000002
387.5872,0.000024
387.620567,0.000279
387.653933,0.000006
387.6873,0.000026
387.720667,0.000014
387.754033,0.000072
387.7874,0.000114
387.820767,0.000046
387.854133,0.000004
387.8875,0.000051
387.920867,0.000003
387.954233,0.000001
387.9876,0.000003
388.020967,0.000001
388.054333,0.000001
388.0877,0.000001
388.121067,0.000003
388.154433,0.000001
388.1878,0.000003
388.221167,0.000001
388.254533,0.000000
388.2879,0.000000
388.321267,0.000003
388.354633,0.000001
388.388,0.000075
388.421367,0.000003
388.454733,0.000050
388.4881,0.000009
388.521467,0.000004
388.554833,0.000002
388.5882,0.000000
388.621567,0.000004
388.654933,0.000000
388.6883,0.000000
388.721667,0.000004
388.755033,0.000001
388.7884,0.000005
388.821767,0.000000
388.855133,0.000001
388.8885,0.000004
388.921867,0.000003
388.955233,0.000001
388.9886,0.000003
389.021967,0.000000
389.055333,0.000002
389.0887,0.000002
389.122067,0.000006
389.155433,0.000001
389.1888,0.069471
389.222167,0.000071
389.255533,0.000010
389.2889,0.000002
389.322267,0.000000
389.355633,0.000000
389.389,0.000070
389.422367,0.000011
389.455733,0.000019
389.4891,0.000009
389.522467,0.000001
389.555833,0.000000
389.5892,0.000000
389.622567,0.000000
389.655933,0.000000
389.6893,0.000000
389.722667,0.000000
389.756033,0.000000
389.7894,0.000000
389.822767,0.000000
389.856133,0.000000
389.8895,0.000000
389.922867,0.000000
389.956233,0.000000
389.9896,0.000000
390.022967,0.000000
390.056333,0.000000
390.0897,0.000000
390.123067,0.000000
390.156433,0.000000
390.1898,0.000000
390.223167,0.000000
390.256533,0.000000
390.2899,0.000000
390.323267,0.000000
390.356633,0.000000
390.39,0.000063
390.423367,0.000003
390.456733,0.000019
390.4901,0.000009
390.523467,0.000001
390.556833,0.000000
390.5902,0.000000
390.623567,0.000000
390.656933,0.000000
390.6903,0.000000
390.723667,0.000000
390.757033,0.000000
390.7904,0.000000
390.823767,0.000000
390.857133,0.000000
390.8905,0.000000
390.923867,0.000000
390.957233,0.000000
390.9906,0.000000
391.023967,0.000000
391.057333,0.000000
391.0907,0.000000
391.124067,0.000000
391.157433,0.000000
391.1908,0.000000
391.224167,0.000000
391.257533,0.000000
391.2909,0.000000
391.324267,0.051954
391.357633,0.000021
391.391,0.000052
391.424367,0.000005
391.457733,0.000018
391.4911,0.000008
391.524467,0.000001
391.557833,0.000001
391.5912,0.000000
391.624567,0.000000
391.657933,0.000000
391.6913,0.000000
391.724667,0.000000
391.758033,0.000000
391.7914,0.000000
391.824767,0.000000
391.858133,0.000000
391.8915,0.000000
391.924867,0.000000
391.958233,0.000000
391.9916,0.000000
392.024967,0.000000
392.058333,0.000000
392.0917,0.000000
392.125067,0.000000
392.158433,0.000000
392.1918,0.000000
392.225167,0.000000
392.258533,0.000000
392.2919,0.000000
392.325267,0.000000
392.358633,0.000000
392.392,0.000063
392.425367,0.000004
392.458733,0.000018
392.4921,0.000008
392.525467,0.000001
392.558833,0.000001
392.5922,0.000000
392.625567,0.000000
392.658933,0.000000
392.6923,0.000000
392.725667,0.000000
392.759033,0.000000
392.7924,0.000000
392.825767,0.000000
392.859133,0.000000
392.8925,0.000000
392.925867,0.000000
392.959233,0.000000
392.9926,0.000000
393.025967,0.000000
393.059333,0.000000
393.0927,0.000000
393.126067,0.000000
393.159433,0.000000
393.1928,0.000000
393.226167,0.000000
393.259533,0.000000
393.2929,0.000000
393.326267,0.000000
393.359633,0.000000
393.393,0.000063
393.426367,0.000004
393.459733,0.000018
393.4931,0.000008
393.526467,0.000001
393.559833,0.000001
393.5932,0.000000
393.626567,0.070196
393.659933,0.000011
393.6933,0.000004
393.726667,0.000001
393.760033,0.000000
393.7934,0.000000
393.826767,0.000000
393.860133,0.000000
393.8935,0.000000
393.926867,0.000000
393.960233,0.000000
393.9936,0.000000
394.026967,0.000000
394.060333,0.000000
394.0937,0.000000
394.127067,0.000000
394.160433,0.000000
394.1938,0.000000
394.227167,0.000000
394.260533,0.000000
394.2939,0.000000
394.327267,0.000000
394.360633,0.000000
394.394,0.000056
394.427367,0.000004
394.460733,0.000015
394.4941,0.000007
394.527467,0.000001
394.560833,0.000000
394.5942,0.000000
394.627567,0.000000
394.660933,0.000000
394.6943,0.000000
394.727667,0.083996
394.761033,0.000024
394.7944,0.000011
394.827767,0.000002
394.861133,0.000000
394.8945,0.000000
394.927867,0.000000
394.961233,0.000000
394.9946,0.000000
395.027967,0.000000
395.061333,0.000000
395.0947,0.000000
395.128067,0.000000
395.161433,0.000000
395.1948,0.000000
395.228167,0.000000
395.261533,0.000000
395.2949,0.000000
395.328267,0.000000
395.361633,0.000000
395.395,0.000074
395.428367,0.000012
395.461733,0.000021
395.4951,0.000009
395.528467,0.000001
395.561833,0.000001
395.5952,0.000000
395.628567,0.000000
395.661933,0.000000
395.6953,0.000000
395.728667,0.000000
395.762033,0.000000
395.7954,0.000000
395.828767,0.000000
395.862133,0.000000
395.8955,0.000000
395.928867,0.000000
395.962233,0.000000
395.9956,0.000000
396.028967,0.000000
396.062333,0.000000
396.0957,0.000000
396.129067,0.000000
396.162433,0.000000
396.1958,0.000000
396.229167,0.000000
396.262533,0.000000
396.2959,0.000000
396.329267,0.000000
396.362633,0.000000
396.396,0.000066
396.429367,0.000004
396.462733,0.000021
396.4961,0.000009
396.529467,0.000001
396.562833,0.000001
396.5962,0.000000
396.629567,0.000000
396.662933,0.000000
396.6963,0.000000
396.729667,0.000000
396.763033,0.000000
396.7964,0.000000
396.829767,0.000000
396.863133,0.000000
396.8965,0.000000
396.929867,0.000000
396.963233,0.000000
396.9966,0.000000
397.029967,0.000000
397.063333,0.000000
397.0967,0.000000
397.130067,0.000000
397.163433,0.000000
397.1968,0.000000
397.230167,0.000000
397.263533,0.000000
397.2969,0.000000
397.330267,0.000000
397.363633,0.000000
397.397,0.000066
397.430367,0.000004
397.463733,0.077711
397.4971,0.000014
397.530467,0.000006
397.563833,0.000001
397.5972,0.000000
397.630567,0.000000
397.663933,0.000000
397.6973,0.000000
397.730667,0.000000
397.764033,0.000000
397.7974,0.000000
397.830767,0.000000
397.864133,0.000000
397.8975,0.000000
397.930867,0.000000
397.964233,0.000000
397.9976,0.000000
398.030967,0.000000
398.064333,0.000000
398.0977,0.000000
398.131067,0.000000
398.164433,0.000000
398.1978,0.000000
398.231167,0.000000
398.264533,0.000000
398.2979,0.000000
398.331267,0.000000
398.364633,0.000000
398.398,0.000060
398.431367,0.000007
398.464733,0.000015
398.4981,0.000007
398.531467,0.000001
398.564833,0.000001
398.5982,0.000000
398.631567,0.000000
398.664933,0.000000
398.6983,0.000000
398.731667,0.000000
398.765033,0.000000
398.7984,0.000000
398.831767,0.000000
398.865133,0.000000
398.8985,0.000000
398.931867,0.000000
398.965233,0.195100
398.9986,0.000019
399.031967,0.000008
399.065333,0.000002
399.0987,0.000000
399.132067,0.000000
399.165433,0.000000
399.1988,0.000000
399.232167,0.000000
399.265533,0.000000
399.2989,0.000000
399.332267,0.000000
399.365633,0.000000
399.399,0.000066
399.432367,0.000012
399.465733,0.000016
399.4991,0.000008
399.532467,0.000001
399.565833,0.000000
399.5992,0.000000
399.632567,0.000000
399.665933,0.000000
399.6993,0.000000
399.732667,0.000000
399.766033,0.000000
399.7994,0.000000
399.832767,0.000000
399.866133,0.000000
399.8995,0.000000
399.932867,0.000000
399.966233,0.000000
399.9996,0.000000
400.032967,0.000000
400.066333,0.000000
400.0997,0.000000
400.133067,0.000000
400.166433,0.000000
400.1998,0.000000
400.233167,0.000000
400.266533,0.000000
400.2999,0.000000
400.333267,0.000000
400.366633,0.000000
400.4,0.000058
400.433367,0.000003
400.466733,0.027405
400.5001,0.000018
400.533467,0.000008
400.566833,0.000002
400.6002,0.000000
400.633567,0.000000
400.666933,0.000000
400.7003,0.000000
400.733667,0.000000
400.767033,0.000000
400.8004,0.000000
400.833767,0.000000
400.867133,0.000000
400.9005,0.000000
400.933867,0.000000
400.967233,0.000000
401.0006,0.000000
401.033967,0.000000
401.067333,0.000000
401.1007,0.000000
401.134067,0.000000
401.167433,0.000000
401.2008,0.000000
401.234167,0.000000
401.267533,0.000000
401.3009,0.000000
401.334267,0.000000
401.367633,0.000000
401.401,0.000061
401.434367,0.000005
401.467733,0.000017
401.5011,0.000009
401.534467,0.000001
401.567833,0.000000
401.6012,0.000000
401.634567,0.098428
401.667933,0.000030
401.7013,0.000013
401.734667,0.000002
401.768033,0.000000
401.8014,0.000000
401.834767,0.000000
401.868133,0.000000
401.9015,0.000000
401.934867,0.000000
401.968233,0.000000
402.0016,0.000000
402.034967,0.000000
402.068333,0.000000
402.1017,0.000000
402.135067,0.000000
402.168433,0.000000
402.2018,0.000000
402.235167,0.000000
402.268533,0.000000
402.3019,0.000000
402.335267,0.000000
402.368633,0.000000
402.402,0.000074
402.435367,0.000006
402.468733,0.000022
402.5021,0.000010
402.535467,0.000001
402.568833,0.000000
402.6022,0.000000
402.635567,0.000000
402.668933,0.000000
402.7023,0.000000
402.735667,0.000000
402.769033,0.000000
402.8024,0.000000
402.835767,0.000000
402.869133,0.000000
402.9025,0.000000
402.935867,0.000000
402.969233,0.000000
403.0026,0.000000
403.035967,0.000000
403.069333,0.000000
403.1027,0.000000
403.136067,0.000000
403.169433,0.000000
403.2028,0.000000
403.236167,0.000000
403.269533,0.000000
403.3029,0.000000
403.336267,0.000000
403.369633,0.000000
403.403,0.000071
403.436367,0.000003
403.469733,0.000022
403.5031,0.000010
403.536467,0.000001
403.569833,0.000000
403.6032,0.000000
403.636567,0.000000
403.669933,0.000000
403.7033,0.000000
403.736667,0.000000
403.770033,0.000000
403.8034,0.000000
403.836767,0.000000
403.870133,0.000000
403.9035,0.000000
403.936867,0.000000
403.970233,0.000000
404.0036,0.000000
404.036967,0.000000
404.070333,0.000000
404.1037,0.000000
404.137067,0.000000
404.170433,0.000000
404.2038,0.000000
404.237167,0.000000
404.270533,0.000000
404.3039,0.045536
404.337267,0.000021
404.370633,0.000010
404.404,0.000063
404.437367,0.000004
404.470733,0.000018
404.5041,0.000009
404.537467,0.000001
404.570833,0.000001
404.6042,0.000000
404.637567,0.000000
404.670933,0.000000
404.7043,0.000000
404.737667,0.000000
404.771033,0.000000
404.8044,0.000000
404.837767,0.000000
404.871133,0.000000
404.9045,0.000000
404.937867,0.000000
404.971233,0.000000
405.0046,0.000000
405.037967,0.000000
405.071333,0.000000
405.1047,0.000000
405.138067,0.000000
405.171433,0.000000
405.2048,0.000000
405.238167,0.000000
405.271533,0.000000
405.3049,0.000000
405.338267,0.000000
405.371633,0.000000
405.405,0.000065
405.438367,0.000004
405.471733,0.000018
405.5051,0.000009
405.538467,0.000001
405.571833,0.000001
405.6052,0.000000
405.638567,0.000000
405.671933,0.000000
405.7053,0.000000
405.738667,0.000000
405.772033,0.000000
405.8054,0.000000
405.838767,0.000000
405.872133,0.000000
405.9055,0.000000
405.938867,0.000000
405.972233,0.000000
406.0056,0.000000
406.038967,0.000000
406.072333,0.000000
406.1057,0.000000
406.139067,0.000000
406.172433,0.000000
406.2058,0.000000
406.239167,0.000000
406.272533,0.000000
406.3059,0.000000
406.339267,0.000000
406.372633,0.000000
406.406,0.000065
406.439367,0.000004
406.472733,0.000018
406.5061,0.000009
406.539467,0.000001
406.572833,0.000001
406.6062,0.000000
406.639567,0.000000
406.672933,0.000000
406.7063,0.000000
406.739667,0.000000
406.773033,0.000000
406.8064,0.000000
406.839767,0.000000
406.873133,0.310531
406.9065,0.000066
406.939867,0.000011
406.973233,0.000006
407.0066,0.000009
407.039967,0.000002
407.073333,0.000001
407.1067,0.000001
407.140067,0.000003
407.173433,0.000012
407.2068,0.000005
407.240167,0.000000
407.273533,0.000000
407.3069,0.000000
407.340267,0.000000
407.373633,0.000000
407.407,0.000043
407.440367,0.000010
407.473733,0.000010
407.5071,0.000004
407.540467,0.000000
407.573833,0.000000
407.6072,0.000000
407.640567,0.000000
407.673933,0.000000
407.7073,0.000000
407.740667,0.000000
407.774033,0.000000
407.8074,0.000000
407.840767,0.000000
407.874133,0.000000
407.9075,0.000000
407.940867,0.000000
407.974233,0.000000
408.0076,0.000000
408.040967,0.000000
408.074333,0.000000
408.1077,0.000000
408.141067,0.000000
408.174433,0.000000
408.2078,0.000000
408.241167,0.000000
408.274533,0.000000
408.3079,0.000000
408.341267,0.000000
408.374633,0.000000
408.408,0.000035
408.441367,0.000001
408.474733,0.000010
408.5081,0.000004
408.541467,0.000000
408.574833,0.000000
408.6082,0.000000
408.641567,0.000000
408.674933,0.000000
408.7083,0.000000
408.741667,0.000000
408.775033,0.000000
408.8084,0.000000
408.841767,0.000000
408.875133,0.000000
408.9085,0.000000
408.941867,0.000000
408.975233,0.000000
409.0086,0.000000
409.041967,0.000000
409.075333,0.000000
409.1087,0.000000
409.142067,0.000000
409.175433,0.000000
409.2088,0.000000
409.242167,0.000000
409.275533,0.000000
409.3089,0.000000
409.342267,0.000000
409.375633,0.000000
409.409,0.000035
409.442367,0.000001
409.475733,0.000010
409.5091,0.000004
409.542467,0.000000
409.575833,0.000000
409.6092,0.000000
409.642567,0.000000
409.675933,0.000000
409.7093,0.060205
409.742667,0.000509
409.776033,0.000149
409.8094,0.000195
409.842767,0.000229
409.876133,0.000126
409.9095,0.000049
409.942867,0.000053
409.976233,0.000428
410.0096,0.000012
410.042967,0.000229
410.076333,0.000428
410.1097,0.000051
410.143067,0.000349
410.176433,0.000091
410.2098,0.000120
410.243167,0.000166
410.276533,0.000100
410.3099,0.000170
410.343267,0.000052
410.376633,0.000189
410.41,0.000140
410.443367,0.000027
410.476733,0.000100
410.5101,0.000261
410.543467,0.000025
410.576833,0.000200
410.6102,0.000044
410.643567,0.000106
410.676933,0.000110
410.7103,0.000138
410.743667,0.000247
410.777033,0.000100
410.8104,0.000120
410.843767,0.000725
410.877133,0.000011
410.9105,0.000210
410.943867,0.000385
410.977233,0.000059
411.0106,0.000311
411.043967,0.000017
411.077333,0.000080
411.1107,0.000125
411.144067,0.000005
411.177433,0.000153
411.2108,0.000076
411.244167,0.000177
411.277533,0.000109
411.3109,0.000026
411.344267,0.000101
411.377633,0.000022
411.411,0.000084
411.444367,0.000058
411.477733,0.000184
411.5111,0.000093
411.544467,0.044437
411.577833,0.000024
411.6112,0.000011
411.644567,0.000003
411.677933,0.000000
411.7113,0.000000
411.744667,0.000000
411.778033,0.000000
411.8114,0.000000
411.844767,0.000000
411.878133,0.000000
411.9115,0.000000
411.944867,0.000000
411.978233,0.000000
412.0116,0.000000
412.044967,0.000000
412.078333,0.000000
412.1117,0.000000
412.145067,0.000000
412.178433,0.000000
412.2118,0.000000
412.245167,0.000000
412.278533,0.000000
412.3119,0.000000
412.345267,0.000000
412.378633,0.000000
412.412,0.000056
412.445367,0.000011
412.478733,0.000016
412.5121,0.000007
412.545467,0.000001
412.578833,0.000000
412.6122,0.000000
412.645567,0.000000
412.678933,0.000000
412.7123,0.000000
412.745667,0.000000
412.779033,0.000000
412.8124,0.000000
412.845767,0.000000
412.879133,0.000000
412.9125,0.000000
412.945867,0.000000
412.979233,0.000000
413.0126,0.000000
413.045967,0.000000
413.079333,0.000000
413.1127,0.000000
413.146067,0.000000
413.179433,0.000000
413.2128,0.000000
413.246167,0.000000
413.279533,0.000000
413.3129,0.000000
413.346267,0.000000
413.379633,0.000000
413.413,0.000047
413.446367,0.000002
413.479733,0.000016
413.5131,0.000007
413.546467,0.000001
413.579833,0.000000
413.6132,0.000000
413.646567,0.000000
413.679933,0.000000
413.7133,0.000000
413.746667,0.000000
413.780033,0.000000
413.8134,0.000000
413.846767,0.000000
413.880133,0.000000
413.9135,0.000000
413.946867,0.000000
413.980233,0.000000
414.0136,0.058205
414.046967,0.000014
414.080333,0.000006
414.1137,0.000001
414.147067,0.000000
414.180433,0.000000
414.2138,0.000000
414.247167,0.000000
414.280533,0.000000
414.3139,0.000000
414.347267,0.000000
414.380633,0.000000
414.414,0.000040
414.447367,0.000003
414.480733,0.000011
414.5141,0.000005
414.547467,0.000001
414.580833,0.000000
414.6142,0.000000
414.647567,0.000000
414.680933,0.000000
414.7143,0.000000
414.747667,0.000000
414.781033,0.000000
414.8144,0.000000
414.847767,0.000000
414.881133,0.000000
414.9145,0.000000
414.947867,0.000000
414.981233,0.000000
415.0146,0.000000
415.047967,0.000000
415.081333,0.000000
415.1147,0.000000
415.148067,0.000000
415.181433,0.000000
415.2148,0.000000
415.248167,0.000000
415.281533,0.000000
415.3149,0.000000
415.348267,0.000000
415.381633,0.000000
415.415,0.000039
415.448367,0.000002
415.481733,0.000011
415.5151,0.000005
415.548467,0.000001
415.581833,0.000000
415.6152,0.034476
415.648567,0.001980
415.681933,0.000947
415.7153,0.000124
415.748667,0.000270
415.782033,0.000002
415.8154,0.000002
415.848767,0.000000
415.882133,0.000000
415.9155,0.000000
415.948867,0.000000
415.982233,0.000000
416.0156,0.000000
416.048967,0.000000
416.082333,0.000000
416.1157,0.000000
416.149067,0.000000
416.182433,0.000000
416.2158,0.000000
416.249167,0.000000
416.282533,0.000000
416.3159,0.000000
416.349267,0.000000
416.382633,0.000000
416.416,0.000049
416.449367,0.000010
416.482733,0.000032
416.5161,0.000006
416.549467,0.000001
416.582833,0.000000
416.6162,0.000000
416.649567,0.000000
416.682933,0.000000
416.7163,0.000000
416.749667,0.000000
416.783033,0.000000
416.8164,0.000000
416.849767,0.000000
416.883133,0.000000
416.9165,0.000000
416.949867,0.000000
416.983233,0.000000
417.0166,0.000000
417.049967,0.000000
417.083333,0.000000
417.1167,0.000000
417.150067,0.000000
417.183433,0.000000
417.2168,0.000000
417.250167,0.000000
417.283533,0.000000
417.3169,0.000000
417.350267,0.000000
417.383633,0.000000
417.417,0.000042
417.450367,0.000003
417.483733,0.000032
417.5171,0.000006
417.550467,0.000001
417.583833,0.000000
417.6172,0.033868
417.650567,0.000018
417.683933,0.000008
417.7173,0.000001
417.750667,0.000000
417.784033,0.000000
417.8174,0.000000
417.850767,0.000000
417.884133,0.000000
417.9175,0.000000
417.950867,0.000000
417.984233,0.000000
418.0176,0.000000
418.050967,0.000000
418.084333,0.000000
418.1177,0.000000
418.151067,0.000000
418.184433,0.000000
418.2178,0.000000
418.251167,0.000000
418.284533,0.000000
418.3179,0.000000
418.351267,0.000000
418.384633,0.000000
418.418,0.000047
418.451367,0.000007
418.484733,0.000013
418.5181,0.000006
418.551467,0.000001
418.584833,0.000000
418.6182,0.000000
418.651567,0.000000
418.684933,0.000000
418.7183,0.000000
418.751667,0.000000
418.785033,0.000000
418.8184,0.000000
418.851767,0.000000
418.885133,0.000000
418.9185,0.000000
418.951867,0.000000
418.985233,0.000000
419.0186,0.000000
419.051967,0.000000
419.085333,0.000000
419.1187,0.000000
419.152067,0.000000
419.185433,0.000000
419.2188,0.000000
419.252167,0.000000
419.285533,0.000000
419.3189,0.000000
419.352267,0.000000
419.385633,0.000000
419.419,0.000042
419.452367,0.000002
419.485733,0.000013
419.5191,0.000006
419.552467,0.000001
419.585833,0.000000
419.6192,0.000000
419.652567,0.000000
419.685933,0.000000
419.7193,0.000000
419.752667,0.026734
419.786033,0.000018
419.8194,0.000008
419.852767,0.000002
419.886133,0.000000
419.9195,0.000000
419.952867,0.000000
419.986233,0.000000
420.0196,0.000000
420.052967,0.000000
420.086333,0.000000
420.1197,0.000000
420.153067,0.000000
420.186433,0.000000
420.2198,0.000000
420.253167,0.000000
420.286533,0.000000
420.3199,0.000000
420.353267,0.000000
420.386633,0.000000
420.42,0.000053
420.453367,0.000013
420.486733,0.000013
420.5201,0.000006
420.553467,0.000001
420.586833,0.000000
420.6202,0.000019
420.653567,0.000100
420.686933,0.000035
420.7203,0.000003
420.753667,0.000002
420.787033,0.000001
420.8204,0.000003
420.853767,0.000005
420.887133,0.000002
420.9205,0.000003
420.953867,0.000007
420.987233,0.000011
421.0206,0.000007
421.053967,0.000042
421.087333,0.000007
421.1207,0.000000
421.154067,0.000000
421.187433,0.000000
421.2208,0.000000
421.254167,0.000000
421.287533,0.000000
421.3209,0.000000
421.354267,0.000000
421.387633,0.000000
421.421,0.000044
421.454367,0.000004
421.487733,0.000013
421.5211,0.000006
421.554467,0.000001
421.587833,0.000000
421.6212,0.000000
421.654567,0.035114
421.687933,0.000015
421.7213,0.000007
421.754667,0.000001
421.788033,0.000000
421.8214,0.000000
421.854767,0.000000
421.888133,0.000000
421.9215,0.000000
421.954867,0.000000
421.988233,0.000000
422.0216,0.000000
422.054967,0.000000
422.088333,0.000000
422.1217,0.000000
422.155067,0.000000
422.188433,0.000000
422.2218,0.000000
422.255167,0.000000
422.288533,0.000000
422.3219,0.000000
422.355267,0.000000
422.388633,0.000000
422.422,0.000043
422.455367,0.000006
422.488733,0.000012
422.5221,0.000005
422.555467,0.000000
422.588833,0.000000
422.6222,0.000000
422.655567,0.000000
422.688933,0.000000
422.7223,0.000000
422.755667,0.000000
422.789033,0.000000
422.8224,0.039855
422.855767,0.000011
422.889133,0.000006
422.9225,0.000001
422.955867,0.000000
422.989233,0.000000
423.0226,0.000000
423.055967,0.000000
423.089333,0.000000
423.1227,0.000000
423.156067,0.000000
423.189433,0.000000
423.2228,0.000000
423.256167,0.000000
423.289533,0.000000
423.3229,0.000000
423.356267,0.000000
423.389633,0.000000
423.423,0.000038
423.456367,0.000003
423.489733,0.000011
423.5231,0.000005
423.556467,0.000000
423.589833,0.000000
423.6232,0.000000
423.656567,0.000000
423.689933,0.000000
423.7233,0.000000
423.756667,0.000000
423.790033,0.000000
423.8234,0.000000
423.856767,0.000000
423.890133,0.000000
423.9235,0.000000
423.956867,0.000000
423.990233,0.000000
424.0236,0.000000
424.056967,0.000000
424.090333,0.000000
424.1237,0.000000
424.157067,0.000000
424.190433,0.000000
424.2238,0.000000
424.257167,0.000000
424.290533,0.000000
424.3239,0.000000
424.357267,0.000000
424.390633,0.000000
424.424,0.000037
424.457367,0.000002
424.490733,0.000011
424.5241,0.000005
424.557467,0.067479
424.590833,0.000015
424.6242,0.000007
424.657567,0.000002
424.690933,0.000000
424.7243,0.000000
424.757667,0.000000
424.791033,0.000000
424.8244,0.000000
424.857767,0.000000
424.891133,0.000000
424.9245,0.000000
424.957867,0.000000
424.991233,0.000000
425.0246,0.000000
425.057967,0.000000
425.091333,0.000000
425.1247,0.000000
425.158067,0.000000
425.191433,0.000000
425.2248,0.000000
425.258167,0.000000
425.291533,0.000000
425.3249,0.000000
425.358267,0.000000
425.391633,0.000000
425.425,0.000043
425.458367,0.000005
425.491733,0.000011
425.5251,0.000005
425.558467,0.000001
425.591833,0.000000
425.6252,0.000000
425.658567,0.000000
425.691933,0.000000
425.7253,0.000000
425.758667,0.000000
425.792033,0.000000
425.8254,0.000000
425.858767,0.000000
425.892133,0.000000
425.9255,0.000000
425.958867,0.000000
425.992233,0.000000
426.0256,0.000000
426.058967,0.000000
426.092333,0.000000
426.1257,0.000000
426.159067,0.000000
426.192433,0.000000
426.2258,0.000000
426.259167,0.000000
426.292533,0.000000
426.3259,0.000000
426.359267,0.000000
426.392633,0.000000
426.426,0.000041
426.459367,0.000002
426.492733,0.000011
426.5261,0.000005
426.559467,0.000001
426.592833,0.000000
426.6262,0.000000
426.659567,0.000000
426.692933,0.000000
426.7263,0.000000
426.759667,0.000000
426.793033,0.000000
426.8264,0.000000
426.859767,0.000000
426.893133,0.000000
426.9265,0.000000
426.959867,0.000000
426.993233,0.000000
427.0266,0.000000
427.059967,0.000000
427.093333,0.000000
427.1267,0.000000
427.160067,0.000000
427.193433,0.000000
427.2268,0.000000
427.260167,0.000000
427.293533,0.000000
427.3269,0.000000
427.360267,0.000000
427.393633,0.000000
427.427,0.000041
427.460367,0.000002
427.493733,0.000011
427.5271,0.000005
427.560467,0.000001
427.593833,0.000000
427.6272,0.000000
427.660567,0.000000
427.693933,0.000000
427.7273,0.000000
427.760667,0.000000
427.794033,0.000000
427.8274,0.000000
427.860767,0.080804
427.894133,0.000015
427.9275,0.000006
427.960867,0.000002
427.994233,0.000000
428.0276,0.000000
428.060967,0.000000
428.094333,0.000000
428.1277,0.000000
428.161067,0.000000
428.194433,0.000000
428.2278,0.000000
428.261167,0.000000
428.294533,0.000000
428.3279,0.000000
428.361267,0.000000
428.394633,0.000000
428.428,0.000037
428.461367,0.000000
428.494733,0.000013
428.5281,0.000006
428.561467,0.000001
428.594833,0.000000
428.6282,0.000000
428.661567,0.000000
428.694933,0.000000
428.7283,0.000000
428.761667,0.000000
428.795033,0.000000
428.8284,0.000000
428.861767,0.000000
428.895133,0.000000
428.9285,0.000000
428.961867,0.000000
428.995233,0.000000
429.0286,0.000000
429.061967,0.000000
429.095333,0.000000
429.1287,0.000000
429.162067,0.000000
429.195433,0.000000
429.2288,0.000000
429.262167,0.000000
429.295533,0.000000
429.3289,0.000000
429.362267,0.000000
429.395633,0.000000
429.429,0.000039
429.462367,0.000002
429.495733,0.042680
429.5291,0.000011
429.562467,0.000006
429.595833,0.000001
429.6292,0.000000
429.662567,0.000000
429.695933,0.000000
429.7293,0.000000
429.762667,0.000000
429.796033,0.000000
429.8294,0.000000
429.862767,0.000000
429.896133,0.000000
429.9295,0.000000
429.962867,0.000000
429.996233,0.000000
430.0296,0.000000
430.062967,0.000000
430.096333,0.000000
430.1297,0.000000
430.163067,0.000000
430.196433,0.000000
430.2298,0.000000
430.263167,0.000000
430.296533,0.000000
430.3299,0.000000
430.363267,0.000000
430.396633,0.000000
430.43,0.000038
430.463367,0.000003
430.496733,0.000010
430.5301,0.000005
430.563467,0.000000
430.596833,0.000000
430.6302,0.000000
430.663567,0.000000
430.696933,0.000000
430.7303,0.000000
430.763667,0.000000
430.797033,0.000000
430.8304,0.000000
430.863767,0.000000
430.897133,0.000000
430.9305,0.000000
430.963867,0.000000
430.997233,0.000000
431.0306,0.000000
431.063967,0.000000
431.097333,0.000000
431.1307,0.000000
431.164067,0.000000
431.197433,0.000000
431.2308,0.000000
431.264167,0.000000
431.297533,0.000000
431.3309,0.000000
431.364267,0.000000
431.397633,0.000000
431.431,0.000037
431.464367,0.000002
431.497733,0.000010
431.5311,0.000005
431.564467,0.000000
431.597833,0.000000
431.6312,0.000000
431.664567,0.000000
431.697933,0.000000
431.7313,0.000000
431.764667,0.000000
431.798033,0.000000
431.8314,0.000000
431.864767,0.039558
431.898133,0.000018
431.9315,0.000008
431.964867,0.000001
431.998233,0.000000
432.0316,0.000000
432.064967,0.000000
432.098333,0.000000
432.1317,0.000000
432.165067,0.000000
432.198433,0.000000
432.2318,0.000000
432.265167,0.000000
432.298533,0.000000
432.3319,0.000000
432.365267,0.000000
432.398633,0.000000
432.432,0.000045
432.465367,0.000004
432.498733,0.000012
432.5321,0.000005
432.565467,0.000001
432.598833,0.000001
432.6322,0.000000
432.665567,0.000000
432.698933,0.000000
432.7323,0.000000
432.765667,0.000000
432.799033,0.000000
432.8324,0.000000
432.865767,0.000000
432.899133,0.000000
432.9325,0.000000
432.965867,0.000000
432.999233,0.000000
433.0326,0.000000
433.065967,0.000000
433.099333,0.000000
433.1327,0.000000
433.166067,0.000000
433.199433,0.000000
433.2328,0.000000
433.266167,0.000000
433.299533,0.000000
433.3329,0.000000
433.366267,0.000000
433.399633,0.000000
433.433,0.000043
433.466367,0.000002
433.499733,0.000012
433.5331,0.000005
433.566467,0.000001
433.599833,0.000001
433.6332,0.000000
433.666567,0.000000
433.699933,0.000000
433.7333,0.000000
433.766667,0.000000
433.800033,0.000000
433.8334,0.000000
433.866767,0.000000
433.900133,0.000000
433.9335,0.000000
433.966867,0.050936
434.000233,0.000009
434.0336,0.000004
434.066967,0.000001
434.100333,0.000000
434.1337,0.000000
434.167067,0.000000
434.200433,0.000000
434.2338,0.000000
434.267167,0.000000
434.300533,0.000000
434.3339,0.000000
434.367267,0.000000
434.400633,0.000000
434.434,0.000038
434.467367,0.000004
434.500733,0.000010
434.5341,0.000005
434.567467,0.000000
434.600833,0.000000
434.6342,0.000000
434.667567,0.000000
434.700933,0.000000
434.7343,0.000000
434.767667,0.000000
434.801033,0.000000
434.8344,0.000000
434.867767,0.000000
434.901133,0.000000
434.9345,0.000000
434.967867,0.000000
435.001233,0.000000
435.0346,0.000000
435.067967,0.000000
435.101333,0.000000
435.1347,0.000000
435.168067,0.000000
435.201433,0.000000
435.2348,0.000000
435.268167,0.000000
435.301533,0.000000
435.3349,0.000000
435.368267,0.000000
435.401633,0.000000
435.435,0.000035
435.468367,0.036143
435.501733,0.000024
435.5351,0.000010
435.568467,0.000002
435.601833,0.000001
435.6352,0.000000
435.668567,0.000000
435.701933,0.000000
435.7353,0.000000
435.768667,0.000000
435.802033,0.000000
435.8354,0.000000
435.868767,0.000000
435.902133,0.000000
435.9355,0.000000
435.968867,0.000000
436.002233,0.000000
436.0356,0.000000
436.068967,0.000000
436.102333,0.000000
436.1357,0.000000
436.169067,0.000000
436.202433,0.000000
436.2358,0.000000
436.269167,0.000000
436.302533,0.000000
436.3359,0.000000
436.369267,0.000000
436.402633,0.000000
436.436,0.000044
436.469367,0.000004
436.502733,0.000014
436.5361,0.000006
436.569467,0.000001
436.602833,0.000000
436.6362,0.000000
436.669567,0.000000
436.702933,0.000000
436.7363,0.000000
436.769667,0.000000
436.803033,0.000000
436.8364,0.000000
436.869767,0.000000
436.903133,0.000000
436.9365,0.000000
436.969867,0.000000
437.003233,0.000000
437.0366,0.000000
437.069967,0.000000
437.103333,0.000000
437.1367,0.000000
437.170067,0.000000
437.203433,0.000000
437.2368,0.000000
437.270167,0.000000
437.303533,0.000000
437.3369,0.033678
437.370267,0.000016
437.403633,0.000008
437.437,0.000040
437.470367,0.000003
437.503733,0.000013
437.5371,0.000006
437.570467,0.000001
437.603833,0.000000
437.6372,0.000000
437.670567,0.000000
437.703933,0.000000
437.7373,0.000000
437.770667,0.000000
437.804033,0.000000
437.8374,0.000000
437.870767,0.000000
437.904133,0.000000
437.9375,0.000000
437.970867,0.000000
438.004233,0.000000
438.0376,0.000000
438.070967,0.000000
438.104333,0.000000
438.1377,0.000000
438.171067,0.000000
438.204433,0.000000
438.2378,0.000000
438.271167,0.000000
438.304533,0.000000
438.3379,0.000000
438.371267,0.000000
438.404633,0.000000
438.438,0.000041
438.471367,0.000003
438.504733,0.000013
438.5381,0.000006
438.571467,0.000001
438.604833,0.000000
438.6382,0.000000
438.671567,0.000000
438.704933,0.000000
438.7383,0.000000
438.771667,0.000000
438.805033,0.000000
438.8384,0.000000
438.871767,0.000000
438.905133,0.000000
438.9385,0.000000
438.971867,0.000000
439.005233,0.000000
439.0386,0.000000
439.071967,0.000000
439.105333,0.000000
439.1387,0.000000
439.172067,0.000000
439.205433,0.000000
439.2388,0.000000
439.272167,0.000000
439.305533,0.000000
439.3389,0.000000
439.372267,0.000000
439.405633,0.000000
439.439,0.000041
439.472367,0.000003
439.505733,0.000013
439.5391,0.000006
439.572467,0.055707
439.605833,0.000716
439.6392,0.000209
439.672567,0.000038
439.705933,0.000143
439.7393,0.000041
439.772667,0.000132
439.806033,0.000193
439.8394,0.000019
439.872767,0.000067
439.906133,0.000062
439.9395,0.000136
439.972867,0.000206
440.006233,0.000042
440.0396,0.000056
440.072967,0.000084
440.106333,0.000109
440.1397,0.000041
440.173067,0.000046
440.206433,0.000026
440.2398,0.000073
440.273167,0.000082
440.306533,0.000047
440.3399,0.000092
440.373267,0.000060
440.406633,0.000064
440.44,0.000053
440.473367,0.000238
440.506733,0.000096
440.5401,0.062133
440.573467,0.000014
440.606833,0.000007
440.6402,0.000001
440.673567,0.000000
440.706933,0.000000
440.7403,0.000000
440.773667,0.000000
440.807033,0.000000
440.8404,0.000000
440.873767,0.000000
440.907133,0.000000
440.9405,0.000000
440.973867,0.000000
441.007233,0.000000
441.0406,0.000000
441.073967,0.000000
441.107333,0.000000
441.1407,0.000000
441.174067,0.000000
441.207433,0.000000
441.2408,0.000000
441.274167,0.000000
441.307533,0.000000
441.3409,0.000000
441.374267,0.000000
441.407633,0.000000
441.441,0.000053
441.474367,0.000007
441.507733,0.000013
441.5411,0.000006
441.574467,0.000001
441.607833,0.000000
441.6412,0.000000
441.674567,0.000000
441.707933,0.000000
441.7413,0.000000
441.774667,0.000000
441.808033,0.000000
441.8414,0.000000
441.874767,0.000000
441.908133,0.000000
441.9415,0.000000
441.974867,0.000000
442.008233,0.000000
442.0416,0.000000
442.074967,0.000000
442.108333,0.000000
442.1417,0.000000
442.175067,0.000000
442.208433,0.000000
442.2418,0.000000
442.275167,0.000000
442.308533,0.000000
442.3419,0.000000
442.375267,0.000000
442.408633,0.000000
442.442,0.000048
442.475367,0.000003
442.508733,0.000013
442.5421,0.000006
442.575467,0.000001
442.608833,0.000000
442.6422,0.000000
442.675567,0.000000
442.708933,0.000000
442.7423,0.046877
442.775667,0.000039
442.809033,0.000002
442.8424,0.000047
442.875767,0.000030
442.909133,0.000002
442.9425,0.000007
442.975867,0.000012
443.009233,0.000001
443.0426,0.000005
443.075967,0.000007
443.109333,0.000006
443.1427,0.000002
443.176067,0.000003
443.209433,0.000003
443.2428,0.000046
443.276167,0.000016
443.309533,0.000005
443.3429,0.000006
443.376267,0.000006
443.409633,0.000011
443.443,0.000057
443.476367,0.000007
443.509733,0.000037
443.5431,0.000012
443.576467,0.000012
443.609833,0.000003
443.6432,0.000005
443.676567,0.000003
443.709933,0.000006
443.7433,0.000001
443.776667,0.000000
443.810033,0.000015
443.8434,0.000001
443.876767,0.000002
443.910133,0.000003
443.9435,0.000034
443.976867,0.000045
444.010233,0.000000
444.0436,0.000002
444.076967,0.000002
444.110333,0.000004
444.1437,0.000015
444.177067,0.000012
444.210433,0.000001
444.2438,0.000004
444.277167,0.000010
444.310533,0.000002
444.3439,0.000038
444.377267,0.000032
444.410633,0.000001
444.444,0.000053
444.477367,0.000007
444.510733,0.000019
444.5441,0.000000
444.577467,0.000002
444.610833,0.000004
444.6442,0.000004
444.677567,0.000005
444.710933,0.000009
444.7443,0.000012
444.777667,0.000001
444.811033,0.000000
444.8444,0.000002
444.877767,0.033704
444.911133,0.000048
444.9445,0.000010
444.977867,0.000002
445.011233,0.000001
445.0446,0.000005
445.077967,0.000025
445.111333,0.000000
445.1447,0.000001
445.178067,0.000001
445.211433,0.000003
445.2448,0.000015
445.278167,0.000015
445.311533,0.000001
445.3449,0.000003
445.378267,0.000002
445.411633,0.000003
445.445,0.000051
445.478367,0.000024
445.511733,0.000043
445.5451,0.000006
445.578467,0.000004
445.611833,0.000019
445.6452,0.000013
445.678567,0.000001
445.711933,0.000002
445.7453,0.000003
445.778667,0.000007
445.812033,0.000015
445.8454,0.000015
445.878767,0.000002
445.912133,0.000002
445.9455,0.000002
445.978867,0.000007
446.012233,0.000024
446.0456,0.000008
446.078967,0.000002
446.112333,0.000001
446.1457,0.000002
446.179067,0.000068
446.212433,0.000116
446.2458,0.000020
446.279167,0.000044
446.312533,0.000014
446.3459,0.000001
446.379267,0.000012
446.412633,0.000017
446.446,0.000033
446.479367,0.000070
446.512733,0.000058
446.5461,0.000018
446.579467,0.000010
446.612833,0.000000
446.6462,0.000001
446.679567,0.034044
446.712933,0.000012
446.7463,0.000005
446.779667,0.000001
446.813033,0.000000
446.8464,0.000000
446.879767,0.000000
446.913133,0.000000
446.9465,0.000000
446.979867,0.000000
447.013233,0.000000
447.0466,0.000000
447.079967,0.000000
447.113333,0.000000
447.1467,0.000000
447.180067,0.000000
447.213433,0.000000
447.2468,0.000000
447.280167,0.000000
447.313533,0.000000
447.3469,0.000000
447.380267,0.000000
447.413633,0.000000
447.447,0.000053
447.480367,0.000004
447.513733,0.000014
447.5471,0.000007
447.580467,0.000001
447.613833,0.000000
447.6472,0.000000
447.680567,0.000000
447.713933,0.000000
447.7473,0.000000
447.780667,0.000000
447.814033,0.000000
447.8474,0.000000
447.880767,0.000000
447.914133,0.000000
447.9475,0.000000
447.980867,0.000000
448.014233,0.000000
448.0476,0.000000
448.080967,0.000000
448.114333,0.000000
448.1477,0.000000
448.181067,0.000000
448.214433,0.000000
448.2478,0.000000
448.281167,0.000000
448.314533,0.000000
448.3479,0.000000
448.381267,0.000000
448.414633,0.052560
448.448,0.000055
448.481367,0.000000
448.514733,0.000014
448.5481,0.000007
448.581467,0.000001
448.614833,0.000000
448.6482,0.000000
448.681567,0.000000
448.714933,0.000000
448.7483,0.000000
448.781667,0.000000
448.815033,0.000000
448.8484,0.000000
448.881767,0.000000
448.915133,0.000000
448.9485,0.000000
448.981867,0.000000
449.015233,0.000000
449.0486,0.000000
449.081967,0.000000
449.115333,0.000000
449.1487,0.000000
449.182067,0.000000
449.215433,0.000000
449.2488,0.000000
449.282167,0.000000
449.315533,0.000000
449.3489,0.000000
449.382267,0.000000
449.415633,0.000000
449.449,0.000051
449.482367,0.000003
449.515733,0.000014
449.5491,0.047465
449.582467,0.000020
449.615833,0.000010
449.6492,0.000001
449.682567,0.000000
449.715933,0.000000
449.7493,0.000000
449.782667,0.000000
449.816033,0.000000
449.8494,0.000000
449.882767,0.000000
449.916133,0.000000
449.9495,0.000000
449.982867,0.000000
450.016233,0.000000
450.0496,0.000000
450.082967,0.000000
450.116333,0.000000
450.1497,0.000000
450.183067,0.000000
450.216433,0.000000
450.2498,0.000000
450.283167,0.000000
450.316533,0.000000
450.3499,0.000000
450.383267,0.000000
450.416633,0.000000
450.45,0.000060
450.483367,0.000005
450.516733,0.000017
450.5501,0.000008
450.583467,0.000001
450.616833,0.000000
450.6502,0.000000
450.683567,0.000000
450.716933,0.000000
450.7503,0.000000
450.783667,0.000000
450.817033,0.000000
450.8504,0.000000
450.883767,0.000000
450.917133,0.000000
450.9505,0.000000
450.983867,0.000000
451.017233,0.000000
451.0506,0.000000
451.083967,0.000000
451.117333,0.000000
451.1507,0.000000
451.184067,0.000000
451.217433,0.000000
451.2508,0.000000
451.284167,0.000000
451.317533,0.000000
451.3509,0.000000
451.384267,0.000000
451.417633,0.000000
451.451,0.000058
451.484367,0.000003
451.517733,0.068609
451.5511,0.000017
451.584467,0.000007
451.617833,0.000002
451.6512,0.000000
451.684567,0.000000
451.717933,0.000000
451.7513,0.000000
451.784667,0.000000
451.818033,0.000000
451.8514,0.000000
451.884767,0.000000
451.918133,0.000000
451.9515,0.000000
451.984867,0.000000
452.018233,0.000000
452.0516,0.000000
452.084967,0.000000
452.118333,0.000000
452.1517,0.000000
452.185067,0.000000
452.218433,0.000000
452.2518,0.000000
452.285167,0.000000
452.318533,0.000000
452.3519,0.000000
452.385267,0.000000
452.418633,0.000000
452.452,0.000057
452.485367,0.000010
452.518733,0.000013
452.5521,0.000006
452.585467,0.000001
452.618833,0.000000
452.6522,0.000000
452.685567,0.000000
452.718933,0.000000
452.7523,0.000000
452.785667,0.000000
452.819033,0.000000
452.8524,0.000000
452.885767,0.000000
452.919133,0.000000
452.9525,0.000000
452.985867,0.000000
453.019233,0.000000
453.0526,0.000000
453.085967,0.000000
453.119333,0.000000
453.1527,0.000000
453.186067,0.165026
453.219433,0.000033
453.2528,0.000012
453.286167,0.000005
453.319533,0.000000
453.3529,0.000000
453.386267,0.000000
453.419633,0.000000
453.453,0.000052
453.486367,0.000011
453.519733,0.000014
453.5531,0.000006
453.586467,0.000000
453.619833,0.000000
453.6532,0.000000
453.686567,0.000000
453.719933,0.000000
453.7533,0.000000
453.786667,0.000000
453.820033,0.000000
453.8534,0.000000
453.886767,0.000000
453.920133,0.000000
453.9535,0.000000
453.986867,0.000000
454.020233,0.000000
454.0536,0.000000
454.086967,0.000000
454.120333,0.000000
454.1537,0.000000
454.187067,0.000000
454.220433,0.000000
454.2538,0.000000
454.287167,0.000000
454.320533,0.000000
454.3539,0.000000
454.387267,0.000000
454.420633,0.000000
454.454,0.000044
454.487367,0.000002
454.520733,0.000014
454.5541,0.000006
454.587467,0.000000
454.620833,0.000000
454.6542,0.000000
454.687567,0.000000
454.720933,0.000000
454.7543,0.000000
454.787667,0.000000
454.821033,0.000000
454.8544,0.000000
454.887767,0.000000
454.921133,0.000000
454.9545,0.000000
454.987867,0.000000
455.021233,0.000000
455.0546,0.000000
455.087967,0.000000
455.121333,0.000000
455.1547,0.000000
455.188067,0.000000
455.221433,0.000000
455.2548,0.000000
455.288167,0.063182
455.321533,0.000027
455.3549,0.000011
455.388267,0.000002
455.421633,0.000000
455.455,0.000056
455.488367,0.000007
455.521733,0.000017
455.5551,0.000007
455.588467,0.000000
455.621833,0.000001
455.6552,0.000000
455.688567,0.000000
455.721933,0.000000
455.7553,0.000000
455.788667,0.000000
455.822033,0.000000
455.8554,0.000000
455.888767,0.000000
455.922133,0.000000
455.9555,0.000000
455.988867,0.000000
456.022233,0.000000
456.0556,0.000000
456.088967,0.000000
456.122333,0.000000
456.1557,0.000000
456.189067,0.000000
456.222433,0.000000
456.2558,0.000000
456.289167,0.000000
456.322533,0.000000
456.3559,0.000000
456.389267,0.000000
456.422633,0.000000
456.456,0.000052
456.489367,0.000003
456.522733,0.000017
456.5561,0.000007
456.589467,0.000000
456.622833,0.000001
456.6562,0.000000
456.689567,0.000000
456.722933,0.000000
456.7563,0.000000
456.789667,0.000000
456.823033,0.000000
456.8564,0.000000
456.889767,0.000000
456.923133,0.000000
456.9565,0.000000
456.989867,0.000000
457.023233,0.000000
457.0566,0.000000
457.089967,0.000000
457.123333,0.000000
457.1567,0.000000
457.190067,0.000000
457.223433,0.000000
457.2568,0.000000
457.290167,0.000000
457.323533,0.000000
457.3569,0.000000
457.390267,0.000000
457.423633,0.000000
457.457,0.000052
457.490367,0.000003
457.523733,0.000017
457.5571,0.000007
457.590467,0.000000
457.623833,0.000001
457.6572,0.000000
457.690567,0.000000
457.723933,0.000000
457.7573,0.000000
457.790667,0.000000
457.824033,0.000000
457.8574,0.000000
457.890767,0.000000
457.924133,0.000000
457.9575,0.000000
457.990867,0.000000
458.024233,0.000000
458.0576,0.087776
458.090967,0.002000
458.124333,0.000706
458.1577,0.000102
458.191067,0.000026
458.224433,0.000213
458.2578,0.000000
458.291167,0.000000
458.324533,0.000000
458.3579,0.000000
458.391267,0.000000
458.424633,0.000000
458.458,0.000056
458.491367,0.000009
458.524733,0.000039
458.5581,0.000007
458.591467,0.000000
458.624833,0.000001
458.6582,0.000000
458.691567,0.000000
458.724933,0.000000
458.7583,0.000000
458.791667,0.000000
458.825033,0.000000
458.8584,0.000000
458.891767,0.000000
458.925133,0.000000
458.9585,0.000000
458.991867,0.000000
459.025233,0.000000
459.0586,0.000000
459.091967,0.000000
459.125333,0.000000
459.1587,0.000000
459.192067,0.000000
459.225433,0.000040
459.2588,0.000007
459.292167,0.000000
459.325533,0.000000
459.3589,0.000000
459.392267,0.000000
459.425633,0.000000
459.459,0.000052
459.492367,0.000005
459.525733,0.000016
459.5591,0.000008
459.592467,0.000001
459.625833,0.000001
459.6592,0.000000
459.692567,0.000000
459.725933,0.000000
459.7593,0.000000
459.792667,0.000000
459.826033,0.000000
459.8594,0.000000
459.892767,0.000000
459.926133,0.000000
459.9595,0.000000
459.992867,0.000000
460.026233,0.000000
460.0596,0.000000
460.092967,0.000000
460.126333,0.000000
460.1597,0.000000
460.193067,0.000000
460.226433,0.000000
460.2598,0.000000
460.293167,0.000000
460.326533,0.000000
460.3599,0.000000
460.393267,0.000000
460.426633,0.000000
460.46,0.000050
460.493367,0.000003
460.526733,0.000016
460.5601,0.000008
460.593467,0.000001
460.626833,0.000001
460.6602,0.000000
460.693567,0.067139
460.726933,0.000010
460.7603,0.000072
460.793667,0.000035
460.827033,0.000031
460.8604,0.000015
460.893767,0.000005
460.927133,0.000039
460.9605,0.000036
460.993867,0.000015
461.027233,0.000028
461.0606,0.000015
461.093967,0.000023
461.127333,0.000008
461.1607,0.000025
461.194067,0.000002
461.227433,0.000036
461.2608,0.000006
461.294167,0.000002
461.327533,0.000008
461.3609,0.000041
461.394267,0.000002
461.427633,0.000005
461.461,0.000050
461.494367,0.000007
461.527733,0.000037
461.5611,0.000008
461.594467,0.000001
461.627833,0.000016
461.6612,0.000006
461.694567,0.000011
461.727933,0.000001
461.7613,0.000024
461.794667,0.000008
461.828033,0.000119
461.8614,0.000089
461.894767,0.000051
461.928133,0.000074
461.9615,0.000091
461.994867,0.000081
462.028233,0.000022
462.0616,0.000011
462.094967,0.000021
462.128333,0.000016
462.1617,0.000007
462.195067,0.000032
462.228433,0.000003
462.2618,0.000013
462.295167,0.000015
462.328533,0.000012
462.3619,0.000008
462.395267,0.000012
462.428633,0.000004
462.462,0.000062
462.495367,0.000008
462.528733,0.000024
462.5621,0.000018
462.595467,0.000011
462.628833,0.042147
462.6622,0.000070
462.695567,0.000020
462.728933,0.000001
462.7623,0.000003
462.795667,0.000002
462.829033,0.000003
462.8624,0.000003
462.895767,0.000003
462.929133,0.000003
462.9625,0.000002
462.995867,0.000003
463.029233,0.000000
463.0626,0.000003
463.095967,0.000002
463.129333,0.000003
463.1627,0.000003
463.196067,0.000003
463.229433,0.000003
463.2628,0.000003
463.296167,0.000003
463.329533,0.000003
463.3629,0.000003
463.396267,0.000003
463.429633,0.000003
463.463,0.000049
463.496367,0.000012
463.529733,0.000030
463.5631,0.000009
463.596467,0.000002
463.629833,0.000003
463.6632,0.000024
463.696567,0.000005
463.729933,0.000000
463.7633,0.000000
463.796667,0.000000
463.830033,0.000000
463.8634,0.000000
463.896767,0.000000
463.930133,0.000000
463.9635,0.000000
463.996867,0.000000
464.030233,0.000000
464.0636,0.000000
464.096967,0.000000
464.130333,0.000000
464.1637,0.000000
464.197067,0.000000
464.230433,0.000000
464.2638,0.000000
464.297167,0.000000
464.330533,0.000000
464.3639,0.000000
464.397267,0.000000
464.430633,0.000000
464.464,0.000043
464.497367,0.000004
464.530733,0.000011
464.5641,0.000005
464.597467,0.027363
464.630833,0.000011
464.6642,0.000006
464.697567,0.000001
464.730933,0.000000
464.7643,0.000000
464.797667,0.000000
464.831033,0.000000
464.8644,0.000000
464.897767,0.000000
464.931133,0.000000
464.9645,0.000000
464.997867,0.000000
465.031233,0.000000
465.0646,0.000000
465.097967,0.000000
465.131333,0.000000
465.1647,0.000000
465.198067,0.000000
465.231433,0.000000
465.2648,0.000000
465.298167,0.000000
465.331533,0.000000
465.3649,0.000000
465.398267,0.000000
465.431633,0.000000
465.465,0.000046
465.498367,0.000006
465.531733,0.000011
465.5651,0.000005
465.598467,0.000000
465.631833,0.000000
465.6652,0.000000
465.698567,0.000000
465.731933,0.000000
465.7653,0.000000
465.798667,0.000000
465.832033,0.000000
465.8654,0.000000
465.898767,0.000000
465.932133,0.000079
465.9655,0.000014
465.998867,0.000018
466.032233,0.000026
466.0656,0.000027
466.098967,0.000020
466.132333,0.000014
466.1657,0.000009
466.199067,0.000006
466.232433,0.000007
466.2658,0.000018
466.299167,0.000016
466.332533,0.000015
466.3659,0.000015
466.399267,0.091729
466.432633,0.001908
466.466,0.000808
466.499367,0.000128
466.532733,0.000008
466.5661,0.000203
466.599467,0.000007
466.632833,0.000427
466.6662,0.000209
466.699567,0.000113
466.732933,0.000026
466.7663,0.000005
466.799667,0.000075
466.833033,0.000003
466.8664,0.000000
466.899767,0.000001
466.933133,0.000096
466.9665,0.000017
466.999867,0.000017
467.033233,0.000017
467.0666,0.000017
467.099967,0.000017
467.133333,0.000000
467.1667,0.000017
467.200067,0.000017
467.233433,0.000017
467.2668,0.000017
467.300167,0.000017
467.333533,0.000017
467.3669,0.000000
467.400267,0.000017
467.433633,0.000017
467.467,0.000038
467.500367,0.000012
467.533733,0.000061
467.5671,0.000011
467.600467,0.000001
467.633833,0.000017
467.6672,0.000017
467.700567,0.000017
467.733933,0.000017
467.7673,0.000017
467.800667,0.000017
467.834033,0.000000
467.8674,0.000017
467.900767,0.000017
467.934133,0.000017
467.9675,0.000127
468.000867,0.000008
468.034233,0.000000
468.0676,0.000000
468.100967,0.000000
468.134333,0.000000
468.1677,0.000000
468.201067,0.000000
468.234433,0.000000
468.2678,0.000000
468.301167,0.000000
468.334533,0.000000
468.3679,0.000000
468.401267,0.000000
468.434633,0.000000
468.468,0.000054
468.501367,0.000004
468.534733,0.000016
468.5681,0.000006
468.601467,0.000001
468.634833,0.000000
468.6682,0.000000
468.701567,0.000000
468.734933,0.000000
468.7683,0.000000
468.801667,0.000000
468.835033,0.000000
468.8684,0.000000
468.901767,0.000000
468.935133,0.000000
468.9685,0.000000
469.001867,0.000000
469.035233,0.000000
469.0686,0.000000
469.101967,0.000000
469.135333,0.000000
469.1687,0.000000
469.202067,0.000000
469.235433,0.000000
469.2688,0.000000
469.302167,0.000000
469.335533,0.000000
469.3689,0.059156
469.402267,0.000021
469.435633,0.000010
469.469,0.000048
469.502367,0.000002
469.535733,0.000016
469.5691,0.000006
469.602467,0.000001
469.635833,0.000000
469.6692,0.000000
469.702567,0.000000
469.735933,0.000000
469.7693,0.000000
469.802667,0.000000
469.836033,0.000000
469.8694,0.000000
469.902767,0.000000
469.936133,0.000000
469.9695,0.000000
470.002867,0.000000
470.036233,0.000000
470.0696,0.000000
470.102967,0.000000
470.136333,0.000000
470.1697,0.000000
470.203067,0.000000
470.236433,0.000000
470.2698,0.000000
470.303167,0.000000
470.336533,0.000000
470.3699,0.000000
470.403267,0.000000
470.436633,0.000000
470.47,0.000051
470.503367,0.000003
470.536733,0.000016
470.5701,0.000006
470.603467,0.000001
470.636833,0.000000
470.6702,0.000000
470.703567,0.000000
470.736933,0.000000
470.7703,0.000000
470.803667,0.000000
470.837033,0.000000
470.8704,0.000000
470.903767,0.000000
470.937133,0.000000
470.9705,0.000000
471.003867,0.000000
471.037233,0.000000
471.0706,0.000000
471.103967,0.000000
471.137333,0.000000
471.1707,0.000000
471.204067,0.000000
471.237433,0.000000
471.2708,0.000000
471.304167,0.000000
471.337533,0.048515
471.3709,0.000009
471.404267,0.000003
471.437633,0.000001
471.471,0.000042
471.504367,0.000003
471.537733,0.000011
471.5711,0.000005
471.604467,0.000000
471.637833,0.000000
471.6712,0.000000
471.704567,0.000000
471.737933,0.000000
471.7713,0.000000
471.804667,0.000000
471.838033,0.000000
471.8714,0.000000
471.904767,0.000000
471.938133,0.000000
471.9715,0.000125
472.004867,0.000057
472.038233,0.000017
472.0716,0.000005
472.104967,0.000000
472.138333,0.000000
472.1717,0.000000
472.205067,0.000000
472.238433,0.000000
472.2718,0.000000
472.305167,0.000000
472.338533,0.000000
472.3719,0.000000
472.405267,0.000000
472.438633,0.000000
472.472,0.000043
472.505367,0.000003
472.538733,0.000011
472.5721,0.000005
472.605467,0.000000
472.638833,0.025653
472.6722,0.000015
472.705567,0.000007
472.738933,0.000001
472.7723,0.000000
472.805667,0.000000
472.839033,0.000000
472.8724,0.000000
472.905767,0.000000
472.939133,0.000000
472.9725,0.000000
473.005867,0.000000
473.039233,0.000000
473.0726,0.000000
473.105967,0.000000
473.139333,0.000000
473.1727,0.000000
473.206067,0.000000
473.239433,0.000000
473.2728,0.000000
473.306167,0.000000
473.339533,0.000000
473.3729,0.000000
473.406267,0.000000
473.439633,0.000000
473.473,0.000046
473.506367,0.000001
473.539733,0.000013
473.5731,0.000006
473.606467,0.000001
473.639833,0.000000
473.6732,0.000000
473.706567,0.054769
473.739933,0.001540
473.7733,0.000759
473.806667,0.000196
473.840033,0.000028
473.8734,0.000266
473.906767,0.000084
473.940133,0.000130
473.9735,0.000027
474.006867,0.000046
474.040233,0.000129
474.0736,0.000112
474.106967,0.000007
474.140333,0.000013
474.1737,0.000074
474.207067,0.000109
474.240433,0.000015
474.2738,0.000006
474.307167,0.000065
474.340533,0.000161
474.3739,0.000032
474.407267,0.000044
474.440633,0.000025
474.474,0.000159
474.507367,0.000087
474.540733,0.000083
474.5741,0.000065
474.607467,0.000010
474.640833,0.000015
474.6742,0.000038
474.707567,0.000105
474.740933,0.000066
474.7743,0.000038
474.807667,0.000123
474.841033,0.000022
474.8744,0.000146
474.907767,0.000001
474.941133,0.000125
474.9745,0.000087
475.007867,0.000041
475.041233,0.000051
475.0746,0.000079
475.107967,0.000119
475.141333,0.000112
475.1747,0.000107
475.208067,0.000029
475.241433,0.000123
475.2748,0.000158
475.308167,0.000054
475.341533,0.000014
475.3749,0.000009
475.408267,0.000128
475.441633,0.000073
475.475,0.000065
475.508367,0.000070
475.541733,0.000052
475.5751,0.000223
475.608467,0.000121
475.641833,0.000036
475.6752,0.001250
475.708567,0.034726
475.741933,0.000018
475.7753,0.000007
475.808667,0.000001
475.842033,0.000000
475.8754,0.000000
475.908767,0.000000
475.942133,0.000000
475.9755,0.000000
476.008867,0.000000
476.042233,0.000000
476.0756,0.000000
476.108967,0.000000
476.142333,0.000000
476.1757,0.000000
476.209067,0.000000
476.242433,0.000000
476.2758,0.000000
476.309167,0.000000
476.342533,0.000000
476.3759,0.000000
476.409267,0.000000
476.442633,0.000000
476.476,0.000069
476.509367,0.000007
476.542733,0.000020
476.5761,0.000008
476.609467,0.000001
476.642833,0.000001
476.6762,0.000000
476.709567,0.000000
476.742933,0.000000
476.7763,0.000000
476.809667,0.000000
476.843033,0.000000
476.8764,0.000000
476.909767,0.000000
476.943133,0.000000
476.9765,0.000000
477.009867,0.000000
477.043233,0.000000
477.0766,0.000000
477.109967,0.000000
477.143333,0.000000
477.1767,0.000000
477.210067,0.000000
477.243433,0.000000
477.2768,0.000000
477.310167,0.000000
477.343533,0.000000
477.3769,0.000000
477.410267,0.038245
477.443633,0.000018
477.477,0.000059
477.510367,0.000005
477.543733,0.000020
477.5771,0.000009
477.610467,0.000001
477.643833,0.000001
477.6772,0.000000
477.710567,0.000000
477.743933,0.000000
477.7773,0.000000
477.810667,0.000000
477.844033,0.000000
477.8774,0.000000
477.910767,0.000000
477.944133,0.000000
477.9775,0.000000
478.010867,0.000000
478.044233,0.000000
478.0776,0.000000
478.110967,0.000000
478.144333,0.000000
478.1777,0.000000
478.211067,0.000000
478.244433,0.000000
478.2778,0.000000
478.311167,0.000000
478.344533,0.000000
478.3779,0.000000
478.411267,0.000000
478.444633,0.000000
478.478,0.000066
478.511367,0.000004
478.544733,0.000020
478.5781,0.000009
478.611467,0.000001
478.644833,0.000001
478.6782,0.000000
478.711567,0.000000
478.744933,0.000000
478.7783,0.000000
478.811667,0.000000
478.845033,0.000000
478.8784,0.035423
478.911767,0.000020
478.945133,0.000008
478.9785,0.000002
479.011867,0.000000
479.045233,0.000000
479.0786,0.000000
479.111967,0.000000
479.145333,0.000000
479.1787,0.000000
479.212067,0.000000
479.245433,0.000000
479.2788,0.000000
479.312167,0.000000
479.345533,0.000000
479.3789,0.000000
479.412267,0.000000
479.445633,0.000000
479.479,0.000076
479.512367,0.000012
479.545733,0.000021
479.5791,0.000009
479.612467,0.000001
479.645833,0.000000
479.6792,0.000000
479.712567,0.000000
479.745933,0.000000
479.7793,0.000000
479.812667,0.000000
479.846033,0.000000
479.8794,0.000000
479.912767,0.000000
479.946133,0.000000
479.9795,0.000000
480.012867,0.000000
480.046233,0.000000
480.0796,0.000000
480.112967,0.000000
480.146333,0.000000
480.1797,0.000000
480.213067,0.000000
480.246433,0.000000
480.2798,0.000000
480.313167,0.000000
480.346533,0.000000
480.3799,0.000000
480.413267,0.000000
480.446633,0.000000
480.48,0.000068
480.513367,0.000004
480.546733,0.158611
480.5801,0.000284
480.613467,0.000757
480.646833,0.000163
480.6802,0.000199
480.713567,0.000039
480.746933,0.000016
480.7803,0.000001
480.813667,0.000280
480.847033,0.000585
480.8804,0.000195
480.913767,0.000205
480.947133,0.000027
480.9805,0.000017
481.013867,0.000014
481.047233,0.000061
481.0806,0.000018
481.113967,0.000006
481.147333,0.000001
481.1807,0.000001
481.214067,0.000000
481.247433,0.000000
481.2808,0.000000
481.314167,0.000000
481.347533,0.000000
481.3809,0.000000
481.414267,0.000000
481.447633,0.000000
481.481,0.001143
481.514367,0.000454
481.547733,0.000141
481.5811,0.000066
481.614467,0.000011
481.647833,0.000005
481.6812,0.000000
481.714567,0.000000
481.747933,0.000001
481.7813,0.000001
481.814667,0.000000
481.848033,0.000001
481.8814,0.000001
481.914767,0.000000
481.948133,0.000001
481.9815,0.000001
482.014867,0.000000
482.048233,0.000001
482.0816,0.000001
482.114967,0.000000
482.148333,0.000001
482.1817,0.053974
482.215067,0.000082
482.248433,0.000022
482.2818,0.000003
482.315167,0.000000
482.348533,0.000001
482.3819,0.000001
482.415267,0.000000
482.448633,0.000001
482.482,0.000451
482.515367,0.000060
482.548733,0.000139
482.5821,0.000066
482.615467,0.000030
482.648833,0.000009
482.6822,0.000003
482.715567,0.000065
482.748933,0.000007
482.7823,0.000003
482.815667,0.000000
482.849033,0.000000
482.8824,0.000001
482.915767,0.000000
482.949133,0.000000
482.9825,0.000000
483.015867,0.000000
483.049233,0.000000
483.0826,0.000000
483.115967,0.000000
483.149333,0.000000
483.1827,0.000000
483.216067,0.000000
483.249433,0.000000
483.2828,0.000000
483.316167,0.000000
483.349533,0.000000
483.3829,0.000000
483.416267,0.000000
483.449633,0.000000
483.483,0.000410
483.516367,0.000020
483.549733,0.000139
483.5831,0.000066
483.616467,0.000030
483.649833,0.000009
483.6832,0.000003
483.716567,0.000065
483.749933,0.030759
483.7833,0.000075
483.816667,0.000013
483.850033,0.000002
483.8834,0.000001
483.916767,0.000000
483.950133,0.000000
483.9835,0.000000
484.016867,0.000000
484.050233,0.000000
484.0836,0.000000
484.116967,0.000000
484.150333,0.000000
484.1837,0.000000
484.217067,0.000000
484.250433,0.000000
484.2838,0.000000
484.317167,0.000000
484.350533,0.000000
484.3839,0.000000
484.417267,0.000000
484.450633,0.000000
484.484,0.000427
484.517367,0.000238
484.550733,0.000046
484.5841,0.000022
484.617467,0.000003
484.650833,0.000003
484.6842,0.000002
484.717567,0.000003
484.750933,0.000001
484.7843,0.000001
484.817667,0.000001
484.851033,0.000002
484.8844,0.000002
484.917767,0.000001
484.951133,0.000002
484.9845,0.000001
485.017867,0.000001
485.051233,0.000000
485.0846,0.000000
485.117967,0.000002
485.151333,0.000001
485.1847,0.000002
485.218067,0.000000
485.251433,0.000002
485.2848,0.000001
485.318167,0.000001
485.351533,0.000002
485.3849,0.000000
485.418267,0.000002
485.451633,0.000000
485.485,0.000243
485.518367,0.000008
485.551733,0.000046
485.5851,0.000022
485.618467,0.000003
485.651833,0.032335
485.6852,0.000034
485.718567,0.000017
485.751933,0.000002
485.7853,0.000002
485.818667,0.000001
485.852033,0.000002
485.8854,0.000002
485.918767,0.000001
485.952133,0.000002
485.9855,0.000001
486.018867,0.000001
486.052233,0.000000
486.0856,0.000000
486.118967,0.000002
486.152333,0.000001
486.1857,0.000002
486.219067,0.000000
486.252433,0.000002
486.2858,0.000001
486.319167,0.000001
486.352533,0.000002
486.3859,0.000000
486.419267,0.000002
486.452633,0.000000
486.486,0.000306
486.519367,0.000126
486.552733,0.000139
486.5861,0.000066
486.619467,0.000011
486.652833,0.000005
486.6862,0.000026
486.719567,0.000044
486.752933,0.000010
486.7863,0.000003
486.819667,0.000000
486.853033,0.000000
486.8864,0.000001
486.919767,0.000000
486.953133,0.000000
486.9865,0.000000
487.019867,0.000000
487.053233,0.000000
487.0866,0.000000
487.119967,0.000000
487.153333,0.000000
487.1867,0.342906
487.220067,0.000425
487.253433,0.000224
487.2868,0.000228
487.320167,0.000054
487.353533,0.000042
487.3869,0.000064
487.420267,0.000071
487.453633,0.000021
487.487,0.000109
487.520367,0.000022
487.553733,0.000079
487.5871,0.000010
487.620467,0.000011
487.653833,0.018049
487.6872,0.000458
487.720567,0.000020
487.753933,0.000020
487.7873,0.000004
487.820667,0.000007
487.854033,0.000038
487.8874,0.000025
487.920767,0.000020
487.954133,0.000004
487.9875,0.000098
488.020867,0.000009
488.054233,0.000048
488.0876,0.019139
488.120967,0.000742
488.154333,0.000038
488.1877,0.000012
488.221067,0.000107
488.254433,0.000103
488.2878,0.000039
488.321167,0.000029
488.354533,0.000053
488.3879,0.000015
488.421267,0.000048
488.454633,0.000116
488.488,0.000233
488.521367,0.039895
488.554733,0.000062
488.5881,0.000085
488.621467,0.000028
488.654833,0.000016
488.6882,0.000021
488.721567,0.000014
488.754933,0.000060
488.7883,0.000001
488.821667,0.000005
488.855033,0.000003
488.8884,0.000013
488.921767,0.000057
488.955133,0.000020
488.9885,0.013030
489.021867,0.000321
489.055233,0.000012
489.0886,0.000221
489.121967,0.000062
489.155333,0.000024
489.1887,0.000017
489.222067,0.000008
489.255433,0.000021
489.2888,0.000004
489.322167,0.000011
489.355533,0.000013
489.3889,0.000008
489.422267,0.000000
489.455633,0.017568
489.489,0.000173
489.522367,0.000045
489.555733,0.000027
489.5891,0.000022
489.622467,0.000020
489.655833,0.000014
489.6892,0.000034
489.722567,0.000014
489.755933,0.000022
489.7893,0.000011
489.822667,0.000008
489.856033,0.431682
489.8894,0.018227
489.922767,0.000149
489.956133,0.000817
489.9895,0.001534
490.022867,0.000707
490.056233,0.002022
490.0896,0.000042
490.122967,0.002834
490.156333,0.002381
490.1897,0.000071
490.223067,0.000011
490.256433,0.000369
490.2898,0.000056
490.323167,0.005936
490.356533,0.000065
490.3899,0.000020
490.423267,0.000006
490.456633,0.000006
490.49,0.000179
490.523367,0.000089
490.556733,0.000024
490.5901,0.000006
490.623467,0.000003
490.656833,0.000002
490.6902,0.000001
490.723567,0.000001
490.756933,0.000000
490.7903,0.004289
490.823667,0.000026
490.857033,0.000012
490.8904,0.000003
490.923767,0.000005
490.957133,0.000000
490.9905,0.000004
491.023867,0.000003
491.057233,0.000006
491.0906,0.000003
491.123967,0.000003
491.157333,0.000003
491.1907,0.000004
491.224067,0.000000
491.257433,0.005717
491.2908,0.000036
491.324167,0.000016
491.357533,0.000001
491.3909,0.000003
491.424267,0.000004
491.457633,0.000006
491.491,0.000090
491.524367,0.000029
491.557733,0.000022
491.5911,0.000006
491.624467,0.000001
491.657833,0.006029
491.6912,0.000061
491.724567,0.000022
491.757933,0.603338
491.7913,0.000948
491.824667,0.000158
491.858033,0.000046
491.8914,0.000026
491.924767,0.000012
491.958133,0.000023
491.9915,0.029504
492.024867,0.001126
492.058233,0.000268
492.0916,0.000514
492.124967,0.000002
492.158333,0.000020
492.1917,0.000117
492.225067,0.000016
492.258433,0.000013
492.2918,0.000038
492.325167,0.000027
492.358533,0.000026
492.3919,0.000041
492.425267,0.000052
492.458633,0.022832
492.492,0.001952
492.525367,0.000091
492.558733,0.000282
492.5921,0.000244
492.625467,0.000573
492.658833,0.000236
492.6922,0.000244
492.725567,0.000001
492.758933,0.000292
492.7923,0.000198
492.825667,0.000028
492.859033,0.000010
492.8924,0.000005
492.925767,0.020506
492.959133,0.001499
492.9925,0.000686
493.025867,0.000092
493.059233,0.000012
493.0926,0.000048
493.125967,0.000012
493.159333,0.000013
493.1927,0.000009
493.226067,0.000022
493.259433,0.000012
493.2928,0.000024
493.326167,0.000014
493.359533,0.000019
493.3929,0.021924
493.426267,0.001150
493.459633,0.000478
493.493,0.000261
493.526367,0.000887
493.559733,0.000066
493.5931,0.000332
493.626467,0.000258
493.659833,0.000143
493.6932,0.000245
493.726567,0.033327
493.759933,0.000123
493.7933,0.026496
493.826667,0.000946
493.860033,0.000291
493.8934,0.000154
493.926767,0.000687
493.960133,0.000140
493.9935,0.000124
494.026867,0.000011
494.060233,0.000037
494.0936,0.000051
494.126967,0.000040
494.160333,0.000046
494.1937,0.000057
494.227067,0.000015
494.260433,0.019140
494.2938,0.001538
494.327167,0.000849
494.360533,0.001121
494.3939,0.000091
494.427267,0.000183
494.460633,0.000005
494.494,0.001604
494.527367,0.001369
494.560733,0.000155
494.5941,0.000308
494.627467,0.000207
494.660833,0.000130
494.6942,0.000385
494.727567,0.015834
494.760933,0.001919
494.7943,0.001480
494.827667,0.000247
494.861033,0.000290
494.8944,0.000444
494.927767,0.001461
494.961133,0.000368
494.9945,0.000146
495.027867,0.000025
495.061233,0.000012
495.0946,0.000056
495.127967,0.000832
495.161333,0.017528
495.1947,0.001355
495.228067,0.000155
495.261433,0.000142
495.2948,0.000049
495.328167,0.000021
495.361533,0.000026
495.3949,0.000014
495.428267,0.000228
495.461633,0.000505
495.495,0.000369
495.528367,0.004685
495.561733,0.001966
495.5951,0.018981
495.628467,0.000435
495.661833,0.000533
495.6952,0.000259
495.728567,0.000383
495.761933,0.000066
495.7953,0.036270
495.828667,0.003645
495.862033,0.000491
495.8954,0.001013
495.928767,0.000437
495.962133,0.000281
495.9955,0.000051
496.028867,0.000034
496.062233,0.017849
496.0956,0.001869
496.128967,0.000707
496.162333,0.000568
496.1957,0.000156
496.229067,0.000052
496.262433,0.000166
496.2958,0.000071
496.329167,0.001061
496.362533,0.000053
496.3959,0.000471
496.429267,0.000401
496.462633,0.000200
496.496,0.002210
496.529367,0.014012
496.562733,0.001802
496.5961,0.000589
496.629467,0.000738
496.662833,0.001383
496.6962,0.000877
496.729567,0.000454
496.762933,0.000137
496.7963,0.000052
496.829667,0.000038
496.863033,0.000010
496.8964,0.000018
496.929767,0.000096
496.963133,0.018830
496.9965,0.001788
497.029867,0.000643
497.063233,0.000191
497.0966,0.000065
497.129967,0.000075
497.163333,0.000002
497.1967,0.000074
497.230067,0.000138
497.263433,0.000112
497.2968,0.000142
497.330167,0.000209
497.363533,0.000677
497.3969,0.022195
497.430267,0.001501
497.463633,0.000419
497.497,0.042457
497.530367,0.000333
497.563733,0.000005
497.5971,0.000032
497.630467,0.000207
497.663833,0.000375
497.6972,0.001435
497.730567,0.000867
497.763933,0.000498
497.7973,0.000331
497.830667,0.000108
497.864033,0.018283
497.8974,0.001030
497.930767,0.000649
497.964133,0.000494
497.9975,0.000832
498.030867,0.000551
498.064233,0.000637
498.0976,0.000370
498.130967,0.000120
498.164333,0.000073
498.1977,0.000109
498.231067,0.000018
498.264433,0.000127
498.2978,0.016762
498.331167,0.001460
498.364533,0.000377
498.3979,0.000161
498.431267,0.000009
498.464633,0.000076
498.498,0.003920
498.531367,0.000005
498.564733,0.002705
498.5981,0.000497
498.631467,0.000981
498.664833,0.000753
498.6982,0.000414
498.731567,0.000351
498.764933,0.000039
498.7983,0.000012
498.831667,0.000020
498.865033,0.000186
498.8984,0.041998
498.931767,0.002007
498.965133,0.000418
498.9985,0.000079
499.031867,0.000589
499.065233,0.000179
499.0986,0.000048
499.131967,0.000015
499.165333,0.000260
499.1987,0.000130
499.232067,0.000896
499.265433,0.000645
499.2988,0.000305
499.332167,0.023162
499.365533,0.001439
499.3989,0.000262
499.432267,0.000022
499.465633,0.000001
499.499,0.004132
499.532367,0.000006
499.565733,0.000003
499.5991,0.000881
499.632467,0.000391
499.665833,0.000011
499.6992,0.000580
499.732567,0.000382
499.765933,0.000267
499.7993,0.017750
499.832667,0.000003
499.866033,0.000002
499.8994,0.000001
499.932767,0.000002
499.966133,0.000721
499.9995,0.000067
500.032867,0.020690
500.066233,0.001423
500.0996,0.000132
500.132967,0.000444
500.166333,0.000154
500.1997,0.000046
500.233067,0.016414
500.266433,0.001759
500.2998,0.000710
500.333167,0.000286
500.366533,0.000360
500.3999,0.001590
500.433267,0.000447
500.466633,0.000675
500.5,0.001709
500.533367,0.000534
500.566733,0.000072
500.6001,0.000102
500.633467,0.000022
500.666833,0.000116
500.7002,0.018555
500.733567,0.002039
500.766933,0.000329
500.8003,0.000161
500.833667,0.000046
500.867033,0.000077
500.9004,0.000003
500.933767,0.000057
500.967133,0.000326
501.0005,0.000049
501.033867,0.000670
501.067233,0.000442
501.1006,0.000124
501.133967,0.023206
501.167333,0.001459
501.2007,0.000450
501.234067,0.000308
501.267433,0.000009
501.3008,0.000084
501.334167,0.000002
501.367533,0.000064
501.4009,0.000140
501.434267,0.000131
501.467633,0.000246
501.501,0.001902
501.534367,0.000527
501.567733,0.307205
501.6011,0.035017
501.634467,0.002010
501.667833,0.012814
501.7012,0.000588
501.734567,0.011854
501.767933,0.003178
501.8013,0.003877
501.834667,0.009292
501.868033,0.000063
501.9014,0.000016
501.934767,0.000007
501.968133,0.000002
502.0015,0.000000
502.034867,0.000001
502.068233,0.000000
502.1016,0.001139
502.134967,0.000442
502.168333,0.000093
502.2017,0.000037
502.235067,0.000013
502.268433,0.000001
502.3018,0.000002
502.335167,0.000000
502.368533,0.000003
502.4019,0.000001
502.435267,0.000003
502.468633,0.000001
502.502,0.001832
502.535367,0.000452
502.568733,0.000143
502.6021,0.000067
502.635467,0.000013
502.668833,0.047911
502.7022,0.001112
502.735567,0.013127
502.768933,0.000416
502.8023,0.000119
502.835667,0.000030
502.869033,0.000250
502.9024,0.000156
502.935767,0.000059
502.969133,0.000044
503.0025,0.000153
503.035867,0.000142
503.069233,0.000001
503.1026,0.000121
503.135967,0.000079
503.169333,0.000078
503.2027,0.000023
503.236067,0.000741
503.269433,0.000070
503.3028,0.000010
503.336167,0.000001
503.369533,0.000001
503.4029,0.000000
503.436267,0.000000
503.469633,0.000001
503.503,0.000480
503.536367,0.000089
503.569733,0.000141
503.6031,0.000066
503.636467,0.000013
503.669833,0.000005
503.7032,0.000000
503.736567,0.000000
503.769933,0.000000
503.8033,0.000000
503.836667,0.000000
503.870033,0.000001
503.9034,0.000001
503.936767,0.000000
503.970133,0.000001
504.0035,0.000001
504.036867,0.000000
504.070233,0.000001
504.1036,0.000000
504.136967,0.000000
504.170333,0.000000
504.2037,0.000001
504.237067,0.000000
504.270433,0.000001
504.3038,0.000001
504.337167,0.000000
504.370533,0.000001
504.4039,0.000001
504.437267,0.000000
504.470633,0.000001
504.504,0.000414
504.537367,0.000022
504.570733,0.000141
504.6041,0.000066
504.637467,0.000013
504.670833,0.000005
504.7042,0.000000
504.737567,0.000000
504.770933,0.000000
504.8043,0.000000
504.837667,0.037052
504.871033,0.000075
504.9044,0.000014
504.937767,0.000003
504.971133,0.000001
505.0045,0.000000
505.037867,0.000000
505.071233,0.000000
505.1046,0.000000
505.137967,0.000000
505.171333,0.000000
505.2047,0.000000
505.238067,0.000000
505.271433,0.000000
505.3048,0.000001
505.338167,0.000000
505.371533,0.001474
505.4049,0.000043
505.438267,0.000024
505.471633,0.000002
505.505,0.000465
505.538367,0.000071
505.571733,0.000238
505.6051,0.000082
505.638467,0.000051
505.671833,0.000024
505.7052,0.000003
505.738567,0.000045
505.771933,0.000100
505.8053,0.000015
505.838667,0.000043
505.872033,0.000045
505.9054,0.000048
505.938767,0.000052
505.972133,0.000065
506.0055,0.000107
506.038867,0.000065
506.072233,0.000009
506.1056,0.000066
506.138967,0.000107
506.172333,0.000123
506.2057,0.000140
506.239067,0.000180
506.272433,0.000153
506.3058,0.000317
506.339167,0.000295
506.372533,0.000066
506.4059,0.000200
506.439267,0.000071
506.472633,0.000028
506.506,0.000480
506.539367,0.000245
506.572733,0.000045
506.6061,0.000022
506.639467,0.000283
506.672833,0.000121
506.7062,0.000054
506.739567,0.000008
506.772933,0.000003
506.8063,0.000001
506.839667,0.000000
506.873033,0.000000
506.9064,0.000000
506.939767,0.000000
506.973133,0.000000
507.0065,0.054776
507.039867,0.000077
507.073233,0.000017
507.1066,0.000003
507.139967,0.000001
507.173333,0.000000
507.2067,0.000000
507.240067,0.000000
507.273433,0.000000
507.3068,0.000000
507.340167,0.000000
507.373533,0.000000
507.4069,0.000000
507.440267,0.000000
507.473633,0.000000
507.507,0.000458
507.540367,0.000069
507.573733,0.000140
507.6071,0.000066
507.640467,0.000012
507.673833,0.000005
507.7072,0.000000
507.740567,0.000000
507.773933,0.000001
507.8073,0.000000
507.840667,0.000000
507.874033,0.000001
507.9074,0.000001
507.940767,0.000000
507.974133,0.000001
508.0075,0.000001
508.040867,0.037966
508.074233,0.000069
508.1076,0.000011
508.140967,0.000001
508.174333,0.000001
508.2077,0.000000
508.241067,0.000000
508.274433,0.000001
508.3078,0.000001
508.341167,0.000000
508.374533,0.000001
508.4079,0.000001
508.441267,0.000000
508.474633,0.000001
508.508,0.000421
508.541367,0.000038
508.574733,0.000138
508.6081,0.000065
508.641467,0.000011
508.674833,0.000005
508.7082,0.000000
508.741567,0.000000
508.774933,0.000001
508.8083,0.000000
508.841667,0.000000
508.875033,0.000001
508.9084,0.000001
508.941767,0.000000
508.975133,0.000001
509.0085,0.000001
509.041867,0.000000
509.075233,0.000001
509.1086,0.000001
509.141967,0.000000
509.175333,0.000001
509.2087,0.000001
509.242067,0.000000
509.275433,0.000001
509.3088,0.000001
509.342167,0.000000
509.375533,0.000001
509.4089,0.000001
509.442267,0.000000
509.475633,0.000001
509.509,0.000405
509.542367,0.000022
509.575733,0.000138
509.6091,0.000065
509.642467,0.000011
509.675833,0.000005
509.7092,0.000000
509.742567,0.000000
509.775933,0.056807
509.8093,0.000069
509.842667,0.000013
509.876033,0.000002
509.9094,0.000000
509.942767,0.000000
509.976133,0.000000
510.0095,0.000000
510.042867,0.000000
510.076233,0.000000
510.1096,0.000000
510.142967,0.000000
510.176333,0.000000
510.2097,0.000000
510.243067,0.000000
510.276433,0.000000
510.3098,0.000000
510.343167,0.000000
510.376533,0.000000
510.4099,0.000000
510.443267,0.000000
510.476633,0.000000
510.51,0.000421
510.543367,0.000044
510.576733,0.000135
510.6101,0.000064
510.643467,0.000012
510.676833,0.000004
510.7102,0.000001
510.743567,0.000000
510.776933,0.000000
510.8103,0.000000
510.843667,0.000000
510.877033,0.000000
510.9104,0.000000
510.943767,0.000000
510.977133,0.000000
511.0105,0.000000
511.043867,0.000000
511.077233,0.000000
511.1106,0.000000
511.143967,0.000000
511.177333,0.000000
511.2107,0.000000
511.244067,0.000000
511.277433,0.000000
511.3108,0.000000
511.344167,0.000000
511.377533,0.000000
511.4109,0.000000
511.444267,0.000000
511.477633,0.000000
511.511,0.000399
511.544367,0.000022
511.577733,0.000135
511.6111,0.000064
511.644467,0.000012
511.677833,0.000004
511.7112,0.000001
511.744567,0.000000
511.777933,0.000000
511.8113,0.000000
511.844667,0.000000
511.878033,0.000000
511.9114,0.000000
511.944767,0.000000
511.978133,0.000000
512.0115,0.299189
512.044867,0.000054
512.078233,0.000014
512.1116,0.000021
512.144967,0.000010
512.178333,0.000001
512.2117,0.000000
512.245067,0.000000
512.278433,0.000000
512.3118,0.000000
512.345167,0.000000
512.378533,0.000000
512.4119,0.000000
512.445267,0.000000
512.478633,0.000000
512.512,0.000100
512.545367,0.000039
512.578733,0.000020
512.6121,0.000007
512.645467,0.000001
512.678833,0.000000
512.7122,0.000000
512.745567,0.000000
512.778933,0.000000
512.8123,0.000000
512.845667,0.000000
512.879033,0.000000
512.9124,0.000000
512.945767,0.000000
512.979133,0.000000
513.0125,0.000000
513.045867,0.000000
513.079233,0.000000
513.1126,0.000000
513.145967,0.000000
513.179333,0.000000
513.2127,0.000000
513.246067,0.000000
513.279433,0.000000
513.3128,0.000000
513.346167,0.000000
513.379533,0.000000
513.4129,0.000000
513.446267,0.000000
513.479633,0.000000
513.513,0.000064
513.546367,0.000004
513.579733,0.000020
513.6131,0.000007
513.646467,0.000001
513.679833,0.000000
513.7132,0.000000
513.746567,0.000000
513.779933,0.000000
513.8133,0.000000
513.846667,0.000000
513.880033,0.000000
513.9134,0.000000
513.946767,0.000000
513.980133,0.000000
514.0135,0.000000
514.046867,0.000000
514.080233,0.000000
514.1136,0.000000
514.146967,0.000000
514.180333,0.000000
514.2137,0.000000
514.247067,0.000000
514.280433,0.000000
514.3138,0.000000
514.347167,0.000000
514.380533,0.066836
514.4139,0.000014
514.447267,0.000006
514.480633,0.000001
514.514,0.000058
514.547367,0.000005
514.580733,0.000015
514.6141,0.000007
514.647467,0.000001
514.680833,0.000001
514.7142,0.000000
514.747567,0.000000
514.780933,0.000000
514.8143,0.000000
514.847667,0.000000
514.881033,0.000000
514.9144,0.000000
514.947767,0.000000
514.981133,0.000000
515.0145,0.000000
515.047867,0.000000
515.081233,0.000000
515.1146,0.000000
515.147967,0.000000
515.181333,0.000000
515.2147,0.000000
515.248067,0.000000
515.281433,0.000000
515.3148,0.000000
515.348167,0.000000
515.381533,0.000000
515.4149,0.000000
515.448267,0.000000
515.481633,0.000000
515.515,0.000056
515.548367,0.000003
515.581733,0.000015
515.6151,0.000007
515.648467,0.000001
515.681833,0.000001
515.7152,0.000000
515.748567,0.000000
515.781933,0.000000
515.8153,0.000000
515.848667,0.000000
515.882033,0.000000
515.9154,0.000000
515.948767,0.000000
515.982133,0.062669
516.0155,0.000023
516.048867,0.000011
516.082233,0.000002
516.1156,0.000000
516.148967,0.000000
516.182333,0.000000
516.2157,0.000000
516.249067,0.000000
516.282433,0.000000
516.3158,0.000000
516.349167,0.000000
516.382533,0.000000
516.4159,0.000000
516.449267,0.000000
516.482633,0.000000
516.516,0.000067
516.549367,0.000008
516.582733,0.000019
516.6161,0.000008
516.649467,0.000001
516.682833,0.000001
516.7162,0.000000
516.749567,0.000000
516.782933,0.000000
516.8163,0.000000
516.849667,0.000000
516.883033,0.000000
516.9164,0.000000
516.949767,0.000000
516.983133,0.000000
517.0165,0.000000
517.049867,0.000000
517.083233,0.000000
517.1166,0.000000
517.149967,0.000000
517.183333,0.000000
517.2167,0.000000
517.250067,0.000000
517.283433,0.000000
517.3168,0.000000
517.350167,0.000000
517.383533,0.000000
517.4169,0.000000
517.450267,0.000000
517.483633,0.000000
517.517,0.000063
517.550367,0.000004
517.583733,0.000019
517.6171,0.051585
517.650467,0.000015
517.683833,0.000006
517.7172,0.000002
517.750567,0.000000
517.783933,0.000000
517.8173,0.000000
517.850667,0.000000
517.884033,0.000000
517.9174,0.000000
517.950767,0.000000
517.984133,0.000000
518.0175,0.000000
518.050867,0.000000
518.084233,0.000000
518.1176,0.000000
518.150967,0.000000
518.184333,0.000000
518.2177,0.000000
518.251067,0.000000
518.284433,0.000000
518.3178,0.000000
518.351167,0.000000
518.384533,0.000000
518.4179,0.000000
518.451267,0.000000
518.484633,0.000000
518.518,0.000062
518.551367,0.000005
518.584733,0.000017
518.6181,0.000008
518.651467,0.000001
518.684833,0.000001
518.7182,0.000000
518.751567,0.000000
518.784933,0.000000
518.8183,0.000000
518.851667,0.000000
518.885033,0.000000
518.9184,0.000000
518.951767,0.000000
518.985133,0.000000
519.0185,0.000000
519.051867,0.000000
519.085233,0.000000
519.1186,0.000000
519.151967,0.000000
519.185333,0.000000
519.2187,0.000000
519.252067,0.000000
519.285433,0.000000
519.3188,0.000000
519.352167,0.000000
519.385533,0.000000
519.4189,0.000000
519.452267,0.000000
519.485633,0.000000
519.519,0.000061
519.552367,0.000004
519.585733,0.401007
519.6191,0.001583
519.652467,0.000439
519.685833,0.000254
519.7192,0.000420
519.752567,0.000026
519.785933,0.000063
519.8193,0.000064
519.852667,0.000031
519.886033,0.000009
519.9194,0.000098
519.952767,0.000038
519.986133,0.000015
520.0195,0.000006
520.052867,0.000004
520.086233,0.000001
520.1196,0.000008
520.152967,0.000014
520.186333,0.000001
520.2197,0.000009
520.253067,0.000002
520.286433,0.000014
520.3198,0.000007
520.353167,0.000009
520.386533,0.000003
520.4199,0.000013
520.453267,0.000009
520.486633,0.000014
520.52,0.000764
520.553367,0.000360
520.586733,0.000281
520.6201,0.000055
520.653467,0.000008
520.686833,0.000009
520.7202,0.000024
520.753567,0.000021
520.786933,0.000027
520.8203,0.000042
520.853667,0.000021
520.887033,0.000082
520.9204,0.000036
520.953767,0.000047
520.987133,0.000010
521.0205,0.000002
521.053867,0.000000
521.087233,0.000000
521.1206,0.000000
521.153967,0.000000
521.187333,0.000000
521.2207,0.000000
521.254067,0.000000
521.287433,0.000000
521.3208,0.000000
521.354167,0.000000
521.387533,0.043977
521.4209,0.000057
521.454267,0.000018
521.487633,0.000004
521.521,0.000391
521.554367,0.000110
521.587733,0.000099
521.6211,0.000047
521.654467,0.000009
521.687833,0.000003
521.7212,0.000000
521.754567,0.000000
521.787933,0.000000
521.8213,0.000000
521.854667,0.000000
521.888033,0.000000
521.9214,0.000000
521.954767,0.000000
521.988133,0.000000
522.0215,0.000000
522.054867,0.000000
522.088233,0.000000
522.1216,0.000000
522.154967,0.000000
522.188333,0.000000
522.2217,0.000000
522.255067,0.000000
522.288433,0.000000
522.3218,0.000000
522.355167,0.000000
522.388533,0.000000
522.4219,0.000000
522.455267,0.000000
522.488633,0.000000
522.522,0.000298
522.555367,0.000016
522.588733,0.043525
522.6221,0.000055
522.655467,0.000017
522.688833,0.000005
522.7222,0.000001
522.755567,0.000000
522.788933,0.000000
522.8223,0.000000
522.855667,0.000000
522.889033,0.000000
522.9224,0.000000
522.955767,0.000000
522.989133,0.000000
523.0225,0.000000
523.055867,0.000000
523.089233,0.000000
523.1226,0.000000
523.155967,0.000000
523.189333,0.000000
523.2227,0.000000
523.256067,0.000000
523.289433,0.000000
523.3228,0.000000
523.356167,0.000000
523.389533,0.000000
523.4229,0.000000
523.456267,0.000000
523.489633,0.000000
523.523,0.000298
523.556367,0.000025
523.589733,0.000095
523.6231,0.000045
523.656467,0.000008
523.689833,0.000003
523.7232,0.000000
523.756567,0.000000
523.789933,0.000000
523.8233,0.000000
523.856667,0.000000
523.890033,0.000000
523.9234,0.000000
523.956767,0.000000
523.990133,0.000000
524.0235,0.000000
524.056867,0.000000
524.090233,0.000000
524.1236,0.000000
524.156967,0.000000
524.190333,0.000000
524.2237,0.000000
524.257067,0.000000
524.290433,0.000000
524.3238,0.046243
524.357167,0.000045
524.390533,0.000011
524.4239,0.000002
524.457267,0.000000
524.490633,0.000000
524.524,0.000297
524.557367,0.000031
524.590733,0.000092
524.6241,0.000043
524.657467,0.000008
524.690833,0.000003
524.7242,0.000000
524.757567,0.000000
524.790933,0.000000
524.8243,0.000000
524.857667,0.000000
524.891033,0.000000
524.9244,0.000000
524.957767,0.000000
524.991133,0.000000
525.0245,0.000000
525.057867,0.000000
525.091233,0.000000
525.1246,0.000000
525.157967,0.000000
525.191333,0.000000
525.2247,0.000000
525.258067,0.000000
525.291433,0.000000
525.3248,0.000000
525.358167,0.000000
525.391533,0.000000
525.4249,0.000000
525.458267,0.000000
525.491633,0.000000
525.525,0.000281
525.558367,0.000015
525.591733,0.000092
525.6251,0.000043
525.658467,0.000008
525.691833,0.000003
525.7252,0.000000
525.758567,0.000000
525.791933,0.000000
525.8253,0.000000
525.858667,0.000000
525.892033,0.000000
525.9254,0.000000
525.958767,0.000000
525.992133,0.000000
526.0255,0.000000
526.058867,0.000000
526.092233,0.000000
526.1256,0.000000
526.158967,0.000000
526.192333,0.000000
526.2257,0.000000
526.259067,0.000000
526.292433,0.000000
526.3258,0.000000
526.359167,0.000000
526.392533,0.000000
526.4259,0.000000
526.459267,0.067561
526.492633,0.000061
526.526,0.000286
526.559367,0.000033
526.592733,0.000099
526.6261,0.000046
526.659467,0.000009
526.692833,0.000003
526.7262,0.000000
526.759567,0.000000
526.792933,0.000000
526.8263,0.000000
526.859667,0.000000
526.893033,0.000000
526.9264,0.000000
526.959767,0.000000
526.993133,0.000000
527.0265,0.000000
527.059867,0.000000
527.093233,0.000000
527.1266,0.000000
527.159967,0.000000
527.193333,0.000000
527.2267,0.015531
527.260067,0.312587
527.293433,0.000001
527.3268,0.000000
527.360167,0.000000
527.393533,0.000000
527.4269,0.000000
527.460267,0.000000
527.493633,0.000012
527.527,0.000103
527.560367,0.000127
527.593733,0.000179
527.6271,0.000271
527.660467,0.000408
527.693833,0.000550
527.7272,0.000746
527.760567,0.000904
527.793933,0.001044
527.8273,0.001118
527.860667,0.001290
527.894033,0.001296
527.9274,0.001345
527.960767,0.001362
527.994133,0.001438
528.0275,0.001131
528.060867,0.000773
528.094233,0.000351
528.1276,0.000439
528.160967,0.000727
528.194333,0.000547
528.2277,0.000554
528.261067,0.000767
528.294433,0.000102
528.3278,0.000040
528.361167,0.000216
528.394533,0.000872
528.4279,0.000838
528.461267,0.001014
528.494633,0.000956
528.528,0.000019
528.561367,0.000731
528.594733,0.001416
528.6281,0.001944
528.661467,0.002249
528.694833,0.002992
528.7282,0.002792
528.761567,0.002256
528.794933,0.000992
528.8283,0.000749
528.861667,0.001812
528.895033,0.002536
528.9284,0.002545
528.961767,0.002206
528.995133,0.001450
529.0285,0.000307
529.061867,0.000238
529.095233,0.001289
529.1286,0.001546
529.161967,0.002420
529.195333,0.002242
529.2287,0.002000
529.262067,0.000987
529.295433,0.001432
529.3288,0.001914
529.362167,0.002716
529.395533,0.002457
529.4289,0.002496
529.462267,0.002064
529.495633,0.001999
529.529,0.001569
529.562367,0.001636
529.595733,0.001351
529.6291,0.001028
529.662467,0.001222
529.695833,0.000677
529.7292,0.000635
529.762567,0.000719
529.795933,0.000525
529.8293,0.000457
529.862667,0.000356
529.896033,0.000617
529.9294,0.000100
529.962767,0.000631
529.996133,0.000159
530.0295,0.000199
530.062867,0.000220
530.096233,0.000082
530.1296,0.000123
530.162967,0.000101
530.196333,0.000084
530.2297,0.000291
530.263067,0.000762
530.296433,0.000536
530.3298,0.000153
530.363167,0.000022
530.396533,0.000153
530.4299,0.000056
530.463267,0.000019
530.496633,0.000144
530.53,0.000171
530.563367,0.000079
530.596733,0.000333
530.6301,0.000012
530.663467,0.000148
530.696833,0.000351
530.7302,0.000010
530.763567,0.000129
530.796933,0.000280
530.8303,0.000069
530.863667,0.000092
530.897033,0.000120
530.9304,0.000081
530.963767,0.000068
530.997133,0.000080
531.0305,0.000072
531.063867,0.000069
531.097233,0.000007
531.1306,0.000046
531.163967,0.000072
531.197333,0.000070
531.2307,0.000037
531.264067,0.000228
531.297433,0.000083
531.3308,0.000104
531.364167,0.000020
531.397533,0.000041
531.4309,0.000024
531.464267,0.000040
531.497633,0.000035
531.531,0.000014
531.564367,0.000106
531.597733,0.000125
531.6311,0.000091
531.664467,0.000139
531.697833,0.000107
531.7312,0.000094
531.764567,0.000083
531.797933,0.000062
531.8313,0.000080
531.864667,0.000058
531.898033,0.000050
531.9314,0.000046
531.964767,0.000041
531.998133,0.000037
532.0315,0.000035
532.064867,0.000041
532.098233,0.000049
532.1316,0.000050
532.164967,0.000034
532.198333,0.000014
532.2317,0.000004
532.265067,0.000582
532.298433,0.000113
532.3318,0.000039
532.365167,0.000008
532.398533,0.000008
532.4319,0.000004
532.465267,0.000001
532.498633,0.000000
532.532,0.000088
532.565367,0.000038
532.598733,0.000008
532.6321,0.000003
532.665467,0.000000
532.698833,0.000000
532.7322,0.000000
532.765567,0.000000
532.798933,0.000000
532.8323,0.000000
532.865667,0.000000
532.899033,0.000000
532.9324,0.000000
532.965767,0.000000
532.999133,0.000000
533.0325,0.000000
533.065867,0.000000
533.099233,0.000000
533.1326,0.000000
533.165967,0.000000
533.199333,0.000000
533.2327,0.000000
533.266067,0.000148
533.299433,0.000052
533.3328,0.000031
533.366167,0.000009
533.399533,0.000006
533.4329,0.000002
533.466267,0.000001
533.499633,0.000000
533.533,0.000050
533.566367,0.000014
533.599733,0.000014
533.6331,0.000004
533.666467,0.000001
533.699833,0.000000
533.7332,0.000000
533.766567,0.000000
533.799933,0.000000
533.8333,0.000000
533.866667,0.000000
533.900033,0.000000
533.9334,0.000000
533.966767,0.000000
534.000133,0.000000
534.0335,0.000000
534.066867,0.000000
534.100233,0.000000
534.1336,0.000000
534.166967,0.000000
534.200333,0.000000
534.2337,0.000000
534.267067,0.000364
