t,scene_score
0,0.000000
0.0333333,0.000157
0.0666667,0.000005
0.1,0.000002
0.133333,0.000001
0.166667,0.000000
0.2,0.003153
0.233333,0.000001
0.266667,0.000000
0.3,0.000000
0.333333,0.000000
0.366667,0.000000
0.4,0.003141
0.433333,0.000000
0.466667,0.000000
0.5,0.000000
0.533333,0.000000
0.566667,0.000000
0.6,0.000671
0.633333,0.000207
0.666667,0.000085
0.7,0.000013
0.733333,0.000003
0.766667,0.000085
0.8,0.013623
0.833333,0.028333
0.866667,0.037915
0.9,0.009113
0.933333,0.000156
0.966667,0.000050
1,0.000623
1.033333,0.000175
1.066667,0.000070
1.1,0.000021
1.133333,0.000012
1.166667,0.000000
1.2,0.000004
1.233333,0.000003
1.266667,0.000001
1.3,0.000002
1.333333,0.000217
1.366667,0.000061
1.4,0.000031
1.433333,0.000001
1.466667,0.000007
1.5,0.000001
1.533333,0.000001
1.566667,0.000002
1.6,0.000001
1.633333,0.000001
1.666667,0.000001
1.7,0.000002
1.733333,0.000005
1.766667,0.000003
1.8,0.000002
1.833333,0.000005
1.866667,0.000177
1.9,0.000072
1.933333,0.000029
1.966667,0.000005
2,0.073040
2.033333,0.001731
2.066667,0.002387
2.1,0.002182
2.133333,0.002493
2.166667,0.003279
2.2,0.000134
2.233333,0.000044
2.266667,0.061034
2.3,0.000037
2.333333,0.000010
2.366667,0.000004
2.4,0.000005
2.433333,0.000006
2.466667,0.000001
2.5,0.000004
2.533333,0.000002
2.566667,0.000003
2.6,0.000002
2.633333,0.000666
2.666667,0.000064
2.7,0.000020
2.733333,0.000018
2.766667,0.000004
2.8,0.000002
2.833333,0.000001
2.866667,0.000000
2.9,0.000000
2.933333,0.000000
2.966667,0.000000
3,0.000189
3.033333,0.000082
3.066667,0.000020
3.1,0.000005
3.133333,0.000002
3.166667,0.000001
3.2,0.000000
3.233333,0.000000
3.266667,0.000000
3.3,0.000000
3.333333,0.000000
3.366667,0.000000
3.4,0.000000
3.433333,0.000000
3.466667,0.000000
3.5,0.000000
3.533333,0.000000
3.566667,0.000000
3.6,0.000335
3.633333,0.000049
3.666667,0.000003
3.7,0.610691
3.733333,0.000259
3.766667,0.000005
3.8,0.000030
3.833333,0.000209
3.866667,0.000089
3.9,0.000414
3.933333,0.000404
3.966667,0.000462
4,0.000185
4.033333,0.000032
4.066667,0.000058
4.1,0.000341
4.133333,0.000156
4.166667,0.000147
4.2,0.000148
4.233333,0.000164
4.266667,0.000276
4.3,0.000262
4.333333,0.000215
4.366667,0.000095
4.4,0.000063
4.433333,0.000000
4.466667,0.000177
4.5,0.022064
4.533333,0.000035
4.566667,0.000006
4.6,0.000001
4.633333,0.000000
4.666667,0.000000
4.7,0.000000
4.733333,0.000000
4.766667,0.000000
4.8,0.000000
4.833333,0.000581
4.866667,0.000257
4.9,0.000180
4.933333,0.003871
4.966667,0.000028
5,0.000127
5.033333,0.000066
5.066667,0.000034
5.1,0.000004
5.133333,0.000001
5.166667,0.000000
5.2,0.000000
5.233333,0.000000
5.266667,0.000000
5.3,0.000000
5.333333,0.000000
5.366667,0.000000
5.4,0.000000
5.433333,0.000000
5.466667,0.000000
5.5,0.000000
5.533333,0.000000
5.566667,0.000000
5.6,0.000000
5.633333,0.000000
5.666667,0.000000
5.7,0.000000
5.733333,0.000000
5.766667,0.000000
5.8,0.000000
5.833333,0.000000
5.866667,0.000000
5.9,0.000000
5.933333,0.000000
5.966667,0.000000
6,0.000063
6.033333,0.000003
6.066667,0.000034
6.1,0.000004
6.133333,0.000001
6.166667,0.000000
6.2,0.024040
6.233333,0.000420
6.266667,0.000510
6.3,0.000396
6.333333,0.000054
6.366667,0.000097
6.4,0.000111
6.433333,0.000065
6.466667,0.000110
6.5,0.000119
6.533333,0.000213
6.566667,0.000192
6.6,0.000036
6.633333,0.000261
6.666667,0.000007
6.7,0.000318
6.733333,0.000410
6.766667,0.000299
6.8,0.000204
6.833333,0.000284
6.866667,0.000157
6.9,0.000028
6.933333,0.000219
6.966667,0.000004
7,0.000339
7.033333,0.000089
7.066667,0.000221
7.1,0.000145
7.133333,0.000278
7.166667,0.000084
7.2,0.000301
7.233333,0.000009
7.266667,0.000255
7.3,0.000004
7.333333,0.000363
7.366667,0.000105
7.4,0.000371
7.433333,0.000321
7.466667,0.000105
7.5,0.000054
7.533333,0.000023
7.566667,0.000148
7.6,0.000173
7.633333,0.000276
7.666667,0.000027
7.7,0.000145
7.733333,0.000009
7.766667,0.001039
7.8,0.000607
7.833333,0.000224
7.866667,0.000460
7.9,0.000043
7.933333,0.000182
7.966667,0.000061
8,0.000261
8.033333,0.000127
8.066667,0.000045
8.1,0.000009
8.133333,0.023291
8.166667,0.000048
8.2,0.000010
8.233333,0.000001
8.266667,0.000001
8.3,0.000000
8.333333,0.000000
8.366667,0.000000
8.4,0.000000
8.433333,0.000000
8.466667,0.000000
8.5,0.000000
8.533333,0.000000
8.566667,0.000000
8.6,0.000000
8.633333,0.000000
8.666667,0.000000
8.7,0.000000
8.733333,0.000000
8.766667,0.000000
8.8,0.000000
8.833333,0.000000
8.866667,0.000000
8.9,0.000000
8.933333,0.000000
8.966667,0.000000
9,0.000111
9.033333,0.000012
9.066667,0.000048
9.1,0.000009
9.133333,0.000002
9.166667,0.017762
9.2,0.000042
9.233333,0.000005
9.266667,0.000001
9.3,0.000000
9.333333,0.000000
9.366667,0.000000
9.4,0.000000
9.433333,0.000000
9.466667,0.000000
9.5,0.000000
9.533333,0.000000
9.566667,0.000000
9.6,0.000000
9.633333,0.000000
9.666667,0.000000
9.7,0.000000
9.733333,0.000000
9.766667,0.000000
9.8,0.000000
9.833333,0.000000
9.866667,0.000000
9.9,0.000000
9.933333,0.000000
9.966667,0.000000
10,0.000105
10.033333,0.000010
10.066667,0.000047
10.1,0.000008
10.133333,0.000002
10.166667,0.000001
10.2,0.000000
10.233333,0.000000
10.266667,0.000000
10.3,0.000000
10.333333,0.000000
10.366667,0.000000
10.4,0.000000
10.433333,0.000000
10.466667,0.000000
10.5,0.000000
10.533333,0.000000
10.566667,0.000000
10.6,0.000000
10.633333,0.000000
10.666667,0.000000
10.7,0.000000
10.733333,0.000000
10.766667,0.000000
10.8,0.000000
10.833333,1.000000
10.866667,0.000166
10.9,0.000038
10.933333,0.000014
10.966667,0.000004
11,0.000142
11.033333,0.000074
11.066667,0.000018
11.1,0.000007
11.133333,0.000002
11.166667,0.000001
11.2,0.000000
11.233333,0.001886
11.266667,0.000025
11.3,0.000266
11.333333,0.000222
11.366667,0.000155
11.4,0.000028
11.433333,0.000190
11.466667,0.000029
11.5,0.000186
11.533333,0.000191
11.566667,0.000007
11.6,0.000014
11.633333,0.000015
11.666667,0.000170
11.7,0.000180
11.733333,0.000019
11.766667,0.000199
11.8,0.000203
11.833333,0.000215
11.866667,0.000211
11.9,0.000135
11.933333,0.000126
11.966667,0.000180
12,0.000058
12.033333,0.000047
12.066667,0.000095
12.1,0.000198
12.133333,0.000048
12.166667,0.000054
12.2,0.000065
12.233333,0.001971
12.266667,0.000220
12.3,0.000276
12.333333,0.000058
12.366667,0.000152
12.4,0.000024
12.433333,0.000126
12.466667,0.000069
12.5,0.000274
12.533333,0.000191
12.566667,0.000029
12.6,0.001155
12.633333,0.000063
12.666667,0.000077
12.7,0.000082
12.733333,0.000055
12.766667,0.000104
12.8,0.000036
12.833333,0.000086
12.866667,0.000100
12.9,0.000026
12.933333,0.000021
12.966667,0.000019
13,0.000220
13.033333,0.000099
13.066667,0.000026
13.1,0.000010
13.133333,0.000002
13.166667,0.000001
13.2,0.000000
13.233333,0.000000
13.266667,0.000000
13.3,0.000000
13.333333,0.000000
13.366667,0.000000
13.4,0.000000
13.433333,0.000000
13.466667,0.000000
13.5,0.000000
13.533333,0.000000
13.566667,0.000000
13.6,0.000000
13.633333,0.000000
13.666667,0.000000
13.7,0.000000
13.733333,0.000000
13.766667,0.000000
13.8,0.000000
13.833333,0.000000
13.866667,0.000000
13.9,0.000000
13.933333,0.000000
13.966667,0.000000
14,0.000092
14.033333,0.000005
14.066667,0.000026
14.1,1.000000
14.133333,0.007015
14.166667,0.001121
14.2,0.000079
14.233333,0.000005
14.266667,0.000070
14.3,0.000025
14.333333,0.000001
14.366667,0.000036
14.4,0.000036
14.433333,0.000000
14.466667,0.000036
14.5,0.000036
14.533333,0.000000
14.566667,0.000036
14.6,0.000036
14.633333,0.000000
14.666667,0.000036
14.7,0.000036
14.733333,0.000000
14.766667,0.000036
14.8,0.000036
14.833333,0.000000
14.866667,0.000036
14.9,0.000036
14.933333,0.000000
14.966667,0.000036
15,0.000286
15.033333,0.000156
15.066667,0.000067
15.1,0.000611
15.133333,0.000141
15.166667,0.000074
15.2,0.000119
15.233333,0.000801
15.266667,0.000281
15.3,0.000005
15.333333,0.000303
15.366667,0.000350
15.4,0.000252
15.433333,0.000711
15.466667,0.000163
15.5,0.000055
15.533333,0.000058
15.566667,0.000483
15.6,0.000036
15.633333,0.000000
15.666667,0.000036
15.7,0.000036
15.733333,0.000000
15.766667,0.000036
15.8,0.000036
15.833333,0.000000
15.866667,0.000036
15.9,0.000036
15.933333,0.000000
15.966667,0.000036
16,0.000141
16.033333,0.000007
16.066667,0.000117
16.1,0.000022
16.133333,0.000002
16.166667,0.000037
16.2,0.000036
16.233333,0.000000
16.266667,0.000036
16.3,0.000036
16.333333,0.000000
16.366667,0.000036
16.4,0.000036
16.433333,0.000000
16.466667,0.000036
16.5,0.058571
16.533333,0.000025
16.566667,0.000009
16.6,0.000001
16.633333,0.000000
16.666667,0.000000
16.7,0.000000
16.733333,0.000000
16.766667,0.000000
16.8,0.000000
16.833333,0.000000
16.866667,0.000000
16.9,0.000000
16.933333,0.000000
16.966667,0.000000
17,0.000104
17.033333,0.000011
17.066667,0.000032
17.1,0.000014
17.133333,0.000002
17.166667,0.000001
17.2,0.000000
17.233333,0.000000
17.266667,0.000000
17.3,0.037335
17.333333,0.000027
17.366667,0.000010
17.4,0.000001
17.433333,0.000000
17.466667,0.000000
17.5,0.000000
17.533333,0.000000
17.566667,0.000000
17.6,0.000000
17.633333,0.000000
17.666667,0.000000
17.7,0.000000
17.733333,0.000000
17.766667,0.000000
17.8,0.000000
17.833333,0.000000
17.866667,0.000000
17.9,0.000000
17.933333,0.000000
17.966667,0.000000
18,0.000107
18.033333,0.000012
18.066667,0.000032
18.1,0.000014
18.133333,0.000002
18.166667,0.000001
18.2,0.000000
18.233333,0.000000
18.266667,0.000000
18.3,0.000000
18.333333,0.000000
18.366667,0.000000
18.4,0.000000
18.433333,0.000000
18.466667,0.000000
18.5,0.000000
18.533333,0.000000
18.566667,0.000000
18.6,0.000000
18.633333,0.000000
18.666667,0.000000
18.7,0.000000
18.733333,0.000000
18.766667,0.000000
18.8,0.000000
18.833333,0.000000
18.866667,0.000000
18.9,0.000000
18.933333,0.000000
18.966667,0.000000
19,0.000100
19.033333,0.000004
19.066667,0.000032
19.1,0.000014
19.133333,0.000002
19.166667,0.000001
19.2,0.000000
19.233333,0.000000
19.266667,0.000000
19.3,0.000000
19.333333,0.000000
19.366667,0.000000
19.4,0.000000
19.433333,0.000000
19.466667,0.000000
19.5,0.000000
19.533333,0.000000
19.566667,0.000000
19.6,0.000000
19.633333,0.000000
19.666667,0.000000
19.7,0.000000
19.733333,0.000000
19.766667,0.000000
19.8,0.000000
19.833333,0.000000
19.866667,0.000000
19.9,0.000000
19.933333,0.000000
19.966667,0.000000
20,0.038240
20.033333,0.000103
20.066667,0.000028
20.1,0.000013
20.133333,0.000001
20.166667,0.000001
20.2,0.000000
20.233333,0.000000
20.266667,0.000000
20.3,0.000000
20.333333,0.000000
20.366667,0.000000
20.4,0.000000
20.433333,0.000000
20.466667,0.000000
20.5,0.000000
20.533333,0.000000
20.566667,0.000000
20.6,0.000000
20.633333,0.000000
20.666667,0.000000
20.7,0.000000
20.733333,0.000000
20.766667,0.000000
20.8,0.000000
20.833333,0.000000
20.866667,0.000000
20.9,0.000000
20.933333,0.000000
20.966667,0.000000
21,0.000094
21.033333,0.000004
21.066667,0.000028
21.1,0.000013
21.133333,0.000001
21.166667,0.000001
21.2,0.000000
21.233333,0.000000
21.266667,0.000000
21.3,0.000000
21.333333,0.000000
21.366667,0.000000
21.4,0.000000
21.433333,0.000000
21.466667,0.000000
21.5,0.000000
21.533333,0.000000
21.566667,0.000000
21.6,0.000000
21.633333,0.000000
21.666667,0.000000
21.7,0.000000
21.733333,0.000000
21.766667,0.000000
21.8,0.000000
21.833333,0.000000
21.866667,0.000000
21.9,0.000000
21.933333,0.000000
21.966667,0.000000
22,0.000094
22.033333,0.000004
22.066667,0.000028
22.1,0.000013
22.133333,0.000001
22.166667,0.000001
22.2,0.000000
22.233333,0.029815
22.266667,0.000029
22.3,0.000011
22.333333,0.000002
22.366667,0.000000
22.4,0.000000
22.433333,0.000000
22.466667,0.000000
22.5,0.000000
22.533333,0.000000
22.566667,0.000000
22.6,0.000000
22.633333,0.000000
22.666667,0.000000
22.7,0.000000
22.733333,0.000000
22.766667,0.000000
22.8,0.000000
22.833333,0.000000
22.866667,0.000000
22.9,0.000000
22.933333,0.000000
22.966667,0.000000
23,0.000100
23.033333,0.000003
23.066667,0.000033
23.1,0.000015
23.133333,0.000002
23.166667,0.000001
23.2,0.000000
23.233333,0.000000
23.266667,0.000000
23.3,0.000000
23.333333,0.000000
23.366667,0.000000
23.4,0.000000
23.433333,0.000000
23.466667,0.000000
23.5,0.000000
23.533333,0.000000
23.566667,0.000000
23.6,0.000000
23.633333,0.000000
23.666667,0.000000
23.7,0.000000
23.733333,0.000000
23.766667,0.000000
23.8,0.000000
23.833333,0.000000
23.866667,0.000000
23.9,0.000000
23.933333,0.000000
23.966667,0.000000
24,0.000102
24.033333,0.000005
24.066667,0.000033
24.1,0.000015
24.133333,0.000002
24.166667,0.000001
24.2,0.000000
24.233333,0.000000
24.266667,0.000000
24.3,0.000000
24.333333,0.000000
24.366667,0.000000
24.4,0.000000
24.433333,0.000000
24.466667,0.038174
24.5,0.000019
24.533333,0.000005
24.566667,0.000001
24.6,0.000000
24.633333,0.000000
24.666667,0.000000
24.7,0.000000
24.733333,0.000000
24.766667,0.000000
24.8,0.000000
24.833333,0.000000
24.866667,0.000000
24.9,0.000000
24.933333,0.000000
24.966667,0.000000
25,0.000096
25.033333,0.000006
25.066667,0.000028
25.1,0.000014
25.133333,0.000002
25.166667,0.000001
25.2,0.000000
25.233333,0.000000
25.266667,0.000000
25.3,0.000000
25.333333,0.000000
25.366667,0.000000
25.4,0.000000
25.433333,0.000000
25.466667,0.000000
25.5,0.000000
25.533333,0.000000
25.566667,0.000000
25.6,0.000000
25.633333,0.000000
25.666667,0.000000
25.7,0.000000
25.733333,0.000000
25.766667,0.000000
25.8,0.000417
25.833333,0.000005
25.866667,0.000130
25.9,0.000129
25.933333,0.000008
25.966667,0.000013
26,0.000100
26.033333,0.000012
26.066667,0.000071
26.1,0.000016
26.133333,0.000002
26.166667,0.000012
26.2,0.000012
26.233333,0.000008
26.266667,0.000010
26.3,0.000007
26.333333,0.000124
26.366667,0.000125
26.4,0.000013
26.433333,0.000148
26.466667,0.000134
26.5,0.000135
26.533333,0.000129
26.566667,0.046915
26.6,0.000437
26.633333,0.000143
26.666667,0.000002
26.7,0.000001
26.733333,0.000001
26.766667,0.000003
26.8,0.000008
26.833333,0.000015
26.866667,0.000148
26.9,0.000131
26.933333,0.000134
26.966667,0.000003
27,0.000100
27.033333,0.000003
27.066667,0.000085
27.1,0.000139
27.133333,0.000004
27.166667,0.000138
27.2,0.000002
27.233333,0.000135
27.266667,0.000001
27.3,0.000417
27.333333,0.000281
27.366667,0.001911
27.4,0.000018
27.433333,0.000002
27.466667,0.000000
27.5,0.000000
27.533333,0.000000
27.566667,0.000000
27.6,0.000000
27.633333,0.000000
27.666667,0.000000
27.7,0.000000
27.733333,0.000000
27.766667,0.000000
27.8,0.000000
27.833333,0.000000
27.866667,0.000000
27.9,0.000000
27.933333,0.000000
27.966667,0.000000
28,0.000102
28.033333,0.000008
28.066667,0.000031
28.1,0.000014
28.133333,0.000002
28.166667,0.000001
28.2,0.000000
28.233333,0.000000
28.266667,0.000000
28.3,0.000000
28.333333,0.000000
28.366667,0.000000
28.4,0.000000
28.433333,0.000000
28.466667,0.049603
28.5,0.000031
28.533333,0.000012
28.566667,0.000002
28.6,0.000000
28.633333,0.000000
28.666667,0.000000
28.7,0.000000
28.733333,0.000000
28.766667,0.000000
28.8,0.000000
28.833333,0.000000
28.866667,0.000000
28.9,0.000000
28.933333,0.000000
28.966667,0.000000
29,0.000113
29.033333,0.000013
29.066667,0.000033
29.1,0.000015
29.133333,0.000002
29.166667,0.000001
29.2,0.000000
29.233333,0.000000
29.266667,0.000000
29.3,0.000000
29.333333,0.000000
29.366667,0.002466
29.4,0.000809
29.433333,0.000375
29.466667,0.000023
29.5,0.000017
29.533333,0.000405
29.566667,0.000383
29.6,0.000371
29.633333,0.000367
29.666667,0.000385
29.7,0.000378
29.733333,0.000360
29.766667,0.000040
29.8,0.000017
29.833333,0.000011
29.866667,0.000029
29.9,0.000032
29.933333,0.000037
29.966667,0.000036
30,0.000069
30.033333,0.000011
30.066667,0.000466
30.1,0.000365
30.133333,0.000004
30.166667,0.000020
30.2,0.000373
30.233333,0.000390
30.266667,0.000019
30.3,0.000348
30.333333,0.000344
30.366667,0.044331
30.4,0.001111
30.433333,0.000476
30.466667,0.000475
30.5,0.000016
30.533333,0.000504
30.566667,0.000486
30.6,0.000020
30.633333,0.000005
30.666667,0.000494
30.7,0.000496
30.733333,0.000013
30.766667,0.000032
30.8,0.000028
30.833333,0.000032
30.866667,0.000024
30.9,0.000015
30.933333,0.000001
30.966667,0.000018
31,0.000138
31.033333,0.000475
31.066667,0.000574
31.1,0.000480
31.133333,0.000476
31.166667,0.000490
31.2,0.000505
31.233333,0.000530
31.266667,0.000023
31.3,0.000025
31.333333,0.000491
31.366667,0.001050
31.4,0.000016
31.433333,0.000002
31.466667,0.000000
31.5,0.000000
31.533333,0.000000
31.566667,0.000000
31.6,0.000000
31.633333,0.000000
31.666667,0.000000
31.7,0.000000
31.733333,0.000000
31.766667,0.000000
31.8,0.000000
31.833333,0.000000
31.866667,0.000000
31.9,0.000000
31.933333,0.000000
31.966667,0.000000
32,0.000106
32.033333,0.000013
32.066667,0.000029
32.1,0.000014
32.133333,0.000002
32.166667,0.000001
32.2,0.000000
32.233333,0.000000
32.266667,0.000000
32.3,0.000000
32.333333,0.000000
32.366667,0.000000
32.4,0.000000
32.433333,0.000000
32.466667,0.000000
32.5,0.000000
32.533333,0.000000
32.566667,0.000000
32.6,0.067750
32.633333,0.000022
32.666667,0.000007
32.7,0.000001
32.733333,0.000000
32.766667,0.000000
32.8,0.000000
32.833333,0.000000
32.866667,0.000000
32.9,0.000000
32.933333,0.000000
32.966667,0.000000
33,0.000103
33.033333,0.000008
33.066667,0.000030
33.1,0.000014
33.133333,0.000001
33.166667,0.000001
33.2,0.000000
33.233333,0.000000
33.266667,0.000000
33.3,0.000000
33.333333,0.000000
33.366667,0.000000
33.4,0.000000
33.433333,0.000000
33.466667,0.000000
33.5,0.000000
33.533333,0.000000
33.566667,0.000000
33.6,0.000000
33.633333,0.061750
33.666667,0.000026
33.7,0.000009
33.733333,0.000001
33.766667,0.000000
33.8,0.000000
33.833333,0.000000
33.866667,0.000000
33.9,0.000000
33.933333,0.000000
33.966667,0.000000
34,0.000103
34.033333,0.000005
34.066667,0.000032
34.1,0.000014
34.133333,0.000002
34.166667,0.000001
34.2,0.000000
34.233333,0.000000
34.266667,0.000000
34.3,0.000000
34.333333,0.000000
34.366667,0.000000
34.4,0.000000
34.433333,0.000000
34.466667,0.000000
34.5,0.000000
34.533333,0.000000
34.566667,0.000000
34.6,0.000000
34.633333,0.000000
34.666667,0.000000
34.7,0.000000
34.733333,0.000000
34.766667,0.000000
34.8,0.000000
34.833333,0.000000
34.866667,0.000000
34.9,0.000000
34.933333,0.000000
34.966667,0.000000
35,0.000103
35.033333,0.000005
35.066667,0.000032
35.1,0.000014
35.133333,0.000002
35.166667,0.000001
35.2,0.000000
35.233333,0.000000
35.266667,0.000000
35.3,0.000000
35.333333,0.000000
35.366667,0.000000
35.4,0.000000
35.433333,0.000000
35.466667,0.000000
35.5,0.000000
35.533333,0.000000
35.566667,0.000000
35.6,0.000000
35.633333,0.000000
35.666667,0.000000
35.7,0.000000
35.733333,0.000000
35.766667,0.000000
35.8,0.000000
35.833333,0.000000
35.866667,0.000000
35.9,0.000000
35.933333,0.000000
35.966667,0.000000
36,0.000103
36.033333,0.000005
36.066667,0.189725
36.1,0.000085
36.133333,0.000072
36.166667,0.000054
36.2,0.000049
36.233333,0.000046
36.266667,0.000219
36.3,0.000043
36.333333,0.000073
36.366667,0.000005
36.4,0.000179
36.433333,0.000072
36.466667,0.000030
36.5,0.000080
36.533333,0.000017
36.566667,0.000023
36.6,0.000056
36.633333,0.000035
36.666667,0.000009
36.7,0.000377
36.733333,0.000077
36.766667,0.000043
36.8,0.000124
36.833333,0.000050
36.866667,0.000059
36.9,0.000041
36.933333,0.000066
36.966667,0.000008
37,0.000147
37.033333,0.000020
37.066667,0.000040
37.1,0.000032
37.133333,0.000064
37.166667,0.000083
37.2,0.000025
37.233333,0.000082
37.266667,0.000010
37.3,0.000080
37.333333,0.000028
37.366667,0.000028
37.4,0.000017
37.433333,0.000383
37.466667,0.000229
37.5,0.000017
37.533333,0.000255
37.566667,0.000013
37.6,0.000038
37.633333,0.000021
37.666667,0.000018
37.7,0.000008
37.733333,0.000130
37.766667,0.000075
37.8,0.000009
37.833333,0.000097
37.866667,0.000012
37.9,0.000025
37.933333,0.000030
37.966667,0.000029
38,0.000001
38.033333,0.000714
38.066667,0.000220
38.1,0.000010
38.133333,0.000421
38.166667,0.000026
38.2,0.000046
38.233333,0.000064
38.266667,0.059489
38.3,0.000011
38.333333,0.000006
38.366667,0.000001
38.4,0.000000
38.433333,0.000000
38.466667,0.000000
38.5,0.000000
38.533333,0.000000
38.566667,0.000000
38.6,0.000000
38.633333,0.000000
38.666667,0.000000
38.7,0.000000
38.733333,0.000000
38.766667,0.000000
38.8,0.000000
38.833333,0.000000
38.866667,0.000000
38.9,0.000000
38.933333,0.000000
38.966667,0.000000
39,0.000029
39.033333,0.000004
39.066667,0.000009
39.1,0.000004
39.133333,0.000001
39.166667,0.000000
39.2,0.000000
39.233333,0.000000
39.266667,0.000000
39.3,0.000000
39.333333,0.000000
39.366667,0.000000
39.4,0.092300
39.433333,0.000024
39.466667,0.000010
39.5,0.000002
39.533333,0.000000
39.566667,0.000000
39.6,0.000000
39.633333,0.000000
39.666667,0.000000
39.7,0.000000
39.733333,0.000000
39.766667,0.000000
39.8,0.000000
39.833333,0.000000
39.866667,0.000000
39.9,0.000000
39.933333,0.000000
39.966667,0.000000
40,0.000040
40.033333,0.000006
40.066667,0.000013
40.1,0.000005
40.133333,0.000001
40.166667,0.000000
40.2,0.000000
40.233333,0.000000
40.266667,0.000000
40.3,0.000000
40.333333,0.000000
40.366667,0.000000
40.4,0.000000
40.433333,0.000000
40.466667,0.000000
40.5,0.000000
40.533333,0.000000
40.566667,0.000000
40.6,0.000000
40.633333,0.000000
40.666667,0.000000
40.7,0.000000
40.733333,0.000000
40.766667,0.000000
40.8,0.000000
40.833333,0.000000
40.866667,0.000000
40.9,0.000000
40.933333,0.000000
40.966667,0.000000
41,0.000035
41.033333,0.000002
41.066667,0.000013
41.1,0.000005
41.133333,0.000001
41.166667,0.000000
41.2,0.000000
41.233333,0.000000
41.266667,0.000000
41.3,0.000000
41.333333,0.000000
41.366667,0.000000
41.4,0.000000
41.433333,0.000000
41.466667,0.000000
41.5,0.000000
41.533333,0.000000
41.566667,0.000000
41.6,0.000000
41.633333,0.000000
41.666667,0.000000
41.7,0.000000
41.733333,0.000000
41.766667,0.000000
41.8,0.000000
41.833333,0.000000
41.866667,0.000000
41.9,0.000000
41.933333,0.000000
41.966667,0.000000
42,0.000035
42.033333,0.000002
42.066667,0.000013
42.1,0.000005
42.133333,0.082277
42.166667,0.002752
42.2,0.001193
42.233333,0.000499
42.266667,0.000056
42.3,0.000082
42.333333,0.001522
42.366667,0.000778
42.4,0.000185
42.433333,0.000020
42.466667,0.001280
42.5,0.000464
42.533333,0.000078
42.566667,0.000033
42.6,0.000190
42.633333,0.000405
42.666667,0.000674
42.7,0.000499
42.733333,0.000185
42.766667,0.000057
42.8,0.000575
42.833333,0.000220
42.866667,0.000342
42.9,0.000107
42.933333,0.000034
42.966667,0.000043
43,0.000806
43.033333,0.000006
43.066667,0.000157
43.1,0.000389
43.133333,0.000073
43.166667,0.000215
43.2,0.000529
43.233333,0.000322
43.266667,0.000029
43.3,0.000006
43.333333,0.000000
43.366667,0.148352
43.4,0.001191
43.433333,0.000269
43.466667,0.000660
43.5,0.000133
43.533333,0.000068
43.566667,0.000100
43.6,0.000026
43.633333,0.000324
43.666667,0.000626
43.7,0.000321
43.733333,0.000442
43.766667,0.000166
43.8,0.000015
43.833333,0.000041
43.866667,0.000031
43.9,0.000020
43.933333,0.000012
43.966667,0.000017
44,0.001113
44.033333,0.000722
44.066667,0.000298
44.1,0.000063
44.133333,0.000016
44.166667,0.000003
44.2,0.000013
44.233333,0.000005
44.266667,0.000048
44.3,0.000030
44.333333,0.000041
44.366667,0.000004
44.4,0.000029
44.433333,0.000031
44.466667,0.000009
44.5,0.000027
44.533333,0.000057
44.566667,0.000008
44.6,0.000053
44.633333,0.000038
44.666667,0.000081
44.7,0.000075
44.733333,0.000039
44.766667,0.000090
44.8,0.000098
44.833333,0.000218
44.866667,0.000343
44.9,0.000274
44.933333,0.114042
44.966667,0.000112
45,0.000429
45.033333,0.000106
45.066667,0.000139
45.1,0.000065
45.133333,0.000012
45.166667,0.000004
45.2,0.000001
45.233333,0.000000
45.266667,0.000000
45.3,0.000000
45.333333,0.000000
45.366667,0.000000
45.4,0.000000
45.433333,0.000000
45.466667,0.000000
45.5,0.000000
45.533333,0.000000
45.566667,0.000000
45.6,0.000000
45.633333,0.000000
45.666667,0.000000
45.7,0.000000
45.733333,0.000000
45.766667,0.000000
45.8,0.000000
45.833333,0.000000
45.866667,0.000000
45.9,0.000000
45.933333,0.000000
45.966667,0.000000
46,0.000403
46.033333,0.000023
46.066667,0.000139
46.1,0.000065
46.133333,0.000012
46.166667,0.000004
46.2,0.000001
46.233333,0.000000
46.266667,0.000000
46.3,0.000000
46.333333,0.000000
46.366667,0.000000
46.4,0.000000
46.433333,0.000000
46.466667,0.000000
46.5,0.000000
46.533333,0.000000
46.566667,0.000000
46.6,0.000000
46.633333,0.000000
46.666667,0.000000
46.7,0.000000
46.733333,0.000000
46.766667,0.000000
46.8,0.000000
46.833333,0.000000
46.866667,0.000000
46.9,0.000000
46.933333,0.100338
46.966667,0.000105
47,0.000431
47.033333,0.000116
47.066667,0.000136
47.1,0.000064
47.133333,0.000013
47.166667,0.000004
47.2,0.000001
47.233333,0.000000
47.266667,0.000000
47.3,0.000000
47.333333,0.000000
47.366667,0.000000
47.4,0.000000
47.433333,0.000000
47.466667,0.000000
47.5,0.000000
47.533333,0.000000
47.566667,0.000000
47.6,0.000000
47.633333,0.000000
47.666667,0.000000
47.7,0.000000
47.733333,0.000000
47.766667,0.000000
47.8,0.000000
47.833333,0.000000
47.866667,0.000000
47.9,0.000000
47.933333,0.000000
47.966667,0.000000
48,0.000389
48.033333,0.000023
48.066667,0.000136
48.1,0.000064
48.133333,0.000013
48.166667,0.000004
48.2,0.000001
48.233333,0.000000
48.266667,0.000000
48.3,0.000000
48.333333,0.000000
48.366667,0.000000
48.4,0.000000
48.433333,0.000000
48.466667,0.000000
48.5,0.000000
48.533333,0.000000
48.566667,0.000000
48.6,0.000000
48.633333,0.000000
48.666667,0.000000
48.7,0.000000
48.733333,0.000000
48.766667,0.000000
48.8,0.000000
48.833333,0.000000
48.866667,0.000000
48.9,0.000000
48.933333,0.000000
48.966667,0.000000
49,0.000389
49.033333,0.000023
49.066667,0.000136
49.1,0.000064
49.133333,0.000013
49.166667,0.000004
49.2,0.000001
49.233333,0.000000
49.266667,0.286567
49.3,0.000020
49.333333,0.000004
49.366667,0.000002
49.4,0.000000
49.433333,0.000000
49.466667,0.000000
49.5,0.000000
49.533333,0.000000
49.566667,0.000000
49.6,0.000000
49.633333,0.000000
49.666667,0.000000
49.7,0.000000
49.733333,0.000000
49.766667,0.000000
49.8,0.000000
49.833333,0.000000
49.866667,0.000000
49.9,0.000000
49.933333,0.000000
49.966667,0.000000
50,0.000029
50.033333,0.000010
50.066667,0.000005
50.1,0.000003
50.133333,0.000000
50.166667,0.000000
50.2,0.000000
50.233333,0.000000
50.266667,0.000000
50.3,0.000000
50.333333,0.000000
50.366667,0.000000
50.4,0.000000
50.433333,0.000000
50.466667,0.000000
50.5,0.000000
50.533333,0.000000
50.566667,0.000000
50.6,0.000000
50.633333,0.000000
50.666667,0.000000
50.7,0.000000
50.733333,0.000000
50.766667,0.029297
50.8,0.000770
50.833333,0.000291
50.866667,0.000087
50.9,0.000219
50.933333,0.000095
50.966667,0.000238
51,0.000271
51.033333,0.000208
51.066667,0.000194
51.1,0.000242
51.133333,0.000015
51.166667,0.000113
51.2,0.000250
51.233333,0.000260
51.266667,0.000128
51.3,0.000125
51.333333,0.000083
51.366667,0.000095
51.4,0.000037
51.433333,0.000296
51.466667,0.000294
51.5,0.000212
51.533333,0.000420
51.566667,0.000038
51.6,0.000177
51.633333,0.000239
51.666667,0.000373
51.7,0.000567
51.733333,0.000027
51.766667,0.000169
51.8,0.000260
51.833333,0.000010
51.866667,0.000089
51.9,0.000030
51.933333,0.000006
51.966667,0.000001
52,0.000088
52.033333,0.000134
52.066667,0.044079
52.1,0.000156
52.133333,0.000037
52.166667,0.000027
52.2,0.000006
52.233333,0.000036
52.266667,0.000027
52.3,0.000036
52.333333,0.000009
52.366667,0.000102
52.4,0.000008
52.433333,0.000092
52.466667,0.000006
52.5,0.000010
52.533333,0.000027
52.566667,0.000196
52.6,0.000108
52.633333,0.000169
52.666667,0.000051
52.7,0.000046
52.733333,0.000023
52.766667,0.000020
52.8,0.000009
52.833333,0.000061
52.866667,0.000015
52.9,0.000009
52.933333,0.000058
52.966667,0.000022
53,0.000086
53.033333,0.000069
53.066667,0.000057
53.1,0.000030
53.133333,0.000004
53.166667,0.000037
53.2,0.000035
53.233333,0.007155
53.266667,0.000124
53.3,0.000004
53.333333,0.000032
53.366667,0.000011
53.4,0.000010
53.433333,0.000021
53.466667,0.000024
53.5,0.000063
53.533333,0.000092
53.566667,0.000017
53.6,0.000036
53.633333,0.000056
53.666667,0.000044
53.7,0.000002
53.733333,0.000000
53.766667,0.000074
53.8,0.000086
53.833333,0.000036
53.866667,0.000089
53.9,0.043484
53.933333,0.000029
53.966667,0.000013
54,0.000119
54.033333,0.000029
54.066667,0.000031
54.1,0.000015
54.133333,0.000002
54.166667,0.000001
54.2,0.000000
54.233333,0.000000
54.266667,0.000000
54.3,0.000000
54.333333,0.000000
54.366667,0.000000
54.4,0.000000
54.433333,0.000000
54.466667,0.000000
54.5,0.000000
54.533333,0.000000
54.566667,0.000000
54.6,0.000000
54.633333,0.000000
54.666667,0.000000
54.7,0.000000
54.733333,0.000000
54.766667,0.000000
54.8,0.000000
54.833333,0.000000
54.866667,0.000000
54.9,0.000000
54.933333,0.000000
54.966667,0.000000
55,0.000099
55.033333,0.000006
55.066667,0.000031
55.1,0.000015
55.133333,0.000002
55.166667,0.000001
55.2,0.000000
55.233333,0.000000
55.266667,0.000000
55.3,0.000000
55.333333,0.000000
55.366667,0.000000
55.4,0.000000
55.433333,0.000000
55.466667,0.000000
55.5,0.000000
55.533333,0.000000
55.566667,0.000000
55.6,0.000000
55.633333,0.000000
55.666667,0.000000
55.7,0.000000
55.733333,0.000000
55.766667,0.000000
55.8,0.000000
55.833333,0.000000
55.866667,0.043902
55.9,0.000228
55.933333,0.000097
55.966667,0.000007
56,0.000105
56.033333,0.000023
56.066667,0.000061
56.1,0.000009
56.133333,0.000005
56.166667,0.000001
56.2,0.000012
56.233333,0.000007
56.266667,0.000001
56.3,0.000008
56.333333,0.000009
56.366667,0.000001
56.4,0.000006
56.433333,0.000015
56.466667,0.000001
56.5,0.000015
56.533333,0.000005
56.566667,0.000002
56.6,0.000010
56.633333,0.000008
56.666667,0.000002
56.7,0.000007
56.733333,0.000012
56.766667,0.000002
56.8,0.000007
56.833333,0.000007
56.866667,0.000011
56.9,0.000007
56.933333,0.000000
56.966667,0.000009
57,0.000102
57.033333,0.000004
57.066667,0.000076
57.1,0.000003
57.133333,0.000007
57.166667,0.000014
57.2,0.000010
57.233333,0.000001
57.266667,0.000004
57.3,0.000029
57.333333,0.000038
57.366667,0.000011
57.4,0.000005
57.433333,0.000003
57.466667,0.000000
57.5,0.000003
57.533333,0.000010
57.566667,0.023527
57.6,0.000021
57.633333,0.000007
57.666667,0.000002
57.7,0.000000
57.733333,0.000000
57.766667,0.000000
57.8,0.000000
57.833333,0.000000
57.866667,0.000000
57.9,0.000000
57.933333,0.000000
57.966667,0.000000
58,0.000089
58.033333,0.000005
58.066667,0.000029
58.1,0.000014
58.133333,0.000002
58.166667,0.000001
58.2,0.000000
58.233333,0.000000
58.266667,0.000000
58.3,0.000000
58.333333,0.000000
58.366667,0.000000
58.4,0.000000
58.433333,0.000000
58.466667,0.000000
58.5,0.000000
58.533333,0.000000
58.566667,0.000000
58.6,0.000000
58.633333,0.000000
58.666667,0.000000
58.7,0.000000
58.733333,0.000000
58.766667,0.000000
58.8,0.000000
58.833333,0.000000
58.866667,0.000000
58.9,0.000000
58.933333,0.000000
58.966667,0.023201
59,0.000098
59.033333,0.000005
59.066667,0.000028
59.1,0.000014
59.133333,0.000002
59.166667,0.000001
59.2,0.000000
59.233333,0.000000
59.266667,0.000000
59.3,0.000000
59.333333,0.000000
59.366667,0.000000
59.4,0.000000
59.433333,0.000000
59.466667,0.000000
59.5,0.000000
59.533333,0.000000
59.566667,0.000000
59.6,0.000000
59.633333,0.000000
59.666667,0.000000
59.7,0.000000
59.733333,0.000000
59.766667,0.000000
59.8,0.000000
59.833333,0.000000
59.866667,0.000000
59.9,0.000000
59.933333,0.000000
59.966667,0.000000
60,0.000088
60.033333,0.000006
60.066667,0.000028
60.1,0.000014
60.133333,0.000002
60.166667,0.000001
60.2,0.032498
60.233333,0.000026
60.266667,0.000010
60.3,0.000002
60.333333,0.000000
60.366667,0.000000
60.4,0.000000
60.433333,0.000000
60.466667,0.000000
60.5,0.000000
60.533333,0.000000
60.566667,0.000000
60.6,0.000000
60.633333,0.000000
60.666667,0.000000
60.7,0.000000
60.733333,0.000000
60.766667,0.000000
60.8,0.000000
60.833333,0.000000
60.866667,0.000000
60.9,0.000000
60.933333,0.000000
60.966667,0.000000
61,0.000099
61.033333,0.000008
61.066667,0.000032
61.1,0.000015
61.133333,0.000002
61.166667,0.000001
61.2,0.000000
61.233333,0.000000
61.266667,0.000000
61.3,0.000000
61.333333,0.000000
61.366667,0.000000
61.4,0.000000
61.433333,0.000000
61.466667,0.000000
61.5,0.000000
61.533333,0.000000
61.566667,0.000000
61.6,0.000000
61.633333,0.000000
61.666667,0.000000
61.7,0.000000
61.733333,0.000000
61.766667,0.000000
61.8,0.000000
61.833333,0.000000
61.866667,0.000000
61.9,0.029994
61.933333,0.000194
61.966667,0.000054
62,0.000076
62.033333,0.000036
62.066667,0.000103
62.1,0.000023
62.133333,0.000002
62.166667,0.000021
62.2,0.000060
62.233333,0.000054
62.266667,0.000008
62.3,0.000138
62.333333,0.000139
62.366667,0.000008
62.4,0.000059
62.433333,0.000011
62.466667,0.000035
62.5,0.000014
62.533333,0.000046
62.566667,0.000054
62.6,0.000011
62.633333,0.000078
62.666667,0.000006
62.7,0.000032
62.733333,0.000010
62.766667,0.000037
62.8,0.000017
62.833333,0.000070
62.866667,0.000054
62.9,0.000006
62.933333,0.000054
62.966667,0.000025
63,0.000084
63.033333,0.000001
63.066667,0.000088
63.1,0.000006
63.133333,0.000025
63.166667,0.000016
63.2,0.000007
63.233333,0.000009
63.266667,0.000021
63.3,0.000016
63.333333,0.000007
63.366667,0.000024
63.4,0.000000
63.433333,0.000022
63.466667,0.000000
63.5,0.000017
63.533333,0.000028
63.566667,0.000045
63.6,0.000021
63.633333,0.000023
63.666667,0.000070
63.7,0.000016
63.733333,0.000001
63.766667,0.000000
63.8,0.000000
63.833333,0.000000
63.866667,0.000000
63.9,0.092685
63.933333,0.000036
63.966667,0.000018
64,0.000123
64.033333,0.000023
64.066667,0.000035
64.1,0.000017
64.133333,0.000002
64.166667,0.000001
64.2,0.000000
64.233333,0.000000
64.266667,0.000000
64.3,0.000000
64.333333,0.000000
64.366667,0.000000
64.4,0.000000
64.433333,0.000000
64.466667,0.000000
64.5,0.000000
64.533333,0.000000
64.566667,0.000000
64.6,0.000000
64.633333,0.000000
64.666667,0.000000
64.7,0.000000
64.733333,0.000000
64.766667,0.000000
64.8,0.000000
64.833333,0.000000
64.866667,0.000000
64.9,0.000000
64.933333,0.000000
64.966667,0.000000
65,0.000110
65.033333,0.000006
65.066667,0.000035
65.1,0.000017
65.133333,0.000002
65.166667,0.047770
65.2,0.000024
65.233333,0.000008
65.266667,0.000001
65.3,0.000000
65.333333,0.000000
65.366667,0.000000
65.4,0.000000
65.433333,0.000000
65.466667,0.000000
65.5,0.000000
65.533333,0.000000
65.566667,0.000000
65.6,0.000000
65.633333,0.000000
65.666667,0.000000
65.7,0.000000
65.733333,0.000000
65.766667,0.000000
65.8,0.000000
65.833333,0.000000
65.866667,0.000000
65.9,0.000000
65.933333,0.000000
65.966667,0.000000
66,0.000110
66.033333,0.000006
66.066667,0.000034
66.1,0.000016
66.133333,0.000002
66.166667,0.000001
66.2,0.000000
66.233333,0.000000
66.266667,0.000000
66.3,0.000000
66.333333,0.000000
66.366667,0.000000
66.4,0.000000
66.433333,0.000000
66.466667,0.000000
66.5,0.000000
66.533333,0.000000
66.566667,0.000000
66.6,0.000000
66.633333,0.000000
66.666667,0.000000
66.7,0.000000
66.733333,0.000000
66.766667,0.000000
66.8,0.000000
66.833333,0.000000
66.866667,0.000000
66.9,0.000000
66.933333,0.000000
66.966667,0.000000
67,0.000110
67.033333,0.000006
67.066667,0.000034
67.1,0.000016
67.133333,0.000002
67.166667,0.000001
67.2,0.000000
67.233333,0.000000
67.266667,0.000000
67.3,0.000000
67.333333,0.000000
67.366667,0.047534
67.4,0.000018
67.433333,0.000003
67.466667,0.000001
67.5,0.000000
67.533333,0.000000
67.566667,0.000000
67.6,0.000000
67.633333,0.000000
67.666667,0.000000
67.7,0.000000
67.733333,0.000000
67.766667,0.000000
67.8,0.000000
67.833333,0.000000
67.866667,0.000000
67.9,0.000000
67.933333,0.000000
67.966667,0.000000
68,0.000108
68.033333,0.000009
68.066667,0.000033
68.1,0.000016
68.133333,0.000002
68.166667,0.000001
68.2,0.000000
68.233333,0.000000
68.266667,0.000000
68.3,0.000000
68.333333,0.000000
68.366667,0.000000
68.4,0.000000
68.433333,0.000000
68.466667,0.000000
68.5,0.000000
68.533333,0.026018
68.566667,0.000025
68.6,0.000008
68.633333,0.000001
68.666667,0.000001
68.7,0.002358
68.733333,0.000016
68.766667,0.000001
68.8,0.000000
68.833333,0.000000
68.866667,0.000000
68.9,0.000000
68.933333,0.000000
68.966667,0.000000
69,0.000115
69.033333,0.000011
69.066667,0.000035
69.1,0.000016
69.133333,0.000002
69.166667,0.000001
69.2,0.000000
69.233333,0.000000
69.266667,0.000000
69.3,0.000000
69.333333,0.000000
69.366667,0.000000
69.4,0.000000
69.433333,0.000000
69.466667,0.000000
69.5,0.000000
69.533333,0.000000
69.566667,0.000000
69.6,0.000000
69.633333,0.000000
69.666667,0.002198
69.7,0.000016
69.733333,0.000000
69.766667,0.000000
69.8,0.000000
69.833333,0.000000
69.866667,0.000000
69.9,0.000000
69.933333,0.000000
69.966667,0.000000
70,0.000111
70.033333,0.000008
70.066667,0.000035
70.1,0.000016
70.133333,0.000002
70.166667,0.000001
70.2,0.000000
70.233333,0.000000
70.266667,0.000000
70.3,0.000000
70.333333,0.000000
70.366667,0.000000
70.4,0.000000
70.433333,0.000000
70.466667,0.000000
70.5,0.000000
70.533333,0.000000
70.566667,0.000000
70.6,0.000000
70.633333,0.000000
70.666667,0.000000
70.7,0.000000
70.733333,0.000000
70.766667,0.000000
70.8,0.000000
70.833333,0.000000
70.866667,0.025720
70.9,0.000022
70.933333,0.000006
70.966667,0.000001
71,0.000108
71.033333,0.000007
71.066667,0.000034
71.1,0.000016
71.133333,0.000002
71.166667,0.000001
71.2,0.000000
71.233333,0.000000
71.266667,0.000000
71.3,0.000000
71.333333,0.000000
71.366667,0.000000
71.4,0.000000
71.433333,0.000000
71.466667,0.000000
71.5,0.000000
71.533333,0.000000
71.566667,0.000000
71.6,0.000000
71.633333,0.000000
71.666667,0.000000
71.7,0.000000
71.733333,0.000000
71.766667,0.000000
71.8,0.000000
71.833333,0.000000
71.866667,0.000000
71.9,0.000000
71.933333,0.000000
71.966667,0.000000
72,0.000107
72.033333,0.000006
72.066667,0.000034
72.1,0.000016
72.133333,0.000002
72.166667,0.000001
72.2,0.000000
72.233333,0.000000
72.266667,0.000000
72.3,0.000000
72.333333,0.000000
72.366667,0.000000
72.4,0.000000
72.433333,0.000000
72.466667,0.054524
72.5,0.000031
72.533333,0.000012
72.566667,0.000003
72.6,0.000000
72.633333,0.000000
72.666667,0.000000
72.7,0.000000
72.733333,0.000000
72.766667,0.000000
72.8,0.000000
72.833333,0.000000
72.866667,0.000000
72.9,0.000000
72.933333,0.000000
72.966667,0.000000
73,0.000122
73.033333,0.000014
73.066667,0.000038
73.1,0.000018
73.133333,0.000002
73.166667,0.000001
73.2,0.000000
73.233333,0.000000
73.266667,0.000000
73.3,0.000000
73.333333,0.000000
73.366667,0.000000
73.4,0.000000
73.433333,0.000000
73.466667,0.000000
73.5,0.000000
73.533333,0.000000
73.566667,0.000000
73.6,0.000000
73.633333,0.000000
73.666667,0.000000
73.7,0.000000
73.733333,0.000000
73.766667,0.000000
73.8,0.000000
73.833333,0.000000
73.866667,0.000000
73.9,0.000000
73.933333,0.000000
73.966667,0.000000
74,0.000115
74.033333,0.000006
74.066667,0.000038
74.1,0.000018
74.133333,0.000002
74.166667,0.000001
74.2,0.000000
74.233333,0.000000
74.266667,0.000000
74.3,0.000000
74.333333,0.000000
74.366667,0.000000
74.4,0.000000
74.433333,0.000000
74.466667,0.000000
74.5,0.000000
74.533333,0.000000
74.566667,0.000000
74.6,0.044301
74.633333,0.000026
74.666667,0.000009
74.7,0.000001
74.733333,0.000000
74.766667,0.000000
74.8,0.000000
74.833333,0.000000
74.866667,0.000000
74.9,0.000000
74.933333,0.000000
74.966667,0.000000
75,0.000114
75.033333,0.000010
75.066667,0.000035
75.1,0.000017
75.133333,0.000002
75.166667,0.000001
75.2,0.000000
75.233333,0.000000
75.266667,0.000000
75.3,0.000000
75.333333,0.000000
75.366667,0.000000
75.4,0.000000
75.433333,0.000000
75.466667,0.000000
75.5,0.000000
75.533333,0.000000
75.566667,0.000000
75.6,0.000000
75.633333,0.000000
75.666667,0.000000
75.7,0.000000
75.733333,0.000000
75.766667,0.000000
75.8,0.000000
75.833333,0.000000
75.866667,0.000000
75.9,0.000000
75.933333,0.000000
75.966667,0.000000
76,0.000110
76.033333,0.000006
76.066667,0.000035
76.1,0.000017
76.133333,0.000002
76.166667,0.000001
76.2,0.000000
76.233333,0.000000
76.266667,0.000000
76.3,0.000000
76.333333,0.000000
76.366667,0.000000
76.4,0.000000
76.433333,0.000000
76.466667,0.028178
76.5,0.000021
76.533333,0.000005
76.566667,0.000001
76.6,0.000000
76.633333,0.000000
76.666667,0.000000
76.7,0.000000
76.733333,0.000000
76.766667,0.000000
76.8,0.000000
76.833333,0.000000
76.866667,0.000000
76.9,0.000000
76.933333,0.000000
76.966667,0.000000
77,0.000110
77.033333,0.000010
77.066667,0.000034
77.1,0.000016
77.133333,0.000003
77.166667,0.000001
77.2,0.000000
77.233333,0.000000
77.266667,0.000000
77.3,0.000000
77.333333,0.000000
77.366667,0.000000
77.4,0.000000
77.433333,0.000000
77.466667,0.000000
77.5,0.000000
77.533333,0.000000
77.566667,0.000000
77.6,0.000000
77.633333,0.000000
77.666667,0.000000
77.7,0.000000
77.733333,0.000000
77.766667,0.000000
77.8,0.000000
77.833333,0.000000
77.866667,0.000000
77.9,0.000000
77.933333,0.000000
77.966667,0.000000
78,0.000107
78.033333,0.000006
78.066667,0.000034
78.1,0.000016
78.133333,0.000003
78.166667,0.000001
78.2,0.000000
78.233333,0.000000
78.266667,0.000000
78.3,0.000000
78.333333,0.032094
78.366667,0.000023
78.4,0.000008
78.433333,0.000001
78.466667,0.000000
78.5,0.000000
78.533333,0.000000
78.566667,0.000000
78.6,0.000000
78.633333,0.000000
78.666667,0.000000
78.7,0.000000
78.733333,0.000000
78.766667,0.000000
78.8,0.000000
78.833333,0.000000
78.866667,0.000000
78.9,0.000000
78.933333,0.000000
78.966667,0.000000
79,0.000114
79.033333,0.000011
79.066667,0.000034
79.1,0.000017
79.133333,0.000002
79.166667,0.000001
79.2,0.000000
79.233333,0.000000
79.266667,0.000000
79.3,0.000000
79.333333,0.000000
79.366667,0.000000
79.4,0.000000
79.433333,0.000000
79.466667,0.000000
79.5,0.000000
79.533333,0.000000
79.566667,0.000000
79.6,0.000000
79.633333,0.000000
79.666667,0.000000
79.7,0.000000
79.733333,0.000000
79.766667,0.000000
79.8,0.000000
79.833333,0.000000
79.866667,0.000000
79.9,0.000000
79.933333,0.000000
79.966667,0.000000
80,0.000109
80.033333,0.000006
80.066667,0.000034
80.1,0.000017
80.133333,0.000002
80.166667,0.000001
80.2,0.000000
80.233333,0.000000
80.266667,0.000000
80.3,0.000000
80.333333,0.000000
80.366667,0.039751
80.4,0.000028
80.433333,0.000011
80.466667,0.000002
80.5,0.000000
80.533333,0.000000
80.566667,0.000000
80.6,0.000000
80.633333,0.000000
80.666667,0.000000
80.7,0.000000
80.733333,0.000000
80.766667,0.000000
80.8,0.000000
80.833333,0.000000
80.866667,0.000000
80.9,0.000000
80.933333,0.000000
80.966667,0.000000
81,0.000127
81.033333,0.000022
81.066667,0.000034
81.1,0.000017
81.133333,0.000002
81.166667,0.000001
81.2,0.000000
81.233333,0.000000
81.266667,0.000000
81.3,0.000000
81.333333,0.000000
81.366667,0.000000
81.4,0.000000
81.433333,0.000000
81.466667,0.000000
81.5,0.000000
81.533333,0.000000
81.566667,0.000000
81.6,0.000000
81.633333,0.000000
81.666667,0.000000
81.7,0.000000
81.733333,0.000000
81.766667,0.000000
81.8,0.000000
81.833333,0.000000
81.866667,0.000000
81.9,0.000000
81.933333,0.000000
81.966667,0.000000
82,0.000111
82.033333,0.000006
82.066667,0.000034
82.1,0.000017
82.133333,0.000002
82.166667,0.000001
82.2,0.000000
82.233333,0.000000
82.266667,0.000000
82.3,0.041723
82.333333,0.000028
82.366667,0.000010
82.4,0.000001
82.433333,0.000000
82.466667,0.000000
82.5,0.000000
82.533333,0.000000
82.566667,0.000000
82.6,0.000000
82.633333,0.000000
82.666667,0.000000
82.7,0.000000
82.733333,0.000000
82.766667,0.000000
82.8,0.000000
82.833333,0.000000
82.866667,0.000000
82.9,0.000000
82.933333,0.000000
82.966667,0.000000
83,0.000110
83.033333,0.000005
83.066667,0.000036
83.1,0.000016
83.133333,0.000002
83.166667,0.000001
83.2,0.000000
83.233333,0.000000
83.266667,0.000000
83.3,0.000000
83.333333,0.000000
83.366667,0.000000
83.4,0.000000
83.433333,0.000000
83.466667,0.000000
83.5,0.000000
83.533333,0.000000
83.566667,0.000000
83.6,0.000000
83.633333,0.000000
83.666667,0.000000
83.7,0.000000
83.733333,0.000000
83.766667,0.000000
83.8,0.000000
83.833333,0.000000
83.866667,0.000000
83.9,0.000000
83.933333,0.000000
83.966667,0.000000
84,0.000111
84.033333,0.000006
84.066667,0.047175
84.1,0.000035
84.133333,0.000014
84.166667,0.000002
84.2,0.000000
84.233333,0.000000
84.266667,0.000000
84.3,0.000000
84.333333,0.000000
84.366667,0.000000
84.4,0.000000
84.433333,0.000000
84.466667,0.000000
84.5,0.000000
84.533333,0.000000
84.566667,0.000000
84.6,0.000000
84.633333,0.000000
84.666667,0.000000
84.7,0.000000
84.733333,0.000000
84.766667,0.000000
84.8,0.000000
84.833333,0.000000
84.866667,0.000000
84.9,0.000000
84.933333,0.000000
84.966667,0.000000
85,0.000132
85.033333,0.000021
85.066667,0.000038
85.1,0.000017
85.133333,0.000002
85.166667,0.000001
85.2,0.000000
85.233333,0.000000
85.266667,0.000000
85.3,0.000000
85.333333,0.000000
85.366667,0.000000
85.4,0.000000
85.433333,0.000000
85.466667,0.000000
85.5,0.000000
85.533333,0.000000
85.566667,0.000000
85.6,0.000000
85.633333,0.000000
85.666667,0.000000
85.7,0.000000
85.733333,0.000000
85.766667,0.000000
85.8,0.000000
85.833333,0.000000
85.866667,0.000000
85.9,0.000000
85.933333,0.000000
85.966667,0.000000
86,0.000117
86.033333,0.000006
86.066667,0.000038
86.1,0.000017
86.133333,0.000002
86.166667,0.000001
86.2,0.000000
86.233333,0.000000
86.266667,0.000000
86.3,0.000000
86.333333,0.000000
86.366667,0.000000
86.4,0.051541
86.433333,0.000027
86.466667,0.000010
86.5,0.000002
86.533333,0.000000
86.566667,0.000000
86.6,0.000000
86.633333,0.000000
86.666667,0.000000
86.7,0.000000
86.733333,0.000000
86.766667,0.000000
86.8,0.000000
86.833333,0.000000
86.866667,0.000000
86.9,0.000000
86.933333,0.000000
86.966667,0.000000
87,0.000122
87.033333,0.000018
87.066667,0.000034
87.1,0.000017
87.133333,0.000002
87.166667,0.000001
87.2,0.000000
87.233333,0.000000
87.266667,0.000000
87.3,0.000000
87.333333,0.000000
87.366667,0.000000
87.4,0.000000
87.433333,0.000000
87.466667,0.000000
87.5,0.000000
87.533333,0.000000
87.566667,0.000000
87.6,0.000000
87.633333,0.000000
87.666667,0.000000
87.7,0.000000
87.733333,0.000000
87.766667,0.000000
87.8,0.000000
87.833333,0.000000
87.866667,0.000000
87.9,0.000000
87.933333,0.000000
87.966667,0.000000
88,0.000110
88.033333,0.000006
88.066667,0.000034
88.1,0.000017
88.133333,0.000002
88.166667,0.000001
88.2,0.000000
88.233333,0.000000
88.266667,0.000000
88.3,0.052572
88.333333,0.000023
88.366667,0.000008
88.4,0.000001
88.433333,0.000000
88.466667,0.000000
88.5,0.000000
88.533333,0.000000
88.566667,0.000000
88.6,0.000000
88.633333,0.000000
88.666667,0.000000
88.7,0.000000
88.733333,0.000000
88.766667,0.000000
88.8,0.000000
88.833333,0.000000
88.866667,0.000000
88.9,0.000000
88.933333,0.000000
88.966667,0.000000
89,0.000112
89.033333,0.000009
89.066667,0.000033
89.1,0.000017
89.133333,0.000002
89.166667,0.000001
89.2,0.000000
89.233333,0.000000
89.266667,0.000000
89.3,0.000000
89.333333,0.000000
89.366667,0.000000
89.4,0.000000
89.433333,0.000000
89.466667,0.000000
89.5,0.000000
89.533333,0.000000
89.566667,0.000000
89.6,0.000000
89.633333,0.000000
89.666667,0.000000
89.7,0.000000
89.733333,0.000000
89.766667,0.000000
89.8,0.000000
89.833333,0.000000
89.866667,0.000000
89.9,0.000000
89.933333,0.000000
89.966667,0.000000
90,0.000109
90.033333,0.000006
90.066667,0.000033
90.1,0.000017
90.133333,0.000002
90.166667,0.000001
90.2,0.000000
90.233333,0.000000
90.266667,0.000000
90.3,0.000000
90.333333,0.000000
90.366667,0.000000
90.4,0.000000
90.433333,0.000000
90.466667,0.000000
90.5,0.183543
90.533333,0.000250
90.566667,0.000116
90.6,0.000583
90.633333,0.000063
90.666667,0.000187
90.7,0.000210
90.733333,0.000076
90.766667,0.000031
90.8,0.000003
90.833333,0.000038
90.866667,0.000649
90.9,0.000221
90.933333,0.000092
90.966667,0.000019
91,0.001135
91.033333,0.000488
91.066667,0.000152
91.1,0.000076
91.133333,0.000012
91.166667,0.000004
91.2,0.000000
91.233333,0.000000
91.266667,0.000000
91.3,0.000000
91.333333,0.000000
91.366667,0.000000
91.4,0.000000
91.433333,0.000000
91.466667,0.000000
91.5,0.000000
91.533333,0.000000
91.566667,0.000000
91.6,0.000000
91.633333,0.000000
91.666667,0.000000
91.7,0.028064
91.733333,0.000072
91.766667,0.000641
91.8,0.029799
91.833333,0.007752
91.866667,0.006745
91.9,0.015877
91.933333,0.002162
91.966667,0.003390
92,0.002588
92.033333,0.008709
92.066667,0.001356
92.1,0.007323
92.133333,0.001850
92.166667,0.002408
92.2,0.005894
92.233333,0.000065
92.266667,0.000005
92.3,0.000001
92.333333,0.000000
92.366667,0.000000
92.4,0.000000
92.433333,0.000000
92.466667,0.000000
92.5,0.000000
92.533333,0.000000
92.566667,0.000000
92.6,0.000000
92.633333,0.000000
92.666667,0.000000
92.7,0.000000
92.733333,0.000000
92.766667,0.000000
92.8,0.000000
92.833333,0.000000
92.866667,0.000000
92.9,0.000000
92.933333,0.000000
92.966667,0.000000
93,0.000460
93.033333,0.000049
93.066667,0.000146
93.1,0.000072
93.133333,0.009186
93.166667,0.000295
93.2,0.000145
93.233333,0.000074
93.266667,0.000019
93.3,0.000183
93.333333,0.000040
93.366667,0.000139
93.4,0.042767
93.433333,0.009596
93.466667,0.000149
93.5,0.000022
93.533333,0.000009
93.566667,0.000072
93.6,0.000054
93.633333,0.000139
93.666667,0.000063
93.7,0.000007
93.733333,0.000001
93.766667,0.000000
93.8,0.000000
93.833333,0.000000
93.866667,0.000000
93.9,0.000000
93.933333,0.000000
93.966667,0.000000
94,0.000486
94.033333,0.000084
94.066667,0.000140
94.1,0.000070
94.133333,0.000011
94.166667,0.000004
94.2,0.000001
94.233333,0.000000
94.266667,0.000000
94.3,0.000000
94.333333,0.000000
94.366667,0.000000
94.4,0.000000
94.433333,0.000000
94.466667,0.000000
94.5,0.000000
94.533333,0.000000
94.566667,0.000000
94.6,0.000000
94.633333,0.000000
94.666667,0.000000
94.7,0.000000
94.733333,0.000000
94.766667,0.000000
94.8,0.000000
94.833333,0.000000
94.866667,0.000000
94.9,0.000000
94.933333,0.000000
94.966667,0.000000
95,0.000422
95.033333,0.000020
95.066667,0.000140
95.1,0.000070
95.133333,0.000011
95.166667,0.000004
95.2,0.000001
95.233333,0.046465
95.266667,0.001736
95.3,0.000024
95.333333,0.000027
95.366667,0.000005
95.4,0.000035
95.433333,0.000014
95.466667,0.000078
95.5,0.000017
95.533333,0.000009
95.566667,0.000053
95.6,0.000108
95.633333,0.000013
95.666667,0.000054
95.7,0.000051
95.733333,0.000048
95.766667,0.000056
95.8,0.000059
95.833333,0.000039
95.866667,0.000064
95.9,0.000069
95.933333,0.000073
95.966667,0.000082
96,0.000650
96.033333,0.000264
96.066667,0.000027
96.1,0.000130
96.133333,0.000039
96.166667,0.000429
96.2,0.000365
96.233333,0.000252
96.266667,0.000173
96.3,0.000041
96.333333,0.000008
96.366667,0.000224
96.4,0.000153
96.433333,0.000049
96.466667,0.000124
96.5,0.000013
96.533333,0.000002
96.566667,0.000069
96.6,0.000004
96.633333,0.000002
96.666667,0.000000
96.7,0.000000
96.733333,0.000000
96.766667,0.000000
96.8,0.033365
96.833333,0.000075
96.866667,0.000011
96.9,0.000002
96.933333,0.000000
96.966667,0.000000
97,0.000706
97.033333,0.000315
97.066667,0.000141
97.1,0.000070
97.133333,0.000010
97.166667,0.000004
97.2,0.000001
97.233333,0.000000
97.266667,0.000000
97.3,0.000000
97.333333,0.000000
97.366667,0.000000
97.4,0.000000
97.433333,0.000000
97.466667,0.000000
97.5,0.000000
97.533333,0.000000
97.566667,0.000000
97.6,0.000000
97.633333,0.000000
97.666667,0.000000
97.7,0.000000
97.733333,0.000000
97.766667,0.000000
97.8,0.000000
97.833333,0.000000
97.866667,0.000000
97.9,0.000000
97.933333,0.000000
97.966667,0.000000
98,0.000415
98.033333,0.000018
98.066667,0.000141
98.1,0.000070
98.133333,0.000010
98.166667,0.000004
98.2,0.000001
98.233333,0.000000
98.266667,0.000000
98.3,0.000000
98.333333,0.000000
98.366667,0.000000
98.4,0.000000
98.433333,0.028958
98.466667,0.000069
98.5,0.000010
98.533333,0.000002
98.566667,0.000000
98.6,0.000000
98.633333,0.000000
98.666667,0.000000
98.7,0.000000
98.733333,0.000000
98.766667,0.000000
98.8,0.000000
98.833333,0.000000
98.866667,0.000000
98.9,0.000000
98.933333,0.000000
98.966667,0.000000
99,0.000432
99.033333,0.000033
99.066667,0.000142
99.1,0.000071
99.133333,0.000010
99.166667,0.000004
99.2,0.000001
99.233333,0.000000
99.266667,0.000000
99.3,0.000000
99.333333,0.000000
99.366667,0.000000
99.4,0.000000
99.433333,0.000000
99.466667,0.000000
99.5,0.000000
99.533333,0.000000
99.566667,0.000000
99.6,0.000000
99.633333,0.000000
99.666667,0.000000
99.7,0.000000
99.733333,0.000000
99.766667,0.000000
99.8,0.000000
99.833333,0.035650
99.866667,0.000073
99.9,0.000013
99.933333,0.000002
99.966667,0.000000
100,0.000432
100.033333,0.000031
100.066667,0.000144
100.1,0.000071
100.133333,0.000011
100.166667,0.000004
100.2,0.000001
100.233333,0.000000
100.266667,0.000000
100.3,0.000000
100.333333,0.000000
100.366667,0.000000
100.4,0.000000
100.433333,0.000000
100.466667,0.000000
100.5,0.000000
100.533333,0.000000
100.566667,0.000000
100.6,0.038604
100.633333,0.000065
100.666667,0.000008
100.7,0.000001
100.733333,0.000000
100.766667,0.000000
100.8,0.000000
100.833333,0.000000
100.866667,0.000000
100.9,0.000000
100.933333,0.000000
100.966667,0.000000
101,0.000429
101.033333,0.000031
101.066667,0.000142
101.1,0.000070
101.133333,0.000010
101.166667,0.000004
101.2,0.000001
101.233333,0.000000
101.266667,0.000000
101.3,0.000000
101.333333,0.000000
101.366667,0.000000
101.4,0.000000
101.433333,0.000000
101.466667,0.000000
101.5,0.000000
101.533333,0.000000
101.566667,0.000000
101.6,0.000000
101.633333,0.000000
101.666667,0.000000
101.7,0.000000
101.733333,0.000000
101.766667,0.000000
101.8,0.000000
101.833333,0.000000
101.866667,0.000000
101.9,0.000000
101.933333,0.000000
101.966667,0.000000
102,0.000416
102.033333,0.000018
102.066667,0.000142
102.1,0.000070
102.133333,0.000010
102.166667,0.000004
102.2,0.000001
102.233333,0.062163
102.266667,0.000082
102.3,0.000019
102.333333,0.000003
102.366667,0.000000
102.4,0.000000
102.433333,0.000000
102.466667,0.000000
102.5,0.000000
102.533333,0.000000
102.566667,0.000000
102.6,0.000000
102.633333,0.000000
102.666667,0.000000
102.7,0.000000
102.733333,0.000000
102.766667,0.000000
102.8,0.000000
102.833333,0.000000
102.866667,0.000000
102.9,0.000000
102.933333,0.000000
102.966667,0.000000
103,0.000434
103.033333,0.000037
103.066667,0.000144
103.1,0.000070
103.133333,0.000010
103.166667,0.000004
103.2,0.000001
103.233333,0.000000
103.266667,0.000000
103.3,0.000000
103.333333,0.000000
103.366667,0.000000
103.4,0.000000
103.433333,0.000000
103.466667,0.000000
103.5,0.000000
103.533333,0.000000
103.566667,0.000000
103.6,0.000000
103.633333,0.000000
103.666667,0.000000
103.7,0.000000
103.733333,0.000000
103.766667,0.000000
103.8,0.000000
103.833333,0.000000
103.866667,0.000000
103.9,0.000000
103.933333,0.000000
103.966667,0.000000
104,0.000415
104.033333,0.000018
104.066667,0.000144
104.1,0.000070
104.133333,0.000010
104.166667,0.000004
104.2,0.000001
104.233333,0.000000
104.266667,0.000000
104.3,0.000000
104.333333,0.000000
104.366667,0.000000
104.4,0.000000
104.433333,0.000000
104.466667,0.000000
104.5,0.000000
104.533333,0.000000
104.566667,0.306968
104.6,0.000119
104.633333,0.000051
104.666667,0.000019
104.7,0.000005
104.733333,0.000001
104.766667,0.000000
104.8,0.000000
104.833333,0.000000
104.866667,0.000000
104.9,0.000000
104.933333,0.000000
104.966667,0.000000
105,0.000130
105.033333,0.000052
105.066667,0.000027
105.1,0.000012
105.133333,0.000001
105.166667,0.000001
105.2,0.000000
105.233333,0.000000
105.266667,0.000000
105.3,0.000000
105.333333,0.000000
105.366667,0.000000
105.4,0.000000
105.433333,0.000000
105.466667,0.000000
105.5,0.000000
105.533333,0.000000
105.566667,0.000000
105.6,0.000000
105.633333,0.000000
105.666667,0.000000
105.7,0.000000
105.733333,0.000000
105.766667,0.000000
105.8,0.000000
105.833333,0.000000
105.866667,0.000000
105.9,0.031341
105.933333,0.000023
105.966667,0.000009
106,0.000082
106.033333,0.000005
106.066667,0.000027
106.1,0.000012
106.133333,0.000001
106.166667,0.000000
106.2,0.000000
106.233333,0.000000
106.266667,0.000000
106.3,0.000000
106.333333,0.000000
106.366667,0.000000
106.4,0.000000
106.433333,0.000000
106.466667,0.000000
106.5,0.000000
106.533333,0.000000
106.566667,0.000000
106.6,0.000000
106.633333,0.000000
106.666667,0.000000
106.7,0.000000
106.733333,0.000000
106.766667,0.000000
106.8,0.000000
106.833333,0.000000
106.866667,0.000000
106.9,0.000000
106.933333,0.000000
106.966667,0.000000
107,0.000082
107.033333,0.000004
107.066667,0.000027
107.1,0.000012
107.133333,0.000001
107.166667,0.000000
107.2,0.000000
107.233333,0.000000
107.266667,0.000000
107.3,0.000000
107.333333,0.000000
107.366667,0.000000
107.4,0.000000
107.433333,0.000000
107.466667,0.000000
107.5,0.000000
107.533333,0.000000
107.566667,0.000000
107.6,0.000000
107.633333,0.000000
107.666667,0.000000
107.7,0.000000
107.733333,0.000000
107.766667,0.000000
107.8,0.000000
107.833333,0.000000
107.866667,0.000000
107.9,0.000000
107.933333,0.000000
107.966667,0.042555
108,0.000088
108.033333,0.000001
108.066667,0.000025
108.1,0.000012
108.133333,0.000001
108.166667,0.000000
108.2,0.000000
108.233333,0.000000
108.266667,0.000000
108.3,0.000000
108.333333,0.000000
108.366667,0.000000
108.4,0.000000
108.433333,0.000000
108.466667,0.000000
108.5,0.000000
108.533333,0.000000
108.566667,0.000000
108.6,0.000000
108.633333,0.000000
108.666667,0.000000
108.7,0.000000
108.733333,0.000000
108.766667,0.000000
108.8,0.000000
108.833333,0.000000
108.866667,0.000000
108.9,0.078827
108.933333,0.000019
108.966667,0.000007
109,0.000081
109.033333,0.000005
109.066667,0.000024
109.1,0.000012
109.133333,0.000001
109.166667,0.000000
109.2,0.000000
109.233333,0.000000
109.266667,0.000000
109.3,0.000000
109.333333,0.000000
109.366667,0.000000
109.4,0.000000
109.433333,0.000000
109.466667,0.000000
109.5,0.000000
109.533333,0.000000
109.566667,0.000000
109.6,0.000000
109.633333,0.000000
109.666667,0.000000
109.7,0.000000
109.733333,0.000000
109.766667,0.000000
109.8,0.000000
109.833333,0.000000
109.866667,0.000000
109.9,0.000000
109.933333,0.000000
109.966667,0.000000
110,0.000081
110.033333,0.000004
110.066667,0.000024
110.1,0.000012
110.133333,0.000001
110.166667,0.000000
110.2,0.000000
110.233333,0.000000
110.266667,0.000000
110.3,0.000000
110.333333,0.000000
110.366667,0.000000
110.4,0.000000
110.433333,0.000000
110.466667,0.000000
110.5,0.000000
110.533333,0.000000
110.566667,0.011984
110.6,0.033641
110.633333,0.011507
110.666667,0.024682
110.7,0.009641
110.733333,0.000484
110.766667,0.004862
110.8,0.003323
110.833333,0.026992
110.866667,0.000394
110.9,0.024164
110.933333,0.003634
110.966667,0.005632
111,0.029098
111.033333,0.002056
111.066667,0.000071
111.1,0.000061
111.133333,0.000212
111.166667,0.000312
111.2,0.000191
111.233333,0.000022
111.266667,0.000247
111.3,0.000326
111.333333,0.165984
111.366667,0.004662
111.4,0.000107
111.433333,0.002587
111.466667,0.001988
111.5,0.001042
111.533333,0.001677
111.566667,0.000818
111.6,0.000120
111.633333,0.000630
111.666667,0.001748
111.7,0.001018
111.733333,0.001417
111.766667,0.001841
111.8,0.000941
111.833333,0.000129
111.866667,0.000543
111.9,0.000747
111.933333,0.000198
111.966667,0.000325
112,0.003711
112.033333,0.000461
112.066667,0.000804
112.1,0.000601
112.133333,0.064350
112.166667,0.000176
112.2,0.000052
112.233333,0.000012
112.266667,0.000020
112.3,0.000014
112.333333,0.000024
112.366667,0.000001
112.4,0.000004
112.433333,0.000002
112.466667,0.000005
112.5,0.000002
112.533333,0.000003
112.566667,0.000000
112.6,0.000001
112.633333,0.000002
112.666667,0.000002
112.7,0.000006
112.733333,0.000003
112.766667,0.000002
112.8,0.000001
112.833333,0.000000
112.866667,0.000002
112.9,0.000003
112.933333,0.000000
112.966667,0.000002
113,0.001383
113.033333,0.000288
113.066667,0.000060
113.1,0.000030
113.133333,0.000005
113.166667,0.000004
113.2,0.000006
113.233333,0.000006
113.266667,0.000001
113.3,0.000002
113.333333,0.000000
113.366667,0.000003
113.4,0.000001
113.433333,0.000001
113.466667,0.000003
113.5,0.000000
113.533333,0.000003
113.566667,0.000000
113.6,0.000000
113.633333,0.000003
113.666667,0.000002
113.7,0.000002
113.733333,0.000001
113.766667,0.000001
113.8,0.000000
113.833333,0.000001
113.866667,0.000001
113.9,0.000000
113.933333,0.000002
113.966667,0.000001
114,0.000281
114.033333,0.000011
114.066667,0.000060
114.1,0.000030
114.133333,0.322761
114.166667,0.000927
114.2,0.000069
114.233333,0.000163
114.266667,0.000042
114.3,0.000043
114.333333,0.000022
114.366667,0.000007
114.4,0.000002
114.433333,0.000001
114.466667,0.000000
114.5,0.000000
114.533333,0.000000
114.566667,0.000000
114.6,0.000000
114.633333,0.000000
114.666667,0.000000
114.7,0.000000
114.733333,0.000000
114.766667,0.000000
114.8,0.000000
114.833333,0.000000
114.866667,0.000000
114.9,0.000000
114.933333,0.000000
114.966667,0.000000
115,0.000115
115.033333,0.000034
115.066667,0.000008
115.1,0.000004
115.133333,0.000667
115.166667,0.000049
115.2,0.000013
115.233333,0.000004
115.266667,0.000001
115.3,0.000000
115.333333,0.000000
115.366667,0.000000
115.4,0.000000
115.433333,0.000000
115.466667,0.000000
115.5,0.000000
115.533333,0.000000
115.566667,0.000000
115.6,0.000000
115.633333,0.000000
115.666667,0.000000
115.7,0.000000
115.733333,0.000000
115.766667,0.000000
115.8,0.000000
115.833333,0.000000
115.866667,0.000000
115.9,0.000000
115.933333,0.000000
115.966667,0.000000
116,0.000059
116.033333,0.000031
116.066667,0.000008
116.1,0.000004
116.133333,0.000021
116.166667,0.000003
116.2,0.000005
116.233333,0.000002
116.266667,0.000000
116.3,0.000000
116.333333,0.000000
116.366667,0.000000
116.4,0.000000
116.433333,0.000000
116.466667,0.000000
116.5,0.000000
116.533333,0.000000
116.566667,0.000000
116.6,0.000000
116.633333,0.000000
116.666667,0.000000
116.7,0.000000
116.733333,0.000000
116.766667,0.000000
116.8,0.000000
116.833333,0.000000
116.866667,0.000000
116.9,0.000000
116.933333,0.000000
116.966667,0.000000
117,0.000032
117.033333,0.091603
117.066667,0.000070
117.1,0.000027
117.133333,0.000332
117.166667,0.001165
117.2,0.003996
117.233333,0.010248
117.266667,0.011477
117.3,0.010750
117.333333,0.005738
117.366667,0.001250
117.4,0.000372
117.433333,0.002052
117.466667,0.003650
117.5,0.004842
117.533333,0.005328
117.566667,0.013431
117.6,0.008160
117.633333,0.004516
117.666667,0.004153
117.7,0.003409
117.733333,0.002255
117.766667,0.000556
117.8,0.000086
117.833333,0.000755
117.866667,0.003698
117.9,0.001424
117.933333,0.000192
117.966667,0.001378
118,0.000290
118.033333,0.001220
118.066667,0.001889
118.1,0.001704
118.133333,0.000115
118.166667,0.001736
118.2,0.002619
118.233333,0.004584
118.266667,0.002575
118.3,0.022422
118.333333,0.013478
118.366667,0.010168
118.4,0.011112
118.433333,0.007438
118.466667,0.042198
118.5,0.170162
118.533333,0.034294
118.566667,0.012806
118.6,0.003238
118.633333,0.005649
118.666667,0.002037
118.7,0.011449
118.733333,0.000065
118.766667,0.000471
118.8,0.001049
118.833333,0.002361
118.866667,0.000572
118.9,0.000418
118.933333,0.001566
118.966667,0.001799
119,0.000999
119.033333,0.001312
119.066667,0.006831
119.1,0.004322
119.133333,0.002146
119.166667,0.003184
119.2,0.002228
119.233333,0.001957
119.266667,0.000991
119.3,0.005187
119.333333,0.009438
119.366667,0.001810
119.4,0.001531
119.433333,0.000676
119.466667,0.022212
119.5,0.000961
119.533333,0.004189
119.566667,0.012961
119.6,0.007553
119.633333,0.021643
119.666667,0.015632
119.7,0.002094
119.733333,0.001898
119.766667,0.001159
119.8,0.001318
119.833333,0.001287
119.866667,0.001136
119.9,0.006861
119.933333,0.004196
119.966667,0.001006
120,0.000451
120.033333,0.002537
120.066667,0.003063
120.1,0.003096
120.133333,0.002291
120.166667,0.000209
120.2,0.000151
120.233333,0.000690
120.266667,0.000000
120.3,0.000704
120.333333,0.000692
120.366667,0.000525
120.4,0.001692
120.433333,0.002598
120.466667,0.001158
120.5,0.000957
120.533333,0.000895
120.566667,0.001889
120.6,0.001606
120.633333,0.000482
120.666667,0.000796
120.7,0.002224
120.733333,0.004144
120.766667,0.004166
120.8,0.001957
120.833333,0.055506
120.866667,0.019709
120.9,0.004294
120.933333,0.002881
120.966667,0.000615
121,0.040658
121.033333,0.019172
121.066667,0.011926
121.1,0.007928
121.133333,0.005488
121.166667,0.006554
121.2,0.003505
121.233333,0.001626
121.266667,0.001784
121.3,0.001137
121.333333,0.001132
121.366667,0.001111
121.4,0.001049
121.433333,0.011521
121.466667,0.003689
121.5,0.003324
121.533333,0.003030
121.566667,0.003715
121.6,0.000063
121.633333,0.001657
121.666667,0.000842
121.7,0.000571
121.733333,0.000242
121.766667,0.001013
121.8,0.000221
121.833333,0.000092
121.866667,0.000850
121.9,0.000419
121.933333,0.000978
121.966667,0.000814
122,0.000437
122.033333,0.000174
122.066667,0.000272
122.1,0.001831
122.133333,0.001077
122.166667,0.000487
122.2,0.000893
122.233333,0.000921
122.266667,0.000228
122.3,0.000505
122.333333,0.000806
122.366667,0.000028
122.4,0.000492
122.433333,0.056008
122.466667,0.000245
122.5,0.000030
122.533333,0.000014
122.566667,0.000584
122.6,0.005390
122.633333,0.006295
122.666667,0.000267
122.7,0.000110
122.733333,0.004207
122.766667,0.001764
122.8,0.005199
122.833333,0.002653
122.866667,0.001623
122.9,0.001596
122.933333,0.006231
122.966667,0.011092
123,0.002749
123.033333,0.006281
123.066667,0.004357
123.1,0.002156
123.133333,0.002217
123.166667,0.001380
123.2,0.001350
123.233333,0.000466
123.266667,0.095633
123.3,0.020867
123.333333,0.011199
123.366667,0.006470
123.4,0.000472
123.433333,0.001980
123.466667,0.003464
123.5,0.006768
123.533333,0.005283
123.566667,0.009234
123.6,0.000390
123.633333,0.004384
123.666667,0.002727
123.7,0.001922
123.733333,0.001165
123.766667,0.000706
123.8,0.000397
123.833333,0.000147
123.866667,0.000053
123.9,0.000018
123.933333,0.000008
123.966667,0.000000
124,0.000090
124.033333,0.000041
124.066667,0.000019
124.1,0.000005
124.133333,0.000205
124.166667,0.000042
124.2,0.000015
124.233333,0.000007
124.266667,0.000002
124.3,0.000001
124.333333,0.000000
124.366667,0.000000
124.4,0.000000
124.433333,0.000000
124.466667,0.000000
124.5,0.000000
124.533333,0.000001
124.566667,0.000000
124.6,0.000000
124.633333,0.000000
124.666667,0.000001
124.7,0.000000
124.733333,0.000000
124.766667,0.000000
124.8,0.000001
124.833333,0.000000
124.866667,0.000000
124.9,0.000000
124.933333,0.000000
124.966667,0.000000
125,0.000086
125.033333,0.000031
125.066667,0.000012
125.1,0.000004
125.133333,0.000012
125.166667,0.000003
125.2,0.000007
125.233333,0.000001
125.266667,0.000001
125.3,0.000001
125.333333,0.000000
125.366667,0.000000
125.4,0.000001
125.433333,0.000001
125.466667,0.000001
125.5,0.000000
125.533333,0.000001
125.566667,0.000001
125.6,0.000001
125.633333,0.000000
125.666667,1.000000
125.7,0.000000
125.733333,0.000563
125.766667,0.030717
125.8,0.063218
125.833333,0.056815
125.866667,0.014212
125.9,0.000029
125.933333,0.000007
125.966667,0.000003
126,0.000041
126.033333,0.000014
126.066667,0.000007
126.1,0.000003
126.133333,0.000000
126.166667,0.000000
126.2,0.000000
126.233333,0.000000
126.266667,0.000000
126.3,0.000000
126.333333,0.000000
126.366667,0.000000
126.4,0.000000
126.433333,0.000000
126.466667,0.000000
126.5,0.000000
126.533333,0.000000
126.566667,0.000000
126.6,0.000000
126.633333,0.000000
126.666667,0.000000
126.7,0.000000
126.733333,0.000000
126.766667,0.000000
126.8,0.000000
126.833333,0.000000
126.866667,0.000000
126.9,0.000000
126.933333,0.000000
126.966667,0.000000
127,0.000028
127.033333,0.000001
127.066667,0.000007
127.1,0.000003
127.133333,0.000000
127.166667,0.000000
127.2,0.000000
127.233333,0.000000
127.266667,0.000000
127.3,0.000000
127.333333,0.000000
127.366667,0.000000
127.4,0.000000
127.433333,0.000000
127.466667,0.000000
127.5,0.000000
127.533333,0.000000
127.566667,0.000000
127.6,0.000000
127.633333,0.000000
127.666667,0.000000
127.7,0.000000
127.733333,0.000000
127.766667,0.000000
127.8,0.000000
127.833333,0.000000
127.866667,0.000000
127.9,0.000000
127.933333,0.000000
127.966667,0.000000
128,1.000000
128.033333,0.000154
128.066667,0.000039
128.1,0.000016
128.133333,0.000003
128.166667,0.000001
128.2,0.000000
128.233333,0.000000
128.266667,0.000000
128.3,0.000000
128.333333,0.000000
128.366667,0.000000
128.4,0.000000
128.433333,0.000000
128.466667,0.000000
128.5,0.000000
128.533333,0.000000
128.566667,0.000000
128.6,0.000000
128.633333,0.000000
128.666667,0.000000
128.7,0.000000
128.733333,0.000000
128.766667,0.000000
128.8,0.000000
128.833333,0.000000
128.866667,0.000000
128.9,0.000000
128.933333,0.000000
128.966667,0.000000
129,0.000124
129.033333,0.000048
129.066667,0.000025
129.1,0.000011
129.133333,0.000001
129.166667,0.000001
129.2,0.060605
129.233333,0.000022
129.266667,0.000009
129.3,0.000001
129.333333,0.000000
129.366667,0.000000
129.4,0.000000
129.433333,0.000000
129.466667,0.000000
129.5,0.000000
129.533333,0.000000
129.566667,0.000000
129.6,0.000000
129.633333,0.000000
129.666667,0.000000
129.7,0.000000
129.733333,0.000000
129.766667,0.000000
129.8,0.000000
129.833333,0.000000
129.866667,0.000000
129.9,0.000000
129.933333,0.000000
129.966667,0.000000
130,0.000088
130.033333,0.000009
130.066667,0.000025
130.1,0.000011
130.133333,0.000001
130.166667,0.000001
130.2,0.000000
130.233333,0.000000
130.266667,0.000000
130.3,0.000000
130.333333,0.000000
130.366667,0.000000
130.4,0.000000
130.433333,0.000000
130.466667,0.000000
130.5,0.000000
130.533333,0.000000
130.566667,0.000000
130.6,0.000000
130.633333,0.000000
130.666667,0.000000
130.7,0.000000
130.733333,0.000000
130.766667,0.000000
130.8,0.000000
130.833333,0.000000
130.866667,0.000000
130.9,0.000000
130.933333,0.000000
130.966667,0.000000
131,0.000083
131.033333,0.000004
131.066667,0.000025
131.1,0.000011
131.133333,0.000001
131.166667,0.000001
131.2,0.000000
131.233333,0.000000
131.266667,0.000000
131.3,0.000000
131.333333,0.048010
131.366667,0.000025
131.4,0.000010
131.433333,0.000002
131.466667,0.000000
131.5,0.000000
131.533333,0.000000
131.566667,0.000000
131.6,0.000000
131.633333,0.000000
131.666667,0.000000
131.7,0.000000
131.733333,0.000000
131.766667,0.000000
131.8,0.000000
131.833333,0.000000
131.866667,0.000000
131.9,0.000000
131.933333,0.000000
131.966667,0.000000
132,0.000087
132.033333,0.000007
132.066667,0.000027
132.1,0.000012
132.133333,0.000001
132.166667,0.000001
132.2,0.000000
132.233333,0.000000
132.266667,0.000000
132.3,0.000000
132.333333,0.000000
132.366667,0.000000
132.4,0.000000
132.433333,0.000000
132.466667,0.000000
132.5,0.000000
132.533333,0.000000
132.566667,0.000000
132.6,0.000000
132.633333,0.000000
132.666667,0.000000
132.7,0.000000
132.733333,0.000000
132.766667,0.000000
132.8,0.000000
132.833333,0.000000
132.866667,0.000000
132.9,0.000000
132.933333,0.000000
132.966667,0.000000
133,0.000084
133.033333,0.035565
133.066667,0.000029
133.1,0.000013
133.133333,0.000002
133.166667,0.000001
133.2,0.000000
133.233333,0.000000
133.266667,0.000000
133.3,0.000000
133.333333,0.000000
133.366667,0.000000
133.4,0.000000
133.433333,0.000000
133.466667,0.000000
133.5,0.000000
133.533333,0.000000
133.566667,0.000000
133.6,0.000000
133.633333,0.000000
133.666667,0.000000
133.7,0.000000
133.733333,0.000000
133.766667,0.000000
133.8,0.000000
133.833333,0.000000
133.866667,0.000000
133.9,0.000000
133.933333,0.000000
133.966667,0.000000
134,0.000077
134.033333,0.000003
134.066667,0.000023
134.1,0.000010
134.133333,0.051870
134.166667,0.000027
134.2,0.000012
134.233333,0.000002
134.266667,0.000000
134.3,0.000000
134.333333,0.000000
134.366667,0.000000
134.4,0.000000
134.433333,0.000000
134.466667,0.000000
134.5,0.000000
134.533333,0.000000
134.566667,0.000000
134.6,0.000000
134.633333,0.000000
134.666667,0.000000
134.7,0.000000
134.733333,0.000000
134.766667,0.000000
134.8,0.000000
134.833333,0.000000
134.866667,0.000000
134.9,0.000000
134.933333,0.000000
134.966667,0.000000
135,0.000091
135.033333,0.000009
135.066667,0.000027
135.1,0.000011
135.133333,0.000001
135.166667,0.000001
135.2,0.000000
135.233333,0.000000
135.266667,0.000000
135.3,0.000000
135.333333,0.000000
135.366667,0.000000
135.4,0.000000
135.433333,0.000000
135.466667,0.000000
135.5,0.000000
135.533333,0.000000
135.566667,0.000000
135.6,0.000000
135.633333,0.000000
135.666667,0.000000
135.7,0.000000
135.733333,0.000000
135.766667,0.000000
135.8,0.000000
135.833333,0.000000
135.866667,0.000000
135.9,0.000000
135.933333,0.000000
135.966667,0.000000
136,0.000086
136.033333,0.000004
136.066667,0.000027
136.1,0.000011
136.133333,0.000001
136.166667,0.000001
136.2,0.000000
136.233333,0.000000
136.266667,0.000000
136.3,0.000000
136.333333,0.000000
136.366667,0.000000
136.4,0.056456
136.433333,0.000014
136.466667,0.000004
136.5,0.000001
136.533333,0.000000
136.566667,0.000000
136.6,0.000000
136.633333,0.000000
136.666667,0.000000
136.7,0.000000
136.733333,0.000000
136.766667,0.000000
136.8,0.000000
136.833333,0.000000
136.866667,0.000000
136.9,0.000000
136.933333,0.000000
136.966667,0.000000
137,0.000077
137.033333,0.000004
137.066667,0.000022
137.1,0.000011
137.133333,0.000001
137.166667,0.000001
137.2,0.000000
137.233333,0.000000
137.266667,0.000000
137.3,0.000000
137.333333,0.000000
137.366667,0.000000
137.4,0.000000
137.433333,0.038554
137.466667,0.000020
137.5,0.000007
137.533333,0.000001
137.566667,0.000000
137.6,0.000000
137.633333,0.000000
137.666667,0.000000
137.7,0.000000
137.733333,0.000000
137.766667,0.000000
137.8,0.000000
137.833333,0.000000
137.866667,0.000000
137.9,0.000000
137.933333,0.000000
137.966667,0.000000
138,0.000082
138.033333,0.000005
138.066667,0.000025
138.1,0.000011
138.133333,0.000001
138.166667,0.000001
138.2,0.000000
138.233333,0.000000
138.266667,0.000000
138.3,0.000000
138.333333,0.000000
138.366667,0.000000
138.4,0.000000
138.433333,0.000000
138.466667,0.000000
138.5,0.000000
138.533333,0.000000
138.566667,0.000000
138.6,0.000000
138.633333,0.000000
138.666667,0.000000
138.7,0.000000
138.733333,0.000000
138.766667,0.000000
138.8,0.000000
138.833333,0.000000
138.866667,0.000000
138.9,0.000000
138.933333,0.000000
138.966667,0.000000
139,0.000081
139.033333,0.000004
139.066667,0.000025
139.1,0.000011
139.133333,0.000001
139.166667,0.000001
139.2,0.039493
139.233333,0.000024
139.266667,0.000010
139.3,0.000001
139.333333,0.000000
139.366667,0.000000
139.4,0.000000
139.433333,0.000000
139.466667,0.000000
139.5,0.000000
139.533333,0.000000
139.566667,0.000000
139.6,0.000000
139.633333,0.000000
139.666667,0.000000
139.7,0.000000
139.733333,0.000000
139.766667,0.000000
139.8,0.000000
139.833333,0.000000
139.866667,0.000000
139.9,0.000000
139.933333,0.000000
139.966667,0.000000
140,0.000090
140.033333,0.000010
140.066667,0.000026
140.1,0.000011
140.133333,0.000001
140.166667,0.000001
140.2,0.000000
140.233333,0.000000
140.266667,0.000000
140.3,0.000000
140.333333,0.000000
140.366667,0.000000
140.4,0.000000
140.433333,0.000000
140.466667,0.000000
140.5,0.000000
140.533333,0.000000
140.566667,0.000000
140.6,0.000000
140.633333,0.000000
140.666667,0.000000
140.7,0.000000
140.733333,0.000000
140.766667,0.043910
140.8,0.000022
140.833333,0.000008
140.866667,0.000001
140.9,0.000000
140.933333,0.000000
140.966667,0.000000
141,0.000083
141.033333,0.000004
141.066667,0.000025
141.1,0.000011
141.133333,0.000001
141.166667,0.000001
141.2,0.000000
141.233333,0.000000
141.266667,0.000000
141.3,0.000000
141.333333,0.000000
141.366667,0.000000
141.4,0.000000
141.433333,0.000000
141.466667,0.000000
141.5,0.000000
141.533333,0.000000
141.566667,0.000000
141.6,0.000000
141.633333,0.000000
141.666667,0.000000
141.7,0.000000
141.733333,0.000000
141.766667,0.000000
141.8,0.000000
141.833333,0.000000
141.866667,0.000000
141.9,0.000000
141.933333,0.000000
141.966667,0.000000
142,0.000083
142.033333,0.000004
142.066667,0.000025
142.1,0.000011
142.133333,0.000001
142.166667,0.000001
142.2,0.000000
142.233333,0.000000
142.266667,0.000000
142.3,0.000000
142.333333,0.000000
142.366667,0.000000
142.4,0.000000
142.433333,0.000000
142.466667,0.000000
142.5,0.000000
142.533333,0.000000
142.566667,0.000000
142.6,0.000000
142.633333,0.000000
142.666667,0.000000
142.7,0.000000
142.733333,0.000000
142.766667,0.000000
142.8,0.000000
142.833333,0.060601
142.866667,0.000028
142.9,0.000012
142.933333,0.000002
142.966667,0.000000
143,0.000095
143.033333,0.000011
143.066667,0.000027
143.1,0.000012
143.133333,0.000001
143.166667,0.000001
143.2,0.000000
143.233333,0.000000
143.266667,0.000000
143.3,0.000000
143.333333,0.000000
143.366667,0.000000
143.4,0.000000
143.433333,0.000000
143.466667,0.000000
143.5,0.000000
143.533333,0.000000
143.566667,0.000000
143.6,0.000000
143.633333,0.000000
143.666667,0.000000
143.7,0.000000
143.733333,0.000000
143.766667,0.000000
143.8,0.000000
143.833333,0.000000
143.866667,0.000000
143.9,0.000000
143.933333,0.000000
143.966667,0.000000
144,0.000089
144.033333,0.000005
144.066667,0.000027
144.1,0.000012
144.133333,0.000001
144.166667,0.000001
144.2,0.000000
144.233333,0.000000
144.266667,0.000000
144.3,0.000000
144.333333,0.000000
144.366667,0.000000
144.4,0.000000
144.433333,0.000000
144.466667,0.000000
144.5,0.000000
144.533333,0.000000
144.566667,0.000000
144.6,0.000000
144.633333,0.000000
144.666667,0.000000
144.7,0.000000
144.733333,0.000000
144.766667,0.000000
144.8,0.000000
144.833333,0.000000
144.866667,0.000000
144.9,0.000000
144.933333,0.000000
144.966667,0.000000
145,0.000089
145.033333,0.000005
145.066667,0.000027
145.1,0.000012
145.133333,0.064241
145.166667,0.000025
145.2,0.000009
145.233333,0.000001
145.266667,0.000000
145.3,0.000000
145.333333,0.000000
145.366667,0.000000
145.4,0.000000
145.433333,0.000000
145.466667,0.000000
145.5,0.000000
145.533333,0.000000
145.566667,0.000000
145.6,0.000000
145.633333,0.000000
145.666667,0.000000
145.7,0.000000
145.733333,0.000000
145.766667,0.000000
145.8,0.000000
145.833333,0.000000
145.866667,0.000000
145.9,0.000000
145.933333,0.000000
145.966667,0.000000
146,0.000091
146.033333,0.000007
146.066667,0.000028
146.1,0.000012
146.133333,0.000001
146.166667,0.000001
146.2,0.000000
146.233333,0.000000
146.266667,0.000000
146.3,0.000000
146.333333,0.000000
146.366667,0.000000
146.4,0.000000
146.433333,0.000000
146.466667,0.000000
146.5,0.000000
146.533333,0.000000
146.566667,0.000000
146.6,0.000000
146.633333,0.000000
146.666667,0.000000
146.7,0.028059
146.733333,0.000021
146.766667,0.000008
146.8,0.000001
146.833333,0.000000
146.866667,0.000000
146.9,0.000000
146.933333,0.000000
146.966667,0.000000
147,0.000087
147.033333,0.000003
147.066667,0.000026
147.1,0.000012
147.133333,0.000001
147.166667,0.000001
147.2,0.000000
147.233333,0.000000
147.266667,0.000000
147.3,0.000000
147.333333,0.000000
147.366667,0.000000
147.4,0.000000
147.433333,0.000000
147.466667,0.000000
147.5,0.000000
147.533333,0.000000
147.566667,0.000000
147.6,0.000000
147.633333,0.000000
147.666667,0.000000
147.7,0.000000
147.733333,0.000000
147.766667,0.000000
147.8,0.000000
147.833333,0.000000
147.866667,0.000000
147.9,0.000000
147.933333,0.000000
147.966667,0.000000
148,0.000088
148.033333,0.000004
148.066667,0.000026
148.1,0.000012
148.133333,0.000001
148.166667,0.000001
148.2,0.000000
148.233333,0.000000
148.266667,0.000000
148.3,0.000000
148.333333,0.000000
148.366667,0.000000
148.4,0.000000
148.433333,0.000000
148.466667,0.000000
148.5,0.000000
148.533333,0.093274
148.566667,0.000038
148.6,0.000018
148.633333,0.000003
148.666667,0.000001
148.7,0.000000
148.733333,0.000000
148.766667,0.000000
148.8,0.000000
148.833333,0.000000
148.866667,0.000000
148.9,0.000000
148.933333,0.000000
148.966667,0.000000
149,0.000116
149.033333,0.000022
149.066667,0.000030
149.1,0.000013
149.133333,0.000002
149.166667,0.000001
149.2,0.000000
149.233333,0.000000
149.266667,0.000000
149.3,0.000000
149.333333,0.000000
149.366667,0.000000
149.4,0.000000
149.433333,0.000000
149.466667,0.000000
149.5,0.000000
149.533333,0.000000
149.566667,0.000000
149.6,0.000000
149.633333,0.000000
149.666667,0.000000
149.7,0.000000
149.733333,0.000000
149.766667,0.000000
149.8,0.000000
149.833333,0.000000
149.866667,0.000000
149.9,0.000000
149.933333,0.000000
149.966667,0.000000
150,0.000098
150.033333,0.000005
150.066667,0.000030
150.1,0.000013
150.133333,0.000002
150.166667,0.000001
150.2,0.000000
150.233333,0.000000
150.266667,0.000000
150.3,0.000000
150.333333,0.000000
150.366667,0.000000
150.4,0.000000
150.433333,0.000000
150.466667,0.000000
150.5,0.000000
150.533333,0.000000
150.566667,0.000000
150.6,0.000000
150.633333,0.000000
150.666667,0.000000
150.7,0.000000
150.733333,0.000000
150.766667,0.000000
150.8,0.000000
150.833333,0.000000
150.866667,0.000000
150.9,0.000000
150.933333,0.000000
150.966667,0.000000
151,0.000098
151.033333,0.000005
151.066667,0.000030
151.1,0.000013
151.133333,0.000002
151.166667,0.000001
151.2,0.000000
151.233333,0.637679
151.266667,0.000961
151.3,0.000304
151.333333,0.000117
151.366667,0.000018
151.4,0.000019
151.433333,0.000004
151.466667,0.000904
151.5,0.000351
151.533333,0.000116
151.566667,0.000038
151.6,0.000005
151.633333,0.000002
151.666667,0.000000
151.7,0.000000
151.733333,0.000000
151.766667,0.000000
151.8,0.000000
151.833333,0.000000
151.866667,0.000000
151.9,0.000000
151.933333,0.000000
151.966667,0.000000
152,0.000908
152.033333,0.000414
152.066667,0.000129
152.1,0.000056
152.133333,0.000008
152.166667,0.000003
152.2,0.000000
152.233333,0.000000
152.266667,0.000001
152.3,0.000000
152.333333,0.000000
152.366667,0.000001
152.4,0.000001
152.433333,0.000000
152.466667,0.000001
152.5,0.000001
152.533333,0.000000
152.566667,0.000001
152.6,0.000001
152.633333,0.000000
152.666667,0.000001
152.7,0.000001
152.733333,0.000000
152.766667,0.000001
152.8,0.074352
152.833333,0.000088
152.866667,0.000024
152.9,0.000002
152.933333,0.000001
152.966667,0.000001
153,0.000393
153.033333,0.000050
153.066667,0.000125
153.1,0.000054
153.133333,0.000008
153.166667,0.000003
153.2,0.000000
153.233333,0.000000
153.266667,0.000001
153.3,0.000000
153.333333,0.000000
153.366667,0.000001
153.4,0.000001
153.433333,0.000000
153.466667,0.000001
153.5,0.000001
153.533333,0.000000
153.566667,0.000001
153.6,0.000001
153.633333,0.000000
153.666667,0.000001
153.7,0.000001
153.733333,0.000000
153.766667,0.000001
153.8,0.000001
153.833333,0.000000
153.866667,0.000001
153.9,0.000001
153.933333,0.000000
153.966667,0.000001
154,0.000357
154.033333,0.000014
154.066667,0.000125
154.1,0.000054
154.133333,0.000008
154.166667,0.000003
154.2,0.000000
154.233333,0.000000
154.266667,0.000001
154.3,0.003174
154.333333,0.000964
154.366667,0.000191
154.4,0.000056
154.433333,0.000031
154.466667,0.000095
154.5,0.000012
154.533333,0.000004
154.566667,0.000044
154.6,0.000085
154.633333,0.000011
154.666667,0.000053
154.7,0.000064
154.733333,0.000006
154.766667,0.050267
154.8,0.001957
154.833333,0.000050
154.866667,0.000015
154.9,0.000072
154.933333,0.000061
154.966667,0.000010
155,0.000467
155.033333,0.000088
155.066667,0.000240
155.1,0.000012
155.133333,0.000067
155.166667,0.000042
155.2,0.000132
155.233333,0.000237
155.266667,0.001602
155.3,0.000072
155.333333,0.000044
155.366667,0.000045
155.4,0.000009
155.433333,0.000002
155.466667,0.000000
155.5,0.000000
155.533333,0.000000
155.566667,0.000000
155.6,0.000000
155.633333,0.000000
155.666667,0.000000
155.7,0.000000
155.733333,0.000000
155.766667,0.000000
155.8,0.000000
155.833333,0.000000
155.866667,0.000000
155.9,0.000000
155.933333,0.000000
155.966667,0.000000
156,0.000426
156.033333,0.000091
156.066667,0.000123
156.1,0.000054
156.133333,0.000008
156.166667,0.000003
156.2,0.000000
156.233333,0.000000
156.266667,0.000001
156.3,0.000000
156.333333,0.000000
156.366667,0.000001
156.4,0.000001
156.433333,0.000000
156.466667,0.000001
156.5,0.000001
156.533333,0.000000
156.566667,0.000001
156.6,0.000001
156.633333,0.000000
156.666667,0.000001
156.7,0.000001
156.733333,0.000000
156.766667,0.000001
156.8,0.000001
156.833333,0.000000
156.866667,0.000001
156.9,0.000001
156.933333,0.000000
156.966667,0.000001
157,0.000352
157.033333,0.000015
157.066667,0.000123
157.1,0.000054
157.133333,0.000008
157.166667,0.000003
157.2,0.000000
157.233333,0.000000
157.266667,0.000001
157.3,0.000000
157.333333,0.000000
157.366667,0.000001
157.4,0.000001
157.433333,0.000000
157.466667,0.000001
157.5,0.000001
157.533333,0.000000
157.566667,0.062815
157.6,0.000083
157.633333,0.000019
157.666667,0.000004
157.7,0.000000
157.733333,0.000000
157.766667,0.000000
157.8,0.000001
157.833333,0.000000
157.866667,0.000001
157.9,0.000000
157.933333,0.000000
157.966667,0.000000
158,0.000372
158.033333,0.000027
158.066667,0.000127
158.1,0.000056
158.133333,0.000008
158.166667,0.000003
158.2,0.000000
158.233333,0.000000
158.266667,0.000001
158.3,0.000000
158.333333,0.000000
158.366667,0.000000
158.4,0.000001
158.433333,0.049163
158.466667,0.000072
158.5,0.000011
158.533333,0.000002
158.566667,0.000001
158.6,0.000001
158.633333,0.000000
158.666667,0.000001
158.7,0.000001
158.733333,0.000000
158.766667,0.000001
158.8,0.000000
158.833333,0.000000
158.866667,0.000001
158.9,0.000000
158.933333,0.000000
158.966667,0.000000
159,0.000371
159.033333,0.000031
159.066667,0.000124
159.1,0.000055
159.133333,0.000008
159.166667,0.000003
159.2,0.000000
159.233333,0.000000
159.266667,0.000001
159.3,0.000000
159.333333,0.000000
159.366667,0.000001
159.4,0.000001
159.433333,0.000000
159.466667,0.000001
159.5,0.000001
159.533333,0.000000
159.566667,0.000001
159.6,0.000001
159.633333,0.000000
159.666667,0.000001
159.7,0.000001
159.733333,0.000000
159.766667,0.000001
159.8,0.000001
159.833333,0.000000
159.866667,0.000001
159.9,0.000001
159.933333,0.000000
159.966667,0.000001
160,0.000355
160.033333,0.000015
160.066667,0.000124
160.1,0.000055
160.133333,0.000008
160.166667,0.000003
160.2,0.000000
160.233333,0.000000
160.266667,0.000001
160.3,0.000000
160.333333,0.000000
160.366667,0.000001
160.4,0.000001
160.433333,0.000000
160.466667,0.000001
160.5,0.041167
160.533333,0.000075
160.566667,0.000014
160.6,0.000002
160.633333,0.000000
160.666667,0.000001
160.7,0.000001
160.733333,0.000000
160.766667,0.000001
160.8,0.000001
160.833333,0.000000
160.866667,0.000001
160.9,0.000001
160.933333,0.000000
160.966667,0.000001
161,0.000372
161.033333,0.000030
161.066667,0.000125
161.1,0.000055
161.133333,0.000008
161.166667,0.000003
161.2,0.000000
161.233333,0.000000
161.266667,0.000001
161.3,0.000000
161.333333,0.000000
161.366667,0.000001
161.4,0.000001
161.433333,0.000000
161.466667,0.000001
161.5,0.000001
161.533333,0.000000
161.566667,0.000001
161.6,0.000001
161.633333,0.000000
161.666667,0.000001
161.7,0.000001
161.733333,0.000000
161.766667,0.000001
161.8,0.000001
161.833333,0.000000
161.866667,0.000001
161.9,0.000001
161.933333,0.000000
161.966667,0.000001
162,0.000357
162.033333,0.000015
162.066667,0.668698
162.1,0.000175
162.133333,0.000069
162.166667,0.000025
162.2,0.000009
162.233333,0.000001
162.266667,0.000000
162.3,0.000000
162.333333,0.000000
162.366667,0.000000
162.4,0.000000
162.433333,0.000000
162.466667,0.000000
162.5,0.000000
162.533333,0.000000
162.566667,0.000000
162.6,0.000000
162.633333,0.000000
162.666667,0.000000
162.7,0.000000
162.733333,0.000000
162.766667,0.000000
162.8,0.000000
162.833333,0.000000
162.866667,0.000000
162.9,0.000000
162.933333,0.000000
162.966667,0.000000
163,0.000166
163.033333,0.000076
163.066667,0.000032
163.1,0.000013
163.133333,0.000003
163.166667,0.000001
163.2,0.000000
163.233333,0.000000
163.266667,0.000000
163.3,0.000000
163.333333,0.000000
163.366667,0.000000
163.4,0.000000
163.433333,0.000000
163.466667,0.000000
163.5,0.000000
163.533333,0.000000
163.566667,0.000000
163.6,0.000000
163.633333,0.000000
163.666667,0.000000
163.7,0.000000
163.733333,0.000000
163.766667,0.000000
163.8,0.000000
163.833333,0.000000
163.866667,0.000000
163.9,0.000000
163.933333,0.000000
163.966667,0.000000
164,0.000097
164.033333,0.000006
164.066667,0.000032
164.1,0.000013
164.133333,0.000003
164.166667,0.000001
164.2,0.000000
164.233333,0.000000
164.266667,0.000000
164.3,0.000000
164.333333,0.000000
164.366667,0.054772
164.4,0.000018
164.433333,0.000005
164.466667,0.000001
164.5,0.000000
164.533333,0.000000
164.566667,0.000000
164.6,0.000000
164.633333,0.000000
164.666667,0.000000
164.7,0.000000
164.733333,0.000000
164.766667,0.000000
164.8,0.000000
164.833333,0.000000
164.866667,0.000000
164.9,0.000000
164.933333,0.000000
164.966667,0.000000
165,0.000087
165.033333,0.000005
165.066667,0.000028
165.1,0.000012
165.133333,0.000003
165.166667,0.000001
165.2,0.000000
165.233333,0.000000
165.266667,0.000000
165.3,0.000000
165.333333,0.000000
165.366667,0.000000
165.4,0.000000
165.433333,0.000000
165.466667,0.000000
165.5,0.000000
165.533333,0.000000
165.566667,0.000000
165.6,0.000000
165.633333,0.000000
165.666667,0.000000
165.7,0.000000
165.733333,0.000000
165.766667,0.000000
165.8,0.000000
165.833333,0.000000
165.866667,0.000000
165.9,0.020359
165.933333,0.000022
165.966667,0.000008
166,0.000091
166.033333,0.000009
166.066667,0.000029
166.1,0.000013
166.133333,0.000003
166.166667,0.000001
166.2,0.000000
166.233333,0.000000
166.266667,0.000000
166.3,0.000000
166.333333,0.000000
166.366667,0.000000
166.4,0.000000
166.433333,0.000000
166.466667,0.000000
166.5,0.000000
166.533333,0.000000
166.566667,0.000000
166.6,0.000000
166.633333,0.000000
166.666667,0.000000
166.7,0.000000
166.733333,0.000000
166.766667,0.000000
166.8,0.000000
166.833333,0.000000
166.866667,0.000000
166.9,0.000000
166.933333,0.000000
166.966667,0.000000
167,0.000090
167.033333,0.000006
167.066667,0.000029
167.1,0.000013
167.133333,0.000003
167.166667,0.000001
167.2,0.000000
167.233333,0.000000
167.266667,0.000000
167.3,0.132991
167.333333,0.000032
167.366667,0.000014
167.4,0.000003
167.433333,0.000000
167.466667,0.000000
167.5,0.000000
167.533333,0.000000
167.566667,0.000000
167.6,0.000000
167.633333,0.000000
167.666667,0.000000
167.7,0.000000
167.733333,0.000000
167.766667,0.000000
167.8,0.000000
167.833333,0.000000
167.866667,0.000000
167.9,0.000000
167.933333,0.000000
167.966667,0.000000
168,0.000094
168.033333,0.000007
168.066667,0.000032
168.1,0.000013
168.133333,0.000003
168.166667,0.000001
168.2,0.000000
168.233333,0.000000
168.266667,0.000000
168.3,0.000000
168.333333,0.000000
168.366667,0.000000
168.4,0.000000
168.433333,0.000000
168.466667,0.000000
168.5,0.000000
168.533333,0.000000
168.566667,0.000000
168.6,0.000000
168.633333,0.000000
168.666667,0.000000
168.7,0.000000
168.733333,0.000000
168.766667,0.000000
168.8,0.000000
168.833333,0.000000
168.866667,0.000000
168.9,0.000000
168.933333,0.000000
168.966667,0.000000
169,0.000093
169.033333,0.000006
169.066667,0.000032
169.1,0.000013
169.133333,0.000003
169.166667,0.000001
169.2,0.000000
169.233333,0.000000
169.266667,0.000000
169.3,0.000000
169.333333,0.000000
169.366667,0.000000
169.4,0.000000
169.433333,0.000000
169.466667,0.000000
169.5,0.000000
169.533333,0.000000
169.566667,0.000000
169.6,0.000000
169.633333,0.000000
169.666667,0.000000
169.7,0.000000
169.733333,0.043260
169.766667,0.000021
169.8,0.000007
169.833333,0.000001
169.866667,0.000000
169.9,0.000000
169.933333,0.000000
169.966667,0.000000
170,0.000095
170.033333,0.000012
170.066667,0.000029
170.1,0.000012
170.133333,0.000003
170.166667,0.000001
170.2,0.000000
170.233333,0.000000
170.266667,0.000000
170.3,0.000000
170.333333,0.000000
170.366667,0.000000
170.4,0.000000
170.433333,0.000000
170.466667,0.000000
170.5,0.000000
170.533333,0.000000
170.566667,0.000000
170.6,0.000000
170.633333,0.000000
170.666667,0.000000
170.7,0.000000
170.733333,0.000000
170.766667,0.000000
170.8,0.000000
170.833333,0.000000
170.866667,0.000000
170.9,0.000000
170.933333,0.000000
170.966667,0.000000
171,0.000089
171.033333,0.000006
171.066667,0.000029
171.1,0.000012
171.133333,0.000003
171.166667,0.000001
171.2,0.000000
171.233333,0.000000
171.266667,0.000000
171.3,0.000000
171.333333,0.000000
171.366667,0.000000
171.4,0.000000
171.433333,0.000000
171.466667,0.000000
171.5,0.000000
171.533333,0.000000
171.566667,0.000000
171.6,0.000000
171.633333,0.000000
171.666667,0.000000
171.7,0.000000
171.733333,0.000000
171.766667,0.101503
171.8,0.000254
171.833333,0.000707
171.866667,0.000178
171.9,0.000008
171.933333,0.000429
171.966667,0.000151
172,0.000029
172.033333,0.000189
172.066667,0.000104
172.1,0.000198
172.133333,0.000074
172.166667,0.000145
172.2,0.000026
172.233333,0.000096
172.266667,0.000119
172.3,0.000066
172.333333,0.000091
172.366667,0.000004
172.4,0.000095
172.433333,0.000048
172.466667,0.000089
172.5,0.000077
172.533333,0.000021
172.566667,0.000548
172.6,0.000013
172.633333,0.000095
172.666667,0.000132
172.7,0.000001
172.733333,0.000023
172.766667,0.000124
172.8,0.000170
172.833333,0.000442
172.866667,0.000140
172.9,0.000168
172.933333,0.000010
172.966667,0.000329
173,0.000185
173.033333,0.000095
173.066667,0.000060
173.1,0.000070
173.133333,0.000126
173.166667,0.000042
173.2,0.000061
173.233333,0.000012
173.266667,0.000067
173.3,0.000104
173.333333,0.000072
173.366667,0.000004
173.4,0.000226
173.433333,0.000162
173.466667,0.000128
173.5,0.000104
173.533333,0.000013
173.566667,0.000012
173.6,0.000043
173.633333,0.000010
173.666667,0.000096
173.7,0.000054
173.733333,0.000073
173.766667,0.000003
173.8,0.000103
173.833333,0.000089
173.866667,0.065189
173.9,0.000019
173.933333,0.000006
173.966667,0.000001
174,0.000099
174.033333,0.000017
174.066667,0.000029
174.1,0.000014
174.133333,0.000003
174.166667,0.000001
174.2,0.000000
174.233333,0.000000
174.266667,0.000000
174.3,0.000000
174.333333,0.000000
174.366667,0.000000
174.4,0.000000
174.433333,0.000000
174.466667,0.000000
174.5,0.000000
174.533333,0.000000
174.566667,0.000000
174.6,0.000000
174.633333,0.000000
174.666667,0.000000
174.7,0.000000
174.733333,0.000000
174.766667,0.000000
174.8,0.000000
174.833333,0.000000
174.866667,0.000000
174.9,0.000000
174.933333,0.000000
174.966667,0.000000
175,0.000089
175.033333,0.000007
175.066667,0.000029
175.1,0.000014
175.133333,0.000003
175.166667,0.000001
175.2,0.000000
175.233333,0.000000
175.266667,0.000000
175.3,0.000000
175.333333,0.000000
175.366667,0.000000
175.4,0.000000
175.433333,0.000000
175.466667,0.000000
175.5,0.000000
175.533333,0.000000
175.566667,0.000000
175.6,0.000000
175.633333,0.000000
175.666667,0.000000
175.7,0.000000
175.733333,0.000000
175.766667,0.000000
175.8,0.000000
175.833333,0.000000
175.866667,0.000000
175.9,0.000000
175.933333,0.000000
175.966667,0.000000
176,0.000089
176.033333,0.000007
176.066667,0.000029
176.1,0.000014
176.133333,0.000003
176.166667,0.000001
176.2,0.000000
176.233333,0.000000
176.266667,0.000000
176.3,0.027688
176.333333,0.022085
176.366667,0.002101
176.4,0.000596
176.433333,0.000013
176.466667,0.000003
176.5,0.000012
176.533333,0.000014
176.566667,0.000014
176.6,0.000014
176.633333,0.000000
176.666667,0.000014
176.7,0.000014
176.733333,0.000000
176.766667,0.000013
176.8,0.000013
176.833333,0.000000
176.866667,0.000014
176.9,0.000014
176.933333,0.000013
176.966667,0.000013
177,0.000114
177.033333,0.000042
177.066667,0.000056
177.1,0.000012
177.133333,0.000016
177.166667,0.000012
177.2,0.000000
177.233333,0.000014
177.266667,0.000013
177.3,0.000013
177.333333,0.000013
177.366667,0.000000
177.4,0.000013
177.433333,0.000013
177.466667,0.000000
177.5,0.000013
177.533333,0.000013
177.566667,0.000000
177.6,0.000013
177.633333,0.000013
177.666667,0.000014
177.7,0.000014
177.733333,0.000000
177.766667,0.000014
177.8,0.001483
177.833333,0.000015
177.866667,0.000000
177.9,0.000000
177.933333,0.000000
177.966667,0.000000
178,0.000094
178.033333,0.000008
178.066667,0.000031
178.1,0.000013
178.133333,0.000003
178.166667,0.000001
178.2,0.000000
178.233333,0.000000
178.266667,0.000000
178.3,0.000000
178.333333,0.000000
178.366667,0.000000
178.4,0.000000
178.433333,0.000000
178.466667,0.000000
178.5,0.000000
178.533333,0.000000
178.566667,0.000000
178.6,0.000000
178.633333,0.000000
178.666667,0.000000
178.7,0.000000
178.733333,0.000000
178.766667,0.000000
178.8,0.000000
178.833333,0.000000
178.866667,0.000000
178.9,0.029875
178.933333,0.000029
178.966667,0.000013
179,0.000101
179.033333,0.000012
179.066667,0.000031
179.1,0.000013
179.133333,0.000003
179.166667,0.000001
179.2,0.000000
179.233333,0.000000
179.266667,0.000000
179.3,0.000000
179.333333,0.000000
179.366667,0.000000
179.4,0.000000
179.433333,0.000000
179.466667,0.000000
179.5,0.000000
179.533333,0.000000
179.566667,0.000000
179.6,0.000000
179.633333,0.000000
179.666667,0.000000
179.7,0.000000
179.733333,0.000000
179.766667,0.000000
179.8,0.000000
179.833333,0.000000
179.866667,0.000000
179.9,0.000000
179.933333,0.000000
179.966667,0.000000
180,0.000096
180.033333,0.000006
180.066667,0.000031
180.1,0.000013
180.133333,0.000003
180.166667,0.000001
180.2,0.000000
180.233333,0.000000
180.266667,0.000000
180.3,0.000000
180.333333,0.000000
180.366667,0.000000
180.4,0.000000
180.433333,0.000000
180.466667,0.000000
180.5,0.000000
180.533333,0.000000
180.566667,0.000000
180.6,0.000000
180.633333,0.000000
180.666667,0.000000
180.7,0.000000
180.733333,0.000000
180.766667,0.000000
180.8,0.000000
180.833333,0.000000
180.866667,0.000000
180.9,0.000000
180.933333,0.000000
180.966667,0.000000
181,0.000096
181.033333,0.000006
181.066667,0.000031
181.1,0.000013
181.133333,0.000003
181.166667,0.000001
181.2,0.000000
181.233333,0.000000
181.266667,0.112758
181.3,0.000024
181.333333,0.000010
181.366667,0.000001
181.4,0.000001
181.433333,0.000000
181.466667,0.000000
181.5,0.000000
181.533333,0.000000
181.566667,0.000000
181.6,0.000000
181.633333,0.000000
181.666667,0.000000
181.7,0.000000
181.733333,0.000000
181.766667,0.000000
181.8,0.000000
181.833333,0.000000
181.866667,0.000000
181.9,0.000000
181.933333,0.000000
181.966667,0.000000
182,0.000096
182.033333,0.000013
182.066667,0.000029
182.1,0.000013
182.133333,0.000003
182.166667,0.000001
182.2,0.000000
182.233333,0.000000
182.266667,0.000000
182.3,0.000000
182.333333,0.000000
182.366667,0.000000
182.4,0.000000
182.433333,0.000000
182.466667,0.000000
182.5,0.000000
182.533333,0.000000
182.566667,0.000000
182.6,0.048291
182.633333,0.000022
182.666667,0.000008
182.7,0.000001
182.733333,0.000000
182.766667,0.000000
182.8,0.000000
182.833333,0.000000
182.866667,0.000000
182.9,0.000000
182.933333,0.000000
182.966667,0.000000
183,0.000092
183.033333,0.000009
183.066667,0.000029
183.1,0.000013
183.133333,0.000003
183.166667,0.000001
183.2,0.000000
183.233333,0.000000
183.266667,0.000000
183.3,0.000000
183.333333,0.000000
183.366667,0.000000
183.4,0.000000
183.433333,0.000000
183.466667,0.000000
183.5,0.000000
183.533333,0.000000
183.566667,0.000000
183.6,0.000000
183.633333,0.000000
183.666667,0.000000
183.7,0.000000
183.733333,0.000000
183.766667,0.000000
183.8,0.000000
183.833333,0.000000
183.866667,0.000000
183.9,0.000000
183.933333,0.000000
183.966667,0.000000
184,0.000090
184.033333,0.000007
184.066667,0.000029
184.1,0.000013
184.133333,0.000003
184.166667,0.000001
184.2,0.000000
184.233333,0.000000
184.266667,0.000000
184.3,0.000000
184.333333,0.000000
184.366667,0.000000
184.4,0.000000
184.433333,0.000000
184.466667,0.000000
184.5,0.000000
184.533333,0.373456
184.566667,0.000286
184.6,0.000820
184.633333,0.000113
184.666667,0.000172
184.7,0.000034
184.733333,0.000014
184.766667,0.000001
184.8,0.000356
184.833333,0.000452
184.866667,0.000257
184.9,0.000176
184.933333,0.000021
184.966667,0.000016
185,0.001043
185.033333,0.000229
185.066667,0.000093
185.1,0.000118
185.133333,0.000053
185.166667,0.000008
185.2,0.000003
185.233333,0.000001
185.266667,0.000000
185.3,0.000000
185.333333,0.000000
185.366667,0.000000
185.4,0.000000
185.433333,0.000000
185.466667,0.000000
185.5,0.000000
185.533333,0.000000
185.566667,0.000000
185.6,0.000000
185.633333,0.000000
185.666667,0.000000
185.7,0.000000
185.733333,0.000000
185.766667,0.000000
185.8,0.000000
185.833333,0.000000
185.866667,0.000000
185.9,0.000000
185.933333,0.000000
185.966667,0.000000
186,0.000403
186.033333,0.000037
186.066667,0.000132
186.1,0.000060
186.133333,0.000012
186.166667,0.000005
186.2,0.000001
186.233333,0.000000
186.266667,0.000000
186.3,0.000000
186.333333,0.000000
186.366667,0.000000
186.4,0.000000
186.433333,0.000000
186.466667,0.000000
186.5,0.000000
186.533333,0.000000
186.566667,0.000000
186.6,0.000000
186.633333,0.000000
186.666667,0.000000
186.7,0.000000
186.733333,0.000000
186.766667,0.000000
186.8,0.000000
186.833333,0.000000
186.866667,0.000000
186.9,0.000000
186.933333,0.000000
186.966667,0.000000
187,0.000388
187.033333,0.000023
187.066667,0.000132
187.1,0.000060
187.133333,0.000012
187.166667,0.000005
187.2,0.000001
187.233333,0.000000
187.266667,0.000000
187.3,0.000000
187.333333,0.000000
187.366667,0.000000
187.4,0.000000
187.433333,0.000000
187.466667,0.000000
187.5,0.000000
187.533333,0.000000
187.566667,0.361278
187.6,0.000071
187.633333,0.000020
187.666667,0.000008
187.7,0.000002
187.733333,0.000001
187.766667,0.000000
187.8,0.000000
187.833333,0.000000
187.866667,0.000000
187.9,0.000000
187.933333,0.000000
187.966667,0.000000
188,0.000063
188.033333,0.000005
188.066667,0.000019
188.1,0.000007
188.133333,0.000002
188.166667,0.000001
188.2,0.000000
188.233333,0.000000
188.266667,0.000000
188.3,0.000000
188.333333,0.000000
188.366667,0.000000
188.4,0.000000
188.433333,0.000000
188.466667,0.000000
188.5,0.000000
188.533333,0.000000
188.566667,0.000000
188.6,0.000000
188.633333,0.000000
188.666667,0.000000
188.7,0.000000
188.733333,0.000000
188.766667,0.000000
188.8,0.000000
188.833333,0.000000
188.866667,0.000000
188.9,0.000000
188.933333,0.000000
188.966667,0.000000
189,0.000062
189.033333,0.000003
189.066667,0.000019
189.1,0.000007
189.133333,0.000002
189.166667,0.000001
189.2,0.000000
189.233333,0.000000
189.266667,0.000000
189.3,0.000000
189.333333,0.000000
189.366667,0.000000
189.4,0.000000
189.433333,0.000000
189.466667,0.000000
189.5,0.000000
189.533333,0.000000
189.566667,0.000000
189.6,0.000000
189.633333,0.000000
189.666667,0.000000
189.7,0.000000
189.733333,0.000000
189.766667,0.000000
189.8,0.000000
189.833333,0.000000
189.866667,0.000000
189.9,0.000000
189.933333,0.000000
189.966667,0.000000
190,0.000062
190.033333,0.000003
190.066667,0.000019
190.1,0.000007
190.133333,0.000002
190.166667,0.000001
190.2,0.000000
190.233333,0.000000
190.266667,0.000000
190.3,0.000000
190.333333,0.000000
190.366667,0.000000
190.4,0.000000
190.433333,0.073783
190.466667,0.000016
190.5,0.000007
190.533333,0.000001
190.566667,0.000000
190.6,0.000000
190.633333,0.000000
190.666667,0.000000
190.7,0.000000
190.733333,0.000000
190.766667,0.000000
190.8,0.000000
190.833333,0.000000
190.866667,0.000000
190.9,0.000000
190.933333,0.000000
190.966667,0.000000
191,0.000058
191.033333,0.000005
191.066667,0.000017
191.1,0.000006
191.133333,0.000001
191.166667,0.000000
191.2,0.000000
191.233333,0.000000
191.266667,0.000000
191.3,0.000000
191.333333,0.000000
191.366667,0.000000
191.4,0.000000
191.433333,0.000000
191.466667,0.000000
191.5,0.000000
191.533333,0.000000
191.566667,0.000000
191.6,0.000000
191.633333,0.000000
191.666667,0.000000
191.7,0.000000
191.733333,0.000000
191.766667,0.000000
191.8,0.000000
191.833333,0.025803
191.866667,0.000019
191.9,0.000008
191.933333,0.000002
191.966667,0.000000
192,0.000060
192.033333,0.000005
192.066667,0.000018
192.1,0.000007
192.133333,0.000001
192.166667,0.000000
192.2,0.000000
192.233333,0.000000
192.266667,0.000000
192.3,0.000000
192.333333,0.000000
192.366667,0.000000
192.4,0.000000
192.433333,0.000000
192.466667,0.000000
192.5,0.000000
192.533333,0.000000
192.566667,0.000000
192.6,0.000000
192.633333,0.000000
192.666667,0.000000
192.7,0.000000
192.733333,0.000000
192.766667,0.000000
192.8,0.000000
192.833333,0.000000
192.866667,0.000000
192.9,0.000000
192.933333,0.000000
192.966667,0.000000
193,0.000058
193.033333,0.000003
193.066667,0.000018
193.1,0.000007
193.133333,0.000001
193.166667,0.000000
193.2,0.000000
193.233333,0.000000
193.266667,0.000000
193.3,0.000000
193.333333,0.000000
193.366667,0.000000
193.4,0.000000
193.433333,0.000000
193.466667,0.073479
193.5,0.000023
193.533333,0.000011
193.566667,0.000002
193.6,0.000001
193.633333,0.000000
193.666667,0.000000
193.7,0.000000
193.733333,0.000000
193.766667,0.000000
193.8,0.000000
193.833333,0.000000
193.866667,0.000000
193.9,0.000000
193.933333,0.000000
193.966667,0.000000
194,0.000070
194.033333,0.000014
194.066667,0.000017
194.1,0.000007
194.133333,0.000001
194.166667,0.000000
194.2,0.000000
194.233333,0.000000
194.266667,0.000000
194.3,0.000000
194.333333,0.000000
194.366667,0.000000
194.4,0.000000
194.433333,0.000000
194.466667,0.000000
194.5,0.000000
194.533333,0.000000
194.566667,0.000000
194.6,0.000000
194.633333,0.000000
194.666667,0.000000
194.7,0.000000
194.733333,0.000000
194.766667,0.000000
194.8,0.000000
194.833333,0.000000
194.866667,0.000000
194.9,0.000000
194.933333,0.000000
194.966667,0.000000
195,0.000059
195.033333,0.000003
195.066667,0.000017
195.1,0.000007
195.133333,0.000001
195.166667,0.000000
195.2,0.000000
195.233333,0.000000
195.266667,0.000000
195.3,0.000000
195.333333,0.000000
195.366667,0.000000
195.4,0.000000
195.433333,0.000000
195.466667,0.000000
195.5,0.000000
195.533333,0.000000
195.566667,0.000000
195.6,0.000000
195.633333,0.000000
195.666667,0.000000
195.7,0.000000
195.733333,0.000000
195.766667,0.000000
195.8,0.000000
195.833333,0.000000
195.866667,0.000000
195.9,0.000000
195.933333,0.074900
195.966667,0.000015
196,0.000052
196.033333,0.000004
196.066667,0.000017
196.1,0.000007
196.133333,0.000001
196.166667,0.000000
196.2,0.000000
196.233333,0.000000
196.266667,0.000000
196.3,0.000000
196.333333,0.000000
196.366667,0.000000
196.4,0.000000
196.433333,0.000000
196.466667,0.000000
196.5,0.000000
196.533333,0.000000
196.566667,0.000000
196.6,0.000000
196.633333,0.000000
196.666667,0.029997
196.7,0.000020
196.733333,0.000008
196.766667,0.000001
196.8,0.000000
196.833333,0.000000
196.866667,0.000000
196.9,0.000000
196.933333,0.000000
196.966667,0.000000
197,0.000068
197.033333,0.000010
197.066667,0.000020
197.1,0.000008
197.133333,0.000001
197.166667,0.000000
197.2,0.000000
197.233333,0.000000
197.266667,0.000000
197.3,0.000000
197.333333,0.000000
197.366667,0.000000
197.4,0.000000
197.433333,0.000000
197.466667,0.000000
197.5,0.000000
197.533333,0.000000
197.566667,0.000000
197.6,0.000000
197.633333,0.000000
197.666667,0.000000
197.7,0.000000
197.733333,0.000000
197.766667,0.000000
197.8,0.027217
197.833333,0.000016
197.866667,0.000006
197.9,0.000001
197.933333,0.000000
197.966667,0.000000
198,0.000059
198.033333,0.000004
198.066667,0.000017
198.1,0.000007
198.133333,0.000001
198.166667,0.000000
198.2,0.000000
198.233333,0.000000
198.266667,0.000000
198.3,0.000000
198.333333,0.000000
198.366667,0.000000
198.4,0.000000
198.433333,0.000000
198.466667,0.000000
198.5,0.000000
198.533333,0.000000
198.566667,0.000000
198.6,0.000000
198.633333,0.000000
198.666667,0.000000
198.7,0.000000
198.733333,0.000000
198.766667,0.000000
198.8,0.000000
198.833333,0.000000
198.866667,0.000000
198.9,0.000000
198.933333,0.000000
198.966667,0.000000
199,0.000058
199.033333,0.000004
199.066667,0.000017
199.1,0.000007
199.133333,0.000001
199.166667,0.000000
199.2,0.000000
199.233333,0.000000
199.266667,0.000000
199.3,0.000000
199.333333,0.081712
199.366667,0.000050
199.4,0.000019
199.433333,0.000005
199.466667,0.000001
199.5,0.000000
199.533333,0.000000
199.566667,0.000000
199.6,0.000000
199.633333,0.000000
199.666667,0.000000
199.7,0.000000
199.733333,0.000000
199.766667,0.000000
199.8,0.000000
199.833333,0.000000
199.866667,0.000000
199.9,0.000000
199.933333,0.000000
199.966667,0.000000
200,0.000097
200.033333,0.000026
200.066667,0.000025
200.1,0.000011
200.133333,0.000002
200.166667,0.000000
200.2,0.000000
200.233333,0.000000
200.266667,0.000000
200.3,0.000000
200.333333,0.000000
200.366667,0.000000
200.4,0.000000
200.433333,0.000000
200.466667,0.000000
200.5,0.000000
200.533333,0.000000
200.566667,0.000000
200.6,0.000000
200.633333,0.000000
200.666667,0.000000
200.7,0.000000
200.733333,0.000000
200.766667,0.000000
200.8,0.000000
200.833333,0.000000
200.866667,0.000000
200.9,0.000000
200.933333,0.000000
200.966667,0.000000
201,0.000076
201.033333,0.000004
201.066667,0.000025
201.1,0.000011
201.133333,0.000002
201.166667,0.000000
201.2,0.000000
201.233333,0.000000
201.266667,0.000000
201.3,0.000000
201.333333,0.000000
201.366667,0.000000
201.4,0.000000
201.433333,0.000000
201.466667,0.000000
201.5,0.039969
201.533333,0.000029
201.566667,0.000014
201.6,0.000002
201.633333,0.000000
201.666667,0.000000
201.7,0.000000
201.733333,0.000000
201.766667,0.000000
201.8,0.000000
201.833333,0.000000
201.866667,0.000000
201.9,0.000000
201.933333,0.000000
201.966667,0.000000
202,0.000077
202.033333,0.000004
202.066667,0.000024
202.1,0.000010
202.133333,0.000002
202.166667,0.000001
202.2,0.000000
202.233333,0.000000
202.266667,0.000000
202.3,0.000000
202.333333,0.000000
202.366667,0.000000
202.4,0.000000
202.433333,0.000000
202.466667,0.000000
202.5,0.000000
202.533333,0.000000
202.566667,0.000000
202.6,0.000000
202.633333,0.000000
202.666667,0.000000
202.7,0.000000
202.733333,0.000000
202.766667,0.000000
202.8,0.000000
202.833333,0.000000
202.866667,0.000000
202.9,0.000000
202.933333,0.000000
202.966667,0.000000
203,0.000078
203.033333,0.000004
203.066667,0.000024
203.1,0.000010
203.133333,0.000002
203.166667,0.000001
203.2,0.000000
203.233333,0.000000
203.266667,0.000000
203.3,0.000000
203.333333,0.000000
203.366667,0.000000
203.4,0.000000
203.433333,0.000000
203.466667,0.000000
203.5,0.000000
203.533333,0.000000
203.566667,0.000000
203.6,0.000000
203.633333,0.000000
203.666667,0.000000
203.7,0.000000
203.733333,0.000000
203.766667,0.000000
203.8,0.159124
203.833333,0.000040
203.866667,0.000012
203.9,0.000004
203.933333,0.000001
203.966667,0.000000
204,0.000064
204.033333,0.000020
204.066667,0.000013
204.1,0.000006
204.133333,0.000001
204.166667,0.000000
204.2,0.000000
204.233333,0.000000
204.266667,0.000000
204.3,0.000000
204.333333,0.000000
204.366667,0.000000
204.4,0.000000
204.433333,0.000000
204.466667,0.000000
204.5,0.000000
204.533333,0.000000
204.566667,0.000000
204.6,0.000000
204.633333,0.000000
204.666667,0.000000
204.7,0.000000
204.733333,0.000000
204.766667,0.000000
204.8,0.000000
204.833333,0.000000
204.866667,0.000000
204.9,0.000000
204.933333,0.000000
204.966667,0.000000
205,0.000046
205.033333,0.000002
205.066667,0.000013
205.1,0.000006
205.133333,0.000001
205.166667,0.000000
205.2,0.000000
205.233333,0.000000
205.266667,0.000000
205.3,0.040681
205.333333,0.000020
205.366667,0.000010
205.4,0.000001
205.433333,0.000001
205.466667,0.000000
205.5,0.000000
205.533333,0.000000
205.566667,0.000000
205.6,0.000000
205.633333,0.000000
205.666667,0.000000
205.7,0.000000
205.733333,0.000000
205.766667,0.000000
205.8,0.000000
205.833333,0.000000
205.866667,0.000000
205.9,0.000000
205.933333,0.000000
205.966667,0.000000
206,0.000056
206.033333,0.000010
206.066667,0.000016
206.1,0.000007
206.133333,0.000001
206.166667,0.000000
206.2,0.000000
206.233333,0.000000
206.266667,0.000000
206.3,0.000000
206.333333,0.000000
206.366667,0.000000
206.4,0.000000
206.433333,0.000000
206.466667,0.000000
206.5,0.000000
206.533333,0.000000
206.566667,0.000000
206.6,0.000000
206.633333,0.000000
206.666667,0.000000
206.7,0.000000
206.733333,0.000000
206.766667,0.000000
206.8,0.000000
206.833333,0.000000
206.866667,0.000000
206.9,0.000000
206.933333,0.000000
206.966667,0.000000
207,0.000048
207.033333,0.000002
207.066667,0.000016
207.1,0.000007
207.133333,0.000001
207.166667,0.000000
207.2,0.000000
207.233333,0.000000
207.266667,0.000000
207.3,0.000000
207.333333,0.000000
207.366667,0.000000
207.4,0.000000
207.433333,0.000000
207.466667,0.000000
207.5,0.000000
207.533333,0.050929
207.566667,0.000012
207.6,0.000006
207.633333,0.000001
207.666667,0.000000
207.7,0.000000
207.733333,0.000000
207.766667,0.000000
207.8,0.000000
207.833333,0.000000
207.866667,0.000000
207.9,0.000000
207.933333,0.000000
207.966667,0.000000
208,0.000041
208.033333,0.000002
208.066667,0.000011
208.1,0.000005
208.133333,0.000000
208.166667,0.000000
208.2,0.000000
208.233333,0.000000
208.266667,0.099879
208.3,0.000030
208.333333,0.000010
208.366667,0.000003
208.4,0.000000
208.433333,0.000000
208.466667,0.000000
208.5,0.000000
208.533333,0.000000
208.566667,0.000000
208.6,0.000000
208.633333,0.000000
208.666667,0.000000
208.7,0.000000
208.733333,0.000000
208.766667,0.000000
208.8,0.000000
208.833333,0.000000
208.866667,0.000000
208.9,0.000000
208.933333,0.000000
208.966667,0.066481
209,0.000064
209.033333,0.000002
209.066667,0.000017
209.1,0.000007
209.133333,0.000001
209.166667,0.000000
209.2,0.000000
209.233333,0.000000
209.266667,0.000000
209.3,0.000000
209.333333,0.000000
209.366667,0.000000
209.4,0.000000
209.433333,0.000000
209.466667,0.000000
209.5,0.000000
209.533333,0.000000
209.566667,0.000000
209.6,0.000000
209.633333,0.000000
209.666667,0.000000
209.7,0.000000
209.733333,0.000000
209.766667,0.000000
209.8,0.000000
209.833333,0.000000
209.866667,0.000000
209.9,0.000000
209.933333,0.000000
209.966667,0.000000
210,0.000054
210.033333,0.000002
210.066667,0.000017
210.1,0.000007
210.133333,0.000001
210.166667,0.000000
210.2,0.000000
210.233333,0.000000
210.266667,0.000000
210.3,0.000000
210.333333,0.000000
210.366667,0.000000
210.4,0.000000
210.433333,0.000000
210.466667,0.000000
210.5,0.000000
210.533333,0.000000
210.566667,0.000000
210.6,0.000000
210.633333,0.000000
210.666667,0.000000
210.7,0.000000
210.733333,0.000000
210.766667,0.000000
210.8,0.000000
210.833333,0.000000
210.866667,0.000000
210.9,0.000000
210.933333,0.000000
210.966667,0.000000
211,0.000054
211.033333,0.000002
211.066667,0.000017
211.1,0.000007
211.133333,0.000001
211.166667,0.000000
211.2,0.000000
211.233333,0.000000
211.266667,0.000000
211.3,0.000000
211.333333,0.000000
211.366667,0.000000
211.4,0.000000
211.433333,0.000000
211.466667,0.000000
211.5,0.000000
211.533333,0.055465
211.566667,0.000020
211.6,0.000010
211.633333,0.000002
211.666667,0.000000
211.7,0.000000
211.733333,0.000000
211.766667,0.000000
211.8,0.000000
211.833333,0.000000
211.866667,0.000000
211.9,0.000000
211.933333,0.000000
211.966667,0.000000
212,0.000057
212.033333,0.000009
212.066667,0.000016
212.1,0.000006
212.133333,0.000001
212.166667,0.000000
212.2,0.000000
212.233333,0.000000
212.266667,0.000000
212.3,0.000000
212.333333,0.000000
212.366667,0.000000
212.4,0.000000
212.433333,0.000000
212.466667,0.000000
212.5,0.000000
212.533333,0.000000
212.566667,0.000000
212.6,0.000000
212.633333,0.000000
212.666667,0.000000
212.7,0.000000
212.733333,0.000000
212.766667,0.000000
212.8,0.000000
212.833333,0.000000
212.866667,0.000000
212.9,0.000000
212.933333,0.000000
212.966667,0.000000
213,0.000050
213.033333,0.000002
213.066667,0.000016
213.1,0.000006
213.133333,0.000001
213.166667,0.000000
213.2,0.000000
213.233333,0.000000
213.266667,0.000000
213.3,0.000000
213.333333,0.068970
213.366667,0.000025
213.4,0.000012
213.433333,0.000002
213.466667,0.000000
213.5,0.000000
213.533333,0.000000
213.566667,0.000000
213.6,0.000000
213.633333,0.000000
213.666667,0.000000
213.7,0.000000
213.733333,0.000000
213.766667,0.000000
213.8,0.000000
213.833333,0.000000
213.866667,0.000000
213.9,0.000000
213.933333,0.000000
213.966667,0.000000
214,0.000061
214.033333,0.000009
214.066667,0.000018
214.1,0.000007
214.133333,0.000001
214.166667,0.000000
214.2,0.000000
214.233333,0.000000
214.266667,0.000000
214.3,0.000000
214.333333,0.000000
214.366667,0.000000
214.4,0.000000
214.433333,0.000000
214.466667,0.000000
214.5,0.000000
214.533333,0.000000
214.566667,0.000000
214.6,0.000000
214.633333,0.000000
214.666667,0.000000
214.7,0.000000
214.733333,0.000000
214.766667,0.000000
214.8,0.000000
214.833333,0.000000
214.866667,0.000000
214.9,0.000000
214.933333,0.000000
214.966667,0.000000
215,0.000054
215.033333,0.000002
215.066667,0.000018
215.1,0.000007
215.133333,0.000001
215.166667,0.000000
215.2,0.000000
215.233333,0.000000
215.266667,0.000000
215.3,0.000000
215.333333,0.000000
215.366667,0.000000
215.4,0.000000
215.433333,0.000000
215.466667,0.000000
215.5,0.000000
215.533333,0.000000
215.566667,0.000000
215.6,0.000000
215.633333,0.000000
215.666667,0.000000
215.7,0.000000
215.733333,0.000000
215.766667,0.000000
215.8,0.000000
215.833333,0.000000
215.866667,0.000000
215.9,0.000000
215.933333,0.000000
215.966667,0.000000
216,0.000054
216.033333,0.000002
216.066667,0.000018
216.1,0.000007
216.133333,0.000001
216.166667,0.000000
216.2,0.119888
216.233333,0.000012
216.266667,0.000006
216.3,0.000001
216.333333,0.000000
216.366667,0.000000
216.4,0.000000
216.433333,0.000000
216.466667,0.000000
216.5,0.000000
216.533333,0.000000
216.566667,0.000000
216.6,0.000000
216.633333,0.000000
216.666667,0.000000
216.7,0.000000
216.733333,0.000000
216.766667,0.000000
216.8,0.000000
216.833333,0.000000
216.866667,0.000000
216.9,0.000000
216.933333,0.000000
216.966667,0.000000
217,0.000046
217.033333,0.000006
217.066667,0.000011
217.1,0.000005
217.133333,0.000001
217.166667,0.000000
217.2,0.050605
217.233333,0.000018
217.266667,0.000009
217.3,0.000001
217.333333,0.000000
217.366667,0.000000
217.4,0.000000
217.433333,0.000000
217.466667,0.000000
217.5,0.000000
217.533333,0.000000
217.566667,0.000000
217.6,0.000000
217.633333,0.000000
217.666667,0.000000
217.7,0.000000
217.733333,0.000000
217.766667,0.000000
217.8,0.000000
217.833333,0.000000
217.866667,0.000000
217.9,0.000000
217.933333,0.000000
217.966667,0.000000
218,0.000050
218.033333,0.000005
218.066667,0.000014
218.1,0.000006
218.133333,0.000001
218.166667,0.000000
218.2,0.000000
218.233333,0.000000
218.266667,0.000000
218.3,0.000000
218.333333,0.000000
218.366667,0.000000
218.4,0.000000
218.433333,0.000000
218.466667,0.000000
218.5,0.000000
218.533333,0.000000
218.566667,0.000000
218.6,0.000000
218.633333,0.000000
218.666667,0.000000
218.7,0.000000
218.733333,0.000000
218.766667,0.000000
218.8,0.000000
218.833333,0.000000
218.866667,0.000000
218.9,0.000000
218.933333,0.000000
218.966667,0.000000
219,0.000048
219.033333,0.000002
219.066667,0.000014
219.1,0.000006
219.133333,0.000001
219.166667,0.000000
219.2,0.000000
219.233333,0.000000
219.266667,0.000000
219.3,0.000000
219.333333,0.000000
219.366667,0.000000
219.4,0.000000
219.433333,0.000000
219.466667,0.035946
219.5,0.000742
219.533333,0.000357
219.566667,0.000245
219.6,0.000144
219.633333,0.000260
219.666667,0.000274
219.7,0.000356
219.733333,0.000002
219.766667,0.000057
219.8,0.000183
219.833333,0.000139
219.866667,0.000302
219.9,0.000225
219.933333,0.000129
219.966667,0.000007
220,0.000121
220.033333,0.000228
220.066667,0.000025
220.1,0.000043
220.133333,0.000354
220.166667,0.000171
220.2,0.000365
220.233333,0.000415
220.266667,0.000282
220.3,0.000001
220.333333,0.000089
220.366667,0.000256
220.4,0.000035
220.433333,0.000030
220.466667,0.000022
220.5,0.000003
220.533333,0.000079
220.566667,0.000014
220.6,0.000006
220.633333,0.000018
220.666667,0.000025
220.7,0.000011
220.733333,0.000032
220.766667,0.000005
220.8,0.000007
220.833333,0.000000
220.866667,0.000023
220.9,0.000019
220.933333,0.000018
220.966667,0.000004
221,0.000118
221.033333,0.000023
221.066667,0.000057
221.1,0.000041
221.133333,0.000008
221.166667,0.000001
221.2,0.052211
221.233333,0.000164
221.266667,0.000010
221.3,0.000017
221.333333,0.000002
221.366667,0.000020
221.4,0.000000
221.433333,0.000019
221.466667,0.000009
221.5,0.000000
221.533333,0.000000
221.566667,0.000000
221.6,0.000000
221.633333,0.000000
221.666667,0.000000
221.7,0.000000
221.733333,0.000000
221.766667,0.000000
221.8,0.000000
221.833333,0.000000
221.866667,0.000000
221.9,0.000000
221.933333,0.000000
221.966667,0.000000
222,0.000083
222.033333,0.000011
222.066667,0.000022
222.1,0.077448
222.133333,0.000018
222.166667,0.000007
222.2,0.000002
222.233333,0.000000
222.266667,0.000000
222.3,0.000000
222.333333,0.000000
222.366667,0.000000
222.4,0.000000
222.433333,0.000000
222.466667,0.000000
222.5,0.000000
222.533333,0.000000
222.566667,0.000000
222.6,0.000000
222.633333,0.000000
222.666667,0.000000
222.7,0.000000
222.733333,0.000000
222.766667,0.000000
222.8,0.000000
222.833333,0.000000
222.866667,0.000000
222.9,0.000000
222.933333,0.000000
222.966667,0.000000
223,0.000078
223.033333,0.000006
223.066667,0.000021
223.1,0.000011
223.133333,0.000001
223.166667,0.000000
223.2,0.000000
223.233333,0.000000
223.266667,0.000000
223.3,0.000000
223.333333,0.000000
223.366667,0.000000
223.4,0.000000
223.433333,0.000000
223.466667,0.000000
223.5,0.000000
223.533333,0.000000
223.566667,0.000000
223.6,0.000000
223.633333,0.000000
223.666667,0.000000
223.7,0.000000
223.733333,0.000000
223.766667,0.000000
223.8,0.000000
223.833333,0.000000
223.866667,0.000000
223.9,0.000000
223.933333,0.000000
223.966667,0.000000
224,0.000076
224.033333,0.000003
224.066667,0.000021
224.1,0.000011
224.133333,0.000001
224.166667,0.000000
224.2,0.000000
224.233333,0.000000
224.266667,0.000000
224.3,0.000000
224.333333,0.000000
224.366667,0.000000
224.4,0.000000
224.433333,0.000000
224.466667,0.000000
224.5,0.000000
224.533333,0.000000
224.566667,0.206785
224.6,0.000064
224.633333,0.000018
224.666667,0.000007
224.7,0.000001
224.733333,0.000000
224.766667,0.000000
224.8,0.000000
224.833333,0.000000
224.866667,0.000000
224.9,0.000000
224.933333,0.000000
224.966667,0.000000
225,0.000094
225.033333,0.000027
225.066667,0.000019
225.1,0.000009
225.133333,0.000001
225.166667,0.000000
225.2,0.000000
225.233333,0.000000
225.266667,0.000000
225.3,0.000000
225.333333,0.000000
225.366667,0.000000
225.4,0.000000
225.433333,0.000000
225.466667,0.000000
225.5,0.000000
225.533333,0.000000
225.566667,0.000000
225.6,0.000000
225.633333,0.000000
225.666667,0.000000
225.7,0.000000
225.733333,0.000000
225.766667,0.000000
225.8,0.000000
225.833333,0.000000
225.866667,0.000000
225.9,0.000000
225.933333,0.000000
225.966667,0.054391
226,0.000077
226.033333,0.000003
226.066667,0.000019
226.1,0.000009
226.133333,0.000001
226.166667,0.000000
226.2,0.000000
226.233333,0.000000
226.266667,0.000000
226.3,0.000000
226.333333,0.000000
226.366667,0.000000
226.4,0.000000
226.433333,0.000000
226.466667,0.000000
226.5,0.000000
226.533333,0.000000
226.566667,0.000000
226.6,0.000000
226.633333,0.000000
226.666667,0.000000
226.7,0.000000
226.733333,0.000000
226.766667,0.000000
226.8,0.000000
226.833333,0.000000
226.866667,0.000000
226.9,0.000000
226.933333,0.000000
226.966667,0.000000
227,0.000072
227.033333,0.000002
227.066667,0.000019
227.1,0.000009
227.133333,0.000001
227.166667,0.000000
227.2,0.000000
227.233333,0.000000
227.266667,0.000000
227.3,0.000000
227.333333,0.000000
227.366667,0.000000
227.4,0.000000
227.433333,0.000000
227.466667,0.000000
227.5,0.000000
227.533333,0.000000
227.566667,0.000000
227.6,0.000000
227.633333,0.000000
227.666667,0.000000
227.7,0.000000
227.733333,0.000000
227.766667,0.000000
227.8,0.000000
227.833333,0.000000
227.866667,0.000000
227.9,0.000000
227.933333,0.000000
227.966667,0.000000
228,0.000072
228.033333,0.000002
228.066667,0.000019
228.1,0.000009
228.133333,0.048363
228.166667,0.000016
228.2,0.000007
228.233333,0.000001
228.266667,0.000000
228.3,0.000000
228.333333,0.000000
228.366667,0.000000
228.4,0.000000
228.433333,0.000000
228.466667,0.000000
228.5,0.000000
228.533333,0.000000
228.566667,0.000000
228.6,0.000000
228.633333,0.000000
228.666667,0.000000
228.7,0.000000
228.733333,0.000000
228.766667,0.000000
228.8,0.000000
228.833333,0.000000
228.866667,0.000000
228.9,0.000000
228.933333,0.000000
228.966667,0.000000
229,0.000067
229.033333,0.000004
229.066667,0.000017
229.1,0.000008
229.133333,0.000000
229.166667,0.000000
229.2,0.000000
229.233333,0.000000
229.266667,0.000000
229.3,0.000000
229.333333,0.000000
229.366667,0.000000
229.4,0.000000
229.433333,0.000000
229.466667,0.000000
229.5,0.000000
229.533333,0.000000
229.566667,0.000000
229.6,0.000000
229.633333,0.000000
229.666667,0.000000
229.7,0.000000
229.733333,0.000000
229.766667,0.000000
229.8,0.000000
229.833333,0.000000
229.866667,0.000000
229.9,0.000000
229.933333,0.038482
229.966667,0.000012
230,0.000061
230.033333,0.000005
230.066667,0.000015
230.1,0.000007
230.133333,0.000000
230.166667,0.000000
230.2,0.000000
230.233333,0.000000
230.266667,0.000000
230.3,0.000000
230.333333,0.000000
230.366667,0.000000
230.4,0.000000
230.433333,0.000000
230.466667,0.000000
230.5,0.000000
230.533333,0.000000
230.566667,0.000000
230.6,0.000000
230.633333,0.000000
230.666667,0.000000
230.7,0.000000
230.733333,0.000000
230.766667,0.000000
230.8,0.000000
230.833333,0.000000
230.866667,0.000000
230.9,0.000000
230.933333,0.000000
230.966667,0.000000
231,0.000062
231.033333,0.000002
231.066667,0.000015
231.1,0.000007
231.133333,0.058895
231.166667,0.000019
231.2,0.000008
231.233333,0.000002
231.266667,0.000000
231.3,0.000000
231.333333,0.000000
231.366667,0.000000
231.4,0.000000
231.433333,0.000000
231.466667,0.000000
231.5,0.000000
231.533333,0.000000
231.566667,0.000000
231.6,0.000000
231.633333,0.000000
231.666667,0.000000
231.7,0.000000
231.733333,0.000000
231.766667,0.000000
231.8,0.000000
231.833333,0.000000
231.866667,0.000000
231.9,0.000000
231.933333,0.000000
231.966667,0.000000
232,0.000075
232.033333,0.000008
232.066667,0.000018
232.1,0.000009
232.133333,0.000001
232.166667,0.000000
232.2,0.000000
232.233333,0.000000
232.266667,0.000000
232.3,0.000000
232.333333,0.000000
232.366667,0.000000
232.4,0.000000
232.433333,0.000000
232.466667,0.000000
232.5,0.000000
232.533333,0.000000
232.566667,0.000000
232.6,0.000000
232.633333,0.000000
232.666667,0.000000
232.7,0.000000
232.733333,0.000000
232.766667,0.000000
232.8,0.000000
232.833333,0.000000
232.866667,0.000000
232.9,0.000000
232.933333,0.000000
232.966667,0.000000
233,0.000069
233.033333,0.000002
233.066667,0.000018
233.1,0.000009
233.133333,0.000001
233.166667,0.000000
233.2,0.000000
233.233333,0.000000
233.266667,0.000000
233.3,0.000000
233.333333,0.000000
233.366667,0.000000
233.4,0.000000
233.433333,0.000000
233.466667,0.000000
233.5,0.000000
233.533333,0.000000
233.566667,0.174158
233.6,0.000059
233.633333,0.000019
233.666667,0.000008
233.7,0.000001
233.733333,0.000001
233.766667,0.000000
233.8,0.000000
233.833333,0.000000
233.866667,0.000000
233.9,0.000000
233.933333,0.000000
233.966667,0.000000
234,0.000075
234.033333,0.000014
234.066667,0.000021
234.1,0.000009
234.133333,0.000001
234.166667,0.000001
234.2,0.000000
234.233333,0.000000
234.266667,0.000000
234.3,0.000000
234.333333,0.000000
234.366667,0.000000
234.4,0.000000
234.433333,0.000000
234.466667,0.000000
234.5,0.000000
234.533333,0.000000
234.566667,0.000000
234.6,0.000000
234.633333,0.000000
234.666667,0.000000
234.7,0.000000
234.733333,0.000000
234.766667,0.000000
234.8,0.000000
234.833333,0.000000
234.866667,0.000000
234.9,0.000000
234.933333,0.000000
234.966667,0.000000
235,0.000064
235.033333,0.000003
235.066667,0.000021
235.1,0.000009
235.133333,0.000001
235.166667,0.000001
235.2,0.039343
235.233333,0.000019
235.266667,0.000009
235.3,0.000001
235.333333,0.000000
235.366667,0.000000
235.4,0.000000
235.433333,0.000000
235.466667,0.000000
235.5,0.000000
235.533333,0.000000
235.566667,0.000000
235.6,0.000000
235.633333,0.000000
235.666667,0.000000
235.7,0.000000
235.733333,0.000000
235.766667,0.000000
235.8,0.000000
235.833333,0.000000
235.866667,0.000000
235.9,0.000000
235.933333,0.000000
235.966667,0.000000
236,0.000062
236.033333,0.000005
236.066667,0.000018
236.1,0.000008
236.133333,0.000001
236.166667,0.000000
236.2,0.000000
236.233333,0.000000
236.266667,0.000000
236.3,0.000000
236.333333,0.000000
236.366667,0.000000
236.4,0.000000
236.433333,0.000000
236.466667,0.000000
236.5,0.000000
236.533333,0.000000
236.566667,0.000000
236.6,0.000000
236.633333,0.000000
236.666667,0.000000
236.7,0.000000
236.733333,0.000000
236.766667,0.000000
236.8,0.000000
236.833333,0.000000
236.866667,0.000000
236.9,0.000000
236.933333,0.000000
236.966667,0.000000
237,0.000060
237.033333,0.000003
237.066667,0.000018
237.1,0.000008
237.133333,0.000001
237.166667,0.000000
237.2,0.000000
237.233333,0.000000
237.266667,0.000000
237.3,0.000000
237.333333,0.000000
237.366667,0.000000
237.4,0.000000
237.433333,0.034185
237.466667,0.000016
237.5,0.000006
237.533333,0.000001
237.566667,0.000000
237.6,0.000000
237.633333,0.000000
237.666667,0.000000
237.7,0.000000
237.733333,0.000000
237.766667,0.000000
237.8,0.000000
237.833333,0.000000
237.866667,0.000000
237.9,0.000000
237.933333,0.000000
237.966667,0.000000
238,0.000059
238.033333,0.000005
238.066667,0.000017
238.1,0.000008
238.133333,0.000001
238.166667,0.000001
238.2,0.000000
238.233333,0.000000
238.266667,0.000000
238.3,0.000000
238.333333,0.000000
238.366667,0.000000
238.4,0.000000
238.433333,0.000000
238.466667,0.000000
238.5,0.000000
238.533333,0.000000
238.566667,0.000000
238.6,0.000000
238.633333,0.000000
238.666667,0.000000
238.7,0.000000
238.733333,0.000000
238.766667,0.000000
238.8,0.000000
238.833333,0.000000
238.866667,0.000000
238.9,0.000000
238.933333,0.000000
238.966667,0.000000
239,0.000058
239.033333,0.000003
239.066667,0.000017
239.1,0.000008
239.133333,0.000001
239.166667,0.000001
239.2,0.000000
239.233333,0.000000
239.266667,0.000000
239.3,0.000000
239.333333,0.000000
239.366667,0.000000
239.4,0.000000
239.433333,0.000000
239.466667,0.299008
239.5,0.000225
239.533333,0.000588
239.566667,0.000042
239.6,0.000146
239.633333,0.000032
239.666667,0.000011
239.7,0.000002
239.733333,0.000458
239.766667,0.000346
239.8,0.000287
239.833333,0.000169
239.866667,0.000018
239.9,0.000019
239.933333,0.000010
239.966667,0.000054
240,0.000940
240.033333,0.000423
240.066667,0.000135
240.1,0.000061
240.133333,0.000011
240.166667,0.000004
240.2,0.000000
240.233333,0.000000
240.266667,0.000000
240.3,0.000000
240.333333,0.000000
240.366667,0.000000
240.4,0.000000
240.433333,0.000000
240.466667,0.000000
240.5,0.000000
240.533333,0.000000
240.566667,0.000000
240.6,0.000000
240.633333,0.000000
240.666667,0.000000
240.7,0.000000
240.733333,0.000000
240.766667,0.000000
240.8,0.000000
240.833333,0.000000
240.866667,0.000000
240.9,0.000000
240.933333,0.000000
240.966667,0.000000
241,0.000385
241.033333,0.000020
241.066667,0.000135
241.1,0.000061
241.133333,0.000011
241.166667,0.000004
241.2,0.000000
241.233333,0.000000
241.266667,0.000000
241.3,0.000000
241.333333,0.000000
241.366667,0.000000
241.4,0.000000
241.433333,0.000000
241.466667,0.000000
241.5,0.000000
241.533333,0.000000
241.566667,0.000000
241.6,0.000000
241.633333,0.000000
241.666667,0.000000
241.7,0.000000
241.733333,0.000000
241.766667,0.000000
241.8,0.000000
241.833333,0.000000
241.866667,0.000000
241.9,0.000000
241.933333,0.000000
241.966667,0.000000
242,0.000385
242.033333,0.000020
242.066667,0.000135
242.1,0.000061
242.133333,0.000011
242.166667,0.000004
242.2,0.000000
242.233333,0.000000
242.266667,0.000000
242.3,0.000000
242.333333,0.000000
242.366667,0.000000
242.4,0.000000
242.433333,0.000000
242.466667,0.346456
242.5,0.000143
242.533333,0.000062
242.566667,0.000020
242.6,0.000008
242.633333,0.000001
242.666667,0.000000
242.7,0.000000
242.733333,0.000000
242.766667,0.000000
242.8,0.000000
242.833333,0.000000
242.866667,0.000000
242.9,0.000000
242.933333,0.000000
242.966667,0.000000
243,0.000149
243.033333,0.000069
243.066667,0.000026
243.1,0.000013
243.133333,0.000002
243.166667,0.000000
243.2,0.000000
243.233333,0.000000
243.266667,0.000000
243.3,0.000000
243.333333,0.000000
243.366667,0.000000
243.4,0.000000
243.433333,0.000000
243.466667,0.000000
243.5,0.000000
243.533333,0.000000
243.566667,0.000000
243.6,0.000000
243.633333,0.000000
243.666667,0.000000
243.7,0.000000
243.733333,0.000000
243.766667,0.000000
243.8,0.000000
243.833333,0.000000
243.866667,0.000000
243.9,0.000000
243.933333,0.000000
243.966667,0.000000
244,0.000084
244.033333,0.000004
244.066667,0.000026
244.1,0.000013
244.133333,0.000002
244.166667,0.000000
244.2,0.000000
244.233333,0.000000
244.266667,0.000000
244.3,0.000000
244.333333,0.000000
244.366667,0.000000
244.4,0.000000
244.433333,0.000000
244.466667,0.000000
244.5,0.000000
244.533333,0.000000
244.566667,0.033604
244.6,0.000017
244.633333,0.000006
244.666667,0.000002
244.7,0.000000
244.733333,0.000000
244.766667,0.000000
244.8,0.000000
244.833333,0.000000
244.866667,0.000000
244.9,0.000000
244.933333,0.000000
244.966667,0.000000
245,0.000082
245.033333,0.000005
245.066667,0.000024
245.1,0.000012
245.133333,0.000002
245.166667,0.000001
245.2,0.000000
245.233333,0.000000
245.266667,0.000000
245.3,0.000000
245.333333,0.000000
245.366667,0.000000
245.4,0.000000
245.433333,0.000000
245.466667,0.000000
245.5,0.000000
245.533333,0.000000
245.566667,0.000000
245.6,0.000000
245.633333,0.000000
245.666667,0.000000
245.7,0.000000
245.733333,0.000000
245.766667,0.000000
245.8,0.000000
245.833333,0.000000
245.866667,0.000000
245.9,0.000000
245.933333,0.000000
245.966667,0.000000
246,0.000080
246.033333,0.000003
246.066667,0.000024
246.1,0.000012
246.133333,0.000002
246.166667,0.000001
246.2,0.000000
246.233333,0.000000
246.266667,0.000000
246.3,0.000000
246.333333,0.000000
246.366667,0.000000
246.4,0.000000
246.433333,0.000000
246.466667,0.000000
246.5,0.000000
246.533333,0.000000
246.566667,0.000000
246.6,0.000000
246.633333,0.000000
246.666667,0.000000
246.7,0.000000
246.733333,0.051922
246.766667,0.000016
246.8,0.000004
246.833333,0.000001
246.866667,0.000000
246.9,0.000000
246.933333,0.000000
246.966667,0.000000
247,0.000079
247.033333,0.000005
247.066667,0.000025
247.1,0.000012
247.133333,0.000002
247.166667,0.000000
247.2,0.000000
247.233333,0.000000
247.266667,0.000000
247.3,0.000000
247.333333,0.000000
247.366667,0.000000
247.4,0.000000
247.433333,0.000000
247.466667,0.000000
247.5,0.000000
247.533333,0.000000
247.566667,0.000000
247.6,0.000000
247.633333,0.000000
247.666667,0.000000
247.7,0.000000
247.733333,0.000000
247.766667,0.000000
247.8,0.000000
247.833333,0.000000
247.866667,0.000000
247.9,0.000000
247.933333,0.000000
247.966667,0.000000
248,0.047664
248.033333,0.000085
248.066667,0.000024
248.1,0.000012
248.133333,0.000002
248.166667,0.000000
248.2,0.000000
248.233333,0.000000
248.266667,0.000000
248.3,0.000000
248.333333,0.000000
248.366667,0.000000
248.4,0.000000
248.433333,0.000000
248.466667,0.000000
248.5,0.000000
248.533333,0.000000
248.566667,0.000000
248.6,0.000000
248.633333,0.000000
248.666667,0.000000
248.7,0.000000
248.733333,0.000000
248.766667,0.000000
248.8,0.000000
248.833333,0.000000
248.866667,0.000000
248.9,0.000000
248.933333,0.000000
248.966667,0.000000
249,0.000078
249.033333,0.000004
249.066667,0.000024
249.1,0.000012
249.133333,0.000002
249.166667,0.000000
249.2,0.000000
249.233333,0.000000
249.266667,0.000000
249.3,0.000000
249.333333,0.000000
249.366667,0.000000
249.4,0.000000
249.433333,0.000000
249.466667,0.000000
249.5,0.000000
249.533333,0.000000
249.566667,0.000000
249.6,0.000000
249.633333,0.000000
249.666667,0.000000
249.7,0.000000
249.733333,0.000000
249.766667,0.000000
249.8,0.043550
249.833333,0.000022
249.866667,0.000008
249.9,0.000002
249.933333,0.000000
249.966667,0.000000
250,0.000088
250.033333,0.000008
250.066667,0.000027
250.1,0.000013
250.133333,0.000002
250.166667,0.000000
250.2,0.000000
250.233333,0.000000
250.266667,0.000000
250.3,0.000000
250.333333,0.000000
250.366667,0.000000
250.4,0.000000
250.433333,0.000000
250.466667,0.000000
250.5,0.000000
250.533333,0.000000
250.566667,0.000000
250.6,0.000000
250.633333,0.000000
250.666667,0.000000
250.7,0.000000
250.733333,0.000000
250.766667,0.000000
250.8,0.000000
250.833333,0.000000
250.866667,0.000000
250.9,0.000000
250.933333,0.000000
250.966667,0.000000
251,0.000084
251.033333,0.000004
251.066667,0.000027
251.1,0.000013
251.133333,0.000002
251.166667,0.000000
251.2,0.000000
251.233333,0.000000
251.266667,0.000000
251.3,0.000000
251.333333,0.000000
251.366667,0.000000
251.4,0.000000
251.433333,0.000000
251.466667,0.000000
251.5,0.000000
251.533333,0.000000
251.566667,0.000000
251.6,0.000000
251.633333,0.000000
251.666667,0.000000
251.7,0.000000
251.733333,0.000000
251.766667,0.000000
251.8,0.033616
251.833333,0.000026
251.866667,0.000011
251.9,0.000001
251.933333,0.000000
251.966667,0.000000
252,0.000092
252.033333,0.000009
252.066667,0.000029
252.1,0.000013
252.133333,0.000002
252.166667,0.000000
252.2,0.000000
252.233333,0.000000
252.266667,0.000000
252.3,0.000000
252.333333,0.000000
252.366667,0.000000
252.4,0.000000
252.433333,0.000000
252.466667,0.000000
252.5,0.000000
252.533333,0.000000
252.566667,0.000000
252.6,0.000000
252.633333,0.000000
252.666667,0.000000
252.7,0.000000
252.733333,0.000000
252.766667,0.000000
252.8,0.000000
252.833333,0.000000
252.866667,0.000000
252.9,0.000000
252.933333,0.000000
252.966667,0.000000
253,0.000087
253.033333,0.000004
253.066667,0.000029
253.1,0.000013
253.133333,0.000002
253.166667,0.000000
253.2,0.000000
253.233333,0.000000
253.266667,0.000000
253.3,0.000000
253.333333,0.000000
253.366667,0.000000
253.4,0.000000
253.433333,0.000000
253.466667,0.000000
253.5,0.000000
253.533333,0.000000
253.566667,0.000000
253.6,0.000000
253.633333,0.000000
253.666667,0.000000
253.7,0.032901
253.733333,0.013942
253.766667,0.000018
253.8,0.000004
253.833333,0.000000
253.866667,0.000000
253.9,0.000000
253.933333,0.000000
253.966667,0.000000
254,0.000101
254.033333,0.000014
254.066667,0.000030
254.1,0.000014
254.133333,0.000002
254.166667,0.000000
254.2,0.000000
254.233333,0.000000
254.266667,0.000000
254.3,0.000000
254.333333,0.000000
254.366667,0.000000
254.4,0.000000
254.433333,0.000000
254.466667,0.000000
254.5,0.000000
254.533333,0.000000
254.566667,0.000000
254.6,0.000000
254.633333,0.000000
254.666667,0.000000
254.7,0.000000
254.733333,0.000000
254.766667,0.000000
254.8,0.000000
254.833333,0.000000
254.866667,0.000000
254.9,0.000000
254.933333,0.000000
254.966667,0.000000
255,0.000090
255.033333,0.000004
255.066667,0.000030
255.1,0.000014
255.133333,0.000002
255.166667,0.000000
255.2,0.000000
255.233333,0.000000
255.266667,0.000000
255.3,0.000000
255.333333,0.000000
255.366667,0.000000
255.4,0.000000
255.433333,0.000000
255.466667,0.000000
255.5,0.000000
255.533333,0.000000
255.566667,0.000000
255.6,0.000000
255.633333,0.000000
255.666667,0.000000
255.7,0.000000
255.733333,0.047949
255.766667,0.000025
255.8,0.000010
255.833333,0.000001
255.866667,0.000000
255.9,0.000000
255.933333,0.000000
255.966667,0.000000
256,0.000091
256.033333,0.000006
256.066667,0.000029
256.1,0.000013
256.133333,0.000002
256.166667,0.000000
256.2,0.000000
256.233333,0.000000
256.266667,0.000000
256.3,0.000000
256.333333,0.000000
256.366667,0.000000
256.4,0.000000
256.433333,0.000000
256.466667,0.000000
256.5,0.000000
256.533333,0.000000
256.566667,0.000000
256.6,0.000000
256.633333,0.000000
256.666667,0.000000
256.7,0.000000
256.733333,0.000000
256.766667,0.000000
256.8,0.000000
256.833333,0.000000
256.866667,0.000000
256.9,0.000000
256.933333,0.000000
256.966667,0.000000
257,0.000088
257.033333,0.000003
257.066667,0.000029
257.1,0.000013
257.133333,0.000002
257.166667,0.000000
257.2,0.000000
257.233333,0.000000
257.266667,0.000000
257.3,0.000000
257.333333,0.000000
257.366667,0.000000
257.4,0.000000
257.433333,0.000000
257.466667,0.000000
257.5,0.000000
257.533333,0.000000
257.566667,0.000000
257.6,0.000000
257.633333,0.000000
257.666667,0.000000
257.7,0.000000
257.733333,0.000000
257.766667,0.000000
257.8,0.000000
257.833333,0.000000
257.866667,0.000000
257.9,0.000000
257.933333,0.000000
257.966667,0.000000
258,0.000088
258.033333,0.000003
258.066667,0.000029
258.1,0.063589
258.133333,0.000018
258.166667,0.000005
258.2,0.000001
258.233333,0.000000
258.266667,0.000000
258.3,0.000000
258.333333,0.000000
258.366667,0.000000
258.4,0.000000
258.433333,0.000000
258.466667,0.000000
258.5,0.000000
258.533333,0.000000
258.566667,0.000000
258.6,0.000000
258.633333,0.000000
258.666667,0.000000
258.7,0.000000
258.733333,0.000000
258.766667,0.000000
258.8,0.000000
258.833333,0.000000
258.866667,0.000000
258.9,0.000000
258.933333,0.000000
258.966667,0.000000
259,0.000083
259.033333,0.000004
259.066667,0.000026
259.1,0.000013
259.133333,0.000002
259.166667,0.000001
259.2,0.000000
259.233333,0.000000
259.266667,0.000000
259.3,0.000000
259.333333,0.000000
259.366667,0.000000
259.4,0.000000
259.433333,0.000000
259.466667,0.000000
259.5,0.000000
259.533333,0.000000
259.566667,0.000000
259.6,0.000000
259.633333,0.000000
259.666667,1.000000
259.7,0.000509
259.733333,0.027722
259.766667,0.055856
259.8,0.053277
259.833333,0.007126
259.866667,0.000023
259.9,0.000006
259.933333,0.000003
259.966667,0.000000
260,0.000035
260.033333,0.000011
260.066667,0.000006
260.1,0.000003
260.133333,0.000001
260.166667,0.000000
260.2,0.000000
260.233333,0.000000
260.266667,0.000000
260.3,0.000000
260.333333,0.000000
260.366667,0.000000
260.4,0.000000
260.433333,0.000000
260.466667,0.000000
260.5,0.000000
260.533333,0.000000
260.566667,0.000000
260.6,0.000000
260.633333,0.000000
260.666667,0.000000
260.7,0.000000
260.733333,0.000000
260.766667,0.000000
260.8,0.000000
260.833333,0.000000
260.866667,0.000000
260.9,0.000000
260.933333,0.000000
260.966667,0.000000
261,0.000025
261.033333,0.000001
261.066667,0.000006
261.1,0.000003
261.133333,0.000001
261.166667,0.000000
261.2,0.000000
261.233333,0.000000
261.266667,0.000000
261.3,0.000000
261.333333,0.000000
261.366667,0.000000
261.4,0.000000
261.433333,0.000000
261.466667,0.000000
261.5,0.000000
261.533333,0.000000
261.566667,0.000000
261.6,0.000000
261.633333,0.000000
261.666667,0.000000
261.7,0.000000
261.733333,0.000000
261.766667,0.000000
261.8,0.000000
261.833333,0.000000
261.866667,0.000000
261.9,0.000000
261.933333,0.000000
261.966667,0.000000
262,1.000000
262.033333,0.000059
262.066667,0.000017
262.1,0.000007
262.133333,0.000001
262.166667,0.000001
262.2,0.000000
262.233333,0.000000
262.266667,0.000000
262.3,0.000000
262.333333,0.000000
262.366667,0.000000
262.4,0.000000
262.433333,0.000000
262.466667,0.000000
262.5,0.000000
262.533333,0.000000
262.566667,0.000000
262.6,0.000000
262.633333,0.000000
262.666667,0.000000
262.7,0.000000
262.733333,0.000000
262.766667,0.000000
262.8,0.000000
262.833333,0.000000
262.866667,0.000000
262.9,0.000000
262.933333,0.000000
262.966667,0.000000
263,0.000053
263.033333,0.000003
263.066667,0.000017
263.1,0.000007
263.133333,0.000001
263.166667,0.000001
263.2,0.000000
263.233333,0.000000
263.266667,0.000000
263.3,0.000000
263.333333,0.000000
263.366667,0.000000
263.4,0.000000
263.433333,0.000000
263.466667,0.000000
263.5,0.000000
263.533333,0.000000
263.566667,0.000000
263.6,0.000000
263.633333,0.000000
263.666667,0.000000
263.7,0.000000
263.733333,0.000000
263.766667,0.000000
263.8,0.000000
263.833333,0.000000
263.866667,0.000000
263.9,0.000000
263.933333,0.000000
263.966667,0.000000
264,0.000053
264.033333,0.000003
264.066667,0.000017
264.1,0.000007
264.133333,0.000001
264.166667,0.000001
264.2,0.000000
264.233333,0.000000
264.266667,0.000000
264.3,0.000000
264.333333,0.000000
264.366667,0.046600
264.4,0.000103
264.433333,0.000022
264.466667,0.000005
264.5,0.000002
264.533333,0.000001
264.566667,0.000001
264.6,0.000000
264.633333,0.000000
264.666667,0.000000
264.7,0.000001
264.733333,0.000001
264.766667,0.000000
264.8,0.000001
264.833333,0.000001
264.866667,0.000001
264.9,0.000000
264.933333,0.000000
264.966667,0.000000
265,0.000047
265.033333,0.000004
265.066667,0.000036
265.1,0.000006
265.133333,0.000001
265.166667,0.000000
265.2,0.000002
265.233333,0.000001
265.266667,0.000001
265.3,0.000000
265.333333,0.000012
265.366667,0.000012
265.4,0.000000
265.433333,0.000000
265.466667,0.000000
265.5,0.000000
265.533333,0.000000
265.566667,0.000001
265.6,0.000001
265.633333,0.000001
265.666667,0.000000
265.7,0.000001
265.733333,0.000001
265.766667,0.000000
265.8,0.000001
265.833333,0.000001
265.866667,0.000002
265.9,0.000001
265.933333,0.000003
265.966667,0.000002
266,0.000055
266.033333,0.000008
266.066667,0.000045
266.1,0.000006
266.133333,0.000001
266.166667,0.000001
266.2,0.000000
266.233333,0.000000
266.266667,0.000000
266.3,0.000000
266.333333,0.000000
266.366667,0.000001
266.4,0.000000
266.433333,0.000001
266.466667,0.000000
266.5,0.038561
266.533333,0.000017
266.566667,0.000008
266.6,0.000002
266.633333,0.000000
266.666667,0.000000
266.7,0.000000
266.733333,0.000000
266.766667,0.000000
266.8,0.000000
266.833333,0.000000
266.866667,0.000000
266.9,0.000000
266.933333,0.000000
266.966667,0.000000
267,0.000051
267.033333,0.000009
267.066667,0.000013
267.1,0.000006
267.133333,0.000001
267.166667,0.000001
267.2,0.000000
267.233333,0.000000
267.266667,0.000000
267.3,0.000000
267.333333,0.000000
267.366667,0.000000
267.4,0.000000
267.433333,0.000000
267.466667,0.000000
267.5,0.000000
267.533333,0.000000
267.566667,0.000000
267.6,0.000000
267.633333,0.000000
267.666667,0.000000
267.7,0.000000
267.733333,0.000000
267.766667,0.000000
267.8,0.000000
267.833333,0.000000
267.866667,0.000000
267.9,0.000000
267.933333,0.000000
267.966667,0.000000
268,0.000044
268.033333,0.000002
268.066667,0.000013
268.1,0.000006
268.133333,0.000001
268.166667,0.000001
268.2,0.000000
268.233333,0.000000
268.266667,0.000000
268.3,0.000000
268.333333,0.000000
268.366667,0.000000
268.4,0.000000
268.433333,0.000000
268.466667,0.046469
268.5,0.000021
268.533333,0.000010
268.566667,0.000001
268.6,0.000000
268.633333,0.000000
268.666667,0.000000
268.7,0.000000
268.733333,0.000000
268.766667,0.000000
268.8,0.000000
268.833333,0.000000
268.866667,0.000000
268.9,0.000000
268.933333,0.000000
268.966667,0.000000
269,0.000050
269.033333,0.000005
269.066667,0.000016
269.1,0.000005
269.133333,0.000001
269.166667,0.000001
269.2,0.000000
269.233333,0.000000
269.266667,0.000000
269.3,0.000000
269.333333,0.000000
269.366667,0.000000
269.4,0.000000
269.433333,0.000000
269.466667,0.000000
269.5,0.000000
269.533333,0.000000
269.566667,0.000000
269.6,0.000000
269.633333,0.000000
269.666667,0.000000
269.7,0.000000
269.733333,0.000000
269.766667,0.000000
269.8,0.000000
269.833333,0.000000
269.866667,0.000000
269.9,0.000000
269.933333,0.000000
269.966667,0.000000
270,0.000046
270.033333,0.000002
270.066667,0.000016
270.1,0.000005
270.133333,0.000001
270.166667,0.000001
270.2,0.000000
270.233333,0.000000
270.266667,0.000000
270.3,0.000000
270.333333,0.000000
270.366667,0.000000
270.4,0.000000
270.433333,0.000000
270.466667,0.000000
270.5,0.000000
270.533333,0.000000
270.566667,0.140716
270.6,0.000033
270.633333,0.000012
270.666667,0.000003
270.7,0.000000
270.733333,0.000000
270.766667,0.000000
270.8,0.000000
270.833333,0.000000
270.866667,0.000000
270.9,0.000000
270.933333,0.000000
270.966667,0.000000
271,0.000065
271.033333,0.000016
271.066667,0.000016
271.1,0.000006
271.133333,0.000000
271.166667,0.000000
271.2,0.000000
271.233333,0.000000
271.266667,0.000000
271.3,0.000000
271.333333,0.000000
271.366667,0.000000
271.4,0.000000
271.433333,0.000000
271.466667,0.000000
271.5,0.000000
271.533333,0.000000
271.566667,0.000000
271.6,0.000000
271.633333,0.000000
271.666667,0.000000
271.7,0.000000
271.733333,0.000000
271.766667,0.000000
271.8,0.000000
271.833333,0.000000
271.866667,0.000000
271.9,0.000000
271.933333,0.000000
271.966667,0.000000
272,0.000051
272.033333,0.000002
272.066667,0.000016
272.1,0.000006
272.133333,0.000000
272.166667,0.000000
272.2,0.000000
272.233333,0.000000
272.266667,0.000000
272.3,0.000000
272.333333,0.000000
272.366667,0.000000
272.4,0.000000
272.433333,0.000000
272.466667,0.000000
272.5,0.000000
272.533333,0.000000
272.566667,0.000000
272.6,0.000000
272.633333,0.000000
272.666667,0.000000
272.7,0.000000
272.733333,0.000000
272.766667,0.000000
272.8,0.000000
272.833333,0.000000
272.866667,0.000000
272.9,0.000000
272.933333,0.000000
272.966667,0.000000
273,0.000051
273.033333,0.000002
273.066667,0.000016
273.1,0.000006
273.133333,0.000000
273.166667,0.000000
273.2,0.000000
273.233333,0.000000
273.266667,0.000000
273.3,0.066476
273.333333,0.000014
273.366667,0.000007
273.4,0.000001
273.433333,0.012579
273.466667,0.000008
273.5,0.000001
273.533333,0.000001
273.566667,0.000000
273.6,0.000000
273.633333,0.000000
273.666667,0.000000
273.7,0.000000
273.733333,0.000000
273.766667,0.000000
273.8,0.000000
273.833333,0.000000
273.866667,0.000000
273.9,0.000000
273.933333,0.000000
273.966667,0.000000
274,0.000045
274.033333,0.000003
274.066667,0.000014
274.1,0.000006
274.133333,0.000001
274.166667,0.000000
274.2,0.000000
274.233333,0.000000
274.266667,0.000000
274.3,0.000000
274.333333,0.000000
274.366667,0.000000
274.4,0.000000
274.433333,0.000000
274.466667,0.000000
274.5,0.000000
274.533333,0.000000
274.566667,0.000000
274.6,0.000000
274.633333,0.000000
274.666667,0.000000
274.7,0.000000
274.733333,0.130364
274.766667,0.000024
274.8,0.000010
274.833333,0.000002
274.866667,0.000000
274.9,0.000000
274.933333,0.000000
274.966667,0.000000
275,0.000057
275.033333,0.000012
275.066667,0.000014
275.1,0.000006
275.133333,0.000000
275.166667,0.000000
275.2,0.000000
275.233333,0.000000
275.266667,0.000000
275.3,0.000000
275.333333,0.000000
275.366667,0.000000
275.4,0.000000
275.433333,0.000000
275.466667,0.000000
275.5,0.000000
275.533333,0.000000
275.566667,0.000000
275.6,0.000000
275.633333,0.000000
275.666667,0.000000
275.7,0.000000
275.733333,0.000000
275.766667,0.000000
275.8,0.000000
275.833333,0.000000
275.866667,0.000000
275.9,0.000000
275.933333,0.000000
275.966667,0.000000
276,0.000047
276.033333,0.000003
276.066667,0.000014
276.1,0.000006
276.133333,0.000000
276.166667,0.000000
276.2,0.000000
276.233333,0.000000
276.266667,0.000000
276.3,0.046700
276.333333,0.000018
276.366667,0.000008
276.4,0.000001
276.433333,0.000000
276.466667,0.000000
276.5,0.000000
276.533333,0.000000
276.566667,0.000000
276.6,0.000000
276.633333,0.000000
276.666667,0.000000
276.7,0.000000
276.733333,0.000000
276.766667,0.000000
276.8,0.000000
276.833333,0.000000
276.866667,0.000000
276.9,0.000000
276.933333,0.000000
276.966667,0.000000
277,0.000048
277.033333,0.000003
277.066667,0.000014
277.1,0.000006
277.133333,0.000001
277.166667,0.000001
277.2,0.000000
277.233333,0.000000
277.266667,0.000000
277.3,0.000000
277.333333,0.000000
277.366667,0.000000
277.4,0.000000
277.433333,0.000000
277.466667,0.000000
277.5,0.000000
277.533333,0.000000
277.566667,0.000000
277.6,0.000000
277.633333,0.000000
277.666667,0.000000
277.7,0.000000
277.733333,0.000000
277.766667,0.000000
277.8,0.000000
277.833333,0.000000
277.866667,0.000000
277.9,0.000000
277.933333,0.000000
277.966667,0.000000
278,0.000048
278.033333,0.000002
278.066667,0.000014
278.1,0.000006
278.133333,0.000001
278.166667,0.000001
278.2,0.000000
278.233333,0.000000
278.266667,0.000000
278.3,0.000000
278.333333,0.000000
278.366667,0.000000
278.4,0.000000
278.433333,0.000000
278.466667,0.000000
278.5,0.000000
278.533333,0.000000
278.566667,0.292958
278.6,0.000328
278.633333,0.000007
278.666667,0.000001
278.7,0.000101
278.733333,0.000052
278.766667,0.000002
278.8,0.000016
278.833333,0.000048
278.866667,0.000046
278.9,0.000011
278.933333,0.000002
278.966667,0.000004
279,0.000181
279.033333,0.000143
279.066667,0.000015
279.1,0.000017
279.133333,0.000038
279.166667,0.000009
279.2,0.000016
279.233333,0.000012
279.266667,0.000004
279.3,0.000009
279.333333,0.000010
279.366667,0.000016
279.4,0.000021
279.433333,0.000002
279.466667,0.000016
279.5,0.000011
279.533333,0.000005
279.566667,0.000012
279.6,0.000056
279.633333,0.000041
279.666667,0.000008
279.7,0.000011
279.733333,0.000009
279.766667,0.000000
279.8,0.000007
279.833333,0.000015
279.866667,0.000009
279.9,0.000010
279.933333,0.000003
279.966667,0.000040
280,0.000107
280.033333,0.000047
280.066667,0.000010
280.1,0.000008
280.133333,0.000007
280.166667,0.000009
280.2,0.000009
280.233333,0.000003
280.266667,0.000003
280.3,0.000010
280.333333,0.000010
280.366667,0.000008
280.4,0.000015
280.433333,0.000051
280.466667,0.000007
280.5,0.000058
280.533333,0.000014
280.566667,0.000008
280.6,0.000000
280.633333,0.000009
280.666667,0.000012
280.7,0.000060
280.733333,0.000065
280.766667,0.000001
280.8,0.000014
280.833333,0.000032
280.866667,0.000014
280.9,0.000011
280.933333,0.000063
280.966667,0.000071
281,0.000116
281.033333,0.000021
281.066667,0.000161
281.1,0.107348
281.133333,0.000039
281.166667,0.000015
281.2,0.000004
281.233333,0.000000
281.266667,0.000000
281.3,0.000000
281.333333,0.000000
281.366667,0.000000
281.4,0.000000
281.433333,0.000000
281.466667,0.000000
281.5,0.000000
281.533333,0.000000
281.566667,0.000000
281.6,0.000000
281.633333,0.000000
281.666667,0.000000
281.7,0.000000
281.733333,0.000000
281.766667,0.000000
281.8,0.000000
281.833333,0.000000
281.866667,0.000000
281.9,0.000000
281.933333,0.000000
281.966667,0.000000
282,0.000110
282.033333,0.000024
282.066667,0.000025
282.1,0.000012
282.133333,0.000001
282.166667,0.000001
282.2,0.000000
282.233333,0.000000
282.266667,0.000000
282.3,0.000000
282.333333,0.000000
282.366667,0.000000
282.4,0.000000
282.433333,0.000000
282.466667,0.000000
282.5,0.000000
282.533333,0.000000
282.566667,0.000000
282.6,0.000000
282.633333,0.000000
282.666667,0.000000
282.7,0.000000
282.733333,0.000000
282.766667,0.000000
282.8,0.000000
282.833333,0.130649
282.866667,0.000053
282.9,0.000020
282.933333,0.000008
282.966667,0.000001
283,0.000113
283.033333,0.000031
283.066667,0.000026
283.1,0.000013
283.133333,0.000001
283.166667,0.000001
283.2,0.000000
283.233333,0.000000
283.266667,0.000000
283.3,0.000000
283.333333,0.000000
283.366667,0.000000
283.4,0.000000
283.433333,0.000000
283.466667,0.000000
283.5,0.000000
283.533333,0.000000
283.566667,0.000000
283.6,0.000000
283.633333,0.000000
283.666667,0.000000
283.7,0.000000
283.733333,0.000000
283.766667,0.078538
283.8,0.000019
283.833333,0.000007
283.866667,0.000001
283.9,0.000000
283.933333,0.000000
283.966667,0.000000
284,0.000091
284.033333,0.000006
284.066667,0.000026
284.1,0.000013
284.133333,0.000001
284.166667,0.000001
284.2,0.000000
284.233333,0.000000
284.266667,0.000000
284.3,0.000000
284.333333,0.000000
284.366667,0.000000
284.4,0.000000
284.433333,0.000000
284.466667,0.000000
284.5,0.000000
284.533333,0.000000
284.566667,0.000000
284.6,0.000000
284.633333,0.000000
284.666667,0.000000
284.7,0.000000
284.733333,0.000000
284.766667,0.000000
284.8,0.000000
284.833333,0.000000
284.866667,0.000000
284.9,0.000000
284.933333,0.000000
284.966667,0.000000
285,0.000089
285.033333,0.000004
285.066667,0.000026
285.1,0.000013
285.133333,0.000001
285.166667,0.000001
285.2,0.000000
285.233333,0.000000
285.266667,0.000000
285.3,0.000000
285.333333,0.000000
285.366667,0.000000
285.4,0.000000
285.433333,0.000000
285.466667,0.000000
285.5,0.000000
285.533333,0.000000
285.566667,0.000000
285.6,0.000000
285.633333,0.000000
285.666667,0.000000
285.7,0.000000
285.733333,0.000000
285.766667,0.000000
285.8,0.000000
285.833333,0.000000
285.866667,0.000000
285.9,0.000000
285.933333,0.000000
285.966667,0.000000
286,0.110767
286.033333,0.038688
286.066667,0.000012
286.1,0.000005
286.133333,0.000000
286.166667,0.000000
286.2,0.000000
286.233333,0.000000
286.266667,0.000000
286.3,0.000000
286.333333,0.000000
286.366667,0.000000
286.4,0.000000
286.433333,0.000000
286.466667,0.000000
286.5,0.000000
286.533333,0.000000
286.566667,0.000000
286.6,0.000000
286.633333,0.000000
286.666667,0.000000
286.7,0.000000
286.733333,0.000000
286.766667,0.000000
286.8,0.000000
286.833333,0.000000
286.866667,0.000000
286.9,0.000000
286.933333,0.000000
286.966667,0.000000
287,0.000036
287.033333,0.000004
287.066667,0.000010
287.1,0.000005
287.133333,0.000000
287.166667,0.000000
287.2,0.000000
287.233333,0.000000
287.266667,0.000000
287.3,0.000000
287.333333,0.000000
287.366667,0.000000
287.4,0.000000
287.433333,0.000000
287.466667,0.000000
287.5,0.000000
287.533333,0.000000
287.566667,0.000000
287.6,0.000000
287.633333,0.000000
287.666667,0.000000
287.7,0.000000
287.733333,0.000000
287.766667,0.000000
287.8,0.000000
287.833333,0.000000
287.866667,0.000000
287.9,0.000000
287.933333,0.000000
287.966667,0.000000
288,0.000034
288.033333,0.000002
288.066667,0.000010
288.1,0.051788
288.133333,0.000006
288.166667,0.000003
288.2,0.000001
288.233333,0.000000
288.266667,0.000000
288.3,0.000000
288.333333,0.000000
288.366667,0.000000
288.4,0.000000
288.433333,0.000000
288.466667,0.000000
288.5,0.000000
288.533333,0.000000
288.566667,0.000000
288.6,0.000000
288.633333,0.000000
288.666667,0.000000
288.7,0.000000
288.733333,0.000000
288.766667,0.000000
288.8,0.000000
288.833333,0.000000
288.866667,0.000000
288.9,0.000000
288.933333,0.000000
288.966667,0.000000
289,0.000028
289.033333,0.000003
289.066667,0.000007
289.1,0.000004
289.133333,0.000000
289.166667,0.000000
289.2,0.000000
289.233333,0.064439
289.266667,0.000077
289.3,0.000005
289.333333,0.000003
289.366667,0.000000
289.4,0.000001
289.433333,0.000001
289.466667,0.000002
289.5,0.000001
289.533333,0.000000
289.566667,0.000000
289.6,0.000022
289.633333,0.000005
289.666667,0.000000
289.7,0.000000
289.733333,0.000000
289.766667,0.000000
289.8,0.000000
289.833333,0.000000
289.866667,0.000000
289.9,0.000000
289.933333,0.000000
289.966667,0.000000
290,0.000040
290.033333,0.000006
290.066667,0.000011
290.1,0.000005
290.133333,0.000001
290.166667,0.000000
290.2,0.000000
290.233333,0.000000
290.266667,0.000000
290.3,0.000000
290.333333,0.000000
290.366667,0.000000
290.4,0.000000
290.433333,0.000000
290.466667,0.000000
290.5,0.000000
290.533333,0.000000
290.566667,0.000000
290.6,0.000000
290.633333,0.000000
290.666667,0.000000
290.7,0.000000
290.733333,0.000000
290.766667,0.000000
290.8,0.000000
290.833333,0.000000
290.866667,0.000000
290.9,0.000000
290.933333,0.000000
290.966667,0.000000
291,0.000036
291.033333,0.000002
291.066667,0.000011
291.1,0.000005
291.133333,0.000001
291.166667,0.000000
291.2,0.000000
291.233333,0.000000
291.266667,0.000000
291.3,0.000000
291.333333,0.000000
291.366667,0.000000
291.4,0.000000
291.433333,0.000000
291.466667,0.000000
291.5,0.000000
291.533333,0.000000
291.566667,0.000000
291.6,0.000000
291.633333,0.045104
291.666667,0.000358
291.7,0.000012
291.733333,0.000002
291.766667,0.000000
291.8,0.000000
291.833333,0.000000
291.866667,0.000014
291.9,0.000013
291.933333,0.000000
291.966667,0.000000
292,0.001266
292.033333,0.000044
292.066667,0.000014
292.1,0.000005
292.133333,0.000001
292.166667,0.000000
292.2,0.000000
292.233333,0.000000
292.266667,0.000000
292.3,0.000000
292.333333,0.000000
292.366667,0.000000
292.4,0.000000
292.433333,0.000000
292.466667,0.000000
292.5,0.000000
292.533333,0.000000
292.566667,0.000000
292.6,0.000000
292.633333,0.000000
292.666667,0.000000
292.7,0.000000
292.733333,0.000000
292.766667,0.000000
292.8,0.000000
292.833333,0.000000
292.866667,0.000000
292.9,0.000000
292.933333,0.000000
292.966667,0.000000
293,0.000038
293.033333,0.000002
293.066667,0.000014
293.1,0.000005
293.133333,0.000001
293.166667,0.000000
293.2,0.000000
293.233333,0.000000
293.266667,0.000000
293.3,0.000000
293.333333,0.000000
293.366667,0.000000
293.4,0.000000
293.433333,0.000000
293.466667,0.000000
293.5,0.000000
293.533333,0.000000
293.566667,0.000000
293.6,0.000000
293.633333,0.000000
293.666667,0.000000
293.7,0.000000
293.733333,0.000000
293.766667,0.000000
293.8,0.000000
293.833333,0.000000
293.866667,0.000000
293.9,0.000000
293.933333,0.000000
293.966667,0.000000
294,0.000038
294.033333,0.000002
294.066667,0.000014
294.1,0.000005
294.133333,0.000001
294.166667,0.000000
294.2,0.062886
294.233333,0.000031
294.266667,0.000012
294.3,0.000000
294.333333,0.000011
294.366667,0.000031
294.4,0.000035
294.433333,0.000003
294.466667,0.000003
294.5,0.000000
294.533333,0.000002
294.566667,0.000001
294.6,0.000003
294.633333,0.000007
294.666667,0.000015
294.7,0.000002
294.733333,0.000013
294.766667,0.000009
294.8,0.000003
294.833333,0.000002
294.866667,0.000001
294.9,0.000001
294.933333,0.000002
294.966667,0.000000
295,0.000044
295.033333,0.000004
295.066667,0.000025
295.1,0.000044
295.133333,0.000017
295.166667,0.000001
295.2,0.000000
295.233333,0.000002
295.266667,0.000000
295.3,0.000001
295.333333,0.000001
295.366667,0.000000
295.4,0.000002
295.433333,0.000005
295.466667,0.000000
295.5,0.000002
295.533333,0.000001
295.566667,0.000000
295.6,0.000000
295.633333,0.000000
295.666667,0.000000
295.7,0.000000
295.733333,0.000001
295.766667,0.000009
295.8,0.000002
295.833333,0.000007
295.866667,0.000002
295.9,0.000001
295.933333,0.000000
295.966667,0.000000
296,0.000042
296.033333,0.000003
296.066667,0.000029
296.1,0.000005
296.133333,0.000000
296.166667,0.000002
296.2,0.000005
296.233333,0.000001
296.266667,0.000001
296.3,0.000001
296.333333,0.057413
296.366667,0.000040
296.4,0.000015
296.433333,0.000002
296.466667,0.000004
296.5,0.000007
296.533333,0.000000
296.566667,0.000000
296.6,0.000000
296.633333,0.000001
296.666667,0.000000
296.7,0.000002
296.733333,0.000001
296.766667,0.000002
296.8,0.000000
296.833333,0.000002
296.866667,0.000001
296.9,0.000006
296.933333,0.000000
296.966667,0.000001
297,0.000054
297.033333,0.000014
297.066667,0.000034
297.1,0.000005
297.133333,0.000001
297.166667,0.000003
297.2,0.000001
297.233333,0.000008
297.266667,0.000001
297.3,0.000000
297.333333,0.000000
297.366667,0.000000
297.4,0.000000
297.433333,0.000000
297.466667,0.000001
297.5,0.000001
297.533333,0.000005
297.566667,0.000004
297.6,0.000002
297.633333,0.000000
297.666667,0.000001
297.7,0.000000
297.733333,0.000000
297.766667,0.000001
297.8,0.000000
297.833333,0.000000
297.866667,0.000004
297.9,0.000033
297.933333,0.000013
297.966667,0.000019
298,0.000044
298.033333,0.000007
298.066667,0.000034
298.1,0.000007
298.133333,0.000000
298.166667,0.000000
298.2,0.000001
298.233333,0.000000
298.266667,0.000001
298.3,0.000007
298.333333,0.000002
298.366667,0.000000
298.4,0.000001
298.433333,0.000000
298.466667,0.000001
298.5,0.000002
298.533333,0.000000
298.566667,0.000003
298.6,0.000006
298.633333,0.000007
298.666667,0.000001
298.7,0.000000
298.733333,0.000001
298.766667,0.000000
298.8,0.000001
298.833333,0.000001
298.866667,0.000001
298.9,0.000001
298.933333,0.000003
298.966667,0.000008
299,0.000038
299.033333,0.000005
299.066667,0.000036
299.1,0.000006
299.133333,0.000000
299.166667,0.000000
299.2,0.061345
299.233333,0.000043
299.266667,0.000012
299.3,0.000001
299.333333,0.000008
299.366667,0.000008
299.4,0.000001
299.433333,0.000000
299.466667,0.000000
299.5,0.000000
299.533333,0.000000
299.566667,0.000001
299.6,0.000001
299.633333,0.000018
299.666667,0.000039
299.7,0.000004
299.733333,0.000002
299.766667,0.000000
299.8,0.000000
299.833333,0.000001
299.866667,0.000000
299.9,0.000000
299.933333,0.000001
299.966667,0.000001
300,0.000049
300.033333,0.000002
300.066667,0.000030
300.1,0.000017
300.133333,0.000004
300.166667,0.000000
300.2,0.000000
300.233333,0.000001
300.266667,0.000002
300.3,0.000000
300.333333,0.000001
300.366667,0.000002
300.4,0.000025
300.433333,0.000019
300.466667,0.000001
300.5,0.000001
300.533333,0.000001
300.566667,0.000000
300.6,0.000000
300.633333,0.000000
300.666667,0.000004
300.7,0.000023
300.733333,0.000037
300.766667,0.000008
300.8,0.000000
300.833333,0.000001
300.866667,0.000001
300.9,0.000002
300.933333,0.000005
300.966667,0.000001
301,0.000040
301.033333,0.000002
301.066667,0.000026
301.1,0.000003
301.133333,0.000001
301.166667,0.000001
301.2,0.000000
301.233333,0.058187
301.266667,0.000326
301.3,0.000011
301.333333,0.000013
301.366667,0.000013
301.4,0.000009
301.433333,0.000025
301.466667,0.000035
301.5,0.000026
301.533333,0.000025
301.566667,0.000009
301.6,0.000014
301.633333,0.000006
301.666667,0.000010
301.7,0.000008
301.733333,0.000004
301.766667,0.000034
301.8,0.000009
301.833333,0.000011
301.866667,0.000006
301.9,0.000007
301.933333,0.000008
301.966667,0.000034
302,0.000071
302.033333,0.000003
302.066667,0.000041
302.1,0.000006
302.133333,0.000010
302.166667,0.000010
302.2,0.000004
302.233333,0.000015
302.266667,0.000009
302.3,0.000000
302.333333,0.000009
302.366667,0.000012
302.4,0.000006
302.433333,0.000010
302.466667,0.000010
302.5,0.000023
302.533333,0.000011
302.566667,0.000006
302.6,0.000010
302.633333,0.000013
302.666667,0.000004
302.7,0.000010
302.733333,0.000005
302.766667,0.000014
302.8,0.000014
302.833333,0.000009
302.866667,0.000004
302.9,0.000014
302.933333,0.000006
302.966667,0.000013
303,0.000045
303.033333,0.000021
303.066667,0.000024
303.1,0.000015
303.133333,0.000011
303.166667,0.000005
303.2,0.000004
303.233333,0.000001
303.266667,0.000005
303.3,0.000011
303.333333,0.000009
303.366667,0.000009
303.4,0.000013
303.433333,0.000005
303.466667,0.000011
303.5,0.000008
303.533333,0.000014
303.566667,0.000002
303.6,0.000011
303.633333,0.000010
303.666667,0.000013
303.7,0.000005
303.733333,0.000011
303.766667,0.000007
303.8,0.000012
303.833333,0.066473
303.866667,0.000017
303.9,0.000009
303.933333,0.000001
303.966667,0.000000
304,0.000049
304.033333,0.000006
304.066667,0.000015
304.1,0.000006
304.133333,0.000001
304.166667,0.000000
304.2,0.000000
304.233333,0.000000
304.266667,0.000000
304.3,0.000000
304.333333,0.000000
304.366667,0.000000
304.4,0.000000
304.433333,0.000000
304.466667,0.000000
304.5,0.000000
304.533333,0.000000
304.566667,0.000000
304.6,0.000000
304.633333,0.000000
304.666667,0.000000
304.7,0.000000
304.733333,0.000000
304.766667,0.000000
304.8,0.000000
304.833333,0.000000
304.866667,0.000000
304.9,0.000000
304.933333,0.000000
304.966667,0.000000
305,0.000045
305.033333,0.000002
305.066667,0.000015
305.1,0.000006
305.133333,0.000001
305.166667,0.000000
305.2,0.055811
305.233333,0.000019
305.266667,0.000009
305.3,0.000001
305.333333,0.000000
305.366667,0.000000
305.4,0.000000
305.433333,0.000000
305.466667,0.000000
305.5,0.000000
305.533333,0.000000
305.566667,0.000000
305.6,0.000000
305.633333,0.000000
305.666667,0.000000
305.7,0.000000
305.733333,0.000000
305.766667,0.000000
305.8,0.000000
305.833333,0.000000
305.866667,0.000000
305.9,0.000000
305.933333,0.000000
305.966667,0.000000
306,0.000048
306.033333,0.000004
306.066667,0.000015
306.1,0.000006
306.133333,0.000001
306.166667,0.000001
306.2,0.000000
306.233333,0.000000
306.266667,0.000000
306.3,0.000000
306.333333,0.000000
306.366667,0.000000
306.4,0.000000
306.433333,0.000000
306.466667,0.000000
306.5,0.000000
306.533333,0.000000
306.566667,0.000000
306.6,0.000000
306.633333,0.000000
306.666667,0.000000
306.7,0.000000
306.733333,0.000000
306.766667,0.000000
306.8,0.000000
306.833333,0.000000
306.866667,0.000000
306.9,0.000000
306.933333,0.000000
306.966667,0.000000
307,0.000046
307.033333,0.000002
307.066667,0.000015
307.1,0.000006
307.133333,0.000001
307.166667,0.000001
307.2,0.000000
307.233333,0.000000
307.266667,0.000000
307.3,0.000000
307.333333,0.000000
307.366667,0.000000
307.4,0.000000
307.433333,0.000000
307.466667,0.000000
307.5,0.000000
307.533333,0.000000
307.566667,0.000000
307.6,0.000000
307.633333,0.000000
307.666667,0.110948
307.7,0.000015
307.733333,0.000007
307.766667,0.000001
307.8,0.000000
307.833333,0.000000
307.866667,0.000000
307.9,0.000000
307.933333,0.000000
307.966667,0.000000
308,0.000047
308.033333,0.000006
308.066667,0.000013
308.1,0.000006
308.133333,0.000001
308.166667,0.000000
308.2,0.000000
308.233333,0.000000
308.266667,0.000000
308.3,0.000000
308.333333,0.000000
308.366667,0.000000
308.4,0.000000
308.433333,0.000000
308.466667,0.000000
308.5,0.000000
308.533333,0.000000
308.566667,0.000000
308.6,0.000000
308.633333,0.000000
308.666667,0.000000
308.7,0.000000
308.733333,0.000000
308.766667,0.000000
308.8,0.000000
308.833333,0.000000
308.866667,0.000000
308.9,0.000000
308.933333,0.000000
308.966667,0.000000
309,0.000044
309.033333,0.000003
309.066667,0.000013
309.1,0.000006
309.133333,0.000001
309.166667,0.000000
309.2,0.000000
309.233333,0.000000
309.266667,0.000000
309.3,0.000000
309.333333,0.000000
309.366667,0.000000
309.4,0.000000
309.433333,0.000000
309.466667,0.038261
309.5,0.000017
309.533333,0.000008
309.566667,0.000001
309.6,0.000000
309.633333,0.000000
309.666667,0.000000
309.7,0.000000
309.733333,0.000000
309.766667,0.000000
309.8,0.000000
309.833333,0.000000
309.866667,0.000000
309.9,0.000000
309.933333,0.000000
309.966667,0.000000
310,0.000049
310.033333,0.000006
310.066667,0.000015
310.1,0.000006
310.133333,0.000001
310.166667,0.000001
310.2,0.000000
310.233333,0.000000
310.266667,0.000000
310.3,0.000000
310.333333,0.000000
310.366667,0.000000
310.4,0.000000
310.433333,0.000000
310.466667,0.000000
310.5,0.000000
310.533333,0.000000
310.566667,0.000000
310.6,0.000000
310.633333,0.000000
310.666667,0.000000
310.7,0.000000
310.733333,0.000000
310.766667,0.000000
310.8,0.000000
310.833333,0.000000
310.866667,0.000000
310.9,0.000000
310.933333,0.000000
310.966667,0.000000
311,0.000046
311.033333,0.000003
311.066667,0.000015
311.1,0.000006
311.133333,0.000001
311.166667,0.000001
311.2,0.000000
311.233333,0.000000
311.266667,0.000000
311.3,0.000000
311.333333,0.000000
311.366667,0.000000
311.4,0.000000
311.433333,0.000000
311.466667,0.000000
311.5,0.000000
311.533333,0.000000
311.566667,0.000000
311.6,0.000000
311.633333,0.039705
311.666667,0.006688
311.7,0.000252
311.733333,0.000037
311.766667,0.000014
311.8,0.000039
311.833333,0.000023
311.866667,0.000012
311.9,0.000013
311.933333,0.000072
311.966667,0.000045
312,0.000086
312.033333,0.000109
312.066667,0.000166
312.1,0.000075
312.133333,0.000012
312.166667,0.000084
312.2,0.000169
312.233333,0.000004
312.266667,0.000053
312.3,0.000087
312.333333,0.000067
312.366667,0.000057
312.4,0.000045
312.433333,0.000170
312.466667,0.000009
312.5,0.000221
312.533333,0.000133
312.566667,0.000118
312.6,0.000263
312.633333,0.000048
312.666667,0.000255
312.7,0.000140
312.733333,0.000169
312.766667,0.000263
312.8,0.000028
312.833333,0.000149
312.866667,0.000087
312.9,0.000009
312.933333,0.000112
312.966667,0.000025
313,0.000012
313.033333,0.000120
313.066667,0.000031
313.1,0.000016
313.133333,0.000067
313.166667,0.000100
313.2,0.000033
313.233333,0.000051
313.266667,0.000077
313.3,0.000044
313.333333,0.000035
313.366667,0.000007
313.4,0.000217
313.433333,0.000203
313.466667,0.000025
313.5,0.000005
313.533333,0.000001
313.566667,0.000093
313.6,0.000015
313.633333,0.000190
313.666667,0.000238
313.7,0.000058
313.733333,0.000057
313.766667,0.000063
313.8,0.000121
313.833333,0.000016
313.866667,0.000139
313.9,0.000027
313.933333,0.040094
313.966667,0.000026
314,0.000096
314.033333,0.000029
314.066667,0.000027
314.1,0.000011
314.133333,0.000002
314.166667,0.000001
314.2,0.000000
314.233333,0.000000
314.266667,0.000000
314.3,0.000000
314.333333,0.000000
314.366667,0.000000
314.4,0.000000
314.433333,0.000000
314.466667,0.000000
314.5,0.000000
314.533333,0.000000
314.566667,0.000000
314.6,0.000000
314.633333,0.000000
314.666667,0.000000
314.7,0.000000
314.733333,0.000000
314.766667,0.000000
314.8,0.000000
314.833333,0.000000
314.866667,0.000000
314.9,0.000000
314.933333,0.000000
314.966667,0.000000
315,0.000084
315.033333,0.000005
315.066667,0.000027
315.1,0.000011
315.133333,0.000002
315.166667,0.000001
315.2,0.000000
315.233333,0.000000
315.266667,0.000000
315.3,0.000000
315.333333,0.000000
315.366667,0.000000
315.4,0.000000
315.433333,0.000000
315.466667,0.000000
315.5,0.000000
315.533333,0.000000
315.566667,0.000000
315.6,0.000000
315.633333,0.000000
315.666667,0.000000
315.7,0.000000
315.733333,0.000000
315.766667,0.000000
315.8,0.000000
315.833333,0.000000
315.866667,0.000000
315.9,0.000000
315.933333,0.000000
315.966667,0.000000
316,0.000084
316.033333,0.000005
316.066667,0.000027
316.1,0.000011
316.133333,0.000002
316.166667,0.000001
316.2,0.000000
316.233333,0.000000
316.266667,0.000000
316.3,0.000000
316.333333,0.000000
316.366667,0.000000
316.4,0.000000
316.433333,0.000000
316.466667,0.000000
316.5,0.000000
316.533333,0.000000
316.566667,0.000000
316.6,0.000000
316.633333,1.000000
316.666667,0.000460
316.7,0.025122
316.733333,0.051400
316.766667,0.046543
316.8,0.003395
316.833333,0.000019
316.866667,0.000004
316.9,0.000002
316.933333,0.000000
316.966667,0.000000
317,0.000030
317.033333,0.000012
317.066667,0.000004
317.1,0.000002
317.133333,0.000000
317.166667,0.000000
317.2,0.000000
317.233333,0.000000
317.266667,0.000000
317.3,0.000000
317.333333,0.000000
317.366667,0.000000
317.4,0.000000
317.433333,0.000000
317.466667,0.000000
317.5,0.000000
317.533333,0.000000
317.566667,0.000000
317.6,0.000000
317.633333,0.000000
317.666667,0.000000
317.7,0.000000
317.733333,0.000000
317.766667,0.000000
317.8,0.000000
317.833333,0.000000
317.866667,0.000000
317.9,0.000000
317.933333,0.000000
317.966667,0.000000
318,0.000019
318.033333,0.000001
318.066667,0.000004
318.1,0.000002
318.133333,0.000000
318.166667,0.000000
318.2,0.000000
318.233333,0.000000
318.266667,0.000000
318.3,0.000000
318.333333,0.000000
318.366667,0.000000
318.4,0.000000
318.433333,0.000000
318.466667,0.000000
318.5,0.000000
318.533333,0.000000
318.566667,0.000000
318.6,0.000000
318.633333,1.000000
318.666667,0.000072
318.7,0.000019
318.733333,0.000008
318.766667,0.000002
318.8,0.000001
318.833333,0.000000
318.866667,0.000000
318.9,0.000000
318.933333,0.000000
318.966667,0.000000
319,0.000060
319.033333,0.000032
319.066667,0.000010
319.1,0.000004
319.133333,0.000001
319.166667,0.000000
319.2,0.000000
319.233333,0.000000
319.266667,0.000000
319.3,0.000000
319.333333,0.000000
319.366667,0.000000
319.4,0.000000
319.433333,0.000000
319.466667,0.000000
319.5,0.000000
319.533333,0.000000
319.566667,0.000000
319.6,0.000000
319.633333,0.000000
319.666667,0.000000
319.7,0.000000
319.733333,0.000000
319.766667,0.000000
319.8,0.000000
319.833333,0.000000
319.866667,0.000000
319.9,0.000000
319.933333,0.000000
319.966667,0.000000
320,0.000028
320.033333,0.000002
320.066667,0.000010
320.1,0.000004
320.133333,0.000001
320.166667,0.000000
320.2,0.000000
320.233333,0.000000
320.266667,0.000000
320.3,0.000000
320.333333,0.000000
320.366667,0.000000
320.4,0.000000
320.433333,0.000000
320.466667,0.000000
320.5,0.000000
320.533333,0.000000
320.566667,0.000000
320.6,0.000000
320.633333,0.000000
320.666667,0.000000
320.7,0.000000
320.733333,0.000000
320.766667,0.000000
320.8,0.000000
320.833333,0.000000
320.866667,0.000000
320.9,0.000000
320.933333,0.000000
320.966667,0.000000
321,0.000028
321.033333,0.031693
321.066667,0.000610
321.1,0.000045
321.133333,0.000152
321.166667,0.000048
321.2,0.000029
321.233333,0.000002
321.266667,0.000079
321.3,0.000785
321.333333,0.000230
321.366667,0.000029
321.4,0.000335
321.433333,0.000110
321.466667,0.000018
321.5,0.000001
321.533333,0.000147
321.566667,0.000069
321.6,0.000073
321.633333,0.000247
321.666667,0.000024
321.7,0.000269
321.733333,0.000228
321.766667,0.000135
321.8,0.000091
321.833333,0.000215
321.866667,0.000056
321.9,0.000146
321.933333,0.000064
321.966667,0.000017
322,0.000172
322.033333,0.000103
322.066667,0.000016
322.1,0.000152
322.133333,0.000065
322.166667,0.000165
322.2,0.000007
322.233333,0.000076
322.266667,0.000030
322.3,0.000008
322.333333,0.000103
322.366667,0.000023
322.4,0.000070
322.433333,0.000058
322.466667,0.000021
322.5,0.000039
322.533333,0.000057
322.566667,0.000224
322.6,0.000063
322.633333,0.000103
322.666667,0.000049
322.7,0.000000
322.733333,0.000032
322.766667,0.000142
322.8,0.000022
322.833333,0.000067
322.866667,0.000199
322.9,0.000048
322.933333,0.000032
322.966667,0.000107
323,0.000088
323.033333,0.000426
323.066667,0.000113
323.1,0.000039
323.133333,0.000266
323.166667,0.000217
323.2,0.000186
323.233333,0.030235
323.266667,0.000019
323.3,0.000008
323.333333,0.000001
323.366667,0.000000
323.4,0.000000
323.433333,0.000223
323.466667,0.000392
323.5,0.000020
323.533333,0.000020
323.566667,0.000019
323.6,0.000022
323.633333,0.000020
323.666667,0.000028
323.7,0.000028
323.733333,0.000021
323.766667,0.000020
323.8,0.000019
323.833333,0.000020
323.866667,0.000020
323.9,0.000019
323.933333,0.000019
323.966667,0.000000
324,0.000071
324.033333,0.000031
324.066667,0.000011
324.1,0.000025
324.133333,0.000020
324.166667,0.000021
324.2,0.000020
324.233333,0.000020
324.266667,0.000010
324.3,0.000058
324.333333,0.000008
324.366667,0.008669
324.4,0.000010
324.433333,0.000002
324.466667,0.000001
324.5,0.000000
324.533333,0.000000
324.566667,0.000000
324.6,0.000000
324.633333,0.000000
324.666667,0.000000
324.7,0.000000
324.733333,0.000000
324.766667,0.000000
324.8,0.000000
324.833333,0.000000
324.866667,0.000000
324.9,0.000000
324.933333,0.000000
324.966667,0.000000
325,0.000048
325.033333,0.000006
325.066667,0.000015
325.1,0.000006
325.133333,0.000001
325.166667,0.000000
325.2,0.000000
325.233333,0.000000
325.266667,0.041341
325.3,0.000022
325.333333,0.000011
325.366667,0.000002
325.4,0.000000
325.433333,0.000000
325.466667,0.000000
325.5,0.000000
325.533333,0.000000
325.566667,0.000000
325.6,0.000000
325.633333,0.000000
325.666667,0.000000
325.7,0.000000
325.733333,0.000000
325.766667,0.000000
325.8,0.000000
325.833333,0.000000
325.866667,0.000000
325.9,0.000000
325.933333,0.000000
325.966667,0.000000
326,0.000052
326.033333,0.000008
326.066667,0.000016
326.1,0.000006
326.133333,0.000000
326.166667,0.000000
326.2,0.000000
326.233333,0.000000
326.266667,0.000000
326.3,0.000000
326.333333,0.000000
326.366667,0.000000
326.4,0.000000
326.433333,0.000000
326.466667,0.000000
326.5,0.000000
326.533333,0.000000
326.566667,0.000000
326.6,0.000000
326.633333,0.000000
326.666667,0.000000
326.7,0.000000
326.733333,0.000000
326.766667,0.000000
326.8,0.000000
326.833333,0.000000
326.866667,0.000000
326.9,0.000000
326.933333,0.000000
326.966667,0.000000
327,0.000046
327.033333,0.000003
327.066667,0.000016
327.1,0.000006
327.133333,0.000000
327.166667,0.000000
327.2,0.000000
327.233333,0.000000
327.266667,0.000000
327.3,0.000000
327.333333,0.000000
327.366667,0.000000
327.4,0.000000
327.433333,0.000000
327.466667,0.000000
327.5,0.000000
327.533333,0.000000
327.566667,0.000000
327.6,0.000000
327.633333,0.000000
327.666667,0.000000
327.7,0.000000
327.733333,0.000000
327.766667,0.000000
327.8,0.000000
327.833333,0.000000
327.866667,0.000000
327.9,0.000000
327.933333,0.058325
327.966667,0.000016
328,0.000039
328.033333,0.000009
328.066667,0.000014
328.1,0.000006
328.133333,0.000001
328.166667,0.000000
328.2,0.000000
328.233333,0.000000
328.266667,0.000000
328.3,0.000000
328.333333,0.000000
328.366667,0.000000
328.4,0.000000
328.433333,0.000000
328.466667,0.000000
328.5,0.000000
328.533333,0.000000
328.566667,0.000000
328.6,0.000000
328.633333,0.000000
328.666667,0.000000
328.7,0.000000
328.733333,0.000000
328.766667,0.000000
328.8,0.000000
328.833333,0.000000
328.866667,0.000000
328.9,0.000000
328.933333,0.000000
328.966667,0.000000
329,0.053968
329.033333,0.000157
329.066667,0.000061
329.1,0.000211
329.133333,0.000093
329.166667,0.000076
329.2,0.000047
329.233333,0.000009
329.266667,0.000070
329.3,0.000036
329.333333,0.000014
329.366667,0.000010
329.4,0.000017
329.433333,0.000216
329.466667,0.000047
329.5,0.000026
329.533333,0.000031
329.566667,0.000079
329.6,0.000100
329.633333,0.000037
329.666667,0.000016
329.7,0.000050
329.733333,0.000009
329.766667,0.000019
329.8,0.000011
329.833333,0.000037
329.866667,0.000155
329.9,0.000107
329.933333,0.000009
329.966667,0.000037
330,0.000062
330.033333,0.000058
330.066667,0.000118
330.1,0.000027
330.133333,0.000192
330.166667,0.000332
330.2,0.000190
330.233333,0.000078
330.266667,0.000018
330.3,0.000122
330.333333,0.000051
330.366667,0.000038
330.4,0.000021
330.433333,0.000017
330.466667,0.000070
330.5,0.000023
330.533333,0.000024
330.566667,0.000031
330.6,0.000043
330.633333,0.000032
330.666667,0.000021
330.7,0.000035
330.733333,0.000034
330.766667,0.000066
330.8,0.000109
330.833333,0.000006
330.866667,0.000000
330.9,0.000000
330.933333,0.000000
330.966667,0.000000
331,0.000053
331.033333,0.045023
331.066667,0.000021
331.1,0.000010
331.133333,0.000002
331.166667,0.000001
331.2,0.000000
331.233333,0.000000
331.266667,0.000000
331.3,0.000000
331.333333,0.000000
331.366667,0.000000
331.4,0.000000
331.433333,0.000000
331.466667,0.000000
331.5,0.000000
331.533333,0.000000
331.566667,0.000000
331.6,0.000000
331.633333,0.000000
331.666667,0.000000
331.7,0.000000
331.733333,0.000000
331.766667,0.000000
331.8,0.000000
331.833333,0.000000
331.866667,0.000000
331.9,0.000000
331.933333,0.000000
331.966667,0.000000
332,0.000047
332.033333,0.000002
332.066667,0.000016
332.1,0.000007
332.133333,0.000001
332.166667,0.000000
332.2,0.000000
332.233333,0.000000
332.266667,0.000000
332.3,0.000000
332.333333,0.000000
332.366667,0.000000
332.4,0.000000
332.433333,0.000000
332.466667,0.000000
332.5,0.000000
332.533333,0.000000
332.566667,0.000000
332.6,0.000000
332.633333,0.000000
332.666667,0.079876
332.7,0.000016
332.733333,0.000006
332.766667,0.000001
332.8,0.000000
332.833333,0.000000
332.866667,0.000000
332.9,0.000000
332.933333,0.000000
332.966667,0.000000
333,0.000028
333.033333,0.000004
333.066667,0.000008
333.1,0.000003
333.133333,0.000000
333.166667,0.000000
333.2,0.000000
333.233333,0.000000
333.266667,0.000000
333.3,0.000000
333.333333,0.000000
333.366667,0.000000
333.4,0.000000
333.433333,0.000000
333.466667,0.000000
333.5,0.000000
333.533333,0.000000
333.566667,0.000000
333.6,0.000000
333.633333,0.000000
333.666667,0.000000
333.7,0.000000
333.733333,0.000000
333.766667,0.000000
333.8,0.000000
333.833333,0.000000
333.866667,0.000000
333.9,0.000000
333.933333,0.000000
333.966667,0.000000
334,0.000025
334.033333,0.000001
334.066667,0.000008
334.1,0.000003
334.133333,0.030371
334.166667,0.000011
334.2,0.000005
334.233333,0.000001
334.266667,0.000000
334.3,0.000000
334.333333,0.000000
334.366667,0.000000
334.4,0.000000
334.433333,0.000000
334.466667,0.000000
334.5,0.000000
334.533333,0.000000
334.566667,0.000000
334.6,0.000000
334.633333,0.000000
334.666667,0.000000
334.7,0.000000
334.733333,0.000000
334.766667,0.000000
334.8,0.000000
334.833333,0.000000
334.866667,0.000000
334.9,0.000000
334.933333,0.000000
334.966667,0.000000
335,0.000025
335.033333,0.000003
335.066667,0.000007
335.1,0.000003
335.133333,0.000000
335.166667,0.000000
335.2,0.000000
335.233333,0.000000
335.266667,0.000000
335.3,0.000000
335.333333,0.000000
335.366667,0.000000
335.4,0.000000
335.433333,0.000000
335.466667,0.000000
335.5,0.000000
335.533333,0.000000
335.566667,0.000000
335.6,0.000000
335.633333,0.029119
335.666667,0.000008
335.7,0.000003
335.733333,0.000002
335.766667,0.000000
335.8,0.000000
335.833333,0.000000
335.866667,0.000000
335.9,0.000000
335.933333,0.000000
335.966667,0.000000
336,0.000024
336.033333,0.000004
336.066667,0.000007
336.1,0.000003
336.133333,0.000001
336.166667,0.000000
336.2,0.000000
336.233333,0.000000
336.266667,0.000000
336.3,0.000000
336.333333,0.000000
336.366667,0.000000
336.4,0.000000
336.433333,0.000000
336.466667,0.000000
336.5,0.000000
336.533333,0.000000
336.566667,0.000000
336.6,0.000000
336.633333,0.000000
336.666667,0.000000
336.7,0.000000
336.733333,0.000000
336.766667,0.000000
336.8,0.000000
336.833333,0.000000
336.866667,0.000000
336.9,0.000000
336.933333,0.000000
336.966667,0.000000
337,0.029326
337.033333,0.000220
337.066667,0.000031
337.1,0.000042
337.133333,0.000202
337.166667,0.000372
337.2,0.000344
337.233333,0.000119
337.266667,0.000051
337.3,0.000079
337.333333,0.000029
337.366667,0.000120
337.4,0.000062
337.433333,0.000005
337.466667,0.000026
337.5,0.000103
337.533333,0.000033
337.566667,0.000033
337.6,0.000000
337.633333,0.000055
337.666667,0.000039
337.7,0.000007
337.733333,0.000068
337.766667,0.000019
337.8,0.000114
337.833333,0.000087
337.866667,0.000020
337.9,0.000034
337.933333,0.000139
337.966667,0.000166
338,0.000041
338.033333,0.000124
338.066667,0.000086
338.1,0.000017
338.133333,0.000056
338.166667,0.000258
338.2,0.000078
338.233333,0.000198
338.266667,0.000016
338.3,0.068666
338.333333,0.000020
338.366667,0.000009
338.4,0.000002
338.433333,0.000000
338.466667,0.000000
338.5,0.000000
338.533333,0.000000
338.566667,0.000000
338.6,0.000065
338.633333,0.000174
338.666667,0.000010
338.7,0.000009
338.733333,0.000011
338.766667,0.000000
338.8,0.000010
338.833333,0.000009
338.866667,0.000010
338.9,0.000010
338.933333,0.000000
338.966667,0.000010
339,0.000068
339.033333,0.000012
339.066667,0.000047
339.1,0.000002
339.133333,0.000010
339.166667,0.000010
339.2,0.000001
339.233333,0.000010
339.266667,0.000009
339.3,0.000010
339.333333,0.000090
339.366667,0.000007
339.4,0.000000
339.433333,0.000000
339.466667,0.000000
339.5,0.000000
339.533333,0.000000
339.566667,0.000000
339.6,0.000000
339.633333,0.000000
339.666667,0.000000
339.7,0.000000
339.733333,0.000000
339.766667,0.000000
339.8,0.000000
339.833333,0.000000
339.866667,0.000000
339.9,0.000000
339.933333,0.000000
339.966667,0.000000
340,0.000051
340.033333,0.000004
340.066667,0.000015
340.1,0.000007
340.133333,0.000001
340.166667,0.000000
340.2,0.000000
340.233333,0.000000
340.266667,0.000000
340.3,0.000000
340.333333,0.000000
340.366667,0.000000
340.4,0.000000
340.433333,0.000000
340.466667,0.000000
340.5,0.000000
340.533333,0.000000
340.566667,0.000000
340.6,0.000000
340.633333,0.000000
340.666667,0.000000
340.7,0.000000
340.733333,0.000000
340.766667,0.000000
340.8,0.000000
340.833333,0.000000
340.866667,0.000000
340.9,0.059031
340.933333,0.000013
340.966667,0.000006
341,0.000047
341.033333,0.000005
341.066667,0.000014
341.1,0.000007
341.133333,0.000001
341.166667,0.000000
341.2,0.000152
341.233333,0.000092
341.266667,0.000011
341.3,0.000009
341.333333,0.000011
341.366667,0.000000
341.4,0.000010
341.433333,0.000010
341.466667,0.000010
341.5,0.000010
341.533333,0.000000
341.566667,0.000011
341.6,0.000010
341.633333,0.000002
341.666667,0.000011
341.7,0.000010
341.733333,0.000010
341.766667,0.000010
341.8,0.000002
341.833333,0.000010
341.866667,0.000011
341.9,0.000012
341.933333,0.000057
341.966667,0.000006
342,0.000050
342.033333,0.000007
342.066667,0.000014
342.1,0.000007
342.133333,0.000001
342.166667,0.000000
342.2,0.000000
342.233333,0.000000
342.266667,0.000000
342.3,0.000000
342.333333,0.000000
342.366667,0.000000
342.4,0.000000
342.433333,0.000000
342.466667,0.000000
342.5,0.000000
342.533333,0.044408
342.566667,0.000012
342.6,0.000005
342.633333,0.000001
342.666667,0.000000
342.7,0.000000
342.733333,0.000000
342.766667,0.000000
342.8,0.000000
342.833333,0.000000
342.866667,0.000000
342.9,0.000000
342.933333,0.000000
342.966667,0.000000
343,0.000043
343.033333,0.000003
343.066667,0.000013
343.1,0.000006
343.133333,0.000001
343.166667,0.000000
343.2,0.000000
343.233333,0.000000
343.266667,0.000000
343.3,0.000000
343.333333,0.000000
343.366667,0.000000
343.4,0.000000
343.433333,0.000000
343.466667,0.000000
343.5,0.068988
343.533333,0.000018
343.566667,0.000008
343.6,0.000001
343.633333,0.000000
343.666667,0.000000
343.7,0.000000
343.733333,0.000000
343.766667,0.000000
343.8,0.000000
343.833333,0.000000
343.866667,0.000000
343.9,0.000000
343.933333,0.000000
343.966667,0.000000
344,0.000050
344.033333,0.000004
344.066667,0.000014
344.1,0.000007
344.133333,0.000001
344.166667,0.000000
344.2,0.000000
344.233333,0.000000
344.266667,0.000000
344.3,0.000000
344.333333,0.000000
344.366667,0.000000
344.4,0.000000
344.433333,0.000000
344.466667,0.000000
344.5,0.000000
344.533333,0.000000
344.566667,0.000000
344.6,0.000000
344.633333,0.000000
344.666667,0.000000
344.7,0.000000
344.733333,0.000000
344.766667,0.000000
344.8,0.000000
344.833333,0.000000
344.866667,0.000000
344.9,0.000000
344.933333,0.000000
344.966667,0.000000
345,0.000049
345.033333,0.000002
345.066667,0.000014
345.1,0.000007
345.133333,0.000001
345.166667,0.000000
345.2,0.000000
345.233333,0.000000
345.266667,0.000000
345.3,0.000000
345.333333,0.000000
345.366667,0.000000
345.4,0.000000
345.433333,0.000000
345.466667,0.000000
345.5,0.000000
345.533333,0.000000
345.566667,0.000000
345.6,0.000000
345.633333,0.000000
345.666667,0.038832
345.7,0.000021
345.733333,0.000010
345.766667,0.000001
345.8,0.000000
345.833333,0.000000
345.866667,0.000000
345.9,0.000000
345.933333,0.000000
345.966667,0.000000
346,0.000054
346.033333,0.000006
346.066667,0.000017
346.1,0.000007
346.133333,0.000001
346.166667,0.000001
346.2,0.000000
346.233333,0.000000
346.266667,0.000000
346.3,0.000000
346.333333,0.000000
346.366667,0.000000
346.4,0.000000
346.433333,0.000000
346.466667,0.000000
346.5,0.000000
346.533333,0.000000
346.566667,0.000000
346.6,0.000000
346.633333,0.000000
346.666667,0.000000
346.7,0.000000
346.733333,0.000000
346.766667,0.000000
346.8,0.000000
346.833333,0.000000
346.866667,0.000000
346.9,0.000000
346.933333,0.000000
346.966667,0.000000
347,0.000050
347.033333,0.000002
347.066667,0.000017
347.1,0.000007
347.133333,0.000001
347.166667,0.000001
347.2,0.000000
347.233333,0.000000
347.266667,0.000000
347.3,0.000000
347.333333,0.000000
347.366667,0.000000
347.4,0.000000
347.433333,0.000000
347.466667,0.000000
347.5,0.000000
347.533333,0.000000
347.566667,0.000000
347.6,0.052398
347.633333,0.000025
347.666667,0.000011
347.7,0.000002
347.733333,0.000000
347.766667,0.000000
347.8,0.000000
347.833333,0.000000
347.866667,0.000000
347.9,0.000000
347.933333,0.000000
347.966667,0.000000
348,0.000060
348.033333,0.000008
348.066667,0.000018
348.1,0.000008
348.133333,0.000001
348.166667,0.000000
348.2,0.000000
348.233333,0.000000
348.266667,0.000000
348.3,0.000000
348.333333,0.000000
348.366667,0.000000
348.4,0.000000
348.433333,0.000000
348.466667,0.000000
348.5,0.000000
348.533333,0.000000
348.566667,0.000000
348.6,0.000000
348.633333,0.000000
348.666667,0.000000
348.7,0.000000
348.733333,0.000000
348.766667,0.000000
348.8,0.000000
348.833333,0.000000
348.866667,0.000000
348.9,0.000000
348.933333,0.000000
348.966667,0.000000
349,0.000054
349.033333,0.000003
349.066667,0.000018
349.1,0.000008
349.133333,0.000001
349.166667,0.000000
349.2,0.000000
349.233333,0.000000
349.266667,0.000000
349.3,0.000000
349.333333,0.000000
349.366667,0.000000
349.4,0.000000
349.433333,0.000000
349.466667,0.000000
349.5,0.000000
349.533333,0.000000
349.566667,0.000000
349.6,0.000000
349.633333,0.000000
349.666667,0.000000
349.7,0.000000
349.733333,0.000000
349.766667,0.000000
349.8,0.000000
349.833333,0.000000
349.866667,0.000000
349.9,0.000000
349.933333,0.000000
349.966667,0.000000
350,0.000054
350.033333,0.000003
350.066667,0.000018
350.1,0.061255
350.133333,0.000014
350.166667,0.000007
350.2,0.000001
350.233333,0.000000
350.266667,0.000000
350.3,0.000000
350.333333,0.000000
350.366667,0.000000
350.4,0.000000
350.433333,0.000000
350.466667,0.000000
350.5,0.000000
350.533333,0.000000
350.566667,0.000000
350.6,0.000000
350.633333,0.000000
350.666667,0.000000
350.7,0.000000
350.733333,0.000000
350.766667,0.000000
350.8,0.000000
350.833333,0.000000
350.866667,0.000000
350.9,0.000000
350.933333,0.000000
350.966667,0.000000
351,0.000046
351.033333,0.000002
351.066667,0.000014
351.1,0.000007
351.133333,0.000001
351.166667,0.000000
351.2,0.000000
351.233333,0.000000
351.266667,0.000000
351.3,0.000000
351.333333,0.000000
351.366667,0.000000
351.4,0.000000
351.433333,0.000000
351.466667,0.000000
351.5,0.000000
351.533333,0.000000
351.566667,0.000000
351.6,0.000000
351.633333,0.000000
351.666667,0.000000
351.7,0.000000
351.733333,0.000000
351.766667,0.000000
351.8,0.000000
351.833333,0.000000
351.866667,0.000000
351.9,0.095661
351.933333,0.000331
351.966667,0.000064
352,0.000037
352.033333,0.000021
352.066667,0.000029
352.1,0.000041
352.133333,0.000085
352.166667,0.000471
352.2,0.000338
352.233333,0.000149
352.266667,0.000045
352.3,0.000061
352.333333,0.000056
352.366667,0.000044
352.4,0.000047
352.433333,0.000146
352.466667,0.000046
352.5,0.000043
352.533333,0.000025
352.566667,0.000108
352.6,0.000171
352.633333,0.000076
352.666667,0.000083
352.7,0.000082
352.733333,0.000025
352.766667,0.000024
352.8,0.000031
352.833333,0.000047
352.866667,0.000013
352.9,0.000009
352.933333,0.000038
352.966667,0.000007
353,0.000070
353.033333,0.000045
353.066667,0.000015
353.1,0.000014
353.133333,0.000012
353.166667,0.000033
353.2,0.000028
353.233333,0.000146
353.266667,0.000192
353.3,0.000228
353.333333,0.000047
353.366667,0.000019
353.4,0.000080
353.433333,0.000010
353.466667,0.000045
353.5,0.000059
353.533333,0.000016
353.566667,0.000025
353.6,0.000077
353.633333,0.000013
353.666667,0.000498
353.7,0.000163
353.733333,0.000133
353.766667,0.000182
353.8,0.000004
353.833333,0.000045
353.866667,0.000131
353.9,0.000228
353.933333,0.000215
353.966667,0.000051
354,0.000113
354.033333,0.000212
354.066667,0.000187
354.1,0.000103
354.133333,0.000039
354.166667,0.000258
354.2,0.000090
354.233333,0.000244
354.266667,0.000010
354.3,0.000000
354.333333,0.000000
354.366667,0.000000
354.4,0.000000
354.433333,0.000000
354.466667,0.000000
354.5,0.065431
354.533333,0.000029
354.566667,0.000013
354.6,0.000002
354.633333,0.000000
354.666667,0.000000
354.7,0.000000
354.733333,0.000000
354.766667,0.000000
354.8,0.000000
354.833333,0.000000
354.866667,0.000000
354.9,0.000000
354.933333,0.000000
354.966667,0.000000
355,0.000083
355.033333,0.000011
355.066667,0.000024
355.1,0.000011
355.133333,0.000001
355.166667,0.000001
355.2,0.000000
355.233333,0.000000
355.266667,0.000000
355.3,0.000000
355.333333,0.000000
355.366667,0.000000
355.4,0.000000
355.433333,0.000000
355.466667,0.000000
355.5,0.000000
355.533333,0.000000
355.566667,0.000000
355.6,0.000000
355.633333,0.000000
355.666667,0.000000
355.7,0.000000
355.733333,0.000000
355.766667,0.000000
355.8,0.000000
355.833333,0.000000
355.866667,0.000000
355.9,0.000000
355.933333,0.000000
355.966667,0.000000
356,0.000076
356.033333,0.000004
356.066667,0.000024
356.1,0.000011
356.133333,0.000001
356.166667,0.000001
356.2,0.000000
356.233333,0.000000
356.266667,0.000000
356.3,0.000000
356.333333,0.000000
356.366667,0.000000
356.4,0.000000
356.433333,0.000000
356.466667,0.000000
356.5,0.000000
356.533333,0.000000
356.566667,0.000000
356.6,0.000000
356.633333,0.000000
356.666667,0.000000
356.7,0.000000
356.733333,0.000000
356.766667,0.000000
356.8,0.000000
356.833333,0.000000
356.866667,0.000000
356.9,0.000000
356.933333,0.000000
356.966667,0.000000
357,0.000076
357.033333,0.000004
357.066667,0.000024
357.1,0.000011
357.133333,0.000001
357.166667,0.000001
357.2,0.000000
357.233333,0.000000
357.266667,0.000000
357.3,0.000000
357.333333,0.000000
357.366667,0.000000
357.4,0.000000
357.433333,1.000000
357.466667,0.000496
357.5,0.027008
357.533333,0.057046
357.566667,0.054349
357.6,0.008560
357.633333,0.000026
357.666667,0.000007
357.7,0.000003
357.733333,0.000000
357.766667,0.000000
357.8,0.000000
357.833333,0.000000
357.866667,0.000000
357.9,0.000000
357.933333,0.000000
357.966667,0.000000
358,0.000039
358.033333,0.000015
358.066667,0.000007
358.1,0.000003
358.133333,0.000000
358.166667,0.000000
358.2,0.000000
358.233333,0.000000
358.266667,0.000000
358.3,0.000000
358.333333,0.000000
358.366667,0.000000
358.4,0.000000
358.433333,0.000000
358.466667,0.000000
358.5,0.000000
358.533333,0.000000
358.566667,0.000000
358.6,0.000000
358.633333,0.000000
358.666667,0.000000
358.7,0.000000
358.733333,0.000000
358.766667,0.000000
358.8,0.000000
358.833333,0.000000
358.866667,0.000000
358.9,0.000000
358.933333,0.000000
358.966667,0.000000
359,0.000025
359.033333,0.000001
359.066667,0.000007
359.1,0.000003
359.133333,0.000000
359.166667,0.000000
359.2,0.000000
359.233333,0.000000
359.266667,0.000000
359.3,0.000000
359.333333,0.000000
359.366667,0.000000
359.4,0.000000
359.433333,0.000000
359.466667,0.000000
359.5,1.000000
359.533333,0.000064
359.566667,0.000018
359.6,0.000006
359.633333,0.000001
359.666667,0.000000
359.7,0.000000
359.733333,0.000000
359.766667,0.000000
359.8,0.000000
359.833333,0.000000
359.866667,0.000000
359.9,0.000000
359.933333,0.000000
359.966667,0.000000
360,0.000054
360.033333,0.000029
360.066667,0.000009
360.1,0.000004
360.133333,0.000000
360.166667,0.000000
360.2,0.000000
360.233333,0.000000
360.266667,0.000000
360.3,0.000000
360.333333,0.000000
360.366667,0.000000
360.4,0.000000
360.433333,0.000000
360.466667,0.000000
360.5,0.000000
360.533333,0.000000
360.566667,0.000000
360.6,0.000000
360.633333,0.000000
360.666667,0.000000
360.7,0.000000
360.733333,0.000000
360.766667,0.000000
360.8,0.000000
360.833333,0.000000
360.866667,0.000000
360.9,0.000000
360.933333,0.000000
360.966667,0.000000
361,0.000025
361.033333,0.000001
361.066667,0.000009
361.1,0.000004
361.133333,0.000000
361.166667,0.000000
361.2,0.000000
361.233333,0.000000
361.266667,0.000000
361.3,0.000000
361.333333,0.000000
361.366667,0.000000
361.4,0.000000
361.433333,0.000000
361.466667,0.041229
361.5,0.000239
361.533333,0.000041
361.566667,0.000072
361.6,0.000346
361.633333,0.000015
361.666667,0.000137
361.7,0.000022
361.733333,0.000000
361.766667,0.000051
361.8,0.000144
361.833333,0.000031
361.866667,0.000100
361.9,0.000081
361.933333,0.000008
361.966667,0.000094
362,0.000167
362.033333,0.000019
362.066667,0.000078
362.1,0.000014
362.133333,0.000002
362.166667,0.000005
362.2,0.000054
362.233333,0.000015
362.266667,0.000033
362.3,0.000150
362.333333,0.000037
362.366667,0.000147
362.4,0.000003
362.433333,0.000034
362.466667,0.000039
362.5,0.000118
362.533333,0.000023
362.566667,0.000118
362.6,0.000140
362.633333,0.000004
362.666667,0.000115
362.7,0.000133
362.733333,0.000046
362.766667,0.000124
362.8,0.000031
362.833333,0.000006
362.866667,0.000073
362.9,0.000054
362.933333,0.000050
362.966667,0.000054
363,0.000220
363.033333,0.000017
363.066667,0.000145
363.1,0.000224
363.133333,0.000044
363.166667,0.000162
363.2,0.000019
363.233333,0.000019
363.266667,0.000067
363.3,0.000362
363.333333,0.000079
363.366667,0.000223
363.4,0.036588
363.433333,0.000297
363.466667,0.000100
363.5,0.000021
363.533333,0.000040
363.566667,0.000033
363.6,0.000039
363.633333,0.000021
363.666667,0.000058
363.7,0.000256
363.733333,0.000040
363.766667,0.000163
363.8,0.000029
363.833333,0.000109
363.866667,0.000104
363.9,0.000604
363.933333,0.000118
363.966667,0.000400
364,0.000147
364.033333,0.000032
364.066667,0.000085
364.1,0.000054
364.133333,0.000008
364.166667,0.000077
364.2,0.000018
364.233333,0.000006
364.266667,0.000020
364.3,0.000310
364.333333,0.000057
364.366667,0.000173
364.4,0.000590
364.433333,0.000161
364.466667,0.000326
364.5,0.000107
364.533333,0.000082
364.566667,0.000086
364.6,0.000011
364.633333,0.000083
364.666667,0.000094
364.7,0.000029
364.733333,0.000061
364.766667,0.000089
364.8,0.000295
364.833333,0.000097
364.866667,0.000212
364.9,0.000072
364.933333,0.000007
364.966667,0.000001
365,0.000239
365.033333,0.000054
365.066667,0.000174
365.1,0.000106
365.133333,0.000066
365.166667,0.000163
365.2,0.000000
365.233333,0.000062
365.266667,0.000076
365.3,0.000157
365.333333,0.000049
365.366667,0.000175
365.4,0.000226
365.433333,0.000119
365.466667,0.000250
365.5,0.000042
365.533333,0.000040
365.566667,0.000110
365.6,0.000005
365.633333,0.040250
365.666667,0.000022
365.7,0.000011
365.733333,0.000011
365.766667,0.000233
365.8,0.000035
365.833333,0.000000
365.866667,0.000002
365.9,0.000000
365.933333,0.000002
365.966667,0.000000
366,0.000058
366.033333,0.000009
366.066667,0.000041
366.1,0.000007
366.133333,0.000001
366.166667,0.000000
366.2,0.000000
366.233333,0.000013
366.266667,0.000036
366.3,0.000019
366.333333,0.000019
366.366667,0.000024
366.4,0.000033
366.433333,0.000001
366.466667,0.000000
366.5,0.000000
366.533333,0.000000
366.566667,0.000000
366.6,0.000090
366.633333,0.000114
366.666667,0.000002
366.7,0.000075
366.733333,0.000199
366.766667,0.000013
366.8,0.000014
366.833333,0.000027
366.866667,0.000019
366.9,0.000099
366.933333,0.000044
366.966667,0.000059
367,0.000037
367.033333,0.000200
367.066667,0.000042
367.1,0.000007
367.133333,0.000013
367.166667,0.000123
367.2,0.000011
367.233333,0.000136
367.266667,0.000000
367.3,0.000010
367.333333,0.000000
367.366667,0.000000
367.4,0.000000
367.433333,0.000005
367.466667,0.000005
367.5,0.000087
367.533333,0.000038
367.566667,0.000081
367.6,0.000044
367.633333,0.000010
367.666667,0.000008
367.7,0.052508
367.733333,0.000179
367.766667,0.000064
367.8,0.000007
367.833333,0.000000
367.866667,0.000000
367.9,0.000000
367.933333,0.000000
367.966667,0.000000
368,0.000049
368.033333,0.000004
368.066667,0.000014
368.1,0.000007
368.133333,0.000001
368.166667,0.000000
368.2,0.000000
368.233333,0.000000
368.266667,0.000000
368.3,0.000000
368.333333,0.000000
368.366667,0.000000
368.4,0.000000
368.433333,0.000000
368.466667,0.000000
368.5,0.000000
368.533333,0.000000
368.566667,0.000000
368.6,0.000000
368.633333,0.000000
368.666667,0.000000
368.7,0.000000
368.733333,0.000000
368.766667,0.000000
368.8,0.000000
368.833333,0.000000
368.866667,0.000000
368.9,0.000000
368.933333,0.000000
368.966667,0.000000
369,0.000047
369.033333,0.000002
369.066667,0.000014
369.1,0.000007
369.133333,0.124438
369.166667,0.000039
369.2,0.000013
369.233333,0.000004
369.266667,0.000001
369.3,0.000000
369.333333,0.000000
369.366667,0.000000
369.4,0.000000
369.433333,0.000000
369.466667,0.000000
369.5,0.000000
369.533333,0.000000
369.566667,0.000000
369.6,0.000000
369.633333,0.000000
369.666667,0.000000
369.7,0.000000
369.733333,0.000000
369.766667,0.000000
369.8,0.000000
369.833333,0.000000
369.866667,0.000000
369.9,0.000000
369.933333,0.000000
369.966667,0.000000
370,0.000062
370.033333,0.000017
370.066667,0.000015
370.1,0.000006
370.133333,0.000001
370.166667,0.000001
370.2,0.000000
370.233333,0.000000
370.266667,0.000000
370.3,0.000000
370.333333,0.000000
370.366667,0.000000
370.4,0.000000
370.433333,0.000000
370.466667,0.000000
370.5,0.000000
370.533333,0.000000
370.566667,0.000000
370.6,0.000000
370.633333,0.000000
370.666667,0.000000
370.7,0.000000
370.733333,0.000000
370.766667,0.000000
370.8,0.000000
370.833333,0.000000
370.866667,0.000000
370.9,0.000000
370.933333,0.000000
370.966667,0.000000
371,0.034413
371.033333,0.000050
371.066667,0.000014
371.1,0.000006
371.133333,0.000001
371.166667,0.000001
371.2,0.000000
371.233333,0.000000
371.266667,0.000000
371.3,0.000000
371.333333,0.000000
371.366667,0.000000
371.4,0.000000
371.433333,0.000000
371.466667,0.000000
371.5,0.000000
371.533333,0.000000
371.566667,0.000000
371.6,0.000000
371.633333,0.000000
371.666667,0.000000
371.7,0.000000
371.733333,0.000000
371.766667,0.000000
371.8,0.000000
371.833333,0.000000
371.866667,0.000000
371.9,0.000000
371.933333,0.000000
371.966667,0.000000
372,0.000046
372.033333,0.000002
372.066667,0.000014
372.1,0.000006
372.133333,0.000001
372.166667,0.000001
372.2,0.000000
372.233333,0.000000
372.266667,0.000000
372.3,0.000000
372.333333,0.000000
372.366667,0.000000
372.4,0.000000
372.433333,0.000000
372.466667,0.000000
372.5,0.000000
372.533333,0.000000
372.566667,0.000000
372.6,0.000000
372.633333,0.000000
372.666667,0.000000
372.7,0.000000
372.733333,0.000000
372.766667,0.000000
372.8,0.000000
372.833333,0.046170
372.866667,0.000012
372.9,0.001899
372.933333,0.000907
372.966667,0.000208
373,0.000042
373.033333,0.000364
373.066667,0.000567
373.1,0.000259
373.133333,0.000213
373.166667,0.000387
373.2,0.000101
373.233333,0.000345
373.266667,0.000495
373.3,0.000259
373.333333,0.000289
373.366667,0.000465
373.4,0.000271
373.433333,0.000033
373.466667,0.001220
373.5,0.000709
373.533333,0.000733
373.566667,0.000411
373.6,0.000165
373.633333,0.000312
373.666667,0.071790
373.7,0.000538
373.733333,0.000015
373.766667,0.000002
373.8,0.000000
373.833333,0.000000
373.866667,0.000000
373.9,0.000000
373.933333,0.000000
373.966667,0.000000
374,0.000092
374.033333,0.000022
374.066667,0.000023
374.1,0.000009
374.133333,0.000001
374.166667,0.000001
374.2,0.000000
374.233333,0.000000
374.266667,0.000000
374.3,0.000000
374.333333,0.000000
374.366667,0.000000
374.4,0.000000
374.433333,0.000000
374.466667,0.000000
374.5,0.000000
374.533333,0.000000
374.566667,0.000000
374.6,0.000000
374.633333,0.000000
374.666667,0.000000
374.7,0.000000
374.733333,0.000000
374.766667,0.000000
374.8,0.000000
374.833333,0.000000
374.866667,0.000000
374.9,0.000000
374.933333,0.000000
374.966667,0.000000
375,0.000074
375.033333,0.000004
375.066667,0.000023
375.1,0.000009
375.133333,0.000001
375.166667,0.000001
375.2,0.000000
375.233333,0.000000
375.266667,0.000000
375.3,0.000000
375.333333,0.000000
375.366667,0.000000
375.4,0.029601
375.433333,0.000026
375.466667,0.000012
375.5,0.000001
375.533333,0.000001
375.566667,0.000000
375.6,0.000000
375.633333,0.000000
375.666667,0.000000
375.7,0.000000
375.733333,0.000000
375.766667,0.000000
375.8,0.000000
375.833333,0.004393
375.866667,0.001359
375.9,0.000000
375.933333,0.000000
375.966667,0.000018
376,0.000096
376.033333,0.000009
376.066667,0.000058
376.1,0.000008
376.133333,0.000019
376.166667,0.000017
376.2,0.002096
376.233333,0.000012
376.266667,0.000000
376.3,0.000000
376.333333,0.000000
376.366667,0.000000
376.4,0.000000
376.433333,0.000000
376.466667,0.000000
376.5,0.000000
376.533333,0.000000
376.566667,0.000000
376.6,0.000000
376.633333,0.000000
376.666667,0.000000
376.7,0.000000
376.733333,0.000000
376.766667,0.000000
376.8,0.000000
376.833333,0.000000
376.866667,0.000000
376.9,0.000000
376.933333,0.000000
376.966667,0.000000
377,0.000074
377.033333,0.000004
377.066667,0.000023
377.1,0.000008
377.133333,0.000002
377.166667,0.000001
377.2,0.000000
377.233333,0.000000
377.266667,0.000000
377.3,0.000000
377.333333,0.000000
377.366667,0.000000
377.4,0.000000
377.433333,0.000000
377.466667,0.000000
377.5,0.000000
377.533333,0.000000
377.566667,0.063868
377.6,0.000018
377.633333,0.000007
377.666667,0.000001
377.7,0.000000
377.733333,0.000000
377.766667,0.000000
377.8,0.000000
377.833333,0.000000
377.866667,0.000000
377.9,0.000000
377.933333,0.000000
377.966667,0.000000
378,0.000070
378.033333,0.000008
378.066667,0.000020
378.1,0.000008
378.133333,0.000001
378.166667,0.000001
378.2,0.000000
378.233333,0.000000
378.266667,0.000000
378.3,0.000000
378.333333,0.000000
378.366667,0.000000
378.4,0.000000
378.433333,0.000000
378.466667,0.000000
378.5,0.000000
378.533333,0.049758
378.566667,0.000024
378.6,0.000011
378.633333,0.000002
378.666667,0.000000
378.7,0.000000
378.733333,0.000000
378.766667,0.000000
378.8,0.000000
378.833333,0.000000
378.866667,0.000000
378.9,0.000000
378.933333,0.000000
378.966667,0.000000
379,0.000084
379.033333,0.000015
379.066667,0.000022
379.1,0.000008
379.133333,0.000001
379.166667,0.000001
379.2,0.000000
379.233333,0.000000
379.266667,0.000027
379.3,0.001579
379.333333,0.000524
379.366667,0.000012
379.4,0.000001
379.433333,0.000000
379.466667,0.000000
379.5,0.000000
379.533333,0.000778
379.566667,0.000609
379.6,0.000012
379.633333,0.000001
379.666667,0.000823
379.7,0.000320
379.733333,0.000012
379.766667,0.000001
379.8,0.000000
379.833333,0.000000
379.866667,0.000000
379.9,0.000000
379.933333,0.000000
379.966667,0.000000
380,0.000079
380.033333,0.000009
380.066667,0.000022
380.1,0.000009
380.133333,0.000001
380.166667,0.000001
380.2,0.000000
380.233333,0.000000
380.266667,0.000000
380.3,0.000000
380.333333,0.000000
380.366667,0.000000
380.4,0.000000
380.433333,0.000000
380.466667,0.000000
380.5,0.000000
380.533333,0.000000
380.566667,0.000000
380.6,0.000000
380.633333,0.000000
380.666667,0.000000
380.7,0.025908
380.733333,0.000019
380.766667,0.000008
380.8,0.000001
380.833333,0.000000
380.866667,0.000000
380.9,0.000000
380.933333,0.000000
380.966667,0.000000
381,0.000068
381.033333,0.000003
381.066667,0.000020
381.1,0.000008
381.133333,0.000001
381.166667,0.000001
381.2,0.000000
381.233333,0.000000
381.266667,0.000000
381.3,0.000000
381.333333,0.000000
381.366667,0.000000
381.4,0.000000
381.433333,0.000000
381.466667,0.000000
381.5,0.000000
381.533333,0.000000
381.566667,0.000000
381.6,0.000000
381.633333,0.000000
381.666667,0.000000
381.7,0.000000
381.733333,0.001180
381.766667,0.000229
381.8,0.000140
381.833333,0.000266
381.866667,0.000010
381.9,0.000000
381.933333,0.000000
381.966667,0.000000
382,0.000070
382.033333,0.000004
382.066667,0.000021
382.1,0.001103
382.133333,0.000236
382.166667,0.000182
382.2,0.000070
382.233333,0.000438
382.266667,0.000260
382.3,0.000173
382.333333,0.000559
382.366667,0.000010
382.4,0.050800
382.433333,0.000018
382.466667,0.000006
382.5,0.000001
382.533333,0.000000
382.566667,0.000000
382.6,0.000000
382.633333,0.000000
382.666667,0.000000
382.7,0.000000
382.733333,0.000000
382.766667,0.000000
382.8,0.000000
382.833333,0.000000
382.866667,0.000000
382.9,0.000000
382.933333,0.000000
382.966667,0.000000
383,0.000072
383.033333,0.000007
383.066667,0.000021
383.1,0.000008
383.133333,0.000001
383.166667,0.000001
383.2,0.000000
383.233333,0.000000
383.266667,0.000000
383.3,0.000000
383.333333,0.000000
383.366667,0.072285
383.4,0.000017
383.433333,0.000007
383.466667,0.000001
383.5,0.000000
383.533333,0.000000
383.566667,0.000000
383.6,0.000000
383.633333,0.000000
383.666667,0.000000
383.7,0.000000
383.733333,0.000000
383.766667,0.000000
383.8,0.000000
383.833333,0.000000
383.866667,0.000000
383.9,0.000000
383.933333,0.000000
383.966667,0.000000
384,0.000072
384.033333,0.000006
384.066667,0.000019
384.1,0.000009
384.133333,0.000001
384.166667,0.000001
384.2,0.000000
384.233333,0.000000
384.266667,0.000000
384.3,0.000000
384.333333,0.000000
384.366667,0.000000
384.4,0.000000
384.433333,0.000000
384.466667,0.000000
384.5,0.000000
384.533333,0.000000
384.566667,0.000000
384.6,0.000000
384.633333,0.000000
384.666667,0.000000
384.7,0.000000
384.733333,0.000000
384.766667,0.000000
384.8,0.000000
384.833333,0.000000
384.866667,0.000000
384.9,0.000000
384.933333,0.000000
384.966667,0.000000
385,0.000070
385.033333,0.000004
385.066667,0.000019
385.1,0.000009
385.133333,0.000001
385.166667,0.000001
385.2,0.000000
385.233333,0.000000
385.266667,0.000000
385.3,0.000000
385.333333,0.000000
385.366667,0.000000
385.4,0.000000
385.433333,0.000000
385.466667,0.000000
385.5,0.000000
385.533333,0.000000
385.566667,0.000000
385.6,0.000000
385.633333,0.000000
385.666667,0.000000
385.7,0.046609
385.733333,0.000019
385.766667,0.000009
385.8,0.000001
385.833333,0.000000
385.866667,0.000003
385.9,0.000003
385.933333,0.000000
385.966667,0.000000
386,0.000078
386.033333,0.000010
386.066667,0.000024
386.1,0.000012
386.133333,0.000002
386.166667,0.000001
386.2,0.002932
386.233333,0.000010
386.266667,0.000031
386.3,0.000010
386.333333,0.000058
386.366667,0.000010
386.4,0.000086
386.433333,0.000010
386.466667,0.000143
386.5,0.000010
386.533333,0.000048
386.566667,0.000009
386.6,0.000057
386.633333,0.000009
386.666667,0.000071
386.7,0.000010
386.733333,0.000083
386.766667,0.000010
386.8,0.000090
386.833333,0.000010
386.866667,0.000103
386.9,0.000010
386.933333,0.000116
386.966667,0.000010
387,0.000200
387.033333,0.000078
387.066667,0.000082
387.1,0.000012
387.133333,0.000143
387.166667,0.000010
387.2,0.000159
387.233333,0.000010
387.266667,0.000170
387.3,0.000010
387.333333,0.000184
387.366667,0.000010
387.4,0.000193
387.433333,0.000010
387.466667,0.000207
387.5,0.000010
387.533333,0.000217
387.566667,0.000010
387.6,0.000229
387.633333,0.000010
387.666667,0.000253
387.7,0.000010
387.733333,0.000261
387.766667,0.000010
387.8,0.000280
387.833333,0.000010
387.866667,0.000288
387.9,0.000010
387.933333,0.000308
387.966667,0.000010
388,0.000393
388.033333,0.000078
388.066667,0.000287
388.1,0.000012
388.133333,0.000366
388.166667,0.000010
388.2,0.000384
388.233333,0.000010
388.266667,0.000396
388.3,0.000010
388.333333,0.000421
388.366667,0.000010
388.4,0.051737
388.433333,0.000021
388.466667,0.000452
388.5,0.000011
388.533333,0.000481
388.566667,0.000011
388.6,0.000502
388.633333,0.000011
388.666667,0.000526
388.7,0.000011
388.733333,0.000547
388.766667,0.000011
388.8,0.000575
388.833333,0.000011
388.866667,0.000602
388.9,0.000012
388.933333,0.000632
388.966667,0.000011
389,0.000730
389.033333,0.000080
389.066667,0.000623
389.1,0.000013
389.133333,0.000704
389.166667,0.000011
389.2,0.000733
389.233333,0.000011
389.266667,0.000756
389.3,0.000011
389.333333,0.000775
389.366667,0.000011
389.4,0.000789
389.433333,0.000011
389.466667,0.000804
389.5,0.000012
389.533333,0.000805
389.566667,0.000011
389.6,0.000817
389.633333,0.000012
389.666667,0.000792
389.7,0.000012
389.733333,0.000748
389.766667,0.000012
389.8,0.000704
389.833333,0.000012
389.866667,0.000641
389.9,0.000012
389.933333,0.000520
389.966667,0.000011
390,0.000516
390.033333,0.000081
390.066667,0.000252
390.1,0.000014
390.133333,0.000167
390.166667,0.000013
390.2,0.000051
390.233333,0.000012
390.266667,0.000000
390.3,0.000001
390.333333,0.000000
390.366667,0.000000
390.4,0.000000
390.433333,0.000000
390.466667,0.000009
390.5,0.000008
390.533333,0.000001
390.566667,0.000000
390.6,0.000000
390.633333,0.000000
390.666667,0.000000
390.7,0.000000
390.733333,0.057421
390.766667,0.000020
390.8,0.000002
390.833333,0.000006
390.866667,0.000000
390.9,0.000000
390.933333,0.000000
390.966667,0.000000
391,0.000083
391.033333,0.000014
391.066667,0.000022
391.1,0.000009
391.133333,0.000004
391.166667,0.000005
391.2,0.000001
391.233333,0.000001
391.266667,0.000000
391.3,0.000000
391.333333,0.000000
391.366667,0.000000
391.4,0.000000
391.433333,0.000000
391.466667,0.000011
391.5,0.000010
391.533333,0.000048
391.566667,0.000012
391.6,0.000036
391.633333,0.000011
391.666667,0.000054
391.7,0.000012
391.733333,0.000005
391.766667,0.000005
391.8,0.000022
391.833333,0.000011
391.866667,0.000011
391.9,0.000011
391.933333,0.000004
391.966667,0.000004
392,0.000078
392.033333,0.000009
392.066667,0.000022
392.1,0.000009
392.133333,0.000009
392.166667,0.000010
392.2,0.000003
392.233333,0.047705
392.266667,0.000015
392.3,0.000006
392.333333,0.000001
392.366667,0.000000
392.4,0.000000
392.433333,0.000000
392.466667,0.000005
392.5,0.000005
392.533333,0.000000
392.566667,0.000001
392.6,0.000000
392.633333,0.000000
392.666667,0.000000
392.7,0.000000
392.733333,0.000000
392.766667,0.000000
392.8,0.000003
392.833333,0.000003
392.866667,0.000000
392.9,0.000000
392.933333,0.000000
392.966667,0.000000
393,0.000077
393.033333,0.000010
393.066667,0.000020
393.1,0.000009
393.133333,0.000003
393.166667,0.000005
393.2,0.000000
393.233333,0.000000
393.266667,0.000000
393.3,0.000000
393.333333,0.000000
393.366667,0.000000
393.4,0.000000
393.433333,0.000000
393.466667,0.000031
393.5,0.000010
393.533333,0.000037
393.566667,0.000010
393.6,0.000023
393.633333,0.000008
393.666667,0.000007
393.7,0.000007
393.733333,0.000001
393.766667,0.000002
393.8,0.000000
393.833333,0.000001
393.866667,0.000001
393.9,0.000001
393.933333,0.000001
393.966667,0.000001
394,0.000079
394.033333,0.000012
394.066667,0.000022
394.1,0.000011
394.133333,0.000001
394.166667,0.000002
394.2,0.078705
394.233333,0.000026
394.266667,0.000013
394.3,0.000002
394.333333,0.000000
394.366667,0.000000
394.4,0.000000
394.433333,0.000000
394.466667,0.000000
394.5,0.000000
394.533333,0.000000
394.566667,0.000000
394.6,0.000000
394.633333,0.000000
394.666667,0.000000
394.7,0.000000
394.733333,0.000000
394.766667,0.000000
394.8,0.000000
394.833333,0.000000
394.866667,0.000000
394.9,0.000000
394.933333,0.000000
394.966667,0.000000
395,0.000080
395.033333,0.000012
395.066667,0.000022
395.1,0.000009
395.133333,0.000001
395.166667,0.000001
395.2,0.000000
395.233333,0.000000
395.266667,0.000000
395.3,0.000000
395.333333,0.000000
395.366667,0.000000
395.4,0.000000
395.433333,0.000000
395.466667,0.000000
395.5,0.000000
395.533333,0.000000
395.566667,0.000000
395.6,0.000000
395.633333,0.000000
395.666667,0.000000
395.7,0.000000
395.733333,0.000000
395.766667,0.000000
395.8,0.000000
395.833333,0.000000
395.866667,0.000000
395.9,0.000000
395.933333,0.000000
395.966667,0.000000
396,0.000072
396.033333,0.000004
396.066667,0.000022
396.1,0.000009
396.133333,0.000001
396.166667,0.000001
396.2,0.000000
396.233333,0.000000
396.266667,0.000000
396.3,0.000000
396.333333,0.000000
396.366667,0.000000
396.4,0.000000
396.433333,0.044843
396.466667,0.000019
396.5,0.000008
396.533333,0.000001
396.566667,0.000000
396.6,0.000000
396.633333,0.000000
396.666667,0.000000
396.7,0.000000
396.733333,0.000000
396.766667,0.000000
396.8,0.000000
396.833333,0.000000
396.866667,0.000000
396.9,0.000000
396.933333,0.000000
396.966667,0.000000
397,0.000077
397.033333,0.000012
397.066667,0.000021
397.1,0.000008
397.133333,0.000001
397.166667,0.000001
397.2,0.000000
397.233333,0.000000
397.266667,0.000000
397.3,0.000000
397.333333,0.000000
397.366667,0.000000
397.4,0.000000
397.433333,0.000000
397.466667,0.000000
397.5,0.000000
397.533333,0.000000
397.566667,0.000000
397.6,0.000000
397.633333,0.000000
397.666667,0.000000
397.7,0.000000
397.733333,0.000000
397.766667,0.032811
397.8,0.000022
397.833333,0.000010
397.866667,0.000002
397.9,0.000000
397.933333,0.000000
397.966667,0.000000
398,0.000077
398.033333,0.000010
398.066667,0.000021
398.1,0.000008
398.133333,0.000001
398.166667,0.000001
398.2,0.000000
398.233333,0.000000
398.266667,0.000000
398.3,0.000000
398.333333,0.000000
398.366667,0.000000
398.4,0.000000
398.433333,0.000000
398.466667,0.000000
398.5,0.000000
398.533333,0.000000
398.566667,0.000000
398.6,0.000000
398.633333,0.000000
398.666667,0.000000
398.7,0.000000
398.733333,0.000000
398.766667,0.000000
398.8,0.000000
398.833333,0.000000
398.866667,0.000000
398.9,0.000000
398.933333,0.000000
398.966667,0.000000
399,0.000071
399.033333,0.000004
399.066667,0.000021
399.1,0.000008
399.133333,0.000001
399.166667,0.001444
399.2,0.000070
399.233333,0.000037
399.266667,0.000082
399.3,0.000243
399.333333,0.000012
399.366667,0.000105
399.4,0.000052
399.433333,0.000004
399.466667,0.000054
399.5,0.000176
399.533333,0.000106
399.566667,0.000052
399.6,0.000047
399.633333,0.072853
399.666667,0.001530
399.7,0.000002
399.733333,0.000021
399.766667,0.000116
399.8,0.000080
399.833333,0.000026
399.866667,0.000021
399.9,0.000023
399.933333,0.000033
399.966667,0.000014
400,0.000016
400.033333,0.000008
400.066667,0.000022
400.1,0.000022
400.133333,0.000048
400.166667,0.000011
400.2,0.000003
400.233333,0.000000
400.266667,0.000000
400.3,0.000000
400.333333,0.000000
400.366667,0.000000
400.4,0.000000
400.433333,0.000000
400.466667,0.000000
400.5,0.000000
400.533333,0.000000
400.566667,0.000000
400.6,0.000000
400.633333,0.000000
400.666667,0.000000
400.7,0.000000
400.733333,0.000000
400.766667,0.000000
400.8,0.000000
400.833333,0.000000
400.866667,0.000000
400.9,0.000000
400.933333,0.000000
400.966667,0.000000
401,0.000054
401.033333,0.000010
401.066667,0.000015
401.1,0.000006
401.133333,0.000001
401.166667,0.000000
401.2,0.000000
401.233333,0.000000
401.266667,0.000000
401.3,0.000000
401.333333,0.000000
401.366667,0.000000
401.4,0.000000
401.433333,0.000000
401.466667,0.000000
401.5,0.000000
401.533333,0.000000
401.566667,0.000000
401.6,0.000000
401.633333,0.000000
401.666667,0.000000
401.7,0.000000
401.733333,0.000000
401.766667,0.000000
401.8,0.000000
401.833333,0.000000
401.866667,0.000000
401.9,0.000000
401.933333,0.000000
401.966667,0.000000
402,0.000047
402.033333,0.000002
402.066667,0.000015
402.1,0.000006
402.133333,0.000001
402.166667,0.000000
402.2,0.000000
402.233333,0.000000
402.266667,0.000000
402.3,0.000000
402.333333,0.000000
402.366667,0.000000
402.4,0.000000
402.433333,0.000000
402.466667,0.000000
402.5,0.050143
402.533333,0.000021
402.566667,0.000011
402.6,0.000001
402.633333,0.000000
402.666667,0.000000
402.7,0.000000
402.733333,0.000000
402.766667,0.000000
402.8,0.000000
402.833333,0.000000
402.866667,0.000000
402.9,0.000000
402.933333,0.000000
402.966667,0.000000
403,0.000047
403.033333,0.000003
403.066667,0.000015
403.1,0.000005
403.133333,0.000000
403.166667,0.000000
403.2,0.000000
403.233333,0.000000
403.266667,0.000000
403.3,0.000000
403.333333,0.000000
403.366667,0.000000
403.4,0.000000
403.433333,0.000000
403.466667,0.000000
403.5,0.000000
403.533333,0.000000
403.566667,0.000000
403.6,0.000000
403.633333,0.000000
403.666667,0.000000
403.7,0.000000
403.733333,0.000000
403.766667,0.000000
403.8,0.000000
403.833333,0.000000
403.866667,0.000000
403.9,0.000000
403.933333,0.000000
403.966667,0.000000
404,0.000046
404.033333,0.000002
404.066667,0.000015
404.1,0.000005
404.133333,0.000000
404.166667,0.000000
404.2,0.000000
404.233333,0.000000
404.266667,0.000000
404.3,0.000000
404.333333,0.000000
404.366667,0.000000
404.4,0.000000
404.433333,0.000000
404.466667,0.000000
404.5,0.000000
404.533333,0.000000
404.566667,0.000000
404.6,0.000000
404.633333,0.000000
404.666667,0.000000
404.7,0.038989
404.733333,0.000012
404.766667,0.000005
404.8,0.000001
404.833333,0.000000
404.866667,0.000000
404.9,0.000000
404.933333,0.000000
404.966667,0.000000
405,0.000041
405.033333,0.000002
405.066667,0.000012
405.1,0.000005
405.133333,0.000000
405.166667,0.000000
405.2,0.000000
405.233333,0.000000
405.266667,0.000000
405.3,0.000000
405.333333,0.000000
405.366667,0.000000
405.4,0.000000
405.433333,0.000000
405.466667,0.000000
405.5,0.000000
405.533333,0.000000
405.566667,0.000000
405.6,0.000000
405.633333,0.000000
405.666667,0.000000
405.7,0.000000
405.733333,0.000000
405.766667,0.000000
405.8,0.000000
405.833333,0.000000
405.866667,0.000000
405.9,0.000000
405.933333,0.000000
405.966667,0.000000
406,0.000041
406.033333,0.000002
406.066667,0.000012
406.1,0.000005
406.133333,0.000000
406.166667,0.000000
406.2,0.000000
406.233333,0.000000
406.266667,0.000000
406.3,0.000000
406.333333,0.000000
406.366667,0.000000
406.4,0.000000
406.433333,0.000000
406.466667,0.000000
406.5,0.000000
406.533333,0.000000
406.566667,0.044732
406.6,0.000018
406.633333,0.000009
406.666667,0.000002
406.7,0.000000
406.733333,0.000000
406.766667,0.000000
406.8,0.000000
406.833333,0.000000
406.866667,0.000000
406.9,0.000000
406.933333,0.000000
406.966667,0.000000
407,0.000046
407.033333,0.000004
407.066667,0.000015
407.1,0.000006
407.133333,0.000001
407.166667,0.000000
407.2,0.000000
407.233333,0.000000
407.266667,0.000000
407.3,0.000000
407.333333,0.000000
407.366667,0.000000
407.4,0.000000
407.433333,0.000000
407.466667,0.000000
407.5,0.000000
407.533333,0.000000
407.566667,0.000000
407.6,0.000000
407.633333,0.000000
407.666667,0.000000
407.7,0.000000
407.733333,0.000000
407.766667,0.000000
407.8,0.000000
407.833333,0.000000
407.866667,0.000000
407.9,0.000000
407.933333,0.000000
407.966667,0.000000
408,0.064168
408.033333,0.000052
408.066667,0.000014
408.1,0.000006
408.133333,0.000001
408.166667,0.000000
408.2,0.000000
408.233333,0.000000
408.266667,0.000000
408.3,0.000000
408.333333,0.000000
408.366667,0.000000
408.4,0.000000
408.433333,0.000000
408.466667,0.000000
408.5,0.000000
408.533333,0.000000
408.566667,0.000000
408.6,0.000000
408.633333,0.000000
408.666667,0.000000
408.7,0.000000
408.733333,0.000000
408.766667,0.000000
408.8,0.000000
408.833333,0.000000
408.866667,0.000000
408.9,0.000000
408.933333,0.000000
408.966667,0.000000
409,0.000046
409.033333,0.000002
409.066667,0.000014
409.1,0.000006
409.133333,0.000001
409.166667,0.000000
409.2,0.000000
409.233333,0.000000
409.266667,0.000000
409.3,0.000000
409.333333,0.000000
409.366667,0.000000
409.4,0.000000
409.433333,0.000000
409.466667,0.000000
409.5,0.000000
409.533333,0.000000
409.566667,0.000000
409.6,0.000000
409.633333,0.000000
409.666667,0.000000
409.7,0.000000
409.733333,0.000000
409.766667,0.000000
409.8,0.000000
409.833333,0.000000
409.866667,0.000000
409.9,0.000000
409.933333,0.000000
409.966667,0.000000
410,0.000046
410.033333,0.000002
410.066667,0.000014
410.1,0.000006
410.133333,0.000001
410.166667,0.000000
410.2,0.000000
410.233333,0.000000
410.266667,0.000000
410.3,0.000000
410.333333,0.000000
410.366667,0.000000
410.4,0.000000
410.433333,0.000000
410.466667,0.000000
410.5,0.000000
410.533333,0.192615
410.566667,0.000015
410.6,0.000007
410.633333,0.000003
410.666667,0.000000
410.7,0.000000
410.733333,0.000000
410.766667,0.000000
410.8,0.000000
410.833333,0.000000
410.866667,0.000000
410.9,0.000000
410.933333,0.000000
410.966667,0.000000
411,0.000033
411.033333,0.000009
411.066667,0.000008
411.1,0.000004
411.133333,0.000000
411.166667,0.000000
411.2,0.000000
411.233333,0.000000
411.266667,0.000000
411.3,0.000000
411.333333,0.000000
411.366667,0.000000
411.4,0.000000
411.433333,0.000000
411.466667,0.000000
411.5,0.000000
411.533333,0.000000
411.566667,0.000000
411.6,0.000000
411.633333,0.000000
411.666667,0.000000
411.7,0.000000
411.733333,0.000000
411.766667,0.000000
411.8,0.000000
411.833333,0.000000
411.866667,0.000000
411.9,0.000000
411.933333,0.000000
411.966667,0.051225
412,0.000026
412.033333,0.000059
412.066667,0.000010
412.1,0.000001
412.133333,0.000001
412.166667,0.000003
412.2,0.000007
412.233333,0.000001
412.266667,0.000000
412.3,0.000001
412.333333,0.000003
412.366667,0.000008
412.4,0.000017
412.433333,0.000022
412.466667,0.000005
412.5,0.000047
412.533333,0.000015
412.566667,0.000003
412.6,0.000007
412.633333,0.000004
412.666667,0.000004
412.7,0.000005
412.733333,0.000007
412.766667,0.000018
412.8,0.000010
412.833333,0.000008
412.866667,0.000043
412.9,0.000051
412.933333,0.000003
412.966667,0.000000
413,0.000029
413.033333,0.000014
413.066667,0.000028
413.1,0.000000
413.133333,0.000004
413.166667,0.000004
413.2,0.000007
413.233333,0.000003
413.266667,0.000012
413.3,0.000018
413.333333,0.000085
413.366667,0.000007
413.4,0.000000
413.433333,0.000000
413.466667,0.000000
413.5,0.000000
413.533333,0.000000
413.566667,0.000000
413.6,0.000000
413.633333,0.000000
413.666667,0.000000
413.7,0.000000
413.733333,0.000000
413.766667,0.000000
413.8,0.000000
413.833333,0.000000
413.866667,0.000000
413.9,0.000000
413.933333,0.000000
413.966667,0.000000
414,0.000034
414.033333,0.000003
414.066667,0.000012
414.1,0.000005
414.133333,0.000000
414.166667,0.000000
414.2,0.039066
414.233333,0.000009
414.266667,0.000004
414.3,0.000001
414.333333,0.000000
414.366667,0.000000
414.4,0.000000
414.433333,0.000000
414.466667,0.000000
414.5,0.000000
414.533333,0.000000
414.566667,0.000000
414.6,0.000000
414.633333,0.000000
414.666667,0.000000
414.7,0.000000
414.733333,0.000000
414.766667,0.000000
414.8,0.000000
414.833333,0.000000
414.866667,0.000000
414.9,0.000000
414.933333,0.000000
414.966667,0.000000
415,0.000027
415.033333,0.000003
415.066667,0.000007
415.1,0.000003
415.133333,0.000000
415.166667,0.000000
415.2,0.000000
415.233333,0.000000
415.266667,0.000000
415.3,0.000000
415.333333,0.000000
415.366667,0.000000
415.4,0.000000
415.433333,0.000000
415.466667,0.000000
415.5,0.000000
415.533333,0.000000
415.566667,0.000000
415.6,0.000000
415.633333,0.000000
415.666667,0.000000
415.7,0.000000
415.733333,0.000000
415.766667,0.000000
415.8,0.000000
415.833333,0.000000
415.866667,0.000000
415.9,0.000000
415.933333,0.000000
415.966667,0.000000
416,0.000026
416.033333,0.000001
416.066667,0.000007
416.1,0.000003
416.133333,0.000000
416.166667,0.000000
416.2,0.000000
416.233333,0.039676
416.266667,0.000020
416.3,0.000008
416.333333,0.000002
416.366667,0.000000
416.4,0.000000
416.433333,0.000000
416.466667,0.000000
416.5,0.000000
416.533333,0.000000
416.566667,0.000000
416.6,0.000000
416.633333,0.000000
416.666667,0.000000
416.7,0.000000
416.733333,0.000000
416.766667,0.000000
416.8,0.000000
416.833333,0.000000
416.866667,0.000000
416.9,0.000000
416.933333,0.000000
416.966667,0.000317
417,0.000375
417.033333,0.000073
417.066667,0.000041
417.1,0.000001
417.133333,0.000003
417.166667,0.000005
417.2,0.000004
417.233333,0.000002
417.266667,0.000004
417.3,0.000037
417.333333,0.000127
417.366667,0.000084
417.4,0.000013
417.433333,0.000006
417.466667,0.000005
417.5,0.000120
417.533333,0.000148
417.566667,0.000016
417.6,0.000003
417.633333,0.000003
417.666667,0.000015
417.7,0.000008
417.733333,0.000230
417.766667,0.000006
417.8,0.000000
417.833333,0.000000
417.866667,0.000000
417.9,0.000000
417.933333,0.000000
417.966667,0.000000
418,0.000033
418.033333,0.000003
418.066667,0.000011
418.1,0.000005
418.133333,0.000000
418.166667,0.000000
418.2,0.000000
418.233333,0.046382
418.266667,0.000006
418.3,0.000003
418.333333,0.000000
418.366667,0.000000
418.4,0.000000
418.433333,0.000000
418.466667,0.000000
418.5,0.000000
418.533333,0.000000
418.566667,0.000000
418.6,0.000000
418.633333,0.000000
418.666667,0.000000
418.7,0.000000
418.733333,0.000000
418.766667,0.000000
418.8,0.000000
418.833333,0.000000
418.866667,0.000000
418.9,0.000000
418.933333,0.000000
418.966667,0.000000
419,0.000023
419.033333,0.000001
419.066667,0.000006
419.1,0.000003
419.133333,0.000000
419.166667,0.000000
419.2,0.000000
419.233333,0.000000
419.266667,0.000000
419.3,0.000000
419.333333,0.000000
419.366667,0.000000
419.4,0.000000
419.433333,0.000000
419.466667,0.000000
419.5,0.000000
419.533333,0.052132
419.566667,0.000017
419.6,0.000008
419.633333,0.000001
419.666667,0.000000
419.7,0.000000
419.733333,0.000000
419.766667,0.000000
419.8,0.000000
419.833333,0.000000
419.866667,0.000000
419.9,0.000000
419.933333,0.000000
419.966667,0.000000
420,0.000036
420.033333,0.000006
420.066667,0.000011
420.1,0.000004
420.133333,0.000000
420.166667,0.000000
420.2,0.000000
420.233333,0.000000
420.266667,0.000000
420.3,0.000000
420.333333,0.000000
420.366667,0.000000
420.4,0.000000
420.433333,0.000000
420.466667,0.000000
420.5,0.000000
420.533333,0.000000
420.566667,0.000000
420.6,0.000000
420.633333,0.000000
420.666667,0.000000
420.7,0.000000
420.733333,0.000000
420.766667,0.000000
420.8,0.000000
420.833333,0.000000
420.866667,0.000000
420.9,0.000000
420.933333,0.000000
420.966667,0.000000
421,0.000031
421.033333,0.000002
421.066667,0.000011
421.1,0.000004
421.133333,0.000000
421.166667,0.000000
421.2,0.000000
421.233333,0.000000
421.266667,0.000000
421.3,0.000000
421.333333,0.000000
421.366667,0.000000
421.4,0.000000
421.433333,0.000000
421.466667,0.000000
421.5,0.000000
421.533333,0.000000
421.566667,0.049014
421.6,0.000009
421.633333,0.000004
421.666667,0.000002
421.7,0.000000
421.733333,0.000000
421.766667,0.000000
421.8,0.000000
421.833333,0.000000
421.866667,0.000000
421.9,0.000000
421.933333,0.000000
421.966667,0.000000
422,0.000029
422.033333,0.000006
422.066667,0.000007
422.1,0.000003
422.133333,0.000000
422.166667,0.000000
422.2,0.000000
422.233333,0.000000
422.266667,0.000000
422.3,0.000000
422.333333,0.000000
422.366667,0.000000
422.4,0.000000
422.433333,0.000000
422.466667,0.000000
422.5,0.000000
422.533333,0.000000
422.566667,0.000000
422.6,0.000000
422.633333,0.000000
422.666667,0.000000
422.7,0.000000
422.733333,0.000000
422.766667,0.000000
422.8,0.000000
422.833333,0.000000
422.866667,0.000000
422.9,0.000000
422.933333,0.000000
422.966667,0.000000
423,0.000025
423.033333,0.000002
423.066667,0.000007
423.1,0.000003
423.133333,0.000000
423.166667,0.000000
423.2,0.000000
423.233333,0.000000
423.266667,0.038117
423.3,0.000065
423.333333,0.000025
423.366667,0.000002
423.4,0.000001
423.433333,0.000003
423.466667,0.000007
423.5,0.000001
423.533333,0.000000
423.566667,0.000001
423.6,0.000003
423.633333,0.000008
423.666667,0.000017
423.7,0.000022
423.733333,0.000005
423.766667,0.000047
423.8,0.000015
423.833333,0.000003
423.866667,0.000007
423.9,0.000004
423.933333,0.000004
423.966667,0.000005
424,0.000030
424.033333,0.000024
424.066667,0.000016
424.1,0.000003
424.133333,0.000042
424.166667,0.000051
424.2,0.000003
424.233333,0.000000
424.266667,0.000006
424.3,0.000011
424.333333,0.000002
424.366667,0.000005
424.4,0.000004
424.433333,0.000004
424.466667,0.000007
424.5,0.000003
424.533333,0.000012
424.566667,0.000018
424.6,0.000085
424.633333,0.000006
424.666667,0.000000
424.7,0.000000
424.733333,0.000000
424.766667,0.000000
424.8,0.000000
424.833333,0.000000
424.866667,0.000000
424.9,0.000000
424.933333,0.000000
424.966667,0.000000
425,0.000034
425.033333,0.000003
425.066667,0.000011
425.1,0.000005
425.133333,0.000000
425.166667,0.000000
425.2,0.000000
425.233333,0.000000
425.266667,0.000000
425.3,0.000000
425.333333,0.000000
425.366667,0.000000
425.4,0.000000
425.433333,0.000000
425.466667,0.000000
425.5,0.039212
425.533333,0.000019
425.566667,0.000008
425.6,0.000002
425.633333,0.000000
425.666667,0.000000
425.7,0.000000
425.733333,0.000000
425.766667,0.000000
425.8,0.000000
425.833333,0.000000
425.866667,0.000000
425.9,0.000000
425.933333,0.000000
425.966667,0.000000
426,0.000043
426.033333,0.000303
426.066667,0.000317
426.1,0.000073
426.133333,0.000017
426.166667,0.000006
426.2,0.000003
426.233333,0.000005
426.266667,0.000004
426.3,0.000002
426.333333,0.000004
426.366667,0.000037
426.4,0.000127
426.433333,0.000084
426.466667,0.000013
426.5,0.000006
426.533333,0.000005
426.566667,0.000120
426.6,0.000149
426.633333,0.000016
426.666667,0.000003
426.7,0.000003
426.733333,0.000015
426.766667,0.000008
426.8,0.000230
426.833333,0.000007
426.866667,0.000000
426.9,0.000000
426.933333,0.038820
426.966667,0.000013
427,0.000027
427.033333,0.000009
427.066667,0.000010
427.1,0.000004
427.133333,0.000000
427.166667,0.000000
427.2,0.000000
427.233333,0.000000
427.266667,0.000000
427.3,0.000000
427.333333,0.000000
427.366667,0.000000
427.4,0.000000
427.433333,0.000000
427.466667,0.000000
427.5,0.000000
427.533333,0.000000
427.566667,0.000000
427.6,0.000000
427.633333,0.000000
427.666667,0.000000
427.7,0.000000
427.733333,0.000000
427.766667,0.000000
427.8,0.000000
427.833333,0.000000
427.866667,0.000000
427.9,0.000000
427.933333,0.072856
427.966667,0.000013
428,0.000020
428.033333,0.000002
428.066667,0.000008
428.1,0.000004
428.133333,0.000000
428.166667,0.000000
428.2,0.000000
428.233333,0.000000
428.266667,0.000000
428.3,0.000000
428.333333,0.000000
428.366667,0.000000
428.4,0.000000
428.433333,0.000000
428.466667,0.000000
428.5,0.000000
428.533333,0.000000
428.566667,0.000000
428.6,0.000000
428.633333,0.000000
428.666667,0.000000
428.7,0.000000
428.733333,0.000000
428.766667,0.000000
428.8,0.000000
428.833333,0.000000
428.866667,0.000000
428.9,0.000000
428.933333,0.000000
428.966667,0.000000
429,0.000028
429.033333,0.000001
429.066667,0.000008
429.1,0.000004
429.133333,0.000000
429.166667,0.000000
429.2,0.000000
429.233333,0.000000
429.266667,0.000000
429.3,0.000000
429.333333,0.000000
429.366667,0.000000
429.4,0.000000
429.433333,0.000000
429.466667,0.000000
429.5,0.000000
429.533333,0.000000
429.566667,0.000000
429.6,0.000000
429.633333,0.000000
429.666667,0.000000
429.7,0.000000
429.733333,0.000000
429.766667,0.000000
429.8,0.000000
429.833333,0.000000
429.866667,0.000000
429.9,0.000000
429.933333,0.000000
429.966667,0.000000
430,0.000028
430.033333,0.000001
430.066667,0.000008
430.1,0.000004
430.133333,0.210509
430.166667,0.002560
430.2,0.000586
430.233333,0.000014
430.266667,0.000025
430.3,0.000023
430.333333,0.000000
430.366667,0.000024
430.4,0.000024
430.433333,0.000000
430.466667,0.000024
430.5,0.000024
430.533333,0.000024
430.566667,0.000024
430.6,0.000000
430.633333,0.000024
430.666667,0.000024
430.7,0.000024
430.733333,0.000024
430.766667,0.000000
430.8,0.000024
430.833333,0.000024
430.866667,0.000000
430.9,0.000024
430.933333,0.000024
430.966667,0.000024
431,0.000111
431.033333,0.000027
431.066667,0.000073
431.1,0.000014
431.133333,0.000024
431.166667,0.000023
431.2,0.000000
431.233333,0.000024
431.266667,0.000024
431.3,0.000000
431.333333,0.000024
431.366667,0.000024
431.4,0.000024
431.433333,0.000024
431.466667,0.000000
431.5,0.000024
431.533333,0.000024
431.566667,0.000024
431.6,0.000024
431.633333,0.000000
431.666667,0.000024
431.7,0.000024
431.733333,0.000000
431.766667,0.000024
431.8,0.000024
431.833333,0.000024
431.866667,0.000024
431.9,0.000000
431.933333,0.000024
431.966667,0.000024
432,0.000041
432.033333,0.000019
432.066667,0.000050
432.1,0.000033
432.133333,0.000023
432.166667,0.000001
432.2,0.000024
432.233333,0.000024
432.266667,0.000024
432.3,0.000024
432.333333,0.000000
432.366667,0.000024
432.4,0.000024
432.433333,0.000024
432.466667,0.000024
432.5,0.000000
432.533333,0.000024
432.566667,0.000024
432.6,0.000000
432.633333,0.000024
432.666667,0.000023
432.7,0.000023
432.733333,0.060323
432.766667,0.000027
432.8,0.000013
432.833333,0.000002
432.866667,0.000000
432.9,0.000000
432.933333,0.000000
432.966667,0.000000
433,0.000078
433.033333,0.000011
433.066667,0.000022
433.1,0.000009
433.133333,0.000001
433.166667,0.000001
433.2,0.000000
433.233333,0.000000
433.266667,0.000000
433.3,0.000000
433.333333,0.000000
433.366667,0.000000
433.4,0.000000
433.433333,0.000000
433.466667,0.000000
433.5,0.000000
433.533333,0.000000
433.566667,0.000000
433.6,0.000000
433.633333,0.000000
433.666667,0.000000
433.7,0.000000
433.733333,0.000000
433.766667,0.000000
433.8,0.000000
433.833333,0.000000
433.866667,0.000000
433.9,0.000000
433.933333,0.000000
433.966667,0.000000
434,0.000071
434.033333,0.000004
434.066667,0.000022
434.1,0.000009
434.133333,0.000001
434.166667,0.000001
434.2,0.000000
434.233333,0.000000
434.266667,0.000000
434.3,0.000000
434.333333,0.000000
434.366667,0.000000
434.4,0.000000
434.433333,0.000000
434.466667,0.000000
434.5,0.000000
434.533333,0.000000
434.566667,0.000000
434.6,0.000000
434.633333,0.000000
434.666667,0.000000
434.7,0.000000
434.733333,0.000000
434.766667,0.000000
434.8,0.000000
434.833333,0.000000
434.866667,0.037554
434.9,0.002605
434.933333,0.000011
434.966667,0.000002
435,0.000066
435.033333,0.000006
435.066667,0.000019
435.1,0.000009
435.133333,0.000001
435.166667,0.000001
435.2,0.000000
435.233333,0.000000
435.266667,0.000000
435.3,0.000000
435.333333,0.000000
435.366667,0.000000
435.4,0.000000
435.433333,0.000000
435.466667,0.000000
435.5,0.000000
435.533333,0.000000
435.566667,0.000000
435.6,0.000000
435.633333,0.000000
435.666667,0.000000
435.7,0.000000
435.733333,0.000000
435.766667,0.000000
435.8,0.000000
435.833333,0.000000
435.866667,0.000000
435.9,0.000000
435.933333,0.000000
435.966667,0.000000
436,0.000064
436.033333,0.000004
436.066667,0.000019
436.1,0.000009
436.133333,0.000001
436.166667,0.000001
436.2,0.000000
436.233333,0.000000
436.266667,0.000000
436.3,0.000000
436.333333,0.000000
436.366667,0.000000
436.4,0.000000
436.433333,0.000000
436.466667,0.000000
436.5,0.000000
436.533333,0.000000
436.566667,0.000000
436.6,0.000000
436.633333,0.000000
436.666667,0.000000
436.7,0.000000
436.733333,0.000000
436.766667,0.000000
436.8,0.000000
436.833333,0.000000
436.866667,0.000000
436.9,0.000000
436.933333,0.000000
436.966667,0.000000
437,0.000064
437.033333,0.000004
437.066667,0.000019
437.1,0.000009
437.133333,0.000001
437.166667,0.000001
437.2,0.000000
437.233333,0.000000
437.266667,0.000000
437.3,0.000000
437.333333,0.000000
437.366667,0.047008
437.4,0.000020
437.433333,0.000008
437.466667,0.000001
437.5,0.000000
437.533333,0.000000
437.566667,0.000000
437.6,0.000000
437.633333,0.000000
437.666667,0.000000
437.7,0.000000
437.733333,0.000000
437.766667,0.000000
437.8,0.000000
437.833333,0.000000
437.866667,0.000000
437.9,0.000000
437.933333,0.000000
437.966667,0.000000
438,0.000068
438.033333,0.000004
438.066667,0.000020
438.1,0.000009
438.133333,0.000001
438.166667,0.000001
438.2,0.000000
438.233333,0.000000
438.266667,0.000000
438.3,0.000000
438.333333,0.000000
438.366667,0.000000
438.4,0.000000
438.433333,0.000000
438.466667,0.000000
438.5,0.000000
438.533333,0.000000
438.566667,0.000000
438.6,0.000000
438.633333,0.000000
438.666667,0.000000
438.7,0.000000
438.733333,0.000000
438.766667,0.000000
438.8,0.000000
438.833333,0.000000
438.866667,0.000000
438.9,0.000000
438.933333,0.000000
438.966667,0.000000
439,0.000067
439.033333,0.029998
439.066667,0.000033
439.1,0.000013
439.133333,0.000003
439.166667,0.000001
439.2,0.000000
439.233333,0.000000
439.266667,0.000000
439.3,0.000000
439.333333,0.000000
439.366667,0.000000
439.4,0.000000
439.433333,0.000000
439.466667,0.000000
439.5,0.000000
439.533333,0.000000
439.566667,0.000000
439.6,0.000000
439.633333,0.000000
439.666667,0.000000
439.7,0.000000
439.733333,0.000419
439.766667,0.000646
439.8,0.000111
439.833333,0.000120
439.866667,0.000027
439.9,0.000106
439.933333,0.000010
439.966667,0.000000
440,0.000076
440.033333,0.000009
440.066667,0.000022
440.1,0.000010
440.133333,0.000001
440.166667,0.000001
440.2,0.000000
440.233333,0.000000
440.266667,0.000000
440.3,0.000000
440.333333,0.000000
440.366667,0.000000
440.4,0.000000
440.433333,0.000000
440.466667,0.000000
440.5,0.000000
440.533333,0.000000
440.566667,0.000000
440.6,0.000000
440.633333,0.000000
440.666667,0.000000
440.7,0.000000
440.733333,0.000000
440.766667,0.000000
440.8,0.000000
440.833333,0.000000
440.866667,0.000000
440.9,0.000000
440.933333,0.000000
440.966667,0.000000
441,0.000070
441.033333,0.037056
441.066667,0.000027
441.1,0.000012
441.133333,0.000002
441.166667,0.000001
441.2,0.000000
441.233333,0.000000
441.266667,0.000000
441.3,0.000000
441.333333,0.000000
441.366667,0.000000
441.4,0.000000
441.433333,0.000000
441.466667,0.000000
441.5,0.000000
441.533333,0.000000
441.566667,0.000000
441.6,0.000000
441.633333,0.000000
441.666667,0.000000
441.7,0.000000
441.733333,0.000000
441.766667,0.000000
441.8,0.000000
441.833333,0.000000
441.866667,0.000000
441.9,0.000000
441.933333,0.000000
441.966667,0.000000
442,0.000074
442.033333,0.000012
442.066667,0.000020
442.1,0.000009
442.133333,0.000001
442.166667,0.054958
442.2,0.000014
442.233333,0.000004
442.266667,0.000001
442.3,0.000000
442.333333,0.000000
442.366667,0.000000
442.4,0.000000
442.433333,0.000000
442.466667,0.000000
442.5,0.000000
442.533333,0.000000
442.566667,0.000000
442.6,0.000000
442.633333,0.000000
442.666667,0.000000
442.7,0.000000
442.733333,0.000000
442.766667,0.000000
442.8,0.000000
442.833333,0.000000
442.866667,0.000000
442.9,0.000000
442.933333,0.000000
442.966667,0.000000
443,0.000064
443.033333,0.000004
443.066667,0.000019
443.1,0.000009
443.133333,0.000001
443.166667,0.000001
443.2,0.000000
443.233333,0.000000
443.266667,0.000000
443.3,0.000000
443.333333,0.000000
443.366667,0.000000
443.4,0.000000
443.433333,0.000000
443.466667,0.000000
443.5,0.000000
443.533333,0.000000
443.566667,0.000000
443.6,0.000000
443.633333,0.000000
443.666667,0.000000
443.7,0.000000
443.733333,0.000000
443.766667,0.000000
443.8,0.000000
443.833333,0.000000
443.866667,0.000000
443.9,0.000000
443.933333,0.000000
443.966667,0.000000
444,0.000064
444.033333,0.034555
444.066667,0.098777
444.1,0.000009
444.133333,0.000003
444.166667,0.000001
444.2,0.000000
444.233333,0.000000
444.266667,0.000000
444.3,0.000000
444.333333,0.000000
444.366667,0.000000
444.4,0.000000
444.433333,0.000000
444.466667,0.000000
444.5,0.000000
444.533333,0.000000
444.566667,0.000000
444.6,0.000000
444.633333,0.000000
444.666667,0.000000
444.7,0.000000
444.733333,0.000000
444.766667,0.000000
444.8,0.000000
444.833333,0.000000
444.866667,0.000000
444.9,0.000000
444.933333,0.000000
444.966667,0.000000
445,0.000021
445.033333,0.000004
445.066667,0.000005
445.1,0.000002
445.133333,0.000000
445.166667,0.000000
445.2,0.000000
445.233333,0.000000
445.266667,0.000000
445.3,0.000000
445.333333,0.000000
445.366667,0.000000
445.4,0.000000
445.433333,0.000000
445.466667,0.000000
445.5,0.000000
445.533333,0.000000
445.566667,0.000000
445.6,0.000000
445.633333,0.000000
445.666667,0.000000
445.7,0.039152
445.733333,0.000896
445.766667,0.000141
445.8,0.000048
445.833333,0.000111
445.866667,0.000013
445.9,0.000048
445.933333,0.000103
445.966667,0.000004
446,0.000080
446.033333,0.000045
446.066667,0.000030
446.1,0.000040
446.133333,0.000115
446.166667,0.000092
446.2,0.000192
446.233333,0.000057
446.266667,0.000008
446.3,0.000109
446.333333,0.000180
446.366667,0.000250
446.4,0.000303
446.433333,0.000072
446.466667,0.000367
446.5,0.000056
446.533333,0.000027
446.566667,0.000006
446.6,0.000068
446.633333,0.000013
446.666667,0.000075
446.7,0.000100
446.733333,0.000275
446.766667,0.000157
446.8,0.000092
446.833333,0.000119
446.866667,0.000136
446.9,0.000041
446.933333,0.000028
446.966667,0.000054
447,0.000105
447.033333,0.000176
447.066667,0.051788
447.1,0.000175
447.133333,0.000059
447.166667,0.000008
447.2,0.000006
447.233333,0.000073
447.266667,0.000002
447.3,0.000003
447.333333,0.000006
447.366667,0.000023
447.4,0.000002
447.433333,0.000024
447.466667,0.000032
447.5,0.000037
447.533333,0.000028
447.566667,0.000021
447.6,0.000012
447.633333,0.000011
447.666667,0.000013
447.7,0.000029
447.733333,0.000033
447.766667,0.000011
447.8,0.000017
447.833333,0.000015
447.866667,0.000070
447.9,0.000006
447.933333,0.000003
447.966667,0.000053
448,0.000057
448.033333,0.000012
448.066667,0.000046
448.1,0.000025
448.133333,0.000009
448.166667,0.000018
448.2,0.000010
448.233333,0.000009
448.266667,0.000009
448.3,0.000024
448.333333,0.000015
448.366667,0.000001
448.4,0.000022
448.433333,0.000004
448.466667,0.000014
448.5,0.000001
448.533333,0.000017
448.566667,0.000012
448.6,0.000048
448.633333,0.000000
448.666667,0.000001
448.7,0.000051
448.733333,0.000005
448.766667,0.000004
448.8,0.000004
448.833333,0.000005
448.866667,0.000004
448.9,0.000004
448.933333,0.000007
448.966667,0.000005
449,0.044381
449.033333,0.000052
449.066667,0.000015
449.1,0.000007
449.133333,0.000001
449.166667,0.000000
449.2,0.000000
449.233333,0.000000
449.266667,0.000000
449.3,0.000000
449.333333,0.000000
449.366667,0.000000
449.4,0.000000
449.433333,0.000000
449.466667,0.000000
449.5,0.000000
449.533333,0.000000
449.566667,0.000000
449.6,0.000000
449.633333,0.000000
449.666667,0.000000
449.7,0.000000
449.733333,0.000000
449.766667,0.000000
449.8,0.000000
449.833333,0.000000
449.866667,0.000000
449.9,0.000000
449.933333,0.000000
449.966667,0.000000
450,0.000047
450.033333,0.000002
450.066667,0.000015
450.1,0.000007
450.133333,0.000001
450.166667,0.000000
450.2,0.000000
450.233333,0.000000
450.266667,0.000000
450.3,0.000000
450.333333,0.000000
450.366667,0.000000
450.4,0.000000
450.433333,0.000000
450.466667,0.000000
450.5,0.001851
450.533333,0.000008
450.566667,0.033605
450.6,0.000014
450.633333,0.000007
450.666667,0.000001
450.7,0.000000
450.733333,0.000000
450.766667,0.000000
450.8,0.000000
450.833333,0.000000
450.866667,0.000000
450.9,0.000000
450.933333,0.000000
450.966667,0.000000
451,0.000053
451.033333,0.000011
451.066667,0.000014
451.1,0.000006
451.133333,0.000001
451.166667,0.000000
451.2,0.000000
451.233333,0.000000
451.266667,0.000000
451.3,0.000000
451.333333,0.000000
451.366667,0.000000
451.4,0.000000
451.433333,0.000000
451.466667,0.000000
451.5,0.000000
451.533333,0.000000
451.566667,0.000000
451.6,0.000000
451.633333,0.000000
451.666667,0.000000
451.7,0.000000
451.733333,0.000000
451.766667,0.050285
451.8,0.000016
451.833333,0.000008
451.866667,0.000001
451.9,0.000000
451.933333,0.000000
451.966667,0.000000
452,0.000046
452.033333,0.000003
452.066667,0.000014
452.1,0.000006
452.133333,0.000001
452.166667,0.000000
452.2,0.000000
452.233333,0.000000
452.266667,0.000000
452.3,0.000000
452.333333,0.000000
452.366667,0.000000
452.4,0.000000
452.433333,0.000000
452.466667,0.000000
452.5,0.000000
452.533333,0.000000
452.566667,0.000000
452.6,0.000000
452.633333,0.000000
452.666667,0.000000
452.7,0.000000
452.733333,0.000000
452.766667,0.000000
452.8,0.000000
452.833333,0.000000
452.866667,0.000000
452.9,0.000000
452.933333,0.000000
452.966667,0.000000
453,0.000046
453.033333,0.000002
453.066667,0.000014
453.1,0.000006
453.133333,0.000001
453.166667,0.000000
453.2,0.000000
453.233333,0.000000
453.266667,0.000000
453.3,0.000000
453.333333,0.000000
453.366667,0.000000
453.4,0.000000
453.433333,0.000000
453.466667,0.000000
453.5,0.000000
453.533333,0.000000
453.566667,0.000000
453.6,0.000000
453.633333,0.000000
453.666667,0.000000
453.7,0.000000
453.733333,0.000000
453.766667,0.037719
453.8,0.000012
453.833333,0.000006
453.866667,0.000001
453.9,0.000000
453.933333,0.000000
453.966667,0.000000
454,0.000045
454.033333,0.000005
454.066667,0.000012
454.1,0.000006
454.133333,0.000001
454.166667,0.000000
454.2,0.000000
454.233333,0.000000
454.266667,0.000000
454.3,0.000000
454.333333,0.000000
454.366667,0.000000
454.4,0.000000
454.433333,0.000000
454.466667,0.000000
454.5,0.000000
454.533333,0.000000
454.566667,0.000000
454.6,0.000000
454.633333,0.000000
454.666667,0.000000
454.7,0.000000
454.733333,0.000000
454.766667,0.000000
454.8,0.000000
454.833333,0.000000
454.866667,0.000000
454.9,0.000000
454.933333,0.000000
454.966667,0.000000
455,0.000043
455.033333,0.000002
455.066667,0.000012
455.1,0.000006
455.133333,0.000001
455.166667,0.000000
455.2,0.000000
455.233333,0.000000
455.266667,0.000000
455.3,0.000000
455.333333,0.000000
455.366667,0.000000
455.4,0.000000
455.433333,0.000000
455.466667,0.069768
455.5,0.000014
455.533333,0.000006
455.566667,0.000002
455.6,0.000000
455.633333,0.000000
455.666667,0.000000
455.7,0.000000
455.733333,0.000000
455.766667,0.000000
455.8,0.000000
455.833333,0.000000
455.866667,0.000000
455.9,0.000000
455.933333,0.000000
455.966667,0.000000
456,0.000049
456.033333,0.000006
456.066667,0.000013
456.1,0.000006
456.133333,0.000001
456.166667,0.000000
456.2,0.000000
456.233333,0.000000
456.266667,0.000000
456.3,0.000000
456.333333,0.000000
456.366667,0.000000
456.4,0.000000
456.433333,0.000000
456.466667,0.000000
456.5,0.000000
456.533333,0.000000
456.566667,0.000000
456.6,0.000000
456.633333,0.000000
456.666667,0.000000
456.7,0.000000
456.733333,0.000000
456.766667,0.000000
456.8,0.000000
456.833333,0.000000
456.866667,0.000000
456.9,0.000000
456.933333,0.000000
456.966667,0.000000
457,0.000046
457.033333,0.000003
457.066667,0.000013
457.1,0.000006
457.133333,0.000001
457.166667,0.000000
457.2,0.000000
457.233333,0.000000
457.266667,0.000000
457.3,0.000000
457.333333,0.000000
457.366667,0.000000
457.4,0.000000
457.433333,0.000000
457.466667,0.000000
457.5,0.000000
457.533333,0.000000
457.566667,0.000000
457.6,0.000000
457.633333,0.000000
457.666667,0.000000
457.7,0.000000
457.733333,0.000000
457.766667,0.000000
457.8,0.000000
457.833333,0.000000
457.866667,0.000000
457.9,0.000000
457.933333,0.000000
457.966667,0.000000
458,0.000046
458.033333,0.000003
458.066667,0.000013
458.1,0.003521
458.133333,0.113842
458.166667,0.000014
458.2,0.000007
458.233333,0.000001
458.266667,0.000000
458.3,0.000000
458.333333,0.000000
458.366667,0.000000
458.4,0.000000
458.433333,0.000000
458.466667,0.000000
458.5,0.000000
458.533333,0.000000
458.566667,0.000000
458.6,0.000000
458.633333,0.000000
458.666667,0.000000
458.7,0.000000
458.733333,0.000000
458.766667,0.000000
458.8,0.000000
458.833333,0.000000
458.866667,0.000000
458.9,0.000000
458.933333,0.000000
458.966667,0.000000
459,0.000048
459.033333,0.000007
459.066667,0.000013
459.1,0.000006
459.133333,0.000001
459.166667,0.000000
459.2,0.000000
459.233333,0.000000
459.266667,0.000000
459.3,0.000000
459.333333,0.000000
459.366667,0.000000
459.4,0.000000
459.433333,0.000000
459.466667,0.000000
459.5,0.071403
459.533333,0.000022
459.566667,0.000011
459.6,0.000002
459.633333,0.000001
459.666667,0.000000
459.7,0.000000
459.733333,0.000000
459.766667,0.000000
459.8,0.000000
459.833333,0.000000
459.866667,0.000000
459.9,0.000000
459.933333,0.000000
459.966667,0.000000
460,0.000054
460.033333,0.000005
460.066667,0.000016
460.1,0.000007
460.133333,0.000001
460.166667,0.000001
460.2,0.000000
460.233333,0.000000
460.266667,0.000000
460.3,0.000000
460.333333,0.000000
460.366667,0.000000
460.4,0.000000
460.433333,0.000000
460.466667,0.000000
460.5,0.000000
460.533333,0.000000
460.566667,0.000000
460.6,0.000000
460.633333,0.000000
460.666667,0.000000
460.7,0.000000
460.733333,0.000000
460.766667,0.000000
460.8,0.000000
460.833333,0.000000
460.866667,0.000000
460.9,0.000003
460.933333,0.000255
460.966667,0.000492
461,0.000259
461.033333,0.000081
461.066667,0.000048
461.1,0.000050
461.133333,0.000280
461.166667,0.000008
461.2,0.000000
461.233333,0.000000
461.266667,0.000000
461.3,0.000000
461.333333,0.000000
461.366667,0.000000
461.4,0.000000
461.433333,0.000000
461.466667,0.000000
461.5,0.000000
461.533333,0.000000
461.566667,0.000000
461.6,0.000000
461.633333,0.000000
461.666667,0.000000
461.7,0.000000
461.733333,0.000000
461.766667,0.000000
461.8,0.000000
461.833333,0.000000
461.866667,0.000000
461.9,0.000000
461.933333,0.000000
461.966667,0.000000
462,0.000052
462.033333,0.000003
462.066667,0.000016
462.1,0.000007
462.133333,0.000001
462.166667,0.000001
462.2,0.000000
462.233333,0.000000
462.266667,0.075008
462.3,0.000392
462.333333,0.000048
462.366667,0.000026
462.4,0.000049
462.433333,0.000052
462.466667,0.000052
462.5,0.000052
462.533333,0.000037
462.566667,0.000027
462.6,0.000007
462.633333,0.000035
462.666667,0.000015
462.7,0.000002
462.733333,0.000023
462.766667,0.000017
462.8,0.000025
462.833333,0.000042
462.866667,0.000006
462.9,0.000049
462.933333,0.000033
462.966667,0.000009
463,0.000072
463.033333,0.000040
463.066667,0.000062
463.1,0.000008
463.133333,0.000019
463.166667,0.000021
463.2,0.000008
463.233333,0.000024
463.266667,0.000051
463.3,0.000046
463.333333,0.000097
463.366667,0.000022
463.4,0.000009
463.433333,0.000097
463.466667,0.000046
463.5,0.000007
463.533333,0.000000
463.566667,0.000000
463.6,0.000000
463.633333,0.000000
463.666667,0.000000
463.7,0.000000
463.733333,0.000000
463.766667,0.000000
463.8,0.000000
463.833333,0.000000
463.866667,0.000000
463.9,0.000000
463.933333,0.054277
463.966667,0.000014
464,0.000044
464.033333,0.000007
464.066667,0.000013
464.1,0.000007
464.133333,0.000001
464.166667,0.000000
464.2,0.000000
464.233333,0.000000
464.266667,0.000000
464.3,0.000000
464.333333,0.000000
464.366667,0.000000
464.4,0.000000
464.433333,0.000000
464.466667,0.000000
464.5,0.000000
464.533333,0.000000
464.566667,0.000000
464.6,0.000000
464.633333,0.000000
464.666667,0.000000
464.7,0.000000
464.733333,0.000000
464.766667,0.000000
464.8,0.000000
464.833333,0.000000
464.866667,0.000000
464.9,0.000000
464.933333,0.000000
464.966667,0.000000
465,0.000048
465.033333,0.000003
465.066667,0.000013
465.1,0.000007
465.133333,0.000001
465.166667,0.000000
465.2,0.000000
465.233333,0.000000
465.266667,0.000000
465.3,0.000000
465.333333,0.000000
465.366667,0.000000
465.4,0.000000
465.433333,0.000000
465.466667,0.000000
465.5,0.000000
465.533333,0.000000
465.566667,0.000000
465.6,0.000000
465.633333,0.000000
465.666667,0.000000
465.7,0.000000
465.733333,0.000000
465.766667,0.000000
465.8,0.000000
465.833333,0.000000
465.866667,0.000000
465.9,0.000000
465.933333,0.000000
465.966667,0.000000
466,0.000048
466.033333,0.000003
466.066667,0.000013
466.1,0.036759
466.133333,0.000017
466.166667,0.000008
466.2,0.000002
466.233333,0.000000
466.266667,0.000000
466.3,0.000000
466.333333,0.000000
466.366667,0.000000
466.4,0.000000
466.433333,0.000000
466.466667,0.000000
466.5,0.000000
466.533333,0.000000
466.566667,0.000000
466.6,0.000000
466.633333,0.000000
466.666667,0.000000
466.7,0.000000
466.733333,0.000000
466.766667,0.000000
466.8,0.000000
466.833333,0.000000
466.866667,0.000000
466.9,0.000000
466.933333,0.000000
466.966667,0.000000
467,0.000054
467.033333,0.000006
467.066667,0.000016
467.1,0.000007
467.133333,0.000001
467.166667,0.000001
467.2,0.000000
467.233333,0.000000
467.266667,0.000000
467.3,0.000000
467.333333,0.000000
467.366667,0.000000
467.4,0.000000
467.433333,0.000000
467.466667,0.000000
467.5,0.000000
467.533333,0.000000
467.566667,0.000000
467.6,0.000000
467.633333,0.000000
467.666667,0.000000
467.7,0.000000
467.733333,0.000000
467.766667,0.000000
467.8,0.000000
467.833333,0.000000
467.866667,0.000000
467.9,0.000000
467.933333,0.000000
467.966667,0.000000
468,0.000051
468.033333,0.000003
468.066667,0.000016
468.1,0.000007
468.133333,0.044354
468.166667,0.000015
468.2,0.000007
468.233333,0.000001
468.266667,0.000000
468.3,0.000000
468.333333,0.000000
468.366667,0.000000
468.4,0.000000
468.433333,0.000000
468.466667,0.000000
468.5,0.000000
468.533333,0.000000
468.566667,0.000000
468.6,0.000000
468.633333,0.000000
468.666667,0.000000
468.7,0.000000
468.733333,0.000000
468.766667,0.000000
468.8,0.000000
468.833333,0.000000
468.866667,0.000000
468.9,0.000000
468.933333,0.000000
468.966667,0.000000
469,0.000053
469.033333,0.000006
469.066667,0.000014
469.1,0.000007
469.133333,0.000001
469.166667,0.000001
469.2,0.000000
469.233333,0.000000
469.266667,0.000000
469.3,0.000000
469.333333,0.000000
469.366667,0.000000
469.4,0.000000
469.433333,0.000000
469.466667,0.000000
469.5,0.000000
469.533333,0.000000
469.566667,0.000000
469.6,0.000000
469.633333,0.000000
469.666667,0.000000
469.7,0.000000
469.733333,0.000000
469.766667,0.000000
469.8,0.000000
469.833333,0.000000
469.866667,0.000000
469.9,0.000000
469.933333,0.000000
469.966667,0.000000
470,0.000049
470.033333,0.000002
470.066667,0.000014
470.1,0.000007
470.133333,0.000001
470.166667,0.000001
470.2,0.000000
470.233333,0.000000
470.266667,0.000000
470.3,0.000000
470.333333,0.000000
470.366667,0.000000
470.4,0.000000
470.433333,0.000000
470.466667,0.000000
470.5,0.000000
470.533333,0.000000
470.566667,0.000000
470.6,1.000000
470.633333,0.000505
470.666667,0.027637
470.7,0.057728
470.733333,0.048741
470.766667,0.006171
470.8,0.000025
470.833333,0.000005
470.866667,0.000002
470.9,0.000000
470.933333,0.000000
470.966667,0.000000
471,0.000035
471.033333,0.000012
471.066667,0.000005
471.1,0.000002
471.133333,0.000000
471.166667,0.000000
471.2,0.000000
471.233333,0.000000
471.266667,0.000000
471.3,0.000000
471.333333,0.000000
471.366667,0.000000
471.4,0.000000
471.433333,0.000000
471.466667,0.000000
471.5,0.000000
471.533333,0.000000
471.566667,0.000000
471.6,0.000000
471.633333,0.000000
471.666667,0.000000
471.7,0.000000
471.733333,0.000000
471.766667,0.000000
471.8,0.000000
471.833333,0.000000
471.866667,0.000000
471.9,0.000000
471.933333,0.000000
471.966667,0.000000
472,0.000025
472.033333,0.000001
472.066667,0.000005
472.1,0.000002
472.133333,0.000000
472.166667,0.000000
472.2,0.000000
472.233333,0.000000
472.266667,0.000000
472.3,0.000000
472.333333,0.000000
472.366667,0.000000
472.4,0.000000
472.433333,0.000000
472.466667,0.000000
472.5,0.000000
472.533333,0.000000
472.566667,0.000000
472.6,0.000000
472.633333,0.000000
472.666667,1.000000
472.7,0.000133
472.733333,0.000058
472.766667,0.000009
472.8,0.000003
472.833333,0.000003
472.866667,0.000001
472.9,0.000001
472.933333,0.000010
472.966667,0.000009
473,0.000061
473.033333,0.000034
473.066667,0.000026
473.1,0.000001
473.133333,0.000002
473.166667,0.000002
473.2,0.000000
473.233333,0.000002
473.266667,0.000002
473.3,0.000002
473.333333,0.000002
473.366667,0.000000
473.4,0.000002
473.433333,0.000003
473.466667,0.000002
473.5,0.000022
473.533333,0.000005
473.566667,0.000000
473.6,0.000000
473.633333,0.000000
473.666667,0.000000
473.7,0.000000
473.733333,0.000000
473.766667,0.000000
473.8,0.000000
473.833333,0.000000
473.866667,0.000000
473.9,0.000000
473.933333,0.000000
473.966667,0.000000
474,0.000032
474.033333,0.000005
474.066667,0.000009
474.1,0.000003
474.133333,0.000000
474.166667,0.000000
474.2,0.000000
474.233333,0.000000
474.266667,0.000000
474.3,0.000000
474.333333,0.000000
474.366667,0.000000
474.4,0.000000
474.433333,0.000000
474.466667,0.000000
474.5,0.000000
474.533333,0.000000
474.566667,0.000000
474.6,0.000000
474.633333,0.000000
474.666667,0.000000
474.7,0.000000
474.733333,0.000000
474.766667,0.000000
474.8,0.000000
474.833333,0.000000
474.866667,0.000000
474.9,0.000000
474.933333,0.000000
474.966667,0.000000
475,0.000028
475.033333,0.000001
475.066667,0.000009
475.1,0.000003
475.133333,0.000000
475.166667,0.052435
475.2,0.000016
475.233333,0.000007
475.266667,0.000002
475.3,0.000000
475.333333,0.000000
475.366667,0.000000
475.4,0.000000
475.433333,0.000000
475.466667,0.000000
475.5,0.000000
475.533333,0.000000
475.566667,0.000000
475.6,0.000000
475.633333,0.000000
475.666667,0.000000
475.7,0.000000
475.733333,0.000000
475.766667,0.000000
475.8,0.000000
475.833333,0.000000
475.866667,0.000000
475.9,0.000000
475.933333,0.000000
475.966667,0.000000
476,0.000028
476.033333,0.000002
476.066667,0.000010
476.1,0.000004
476.133333,0.000000
476.166667,0.000000
476.2,0.000000
476.233333,0.000000
476.266667,0.000000
476.3,0.000000
476.333333,0.000000
476.366667,0.000000
476.4,0.000000
476.433333,0.000000
476.466667,0.000000
476.5,0.000000
476.533333,0.000000
476.566667,0.000000
476.6,0.000000
476.633333,0.000000
476.666667,0.000000
476.7,0.000000
476.733333,0.000000
476.766667,0.000000
476.8,0.000000
476.833333,0.000000
476.866667,0.000000
476.9,0.000000
476.933333,0.000000
476.966667,0.000000
477,0.000028
477.033333,0.000002
477.066667,0.000010
477.1,0.000004
477.133333,0.050923
477.166667,0.000023
477.2,0.000008
477.233333,0.000002
477.266667,0.000000
477.3,0.000000
477.333333,0.000000
477.366667,0.000000
477.4,0.000000
477.433333,0.000000
477.466667,0.000000
477.5,0.000000
477.533333,0.000000
477.566667,0.000000
477.6,0.000000
477.633333,0.000000
477.666667,0.000000
477.7,0.000000
477.733333,0.000000
477.766667,0.000000
477.8,0.000000
477.833333,0.000000
477.866667,0.000000
477.9,0.000000
477.933333,0.000000
477.966667,0.000000
478,0.000038
478.033333,0.000006
478.066667,0.000011
478.1,0.000004
478.133333,0.000000
478.166667,0.000000
478.2,0.000000
478.233333,0.000000
478.266667,0.000000
478.3,0.000000
478.333333,0.000000
478.366667,0.000000
478.4,0.000000
478.433333,0.000000
478.466667,0.000000
478.5,0.000000
478.533333,0.000000
478.566667,0.000000
478.6,0.000000
478.633333,0.000000
478.666667,0.000000
478.7,0.000000
478.733333,0.000000
478.766667,0.000000
478.8,0.000000
478.833333,0.000000
478.866667,0.000000
478.9,0.000000
478.933333,0.000000
478.966667,0.000000
479,0.000033
479.033333,0.000002
479.066667,0.000011
479.1,0.000004
479.133333,0.000000
479.166667,0.000000
479.2,0.000000
479.233333,0.000000
479.266667,0.000000
479.3,0.000000
479.333333,0.000000
479.366667,0.000000
479.4,0.000000
479.433333,0.000000
479.466667,0.042821
479.5,0.000017
479.533333,0.000007
479.566667,0.000002
479.6,0.000000
479.633333,0.000000
479.666667,0.000000
479.7,0.000000
479.733333,0.000000
479.766667,0.000000
479.8,0.000000
479.833333,0.000000
479.866667,0.000000
479.9,0.000000
479.933333,0.000000
479.966667,0.000000
480,0.000034
480.033333,0.000006
480.066667,0.000010
480.1,0.000004
480.133333,0.000000
480.166667,0.000000
480.2,0.000000
480.233333,0.000000
480.266667,0.000000
480.3,0.000000
480.333333,0.000000
480.366667,0.000000
480.4,0.000000
480.433333,0.000000
480.466667,0.000000
480.5,0.000000
480.533333,0.000000
480.566667,0.000000
480.6,0.000000
480.633333,0.000000
480.666667,0.000000
480.7,0.000000
480.733333,0.000000
480.766667,0.000000
480.8,0.000000
480.833333,0.000000
480.866667,0.000000
480.9,0.000000
480.933333,0.000000
480.966667,0.000000
481,0.000029
481.033333,0.000002
481.066667,0.000010
481.1,0.000004
481.133333,0.000000
481.166667,0.000000
481.2,0.000000
481.233333,0.000000
481.266667,0.000000
481.3,0.000000
481.333333,0.000000
481.366667,0.000000
481.4,0.000000
481.433333,0.000000
481.466667,0.000000
481.5,0.000000
481.533333,0.000000
481.566667,0.000000
481.6,0.000000
481.633333,0.000000
481.666667,0.000000
481.7,0.000000
481.733333,0.000000
481.766667,0.000000
481.8,0.000000
481.833333,0.000000
481.866667,0.000000
481.9,0.000000
481.933333,0.037705
481.966667,0.000020
482,0.000023
482.033333,0.000007
482.066667,0.000011
482.1,0.000004
482.133333,0.000000
482.166667,0.000000
482.2,0.000000
482.233333,0.000000
482.266667,0.000000
482.3,0.000000
482.333333,0.000000
482.366667,0.000000
482.4,0.000000
482.433333,0.000000
482.466667,0.000000
482.5,0.000000
482.533333,0.000000
482.566667,0.000000
482.6,0.000000
482.633333,0.000000
482.666667,0.000000
482.7,0.000000
482.733333,0.000000
482.766667,0.000000
482.8,0.000000
482.833333,0.000000
482.866667,0.000000
482.9,0.000000
482.933333,0.000000
482.966667,0.000000
483,0.000031
483.033333,0.000001
483.066667,0.000011
483.1,0.000004
483.133333,0.000000
483.166667,0.000000
483.2,0.000000
483.233333,0.000000
483.266667,0.000000
483.3,0.000000
483.333333,0.000000
483.366667,0.000000
483.4,0.000000
483.433333,0.000000
483.466667,0.000000
483.5,0.000000
483.533333,0.000000
483.566667,0.000000
483.6,0.000000
483.633333,0.000000
483.666667,0.000000
483.7,0.000000
483.733333,0.000000
483.766667,0.000000
483.8,0.000000
483.833333,0.000000
483.866667,0.000000
483.9,0.000000
483.933333,0.000000
483.966667,0.000000
484,0.000031
484.033333,0.000001
484.066667,0.000011
484.1,0.000004
484.133333,0.000000
484.166667,0.000000
484.2,0.000000
484.233333,0.000000
484.266667,0.000000
484.3,0.073465
484.333333,0.000027
484.366667,0.000010
484.4,0.000003
484.433333,0.000000
484.466667,0.000000
484.5,0.000000
484.533333,0.000000
484.566667,0.000000
484.6,0.000000
484.633333,0.000000
484.666667,0.000000
484.7,0.000000
484.733333,0.000000
484.766667,0.000000
484.8,0.000000
484.833333,0.000000
484.866667,0.000000
484.9,0.000000
484.933333,0.000000
484.966667,0.000000
485,0.000039
485.033333,0.000003
485.066667,0.000013
485.1,0.000005
485.133333,0.000000
485.166667,0.000000
485.2,0.000000
485.233333,0.000000
485.266667,0.000000
485.3,0.000000
485.333333,0.000000
485.366667,0.000000
485.4,0.000000
485.433333,0.000000
485.466667,0.000000
485.5,0.000000
485.533333,0.000000
485.566667,0.000000
485.6,0.000000
485.633333,0.000000
485.666667,0.000000
485.7,0.000000
485.733333,0.000000
485.766667,0.000000
485.8,0.000000
485.833333,0.000000
485.866667,0.000000
485.9,0.000000
485.933333,0.000000
485.966667,0.000000
486,0.000037
486.033333,0.000002
486.066667,0.000013
486.1,0.000005
486.133333,0.000000
486.166667,0.000000
486.2,0.000000
486.233333,0.000000
486.266667,0.000000
486.3,0.000000
486.333333,0.000000
486.366667,0.000000
486.4,0.000000
486.433333,0.000000
486.466667,0.000000
486.5,0.000000
486.533333,0.000000
486.566667,0.000000
486.6,0.000000
486.633333,0.000000
486.666667,0.000000
486.7,0.000000
486.733333,0.000000
486.766667,0.000000
486.8,0.000000
486.833333,0.000000
486.866667,0.000000
486.9,0.000000
486.933333,0.000000
486.966667,0.000000
487,0.000037
487.033333,0.000002
487.066667,0.000013
487.1,0.000005
487.133333,0.000000
487.166667,0.085827
487.2,0.000009
487.233333,0.000004
487.266667,0.000000
487.3,0.000000
487.333333,0.000000
487.366667,0.000000
487.4,0.000000
487.433333,0.000000
487.466667,0.000000
487.5,0.000000
487.533333,0.000000
487.566667,0.000000
487.6,0.000000
487.633333,0.000000
487.666667,0.000000
487.7,0.000000
487.733333,0.000000
487.766667,0.000000
487.8,0.000000
487.833333,0.000000
487.866667,0.000000
487.9,0.000000
487.933333,0.000000
487.966667,0.000000
488,0.000024
488.033333,0.000001
488.066667,0.000007
488.1,0.000003
488.133333,0.000000
488.166667,0.000000
488.2,0.000000
488.233333,0.000000
488.266667,0.046225
488.3,0.000014
488.333333,0.000006
488.366667,0.000002
488.4,0.000000
488.433333,0.000000
488.466667,0.000000
488.5,0.000000
488.533333,0.000000
488.566667,0.000000
488.6,0.000000
488.633333,0.000000
488.666667,0.000000
488.7,0.000000
488.733333,0.000000
488.766667,0.000000
488.8,0.000000
488.833333,0.000000
488.866667,0.000000
488.9,0.000000
488.933333,0.000000
488.966667,0.000000
489,0.000033
489.033333,0.000006
489.066667,0.000009
489.1,0.000004
489.133333,0.000000
489.166667,0.000000
489.2,0.000000
489.233333,0.000000
489.266667,0.000000
489.3,0.000000
489.333333,0.000000
489.366667,0.000000
489.4,0.000000
489.433333,0.000000
489.466667,0.000000
489.5,0.000000
489.533333,0.000000
489.566667,0.000000
489.6,0.000000
489.633333,0.000000
489.666667,0.000000
489.7,0.000000
489.733333,0.000000
489.766667,0.000000
489.8,0.000000
489.833333,0.000000
489.866667,0.000000
489.9,0.000000
489.933333,0.000000
489.966667,0.034292
490,0.000026
490.033333,0.000011
490.066667,0.000011
490.1,0.000005
490.133333,0.000001
490.166667,0.000000
490.2,0.000000
490.233333,0.000000
490.266667,0.000000
490.3,0.000000
490.333333,0.000000
490.366667,0.000000
490.4,0.000000
490.433333,0.000000
490.466667,0.000000
490.5,0.000000
490.533333,0.000000
490.566667,0.000000
490.6,0.000000
490.633333,0.000000
490.666667,0.000000
490.7,0.000000
490.733333,0.000000
490.766667,0.000000
490.8,0.000000
490.833333,0.000000
490.866667,0.000000
490.9,0.000000
490.933333,0.000000
490.966667,0.000000
491,0.000033
491.033333,0.000002
491.066667,0.000011
491.1,0.000005
491.133333,0.000001
491.166667,0.000000
491.2,0.000000
491.233333,0.000000
491.266667,0.000000
491.3,0.000000
491.333333,0.000000
491.366667,0.000000
491.4,0.000000
491.433333,0.000000
491.466667,0.000000
491.5,0.000000
491.533333,0.000000
491.566667,0.000000
491.6,0.000000
491.633333,0.000000
491.666667,0.000000
491.7,0.000000
491.733333,0.000000
491.766667,0.000000
491.8,0.000000
491.833333,0.000000
491.866667,0.000000
491.9,0.000000
491.933333,0.000000
491.966667,0.000000
492,0.000033
492.033333,0.000002
492.066667,0.000011
492.1,0.048622
492.133333,0.000019
492.166667,0.000009
492.2,0.000002
492.233333,0.000000
492.266667,0.000000
492.3,0.000000
492.333333,0.000000
492.366667,0.000000
492.4,0.000000
492.433333,0.000000
492.466667,0.000000
492.5,0.000000
492.533333,0.000000
492.566667,0.000000
492.6,0.000000
492.633333,0.000000
492.666667,0.000000
492.7,0.000000
492.733333,0.000000
492.766667,0.000000
492.8,0.000000
492.833333,0.000000
492.866667,0.000000
492.9,0.000000
492.933333,0.000000
492.966667,0.000000
493,0.000034
493.033333,0.000004
493.066667,0.000012
493.1,0.000004
493.133333,0.000000
493.166667,0.000000
493.2,0.000000
493.233333,0.000000
493.266667,0.000000
493.3,0.000000
493.333333,0.000000
493.366667,0.000000
493.4,0.000000
493.433333,0.000000
493.466667,0.000000
493.5,0.000000
493.533333,0.000000
493.566667,0.000000
493.6,0.000000
493.633333,0.000000
493.666667,0.000000
493.7,0.000000
493.733333,0.000000
493.766667,0.000000
493.8,0.000000
493.833333,0.000000
493.866667,0.000000
493.9,0.000000
493.933333,0.000000
493.966667,0.000000
494,0.000032
494.033333,0.000002
494.066667,0.000012
494.1,0.000004
494.133333,0.000000
494.166667,0.000000
494.2,0.000000
494.233333,0.090670
494.266667,0.000011
494.3,0.000005
494.333333,0.000001
494.366667,0.000000
494.4,0.000000
494.433333,0.000000
494.466667,0.000000
494.5,0.000000
494.533333,0.000000
494.566667,0.000000
494.6,0.000000
494.633333,0.000000
494.666667,0.000000
494.7,0.000000
494.733333,0.000000
494.766667,0.000000
494.8,0.000000
494.833333,0.000000
494.866667,0.000000
494.9,0.000000
494.933333,0.000000
494.966667,0.000000
495,0.000028
495.033333,0.000005
495.066667,0.000008
495.1,0.000003
495.133333,0.000000
495.166667,0.000000
495.2,0.000000
495.233333,0.000000
495.266667,0.000000
495.3,0.000000
495.333333,0.000000
495.366667,0.000000
495.4,0.000000
495.433333,0.000000
495.466667,0.000000
495.5,0.000000
495.533333,0.000000
495.566667,0.000000
495.6,0.000000
495.633333,0.000000
495.666667,0.000000
495.7,0.000000
495.733333,0.023419
495.766667,0.000015
495.8,0.000007
495.833333,0.000002
495.866667,0.000001
495.9,0.000000
495.933333,0.000000
495.966667,0.000000
496,0.000032
496.033333,0.000008
496.066667,0.000009
496.1,0.000004
496.133333,0.000347
496.166667,0.000109
496.2,0.000005
496.233333,0.000000
496.266667,0.000000
496.3,0.000000
496.333333,0.000000
496.366667,0.000000
496.4,0.000000
496.433333,0.000000
496.466667,0.000000
496.5,0.000000
496.533333,0.000000
496.566667,0.000000
496.6,0.000000
496.633333,0.000000
496.666667,0.000000
496.7,0.000000
496.733333,0.000000
496.766667,0.000000
496.8,0.000000
496.833333,0.000000
496.866667,0.000000
496.9,0.000000
496.933333,0.000000
496.966667,0.000000
497,0.000027
497.033333,0.026909
497.066667,0.000017
497.1,0.000007
497.133333,0.000002
497.166667,0.000000
497.2,0.000000
497.233333,0.000000
497.266667,0.000000
497.3,0.000000
497.333333,0.000000
497.366667,0.000000
497.4,0.000000
497.433333,0.000000
497.466667,0.000000
497.5,0.000000
497.533333,0.000000
497.566667,0.000000
497.6,0.000000
497.633333,0.000000
497.666667,0.000000
497.7,0.000000
497.733333,0.000000
497.766667,0.000000
497.8,0.000000
497.833333,0.000000
497.866667,0.000000
497.9,0.000000
497.933333,0.000000
497.966667,0.000000
498,0.000030
498.033333,0.000006
498.066667,0.000009
498.1,0.000004
498.133333,0.000000
498.166667,0.000000
498.2,0.000000
498.233333,0.000000
498.266667,0.039931
498.3,0.000017
498.333333,0.000008
498.366667,0.000001
498.4,0.000000
498.433333,0.000001
498.466667,0.000000
498.5,0.000000
498.533333,0.000000
498.566667,0.000000
498.6,0.000000
498.633333,0.000000
498.666667,0.000000
498.7,0.000000
498.733333,0.000000
498.766667,0.000000
498.8,0.000000
498.833333,0.000000
498.866667,0.000000
498.9,0.000000
498.933333,0.000000
498.966667,0.000000
499,0.000042
499.033333,0.000012
499.066667,0.000010
499.1,0.000004
499.133333,0.000000
499.166667,0.000000
499.2,0.000000
499.233333,0.000000
499.266667,0.000000
499.3,0.000000
499.333333,0.000000
499.366667,0.000000
499.4,0.000000
499.433333,0.000000
499.466667,0.000000
499.5,0.000000
499.533333,0.000000
499.566667,0.000000
499.6,0.000000
499.633333,0.000000
499.666667,0.000000
499.7,0.000000
499.733333,0.000000
499.766667,0.000000
499.8,0.000000
499.833333,0.069286
499.866667,0.000021
499.9,0.000010
499.933333,0.000001
499.966667,0.000000
500,0.000032
500.033333,0.000003
500.066667,0.000014
500.1,0.000004
500.133333,0.000000
500.166667,0.000001
500.2,0.000000
500.233333,0.000001
500.266667,0.000001
500.3,0.000002
500.333333,0.000003
500.366667,0.000000
500.4,0.000001
500.433333,0.000001
500.466667,0.000001
500.5,0.000003
500.533333,0.000001
500.566667,0.000001
500.6,0.000001
500.633333,0.000000
500.666667,0.000002
500.7,0.000001
500.733333,0.000001
500.766667,0.000001
500.8,0.000001
500.833333,0.000001
500.866667,0.000001
500.9,0.000001
500.933333,0.000002
500.966667,0.000004
501,0.000033
501.033333,0.000001
501.066667,0.000017
501.1,0.000003
501.133333,0.000003
501.166667,0.000002
501.2,0.000002
501.233333,0.000002
501.266667,0.000002
501.3,0.000005
501.333333,0.000001
501.366667,0.000001
501.4,0.000001
501.433333,0.000002
501.466667,0.000001
501.5,0.000001
501.533333,0.000001
501.566667,0.000002
501.6,0.000004
501.633333,0.000001
501.666667,0.000001
501.7,0.000001
501.733333,0.000001
501.766667,0.000003
501.8,0.000001
501.833333,0.000001
501.866667,0.000001
501.9,0.000001
501.933333,0.000002
501.966667,0.000001
502,0.000032
502.033333,0.000000
502.066667,0.000014
502.1,0.000003
502.133333,0.000001
502.166667,0.000001
502.2,0.000001
502.233333,0.000004
502.266667,0.000001
502.3,0.000001
502.333333,0.000000
502.366667,0.000000
502.4,0.000001
502.433333,0.000001
502.466667,0.000000
502.5,0.000001
502.533333,0.000001
502.566667,0.000000
502.6,0.000001
502.633333,0.000000
502.666667,0.000001
502.7,0.000003
502.733333,0.000001
502.766667,0.000001
502.8,0.000001
502.833333,0.000000
502.866667,0.000002
502.9,0.000001
502.933333,0.000001
502.966667,0.086739
503,0.000022
503.033333,0.000009
503.066667,0.000012
503.1,0.000003
503.133333,0.000001
503.166667,0.000003
503.2,0.000001
503.233333,0.000001
503.266667,0.000001
503.3,0.000000
503.333333,0.000002
503.366667,0.000001
503.4,0.000001
503.433333,0.000000
503.466667,0.000000
503.5,0.000001
503.533333,0.000001
503.566667,0.000001
503.6,0.000001
503.633333,0.000002
503.666667,0.000000
503.7,0.000001
503.733333,0.000001
503.766667,0.000001
503.8,0.000003
503.833333,0.000001
503.866667,0.000001
503.9,0.000001
503.933333,0.000000
503.966667,0.000002
504,0.000027
504.033333,0.000001
504.066667,0.000014
504.1,0.000004
504.133333,0.000001
504.166667,0.000001
504.2,0.061291
504.233333,0.000016
504.266667,0.000008
504.3,0.000001
504.333333,0.000001
504.366667,0.000001
504.4,0.000000
504.433333,0.000003
504.466667,0.000001
504.5,0.000001
504.533333,0.000000
504.566667,0.000001
504.6,0.000002
504.633333,0.000001
504.666667,0.000001
504.7,0.000001
504.733333,0.000002
504.766667,0.000000
504.8,0.000001
504.833333,0.000001
504.866667,0.000001
504.9,0.000003
504.933333,0.000001
504.966667,0.000001
505,0.000027
505.033333,0.000003
505.066667,0.000010
505.1,0.000003
505.133333,0.000001
505.166667,0.000000
505.2,0.000001
505.233333,0.000001
505.266667,0.000001
505.3,0.000001
505.333333,0.000002
505.366667,0.000004
505.4,0.000001
505.433333,0.000001
505.466667,0.000001
505.5,0.000000
505.533333,0.000003
505.566667,0.000001
505.6,0.000001
505.633333,0.000000
505.666667,0.000000
505.7,0.000001
505.733333,0.000001
505.766667,0.000000
505.8,0.000001
505.833333,0.000001
505.866667,0.000000
505.9,0.000001
505.933333,0.000000
505.966667,0.000001
506,0.000022
506.033333,0.000001
506.066667,0.000010
506.1,0.000004
506.133333,0.000000
506.166667,0.000002
506.2,0.000001
506.233333,0.000001
506.266667,0.000000
506.3,0.000001
506.333333,0.000001
506.366667,0.000001
506.4,0.000001
506.433333,0.043973
506.466667,0.000024
506.5,0.000010
506.533333,0.000003
506.566667,0.000000
506.6,0.000000
506.633333,0.000000
506.666667,0.000000
506.7,0.000000
506.733333,0.000000
506.766667,0.000000
506.8,0.000000
506.833333,0.000000
506.866667,0.000000
506.9,0.000000
506.933333,0.000000
506.966667,0.000000
507,0.000036
507.033333,0.000003
507.066667,0.000012
507.1,0.000005
507.133333,0.000000
507.166667,0.000000
507.2,0.000000
507.233333,0.000000
507.266667,0.000000
507.3,0.000000
507.333333,0.000000
507.366667,0.000000
507.4,0.000000
507.433333,0.000000
507.466667,0.000000
507.5,0.000000
507.533333,0.000000
507.566667,0.000000
507.6,0.000000
507.633333,0.000000
507.666667,0.000000
507.7,0.000000
507.733333,0.000000
507.766667,0.000000
507.8,0.000000
507.833333,0.000000
507.866667,0.000000
507.9,0.000000
507.933333,0.000000
507.966667,0.000000
508,0.000034
508.033333,0.000001
508.066667,0.000012
508.1,0.000005
508.133333,0.000000
508.166667,0.000000
508.2,0.000000
508.233333,0.000000
508.266667,0.000000
508.3,0.000000
508.333333,0.000000
508.366667,0.000000
508.4,0.000000
508.433333,0.000000
508.466667,0.000000
508.5,0.000000
508.533333,0.000000
508.566667,0.000000
508.6,0.000000
508.633333,0.055294
508.666667,0.000020
508.7,0.000009
508.733333,0.000002
508.766667,0.000000
508.8,0.000000
508.833333,0.000000
508.866667,0.000000
508.9,0.000000
508.933333,0.000000
508.966667,0.000000
509,0.000035
509.033333,0.000003
509.066667,0.000012
509.1,0.000005
509.133333,0.000000
509.166667,0.000000
509.2,0.000000
509.233333,0.000000
509.266667,0.000000
509.3,0.000000
509.333333,0.000000
509.366667,0.000000
509.4,0.000000
509.433333,0.000000
509.466667,0.000000
509.5,0.000000
509.533333,0.000000
509.566667,0.000000
509.6,0.000000
509.633333,0.000000
509.666667,0.000000
509.7,0.000000
509.733333,0.000000
509.766667,0.000000
509.8,0.000000
509.833333,0.000000
509.866667,0.000000
509.9,0.000000
509.933333,0.000000
509.966667,0.000000
510,0.000033
510.033333,0.000002
510.066667,0.000012
510.1,0.000005
510.133333,0.000000
510.166667,0.000000
510.2,0.000000
510.233333,0.000000
510.266667,0.000000
510.3,0.000000
510.333333,0.000000
510.366667,0.000000
510.4,0.000000
510.433333,0.000000
510.466667,0.000000
510.5,0.000000
510.533333,0.000000
510.566667,0.000000
510.6,0.000000
510.633333,0.000000
510.666667,0.000000
510.7,0.000000
510.733333,0.000000
510.766667,0.000000
510.8,0.000000
510.833333,0.000000
510.866667,0.000000
510.9,0.000000
510.933333,0.000000
510.966667,0.000000
511,0.000033
511.033333,0.000002
511.066667,0.000012
511.1,0.000005
511.133333,0.000000
511.166667,0.000000
511.2,0.000000
511.233333,0.000000
511.266667,0.000000
511.3,0.000000
511.333333,0.000000
511.366667,0.000000
511.4,0.000000
511.433333,0.000000
511.466667,0.000000
511.5,0.000000
511.533333,0.000000
511.566667,0.000000
511.6,0.000000
511.633333,0.000000
511.666667,0.000000
511.7,0.000000
511.733333,0.000000
511.766667,0.000000
511.8,0.000000
511.833333,0.000000
511.866667,0.000000
511.9,0.000000
511.933333,0.000000
511.966667,0.000000
512,0.000033
512.033333,0.000002
512.066667,0.060795
512.1,0.000019
512.133333,0.000008
512.166667,0.000002
512.2,0.000000
512.233333,0.000000
512.266667,0.000000
512.3,0.000000
512.333333,0.000000
512.366667,0.000000
512.4,0.000000
512.433333,0.000000
512.466667,0.000000
512.5,0.000000
512.533333,0.000000
512.566667,0.000000
512.6,0.000000
512.633333,0.000000
512.666667,0.000000
512.7,0.000000
512.733333,0.000000
512.766667,0.000000
512.8,0.000000
512.833333,0.000000
512.866667,0.000000
512.9,0.000000
512.933333,0.000000
512.966667,0.000000
513,0.000035
513.033333,0.000005
513.066667,0.000011
513.1,0.000004
513.133333,0.000000
513.166667,0.000000
513.2,0.000000
513.233333,0.000000
513.266667,0.000000
513.3,0.000000
513.333333,0.000000
513.366667,0.000000
513.4,0.000000
513.433333,0.000000
513.466667,0.000000
513.5,0.000000
513.533333,0.000000
513.566667,0.000000
513.6,0.000000
513.633333,0.000000
513.666667,0.000000
513.7,0.000000
513.733333,0.000000
513.766667,0.000000
513.8,0.000000
513.833333,0.000000
513.866667,0.000000
513.9,0.000000
513.933333,0.000000
513.966667,0.000000
514,0.000031
514.033333,0.000001
514.066667,0.000011
514.1,0.000004
514.133333,0.000000
514.166667,0.000000
514.2,0.000000
514.233333,0.041891
514.266667,0.000022
514.3,0.000010
514.333333,0.000000
514.366667,0.000001
514.4,0.000000
514.433333,0.000002
514.466667,0.000000
514.5,0.000003
514.533333,0.000002
514.566667,0.000002
514.6,0.000004
514.633333,0.000002
514.666667,0.000002
514.7,0.000002
514.733333,0.000000
514.766667,0.000002
514.8,0.000000
514.833333,0.000002
514.866667,0.000002
514.9,0.000001
514.933333,0.000004
514.966667,0.000002
515,0.000034
515.033333,0.000005
515.066667,0.000018
515.1,0.000001
515.133333,0.000003
515.166667,0.000003
515.2,0.000002
515.233333,0.000000
515.266667,0.000003
515.3,0.000002
515.333333,0.000003
515.366667,0.000005
515.4,0.000002
515.433333,0.000001
515.466667,0.000001
515.5,0.000001
515.533333,0.000002
515.566667,0.002018
515.6,0.000010
515.633333,0.000001
515.666667,0.000002
515.7,0.000004
515.733333,0.000002
515.766667,0.000002
515.8,0.000003
515.833333,0.000000
515.866667,0.000001
515.9,0.000001
515.933333,0.000002
515.966667,0.000001
516,0.000031
516.033333,0.000004
516.066667,0.000014
516.1,0.000002
516.133333,0.000002
516.166667,0.000000
516.2,0.000001
516.233333,0.000000
516.266667,0.000001
516.3,0.000001
516.333333,0.000001
516.366667,0.000002
516.4,0.000001
516.433333,0.088364
516.466667,0.000014
516.5,0.000006
516.533333,0.000001
516.566667,0.000000
516.6,0.000000
516.633333,0.000000
516.666667,0.000000
516.7,0.000000
516.733333,0.000000
516.766667,0.000000
516.8,0.000000
516.833333,0.000000
516.866667,0.000000
516.9,0.000000
516.933333,0.000000
516.966667,0.000000
517,0.000028
517.033333,0.000003
517.066667,0.000008
517.1,0.000003
517.133333,0.000000
517.166667,0.000000
517.2,0.000000
517.233333,0.000000
517.266667,0.000000
517.3,0.000000
517.333333,0.000000
517.366667,0.000000
517.4,0.000000
517.433333,0.000000
517.466667,0.000000
517.5,0.000000
517.533333,0.000000
517.566667,0.000000
517.6,0.000000
517.633333,0.000000
517.666667,0.063012
517.7,0.000011
517.733333,0.000005
517.766667,0.000002
517.8,0.000000
517.833333,0.000000
517.866667,0.000000
517.9,0.000000
517.933333,0.000000
517.966667,0.000000
518,0.000027
518.033333,0.000003
518.066667,0.000008
518.1,0.000003
518.133333,0.000000
518.166667,0.000000
518.2,0.000000
518.233333,0.000000
518.266667,0.000000
518.3,0.000000
518.333333,0.000000
518.366667,0.000000
518.4,0.000000
518.433333,0.000000
518.466667,0.000000
518.5,0.000000
518.533333,0.000000
518.566667,0.000000
518.6,0.000000
518.633333,0.000000
518.666667,0.000000
518.7,0.000000
518.733333,0.000000
518.766667,0.000000
518.8,0.000000
518.833333,0.000000
518.866667,0.000000
518.9,0.000000
518.933333,0.000000
518.966667,0.000000
519,0.000026
519.033333,0.000002
519.066667,0.000008
519.1,0.000003
519.133333,0.000000
519.166667,0.000000
519.2,0.000000
519.233333,0.000000
519.266667,0.000000
519.3,0.000000
519.333333,0.000000
519.366667,0.000000
519.4,0.000000
519.433333,0.000000
519.466667,0.000000
519.5,0.000000
519.533333,0.000000
519.566667,0.000000
519.6,0.000000
519.633333,0.000000
519.666667,0.000000
519.7,0.000000
519.733333,0.000000
519.766667,0.000000
519.8,0.000000
519.833333,0.000000
519.866667,0.000000
519.9,0.000000
519.933333,0.000000
519.966667,0.000000
520,0.000026
520.033333,0.000002
520.066667,0.000008
520.1,0.000003
520.133333,0.000000
520.166667,0.000000
520.2,0.039403
520.233333,0.000015
520.266667,0.000006
520.3,0.000001
520.333333,0.000000
520.366667,0.000000
520.4,0.000000
520.433333,0.000000
520.466667,0.000000
520.5,0.000000
520.533333,0.000000
520.566667,0.000000
520.6,0.000000
520.633333,0.000000
520.666667,0.000000
520.7,0.000000
520.733333,0.000000
520.766667,0.000000
520.8,0.000000
520.833333,0.000000
520.866667,0.000000
520.9,0.000000
520.933333,0.000000
520.966667,0.000000
521,0.000031
521.033333,0.000004
521.066667,0.000008
521.1,0.000004
521.133333,0.000000
521.166667,0.000000
521.2,0.000000
521.233333,0.000000
521.266667,0.000000
521.3,0.000000
521.333333,0.000000
521.366667,0.000000
521.4,0.000000
521.433333,0.000000
521.466667,0.000000
521.5,0.000000
521.533333,0.000000
521.566667,0.000000
521.6,0.000000
521.633333,0.000000
521.666667,0.000000
521.7,0.000000
521.733333,0.000000
521.766667,0.000000
521.8,0.000000
521.833333,0.000000
521.866667,0.000000
521.9,0.000000
521.933333,0.000000
521.966667,0.000000
522,0.000028
522.033333,0.000001
522.066667,0.000008
522.1,0.000004
522.133333,0.000000
522.166667,0.039420
522.2,0.000016
522.233333,0.000006
522.266667,0.000001
522.3,0.000000
522.333333,0.000000
522.366667,0.000000
522.4,0.000000
522.433333,0.000000
522.466667,0.000000
522.5,0.000000
522.533333,0.000000
522.566667,0.000000
522.6,0.000000
522.633333,0.000000
522.666667,0.000000
522.7,0.000000
522.733333,0.000000
522.766667,0.000000
522.8,0.000000
522.833333,0.000000
522.866667,0.000000
522.9,0.000000
522.933333,0.000000
522.966667,0.000000
523,0.000032
523.033333,0.000004
523.066667,0.000009
523.1,0.000004
523.133333,0.000001
523.166667,0.000000
523.2,0.000000
523.233333,0.000000
523.266667,0.000000
523.3,0.000000
523.333333,0.000000
523.366667,0.000000
523.4,0.000000
523.433333,0.000000
523.466667,0.000000
523.5,0.000000
523.533333,0.000000
523.566667,0.000000
523.6,0.000000
523.633333,0.000000
523.666667,0.000000
523.7,0.000000
523.733333,0.000000
523.766667,0.000000
523.8,0.000000
523.833333,0.000000
523.866667,0.000000
523.9,0.000000
523.933333,0.000000
523.966667,0.000000
524,0.000030
524.033333,0.000002
524.066667,0.000009
524.1,0.000004
524.133333,0.000001
524.166667,0.000000
524.2,0.000000
524.233333,0.000000
524.266667,0.000000
524.3,0.000000
524.333333,0.000000
524.366667,0.000000
524.4,0.000000
524.433333,0.000000
524.466667,0.000000
524.5,0.000000
524.533333,0.000000
524.566667,0.000000
524.6,0.000000
524.633333,0.070153
524.666667,0.000045
524.7,0.000009
524.733333,0.000000
524.766667,0.000004
524.8,0.000004
524.833333,0.000004
524.866667,0.000005
524.9,0.000004
524.933333,0.000004
524.966667,0.000005
525,0.000042
525.033333,0.000003
525.066667,0.000028
525.1,0.000011
525.133333,0.000008
525.166667,0.000007
525.2,0.000007
525.233333,0.000008
525.266667,0.000012
525.3,0.000005
525.333333,0.000006
525.366667,0.000016
525.4,0.000003
525.433333,0.000003
525.466667,0.000006
525.5,0.000006
525.533333,0.000005
525.566667,0.000007
525.6,0.000005
525.633333,0.000012
525.666667,0.000014
525.7,0.000003
525.733333,0.000003
525.766667,0.000007
525.8,0.000002
525.833333,0.000003
525.866667,0.000007
525.9,0.000006
525.933333,0.001770
525.966667,0.000066
526,0.000041
526.033333,0.000008
526.066667,0.000030
526.1,0.000014
526.133333,0.000001
526.166667,0.000009
526.2,0.000006
526.233333,0.000007
526.266667,0.000007
526.3,0.000003
526.333333,0.000008
526.366667,0.000004
526.4,0.000003
526.433333,0.000002
526.466667,0.000001
526.5,0.000004
526.533333,0.000001
526.566667,0.000007
526.6,0.000001
526.633333,0.000006
526.666667,0.000005
526.7,0.000003
526.733333,0.000008
526.766667,0.000009
526.8,0.000003
526.833333,0.000004
526.866667,0.000004
526.9,0.000005
526.933333,0.000001
526.966667,0.000008
527,0.000041
527.033333,0.000015
527.066667,0.000037
527.1,0.000001
527.133333,0.000004
527.166667,0.000028
527.2,0.000014
527.233333,0.000005
527.266667,0.000011
527.3,0.000008
527.333333,0.000004
527.366667,0.000012
527.4,0.000009
527.433333,0.000017
527.466667,0.000032
527.5,0.000003
527.533333,0.067577
527.566667,0.000015
527.6,0.000007
527.633333,0.000001
527.666667,0.000000
527.7,0.000000
527.733333,0.000000
527.766667,0.000000
527.8,0.000000
527.833333,0.000000
527.866667,0.000000
527.9,0.000000
527.933333,0.000000
527.966667,0.000000
528,0.000038
528.033333,0.000012
528.066667,0.000010
528.1,0.000003
528.133333,0.000000
528.166667,0.000000
528.2,0.000000
528.233333,0.000000
528.266667,0.000000
528.3,0.000000
528.333333,0.000000
528.366667,0.000000
528.4,0.000000
528.433333,0.000000
528.466667,0.000000
528.5,0.000000
528.533333,0.000000
528.566667,0.000000
528.6,0.000000
528.633333,0.000000
528.666667,0.000000
528.7,0.000000
528.733333,0.000000
528.766667,0.000000
528.8,0.000000
528.833333,0.000000
528.866667,0.000000
528.9,0.000000
528.933333,0.000000
528.966667,0.053817
529,0.000024
529.033333,0.000010
529.066667,0.000010
529.1,0.000005
529.133333,0.000000
529.166667,0.000000
529.2,0.000000
529.233333,0.000000
529.266667,0.000000
529.3,0.000000
529.333333,0.000000
529.366667,0.000000
529.4,0.000000
529.433333,0.000000
529.466667,0.000000
529.5,0.000000
529.533333,0.000000
529.566667,0.000000
529.6,0.000000
529.633333,0.000000
529.666667,0.000000
529.7,0.000000
529.733333,0.000000
529.766667,0.000000
529.8,0.000000
529.833333,0.000000
529.866667,0.000000
529.9,0.000000
529.933333,0.000000
529.966667,0.000000
530,0.000031
530.033333,0.000002
530.066667,0.000010
530.1,0.000005
530.133333,0.000000
530.166667,0.000000
530.2,0.000000
530.233333,0.000000
530.266667,0.000000
530.3,0.000000
530.333333,0.000000
530.366667,0.000000
530.4,0.000000
530.433333,0.000000
530.466667,0.000000
530.5,0.000000
530.533333,0.000000
530.566667,0.000000
530.6,0.000000
530.633333,0.000000
530.666667,0.000000
530.7,0.000000
530.733333,0.000000
530.766667,0.000000
530.8,0.000000
530.833333,0.000000
530.866667,0.000000
530.9,0.000000
530.933333,0.000000
530.966667,0.045081
531,0.000244
531.033333,0.000060
531.066667,0.000054
531.1,0.000089
531.133333,0.000102
531.166667,0.000159
531.2,0.000159
531.233333,0.000028
531.266667,0.000225
531.3,0.000030
531.333333,0.000026
531.366667,0.000030
531.4,0.000055
531.433333,0.000073
531.466667,0.000039
531.5,0.000019
531.533333,0.000062
531.566667,0.000107
531.6,0.000051
531.633333,0.000051
531.666667,0.000169
531.7,0.000187
531.733333,0.000068
531.766667,0.000010
531.8,0.000043
531.833333,0.000050
531.866667,0.000028
531.9,0.000014
531.933333,0.000089
531.966667,0.000085
532,0.000110
532.033333,0.000039
532.066667,0.000171
532.1,0.000052
532.133333,0.000030
532.166667,0.000011
532.2,0.000052
532.233333,0.000050
532.266667,0.000025
532.3,0.000041
532.333333,0.000091
532.366667,0.000176
532.4,0.000041
532.433333,0.000129
532.466667,0.000059
532.5,0.000045
532.533333,0.000002
532.566667,0.000029
532.6,0.000053
532.633333,0.000104
532.666667,0.000022
532.7,0.000086
532.733333,0.000034
532.766667,0.000036
532.8,0.000006
532.833333,0.000021
532.866667,0.000059
532.9,0.000189
532.933333,0.000032
532.966667,0.000076
533,0.000068
533.033333,0.000019
533.066667,0.000009
533.1,0.000025
533.133333,0.000049
533.166667,0.000022
533.2,0.000001
533.233333,0.000031
533.266667,0.000032
533.3,0.000020
533.333333,0.000005
533.366667,0.000038
533.4,0.056116
533.433333,0.000015
533.466667,0.000006
533.5,0.000002
533.533333,0.000000
533.566667,0.000000
533.6,0.000000
533.633333,0.000000
533.666667,0.000000
533.7,0.000000
533.733333,0.000000
533.766667,0.000000
533.8,0.000000
533.833333,0.000000
533.866667,0.000000
533.9,0.000000
533.933333,0.000000
533.966667,0.000000
534,0.000033
534.033333,0.000004
534.066667,0.000009
534.1,0.000004
534.133333,0.000000
534.166667,0.000000
534.2,0.000000
534.233333,0.000000
534.266667,0.000000
534.3,0.000000
534.333333,0.000000
534.366667,0.000000
534.4,0.000000
534.433333,0.000000
534.466667,0.000000
534.5,0.000000
534.533333,0.000000
534.566667,0.000000
534.6,0.000000
534.633333,0.000000
534.666667,0.000000
534.7,0.000000
534.733333,0.000000
534.766667,0.000000
534.8,0.000000
534.833333,0.000000
534.866667,0.000000
534.9,0.000000
534.933333,0.000000
534.966667,0.000000
535,0.000030
535.033333,0.000001
535.066667,0.000009
535.1,0.000004
535.133333,0.000000
535.166667,0.000000
535.2,0.000000
535.233333,0.000000
535.266667,0.000000
535.3,0.000000
535.333333,0.000000
535.366667,0.000000
535.4,0.000000
535.433333,0.000000
535.466667,0.000000
535.5,0.000000
535.533333,0.000000
535.566667,0.000000
535.6,0.000000
535.633333,0.000000
535.666667,0.000000
535.7,0.000000
535.733333,0.186068
535.766667,0.000858
535.8,0.010485
535.833333,0.021827
535.866667,0.005871
535.9,0.007631
535.933333,0.012314
535.966667,0.001843
536,0.001189
536.033333,0.003943
536.066667,0.011584
536.1,0.001591
536.133333,0.009712
536.166667,0.002395
536.2,0.003109
536.233333,0.008042
536.266667,0.000061
536.3,0.000004
536.333333,0.000009
536.366667,0.000002
536.4,0.000000
536.433333,0.000000
536.466667,0.000000
536.5,0.000000
536.533333,0.000000
536.566667,0.000000
536.6,0.000000
536.633333,0.000000
536.666667,0.000000
536.7,0.000000
536.733333,0.000000
536.766667,0.000000
536.8,0.000000
536.833333,0.000000
536.866667,0.000000
536.9,0.000000
536.933333,0.000000
536.966667,0.000000
537,0.000481
537.033333,0.000087
537.066667,0.000138
537.1,0.000066
537.133333,0.012795
537.166667,0.000527
537.2,0.000007
537.233333,0.000048
537.266667,0.000044
537.3,0.000030
537.333333,0.000030
537.366667,0.000124
537.4,0.000076
537.433333,0.000065
537.466667,0.042008
537.5,0.013746
537.533333,0.000181
537.566667,0.000262
537.6,0.000089
537.633333,0.000034
537.666667,0.000068
537.7,0.000009
537.733333,0.000002
537.766667,0.000000
537.8,0.000000
537.833333,0.000000
537.866667,0.000000
537.9,0.000000
537.933333,0.000000
537.966667,0.000000
538,0.000501
538.033333,0.000103
538.066667,0.000140
538.1,0.000067
538.133333,0.000011
538.166667,0.000004
538.2,0.000000
538.233333,0.000000
538.266667,0.000000
538.3,0.000000
538.333333,0.000000
538.366667,0.000000
538.4,0.000000
538.433333,0.000000
538.466667,0.000000
538.5,0.000000
538.533333,0.000000
538.566667,0.000000
538.6,0.000000
538.633333,0.000000
538.666667,0.000000
538.7,0.000000
538.733333,0.000000
538.766667,0.000000
538.8,0.000000
538.833333,0.033403
538.866667,0.000067
538.9,0.000009
538.933333,0.000001
538.966667,0.000000
539,0.000428
539.033333,0.000036
539.066667,0.000138
539.1,0.000066
539.133333,0.000011
539.166667,0.000004
539.2,0.000000
539.233333,0.000000
539.266667,0.000000
539.3,0.000000
539.333333,0.000000
539.366667,0.000000
539.4,0.000000
539.433333,0.000000
539.466667,0.000000
539.5,0.000000
539.533333,0.000000
539.566667,0.000000
539.6,0.000000
539.633333,0.000000
539.666667,0.000000
539.7,0.000000
539.733333,0.000000
539.766667,0.000000
539.8,0.000000
539.833333,0.000000
539.866667,0.000000
539.9,0.000000
539.933333,0.000000
539.966667,0.000000
540,0.000415
540.033333,0.000021
540.066667,0.000138
540.1,0.000066
540.133333,0.000011
540.166667,0.000004
540.2,0.000000
540.233333,0.000000
540.266667,0.000000
540.3,0.000000
540.333333,0.000000
540.366667,0.000000
540.4,0.000000
540.433333,0.000000
540.466667,0.000000
540.5,0.000000
540.533333,0.000000
540.566667,0.000000
540.6,0.000000
540.633333,0.000000
540.666667,0.000000
540.7,0.030516
540.733333,0.001372
540.766667,0.000031
540.8,0.000018
540.833333,0.000006
540.866667,0.000031
540.9,0.000024
540.933333,0.000021
540.966667,0.000019
541,0.000519
541.033333,0.000083
541.066667,0.000239
541.1,0.000035
541.133333,0.000011
541.166667,0.000003
541.2,0.000074
541.233333,0.000027
541.266667,0.000020
541.3,0.000105
541.333333,0.000044
541.366667,0.000037
541.4,0.000014
541.433333,0.000072
541.466667,0.000067
541.5,0.000148
541.533333,0.000120
541.566667,0.000102
541.6,0.000056
541.633333,0.000198
541.666667,0.000325
541.7,0.000303
541.733333,0.000260
541.766667,0.000130
541.8,0.000028
541.833333,0.000071
541.866667,0.000018
541.9,0.000002
541.933333,0.000000
541.966667,0.000001
542,0.000625
542.033333,0.000248
542.066667,0.000137
542.1,0.000065
542.133333,0.000010
542.166667,0.000004
542.2,0.000000
542.233333,0.000000
542.266667,0.066942
542.3,0.000073
542.333333,0.000013
542.366667,0.000004
542.4,0.000000
542.433333,0.000000
542.466667,0.000000
542.5,0.000000
542.533333,0.000000
542.566667,0.000000
542.6,0.000000
542.633333,0.000000
542.666667,0.000000
542.7,0.000000
542.733333,0.000000
542.766667,0.000000
542.8,0.000000
542.833333,0.000000
542.866667,0.000000
542.9,0.000000
542.933333,0.000000
542.966667,0.000000
543,0.000419
543.033333,0.000042
543.066667,0.000135
543.1,0.000065
543.133333,0.000011
543.166667,0.000004
543.2,0.000000
543.233333,0.000000
543.266667,0.000000
543.3,0.000000
543.333333,0.000000
543.366667,0.000000
543.4,0.000000
543.433333,0.000000
543.466667,0.000000
543.5,0.000000
543.533333,0.000000
543.566667,0.000000
543.6,0.000000
543.633333,0.000000
543.666667,0.000000
543.7,0.000000
543.733333,0.000000
543.766667,0.000000
543.8,0.000000
543.833333,0.000000
543.866667,0.000000
543.9,0.000000
543.933333,0.000000
543.966667,0.000000
544,0.000396
544.033333,0.000019
544.066667,0.000135
544.1,0.000065
544.133333,0.000011
544.166667,0.000004
544.2,0.000000
544.233333,0.000000
544.266667,0.000000
544.3,0.000000
544.333333,0.000000
544.366667,0.000000
544.4,0.000000
544.433333,0.000000
544.466667,0.000000
544.5,0.000000
544.533333,0.000000
544.566667,0.000000
544.6,0.000000
544.633333,0.000000
544.666667,0.000000
544.7,0.000000
544.733333,0.000000
544.766667,0.000000
544.8,0.000000
544.833333,0.000000
544.866667,0.000000
544.9,0.000000
544.933333,0.000000
544.966667,0.000000
545,0.353680
545.033333,0.000882
545.066667,0.000219
545.1,0.000045
545.133333,0.000003
545.166667,0.000012
545.2,0.000018
545.233333,0.000015
545.266667,0.000014
545.3,0.000027
545.333333,0.000018
545.366667,0.000026
545.4,0.000024
545.433333,0.000030
545.466667,0.000038
545.5,0.000038
545.533333,0.000057
545.566667,0.000055
545.6,0.000077
545.633333,0.000103
545.666667,0.000160
545.7,0.000480
545.733333,0.000001
545.766667,0.000009
545.8,0.000008
545.833333,0.000006
545.866667,0.000010
545.9,0.000012
545.933333,0.000008
545.966667,0.000012
546,0.000357
546.033333,0.000029
546.066667,0.000220
546.1,0.000038
546.133333,0.000003
546.166667,0.000012
546.2,0.000020
546.233333,0.000018
546.266667,0.000033
546.3,0.000022
546.333333,0.000036
546.366667,0.000039
546.4,0.000044
546.433333,0.000061
546.466667,0.023143
546.5,0.001105
546.533333,0.000051
546.566667,0.000008
546.6,0.000002
546.633333,0.000000
546.666667,0.000000
546.7,0.000000
546.733333,0.000000
546.766667,0.000000
546.8,0.000000
546.833333,0.000000
546.866667,0.000000
546.9,0.000000
546.933333,0.000000
546.966667,0.000000
547,0.000382
547.033333,0.000068
547.066667,0.000113
547.1,0.000056
547.133333,0.000012
547.166667,0.000004
547.2,0.000001
547.233333,0.000000
547.266667,0.000000
547.3,0.000000
547.333333,0.000000
547.366667,0.000000
547.4,0.000000
547.433333,0.000000
547.466667,0.000000
547.5,0.000000
547.533333,0.000000
547.566667,0.000000
547.6,0.000000
547.633333,0.000000
547.666667,0.000000
547.7,0.000000
547.733333,0.243035
547.766667,0.000978
547.8,0.000176
547.833333,0.000053
547.866667,0.000030
547.9,0.000040
547.933333,0.000006
547.966667,0.032625
548,0.001511
548.033333,0.000210
548.066667,0.000382
548.1,0.000016
548.133333,0.000025
548.166667,0.000027
548.2,0.000251
548.233333,0.000125
548.266667,0.000014
548.3,0.000020
548.333333,0.000023
548.366667,0.000046
548.4,0.000046
548.433333,0.025176
548.466667,0.001538
548.5,0.000436
548.533333,0.000351
548.566667,0.000238
548.6,0.000566
548.633333,0.000261
548.666667,0.000243
548.7,0.000012
548.733333,0.000529
548.766667,0.000329
548.8,0.000079
548.833333,0.000010
548.866667,0.000045
548.9,0.022221
548.933333,0.001430
548.966667,0.000687
549,0.000661
549.033333,0.000654
549.066667,0.000070
549.1,0.000034
549.133333,0.000017
549.166667,0.000106
549.2,0.000032
549.233333,0.000011
549.266667,0.000021
549.3,0.000009
549.333333,0.000022
549.366667,0.024345
549.4,0.001028
549.433333,0.035813
549.466667,0.001069
549.5,0.000146
549.533333,0.000087
549.566667,0.000770
549.6,0.000043
549.633333,0.000420
549.666667,0.000153
549.7,0.000066
549.733333,0.000021
549.766667,0.029423
549.8,0.000610
549.833333,0.000259
549.866667,0.000177
549.9,0.000667
549.933333,0.000173
549.966667,0.000501
550,0.000186
550.033333,0.000383
550.066667,0.000092
550.1,0.000023
550.133333,0.000025
550.166667,0.000063
550.2,0.000037
550.233333,0.021221
550.266667,0.001726
550.3,0.000619
550.333333,0.000583
550.366667,0.000441
550.4,0.000095
550.433333,0.000067
550.466667,0.000066
550.5,0.000882
550.533333,0.000412
550.566667,0.000433
550.6,0.000352
550.633333,0.000070
550.666667,0.000384
550.7,0.017355
550.733333,0.001947
550.766667,0.001524
550.8,0.000219
550.833333,0.000236
550.866667,0.000506
550.9,0.001460
550.933333,0.000145
550.966667,0.000023
551,0.002640
551.033333,0.000004
551.066667,0.000440
551.1,0.000105
551.133333,0.020464
551.166667,0.002196
551.2,0.000083
551.233333,0.000174
551.266667,0.000007
551.3,0.000001
551.333333,0.000000
551.366667,0.000000
551.4,0.000088
551.433333,0.035759
551.466667,0.000841
551.5,0.005252
551.533333,0.002075
551.566667,0.021777
551.6,0.000144
551.633333,0.001166
551.666667,0.000072
551.7,0.000655
551.733333,0.000081
551.766667,0.003681
551.8,0.001294
551.833333,0.000936
551.866667,0.000636
551.9,0.000207
551.933333,0.000271
551.966667,0.000425
552,0.003442
552.033333,0.016667
552.066667,0.001466
552.1,0.000460
552.133333,0.000195
552.166667,0.000244
552.2,0.000091
552.233333,0.000040
552.266667,0.000101
552.3,0.000012
552.333333,0.000044
552.366667,0.000438
552.4,0.000315
552.433333,0.000031
552.466667,0.000026
552.5,0.017999
552.533333,0.001591
552.566667,0.000522
552.6,0.000137
552.633333,0.000146
552.666667,0.000072
552.7,0.000023
552.733333,0.000070
552.766667,0.000077
552.8,0.000015
552.833333,0.000442
552.866667,0.000292
552.9,0.000014
552.933333,0.020684
552.966667,0.001958
553,0.000750
553.033333,0.001114
553.066667,0.000346
553.1,0.000170
553.133333,0.000032
553.166667,0.000007
553.2,0.000214
553.233333,0.000037
553.266667,0.000447
553.3,0.000323
553.333333,0.000048
553.366667,0.025463
553.4,0.001706
553.433333,0.000513
553.466667,0.000100
553.5,0.000171
553.533333,0.000085
553.566667,0.036726
553.6,0.000042
553.633333,0.000186
553.666667,0.000095
553.7,0.000049
553.733333,0.000034
553.766667,0.000143
553.8,0.000621
553.833333,0.020023
553.866667,0.001453
553.9,0.000445
553.933333,0.000150
553.966667,0.000007
554,0.003473
554.033333,0.000001
554.066667,0.000001
554.1,0.000337
554.133333,0.000326
554.166667,0.001250
554.2,0.000623
554.233333,0.000414
554.266667,0.017494
554.3,0.000434
554.333333,0.000024
554.366667,0.000010
554.4,0.000822
554.433333,0.000009
554.466667,0.000505
554.5,0.000216
554.533333,0.001633
554.566667,0.001534
554.6,0.000008
554.633333,0.000070
554.666667,0.000002
554.7,0.000058
554.733333,0.000212
554.766667,0.000122
554.8,0.000141
554.833333,0.000569
554.866667,0.020329
554.9,0.001512
554.933333,0.000205
554.966667,0.000124
555,0.002186
555.033333,0.000003
555.066667,0.000001
555.1,0.000000
555.133333,0.000001
555.166667,0.000421
555.2,0.000319
555.233333,0.039826
555.266667,0.001490
555.3,0.025101
555.333333,0.001533
555.366667,0.000333
555.4,0.000019
555.433333,0.000002
555.466667,0.000003
555.5,0.000001
555.533333,0.000001
555.566667,0.000696
555.6,0.000327
555.633333,0.000839
555.666667,0.000214
555.7,0.000417
555.733333,0.000123
555.766667,0.020791
555.8,0.001365
555.833333,0.000013
555.866667,0.000004
555.9,0.000006
555.933333,0.000001
555.966667,0.000000
556,0.003188
556.033333,0.000592
556.066667,0.000226
556.1,0.000073
556.133333,0.000085
556.166667,0.000036
556.2,0.018566
556.233333,0.001654
556.266667,0.000519
556.3,0.000081
556.333333,0.000008
556.366667,0.000094
556.4,0.000002
556.433333,0.000076
556.466667,0.000002
556.5,0.000261
556.533333,0.023252
556.566667,0.000127
556.6,0.000025
556.633333,0.000332
556.666667,0.021022
556.7,0.001586
556.733333,0.000202
556.766667,0.000070
556.8,0.000118
556.833333,0.000178
556.866667,0.000045
556.9,0.000012
556.933333,0.000077
556.966667,0.000009
557,0.002812
557.033333,0.000608
557.066667,0.000226
557.1,0.026143
557.133333,0.001809
557.166667,0.000678
557.2,0.000025
557.233333,0.000008
557.266667,0.000001
557.3,0.000001
557.333333,0.000001
557.366667,0.000342
557.4,0.000071
557.433333,0.000119
557.466667,0.000005
557.5,0.000024
557.533333,0.020498
557.566667,0.000533
557.6,0.000114
557.633333,0.000216
557.666667,0.020608
557.7,0.000269
557.733333,0.001559
557.766667,0.000216
557.8,0.000770
557.833333,0.000381
557.866667,0.000055
557.9,0.000031
557.933333,0.000083
557.966667,0.000093
558,0.018951
558.033333,0.000422
558.066667,0.000322
558.1,0.000339
558.133333,0.000408
558.166667,0.000263
558.2,0.000122
558.233333,0.000030
558.266667,0.000010
558.3,0.000025
558.333333,0.000024
558.366667,0.000015
558.4,0.000013
558.433333,0.000002
558.466667,0.021365
558.5,0.001885
558.533333,0.000619
558.566667,0.000154
558.6,0.000190
558.633333,0.000153
558.666667,0.000015
558.7,0.000012
558.733333,0.000085
558.766667,0.000013
558.8,0.000120
558.833333,0.000079
558.866667,0.026066
558.9,0.001569
558.933333,0.000471
558.966667,0.000310
559,0.001316
559.033333,0.000590
559.066667,0.000003
559.1,0.000107
559.133333,0.197739
559.166667,0.000004
559.2,0.000001
559.233333,0.000049
559.266667,0.000001
559.3,0.002694
559.333333,0.000098
559.366667,0.000426
559.4,0.001504
559.433333,0.000492
559.466667,0.000208
559.5,0.002133
559.533333,0.000531
559.566667,0.000859
559.6,0.000158
559.633333,0.000002
559.666667,0.000034
559.7,0.000010
559.733333,0.000015
559.766667,0.000052
559.8,0.000028
559.833333,0.000010
559.866667,0.000001
559.9,0.000001
559.933333,0.000000
559.966667,0.000001
560,0.003077
560.033333,0.000461
560.066667,0.000148
560.1,0.000072
560.133333,0.000012
560.166667,0.065874
560.2,0.000070
560.233333,0.000012
560.266667,0.000002
560.3,0.000000
560.333333,0.000000
560.366667,0.000000
560.4,0.000000
560.433333,0.000000
560.466667,0.000000
560.5,0.000000
560.533333,0.000000
560.566667,0.000000
560.6,0.000000
560.633333,0.000000
560.666667,0.000000
560.7,0.000000
560.733333,0.000000
560.766667,0.000000
560.8,0.000000
560.833333,0.000000
560.866667,0.000000
560.9,0.000000
560.933333,0.000000
560.966667,0.000000
561,0.000431
561.033333,0.000039
561.066667,0.000142
561.1,0.000069
561.133333,0.000012
561.166667,0.000004
561.2,0.000001
561.233333,0.000000
561.266667,0.000000
561.3,0.000000
561.333333,0.000000
561.366667,0.000000
561.4,0.000000
561.433333,0.000000
561.466667,0.000000
561.5,0.000000
561.533333,0.000000
561.566667,0.000000
561.6,0.000000
561.633333,0.000000
561.666667,0.000000
561.7,0.000000
561.733333,0.000000
561.766667,0.000000
561.8,0.000000
561.833333,0.000000
561.866667,0.000000
561.9,0.000000
561.933333,0.000000
561.966667,0.053735
562,0.000478
562.033333,0.000024
562.066667,0.000145
562.1,0.000071
562.133333,0.000012
562.166667,0.000004
562.2,0.000001
562.233333,0.000000
562.266667,0.000000
562.3,0.000000
562.333333,0.000000
562.366667,0.000000
562.4,0.000000
562.433333,0.000000
562.466667,0.000000
562.5,0.000000
562.533333,0.000000
562.566667,0.000000
562.6,0.000000
562.633333,0.000000
562.666667,0.000000
562.7,0.000000
562.733333,0.000000
562.766667,0.000000
562.8,0.000000
562.833333,0.000000
562.866667,0.000000
562.9,0.000000
562.933333,0.000000
562.966667,0.000000
563,0.000422
563.033333,0.000024
563.066667,0.000145
563.1,0.000071
563.133333,0.075369
563.166667,0.000081
563.2,0.000021
563.233333,0.000003
563.266667,0.000001
563.3,0.000000
563.333333,0.000000
563.366667,0.000000
563.4,0.000000
563.433333,0.000000
563.466667,0.000000
563.5,0.000000
563.533333,0.000000
563.566667,0.000000
563.6,0.000000
563.633333,0.000000
563.666667,0.000000
563.7,0.000000
563.733333,0.000000
563.766667,0.000000
563.8,0.000000
563.833333,0.000000
563.866667,0.000000
563.9,0.000000
563.933333,0.000000
563.966667,0.000000
564,0.000452
564.033333,0.000061
564.066667,0.000140
564.1,0.000067
564.133333,0.000012
564.166667,0.000004
564.2,0.000001
564.233333,0.000000
564.266667,0.000000
564.3,0.000000
564.333333,0.000000
564.366667,0.000000
564.4,0.000000
564.433333,0.000000
564.466667,0.000000
564.5,0.000000
564.533333,0.000000
564.566667,0.000000
564.6,0.000000
564.633333,0.000000
564.666667,0.000000
564.7,0.000000
564.733333,0.000000
564.766667,0.000000
564.8,0.000000
564.833333,0.000000
564.866667,0.000000
564.9,0.000000
564.933333,0.000000
564.966667,0.000000
565,0.000412
565.033333,0.000021
565.066667,0.000140
565.1,0.000067
565.133333,0.048224
565.166667,0.000075
565.2,0.000015
565.233333,0.000002
565.266667,0.000001
565.3,0.000000
565.333333,0.000000
565.366667,0.000000
565.4,0.000000
565.433333,0.000000
565.466667,0.000000
565.5,0.000000
565.533333,0.000000
565.566667,0.000000
565.6,0.000000
565.633333,0.000000
565.666667,0.000000
565.7,0.000000
565.733333,0.000000
565.766667,0.000000
565.8,0.000000
565.833333,0.000000
565.866667,0.000000
565.9,0.000000
565.933333,0.000000
565.966667,0.000000
566,0.000436
566.033333,0.000039
566.066667,0.000143
566.1,0.000069
566.133333,0.000012
566.166667,0.000005
566.2,0.000000
566.233333,0.000000
566.266667,0.000000
566.3,0.109944
566.333333,0.000102
566.366667,0.000040
566.4,0.000006
566.433333,0.000001
566.466667,0.000000
566.5,0.000000
566.533333,0.000000
566.566667,0.000000
566.6,0.000000
566.633333,0.000000
566.666667,0.000000
566.7,0.000000
566.733333,0.000000
566.766667,0.000000
566.8,0.000000
566.833333,0.000000
566.866667,0.000000
566.9,0.000000
566.933333,0.000000
566.966667,0.000000
567,0.000474
567.033333,0.000092
567.066667,0.000139
567.1,0.000067
567.133333,0.000012
567.166667,0.000004
567.2,0.000000
567.233333,0.000000
567.266667,0.000000
567.3,0.000000
567.333333,0.000000
567.366667,0.000000
567.4,0.000000
567.433333,0.000000
567.466667,0.000000
567.5,0.000000
567.533333,0.000000
567.566667,0.000000
567.6,0.000000
567.633333,0.000000
567.666667,0.000000
567.7,0.000000
567.733333,0.000000
567.766667,0.000000
567.8,0.000000
567.833333,0.000000
567.866667,0.000000
567.9,0.000000
567.933333,0.000000
567.966667,0.000000
568,0.000403
568.033333,0.000020
568.066667,0.000139
568.1,0.000067
568.133333,0.000012
568.166667,0.000004
568.2,0.000000
568.233333,0.000000
568.266667,0.000000
568.3,0.000000
568.333333,0.000000
568.366667,0.000000
568.4,0.000000
568.433333,0.000000
568.466667,0.000000
568.5,0.000000
568.533333,0.000000
568.566667,0.000000
568.6,0.000000
568.633333,0.000000
568.666667,0.109503
568.7,0.000109
568.733333,0.000044
568.766667,0.000010
568.8,0.000001
568.833333,0.000001
568.866667,0.000000
568.9,0.000000
568.933333,0.000000
568.966667,0.000000
569,0.000467
569.033333,0.000096
569.066667,0.000136
569.1,0.000067
569.133333,0.000010
569.166667,0.000004
569.2,0.000000
569.233333,0.000000
569.266667,0.000000
569.3,0.000000
569.333333,0.000000
569.366667,0.000000
569.4,0.000000
569.433333,0.000000
569.466667,0.000000
569.5,0.000000
569.533333,0.000000
569.566667,0.000000
569.6,0.000000
569.633333,0.000000
569.666667,0.000000
569.7,0.000000
569.733333,0.000000
569.766667,0.000000
569.8,0.000000
569.833333,0.000000
569.866667,0.000000
569.9,0.000000
569.933333,0.000000
569.966667,0.000000
570,0.000388
570.033333,0.000017
570.066667,0.000136
570.1,0.000067
570.133333,0.000010
570.166667,0.000004
570.2,0.000000
570.233333,0.000000
570.266667,0.000000
570.3,0.000000
570.333333,0.000000
570.366667,0.000000
570.4,0.000000
570.433333,0.000000
570.466667,0.000000
570.5,0.000000
570.533333,0.000000
570.566667,0.000000
570.6,0.000000
570.633333,0.000000
570.666667,0.000000
570.7,0.000000
570.733333,0.000000
570.766667,0.000000
570.8,0.000000
570.833333,0.000000
570.866667,0.000000
570.9,0.000000
570.933333,0.000000
570.966667,0.000000
571,0.000388
571.033333,0.000017
571.066667,0.000136
571.1,0.000067
571.133333,0.000010
571.166667,0.000004
571.2,0.000000
571.233333,0.055125
571.266667,0.000077
571.3,0.000019
571.333333,0.000003
571.366667,0.000001
571.4,0.000000
571.433333,0.000000
571.466667,0.000000
571.5,0.000000
571.533333,0.000000
571.566667,0.000000
571.6,0.000000
571.633333,0.000000
571.666667,0.000000
571.7,0.000000
571.733333,0.000000
571.766667,0.000000
571.8,0.000000
571.833333,0.000000
571.866667,0.000000
571.9,0.000000
571.933333,0.000000
571.966667,0.000000
572,0.000409
572.033333,0.000039
572.066667,0.000135
572.1,0.000066
572.133333,0.000011
572.166667,0.000004
572.2,0.000000
572.233333,0.000000
572.266667,0.000000
572.3,0.000000
572.333333,0.000000
572.366667,0.000000
572.4,0.000001
572.433333,0.000000
572.466667,0.000001
572.5,0.000000
572.533333,0.000000
572.566667,0.000000
572.6,0.000000
572.633333,0.000000
572.666667,0.000000
572.7,0.000000
572.733333,0.000000
572.766667,0.000000
572.8,0.001277
572.833333,0.000017
572.866667,0.000076
572.9,0.000010
572.933333,0.000058
572.966667,0.000005
573,0.000452
573.033333,0.000228
573.066667,0.000004
573.1,0.000156
573.133333,0.000037
573.166667,0.000008
573.2,0.000012
573.233333,0.000019
573.266667,0.191205
573.3,0.001576
573.333333,0.000045
573.366667,0.000000
573.4,0.000031
573.433333,0.000009
573.466667,0.000035
573.5,0.000074
573.533333,0.000121
573.566667,0.000053
573.6,0.000052
573.633333,0.000040
573.666667,0.000024
573.7,0.000170
573.733333,0.000461
573.766667,0.000784
573.8,0.000057
573.833333,0.000001
573.866667,0.000003
573.9,0.000001
573.933333,0.000000
573.966667,0.000000
574,0.000599
574.033333,0.000215
574.066667,0.000139
574.1,0.000067
574.133333,0.000013
574.166667,0.000004
574.2,0.000000
574.233333,0.000000
574.266667,0.000000
574.3,0.000000
574.333333,0.000000
574.366667,0.000000
574.4,0.000000
574.433333,0.000000
574.466667,0.000000
574.5,0.000000
574.533333,0.000000
574.566667,0.000000
574.6,0.000000
574.633333,0.000000
574.666667,0.000000
574.7,0.000000
574.733333,0.000000
574.766667,0.000000
574.8,0.000000
574.833333,0.000000
574.866667,0.000000
574.9,0.000000
574.933333,0.000000
574.966667,0.000000
575,0.000404
575.033333,0.000022
575.066667,0.000139
575.1,0.000067
575.133333,0.000013
575.166667,0.039915
575.2,0.000082
575.233333,0.000023
575.266667,0.000004
575.3,0.000000
575.333333,0.000000
575.366667,0.000000
575.4,0.000000
575.433333,0.000000
575.466667,0.000000
575.5,0.000000
575.533333,0.000000
575.566667,0.000000
575.6,0.000000
575.633333,0.000000
575.666667,0.000000
575.7,0.000000
575.733333,0.000000
575.766667,0.000000
575.8,0.000000
575.833333,0.000000
575.866667,0.000000
575.9,0.000000
575.933333,0.000000
575.966667,0.000000
576,0.000453
576.033333,0.000069
576.066667,0.000137
576.1,0.000065
576.133333,0.000013
576.166667,0.000004
576.2,0.000000
576.233333,0.000000
576.266667,0.000000
576.3,0.000000
576.333333,0.000000
576.366667,0.000000
576.4,0.000000
576.433333,0.000000
576.466667,0.000000
576.5,0.000000
576.533333,0.000000
576.566667,0.000000
576.6,0.000000
576.633333,0.000000
576.666667,0.000000
576.7,0.000000
576.733333,0.000000
576.766667,0.000000
576.8,0.000000
576.833333,0.000000
576.866667,0.000000
576.9,0.000000
576.933333,0.000000
576.966667,0.062174
577,0.000487
577.033333,0.000056
577.066667,0.000137
577.1,0.000065
577.133333,0.000013
577.166667,0.000004
577.2,0.000001
577.233333,0.000000
577.266667,0.000000
577.3,0.000000
577.333333,0.000000
577.366667,0.000000
577.4,0.000000
577.433333,0.000000
577.466667,0.000000
577.5,0.000000
577.533333,0.000000
577.566667,0.000000
577.6,0.000000
577.633333,0.000000
577.666667,0.000000
577.7,0.000000
577.733333,0.000000
577.766667,0.000000
577.8,0.000000
577.833333,0.000000
577.866667,0.000000
577.9,0.000000
577.933333,0.000000
577.966667,0.000000
578,0.000399
578.033333,0.000021
578.066667,0.000137
578.1,0.000065
578.133333,0.000013
578.166667,0.000004
578.2,0.000001
578.233333,0.000000
578.266667,0.000000
578.3,0.000000
578.333333,0.000000
578.366667,0.000000
578.4,0.000000
578.433333,0.000000
578.466667,0.000000
578.5,0.000000
578.533333,0.000000
578.566667,0.000000
578.6,0.000000
578.633333,0.000000
578.666667,0.000000
578.7,0.000000
578.733333,0.000000
578.766667,0.000000
578.8,0.000000
578.833333,0.000000
578.866667,0.000000
578.9,0.000000
578.933333,0.000000
578.966667,0.000000
579,0.000399
579.033333,0.000021
579.066667,0.000137
579.1,0.000065
579.133333,0.000013
579.166667,0.000004
579.2,0.000001
579.233333,0.000000
579.266667,0.055707
579.3,0.000075
579.333333,0.000019
579.366667,0.000003
579.4,0.000000
579.433333,0.000000
579.466667,0.000000
579.5,0.000000
579.533333,0.000000
579.566667,0.000000
579.6,0.000000
579.633333,0.000000
579.666667,0.000000
579.7,0.000000
579.733333,0.000000
579.766667,0.000000
579.8,0.000000
579.833333,0.000000
579.866667,0.000000
579.9,0.000000
579.933333,0.000000
579.966667,0.000000
580,0.000423
580.033333,0.000045
580.066667,0.000136
580.1,0.000065
580.133333,0.000013
580.166667,0.000004
580.2,0.000000
580.233333,0.000000
580.266667,0.000000
580.3,0.000000
580.333333,0.000000
580.366667,0.000000
580.4,0.000000
580.433333,0.000000
580.466667,0.000000
580.5,0.000000
580.533333,0.000000
580.566667,0.000000
580.6,0.000000
580.633333,0.000000
580.666667,0.000000
580.7,0.000000
580.733333,0.000000
580.766667,0.000000
580.8,0.000000
580.833333,0.000000
580.866667,0.000000
580.9,0.032485
580.933333,0.000061
580.966667,0.000007
581,0.000405
581.033333,0.000028
581.066667,0.000137
581.1,0.000066
581.133333,0.000013
581.166667,0.000004
581.2,0.000000
581.233333,0.000000
581.266667,0.000000
581.3,0.000000
581.333333,0.000000
581.366667,0.000000
581.4,0.000000
581.433333,0.000000
581.466667,0.000000
581.5,0.000000
581.533333,0.000000
581.566667,0.000000
581.6,0.000000
581.633333,0.000000
581.666667,0.000000
581.7,0.000000
581.733333,0.000000
581.766667,0.000000
581.8,0.000000
581.833333,0.000000
581.866667,0.000000
581.9,0.000000
581.933333,0.000000
581.966667,0.000000
582,0.000400
582.033333,0.000021
582.066667,0.000137
582.1,0.000066
582.133333,0.000013
582.166667,0.000004
582.2,0.000000
582.233333,0.000000
582.266667,0.000000
582.3,0.000000
582.333333,0.000000
582.366667,0.076432
582.4,0.000073
582.433333,0.000017
582.466667,0.000003
582.5,0.000000
582.533333,0.000000
582.566667,0.000000
582.6,0.000000
582.633333,0.000000
582.666667,0.000000
582.7,0.000000
582.733333,0.000000
582.766667,0.000000
582.8,0.000000
582.833333,0.000000
582.866667,0.000000
582.9,0.000000
582.933333,0.000000
582.966667,0.000000
583,0.000429
583.033333,0.000057
583.066667,0.000135
583.1,0.000065
583.133333,0.000013
583.166667,0.000004
583.2,0.000001
583.233333,0.000000
583.266667,0.000000
583.3,0.000000
583.333333,0.000000
583.366667,0.000000
583.4,0.000000
583.433333,0.000000
583.466667,0.000000
583.5,0.000000
583.533333,0.000000
583.566667,0.000000
583.6,0.000000
583.633333,0.000000
583.666667,0.000000
583.7,0.000000
583.733333,0.000000
583.766667,0.000000
583.8,0.000000
583.833333,0.000000
583.866667,0.000000
583.9,0.000000
583.933333,0.000000
583.966667,0.000000
584,0.000394
584.033333,0.000022
584.066667,0.000135
584.1,0.000065
584.133333,0.000013
584.166667,0.000004
584.2,0.000001
584.233333,0.000000
584.266667,0.000000
584.3,0.000000
584.333333,0.000000
584.366667,0.000000
584.4,0.000000
584.433333,0.000000
584.466667,0.000000
584.5,0.000000
584.533333,0.000000
584.566667,0.000000
584.6,0.000000
584.633333,0.000000
584.666667,0.000000
584.7,0.000000
584.733333,0.000000
584.766667,0.000000
584.8,0.000000
584.833333,0.000000
584.866667,0.000000
584.9,0.000000
584.933333,0.066315
584.966667,0.000082
585,0.000399
585.033333,0.000045
585.066667,0.000138
585.1,0.000066
585.133333,0.000013
585.166667,0.000004
585.2,0.000000
585.233333,0.000000
585.266667,0.000000
585.3,0.000000
585.333333,0.000000
585.366667,0.000000
585.4,0.000000
585.433333,0.000000
585.466667,0.000000
585.5,0.000000
585.533333,0.000000
585.566667,0.000000
585.6,0.000000
585.633333,0.000000
585.666667,0.000000
585.7,0.000000
585.733333,0.000000
585.766667,0.000000
585.8,0.000000
585.833333,0.000000
585.866667,0.000000
585.9,0.000000
585.933333,0.000000
585.966667,0.000000
586,0.000404
586.033333,0.000021
586.066667,0.000138
586.1,0.000066
586.133333,0.000013
586.166667,0.000004
586.2,0.000000
586.233333,0.000000
586.266667,0.000000
586.3,0.000000
586.333333,0.000000
586.366667,0.000000
586.4,0.000000
586.433333,0.029932
586.466667,0.000068
586.5,0.000011
586.533333,0.000002
586.566667,0.000000
586.6,0.000000
586.633333,0.000000
586.666667,0.000000
586.7,0.000000
586.733333,0.000000
586.766667,0.000000
586.8,0.000000
586.833333,0.000000
586.866667,0.000000
586.9,0.000000
586.933333,0.000000
586.966667,0.000000
587,0.000414
587.033333,0.000032
587.066667,0.000138
587.1,0.000066
587.133333,0.000012
587.166667,0.000004
587.2,0.000000
587.233333,0.000000
587.266667,0.000000
587.3,0.000000
587.333333,0.000000
587.366667,0.000000
587.4,0.000000
587.433333,0.000000
587.466667,0.000000
587.5,0.000000
587.533333,0.000000
587.566667,0.000000
587.6,0.000000
587.633333,0.000000
587.666667,0.000000
587.7,0.000000
587.733333,0.000000
587.766667,0.000000
587.8,0.000000
587.833333,0.276044
587.866667,0.000799
587.9,0.000159
587.933333,0.000022
587.966667,0.000005
588,0.000467
588.033333,0.000192
588.066667,0.000176
588.1,0.000019
588.133333,0.000015
588.166667,0.000020
588.2,0.000027
588.233333,0.000029
588.266667,0.000031
588.3,0.000041
588.333333,0.000042
588.366667,0.000055
588.4,0.000070
588.433333,0.000071
588.466667,0.000128
588.5,0.000161
588.533333,0.000480
588.566667,0.000007
588.6,0.000010
588.633333,0.000007
588.666667,0.000010
588.7,0.000009
588.733333,0.000013
588.766667,0.000009
588.8,0.000010
588.833333,0.000018
588.866667,0.000012
588.9,0.000014
588.933333,0.000008
588.966667,0.000027
589,0.000285
589.033333,0.000009
589.066667,0.000164
589.1,0.000016
589.133333,0.000027
589.166667,0.000031
589.2,0.000046
589.233333,0.000042
589.266667,0.000055
589.3,0.000112
589.333333,0.000093
589.366667,0.000045
589.4,0.000007
589.433333,0.057487
589.466667,0.000048
589.5,0.000011
589.533333,0.000002
589.566667,0.000001
589.6,0.000000
589.633333,0.000000
589.666667,0.000000
589.7,0.000000
589.733333,0.000000
589.766667,0.000000
589.8,0.000000
589.833333,0.000000
589.866667,0.000000
589.9,0.000000
589.933333,0.000000
589.966667,0.000000
590,0.000283
590.033333,0.000048
590.066667,0.000082
590.1,0.000037
590.133333,0.000007
590.166667,0.000002
590.2,0.000001
590.233333,0.000000
590.266667,0.000000
590.3,0.000000
590.333333,0.000000
590.366667,0.000000
590.4,0.000000
590.433333,0.000000
590.466667,0.000000
590.5,0.000000
590.533333,0.000000
590.566667,0.000000
590.6,0.000000
590.633333,0.000000
590.666667,0.000000
590.7,0.000000
590.733333,0.000000
590.766667,0.000000
590.8,0.000000
590.833333,0.000000
590.866667,0.000000
590.9,0.000000
590.933333,0.000000
590.966667,0.000000
591,0.000250
591.033333,0.000014
591.066667,0.000082
591.1,0.000037
591.133333,0.000007
591.166667,0.000002
591.2,0.000001
591.233333,0.000000
591.266667,0.000000
591.3,0.000000
591.333333,0.000000
591.366667,0.000000
591.4,0.000000
591.433333,0.000000
591.466667,0.000000
591.5,0.000000
591.533333,0.000000
591.566667,0.000000
591.6,0.000000
591.633333,0.000000
591.666667,0.000000
591.7,0.000000
591.733333,0.000000
591.766667,0.000000
591.8,0.000000
591.833333,0.000000
591.866667,0.000000
591.9,0.000000
591.933333,0.000000
591.966667,0.000000
592,0.000250
592.033333,0.000014
592.066667,0.000082
592.1,0.000037
592.133333,0.000007
592.166667,0.000002
592.2,0.000001
592.233333,0.000000
592.266667,0.048696
592.3,0.000052
592.333333,0.000014
592.366667,0.000003
592.4,0.000000
592.433333,0.000000
592.466667,0.000000
592.5,0.000000
592.533333,0.000000
592.566667,0.000000
592.6,0.000000
592.633333,0.000000
592.666667,0.000000
592.7,0.000000
592.733333,0.000000
592.766667,0.000000
592.8,0.000000
592.833333,0.000000
592.866667,0.000000
592.9,0.000000
592.933333,0.000000
592.966667,0.000000
593,0.000274
593.033333,0.000037
593.066667,0.000082
593.1,0.000037
593.133333,0.000007
593.166667,0.000002
593.2,0.000001
593.233333,0.000000
593.266667,0.000000
593.3,0.000000
593.333333,0.000000
593.366667,0.000000
593.4,0.000000
593.433333,0.000000
593.466667,0.000000
593.5,0.000000
593.533333,0.000000
593.566667,0.000000
593.6,0.000000
593.633333,0.000000
593.666667,0.000000
593.7,0.000000
593.733333,0.000000
593.766667,0.000000
593.8,0.000000
593.833333,0.000000
593.866667,0.000000
593.9,0.000000
593.933333,0.000000
593.966667,0.000000
594,0.000251
594.033333,0.000013
594.066667,0.000082
594.1,0.000037
594.133333,0.000007
594.166667,0.000002
594.2,0.000001
594.233333,0.000000
594.266667,0.000000
594.3,0.000000
594.333333,0.000000
594.366667,0.000000
594.4,0.000000
594.433333,0.000000
594.466667,0.000000
594.5,0.069947
594.533333,0.000059
594.566667,0.000019
594.6,0.000004
594.633333,0.000000
594.666667,0.000000
594.7,0.000000
594.733333,0.000000
594.766667,0.000000
594.8,0.000000
594.833333,0.000000
594.866667,0.000000
594.9,0.000000
594.933333,0.000000
594.966667,0.000000
595,0.000283
595.033333,0.000036
595.066667,0.000087
595.1,0.000039
595.133333,0.000008
595.166667,0.000002
595.2,0.000001
595.233333,0.000000
595.266667,0.216598
595.3,0.000001
595.333333,0.000000
595.366667,0.000000
595.4,0.000000
595.433333,0.000000
595.466667,0.000000
595.5,0.000012
595.533333,0.000103
595.566667,0.000127
595.6,0.000179
595.633333,0.000271
595.666667,0.000408
595.7,0.000550
595.733333,0.000747
595.766667,0.000904
595.8,0.001044
595.833333,0.001117
595.866667,0.001290
595.9,0.001296
595.933333,0.001345
595.966667,0.001363
596,0.001438
596.033333,0.001131
596.066667,0.000773
596.1,0.000350
596.133333,0.000440
596.166667,0.000727
596.2,0.000546
596.233333,0.000552
596.266667,0.000768
596.3,0.000103
596.333333,0.000041
596.366667,0.000217
596.4,0.000872
596.433333,0.000837
596.466667,0.001015
596.5,0.000957
596.533333,0.000020
596.566667,0.000731
596.6,0.001416
596.633333,0.001944
596.666667,0.002250
596.7,0.002991
596.733333,0.002790
596.766667,0.002259
596.8,0.000994
596.833333,0.000750
596.866667,0.001812
596.9,0.002537
596.933333,0.002543
596.966667,0.002208
597,0.001438
597.033333,0.000314
597.066667,0.000236
597.1,0.001288
597.133333,0.001546
597.166667,0.002419
597.2,0.002245
597.233333,0.002001
597.266667,0.000984
597.3,0.001431
597.333333,0.001914
597.366667,0.002715
597.4,0.002458
597.433333,0.002495
597.466667,0.002064
597.5,0.001998
597.533333,0.001635
597.566667,0.001593
597.6,0.001335
597.633333,0.001024
597.666667,0.001222
597.7,0.000677
597.733333,0.000636
597.766667,0.000718
597.8,0.000524
597.833333,0.000456
597.866667,0.000356
597.9,0.000616
597.933333,0.000100
597.966667,0.000631
598,0.000029
598.033333,0.000294
598.066667,0.000251
598.1,0.000079
598.133333,0.000124
598.166667,0.000101
598.2,0.000084
598.233333,0.000291
598.266667,0.000762
598.3,0.000536
598.333333,0.000153
598.366667,0.000022
598.4,0.000154
598.433333,0.000056
598.466667,0.000019
598.5,0.000144
598.533333,0.000217
598.566667,0.000058
598.6,0.000313
598.633333,0.000015
598.666667,0.000148
598.7,0.000351
598.733333,0.000011
598.766667,0.000129
598.8,0.000280
598.833333,0.000069
598.866667,0.000092
598.9,0.000120
598.933333,0.000080
598.966667,0.000068
599,0.000136
599.033333,0.000042
599.066667,0.000047
599.1,0.000005
599.133333,0.000046
599.166667,0.000071
599.2,0.000070
599.233333,0.000036
599.266667,0.000228
599.3,0.000083
599.333333,0.000104
599.366667,0.000020
599.4,0.000041
599.433333,0.000024
599.466667,0.000040
599.5,0.000036
599.533333,0.000071
599.566667,0.000076
599.6,0.000102
599.633333,0.000088
599.666667,0.000139
599.7,0.000106
599.733333,0.000095
599.766667,0.000083
599.8,0.000062
599.833333,0.000080
599.866667,0.000058
599.9,0.000050
599.933333,0.000046
599.966667,0.000040
600,0.000033
600.033333,0.000073
600.066667,0.000068
600.1,0.000053
600.133333,0.000050
600.166667,0.000035
600.2,0.000014
600.233333,0.000005
600.266667,0.000582
600.3,0.000113
600.333333,0.000039
600.366667,0.000007
600.4,0.000008
600.433333,0.000004
600.466667,0.000001
600.5,0.000000
600.533333,0.000000
600.566667,0.000000
600.6,0.000000
600.633333,0.000000
600.666667,0.000000
600.7,0.000000
600.733333,0.000000
600.766667,0.000000
600.8,0.000000
600.833333,0.000000
600.866667,0.000000
600.9,0.000000
600.933333,0.000000
600.966667,0.000000
601,0.000088
601.033333,0.000038
