t,YDIF
0,0
0.0333333,0.0054725
0.0666667,0.00027
0.1,4
0.133333,0
0.166667,0
0.2,0
0.233333,0
0.266667,0
0.3,0
0.333333,0
0.366667,0
0.4,0
0.433333,0
0.466667,0
0.5,0
0.533333,0
0.566667,0
0.6,0.0471525
0.633333,0.0148425
0.666667,0.0089375
0.7,0.007485
0.733333,0.0070825
0.766667,0.05084
0.8,4.47286
0.833333,9.5682
0.866667,11.8002
0.9,10.3394
0.933333,0.0130975
0.966667,0.006365
1,0.041565
1.033333,0.00961
1.066667,0.0038
1.1,0.00282
1.133333,0.00333
1.166667,0.0029
1.2,0.00296
1.233333,0.00328
1.266667,0.00286
1.3,0.00302
1.333333,0.0196025
1.366667,0.0043675
1.4,0.002025
1.433333,0.002195
1.466667,0.00179
1.5,0.00157
1.533333,0.00181
1.566667,0.00186
1.6,0.00178
1.633333,0.00184
1.666667,0.00165
1.7,0.0016
1.733333,0.00219
1.766667,0.00152
1.8,0.00154
1.833333,0.00206
1.866667,0.01468
1.9,0.005125
1.933333,0.003005
1.966667,0.00226
2,9.01958
2.033333,9.33564
2.066667,9.68839
2.1,10.0096
2.133333,10.1008
2.166667,9.62156
2.2,0.0165075
2.233333,0.0051525
2.266667,0.002935
2.3,0.0023825
2.333333,0.002095
2.366667,0.00245
2.4,0.001585
2.433333,0.00212
2.466667,0.00285
2.5,0.00214
2.533333,0.00207
2.566667,0.00194
2.6,0.00226
2.633333,0.0609475
2.666667,0.0042375
2.7,0.00603
2.733333,0.00126
2.766667,0.00031
2.8,0.0001625
2.833333,8.5
2.866667,7.5
2.9,0.000185
2.933333,0.000125
2.966667,0.0001
3,0.0105125
3.033333,0.00624
3.066667,0.00172
3.1,0.000435
3.133333,0.000175
3.166667,8
3.2,6
3.233333,0.00011
3.266667,0.000105
3.3,0.00011
3.333333,8.5
3.366667,7
3.4,0.00011
3.433333,0.00011
3.466667,7.5
3.5,0.0001
3.533333,0.000115
3.566667,8
3.6,0.0287525
3.633333,0.004025
3.666667,0.0035075
3.7,7.67983
3.733333,2.75
3.766667,0
3.8,0
3.833333,0
3.866667,0
3.9,0
3.933333,0
3.966667,0
4,0
4.033333,0
4.066667,0
4.1,0
4.133333,0
4.166667,0
4.2,0
4.233333,0
4.266667,0
4.3,0
4.333333,0
4.366667,0
4.4,0
4.433333,0
4.466667,0
4.5,0
4.533333,0
4.566667,0
4.6,0
4.633333,0
4.666667,0
4.7,0
4.733333,0
4.766667,0
4.8,0
4.833333,0
4.866667,0
4.9,0
4.933333,0
4.966667,0
5,0
5.033333,0
5.066667,0
5.1,0
5.133333,0
5.166667,0
5.2,0
5.233333,0
5.266667,0
5.3,0
5.333333,0
5.366667,0
5.4,0
5.433333,0
5.466667,0
5.5,0
5.533333,0
5.566667,0
5.6,0
5.633333,0
5.666667,0
5.7,0
5.733333,0
5.766667,0
5.8,0
5.833333,0
5.866667,0
5.9,0
5.933333,0
5.966667,0
6,0
6.033333,0
6.066667,0
6.1,0
6.133333,0
6.166667,0
6.2,0
6.233333,0
6.266667,0
6.3,0
6.333333,0
6.366667,0
6.4,0
6.433333,0
6.466667,0
6.5,0
6.533333,0
6.566667,0
6.6,0
6.633333,0
6.666667,0
6.7,0
6.733333,0.575263
6.766667,0.42841
6.8,0.336838
6.833333,0.182635
6.866667,0.246642
6.9,0.22982
6.933333,0.112248
6.966667,0.108323
7,0.234327
7.033333,0.212835
7.066667,0.121222
7.1,0.162142
7.133333,0.323167
7.166667,0.371362
7.2,0.218672
7.233333,0.226765
7.266667,0.04494
7.3,0.0667975
7.333333,0.23885
7.366667,0.187415
7.4,0.376877
7.433333,0.207228
7.466667,0.131452
7.5,0.099815
7.533333,0.110338
7.566667,0.170895
7.6,0.261725
7.633333,0.134885
7.666667,0.145003
7.7,0.09527
7.733333,0.0837275
7.766667,0.0008525
7.8,0.0008
7.833333,0.00077
7.866667,0.00074
7.9,0.00077
7.933333,0.00077
7.966667,0.00074
8,0.009075
8.033333,0.005035
8.066667,0.0015075
8.1,0.00096
8.133333,0.0008625
8.166667,0.00078
8.2,0.00081
8.233333,0.00081
8.266667,0.00078
8.3,0.00081
8.333333,0.00081
8.366667,0.00078
8.4,0.00081
8.433333,0.00081
8.466667,0.00078
8.5,0.00081
8.533333,0.00081
8.566667,0.00078
8.6,0.00081
8.633333,0.00081
8.666667,0.00078
8.7,0.00081
8.733333,0.00081
8.766667,0.00078
8.8,0.00081
8.833333,0.00081
8.866667,0.00078
8.9,0.00081
8.933333,0.00081
8.966667,0.00078
9,0.00533
9.033333,0.005035
9.066667,0.0015075
9.1,0.00096
9.133333,0.0008625
9.166667,0.00078
9.2,0.00081
9.233333,0.00081
9.266667,0.00078
9.3,0.00081
9.333333,0.00081
9.366667,0.00078
9.4,0.00081
9.433333,0.00081
9.466667,0.00078
9.5,0.00081
9.533333,0.00081
9.566667,0.00078
9.6,0.00081
9.633333,0.00081
9.666667,0.00078
9.7,0.00081
9.733333,0.00081
9.766667,0.00078
9.8,0.00081
9.833333,0.00081
9.866667,0.00078
9.9,0.00081
9.933333,0.00081
9.966667,0.00078
10,0.00533
10.033333,0.005035
10.066667,0.0015075
10.1,0.00096
10.133333,0.0008625
10.166667,0.00078
10.2,0.00081
10.233333,0.00081
10.266667,0.00078
10.3,0.00081
10.333333,0.00081
10.366667,0.00078
10.4,0.00081
10.433333,0.00081
10.466667,0.00078
10.5,0.00081
10.533333,0.00081
10.566667,0.00078
10.6,0.00081
10.633333,0.00081
10.666667,0.00078
10.7,0.00081
10.733333,0.00081
10.766667,0.00078
10.8,0.00081
10.833333,110.654
10.866667,0.0128575
10.9,0.003055
10.933333,0.001735
10.966667,0.00144
11,0.01359
11.033333,0.0097025
11.066667,0.0029275
11.1,0.0019375
11.133333,0.0015525
11.166667,0.001485
11.2,0.001505
11.233333,0.412618
11.266667,0.40841
11.3,0.354755
11.333333,0.309018
11.366667,0.339147
11.4,0.33268
11.433333,0.294123
11.466667,0.28624
11.5,0.324472
11.533333,0.286602
11.566667,0.284098
11.6,0.281263
11.633333,0.277355
11.666667,0.243725
11.7,0.279825
11.733333,0.275413
11.766667,0.23463
11.8,0.276913
11.833333,0.230958
11.866667,0.276485
11.9,0.2439
11.933333,0.271417
11.966667,0.237885
12,0.241888
12.033333,0.247863
12.066667,0.276857
12.1,0.23709
12.133333,0.243113
12.166667,0.235437
12.2,0.244833
12.233333,0.427805
12.266667,0.411693
12.3,0.37843
12.333333,0.388348
12.366667,0.374903
12.4,0.374152
12.433333,0.368468
12.466667,0.374057
12.5,0.322423
12.533333,0.369642
12.566667,0.373115
12.6,0.10983
12.633333,0.108055
12.666667,0.103615
12.7,0.10868
12.733333,0.13402
12.766667,0.11017
12.8,0.109798
12.833333,0.102047
12.866667,0.108275
12.9,0.003295
12.933333,0.0054175
12.966667,0.002675
13,0.04178
13.033333,0.014455
13.066667,0.00455
13.1,0.0028775
13.133333,0.0023125
13.166667,0.002165
13.2,0.0022
13.233333,0.0022
13.266667,0.00218
13.3,0.0022
13.333333,0.0022
13.366667,0.00218
13.4,0.0022
13.433333,0.0022
13.466667,0.00218
13.5,0.0022
13.533333,0.0022
13.566667,0.00218
13.6,0.0022
13.633333,0.0022
13.666667,0.00218
13.7,0.0022
13.733333,0.0022
13.766667,0.00218
13.8,0.0022
13.833333,0.0022
13.866667,0.00218
13.9,0.0022
13.933333,0.0022
13.966667,0.00218
14,0.015695
14.033333,0.014455
14.066667,0.00455
14.1,106.482
14.133333,0.0190625
14.166667,0.004765
14.2,0.001835
14.233333,0.00133
14.266667,0.00126
14.3,0.001245
14.333333,0.001245
14.366667,0.001245
14.4,0.001245
14.433333,0.001245
14.466667,0.001245
14.5,0.001245
14.533333,0.001245
14.566667,0.001245
14.6,0.001245
14.633333,0.001245
14.666667,0.001245
14.7,0.001245
14.733333,0.001245
14.766667,0.001245
14.8,0.001245
14.833333,0.001245
14.866667,0.001245
14.9,0.001245
14.933333,0.001245
14.966667,0.001245
15,0.01814
15.033333,0.0096325
15.066667,0.002715
15.1,0.00131
15.133333,0.001175
15.166667,0.00113
15.2,0.001095
15.233333,0.124048
15.266667,0.555227
15.3,0.48894
15.333333,0.412183
15.366667,0.576195
15.4,0.513308
15.433333,0.57189
15.466667,0.496748
15.5,0.51566
15.533333,0.485557
15.566667,0.24431
15.6,0.253553
15.633333,0.25355
15.666667,0.244212
15.7,0.253522
15.733333,0.25355
15.766667,0.244212
15.8,0.253522
15.833333,0.25355
15.866667,0.244212
15.9,0.253522
15.933333,0.25355
15.966667,0.244212
16,0.263232
16.033333,0.262375
16.066667,0.245913
16.1,0.253763
16.133333,0.253595
16.166667,0.244215
16.2,0.253528
16.233333,0.18812
16.266667,0.00117
16.3,0.001135
16.333333,0.00117
16.366667,0.00117
16.4,0.001135
16.433333,0.00117
16.466667,0.00117
16.5,0.001135
16.533333,0.00117
16.566667,0.00117
16.6,0.001135
16.633333,0.00117
16.666667,0.00117
16.7,0.001135
16.733333,0.00117
16.766667,0.00117
16.8,0.001135
16.833333,0.00117
16.866667,0.00117
16.9,0.001135
16.933333,0.00117
16.966667,0.00117
17,0.01073
17.033333,0.0100625
17.066667,0.002855
17.1,0.00137
17.133333,0.001215
17.166667,0.00117
17.2,0.001135
17.233333,0.00117
17.266667,0.00117
17.3,0.001135
17.333333,0.00117
17.366667,0.00117
17.4,0.001135
17.433333,0.00117
17.466667,0.00117
17.5,0.001135
17.533333,0.00117
17.566667,0.00117
17.6,0.001135
17.633333,0.00117
17.666667,0.00117
17.7,0.001135
17.733333,0.00117
17.766667,0.00117
17.8,0.001135
17.833333,0.00117
17.866667,0.00117
17.9,0.001135
17.933333,0.00117
17.966667,0.00117
18,0.0106775
18.033333,0.0100625
18.066667,0.002855
18.1,0.00137
18.133333,0.001215
18.166667,0.00117
18.2,0.001135
18.233333,0.00117
18.266667,0.00117
18.3,0.001135
18.333333,0.00117
18.366667,0.00117
18.4,0.001135
18.433333,0.00117
18.466667,0.00117
18.5,0.001135
18.533333,0.00117
18.566667,0.00117
18.6,0.001135
18.633333,0.00117
18.666667,0.00117
18.7,0.001135
18.733333,0.00117
18.766667,0.00117
18.8,0.001135
18.833333,0.00117
18.866667,0.00117
18.9,0.001135
18.933333,0.00117
18.966667,0.00117
19,0.0106775
19.033333,0.0100625
19.066667,0.002855
19.1,0.00137
19.133333,0.001215
19.166667,0.00117
19.2,0.001135
19.233333,0.00117
19.266667,0.00117
19.3,0.001135
19.333333,0.00117
19.366667,0.00117
19.4,0.001135
19.433333,0.00117
19.466667,0.00117
19.5,0.001135
19.533333,0.00117
19.566667,0.00117
19.6,0.001135
19.633333,0.00117
19.666667,0.00117
19.7,0.001135
19.733333,0.00117
19.766667,0.00117
19.8,0.001135
19.833333,0.00117
19.866667,0.00117
19.9,0.001135
19.933333,0.00117
19.966667,0.00117
20,0.0106775
20.033333,0.0100625
20.066667,0.002855
20.1,0.00137
20.133333,0.001215
20.166667,0.00117
20.2,0.001135
20.233333,0.00117
20.266667,0.00117
20.3,0.001135
20.333333,0.00117
20.366667,0.00117
20.4,0.001135
20.433333,0.00117
20.466667,0.00117
20.5,0.001135
20.533333,0.00117
20.566667,0.00117
20.6,0.001135
20.633333,0.00117
20.666667,0.00117
20.7,0.001135
20.733333,0.00117
20.766667,0.00117
20.8,0.001135
20.833333,0.00117
20.866667,0.00117
20.9,0.001135
20.933333,0.00117
20.966667,0.00117
21,0.0106775
21.033333,0.0100625
21.066667,0.002855
21.1,0.00137
21.133333,0.001215
21.166667,0.00117
21.2,0.001135
21.233333,0.00117
21.266667,0.00117
21.3,0.001135
21.333333,0.00117
21.366667,0.00117
21.4,0.001135
21.433333,0.00117
21.466667,0.00117
21.5,0.001135
21.533333,0.00117
21.566667,0.00117
21.6,0.001135
21.633333,0.00117
21.666667,0.00117
21.7,0.001135
21.733333,0.00117
21.766667,0.00117
21.8,0.001135
21.833333,0.00117
21.866667,0.00117
21.9,0.001135
21.933333,0.00117
21.966667,0.00117
22,0.0106775
22.033333,0.0100625
22.066667,0.002855
22.1,0.00137
22.133333,0.001215
22.166667,0.00117
22.2,0.001135
22.233333,0.00117
22.266667,0.00117
22.3,0.001135
22.333333,0.00117
22.366667,0.00117
22.4,0.001135
22.433333,0.00117
22.466667,0.00117
22.5,0.001135
22.533333,0.00117
22.566667,0.00117
22.6,0.001135
22.633333,0.00117
22.666667,0.00117
22.7,0.001135
22.733333,0.00117
22.766667,0.00117
22.8,0.001135
22.833333,0.00117
22.866667,0.00117
22.9,0.001135
22.933333,0.00117
22.966667,0.00117
23,0.0106775
23.033333,0.0100625
23.066667,0.002855
23.1,0.00137
23.133333,0.001215
23.166667,0.00117
23.2,0.001135
23.233333,0.00117
23.266667,0.00117
23.3,0.001135
23.333333,0.00117
23.366667,0.00117
23.4,0.001135
23.433333,0.00117
23.466667,0.00117
23.5,0.001135
23.533333,0.00117
23.566667,0.00117
23.6,0.001135
23.633333,0.00117
23.666667,0.00117
23.7,0.001135
23.733333,0.00117
23.766667,0.00117
23.8,0.001135
23.833333,0.00117
23.866667,0.00117
23.9,0.001135
23.933333,0.00117
23.966667,0.00117
24,0.0106775
24.033333,0.0100625
24.066667,0.002855
24.1,0.00137
24.133333,0.001215
24.166667,0.00117
24.2,0.001135
24.233333,0.00117
24.266667,0.00117
24.3,0.001135
24.333333,0.00117
24.366667,0.00117
24.4,0.001135
24.433333,0.00117
24.466667,0.00117
24.5,0.001135
24.533333,0.00117
24.566667,0.00117
24.6,0.001135
24.633333,0.00117
24.666667,0.00117
24.7,0.001135
24.733333,0.00117
24.766667,0.00117
24.8,0.001135
24.833333,0.00117
24.866667,0.00117
24.9,0.001135
24.933333,0.00117
24.966667,0.00117
25,0.0106775
25.033333,0.0100625
25.066667,0.002855
25.1,0.00137
25.133333,0.001215
25.166667,0.00117
25.2,0.001135
25.233333,0.00117
25.266667,0.00117
25.3,0.001135
25.333333,0.00117
25.366667,0.00117
25.4,0.001135
25.433333,0.00117
25.466667,0.00117
25.5,0.001135
25.533333,0.00117
25.566667,0.00117
25.6,0.001135
25.633333,0.00117
25.666667,0.00117
25.7,0.001135
25.733333,0.00117
25.766667,0.00117
25.8,0.001135
25.833333,0.00117
25.866667,0.00117
25.9,0.001135
25.933333,0.00117
25.966667,0.00117
26,0.0106775
26.033333,0.0100625
26.066667,0.002855
26.1,0.00137
26.133333,0.001215
26.166667,0.00117
26.2,0.001135
26.233333,0.00117
26.266667,0.00117
26.3,0.001135
26.333333,0.00117
26.366667,0.00117
26.4,0.001135
26.433333,0.00117
26.466667,0.00117
26.5,0.001135
26.533333,0.00117
26.566667,0.00117
26.6,0.001135
26.633333,0.00117
26.666667,0.00117
26.7,0.001135
26.733333,0.00117
26.766667,0.00117
26.8,0.001135
26.833333,0.00117
26.866667,0.00117
26.9,0.001135
26.933333,0.00117
26.966667,0.00117
27,0.0106775
27.033333,0.0100625
27.066667,0.002855
27.1,0.00137
27.133333,0.001215
27.166667,0.00117
27.2,0.001135
27.233333,0.00117
27.266667,0.00117
27.3,0.001135
27.333333,0.00117
27.366667,0.00117
27.4,0.001135
27.433333,0.00117
27.466667,0.00117
27.5,0.001135
27.533333,0.00117
27.566667,0.00117
27.6,0.001135
27.633333,0.00117
27.666667,0.00117
27.7,0.001135
27.733333,0.00117
27.766667,0.00117
27.8,0.001135
27.833333,0.00117
27.866667,0.00117
27.9,0.001135
27.933333,0.00117
27.966667,0.00117
28,0.0106775
28.033333,0.0100625
28.066667,0.002855
28.1,0.00137
28.133333,0.001215
28.166667,0.00117
28.2,0.001135
28.233333,0.00117
28.266667,0.00117
28.3,0.001135
28.333333,0.00117
28.366667,0.00117
28.4,0.001135
28.433333,0.00117
28.466667,0.00117
28.5,0.001135
28.533333,0.00117
28.566667,0.00117
28.6,0.001135
28.633333,0.00117
28.666667,0.00117
28.7,0.001135
28.733333,0.00117
28.766667,0.00117
28.8,0.001135
28.833333,0.00117
28.866667,0.00117
28.9,0.001135
28.933333,0.00117
28.966667,0.00117
29,0.0106775
29.033333,0.0100625
29.066667,0.002855
29.1,0.00137
29.133333,0.001215
29.166667,0.00117
29.2,0.001135
29.233333,0.00117
29.266667,0.00117
29.3,0.001135
29.333333,0.00117
29.366667,0.376628
29.4,0.255635
29.433333,0.19551
29.466667,0.194007
29.5,0.195535
29.533333,0.135068
29.566667,0.193087
29.6,0.135008
29.633333,0.194205
29.666667,0.13303
29.7,0.192642
29.733333,0.134705
29.766667,0.131678
29.8,0.132378
29.833333,0.133988
29.866667,0.13155
29.9,0.133697
29.933333,0.131085
29.966667,0.133425
30,0.139643
30.033333,0.14134
30.066667,0.0726325
30.1,0.132235
30.133333,0.131543
30.166667,0.130538
30.2,0.070755
30.233333,0.131795
30.266667,0.129845
30.3,0.0736225
30.333333,0.12824
30.366667,0.00115
30.4,0.195577
30.433333,0.10814
30.466667,0.197103
30.5,0.198475
30.533333,0.108603
30.566667,0.197362
30.6,0.198362
30.633333,0.19914
30.666667,0.108872
30.7,0.199135
30.733333,0.198825
30.766667,0.199985
30.8,0.199563
30.833333,0.20138
30.866667,0.201025
30.9,0.200055
30.933333,0.20115
30.966667,0.200598
31,0.212305
31.033333,0.301785
31.066667,0.2033
31.1,0.29076
31.133333,0.204877
31.166667,0.293278
31.2,0.203407
31.233333,0.29693
31.266667,0.29357
31.3,0.296218
31.333333,0.38643
31.366667,0.569895
31.4,0.0019675
31.433333,0.001405
31.466667,0.001385
31.5,0.001185
31.533333,0.001195
31.566667,0.001215
31.6,0.001155
31.633333,0.00119
31.666667,0.00119
31.7,0.001155
31.733333,0.00119
31.766667,0.00119
31.8,0.001155
31.833333,0.00119
31.866667,0.00119
31.9,0.001155
31.933333,0.00119
31.966667,0.00119
32,0.01269
32.033333,0.0105825
32.066667,0.00292
32.1,0.00142
32.133333,0.00123
32.166667,0.001175
32.2,0.00116
32.233333,0.00117
32.266667,0.00117
32.3,0.001135
32.333333,0.00117
32.366667,0.00117
32.4,0.001135
32.433333,0.00117
32.466667,0.00117
32.5,0.001135
32.533333,0.00117
32.566667,0.00117
32.6,0.001135
32.633333,0.00117
32.666667,0.00117
32.7,0.001135
32.733333,0.00117
32.766667,0.00117
32.8,0.001135
32.833333,0.00117
32.866667,0.00117
32.9,0.001135
32.933333,0.00117
32.966667,0.00117
33,0.0111775
33.033333,0.0105825
33.066667,0.00292
33.1,0.00142
33.133333,0.00123
33.166667,0.001175
33.2,0.00116
33.233333,0.00117
33.266667,0.00117
33.3,0.001135
33.333333,0.00117
33.366667,0.00117
33.4,0.001135
33.433333,0.00117
33.466667,0.00117
33.5,0.001135
33.533333,0.00117
33.566667,0.00117
33.6,0.001135
33.633333,0.00117
33.666667,0.00117
33.7,0.001135
33.733333,0.00117
33.766667,0.00117
33.8,0.001135
33.833333,0.00117
33.866667,0.00117
33.9,0.001135
33.933333,0.00117
33.966667,0.00117
34,0.0111775
34.033333,0.0105825
34.066667,0.00292
34.1,0.00142
34.133333,0.00123
34.166667,0.001175
34.2,0.00116
34.233333,0.00117
34.266667,0.00117
34.3,0.001135
34.333333,0.00117
34.366667,0.00117
34.4,0.001135
34.433333,0.00117
34.466667,0.00117
34.5,0.001135
34.533333,0.00117
34.566667,0.00117
34.6,0.001135
34.633333,0.00117
34.666667,0.00117
34.7,0.001135
34.733333,0.00117
34.766667,0.00117
34.8,0.001135
34.833333,0.00117
34.866667,0.00117
34.9,0.001135
34.933333,0.00117
34.966667,0.00117
35,0.0111775
35.033333,0.0105825
35.066667,0.00292
35.1,0.00142
35.133333,0.00123
35.166667,0.001175
35.2,0.00116
35.233333,0.00117
35.266667,0.00117
35.3,0.001135
35.333333,0.00117
35.366667,0.00117
35.4,0.001135
35.433333,0.00117
35.466667,0.00117
35.5,0.001135
35.533333,0.00117
35.566667,0.00117
35.6,0.001135
35.633333,0.00117
35.666667,0.00117
35.7,0.001135
35.733333,0.00117
35.766667,0.00117
35.8,0.001135
35.833333,0.00117
35.866667,0.00117
35.9,0.001135
35.933333,0.00117
35.966667,0.00117
36,0.0111775
36.033333,0.0105825
36.066667,14.9949
36.1,4
36.133333,0
36.166667,0
36.2,0
36.233333,0
36.266667,0
36.3,0
36.333333,0
36.366667,0
36.4,0
36.433333,0
36.466667,0
36.5,0
36.533333,0
36.566667,0
36.6,0
36.633333,0
36.666667,0
36.7,0
36.733333,0
36.766667,0
36.8,0
36.833333,0
36.866667,0
36.9,0
36.933333,0
36.966667,0
37,0
37.033333,0
37.066667,0
37.1,0
37.133333,0
37.166667,0
37.2,0
37.233333,0
37.266667,0
37.3,0
37.333333,0
37.366667,0
37.4,0
37.433333,0
37.466667,0
37.5,0
37.533333,0
37.566667,0
37.6,0
37.633333,0
37.666667,0
37.7,0
37.733333,0
37.766667,0
37.8,0
37.833333,0
37.866667,0
37.9,0
37.933333,0
37.966667,0
38,0
38.033333,0
38.066667,0
38.1,0
38.133333,0
38.166667,0
38.2,0
38.233333,0
38.266667,0
38.3,0
38.333333,0
38.366667,0
38.4,0
38.433333,0
38.466667,0
38.5,0
38.533333,0
38.566667,0
38.6,0
38.633333,0
38.666667,0
38.7,0
38.733333,0
38.766667,0
38.8,0
38.833333,0
38.866667,0
38.9,0
38.933333,0
38.966667,0
39,0
39.033333,0
39.066667,0
39.1,0
39.133333,0
39.166667,0
39.2,0
39.233333,0
39.266667,0
39.3,0
39.333333,0
39.366667,0
39.4,0
39.433333,0
39.466667,0
39.5,0
39.533333,0
39.566667,0
39.6,0
39.633333,0
39.666667,0
39.7,0
39.733333,0
39.766667,0
39.8,0
39.833333,0
39.866667,0
39.9,0
39.933333,0
39.966667,0
40,0
40.033333,0
40.066667,0
40.1,0
40.133333,0
40.166667,0
40.2,0
40.233333,0
40.266667,0
40.3,0
40.333333,0
40.366667,0
40.4,0
40.433333,0
40.466667,0
40.5,0
40.533333,0
40.566667,0
40.6,0
40.633333,0
40.666667,0
40.7,0
40.733333,0
40.766667,0
40.8,0
40.833333,0
40.866667,0
40.9,0
40.933333,0
40.966667,0
41,0
41.033333,0
41.066667,0
41.1,0
41.133333,0
41.166667,0
41.2,0
41.233333,0
41.266667,0
41.3,0
41.333333,0
41.366667,0
41.4,0
41.433333,0
41.466667,0
41.5,0
41.533333,0
41.566667,0
41.6,0
41.633333,0
41.666667,0
41.7,0
41.733333,0
41.766667,0
41.8,0
41.833333,0
41.866667,0
41.9,0
41.933333,0
41.966667,0
42,0
42.033333,0
42.066667,0
42.1,0
42.133333,0
42.166667,0
42.2,0
42.233333,0
42.266667,0
42.3,0.0943225
42.333333,1.05888
42.366667,0.40078
42.4,0.0933575
42.433333,0.082885
42.466667,0.746363
42.5,0.505905
42.533333,0.465585
42.566667,0.482808
42.6,0.581523
42.633333,0.207788
42.666667,0.557013
42.7,0.298535
42.733333,0.202715
42.766667,0.173058
42.8,0.47093
42.833333,0.35685
42.866667,0.17514
42.9,0.119875
42.933333,0.137728
42.966667,0.115625
43,0.517097
43.033333,0.457498
43.066667,0.325622
43.1,0.0003475
43.133333,0.00036
43.166667,0.00033
43.2,0.00032
43.233333,0.00032
43.266667,0.00032
43.3,0.00032
43.333333,0.00032
43.366667,13.7696
43.4,0.125735
43.433333,0.187103
43.466667,0.123385
43.5,0.11134
43.533333,0.095065
43.566667,0.121063
43.6,0.118487
43.633333,0.117185
43.666667,0.24964
43.7,0.158832
43.733333,0.130447
43.766667,0.118972
43.8,0.12085
43.833333,0.13076
43.866667,0.130277
43.9,0.128387
43.933333,0.131222
43.966667,0.13494
44,0.251653
44.033333,0.17474
44.066667,0.146618
44.1,0.139972
44.133333,0.144865
44.166667,0.14595
44.2,0.14895
44.233333,0.149212
44.266667,0.160128
44.3,0.15306
44.333333,0.16092
44.366667,0.162665
44.4,0.16836
44.433333,0.17457
44.466667,0.177347
44.5,0.183393
44.533333,0.195203
44.566667,0.193543
44.6,0.204283
44.633333,0.213405
44.666667,0.230027
44.7,0.24802
44.733333,0.25476
44.766667,0.272203
44.8,0.292695
44.833333,0.341187
44.866667,0.420465
44.9,0.47119
44.933333,19.6874
44.966667,0.01362
45,0.0611825
45.033333,0.0422
45.066667,0.0143925
45.1,0.0073375
45.133333,0.0058575
45.166667,0.00568
45.2,0.005355
45.233333,0.005335
45.266667,0.00531
45.3,0.005325
45.333333,0.005325
45.366667,0.00531
45.4,0.005325
45.433333,0.005325
45.466667,0.00531
45.5,0.005325
45.533333,0.005325
45.566667,0.00531
45.6,0.005325
45.633333,0.005325
45.666667,0.00531
45.7,0.005325
45.733333,0.005325
45.766667,0.00531
45.8,0.005325
45.833333,0.005325
45.866667,0.00531
45.9,0.005325
45.933333,0.005325
45.966667,0.00531
46,0.0445675
46.033333,0.0422
46.066667,0.0143925
46.1,0.0073375
46.133333,0.0058575
46.166667,0.00568
46.2,0.005355
46.233333,0.005335
46.266667,0.00531
46.3,0.005325
46.333333,0.005325
46.366667,0.00531
46.4,0.005325
46.433333,0.005325
46.466667,0.00531
46.5,0.005325
46.533333,0.005325
46.566667,0.00531
46.6,0.005325
46.633333,0.005325
46.666667,0.00531
46.7,0.005325
46.733333,0.005325
46.766667,0.00531
46.8,0.005325
46.833333,0.005325
46.866667,0.00531
46.9,0.005325
46.933333,16.1567
46.966667,0.0132625
47,0.0606425
47.033333,0.038245
47.066667,0.01297
47.1,0.0067375
47.133333,0.005095
47.166667,0.0050075
47.2,0.00482
47.233333,0.004795
47.266667,0.00477
47.3,0.004785
47.333333,0.004785
47.366667,0.00477
47.4,0.004785
47.433333,0.004785
47.466667,0.00477
47.5,0.004785
47.533333,0.004785
47.566667,0.00477
47.6,0.004785
47.633333,0.004785
47.666667,0.00477
47.7,0.004785
47.733333,0.004785
47.766667,0.00477
47.8,0.004785
47.833333,0.004785
47.866667,0.00477
47.9,0.004785
47.933333,0.004785
47.966667,0.00477
48,0.040585
48.033333,0.038245
48.066667,0.01297
48.1,0.0067375
48.133333,0.005095
48.166667,0.0050075
48.2,0.00482
48.233333,0.004795
48.266667,0.00477
48.3,0.004785
48.333333,0.004785
48.366667,0.00477
48.4,0.004785
48.433333,0.004785
48.466667,0.00477
48.5,0.004785
48.533333,0.004785
48.566667,0.00477
48.6,0.004785
48.633333,0.004785
48.666667,0.00477
48.7,0.004785
48.733333,0.004785
48.766667,0.00477
48.8,0.004785
48.833333,0.004785
48.866667,0.00477
48.9,0.004785
48.933333,0.004785
48.966667,0.00477
49,0.040585
49.033333,0.038245
49.066667,0.01297
49.1,0.0067375
49.133333,0.005095
49.166667,0.0050075
49.2,0.00482
49.233333,0.004795
49.266667,48.7474
49.3,0.00011
49.333333,0
49.366667,0
49.4,0
49.433333,0
49.466667,0
49.5,0
49.533333,0
49.566667,0
49.6,0
49.633333,0
49.666667,0
49.7,0
49.733333,0
49.766667,0
49.8,0
49.833333,0
49.866667,0
49.9,0
49.933333,0
49.966667,0
50,0
50.033333,0
50.066667,0
50.1,0
50.133333,0
50.166667,0
50.2,0
50.233333,0
50.266667,0
50.3,0
50.333333,0
50.366667,0
50.4,0
50.433333,0
50.466667,0
50.5,0
50.533333,0
50.566667,0
50.6,0
50.633333,0
50.666667,0
50.7,0
50.733333,0
50.766667,0
50.8,0
50.833333,0
50.866667,0
50.9,0
50.933333,0
50.966667,0
51,0
51.033333,0
51.066667,0
51.1,0
51.133333,0
51.166667,0
51.2,0
51.233333,0
51.266667,0
51.3,0
51.333333,0
51.366667,0
51.4,0
51.433333,0
51.466667,0
51.5,0
51.533333,0
51.566667,0
51.6,0
51.633333,0
51.666667,0
51.7,0
51.733333,0.233275
51.766667,0.343715
51.8,0.202093
51.833333,0.219748
51.866667,0.264763
51.9,0.25123
51.933333,0.25063
51.966667,0.236292
52,0.21591
52.033333,0.18026
52.066667,0.21962
52.1,0.064185
52.133333,0.0865675
52.166667,0.073085
52.2,0.068705
52.233333,0.08248
52.266667,0.07328
52.3,0.05525
52.333333,0.0495975
52.366667,0.0956
52.4,0.100807
52.433333,0.0601375
52.466667,0.058515
52.5,0.0527725
52.533333,0.0368425
52.566667,0.116093
52.6,0.174618
52.633333,0.105768
52.666667,0.081995
52.7,0.0573125
52.733333,0.0435
52.766667,0.055685
52.8,0.05641
52.833333,0.0810125
52.866667,0.082125
52.9,0.0875
52.933333,0.0553325
52.966667,0.0688675
53,0.0724425
53.033333,0.0483125
53.066667,0.0440075
53.1,0.033915
53.133333,0.03638
53.166667,0.0559375
53.2,0.074645
53.233333,3.27896
53.266667,0.0492475
53.3,0.0453575
53.333333,0.06046
53.366667,0.0703525
53.4,0.0646
53.433333,0.05248
53.466667,0.0382125
53.5,0.0652575
53.533333,0.111638
53.566667,0.13125
53.6,0.112973
53.633333,0.0842325
53.666667,0.061265
53.7,0.061105
53.733333,0.059195
53.766667,0.090545
53.8,0.137698
53.833333,0.120875
53.866667,0.06402
53.9,1.46997
53.933333,0.001955
53.966667,0.001585
54,0.020895
54.033333,0.0121425
54.066667,0.00357
54.1,0.0018425
54.133333,0.00156
54.166667,0.00143
54.2,0.001435
54.233333,0.001435
54.266667,0.00142
54.3,0.001435
54.333333,0.001435
54.366667,0.00142
54.4,0.001435
54.433333,0.001435
54.466667,0.00142
54.5,0.001435
54.533333,0.001435
54.566667,0.00142
54.6,0.001435
54.633333,0.001435
54.666667,0.00142
54.7,0.001435
54.733333,0.001435
54.766667,0.00142
54.8,0.001435
54.833333,0.001435
54.866667,0.00142
54.9,0.001435
54.933333,0.001435
54.966667,0.00142
55,0.012935
55.033333,0.0121425
55.066667,0.00357
55.1,0.0018425
55.133333,0.00156
55.166667,0.00143
55.2,0.001435
55.233333,0.001435
55.266667,0.00142
55.3,0.001435
55.333333,0.001435
55.366667,0.00142
55.4,0.001435
55.433333,0.001435
55.466667,0.00142
55.5,0.001435
55.533333,0.001435
55.566667,0.00142
55.6,0.001435
55.633333,0.001435
55.666667,0.00142
55.7,0.001435
55.733333,0.001435
55.766667,0.00142
55.8,0.001435
55.833333,0.001435
55.866667,3.20186
55.9,0.0015575
55.933333,0.00147
55.966667,0.00142
56,0.0135675
56.033333,0.012175
56.066667,0.0036275
56.1,0.0018625
56.133333,0.00158
56.166667,0.00145
56.2,0.001455
56.233333,0.001455
56.266667,0.00144
56.3,0.001455
56.333333,0.001455
56.366667,0.00144
56.4,0.001455
56.433333,0.001455
56.466667,0.00144
56.5,0.001455
56.533333,0.001455
56.566667,0.00144
56.6,0.001455
56.633333,0.001455
56.666667,0.00144
56.7,0.001455
56.733333,0.001455
56.766667,0.00144
56.8,0.001455
56.833333,0.001455
56.866667,0.00144
56.9,0.001455
56.933333,0.001455
56.966667,0.00144
57,0.013
57.033333,0.012175
57.066667,0.0036275
57.1,0.0018625
57.133333,0.00158
57.166667,0.00145
57.2,0.001455
57.233333,0.001455
57.266667,0.00144
57.3,0.001455
57.333333,0.001455
57.366667,0.00144
57.4,0.001455
57.433333,0.001455
57.466667,0.00144
57.5,0.001455
57.533333,0.001455
57.566667,0.00144
57.6,0.001455
57.633333,0.001455
57.666667,0.00144
57.7,0.001455
57.733333,0.001455
57.766667,0.00144
57.8,0.001455
57.833333,0.001455
57.866667,0.00144
57.9,0.001455
57.933333,0.001455
57.966667,0.00144
58,0.013
58.033333,0.012175
58.066667,0.0036275
58.1,0.0018625
58.133333,0.00158
58.166667,0.00145
58.2,0.001455
58.233333,0.001455
58.266667,0.00144
58.3,0.001455
58.333333,0.001455
58.366667,0.00144
58.4,0.001455
58.433333,0.001455
58.466667,0.00144
58.5,0.001455
58.533333,0.001455
58.566667,0.00144
58.6,0.001455
58.633333,0.001455
58.666667,0.00144
58.7,0.001455
58.733333,0.001455
58.766667,0.00144
58.8,0.001455
58.833333,0.001455
58.866667,0.00144
58.9,0.001455
58.933333,0.001455
58.966667,1.30102
59,0.0132675
59.033333,0.0128375
59.066667,0.003805
59.1,0.001925
59.133333,0.00165
59.166667,0.00151
59.2,0.0015
59.233333,0.0015
59.266667,0.0015
59.3,0.0015
59.333333,0.0015
59.366667,0.0015
59.4,0.0015
59.433333,0.0015
59.466667,0.0015
59.5,0.0015
59.533333,0.0015
59.566667,0.0015
59.6,0.0015
59.633333,0.0015
59.666667,0.0015
59.7,0.0015
59.733333,0.0015
59.766667,0.0015
59.8,0.0015
59.833333,0.0015
59.866667,0.0015
59.9,0.0015
59.933333,0.0015
59.966667,0.0015
60,0.0136925
60.033333,0.0128375
60.066667,0.003805
60.1,0.001925
60.133333,0.00165
60.166667,0.00151
60.2,0.0015
60.233333,0.0015
60.266667,0.0015
60.3,0.0015
60.333333,0.0015
60.366667,0.0015
60.4,0.0015
60.433333,0.0015
60.466667,0.0015
60.5,0.0015
60.533333,0.0015
60.566667,0.0015
60.6,0.0015
60.633333,0.0015
60.666667,0.0015
60.7,0.0015
60.733333,0.0015
60.766667,0.0015
60.8,0.0015
60.833333,0.0015
60.866667,0.0015
60.9,0.0015
60.933333,0.0015
60.966667,0.0015
61,0.0136925
61.033333,0.0128375
61.066667,0.003805
61.1,0.001925
61.133333,0.00165
61.166667,0.00151
61.2,0.0015
61.233333,0.0015
61.266667,0.0015
61.3,0.0015
61.333333,0.0015
61.366667,0.0015
61.4,0.0015
61.433333,0.0015
61.466667,0.0015
61.5,0.0015
61.533333,0.0015
61.566667,0.0015
61.6,0.0015
61.633333,0.0015
61.666667,0.0015
61.7,0.0015
61.733333,0.0015
61.766667,0.0015
61.8,0.0015
61.833333,0.0015
61.866667,0.0015
61.9,0.0015
61.933333,0.082185
61.966667,0.12088
62,0.119127
62.033333,0.101155
62.066667,0.0703
62.1,0.0658775
62.133333,0.07131
62.166667,0.0736025
62.2,0.0451525
62.233333,0.083865
62.266667,0.063085
62.3,0.120533
62.333333,0.04318
62.366667,0.0479375
62.4,0.03074
62.433333,0.020675
62.466667,0.0020675
62.5,0.00189
62.533333,0.001845
62.566667,0.00186
62.6,0.001855
62.633333,0.00184
62.666667,0.00184
62.7,0.00184
62.733333,0.00184
62.766667,0.00184
62.8,0.00184
62.833333,0.00184
62.866667,0.00184
62.9,0.00184
62.933333,0.00184
62.966667,0.00184
63,0.017795
63.033333,0.0143875
63.066667,0.004395
63.1,0.00232
63.133333,0.002005
63.166667,0.00184
63.2,0.00182
63.233333,0.00182
63.266667,0.00182
63.3,0.00182
63.333333,0.00182
63.366667,0.00182
63.4,0.00182
63.433333,0.00182
63.466667,0.00182
63.5,0.00182
63.533333,0.00182
63.566667,0.00182
63.6,0.00182
63.633333,0.00182
63.666667,0.00182
63.7,0.00182
63.733333,0.00182
63.766667,0.00182
63.8,0.00182
63.833333,0.00182
63.866667,0.00182
63.9,4.418
63.933333,0.002415
63.966667,0.00191
64,0.0161175
64.033333,0.0144225
64.066667,0.004235
64.1,0.0022775
64.133333,0.00197
64.166667,0.00197
64.2,0.001865
64.233333,0.001815
64.266667,0.0018
64.3,0.001815
64.333333,0.001815
64.366667,0.0018
64.4,0.001815
64.433333,0.001815
64.466667,0.0018
64.5,0.001815
64.533333,0.001815
64.566667,0.0018
64.6,0.001815
64.633333,0.001815
64.666667,0.0018
64.7,0.001815
64.733333,0.001815
64.766667,0.0018
64.8,0.001815
64.833333,0.001815
64.866667,0.0018
64.9,0.001815
64.933333,0.001815
64.966667,0.0018
65,0.01535
65.033333,0.0144225
65.066667,0.004235
65.1,0.0022775
65.133333,0.00197
65.166667,0.00197
65.2,0.001865
65.233333,0.001815
65.266667,0.0018
65.3,0.001815
65.333333,0.001815
65.366667,0.0018
65.4,0.001815
65.433333,0.001815
65.466667,0.0018
65.5,0.001815
65.533333,0.001815
65.566667,0.0018
65.6,0.001815
65.633333,0.001815
65.666667,0.0018
65.7,0.001815
65.733333,0.001815
65.766667,0.0018
65.8,0.001815
65.833333,0.001815
65.866667,0.0018
65.9,0.001815
65.933333,0.001815
65.966667,0.0018
66,0.01535
66.033333,0.0144225
66.066667,0.004235
66.1,0.0022775
66.133333,0.00197
66.166667,0.00197
66.2,0.001865
66.233333,0.001815
66.266667,0.0018
66.3,0.001815
66.333333,0.001815
66.366667,0.0018
66.4,0.001815
66.433333,0.001815
66.466667,0.0018
66.5,0.001815
66.533333,0.001815
66.566667,0.0018
66.6,0.001815
66.633333,0.001815
66.666667,0.0018
66.7,0.001815
66.733333,0.001815
66.766667,0.0018
66.8,0.001815
66.833333,0.001815
66.866667,0.0018
66.9,0.001815
66.933333,0.001815
66.966667,0.0018
67,0.01535
67.033333,0.0144225
67.066667,0.004235
67.1,0.0022775
67.133333,0.00197
67.166667,0.00197
67.2,0.001865
67.233333,0.001815
67.266667,0.0018
67.3,0.001815
67.333333,0.001815
67.366667,0.0018
67.4,0.001815
67.433333,0.001815
67.466667,0.0018
67.5,0.001815
67.533333,0.001815
67.566667,0.0018
67.6,0.001815
67.633333,0.001815
67.666667,0.0018
67.7,0.001815
67.733333,0.001815
67.766667,0.0018
67.8,0.001815
67.833333,0.001815
67.866667,0.0018
67.9,0.001815
67.933333,0.001815
67.966667,0.0018
68,0.01535
68.033333,0.0144225
68.066667,0.004235
68.1,0.0022775
68.133333,0.00197
68.166667,0.00197
68.2,0.001865
68.233333,0.001815
68.266667,0.0018
68.3,0.001815
68.333333,0.001815
68.366667,0.0018
68.4,0.001815
68.433333,0.001815
68.466667,0.0018
68.5,0.001815
68.533333,0.001815
68.566667,0.0018
68.6,0.001815
68.633333,0.001815
68.666667,0.0018
68.7,0.001815
68.733333,0.001815
68.766667,0.0018
68.8,0.001815
68.833333,0.001815
68.866667,0.0018
68.9,0.001815
68.933333,0.001815
68.966667,0.0018
69,0.01535
69.033333,0.0144225
69.066667,0.004235
69.1,0.0022775
69.133333,0.00197
69.166667,0.00197
69.2,0.001865
69.233333,0.001815
69.266667,0.0018
69.3,0.001815
69.333333,0.001815
69.366667,0.0018
69.4,0.001815
69.433333,0.001815
69.466667,0.0018
69.5,0.001815
69.533333,0.001815
69.566667,0.0018
69.6,0.001815
69.633333,0.001815
69.666667,0.0018075
69.7,0.001805
69.733333,0.00182
69.766667,0.001805
69.8,0.0018
69.833333,0.0018
69.866667,0.0018
69.9,0.0018
69.933333,0.0018
69.966667,0.0018
70,0.015365
70.033333,0.0144375
70.066667,0.004235
70.1,0.00224
70.133333,0.001975
70.166667,0.00197
70.2,0.00185
70.233333,0.0018
70.266667,0.0018
70.3,0.0018
70.333333,0.0018
70.366667,0.0018
70.4,0.0018
70.433333,0.0018
70.466667,0.0018
70.5,0.0018
70.533333,0.0018
70.566667,0.0018
70.6,0.0018
70.633333,0.0018
70.666667,0.0018
70.7,0.0018
70.733333,0.0018
70.766667,0.0018
70.8,0.0018
70.833333,0.0018
70.866667,0.0018
70.9,0.0018
70.933333,0.0018
70.966667,0.0018
71,0.0153525
71.033333,0.0144375
71.066667,0.004235
71.1,0.00224
71.133333,0.001975
71.166667,0.00197
71.2,0.00185
71.233333,0.0018
71.266667,0.0018
71.3,0.0018
71.333333,0.0018
71.366667,0.0018
71.4,0.0018
71.433333,0.0018
71.466667,0.0018
71.5,0.0018
71.533333,0.0018
71.566667,0.0018
71.6,0.0018
71.633333,0.0018
71.666667,0.0018
71.7,0.0018
71.733333,0.0018
71.766667,0.0018
71.8,0.0018
71.833333,0.0018
71.866667,0.0018
71.9,0.0018
71.933333,0.0018
71.966667,0.0018
72,0.0153525
72.033333,0.0144375
72.066667,0.004235
72.1,0.00224
72.133333,0.001975
72.166667,0.00197
72.2,0.00185
72.233333,0.0018
72.266667,0.0018
72.3,0.0018
72.333333,0.0018
72.366667,0.0018
72.4,0.0018
72.433333,0.0018
72.466667,0.0018
72.5,0.0018
72.533333,0.0018
72.566667,0.0018
72.6,0.0018
72.633333,0.0018
72.666667,0.0018
72.7,0.0018
72.733333,0.0018
72.766667,0.0018
72.8,0.0018
72.833333,0.0018
72.866667,0.0018
72.9,0.0018
72.933333,0.0018
72.966667,0.0018
73,0.01535
73.033333,0.0144225
73.066667,0.004235
73.1,0.0022775
73.133333,0.00197
73.166667,0.00197
73.2,0.001865
73.233333,0.001815
73.266667,0.0018
73.3,0.001815
73.333333,0.001815
73.366667,0.0018
73.4,0.001815
73.433333,0.001815
73.466667,0.0018
73.5,0.001815
73.533333,0.001815
73.566667,0.0018
73.6,0.001815
73.633333,0.001815
73.666667,0.0018
73.7,0.001815
73.733333,0.001815
73.766667,0.0018
73.8,0.001815
73.833333,0.001815
73.866667,0.0018
73.9,0.001815
73.933333,0.001815
73.966667,0.0018
74,0.01535
74.033333,0.0144225
74.066667,0.004235
74.1,0.0022775
74.133333,0.00197
74.166667,0.00197
74.2,0.001865
74.233333,0.001815
74.266667,0.0018
74.3,0.001815
74.333333,0.001815
74.366667,0.0018
74.4,0.001815
74.433333,0.001815
74.466667,0.0018
74.5,0.001815
74.533333,0.001815
74.566667,0.0018
74.6,0.001815
74.633333,0.001815
74.666667,0.0018
74.7,0.001815
74.733333,0.001815
74.766667,0.0018
74.8,0.001815
74.833333,0.001815
74.866667,0.0018
74.9,0.001815
74.933333,0.001815
74.966667,0.0018
75,0.01535
75.033333,0.0144225
75.066667,0.004235
75.1,0.0022775
75.133333,0.00197
75.166667,0.00197
75.2,0.001865
75.233333,0.001815
75.266667,0.0018
75.3,0.001815
75.333333,0.001815
75.366667,0.0018
75.4,0.001815
75.433333,0.001815
75.466667,0.0018
75.5,0.001815
75.533333,0.001815
75.566667,0.0018
75.6,0.001815
75.633333,0.001815
75.666667,0.0018
75.7,0.001815
75.733333,0.001815
75.766667,0.0018
75.8,0.001815
75.833333,0.001815
75.866667,0.0018
75.9,0.001815
75.933333,0.001815
75.966667,0.0018
76,0.01535
76.033333,0.0144225
76.066667,0.004235
76.1,0.0022775
76.133333,0.00197
76.166667,0.00197
76.2,0.001865
76.233333,0.001815
76.266667,0.0018
76.3,0.001815
76.333333,0.001815
76.366667,0.0018
76.4,0.001815
76.433333,0.001815
76.466667,0.0018
76.5,0.001815
76.533333,0.001815
76.566667,0.0018
76.6,0.001815
76.633333,0.001815
76.666667,0.0018
76.7,0.001815
76.733333,0.001815
76.766667,0.0018
76.8,0.001815
76.833333,0.001815
76.866667,0.0018
76.9,0.001815
76.933333,0.001815
76.966667,0.0018
77,0.01535
77.033333,0.0144225
77.066667,0.004235
77.1,0.0022775
77.133333,0.00197
77.166667,0.00197
77.2,0.001865
77.233333,0.001815
77.266667,0.0018
77.3,0.001815
77.333333,0.001815
77.366667,0.0018
77.4,0.001815
77.433333,0.001815
77.466667,0.0018
77.5,0.001815
77.533333,0.001815
77.566667,0.0018
77.6,0.001815
77.633333,0.001815
77.666667,0.0018
77.7,0.001815
77.733333,0.001815
77.766667,0.0018
77.8,0.001815
77.833333,0.001815
77.866667,0.0018
77.9,0.001815
77.933333,0.001815
77.966667,0.0018
78,0.01535
78.033333,0.0144225
78.066667,0.004235
78.1,0.0022775
78.133333,0.00197
78.166667,0.00197
78.2,0.001865
78.233333,0.001815
78.266667,0.0018
78.3,0.001815
78.333333,0.0018275
78.366667,0.001805
78.4,0.00182
78.433333,0.0018
78.466667,0.0018
78.5,0.0018
78.533333,0.0018
78.566667,0.0018
78.6,0.0018
78.633333,0.0018
78.666667,0.0018
78.7,0.0018
78.733333,0.0018
78.766667,0.0018
78.8,0.0018
78.833333,0.0018
78.866667,0.0018
78.9,0.0018
78.933333,0.0018
78.966667,0.0018
79,0.015365
79.033333,0.0144375
79.066667,0.004235
79.1,0.00224
79.133333,0.001975
79.166667,0.00197
79.2,0.00185
79.233333,0.0018
79.266667,0.0018
79.3,0.0018
79.333333,0.0018
79.366667,0.0018
79.4,0.0018
79.433333,0.0018
79.466667,0.0018
79.5,0.0018
79.533333,0.0018
79.566667,0.0018
79.6,0.0018
79.633333,0.0018
79.666667,0.0018
79.7,0.0018
79.733333,0.0018
79.766667,0.0018
79.8,0.0018
79.833333,0.0018
79.866667,0.0018
79.9,0.0018
79.933333,0.0018
79.966667,0.0018
80,0.0153525
80.033333,0.0144375
80.066667,0.004235
80.1,0.00224
80.133333,0.001975
80.166667,0.00197
80.2,0.00185
80.233333,0.0018
80.266667,0.0018
80.3,0.0018
80.333333,0.0018
80.366667,0.0018
80.4,0.0018
80.433333,0.0018
80.466667,0.0018
80.5,0.0018
80.533333,0.0018
80.566667,0.0018
80.6,0.0018
80.633333,0.0018
80.666667,0.0018
80.7,0.0018
80.733333,0.0018
80.766667,0.0018
80.8,0.0018
80.833333,0.0018
80.866667,0.0018
80.9,0.0018
80.933333,0.0018
80.966667,0.0018
81,0.01535
81.033333,0.0144225
81.066667,0.004235
81.1,0.0022775
81.133333,0.00197
81.166667,0.00197
81.2,0.001865
81.233333,0.001815
81.266667,0.0018
81.3,0.001815
81.333333,0.001815
81.366667,0.0018
81.4,0.001815
81.433333,0.001815
81.466667,0.0018
81.5,0.001815
81.533333,0.001815
81.566667,0.0018
81.6,0.001815
81.633333,0.001815
81.666667,0.0018
81.7,0.001815
81.733333,0.001815
81.766667,0.0018
81.8,0.001815
81.833333,0.001815
81.866667,0.0018
81.9,0.001815
81.933333,0.001815
81.966667,0.0018
82,0.01535
82.033333,0.0144225
82.066667,0.004235
82.1,0.0022775
82.133333,0.00197
82.166667,0.00197
82.2,0.001865
82.233333,0.001815
82.266667,0.0018
82.3,0.001815
82.333333,0.001815
82.366667,0.0018
82.4,0.001815
82.433333,0.001815
82.466667,0.0018
82.5,0.001815
82.533333,0.001815
82.566667,0.0018
82.6,0.001815
82.633333,0.001815
82.666667,0.0018
82.7,0.001815
82.733333,0.001815
82.766667,0.0018
82.8,0.001815
82.833333,0.001815
82.866667,0.0018
82.9,0.001815
82.933333,0.001815
82.966667,0.0018
83,0.01535
83.033333,0.0144225
83.066667,0.004235
83.1,0.0022775
83.133333,0.00197
83.166667,0.00197
83.2,0.001865
83.233333,0.001815
83.266667,0.0018
83.3,0.001815
83.333333,0.001815
83.366667,0.0018
83.4,0.001815
83.433333,0.001815
83.466667,0.0018
83.5,0.001815
83.533333,0.001815
83.566667,0.0018
83.6,0.001815
83.633333,0.001815
83.666667,0.0018
83.7,0.001815
83.733333,0.001815
83.766667,0.0018
83.8,0.001815
83.833333,0.001815
83.866667,0.0018
83.9,0.001815
83.933333,0.001815
83.966667,0.0018
84,0.01535
84.033333,0.0144225
84.066667,0.004235
84.1,0.0022775
84.133333,0.00197
84.166667,0.00197
84.2,0.001865
84.233333,0.001815
84.266667,0.0018
84.3,0.001815
84.333333,0.001815
84.366667,0.0018
84.4,0.001815
84.433333,0.001815
84.466667,0.0018
84.5,0.001815
84.533333,0.001815
84.566667,0.0018
84.6,0.001815
84.633333,0.001815
84.666667,0.0018
84.7,0.001815
84.733333,0.001815
84.766667,0.0018
84.8,0.001815
84.833333,0.001815
84.866667,0.0018
84.9,0.001815
84.933333,0.001815
84.966667,0.0018
85,0.01535
85.033333,0.0144225
85.066667,0.004235
85.1,0.0022775
85.133333,0.00197
85.166667,0.00197
85.2,0.001865
85.233333,0.001815
85.266667,0.0018
85.3,0.001815
85.333333,0.001815
85.366667,0.0018
85.4,0.001815
85.433333,0.001815
85.466667,0.0018
85.5,0.001815
85.533333,0.001815
85.566667,0.0018
85.6,0.001815
85.633333,0.001815
85.666667,0.0018
85.7,0.001815
85.733333,0.001815
85.766667,0.0018
85.8,0.001815
85.833333,0.001815
85.866667,0.0018
85.9,0.001815
85.933333,0.001815
85.966667,0.0018
86,0.01535
86.033333,0.0144225
86.066667,0.004235
86.1,0.0022775
86.133333,0.00197
86.166667,0.00197
86.2,0.001865
86.233333,0.001815
86.266667,0.0018
86.3,0.001815
86.333333,0.001815
86.366667,0.0018
86.4,0.001815
86.433333,0.001815
86.466667,0.0018
86.5,0.001815
86.533333,0.001815
86.566667,0.0018
86.6,0.001815
86.633333,0.001815
86.666667,0.0018
86.7,0.001815
86.733333,0.001815
86.766667,0.0018
86.8,0.001815
86.833333,0.001815
86.866667,0.0018
86.9,0.001815
86.933333,0.001815
86.966667,0.0018
87,0.01535
87.033333,0.0144225
87.066667,0.004235
87.1,0.0022775
87.133333,0.00197
87.166667,0.00197
87.2,0.001865
87.233333,0.001815
87.266667,0.0018
87.3,0.001815
87.333333,0.001815
87.366667,0.0018
87.4,0.001815
87.433333,0.001815
87.466667,0.0018
87.5,0.001815
87.533333,0.001815
87.566667,0.0018
87.6,0.001815
87.633333,0.001815
87.666667,0.0018
87.7,0.001815
87.733333,0.001815
87.766667,0.0018
87.8,0.001815
87.833333,0.001815
87.866667,0.0018
87.9,0.001815
87.933333,0.001815
87.966667,0.0018
88,0.01535
88.033333,0.0144225
88.066667,0.004235
88.1,0.0022775
88.133333,0.00197
88.166667,0.00197
88.2,0.001865
88.233333,0.001815
88.266667,0.0018
88.3,0.0018175
88.333333,0.00182
88.366667,0.0018
88.4,0.0018
88.433333,0.0018
88.466667,0.0018
88.5,0.0018
88.533333,0.0018
88.566667,0.0018
88.6,0.0018
88.633333,0.0018
88.666667,0.0018
88.7,0.0018
88.733333,0.0018
88.766667,0.0018
88.8,0.0018
88.833333,0.0018
88.866667,0.0018
88.9,0.0018
88.933333,0.0018
88.966667,0.0018
89,0.015365
89.033333,0.0144375
89.066667,0.004235
89.1,0.00224
89.133333,0.001975
89.166667,0.00197
89.2,0.00185
89.233333,0.0018
89.266667,0.0018
89.3,0.0018
89.333333,0.0018
89.366667,0.0018
89.4,0.0018
89.433333,0.0018
89.466667,0.0018
89.5,0.0018
89.533333,0.0018
89.566667,0.0018
89.6,0.0018
89.633333,0.0018
89.666667,0.0018
89.7,0.0018
89.733333,0.0018
89.766667,0.0018
89.8,0.0018
89.833333,0.0018
89.866667,0.0018
89.9,0.0018
89.933333,0.0018
89.966667,0.0018
90,0.0153525
90.033333,0.0144375
90.066667,0.004235
90.1,0.00224
90.133333,0.001975
90.166667,0.00197
90.2,0.00185
90.233333,0.0018
90.266667,0.0018
90.3,0.0018
90.333333,0.0018
90.366667,0.0018
90.4,0.0018
90.433333,0.0018
90.466667,0.0018
90.5,15.7374
90.533333,0.01037
90.566667,0.03307
90.6,0.0092125
90.633333,0.0997225
90.666667,0.125537
90.7,0.0200125
90.733333,0.0069725
90.766667,0.003245
90.8,0.000365
90.833333,0.0029975
90.866667,0.0464825
90.9,0.015825
90.933333,0.00783
90.966667,0.0070025
91,0.131387
91.033333,0.0542025
91.066667,0.016685
91.1,0.0075
91.133333,0.006265
91.166667,0.0058
91.2,0.00574
91.233333,0.0057625
91.266667,0.0057325
91.3,0.005725
91.333333,0.005725
91.366667,0.00571
91.4,0.005725
91.433333,0.005725
91.466667,0.00571
91.5,0.005725
91.533333,0.005725
91.566667,0.00571
91.6,0.005725
91.633333,0.005725
91.666667,0.00571
91.7,0.005725
91.733333,0.005725
91.766667,0.00571
91.8,0.005725
91.833333,0.005725
91.866667,0.0057525
91.9,0.005755
91.933333,0.005735
91.966667,0.00571
92,0.05592
92.033333,0.0542025
92.066667,0.016685
92.1,0.0075
92.133333,0.006265
92.166667,0.0058
92.2,0.00574
92.233333,0.0057625
92.266667,0.0057325
92.3,0.005725
92.333333,0.005725
92.366667,0.00571
92.4,0.005725
92.433333,0.005725
92.466667,0.00571
92.5,0.005725
92.533333,0.005725
92.566667,0.00571
92.6,0.005725
92.633333,0.005725
92.666667,0.00571
92.7,0.005725
92.733333,0.005725
92.766667,0.00571
92.8,0.005725
92.833333,0.005725
92.866667,0.00571
92.9,0.005725
92.933333,0.005725
92.966667,0.00571
93,0.0558575
93.033333,0.0542025
93.066667,0.016685
93.1,0.0075
93.133333,0.006265
93.166667,0.0058
93.2,0.00574
93.233333,0.0057625
93.266667,0.0057325
93.3,0.005725
93.333333,0.005725
93.366667,0.00571
93.4,0.005725
93.433333,0.005725
93.466667,0.00571
93.5,0.005725
93.533333,0.005725
93.566667,0.00571
93.6,0.005725
93.633333,0.005725
93.666667,0.00571
93.7,0.005725
93.733333,0.005725
93.766667,0.00571
93.8,0.005725
93.833333,0.005725
93.866667,0.00571
93.9,0.005725
93.933333,0.005725
93.966667,0.00571
94,0.05586
94.033333,0.05421
94.066667,0.016685
94.1,0.0075
94.133333,0.006265
94.166667,0.0058
94.2,0.00574
94.233333,0.0057625
94.266667,0.0057325
94.3,0.005725
94.333333,0.005725
94.366667,0.00571
94.4,0.005725
94.433333,0.005725
94.466667,0.00571
94.5,0.005725
94.533333,0.005725
94.566667,0.00571
94.6,0.005725
94.633333,0.005725
94.666667,0.00571
94.7,0.005725
94.733333,0.005725
94.766667,0.00571
94.8,0.005725
94.833333,0.005725
94.866667,0.00571
94.9,0.005725
94.933333,0.005725
94.966667,0.00571
95,0.055865
95.033333,0.05421
95.066667,0.016685
95.1,0.0075
95.133333,0.006265
95.166667,0.0058
95.2,0.00574
95.233333,0.0057625
95.266667,0.344775
95.3,0.352735
95.333333,0.359835
95.366667,0.36083
95.4,0.367378
95.433333,0.370215
95.466667,0.378685
95.5,0.387862
95.533333,0.38956
95.566667,0.399122
95.6,0.411378
95.633333,0.417457
95.666667,0.414697
95.7,0.424702
95.733333,0.435397
95.766667,0.44577
95.8,0.458292
95.833333,0.468375
95.866667,0.479948
95.9,0.494945
95.933333,0.509905
95.966667,0.526868
96,0.608293
96.033333,0.58147
96.066667,0.596492
96.1,0.627335
96.133333,0.63328
96.166667,0.71718
96.2,0.79598
96.233333,0.849445
96.266667,0.0297925
96.3,0.007325
96.333333,0.001385
96.366667,0.0492425
96.4,0.0455575
96.433333,0.05819
96.466667,0.0185325
96.5,0.002435
96.533333,0.0002425
96.566667,0.0073625
96.6,0.0065525
96.633333,0.00613
96.666667,0.00617
96.7,0.006145
96.733333,0.006145
96.766667,0.006145
96.8,0.006145
96.833333,0.006145
96.866667,0.006145
96.9,0.006145
96.933333,0.006145
96.966667,0.006145
97,0.102138
97.033333,0.0507575
97.066667,0.0152975
97.1,0.0072575
97.133333,0.00617
97.166667,0.00576
97.2,0.00569
97.233333,0.0056925
97.266667,0.0057025
97.3,0.00568
97.333333,0.00568
97.366667,0.00568
97.4,0.00568
97.433333,0.00568
97.466667,0.00568
97.5,0.00568
97.533333,0.00568
97.566667,0.00568
97.6,0.00568
97.633333,0.00568
97.666667,0.00568
97.7,0.00568
97.733333,0.00568
97.766667,0.00568
97.8,0.00568
97.833333,0.00568
97.866667,0.00568
97.9,0.00568
97.933333,0.00568
97.966667,0.00568
98,0.0524275
98.033333,0.0507575
98.066667,0.0152975
98.1,0.0072575
98.133333,0.00617
98.166667,0.00576
98.2,0.00569
98.233333,0.0056925
98.266667,0.0057025
98.3,0.00568
98.333333,0.00568
98.366667,0.00568
98.4,0.00568
98.433333,0.00568
98.466667,0.00568
98.5,0.00568
98.533333,0.00568
98.566667,0.00568
98.6,0.00568
98.633333,0.00568
98.666667,0.00568
98.7,0.00568
98.733333,0.00568
98.766667,0.00568
98.8,0.00568
98.833333,0.00568
98.866667,0.00568
98.9,0.00568
98.933333,0.00568
98.966667,0.00568
99,0.0524275
99.033333,0.0507575
99.066667,0.0152975
99.1,0.0072575
99.133333,0.00617
99.166667,0.00576
99.2,0.00569
99.233333,0.0056925
99.266667,0.0057025
99.3,0.00568
99.333333,0.00568
99.366667,0.00568
99.4,0.00568
99.433333,0.00568
99.466667,0.00568
99.5,0.00568
99.533333,0.00568
99.566667,0.00568
99.6,0.00568
99.633333,0.00568
99.666667,0.00568
99.7,0.00568
99.733333,0.00568
99.766667,0.00568
99.8,0.00568
99.833333,0.00568
99.866667,0.00568
99.9,0.00568
99.933333,0.00568
99.966667,0.00568
100,0.0524275
100.033333,0.0507575
100.066667,0.0152975
100.1,0.0072575
100.133333,0.00617
100.166667,0.00576
100.2,0.00569
100.233333,0.0056925
100.266667,0.0057025
100.3,0.00568
100.333333,0.00568
100.366667,0.00568
100.4,0.00568
100.433333,0.00568
100.466667,0.00568
100.5,0.00568
100.533333,0.00568
100.566667,0.00568
100.6,0.00568
100.633333,0.00568
100.666667,0.00568
100.7,0.00568
100.733333,0.00568
100.766667,0.00568
100.8,0.00568
100.833333,0.00568
100.866667,0.00568
100.9,0.00568
100.933333,0.00568
100.966667,0.00568
101,0.0524275
101.033333,0.0507575
101.066667,0.0152975
101.1,0.0072575
101.133333,0.00617
101.166667,0.00576
101.2,0.00569
101.233333,0.0056925
101.266667,0.0057025
101.3,0.00568
101.333333,0.00568
101.366667,0.00568
101.4,0.00568
101.433333,0.00568
101.466667,0.00568
101.5,0.00568
101.533333,0.00568
101.566667,0.00568
101.6,0.00568
101.633333,0.00568
101.666667,0.00568
101.7,0.00568
101.733333,0.00568
101.766667,0.00568
101.8,0.00568
101.833333,0.00568
101.866667,0.00568
101.9,0.00568
101.933333,0.00568
101.966667,0.00568
102,0.0524275
102.033333,0.0507575
102.066667,0.0152975
102.1,0.0072575
102.133333,0.00617
102.166667,0.00576
102.2,0.00569
102.233333,0.0056925
102.266667,0.0057025
102.3,0.00568
102.333333,0.00568
102.366667,0.00568
102.4,0.00568
102.433333,0.00568
102.466667,0.00568
102.5,0.00568
102.533333,0.00568
102.566667,0.00568
102.6,0.00568
102.633333,0.00568
102.666667,0.00568
102.7,0.00568
102.733333,0.00568
102.766667,0.00568
102.8,0.00568
102.833333,0.00568
102.866667,0.00568
102.9,0.00568
102.933333,0.00568
102.966667,0.00568
103,0.0524275
103.033333,0.0507575
103.066667,0.0152975
103.1,0.0072575
103.133333,0.00617
103.166667,0.00576
103.2,0.00569
103.233333,0.0056925
103.266667,0.0057025
103.3,0.00568
103.333333,0.00568
103.366667,0.00568
103.4,0.00568
103.433333,0.00568
103.466667,0.00568
103.5,0.00568
103.533333,0.00568
103.566667,0.00568
103.6,0.00568
103.633333,0.00568
103.666667,0.00568
103.7,0.00568
103.733333,0.00568
103.766667,0.00568
103.8,0.00568
103.833333,0.00568
103.866667,0.00568
103.9,0.00568
103.933333,0.00568
103.966667,0.00568
104,0.0524275
104.033333,0.0507575
104.066667,0.0152975
104.1,0.0072575
104.133333,0.00617
104.166667,0.00576
104.2,0.00569
104.233333,0.0056925
104.266667,0.0057025
104.3,0.00568
104.333333,0.00568
104.366667,0.00568
104.4,0.00568
104.433333,0.00568
104.466667,0.00568
104.5,0.00568
104.533333,0.00568
104.566667,28.1089
104.6,0.00785
104.633333,0.00229
104.666667,0.0012125
104.7,0.001055
104.733333,0.00104
104.766667,0.00102
104.8,0.00102
104.833333,0.00102
104.866667,0.00102
104.9,0.00102
104.933333,0.00102
104.966667,0.00102
105,0.0081075
105.033333,0.00789
105.066667,0.002265
105.1,0.0012075
105.133333,0.001035
105.166667,0.00102
105.2,0.001
105.233333,0.001
105.266667,0.001
105.3,0.001
105.333333,0.001
105.366667,0.001
105.4,0.001
105.433333,0.001
105.466667,0.001
105.5,0.001
105.533333,0.001
105.566667,0.001
105.6,0.001
105.633333,0.001
105.666667,0.001
105.7,0.001
105.733333,0.001
105.766667,0.001
105.8,0.001
105.833333,0.001
105.866667,0.001
105.9,0.001
105.933333,0.001
105.966667,0.001
106,0.0080275
106.033333,0.00789
106.066667,0.002265
106.1,0.0012075
106.133333,0.001035
106.166667,0.00102
106.2,0.001
106.233333,0.001
106.266667,0.001
106.3,0.001
106.333333,0.001
106.366667,0.001
106.4,0.001
106.433333,0.001
106.466667,0.001
106.5,0.001
106.533333,0.001
106.566667,0.001
106.6,0.001
106.633333,0.001
106.666667,0.001
106.7,0.001
106.733333,0.001
106.766667,0.001
106.8,0.001
106.833333,0.001
106.866667,0.001
106.9,0.001
106.933333,0.001
106.966667,0.001
107,0.0080275
107.033333,0.00789
107.066667,0.002265
107.1,0.0012075
107.133333,0.001035
107.166667,0.00102
107.2,0.001
107.233333,0.001
107.266667,0.001
107.3,0.001
107.333333,0.001
107.366667,0.001
107.4,0.001
107.433333,0.001
107.466667,0.001
107.5,0.001
107.533333,0.001
107.566667,0.001
107.6,0.001
107.633333,0.001
107.666667,0.001
107.7,0.001
107.733333,0.001
107.766667,0.001
107.8,0.001
107.833333,0.001
107.866667,0.001
107.9,0.001
107.933333,0.001
107.966667,0.001
108,0.0080275
108.033333,0.00789
108.066667,0.002265
108.1,0.0012075
108.133333,0.001035
108.166667,0.00102
108.2,0.001
108.233333,0.001
108.266667,0.001
108.3,0.001
108.333333,0.001
108.366667,0.001
108.4,0.001
108.433333,0.001
108.466667,0.001
108.5,0.001
108.533333,0.001
108.566667,0.001
108.6,0.001
108.633333,0.001
108.666667,0.001
108.7,0.001
108.733333,0.001
108.766667,0.001
108.8,0.001
108.833333,0.001
108.866667,0.001
108.9,0.001
108.933333,0.001
108.966667,0.001
109,0.0080275
109.033333,0.00789
109.066667,0.002265
109.1,0.0012075
109.133333,0.001035
109.166667,0.00102
109.2,0.001
109.233333,0.001
109.266667,0.001
109.3,0.001
109.333333,0.001
109.366667,0.001
109.4,0.001
109.433333,0.001
109.466667,0.001
109.5,0.001
109.533333,0.001
109.566667,0.001
109.6,0.001
109.633333,0.001
109.666667,0.001
109.7,0.001
109.733333,0.001
109.766667,0.001
109.8,0.001
109.833333,0.001
109.866667,0.001
109.9,0.001
109.933333,0.001
109.966667,0.001
110,0.0080275
110.033333,0.00789
110.066667,0.002265
110.1,0.0012075
110.133333,0.001035
110.166667,0.00102
110.2,0.001
110.233333,0.001
110.266667,0.001
110.3,0.001
110.333333,0.001
110.366667,0.001
110.4,0.001
110.433333,0.001
110.466667,0.001
110.5,0.001
110.533333,0.001
110.566667,0.001
110.6,0.001
110.633333,4.29641
110.666667,9.34913
110.7,9.52226
110.733333,7.94259
110.766667,6.4325
110.8,6.08768
110.833333,3.17012
110.866667,3.3465
110.9,5.73972
110.933333,6.61649
110.966667,6.51359
111,3.42795
111.033333,0.250018
111.066667,0.24444
111.1,0.236132
111.133333,0.215193
111.166667,0.24607
111.2,0.225802
111.233333,0.223035
111.266667,0.197415
111.3,0.230357
111.333333,8.21097
111.366667,0.594668
111.4,0.638245
111.433333,1.02144
111.466667,0.739585
111.5,0.573055
111.533333,0.81894
111.566667,0.711368
111.6,0.740348
111.633333,0.643827
111.666667,0.897417
111.7,0.759517
111.733333,0.54642
111.766667,0.831337
111.8,0.699002
111.833333,0.678157
111.866667,0.063155
111.9,0.168445
111.933333,0.137895
111.966667,0.09593
112,0.487535
112.033333,0.009815
112.066667,0.021495
112.1,0.060265
112.133333,0.0110475
112.166667,0.0038
112.2,0.0026725
112.233333,0.00299
112.266667,0.0046175
112.3,0.0061875
112.333333,0.0022
112.366667,0.00236
112.4,0.00279
112.433333,0.002555
112.466667,0.002105
112.5,0.001765
112.533333,0.00203
112.566667,0.00215
112.6,0.002285
112.633333,0.001955
112.666667,0.001865
112.7,0.00243
112.733333,0.002
112.766667,0.001905
112.8,0.002065
112.833333,0.002065
112.866667,0.00234
112.9,0.00193
112.933333,0.001855
112.966667,0.002195
113,0.113818
113.033333,0.0293425
113.066667,0.0059425
113.1,0.00298
113.133333,0.002455
113.166667,0.00215
113.2,0.00342
113.233333,0.002505
113.266667,0.0021425
113.3,0.002
113.333333,0.00205
113.366667,0.002
113.4,0.001985
113.433333,0.002195
113.466667,0.00191
113.5,0.00194
113.533333,0.00196
113.566667,0.002015
113.6,0.002255
113.633333,0.00184
113.666667,0.00199
113.7,0.00205
113.733333,0.002085
113.766667,0.001875
113.8,0.00202
113.833333,0.00205
113.866667,0.00204
113.9,0.002095
113.933333,0.001915
113.966667,0.00195
114,0.0305625
114.033333,0.0293425
114.066667,0.0059425
114.1,0.00298
114.133333,28.437
114.166667,0.0852325
114.2,0.0921475
114.233333,0.011995
114.266667,0.00348
114.3,0.00081
114.333333,0.0004575
114.366667,0.000425
114.4,0.00042
114.433333,0.00042
114.466667,0.00042
114.5,0.00042
114.533333,0.00042
114.566667,0.00042
114.6,0.00042
114.633333,0.00042
114.666667,0.00042
114.7,0.00042
114.733333,0.00042
114.766667,0.00042
114.8,0.00042
114.833333,0.00042
114.866667,0.00042
114.9,0.00042
114.933333,0.00042
114.966667,0.00042
115,0.0098925
115.033333,0.0030825
115.066667,0.000695
115.1,0.000385
115.133333,0.0593475
115.166667,0.002895
115.2,0.0006075
115.233333,0.000245
115.266667,0.00022
115.3,0.0002
115.333333,0.0002
115.366667,0.0002
115.4,0.0002
115.433333,0.0002
115.466667,0.0002
115.5,0.0002
115.533333,0.0002
115.566667,0.0002
115.6,0.0002
115.633333,0.0002
115.666667,0.0002
115.7,0.0002
115.733333,0.0002
115.766667,0.0002
115.8,0.0002
115.833333,0.0002
115.866667,0.0002
115.9,0.0002
115.933333,0.0002
115.966667,0.0002
116,0.004365
116.033333,0.0024075
116.066667,0.000485
116.1,0.0002325
116.133333,0.00122
116.166667,0.0008825
116.2,0.0003075
116.233333,0.0002
116.266667,0.0002
116.3,0.0002
116.333333,0.0002
116.366667,0.0002
116.4,0.0002
116.433333,0.0002
116.466667,0.0002
116.5,0.0002
116.533333,0.0002
116.566667,0.0002
116.6,0.0002
116.633333,0.0002
116.666667,0.0002
116.7,0.0002
116.733333,0.0002
116.766667,0.0002
116.8,0.0002
116.833333,0.0002
116.866667,0.0002
116.9,0.0002
116.933333,0.0002
116.966667,0.0002
117,0.00265
117.033333,0.0024075
117.066667,0.000485
117.1,0.00376
117.133333,0.101172
117.166667,0.776892
117.2,2.21115
117.233333,5.29869
117.266667,8.32557
117.3,10.3736
117.333333,11.2332
117.366667,11.31
117.4,11.8118
117.433333,11.8007
117.466667,10.9634
117.5,9.6801
117.533333,8.26658
117.566667,3.80672
117.6,6.12504
117.633333,4.79756
117.666667,3.56142
117.7,2.3913
117.733333,1.29353
117.766667,0.221458
117.8,0.014485
117.833333,0.0032925
117.866667,0.00088
117.9,0.0005725
117.933333,0.00048
117.966667,0.00046
118,0.0282425
118.033333,0.00415
118.066667,0.001185
118.1,0.000525
118.133333,0.10828
118.166667,0.0062925
118.2,0.00314
118.233333,0.0004525
118.266667,0.000405
118.3,6.15891
118.333333,8.49967
118.366667,6.24756
118.4,3.84829
118.433333,1.97759
118.466667,0.55724
118.5,64.3049
118.533333,7.65212
118.566667,2.64362
118.6,3.09016
118.633333,1.61539
118.666667,0.635062
118.7,0.724965
118.733333,0.821388
118.766667,0.797687
118.8,0.707462
118.833333,0.615722
118.866667,0.521575
118.9,0.456182
118.933333,0.381983
118.966667,0.31474
119,0.28026
119.033333,0.206363
119.066667,0.0763975
119.1,0.134015
119.133333,0.192095
119.166667,0.045065
119.2,0.0066675
119.233333,0.0013875
119.266667,0.00046
119.3,0.000405
119.333333,0.0004
119.366667,0.0004
119.4,0.0004
119.433333,0.0004
119.466667,0.0004
119.5,0.0004
119.533333,0.0004
119.566667,0.00895
119.6,0.00076
119.633333,0.0004975
119.666667,0.0004
119.7,0.0004
119.733333,0.0004
119.766667,0.012825
119.8,0.00057
119.833333,0.000425
119.866667,0.00042
119.9,0.00042
119.933333,0.00042
119.966667,0.00042
120,0.0085275
120.033333,0.0042975
120.066667,0.00092
120.1,0.291673
120.133333,1.71654
120.166667,3.58705
120.2,4.93907
120.233333,6.30769
120.266667,6.82961
120.3,6.96862
120.333333,7.84289
120.366667,8.64813
120.4,7.85677
120.433333,6.10401
120.466667,4.84571
120.5,4.39316
120.533333,3.5127
120.566667,2.19039
120.6,1.3979
120.633333,0.846785
120.666667,0.490642
120.7,0.222598
120.733333,0.06586
120.766667,0.0046875
120.8,0.221935
120.833333,1.59796
120.866667,2.2371
120.9,2.40422
120.933333,2.80589
120.966667,2.37856
121,13.5829
121.033333,5.51576
121.066667,2.82137
121.1,4.54762
121.133333,4.14244
121.166667,3.09388
121.2,2.21044
121.233333,1.87347
121.266667,1.75022
121.3,1.62887
121.333333,1.34956
121.366667,1.2108
121.4,1.01213
121.433333,0.835445
121.466667,0.682227
121.5,0.558872
121.533333,0.46336
121.566667,0.202027
121.6,0.327043
121.633333,0.243712
121.666667,0.164782
121.7,0.0899425
121.733333,0.03734
121.766667,0.195565
121.8,0.231555
121.833333,0.253742
121.866667,0.412278
121.9,0.479357
121.933333,0.32793
121.966667,0.19049
122,0.108332
122.033333,0.0297875
122.066667,0.08141
122.1,0.414718
122.133333,0.61776
122.166667,0.538015
122.2,0.365787
122.233333,0.170975
122.266667,0.04126
122.3,0.138403
122.333333,0.292955
122.366667,0.292225
122.4,0.197797
122.433333,0.10737
122.466667,0.04415
122.5,0.00354
122.533333,0.0020125
122.566667,0.0018675
122.6,0.0014825
122.633333,0.0013575
122.666667,0.119068
122.7,1.01576
122.733333,1.8936
122.766667,1.90872
122.8,1.31666
122.833333,0.911245
122.866667,0.553565
122.9,0.57605
122.933333,2.58805
122.966667,6.25833
123,5.61241
123.033333,3.61192
123.066667,1.3312
123.1,1.91407
123.133333,1.21832
123.166667,0.833982
123.2,0.46365
123.233333,0.126248
123.266667,2.17835
123.3,6.38288
123.333333,9.90088
123.366667,11.139
123.4,9.78185
123.433333,8.65532
123.466667,8.08826
123.5,6.36788
123.533333,5.5205
123.566667,3.40783
123.6,3.55985
123.633333,2.06809
123.666667,1.3396
123.7,0.923987
123.733333,0.595225
123.766667,0.416828
123.8,0.201815
123.833333,0.0718075
123.866667,0.0239275
123.9,0.005255
123.933333,0.001105
123.966667,0.00087
124,0.00803
124.033333,0.003375
124.066667,0.00158
124.1,0.0015275
124.133333,0.016395
124.166667,0.0028675
124.2,0.001345
124.233333,0.0006325
124.266667,0.00052
124.3,0.0004775
124.333333,0.0004725
124.366667,0.0004975
124.4,0.00044
124.433333,0.00051
124.466667,0.0004225
124.5,0.00051
124.533333,0.0003975
124.566667,0.000515
124.6,0.0004275
124.633333,0.0005
124.666667,0.0004025
124.7,0.00052
124.733333,0.0004025
124.766667,0.000515
124.8,0.0003975
124.833333,0.00052
124.866667,0.0004125
124.9,0.0005
124.933333,0.0004025
124.966667,0.00052
125,0.00649
125.033333,0.0026475
125.066667,0.0008975
125.1,0.00065
125.133333,0.001545
125.166667,0.0012375
125.2,0.00069
125.233333,0.00049
125.266667,0.0004475
125.3,0.000575
125.333333,0.00057
125.366667,0.000415
125.4,0.0004475
125.433333,0.00043
125.466667,0.0004275
125.5,0.000425
125.533333,0.000445
125.566667,0.0004325
125.6,0.00042
125.633333,0.000435
125.666667,203.652
125.7,5
125.733333,0.292073
125.766667,9.94726
125.8,27.8792
125.833333,43.3268
125.866667,43.2992
125.9,0.00762
125.933333,0.00171
125.966667,0.0009075
126,0.01169
126.033333,0.008225
126.066667,0.0018275
126.1,0.000945
126.133333,0.0008825
126.166667,0.000795
126.2,0.00078
126.233333,0.00078
126.266667,0.00078
126.3,0.00078
126.333333,0.00078
126.366667,0.00078
126.4,0.00078
126.433333,0.00078
126.466667,0.00078
126.5,0.00078
126.533333,0.00078
126.566667,0.00078
126.6,0.00078
126.633333,0.00078
126.666667,0.00078
126.7,0.00078
126.733333,0.00078
126.766667,0.00078
126.8,0.00078
126.833333,0.00078
126.866667,0.00078
126.9,0.00078
126.933333,0.00078
126.966667,0.00078
127,0.008375
127.033333,0.008225
127.066667,0.0018275
127.1,0.000945
127.133333,0.0008825
127.166667,0.000795
127.2,0.00078
127.233333,0.00078
127.266667,0.00078
127.3,0.00078
127.333333,0.00078
127.366667,0.00078
127.4,0.00078
127.433333,0.00078
127.466667,0.00078
127.5,0.00078
127.533333,0.00078
127.566667,0.00078
127.6,0.00078
127.633333,0.00078
127.666667,0.00078
127.7,0.00078
127.733333,0.00078
127.766667,0.00078
127.8,0.00078
127.833333,0.00078
127.866667,0.00078
127.9,0.00078
127.933333,0.00078
127.966667,0.00078
128,156.086
128.033333,0.0077
128.066667,0.0019725
128.1,0.0012625
128.133333,0.00117
128.166667,0.00108
128.2,0.00111
128.233333,0.00111
128.266667,0.00108
128.3,0.00111
128.333333,0.00111
128.366667,0.00108
128.4,0.00111
128.433333,0.00111
128.466667,0.00108
128.5,0.00111
128.533333,0.00111
128.566667,0.00108
128.6,0.00111
128.633333,0.00111
128.666667,0.00108
128.7,0.00111
128.733333,0.00111
128.766667,0.00108
128.8,0.00111
128.833333,0.00111
128.866667,0.00108
128.9,0.00111
128.933333,0.00111
128.966667,0.00108
129,0.008065
129.033333,0.0077
129.066667,0.0019725
129.1,0.0012625
129.133333,0.00117
129.166667,0.00108
129.2,0.00111
129.233333,0.00111
129.266667,0.00108
129.3,0.00111
129.333333,0.00111
129.366667,0.00108
129.4,0.00111
129.433333,0.00111
129.466667,0.00108
129.5,0.00111
129.533333,0.00111
129.566667,0.00108
129.6,0.00111
129.633333,0.00111
129.666667,0.00108
129.7,0.00111
129.733333,0.00111
129.766667,0.00108
129.8,0.00111
129.833333,0.00111
129.866667,0.00108
129.9,0.00111
129.933333,0.00111
129.966667,0.00108
130,0.008065
130.033333,0.0077
130.066667,0.0019725
130.1,0.0012625
130.133333,0.00117
130.166667,0.00108
130.2,0.00111
130.233333,0.00111
130.266667,0.00108
130.3,0.00111
130.333333,0.00111
130.366667,0.00108
130.4,0.00111
130.433333,0.00111
130.466667,0.00108
130.5,0.00111
130.533333,0.00111
130.566667,0.00108
130.6,0.00111
130.633333,0.00111
130.666667,0.00108
130.7,0.00111
130.733333,0.00111
130.766667,0.00108
130.8,0.00111
130.833333,0.00111
130.866667,0.00108
130.9,0.00111
130.933333,0.00111
130.966667,0.00108
131,0.008065
131.033333,0.0077
131.066667,0.0019725
131.1,0.0012625
131.133333,0.00117
131.166667,0.00108
131.2,0.00111
131.233333,0.00111
131.266667,0.00108
131.3,0.00111
131.333333,0.00111
131.366667,0.00108
131.4,0.00111
131.433333,0.00111
131.466667,0.00108
131.5,0.00111
131.533333,0.00111
131.566667,0.00108
131.6,0.00111
131.633333,0.00111
131.666667,0.00108
131.7,0.00111
131.733333,0.00111
131.766667,0.00108
131.8,0.00111
131.833333,0.00111
131.866667,0.00108
131.9,0.00111
131.933333,0.00111
131.966667,0.00108
132,0.008065
132.033333,0.0077
132.066667,0.0019725
132.1,0.0012625
132.133333,0.00117
132.166667,0.00108
132.2,0.00111
132.233333,0.00111
132.266667,0.00108
132.3,0.00111
132.333333,0.00111
132.366667,0.00108
132.4,0.00111
132.433333,0.00111
132.466667,0.00108
132.5,0.00111
132.533333,0.00111
132.566667,0.00108
132.6,0.00111
132.633333,0.00111
132.666667,0.00108
132.7,0.00111
132.733333,0.00111
132.766667,0.00108
132.8,0.00111
132.833333,0.00111
132.866667,0.00108
132.9,0.00111
132.933333,0.00111
132.966667,0.00108
133,0.008065
133.033333,0.0077
133.066667,0.0019725
133.1,0.0012625
133.133333,0.00117
133.166667,0.00108
133.2,0.00111
133.233333,0.00111
133.266667,0.00108
133.3,0.00111
133.333333,0.00111
133.366667,0.00108
133.4,0.00111
133.433333,0.00111
133.466667,0.00108
133.5,0.00111
133.533333,0.00111
133.566667,0.00108
133.6,0.00111
133.633333,0.00111
133.666667,0.00108
133.7,0.00111
133.733333,0.00111
133.766667,0.00108
133.8,0.00111
133.833333,0.00111
133.866667,0.00108
133.9,0.00111
133.933333,0.00111
133.966667,0.00108
134,0.008065
134.033333,0.0077
134.066667,0.0019725
134.1,0.0012625
134.133333,0.00117
134.166667,0.00108
134.2,0.00111
134.233333,0.00111
134.266667,0.00108
134.3,0.00111
134.333333,0.00111
134.366667,0.00108
134.4,0.00111
134.433333,0.00111
134.466667,0.00108
134.5,0.00111
134.533333,0.00111
134.566667,0.00108
134.6,0.00111
134.633333,0.00111
134.666667,0.00108
134.7,0.00111
134.733333,0.00111
134.766667,0.00108
134.8,0.00111
134.833333,0.00111
134.866667,0.00108
134.9,0.00111
134.933333,0.00111
134.966667,0.00108
135,0.008065
135.033333,0.0077
135.066667,0.0019725
135.1,0.0012625
135.133333,0.00117
135.166667,0.00108
135.2,0.00111
135.233333,0.00111
135.266667,0.00108
135.3,0.00111
135.333333,0.00111
135.366667,0.00108
135.4,0.00111
135.433333,0.00111
135.466667,0.00108
135.5,0.00111
135.533333,0.00111
135.566667,0.00108
135.6,0.00111
135.633333,0.00111
135.666667,0.00108
135.7,0.00111
135.733333,0.00111
135.766667,0.00108
135.8,0.00111
135.833333,0.00111
135.866667,0.00108
135.9,0.00111
135.933333,0.00111
135.966667,0.00108
136,0.008065
136.033333,0.0077
136.066667,0.0019725
136.1,0.0012625
136.133333,0.00117
136.166667,0.00108
136.2,0.00111
136.233333,0.00111
136.266667,0.00108
136.3,0.00111
136.333333,0.00111
136.366667,0.00108
136.4,0.00111
136.433333,0.00111
136.466667,0.00108
136.5,0.00111
136.533333,0.00111
136.566667,0.00108
136.6,0.00111
136.633333,0.00111
136.666667,0.00108
136.7,0.00111
136.733333,0.00111
136.766667,0.00108
136.8,0.00111
136.833333,0.00111
136.866667,0.00108
136.9,0.00111
136.933333,0.00111
136.966667,0.00108
137,0.008065
137.033333,0.0077
137.066667,0.0019725
137.1,0.0012625
137.133333,0.00117
137.166667,0.00108
137.2,0.00111
137.233333,0.00111
137.266667,0.00108
137.3,0.00111
137.333333,0.00111
137.366667,0.00108
137.4,0.00111
137.433333,0.00111
137.466667,0.00108
137.5,0.00111
137.533333,0.00111
137.566667,0.00108
137.6,0.00111
137.633333,0.00111
137.666667,0.00108
137.7,0.00111
137.733333,0.00111
137.766667,0.00108
137.8,0.00111
137.833333,0.00111
137.866667,0.00108
137.9,0.00111
137.933333,0.00111
137.966667,0.00108
138,0.008065
138.033333,0.0077
138.066667,0.0019725
138.1,0.0012625
138.133333,0.00117
138.166667,0.00108
138.2,0.00111
138.233333,0.00111
138.266667,0.00108
138.3,0.00111
138.333333,0.00111
138.366667,0.00108
138.4,0.00111
138.433333,0.00111
138.466667,0.00108
138.5,0.00111
138.533333,0.00111
138.566667,0.00108
138.6,0.00111
138.633333,0.00111
138.666667,0.00108
138.7,0.00111
138.733333,0.00111
138.766667,0.00108
138.8,0.00111
138.833333,0.00111
138.866667,0.00108
138.9,0.00111
138.933333,0.00111
138.966667,0.00108
139,0.008065
139.033333,0.0077
139.066667,0.0019725
139.1,0.0012625
139.133333,0.00117
139.166667,0.00108
139.2,0.00111
139.233333,0.00111
139.266667,0.00108
139.3,0.00111
139.333333,0.00111
139.366667,0.00108
139.4,0.00111
139.433333,0.00111
139.466667,0.00108
139.5,0.00111
139.533333,0.00111
139.566667,0.00108
139.6,0.00111
139.633333,0.00111
139.666667,0.00108
139.7,0.00111
139.733333,0.00111
139.766667,0.00108
139.8,0.00111
139.833333,0.00111
139.866667,0.00108
139.9,0.00111
139.933333,0.00111
139.966667,0.00108
140,0.008065
140.033333,0.0077
140.066667,0.0019725
140.1,0.0012625
140.133333,0.00117
140.166667,0.00108
140.2,0.00111
140.233333,0.00111
140.266667,0.00108
140.3,0.00111
140.333333,0.00111
140.366667,0.00108
140.4,0.00111
140.433333,0.00111
140.466667,0.00108
140.5,0.00111
140.533333,0.00111
140.566667,0.00108
140.6,0.00111
140.633333,0.00111
140.666667,0.00108
140.7,0.00111
140.733333,0.00111
140.766667,0.00108
140.8,0.00111
140.833333,0.00111
140.866667,0.00108
140.9,0.00111
140.933333,0.00111
140.966667,0.00108
141,0.008065
141.033333,0.0077
141.066667,0.0019725
141.1,0.0012625
141.133333,0.00117
141.166667,0.00108
141.2,0.00111
141.233333,0.00111
141.266667,0.00108
141.3,0.00111
141.333333,0.00111
141.366667,0.00108
141.4,0.00111
141.433333,0.00111
141.466667,0.00108
141.5,0.00111
141.533333,0.00111
141.566667,0.00108
141.6,0.00111
141.633333,0.00111
141.666667,0.00108
141.7,0.00111
141.733333,0.00111
141.766667,0.00108
141.8,0.00111
141.833333,0.00111
141.866667,0.00108
141.9,0.00111
141.933333,0.00111
141.966667,0.00108
142,0.008065
142.033333,0.0077
142.066667,0.0019725
142.1,0.0012625
142.133333,0.00117
142.166667,0.00108
142.2,0.00111
142.233333,0.00111
142.266667,0.00108
142.3,0.00111
142.333333,0.00111
142.366667,0.00108
142.4,0.00111
142.433333,0.00111
142.466667,0.00108
142.5,0.00111
142.533333,0.00111
142.566667,0.00108
142.6,0.00111
142.633333,0.00111
142.666667,0.00108
142.7,0.00111
142.733333,0.00111
142.766667,0.00108
142.8,0.00111
142.833333,0.00111
142.866667,0.00108
142.9,0.00111
142.933333,0.00111
142.966667,0.00108
143,0.008065
143.033333,0.0077
143.066667,0.0019725
143.1,0.0012625
143.133333,0.00117
143.166667,0.00108
143.2,0.00111
143.233333,0.00111
143.266667,0.00108
143.3,0.00111
143.333333,0.00111
143.366667,0.00108
143.4,0.00111
143.433333,0.00111
143.466667,0.00108
143.5,0.00111
143.533333,0.00111
143.566667,0.00108
143.6,0.00111
143.633333,0.00111
143.666667,0.00108
143.7,0.00111
143.733333,0.00111
143.766667,0.00108
143.8,0.00111
143.833333,0.00111
143.866667,0.00108
143.9,0.00111
143.933333,0.00111
143.966667,0.00108
144,0.008065
144.033333,0.0077
144.066667,0.0019725
144.1,0.0012625
144.133333,0.00117
144.166667,0.00108
144.2,0.00111
144.233333,0.00111
144.266667,0.00108
144.3,0.00111
144.333333,0.00111
144.366667,0.00108
144.4,0.00111
144.433333,0.00111
144.466667,0.00108
144.5,0.00111
144.533333,0.00111
144.566667,0.00108
144.6,0.00111
144.633333,0.00111
144.666667,0.00108
144.7,0.00111
144.733333,0.00111
144.766667,0.00108
144.8,0.00111
144.833333,0.00111
144.866667,0.00108
144.9,0.00111
144.933333,0.00111
144.966667,0.00108
145,0.008065
145.033333,0.0077
145.066667,0.0019725
145.1,0.0012625
145.133333,0.72306
145.166667,0.001115
145.2,0.001135
145.233333,0.00113
145.266667,0.0011
145.3,0.00113
145.333333,0.00113
145.366667,0.0011
145.4,0.00113
145.433333,0.00113
145.466667,0.0011
145.5,0.00113
145.533333,0.00113
145.566667,0.0011
145.6,0.00113
145.633333,0.00113
145.666667,0.0011
145.7,0.00113
145.733333,0.00113
145.766667,0.0011
145.8,0.00113
145.833333,0.00113
145.866667,0.0011
145.9,0.00113
145.933333,0.00113
145.966667,0.0011
146,0.008135
146.033333,0.007755
146.066667,0.0019975
146.1,0.0012825
146.133333,0.00119
146.166667,0.0011
146.2,0.00113
146.233333,0.00113
146.266667,0.0011
146.3,0.00113
146.333333,0.00113
146.366667,0.0011
146.4,0.00113
146.433333,0.00113
146.466667,0.0011
146.5,0.00113
146.533333,0.00113
146.566667,0.0011
146.6,0.00113
146.633333,0.00113
146.666667,0.0011
146.7,0.00113
146.733333,0.00113
146.766667,0.0011
146.8,0.00113
146.833333,0.00113
146.866667,0.0011
146.9,0.00113
146.933333,0.00113
146.966667,0.0011
147,0.00812
147.033333,0.007755
147.066667,0.0019975
147.1,0.0012825
147.133333,0.00119
147.166667,0.0011
147.2,0.00113
147.233333,0.00113
147.266667,0.0011
147.3,0.00113
147.333333,0.00113
147.366667,0.0011
147.4,0.00113
147.433333,0.00113
147.466667,0.0011
147.5,0.00113
147.533333,0.00113
147.566667,0.0011
147.6,0.00113
147.633333,0.00113
147.666667,0.0011
147.7,0.00113
147.733333,0.00113
147.766667,0.0011
147.8,0.00113
147.833333,0.00113
147.866667,0.0011
147.9,0.00113
147.933333,0.00113
147.966667,0.0011
148,0.00812
148.033333,0.007755
148.066667,0.0019975
148.1,0.0012825
148.133333,0.00119
148.166667,0.0011
148.2,0.00113
148.233333,0.00113
148.266667,0.0011
148.3,0.00113
148.333333,0.00113
148.366667,0.0011
148.4,0.00113
148.433333,0.00113
148.466667,0.0011
148.5,0.00113
148.533333,7.86144
148.566667,0.0033525
148.6,0.0016925
148.633333,0.00142
148.666667,0.00137
148.7,0.00137
148.733333,0.00136
148.766667,0.00133
148.8,0.001345
148.833333,0.00136
148.866667,0.00133
148.9,0.001345
148.933333,0.00136
148.966667,0.00133
149,0.0108225
149.033333,0.009595
149.066667,0.0025
149.1,0.0016175
149.133333,0.001475
149.166667,0.001355
149.2,0.001375
149.233333,0.001375
149.266667,0.00133
149.3,0.001375
149.333333,0.001375
149.366667,0.00133
149.4,0.001375
149.433333,0.001375
149.466667,0.00133
149.5,0.001375
149.533333,0.001375
149.566667,0.00133
149.6,0.001375
149.633333,0.001375
149.666667,0.00133
149.7,0.001375
149.733333,0.001375
149.766667,0.00133
149.8,0.001375
149.833333,0.001375
149.866667,0.00133
149.9,0.001375
149.933333,0.001375
149.966667,0.00133
150,0.0100625
150.033333,0.009595
150.066667,0.0025
150.1,0.0016175
150.133333,0.001475
150.166667,0.001355
150.2,0.001375
150.233333,0.001375
150.266667,0.00133
150.3,0.001375
150.333333,0.001375
150.366667,0.00133
150.4,0.001375
150.433333,0.001375
150.466667,0.00133
150.5,0.001375
150.533333,0.001375
150.566667,0.00133
150.6,0.001375
150.633333,0.001375
150.666667,0.00133
150.7,0.001375
150.733333,0.001375
150.766667,0.00133
150.8,0.001375
150.833333,0.001375
150.866667,0.00133
150.9,0.001375
150.933333,0.001375
150.966667,0.00133
151,0.0100625
151.033333,0.009595
151.066667,0.0025
151.1,0.0016175
151.133333,0.001475
151.166667,0.001355
151.2,0.001375
151.233333,66.4421
151.266667,0.029155
151.3,0.0062275
151.333333,0.00834
151.366667,0.0064625
151.4,0.0012525
151.433333,0.0011675
151.466667,0.088625
151.5,0.02781
151.533333,0.0091525
151.566667,0.0066625
151.6,0.006255
151.633333,0.006205
151.666667,0.006175
151.7,0.006115
151.733333,0.00615
151.766667,0.00615
151.8,0.006115
151.833333,0.00615
151.866667,0.00615
151.9,0.006115
151.933333,0.00615
151.966667,0.00615
152,0.0865775
152.033333,0.038345
152.066667,0.01196
152.1,0.006455
152.133333,0.0055
152.166667,0.00518
152.2,0.00519
152.233333,0.00519
152.266667,0.00511
152.3,0.00519
152.333333,0.00519
152.366667,0.00511
152.4,0.00519
152.433333,0.00519
152.466667,0.00511
152.5,0.00519
152.533333,0.00519
152.566667,0.00511
152.6,0.00519
152.633333,0.00519
152.666667,0.00511
152.7,0.00519
152.733333,0.00519
152.766667,0.00511
152.8,12.6779
152.833333,0.00924
152.866667,0.00548
152.9,0.0050825
152.933333,0.00494
152.966667,0.004855
153,0.041975
153.033333,0.035615
153.066667,0.0109225
153.1,0.0063025
153.133333,0.005355
153.166667,0.00502
153.2,0.00506
153.233333,0.00506
153.266667,0.00498
153.3,0.00506
153.333333,0.00506
153.366667,0.00498
153.4,0.00506
153.433333,0.00506
153.466667,0.00498
153.5,0.00506
153.533333,0.00506
153.566667,0.00498
153.6,0.00506
153.633333,0.00506
153.666667,0.00498
153.7,0.00506
153.733333,0.00506
153.766667,0.00498
153.8,0.00506
153.833333,0.00506
153.866667,0.00498
153.9,0.00506
153.933333,0.00506
153.966667,0.00498
154,0.03704
154.033333,0.035615
154.066667,0.0109225
154.1,0.0063025
154.133333,0.005355
154.166667,0.00502
154.2,0.00506
154.233333,0.00506
154.266667,0.00498
154.3,0.900725
154.333333,0.62411
154.366667,0.574435
154.4,0.557952
154.433333,0.568773
154.466667,0.539625
154.5,0.536992
154.533333,0.536512
154.566667,0.548643
154.6,0.52487
154.633333,0.52746
154.666667,0.543075
154.7,0.525232
154.733333,0.523505
154.766667,0.533643
154.8,0.535473
154.833333,0.525887
154.866667,0.529195
154.9,0.549265
154.933333,0.533303
154.966667,0.534077
155,0.590777
155.033333,0.57585
155.066667,0.558562
155.1,0.566102
155.133333,0.590453
155.166667,0.606197
155.2,0.625173
155.233333,0.697105
155.266667,1.11856
155.3,0.0088125
155.333333,0.0196525
155.366667,0.0083125
155.4,0.0058
155.433333,0.00517
155.466667,0.005095
155.5,0.00506
155.533333,0.00498
155.566667,0.00506
155.6,0.00506
155.633333,0.00498
155.666667,0.00506
155.7,0.00506
155.733333,0.00498
155.766667,0.00506
155.8,0.00506
155.833333,0.00498
155.866667,0.00506
155.9,0.00506
155.933333,0.00498
155.966667,0.00506
156,0.0491325
156.033333,0.035215
156.066667,0.01118
156.1,0.0060575
156.133333,0.005115
156.166667,0.00479
156.2,0.00484
156.233333,0.00484
156.266667,0.00476
156.3,0.00484
156.333333,0.00484
156.366667,0.00476
156.4,0.00484
156.433333,0.00484
156.466667,0.00476
156.5,0.00484
156.533333,0.00484
156.566667,0.00476
156.6,0.00484
156.633333,0.00484
156.666667,0.00476
156.7,0.00484
156.733333,0.00484
156.766667,0.00476
156.8,0.00484
156.833333,0.00484
156.866667,0.00476
156.9,0.00484
156.933333,0.00484
156.966667,0.00476
157,0.0366725
157.033333,0.035215
157.066667,0.01118
157.1,0.0060575
157.133333,0.005115
157.166667,0.00479
157.2,0.00484
157.233333,0.00484
157.266667,0.00476
157.3,0.00484
157.333333,0.00484
157.366667,0.00476
157.4,0.00484
157.433333,0.00484
157.466667,0.00476
157.5,0.00484
157.533333,0.00484
157.566667,0.00476
157.6,0.00484
157.633333,0.00484
157.666667,0.00476
157.7,0.00484
157.733333,0.00484
157.766667,0.00476
157.8,0.00484
157.833333,0.00484
157.866667,0.00476
157.9,0.00484
157.933333,0.00484
157.966667,0.00476
158,0.0366725
158.033333,0.035215
158.066667,0.01118
158.1,0.0060575
158.133333,0.005115
158.166667,0.00479
158.2,0.00484
158.233333,0.00484
158.266667,0.00476
158.3,0.00484
158.333333,0.00484
158.366667,0.00476
158.4,0.00484
158.433333,0.00484
158.466667,0.00476
158.5,0.00484
158.533333,0.00484
158.566667,0.00476
158.6,0.00484
158.633333,0.00484
158.666667,0.00476
158.7,0.00484
158.733333,0.00484
158.766667,0.00476
158.8,0.00484
158.833333,0.00484
158.866667,0.00476
158.9,0.00484
158.933333,0.00484
158.966667,0.00476
159,0.0366725
159.033333,0.035215
159.066667,0.01118
159.1,0.0060575
159.133333,0.005115
159.166667,0.00479
159.2,0.00484
159.233333,0.00484
159.266667,0.00476
159.3,0.00484
159.333333,0.00484
159.366667,0.00476
159.4,0.00484
159.433333,0.00484
159.466667,0.00476
159.5,0.00484
159.533333,0.00484
159.566667,0.00476
159.6,0.00484
159.633333,0.00484
159.666667,0.00476
159.7,0.00484
159.733333,0.00484
159.766667,0.00476
159.8,0.00484
159.833333,0.00484
159.866667,0.00476
159.9,0.00484
159.933333,0.00484
159.966667,0.00476
160,0.0366725
160.033333,0.035215
160.066667,0.01118
160.1,0.0060575
160.133333,0.005115
160.166667,0.00479
160.2,0.00484
160.233333,0.00484
160.266667,0.00476
160.3,0.00484
160.333333,0.00484
160.366667,0.00476
160.4,0.00484
160.433333,0.00484
160.466667,0.00476
160.5,0.00484
160.533333,0.00484
160.566667,0.00476
160.6,0.00484
160.633333,0.00484
160.666667,0.00476
160.7,0.00484
160.733333,0.00484
160.766667,0.00476
160.8,0.00484
160.833333,0.00484
160.866667,0.00476
160.9,0.00484
160.933333,0.00484
160.966667,0.00476
161,0.0366725
161.033333,0.035215
161.066667,0.01118
161.1,0.0060575
161.133333,0.005115
161.166667,0.00479
161.2,0.00484
161.233333,0.00484
161.266667,0.00476
161.3,0.00484
161.333333,0.00484
161.366667,0.00476
161.4,0.00484
161.433333,0.00484
161.466667,0.00476
161.5,0.00484
161.533333,0.00484
161.566667,0.00476
161.6,0.00484
161.633333,0.00484
161.666667,0.00476
161.7,0.00484
161.733333,0.00484
161.766667,0.00476
161.8,0.00484
161.833333,0.00484
161.866667,0.00476
161.9,0.00484
161.933333,0.00484
161.966667,0.00476
162,0.0366725
162.033333,0.035215
162.066667,74.0249
162.1,0.0074825
162.133333,0.0014875
162.166667,0.000885
162.2,0.0008125
162.233333,0.00079
162.266667,0.00079
162.3,0.00079
162.333333,0.00079
162.366667,0.00079
162.4,0.00079
162.433333,0.00079
162.466667,0.00079
162.5,0.00079
162.533333,0.00079
162.566667,0.00079
162.6,0.00079
162.633333,0.00079
162.666667,0.00079
162.7,0.00079
162.733333,0.00079
162.766667,0.00079
162.8,0.00079
162.833333,0.00079
162.866667,0.00079
162.9,0.00079
162.933333,0.00079
162.966667,0.00079
163,0.00921
163.033333,0.0074975
163.066667,0.00163
163.1,0.000945
163.133333,0.0008375
163.166667,0.00081
163.2,0.00081
163.233333,0.00081
163.266667,0.00081
163.3,0.00081
163.333333,0.00081
163.366667,0.00081
163.4,0.00081
163.433333,0.00081
163.466667,0.00081
163.5,0.00081
163.533333,0.00081
163.566667,0.00081
163.6,0.00081
163.633333,0.00081
163.666667,0.00081
163.7,0.00081
163.733333,0.00081
163.766667,0.00081
163.8,0.00081
163.833333,0.00081
163.866667,0.00081
163.9,0.00081
163.933333,0.00081
163.966667,0.00081
164,0.00785
164.033333,0.0074975
164.066667,0.00163
164.1,0.000945
164.133333,0.0008375
164.166667,0.00081
164.2,0.00081
164.233333,0.00081
164.266667,0.00081
164.3,0.00081
164.333333,0.00081
164.366667,0.00081
164.4,0.00081
164.433333,0.00081
164.466667,0.00081
164.5,0.00081
164.533333,0.00081
164.566667,0.00081
164.6,0.00081
164.633333,0.00081
164.666667,0.00081
164.7,0.00081
164.733333,0.00081
164.766667,0.00081
164.8,0.00081
164.833333,0.00081
164.866667,0.00081
164.9,0.00081
164.933333,0.00081
164.966667,0.00081
165,0.00785
165.033333,0.0074975
165.066667,0.00163
165.1,0.000945
165.133333,0.0008375
165.166667,0.00081
165.2,0.00081
165.233333,0.00081
165.266667,0.00081
165.3,0.00081
165.333333,0.00081
165.366667,0.00081
165.4,0.00081
165.433333,0.00081
165.466667,0.00081
165.5,0.00081
165.533333,0.00081
165.566667,0.00081
165.6,0.00081
165.633333,0.00081
165.666667,0.00081
165.7,0.00081
165.733333,0.00081
165.766667,0.00081
165.8,0.00081
165.833333,0.00081
165.866667,0.00081
165.9,0.00081
165.933333,0.00081
165.966667,0.00081
166,0.00785
166.033333,0.0074975
166.066667,0.00163
166.1,0.000945
166.133333,0.0008375
166.166667,0.00081
166.2,0.00081
166.233333,0.00081
166.266667,0.00081
166.3,0.00081
166.333333,0.00081
166.366667,0.00081
166.4,0.00081
166.433333,0.00081
166.466667,0.00081
166.5,0.00081
166.533333,0.00081
166.566667,0.00081
166.6,0.00081
166.633333,0.00081
166.666667,0.00081
166.7,0.00081
166.733333,0.00081
166.766667,0.00081
166.8,0.00081
166.833333,0.00081
166.866667,0.00081
166.9,0.00081
166.933333,0.00081
166.966667,0.00081
167,0.00785
167.033333,0.0074975
167.066667,0.00163
167.1,0.000945
167.133333,0.0008375
167.166667,0.00081
167.2,0.00081
167.233333,0.00081
167.266667,0.00081
167.3,18.0602
167.333333,0.001805
167.366667,0.00091
167.4,0.00078
167.433333,0.00074
167.466667,0.000715
167.5,0.00071
167.533333,0.00071
167.566667,0.00071
167.6,0.00071
167.633333,0.00071
167.666667,0.00071
167.7,0.00071
167.733333,0.00071
167.766667,0.00071
167.8,0.00071
167.833333,0.00071
167.866667,0.00071
167.9,0.00071
167.933333,0.00071
167.966667,0.00071
168,0.007835
168.033333,0.00703
168.066667,0.0015575
168.1,0.00095
168.133333,0.0007875
168.166667,0.000755
168.2,0.00075
168.233333,0.00075
168.266667,0.00075
168.3,0.00075
168.333333,0.00075
168.366667,0.00075
168.4,0.00075
168.433333,0.00075
168.466667,0.00075
168.5,0.00075
168.533333,0.00075
168.566667,0.00075
168.6,0.00075
168.633333,0.00075
168.666667,0.00075
168.7,0.00075
168.733333,0.00075
168.766667,0.00075
168.8,0.00075
168.833333,0.00075
168.866667,0.00075
168.9,0.00075
168.933333,0.00075
168.966667,0.00075
169,0.00737
169.033333,0.00703
169.066667,0.0015575
169.1,0.00095
169.133333,0.0007875
169.166667,0.000755
169.2,0.00075
169.233333,0.00075
169.266667,0.00075
169.3,0.00075
169.333333,0.00075
169.366667,0.00075
169.4,0.00075
169.433333,0.00075
169.466667,0.00075
169.5,0.00075
169.533333,0.00075
169.566667,0.00075
169.6,0.00075
169.633333,0.00075
169.666667,0.00075
169.7,0.00075
169.733333,0.00075
169.766667,0.00075
169.8,0.00075
169.833333,0.00075
169.866667,0.00075
169.9,0.00075
169.933333,0.00075
169.966667,0.00075
170,0.00737
170.033333,0.00703
170.066667,0.0015575
170.1,0.00095
170.133333,0.0007875
170.166667,0.000755
170.2,0.00075
170.233333,0.00075
170.266667,0.00075
170.3,0.00075
170.333333,0.00075
170.366667,0.00075
170.4,0.00075
170.433333,0.00075
170.466667,0.00075
170.5,0.00075
170.533333,0.00075
170.566667,0.00075
170.6,0.00075
170.633333,0.00075
170.666667,0.00075
170.7,0.00075
170.733333,0.00075
170.766667,0.00075
170.8,0.00075
170.833333,0.00075
170.866667,0.00075
170.9,0.00075
170.933333,0.00075
170.966667,0.00075
171,0.00737
171.033333,0.00703
171.066667,0.0015575
171.1,0.00095
171.133333,0.0007875
171.166667,0.000755
171.2,0.00075
171.233333,0.00075
171.266667,0.00075
171.3,0.00075
171.333333,0.00075
171.366667,0.00075
171.4,0.00075
171.433333,0.00075
171.466667,0.00075
171.5,0.00075
171.533333,0.00075
171.566667,0.00075
171.6,0.00075
171.633333,0.00075
171.666667,0.00075
171.7,0.00075
171.733333,0.00075
171.766667,18.0603
171.8,0.0023525
171.833333,0.00105
171.866667,0.000835
171.9,0.00084
171.933333,0.00083
171.966667,0.00083
172,0.008845
172.033333,0.0074825
172.066667,0.001625
172.1,0.000945
172.133333,0.0008375
172.166667,0.00081
172.2,0.00081
172.233333,0.00081
172.266667,0.00081
172.3,0.00081
172.333333,0.00081
172.366667,0.00081
172.4,0.00081
172.433333,0.00081
172.466667,0.00081
172.5,0.00081
172.533333,0.00081
172.566667,0.00081
172.6,0.00081
172.633333,0.00081
172.666667,0.00081
172.7,0.00081
172.733333,0.00081
172.766667,0.11778
172.8,0.14919
172.833333,0.378195
172.866667,0.305943
172.9,0.218768
172.933333,0.22379
172.966667,0.394395
173,0.25356
173.033333,0.211273
173.066667,0.20924
173.1,0.179935
173.133333,0.116055
173.166667,0.138127
173.2,0.16976
173.233333,0.175882
173.266667,0.14127
173.3,0.19527
173.333333,0.232695
173.366667,0.234887
173.4,0.117833
173.433333,0.20169
173.466667,0.13517
173.5,0.189303
173.533333,0.195825
173.566667,0.202253
173.6,0.179673
173.633333,0.139387
173.666667,0.0009575
173.7,0.000885
173.733333,0.000855
173.766667,0.00085
173.8,0.00085
173.833333,0.00085
173.866667,0.00085
173.9,0.00085
173.933333,0.00085
173.966667,0.00085
174,0.0112975
174.033333,0.0078275
174.066667,0.0020425
174.1,0.0010875
174.133333,0.0009775
174.166667,0.00091
174.2,0.00091
174.233333,0.00091
174.266667,0.00091
174.3,0.00091
174.333333,0.00091
174.366667,0.00091
174.4,0.00091
174.433333,0.00091
174.466667,0.00091
174.5,0.00091
174.533333,0.00091
174.566667,0.00091
174.6,0.00091
174.633333,0.00091
174.666667,0.00091
174.7,0.00091
174.733333,0.00091
174.766667,0.00091
174.8,0.00091
174.833333,0.00091
174.866667,0.00091
174.9,0.00091
174.933333,0.00091
174.966667,0.00091
175,0.008205
175.033333,0.0078275
175.066667,0.0020425
175.1,0.0010875
175.133333,0.0009775
175.166667,0.00091
175.2,0.00091
175.233333,0.00091
175.266667,0.00091
175.3,0.00091
175.333333,0.00091
175.366667,0.00091
175.4,0.00091
175.433333,0.00091
175.466667,0.00091
175.5,0.00091
175.533333,0.00091
175.566667,0.00091
175.6,0.00091
175.633333,0.00091
175.666667,0.00091
175.7,0.00091
175.733333,0.00091
175.766667,0.00091
175.8,0.00091
175.833333,0.00091
175.866667,0.00091
175.9,0.00091
175.933333,0.00091
175.966667,0.00091
176,0.008205
176.033333,0.0078275
176.066667,0.0020425
176.1,0.0010875
176.133333,0.0009775
176.166667,0.00091
176.2,0.00091
176.233333,0.00091
176.266667,0.00091
176.3,5.36427
176.333333,0.0030275
176.366667,0.001035
176.4,0.00077
176.433333,0.00077
176.466667,0.00077
176.5,0.00077
176.533333,0.00077
176.566667,0.00077
176.6,0.00077
176.633333,0.00077
176.666667,0.00077
176.7,0.00077
176.733333,0.00077
176.766667,0.00077
176.8,0.00077
176.833333,0.00077
176.866667,0.00077
176.9,0.00077
176.933333,0.00077
176.966667,0.00077
177,0.0114175
177.033333,0.0634425
177.066667,0.155515
177.1,0.154955
177.133333,0.151305
177.166667,0.154757
177.2,0.154862
177.233333,0.151235
177.266667,0.154732
177.3,0.151227
177.333333,0.154715
177.366667,0.154725
177.4,0.15121
177.433333,0.1547
177.466667,0.15471
177.5,0.15127
177.533333,0.154715
177.566667,0.154715
177.6,0.151218
177.633333,0.147715
177.666667,0.00081
177.7,0.00081
177.733333,0.00081
177.766667,0.00081
177.8,0.00081
177.833333,0.00081
177.866667,0.00081
177.9,0.00081
177.933333,0.00081
177.966667,0.00081
178,0.008485
178.033333,0.007585
178.066667,0.001685
178.1,0.000945
178.133333,0.0008375
178.166667,0.00081
178.2,0.00081
178.233333,0.00081
178.266667,0.00081
178.3,0.00081
178.333333,0.00081
178.366667,0.00081
178.4,0.00081
178.433333,0.00081
178.466667,0.00081
178.5,0.00081
178.533333,0.00081
178.566667,0.00081
178.6,0.00081
178.633333,0.00081
178.666667,0.00081
178.7,0.00081
178.733333,0.00081
178.766667,0.00081
178.8,0.00081
178.833333,0.00081
178.866667,0.00081
178.9,0.00081
178.933333,0.00081
178.966667,0.00081
179,0.0078675
179.033333,0.007585
179.066667,0.001685
179.1,0.000945
179.133333,0.0008375
179.166667,0.00081
179.2,0.00081
179.233333,0.00081
179.266667,0.00081
179.3,0.00081
179.333333,0.00081
179.366667,0.00081
179.4,0.00081
179.433333,0.00081
179.466667,0.00081
179.5,0.00081
179.533333,0.00081
179.566667,0.00081
179.6,0.00081
179.633333,0.00081
179.666667,0.00081
179.7,0.00081
179.733333,0.00081
179.766667,0.00081
179.8,0.00081
179.833333,0.00081
179.866667,0.00081
179.9,0.00081
179.933333,0.00081
179.966667,0.00081
180,0.0078675
180.033333,0.007585
180.066667,0.001685
180.1,0.000945
180.133333,0.0008375
180.166667,0.00081
180.2,0.00081
180.233333,0.00081
180.266667,0.00081
180.3,0.00081
180.333333,0.00081
180.366667,0.00081
180.4,0.00081
180.433333,0.00081
180.466667,0.00081
180.5,0.00081
180.533333,0.00081
180.566667,0.00081
180.6,0.00081
180.633333,0.00081
180.666667,0.00081
180.7,0.00081
180.733333,0.00081
180.766667,0.00081
180.8,0.00081
180.833333,0.00081
180.866667,0.00081
180.9,0.00081
180.933333,0.00081
180.966667,0.00081
181,0.0078675
181.033333,0.007585
181.066667,0.001685
181.1,0.000945
181.133333,0.0008375
181.166667,0.00081
181.2,0.00081
181.233333,0.00081
181.266667,16.1631
181.3,0.001605
181.333333,0.000975
181.366667,0.00089
181.4,0.00087
181.433333,0.00087
181.466667,0.00087
181.5,0.00087
181.533333,0.00087
181.566667,0.00087
181.6,0.00087
181.633333,0.00087
181.666667,0.00087
181.7,0.00087
181.733333,0.00087
181.766667,0.00087
181.8,0.00087
181.833333,0.00087
181.866667,0.00087
181.9,0.00087
181.933333,0.00087
181.966667,0.00087
182,0.008195
182.033333,0.0072725
182.066667,0.001775
182.1,0.001025
182.133333,0.0008975
182.166667,0.00087
182.2,0.00087
182.233333,0.00087
182.266667,0.00087
182.3,0.00087
182.333333,0.00087
182.366667,0.00087
182.4,0.00087
182.433333,0.00087
182.466667,0.00087
182.5,0.00087
182.533333,0.00087
182.566667,0.00087
182.6,0.00087
182.633333,0.00087
182.666667,0.00087
182.7,0.00087
182.733333,0.00087
182.766667,0.00087
182.8,0.00087
182.833333,0.00087
182.866667,0.00087
182.9,0.00087
182.933333,0.00087
182.966667,0.00087
183,0.007565
183.033333,0.0072725
183.066667,0.001775
183.1,0.001025
183.133333,0.0008975
183.166667,0.00087
183.2,0.00087
183.233333,0.00087
183.266667,0.00087
183.3,0.00087
183.333333,0.00087
183.366667,0.00087
183.4,0.00087
183.433333,0.00087
183.466667,0.00087
183.5,0.00087
183.533333,0.00087
183.566667,0.00087
183.6,0.00087
183.633333,0.00087
183.666667,0.00087
183.7,0.00087
183.733333,0.00087
183.766667,0.00087
183.8,0.00087
183.833333,0.00087
183.866667,0.00087
183.9,0.00087
183.933333,0.00087
183.966667,0.00087
184,0.007565
184.033333,0.0072725
184.066667,0.001775
184.1,0.001025
184.133333,0.0008975
184.166667,0.00087
184.2,0.00087
184.233333,0.00087
184.266667,0.00087
184.3,0.00087
184.333333,0.00087
184.366667,0.00087
184.4,0.00087
184.433333,0.00087
184.466667,0.00087
184.5,0.00087
184.533333,56.826
184.566667,0.00722
184.6,0.016925
184.633333,0.0546
184.666667,0.01057
184.7,0.0021475
184.733333,0.0012075
184.766667,0.0012075
184.8,0.00805
184.833333,0.07924
184.866667,0.023065
184.9,0.0069625
184.933333,0.0007475
184.966667,0.0023925
185,0.0814575
185.033333,0.0190675
185.066667,0.0251725
185.1,0.0090925
185.133333,0.0043875
185.166667,0.004065
185.2,0.0041225
185.233333,0.00385
185.266667,0.00383
185.3,0.00379
185.333333,0.00383
185.366667,0.003825
185.4,0.003795
185.433333,0.003825
185.466667,0.00383
185.5,0.00379
185.533333,0.00383
185.566667,0.003825
185.6,0.003795
185.633333,0.003825
185.666667,0.00383
185.7,0.00379
185.733333,0.00383
185.766667,0.003825
185.8,0.003795
185.833333,0.003825
185.866667,0.00383
185.9,0.00379
185.933333,0.00383
185.966667,0.003825
186,0.0362675
186.033333,0.031025
186.066667,0.0096075
186.1,0.005155
186.133333,0.004455
186.166667,0.0042
186.2,0.00412
186.233333,0.00412
186.266667,0.004085
186.3,0.00412
186.333333,0.00412
186.366667,0.004085
186.4,0.00412
186.433333,0.00412
186.466667,0.004085
186.5,0.00412
186.533333,0.00412
186.566667,0.004085
186.6,0.00412
186.633333,0.00412
186.666667,0.004085
186.7,0.00412
186.733333,0.00412
186.766667,0.004085
186.8,0.00412
186.833333,0.00412
186.866667,0.004085
186.9,0.00412
186.933333,0.00412
186.966667,0.004085
187,0.0326775
187.033333,0.031025
187.066667,0.0096075
187.1,0.005155
187.133333,0.004455
187.166667,0.0042
187.2,0.00412
187.233333,0.00412
187.266667,0.004085
187.3,0.00412
187.333333,0.00412
187.366667,0.004085
187.4,0.00412
187.433333,0.00412
187.466667,0.004085
187.5,0.00412
187.533333,0.00412
187.566667,49.9513
187.6,0.004925
187.633333,0.0012325
187.666667,0.00086
187.7,0.00078
187.733333,0.00076
187.766667,0.00076
187.8,0.00076
187.833333,0.00076
187.866667,0.00076
187.9,0.00076
187.933333,0.00076
187.966667,0.00076
188,0.005575
188.033333,0.00506
188.066667,0.001195
188.1,0.00082
188.133333,0.00072
188.166667,0.0007
188.2,0.0007
188.233333,0.0007
188.266667,0.0007
188.3,0.0007
188.333333,0.0007
188.366667,0.0007
188.4,0.0007
188.433333,0.0007
188.466667,0.0007
188.5,0.0007
188.533333,0.0007
188.566667,0.0007
188.6,0.0007
188.633333,0.0007
188.666667,0.0007
188.7,0.0007
188.733333,0.0007
188.766667,0.0007
188.8,0.0007
188.833333,0.0007
188.866667,0.0007
188.9,0.0007
188.933333,0.0007
188.966667,0.0007
189,0.005185
189.033333,0.00506
189.066667,0.001195
189.1,0.00082
189.133333,0.00072
189.166667,0.0007
189.2,0.0007
189.233333,0.0007
189.266667,0.0007
189.3,0.0007
189.333333,0.0007
189.366667,0.0007
189.4,0.0007
189.433333,0.0007
189.466667,0.0007
189.5,0.0007
189.533333,0.0007
189.566667,0.0007
189.6,0.0007
189.633333,0.0007
189.666667,0.0007
189.7,0.0007
189.733333,0.0007
189.766667,0.0007
189.8,0.0007
189.833333,0.0007
189.866667,0.0007
189.9,0.0007
189.933333,0.0007
189.966667,0.0007
190,0.005185
190.033333,0.00506
190.066667,0.001195
190.1,0.00082
190.133333,0.00072
190.166667,0.0007
190.2,0.0007
190.233333,0.0007
190.266667,0.0007
190.3,0.0007
190.333333,0.0007
190.366667,0.0007
190.4,0.0007
190.433333,0.0007
190.466667,0.0007
190.5,0.0007
190.533333,0.0007
190.566667,0.0007
190.6,0.0007
190.633333,0.0007
190.666667,0.0007
190.7,0.0007
190.733333,0.0007
190.766667,0.0007
190.8,0.0007
190.833333,0.0007
190.866667,0.0007
190.9,0.0007
190.933333,0.0007
190.966667,0.0007
191,0.005185
191.033333,0.00506
191.066667,0.001195
191.1,0.00082
191.133333,0.00072
191.166667,0.0007
191.2,0.0007
191.233333,0.0007
191.266667,0.0007
191.3,0.0007
191.333333,0.0007
191.366667,0.0007
191.4,0.0007
191.433333,0.0007
191.466667,0.0007
191.5,0.0007
191.533333,0.0007
191.566667,0.0007
191.6,0.0007
191.633333,0.0007
191.666667,0.0007
191.7,0.0007
191.733333,0.0007
191.766667,0.0007
191.8,0.0007
191.833333,0.0007
191.866667,0.0007
191.9,0.0007
191.933333,0.0007
191.966667,0.0007
192,0.005185
192.033333,0.00506
192.066667,0.001195
192.1,0.00082
192.133333,0.00072
192.166667,0.0007
192.2,0.0007
192.233333,0.0007
192.266667,0.0007
192.3,0.0007
192.333333,0.0007
192.366667,0.0007
192.4,0.0007
192.433333,0.0007
192.466667,0.0007
192.5,0.0007
192.533333,0.0007
192.566667,0.0007
192.6,0.0007
192.633333,0.0007
192.666667,0.0007
192.7,0.0007
192.733333,0.0007
192.766667,0.0007
192.8,0.0007
192.833333,0.0007
192.866667,0.0007
192.9,0.0007
192.933333,0.0007
192.966667,0.0007
193,0.005185
193.033333,0.00506
193.066667,0.001195
193.1,0.00082
193.133333,0.00072
193.166667,0.0007
193.2,0.0007
193.233333,0.0007
193.266667,0.0007
193.3,0.0007
193.333333,0.0007
193.366667,0.0007
193.4,0.0007
193.433333,0.0007
193.466667,0.0007
193.5,0.0007
193.533333,0.0007
193.566667,0.0007
193.6,0.0007
193.633333,0.0007
193.666667,0.0007
193.7,0.0007
193.733333,0.0007
193.766667,0.0007
193.8,0.0007
193.833333,0.0007
193.866667,0.0007
193.9,0.0007
193.933333,0.0007
193.966667,0.0007
194,0.005185
194.033333,0.00506
194.066667,0.001195
194.1,0.00082
194.133333,0.00072
194.166667,0.0007
194.2,0.0007
194.233333,0.0007
194.266667,0.0007
194.3,0.0007
194.333333,0.0007
194.366667,0.0007
194.4,0.0007
194.433333,0.0007
194.466667,0.0007
194.5,0.0007
194.533333,0.0007
194.566667,0.0007
194.6,0.0007
194.633333,0.0007
194.666667,0.0007
194.7,0.0007
194.733333,0.0007
194.766667,0.0007
194.8,0.0007
194.833333,0.0007
194.866667,0.0007
194.9,0.0007
194.933333,0.0007
194.966667,0.0007
195,0.005185
195.033333,0.00506
195.066667,0.001195
195.1,0.00082
195.133333,0.00072
195.166667,0.0007
195.2,0.0007
195.233333,0.0007
195.266667,0.0007
195.3,0.0007
195.333333,0.0007
195.366667,0.0007
195.4,0.0007
195.433333,0.0007
195.466667,0.0007
195.5,0.0007
195.533333,0.0007
195.566667,0.0007
195.6,0.0007
195.633333,0.0007
195.666667,0.0007
195.7,0.0007
195.733333,0.0007
195.766667,0.0007
195.8,0.0007
195.833333,0.0007
195.866667,0.0007
195.9,0.0007
195.933333,0.0007
195.966667,0.0007
196,0.005185
196.033333,0.00506
196.066667,0.001195
196.1,0.00082
196.133333,0.00072
196.166667,0.0007
196.2,0.0007
196.233333,0.0007
196.266667,0.0007
196.3,0.0007
196.333333,0.0007
196.366667,0.0007
196.4,0.0007
196.433333,0.0007
196.466667,0.0007
196.5,0.0007
196.533333,0.0007
196.566667,0.0007
196.6,0.0007
196.633333,0.0007
196.666667,0.0007
196.7,0.0007
196.733333,0.0007
196.766667,0.0007
196.8,0.0007
196.833333,0.0007
196.866667,0.0007
196.9,0.0007
196.933333,0.0007
196.966667,0.0007
197,0.005185
197.033333,0.00506
197.066667,0.001195
197.1,0.00082
197.133333,0.00072
197.166667,0.0007
197.2,0.0007
197.233333,0.0007
197.266667,0.0007
197.3,0.0007
197.333333,0.0007
197.366667,0.0007
197.4,0.0007
197.433333,0.0007
197.466667,0.0007
197.5,0.0007
197.533333,0.0007
197.566667,0.0007
197.6,0.0007
197.633333,0.0007
197.666667,0.0007
197.7,0.0007
197.733333,0.0007
197.766667,0.0007
197.8,0.0007
197.833333,0.0007
197.866667,0.0007
197.9,0.0007
197.933333,0.0007
197.966667,0.0007
198,0.005185
198.033333,0.00506
198.066667,0.001195
198.1,0.00082
198.133333,0.00072
198.166667,0.0007
198.2,0.0007
198.233333,0.0007
198.266667,0.0007
198.3,0.0007
198.333333,0.0007
198.366667,0.0007
198.4,0.0007
198.433333,0.0007
198.466667,0.0007
198.5,0.0007
198.533333,0.0007
198.566667,0.0007
198.6,0.0007
198.633333,0.0007
198.666667,0.0007
198.7,0.0007
198.733333,0.0007
198.766667,0.0007
198.8,0.0007
198.833333,0.0007
198.866667,0.0007
198.9,0.0007
198.933333,0.0007
198.966667,0.0007
199,0.005185
199.033333,0.00506
199.066667,0.001195
199.1,0.00082
199.133333,0.00072
199.166667,0.0007
199.2,0.0007
199.233333,0.0007
199.266667,0.0007
199.3,0.0007
199.333333,3.62402
199.366667,0.0050825
199.4,0.0014525
199.433333,0.0009375
199.466667,0.00081
199.5,0.000805
199.533333,0.0008
199.566667,0.0008
199.6,0.0008
199.633333,0.0008
199.666667,0.0008
199.7,0.0008
199.733333,0.0008
199.766667,0.0008
199.8,0.0008
199.833333,0.0008
199.866667,0.0008
199.9,0.0008
199.933333,0.0008
199.966667,0.0008
200,0.00912
200.033333,0.0069325
200.066667,0.0017525
200.1,0.001
200.133333,0.00083
200.166667,0.000805
200.2,0.0008
200.233333,0.0008
200.266667,0.0008
200.3,0.0008
200.333333,0.0008
200.366667,0.0008
200.4,0.0008
200.433333,0.0008
200.466667,0.0008
200.5,0.0008
200.533333,0.0008
200.566667,0.0008
200.6,0.0008
200.633333,0.0008
200.666667,0.0008
200.7,0.0008
200.733333,0.0008
200.766667,0.0008
200.8,0.0008
200.833333,0.0008
200.866667,0.0008
200.9,0.0008
200.933333,0.0008
200.966667,0.0008
201,0.00722
201.033333,0.0069325
201.066667,0.0017525
201.1,0.001
201.133333,0.00083
201.166667,0.000805
201.2,0.0008
201.233333,0.0008
201.266667,0.0008
201.3,0.0008
201.333333,0.0008
201.366667,0.0008
201.4,0.0008
201.433333,0.0008
201.466667,0.0008
201.5,0.0008
201.533333,0.0008
201.566667,0.0008
201.6,0.0008
201.633333,0.0008
201.666667,0.0008
201.7,0.0008
201.733333,0.0008
201.766667,0.0008
201.8,0.0008
201.833333,0.0008
201.866667,0.0008
201.9,0.0008
201.933333,0.0008
201.966667,0.0008
202,0.00722
202.033333,0.0069325
202.066667,0.0017525
202.1,0.001
202.133333,0.00083
202.166667,0.000805
202.2,0.0008
202.233333,0.0008
202.266667,0.0008
202.3,0.0008
202.333333,0.0008
202.366667,0.0008
202.4,0.0008
202.433333,0.0008
202.466667,0.0008
202.5,0.0008
202.533333,0.0008
202.566667,0.0008
202.6,0.0008
202.633333,0.0008
202.666667,0.0008
202.7,0.0008
202.733333,0.0008
202.766667,0.0008
202.8,0.0008
202.833333,0.0008
202.866667,0.0008
202.9,0.0008
202.933333,0.0008
202.966667,0.0008
203,0.00722
203.033333,0.0069325
203.066667,0.0017525
203.1,0.001
203.133333,0.00083
203.166667,0.000805
203.2,0.0008
203.233333,0.0008
203.266667,0.0008
203.3,0.0008
203.333333,0.0008
203.366667,0.0008
203.4,0.0008
203.433333,0.0008
203.466667,0.0008
203.5,0.0008
203.533333,0.0008
203.566667,0.0008
203.6,0.0008
203.633333,0.0008
203.666667,0.0008
203.7,0.0008
203.733333,0.0008
203.766667,0.0008
203.8,27.4066
203.833333,0.00082
203.866667,0.00025
203.9,0.000145
203.933333,0.00012
203.966667,0.0001
204,0.001605
204.033333,0.0008975
204.066667,0.000265
204.1,0.000145
204.133333,0.00014
204.166667,0.00012
204.2,0.00014
204.233333,0.00014
204.266667,0.00012
204.3,0.00014
204.333333,0.00014
204.366667,0.00012
204.4,0.00014
204.433333,0.00014
204.466667,0.00012
204.5,0.00014
204.533333,0.00014
204.566667,0.00012
204.6,0.00014
204.633333,0.00014
204.666667,0.00012
204.7,0.00014
204.733333,0.00014
204.766667,0.00012
204.8,0.00014
204.833333,0.00014
204.866667,0.00012
204.9,0.00014
204.933333,0.00014
204.966667,0.00012
205,0.0009125
205.033333,0.0008975
205.066667,0.000265
205.1,0.000145
205.133333,0.00014
205.166667,0.00012
205.2,0.00014
205.233333,0.00014
205.266667,0.00012
205.3,0.00014
205.333333,0.00014
205.366667,0.00012
205.4,0.00014
205.433333,0.00014
205.466667,0.00012
205.5,0.00014
205.533333,0.00014
205.566667,0.00012
205.6,0.00014
205.633333,0.00014
205.666667,0.00012
205.7,0.00014
205.733333,0.00014
205.766667,0.00012
205.8,0.00014
205.833333,0.00014
205.866667,0.00012
205.9,0.00014
205.933333,0.00014
205.966667,0.00012
206,0.0009125
206.033333,0.0008975
206.066667,0.000265
206.1,0.000145
206.133333,0.00014
206.166667,0.00012
206.2,0.00014
206.233333,0.00014
206.266667,0.00012
206.3,0.00014
206.333333,0.00014
206.366667,0.00012
206.4,0.00014
206.433333,0.00014
206.466667,0.00012
206.5,0.00014
206.533333,0.00014
206.566667,0.00012
206.6,0.00014
206.633333,0.00014
206.666667,0.00012
206.7,0.00014
206.733333,0.00014
206.766667,0.00012
206.8,0.00014
206.833333,0.00014
206.866667,0.00012
206.9,0.00014
206.933333,0.00014
206.966667,0.00012
207,0.0009125
207.033333,0.0008975
207.066667,0.000265
207.1,0.000145
207.133333,0.00014
207.166667,0.00012
207.2,0.00014
207.233333,0.00014
207.266667,0.00012
207.3,0.00014
207.333333,0.00014
207.366667,0.00012
207.4,0.00014
207.433333,0.00014
207.466667,0.00012
207.5,0.00014
207.533333,0.00014
207.566667,0.00012
207.6,0.00014
207.633333,0.00014
207.666667,0.00012
207.7,0.00014
207.733333,0.00014
207.766667,0.00012
207.8,0.00014
207.833333,0.00014
207.866667,0.00012
207.9,0.00014
207.933333,0.00014
207.966667,0.00012
208,0.0009125
208.033333,0.0008975
208.066667,0.000265
208.1,0.000145
208.133333,0.00014
208.166667,0.00012
208.2,0.00014
208.233333,0.00014
208.266667,22.442
208.3,2.5
208.333333,0
208.366667,0
208.4,0
208.433333,0
208.466667,0
208.5,0
208.533333,0
208.566667,0
208.6,0
208.633333,0
208.666667,0
208.7,0
208.733333,0
208.766667,0
208.8,0
208.833333,0
208.866667,0
208.9,0
208.933333,0
208.966667,0
209,0
209.033333,0
209.066667,0
209.1,0
209.133333,0
209.166667,0
209.2,0
209.233333,0
209.266667,0
209.3,0
209.333333,0
209.366667,0
209.4,0
209.433333,0
209.466667,0
209.5,0
209.533333,0
209.566667,0
209.6,0
209.633333,0
209.666667,0
209.7,0
209.733333,0
209.766667,0
209.8,0
209.833333,0
209.866667,0
209.9,0
209.933333,0
209.966667,0
210,0
210.033333,0
210.066667,0
210.1,0
210.133333,0
210.166667,0
210.2,0
210.233333,0
210.266667,0
210.3,0
210.333333,0
210.366667,0
210.4,0
210.433333,0
210.466667,0
210.5,0
210.533333,0
210.566667,0
210.6,0
210.633333,0
210.666667,0
210.7,0
210.733333,0
210.766667,0
210.8,0
210.833333,0
210.866667,0
210.9,0
210.933333,0
210.966667,0
211,0
211.033333,0
211.066667,0
211.1,0
211.133333,0
211.166667,0
211.2,0
211.233333,0
211.266667,0
211.3,0
211.333333,0
211.366667,0
211.4,0
211.433333,0
211.466667,0
211.5,0
211.533333,0
211.566667,0
211.6,0
211.633333,0
211.666667,0
211.7,0
211.733333,0
211.766667,0
211.8,0
211.833333,0
211.866667,0
211.9,0
211.933333,0
211.966667,0
212,0
212.033333,0
212.066667,0
212.1,0
212.133333,0
212.166667,0
212.2,0
212.233333,0
212.266667,0
212.3,0
212.333333,0
212.366667,0
212.4,0
212.433333,0
212.466667,0
212.5,0
212.533333,0
212.566667,0
212.6,0
212.633333,0
212.666667,0
212.7,0
212.733333,0
212.766667,0
212.8,0
212.833333,0
212.866667,0
212.9,0
212.933333,0
212.966667,0
213,0
213.033333,0
213.066667,0
213.1,0
213.133333,0
213.166667,0
213.2,0
213.233333,0
213.266667,0
213.3,0
213.333333,0
213.366667,0
213.4,0
213.433333,0
213.466667,0
213.5,0
213.533333,0
213.566667,0
213.6,0
213.633333,0
213.666667,0
213.7,0
213.733333,0
213.766667,0
213.8,0
213.833333,0
213.866667,0
213.9,0
213.933333,0
213.966667,0
214,0
214.033333,0
214.066667,0
214.1,0
214.133333,0
214.166667,0
214.2,0
214.233333,0
214.266667,0
214.3,0
214.333333,0
214.366667,0
214.4,0
214.433333,0
214.466667,0
214.5,0
214.533333,0
214.566667,0
214.6,0
214.633333,0
214.666667,0
214.7,0
214.733333,0
214.766667,0
214.8,0
214.833333,0
214.866667,0
214.9,0
214.933333,0
214.966667,0
215,0
215.033333,0
215.066667,0
215.1,0
215.133333,0
215.166667,0
215.2,0
215.233333,0
215.266667,0
215.3,0
215.333333,0
215.366667,0
215.4,0
215.433333,0
215.466667,0
215.5,0
215.533333,0
215.566667,0
215.6,0
215.633333,0
215.666667,0
215.7,0
215.733333,0
215.766667,0
215.8,0
215.833333,0
215.866667,0
215.9,0
215.933333,0
215.966667,0
216,0
216.033333,0
216.066667,0
216.1,0
216.133333,0
216.166667,0
216.2,5.6
216.233333,0
216.266667,0
216.3,0
216.333333,0
216.366667,0
216.4,0
216.433333,0
216.466667,0
216.5,0
216.533333,0
216.566667,0
216.6,0
216.633333,0
216.666667,0
216.7,0
216.733333,0
216.766667,0
216.8,0
216.833333,0
216.866667,0
216.9,0
216.933333,0
216.966667,0
217,0
217.033333,0
217.066667,0
217.1,0
217.133333,0
217.166667,0
217.2,0
217.233333,0
217.266667,0
217.3,0
217.333333,0
217.366667,0
217.4,0
217.433333,0
217.466667,0
217.5,0
217.533333,0
217.566667,0
217.6,0
217.633333,0
217.666667,0
217.7,0
217.733333,0
217.766667,0
217.8,0
217.833333,0
217.866667,0
217.9,0
217.933333,0
217.966667,0
218,0
218.033333,0
218.066667,0
218.1,0
218.133333,0
218.166667,0
218.2,0
218.233333,0
218.266667,0
218.3,0
218.333333,0
218.366667,0
218.4,0
218.433333,0
218.466667,0
218.5,0
218.533333,0
218.566667,0
218.6,0
218.633333,0
218.666667,0
218.7,0
218.733333,0
218.766667,0
218.8,0
218.833333,0
218.866667,0
218.9,0
218.933333,0
218.966667,0
219,0
219.033333,0
219.066667,0
219.1,0
219.133333,0
219.166667,0
219.2,0
219.233333,0
219.266667,0
219.3,0
219.333333,0
219.366667,0
219.4,0
219.433333,0
219.466667,0
219.5,0
219.533333,0
219.566667,0
219.6,0
219.633333,0
219.666667,0.118035
219.7,0.106823
219.733333,0.109885
219.766667,0.0781975
219.8,0.170755
219.833333,0.246092
219.866667,0.0901525
219.9,0.207203
219.933333,0.142313
219.966667,0.14511
220,0.176545
220.033333,0.06069
220.066667,0.069195
220.1,0.0548225
220.133333,0.240723
220.166667,0.324965
220.2,0.13276
220.233333,0.35036
220.266667,0.204857
220.3,0.20055
220.333333,0.249312
220.366667,0.056835
220.4,0.0766225
220.433333,0.0589275
220.466667,0.0725625
220.5,0.0822575
220.533333,0.05749
220.566667,0.043965
220.6,0.0441675
220.633333,0.05093
220.666667,0.063
220.7,0.0572725
220.733333,0.0439675
220.766667,0.0418375
220.8,0.0449575
220.833333,0.0412325
220.866667,0.0271175
220.9,0.0382225
220.933333,0.02706
220.966667,0.0290875
221,0.05552
221.033333,0.05016
221.066667,0.006795
221.1,0.00108
221.133333,0.00085
221.166667,0.0008
221.2,0.0008
221.233333,0.0008
221.266667,0.0008
221.3,0.0008
221.333333,0.0008
221.366667,0.0008
221.4,0.0008
221.433333,0.0008
221.466667,0.0008
221.5,0.0008
221.533333,0.0008
221.566667,0.0008
221.6,0.0008
221.633333,0.0008
221.666667,0.0008
221.7,0.0008
221.733333,0.0008
221.766667,0.0008
221.8,0.0008
221.833333,0.0008
221.866667,0.0008
221.9,0.0008
221.933333,0.0008
221.966667,0.0008
222,0.0094025
222.033333,0.0090475
222.066667,0.00201
222.1,0.001015
222.133333,0.000865
222.166667,0.00082
222.2,0.00082
222.233333,0.00082
222.266667,0.00082
222.3,0.00082
222.333333,0.00082
222.366667,0.00082
222.4,0.00082
222.433333,0.00082
222.466667,0.00082
222.5,0.00082
222.533333,0.00082
222.566667,0.00082
222.6,0.00082
222.633333,0.00082
222.666667,0.00082
222.7,0.00082
222.733333,0.00082
222.766667,0.00082
222.8,0.00082
222.833333,0.00082
222.866667,0.00082
222.9,0.00082
222.933333,0.00082
222.966667,0.00082
223,0.0092025
223.033333,0.0090475
223.066667,0.00201
223.1,0.001015
223.133333,0.000865
223.166667,0.00082
223.2,0.00082
223.233333,0.00082
223.266667,0.00082
223.3,0.00082
223.333333,0.00082
223.366667,0.00082
223.4,0.00082
223.433333,0.00082
223.466667,0.00082
223.5,0.00082
223.533333,0.00082
223.566667,0.00082
223.6,0.00082
223.633333,0.00082
223.666667,0.00082
223.7,0.00082
223.733333,0.00082
223.766667,0.00082
223.8,0.00082
223.833333,0.00082
223.866667,0.00082
223.9,0.00082
223.933333,0.00082
223.966667,0.00082
224,0.0092025
224.033333,0.0090475
224.066667,0.00201
224.1,0.001015
224.133333,0.000865
224.166667,0.00082
224.2,0.00082
224.233333,0.00082
224.266667,0.00082
224.3,0.00082
224.333333,0.00082
224.366667,0.00082
224.4,0.00082
224.433333,0.00082
224.466667,0.00082
224.5,0.00082
224.533333,0.00082
224.566667,29.164
224.6,0.0062575
224.633333,0.001325
224.666667,0.00068
224.7,0.000625
224.733333,0.00062
224.766667,0.000625
224.8,0.000625
224.833333,0.00062
224.866667,0.000625
224.9,0.000625
224.933333,0.00062
224.966667,0.000625
225,0.0100375
225.033333,0.0063225
225.066667,0.001245
225.1,0.00053
225.133333,0.00052
225.166667,0.0005
225.2,0.000505
225.233333,0.000505
225.266667,0.0005
225.3,0.000505
225.333333,0.000505
225.366667,0.0005
225.4,0.000505
225.433333,0.000505
225.466667,0.0005
225.5,0.000505
225.533333,0.000505
225.566667,0.0005
225.6,0.000505
225.633333,0.000505
225.666667,0.0005
225.7,0.000505
225.733333,0.000505
225.766667,0.0005
225.8,0.000505
225.833333,0.000505
225.866667,0.0005
225.9,0.000505
225.933333,0.000505
225.966667,0.0005
226,0.0063775
226.033333,0.0063225
226.066667,0.001245
226.1,0.00053
226.133333,0.00052
226.166667,0.0005
226.2,0.000505
226.233333,0.000505
226.266667,0.0005
226.3,0.000505
226.333333,0.000505
226.366667,0.0005
226.4,0.000505
226.433333,0.000505
226.466667,0.0005
226.5,0.000505
226.533333,0.000505
226.566667,0.0005
226.6,0.000505
226.633333,0.000505
226.666667,0.0005
226.7,0.000505
226.733333,0.000505
226.766667,0.0005
226.8,0.000505
226.833333,0.000505
226.866667,0.0005
226.9,0.000505
226.933333,0.000505
226.966667,0.0005
227,0.0063775
227.033333,0.0063225
227.066667,0.001245
227.1,0.00053
227.133333,0.00052
227.166667,0.0005
227.2,0.000505
227.233333,0.000505
227.266667,0.0005
227.3,0.000505
227.333333,0.000505
227.366667,0.0005
227.4,0.000505
227.433333,0.000505
227.466667,0.0005
227.5,0.000505
227.533333,0.000505
227.566667,0.0005
227.6,0.000505
227.633333,0.000505
227.666667,0.0005
227.7,0.000505
227.733333,0.000505
227.766667,0.0005
227.8,0.000505
227.833333,0.000505
227.866667,0.0005
227.9,0.000505
227.933333,0.000505
227.966667,0.0005
228,0.0063775
228.033333,0.0063225
228.066667,0.001245
228.1,0.00053
228.133333,0.00052
228.166667,0.0005
228.2,0.000505
228.233333,0.000505
228.266667,0.0005
228.3,0.000505
228.333333,0.000505
228.366667,0.0005
228.4,0.000505
228.433333,0.000505
228.466667,0.0005
228.5,0.000505
228.533333,0.000505
228.566667,0.0005
228.6,0.000505
228.633333,0.000505
228.666667,0.0005
228.7,0.000505
228.733333,0.000505
228.766667,0.0005
228.8,0.000505
228.833333,0.000505
228.866667,0.0005
228.9,0.000505
228.933333,0.000505
228.966667,0.0005
229,0.0063775
229.033333,0.0063225
229.066667,0.001245
229.1,0.00053
229.133333,0.00052
229.166667,0.0005
229.2,0.000505
229.233333,0.000505
229.266667,0.0005
229.3,0.000505
229.333333,0.000505
229.366667,0.0005
229.4,0.000505
229.433333,0.000505
229.466667,0.0005
229.5,0.000505
229.533333,0.000505
229.566667,0.0005
229.6,0.000505
229.633333,0.000505
229.666667,0.0005
229.7,0.000505
229.733333,0.000505
229.766667,0.0005
229.8,0.000505
229.833333,0.000505
229.866667,0.0005
229.9,0.000505
229.933333,0.000505
229.966667,0.0005
230,0.0063775
230.033333,0.0063225
230.066667,0.001245
230.1,0.00053
230.133333,0.00052
230.166667,0.0005
230.2,0.000505
230.233333,0.000505
230.266667,0.0005
230.3,0.000505
230.333333,0.000505
230.366667,0.0005
230.4,0.000505
230.433333,0.000505
230.466667,0.0005
230.5,0.000505
230.533333,0.000505
230.566667,0.0005
230.6,0.000505
230.633333,0.000505
230.666667,0.0005
230.7,0.000505
230.733333,0.000505
230.766667,0.0005
230.8,0.000505
230.833333,0.000505
230.866667,0.0005
230.9,0.000505
230.933333,0.000505
230.966667,0.0005
231,0.0063775
231.033333,0.0063225
231.066667,0.001245
231.1,0.00053
231.133333,0.00052
231.166667,0.0005
231.2,0.000505
231.233333,0.000505
231.266667,0.0005
231.3,0.000505
231.333333,0.000505
231.366667,0.0005
231.4,0.000505
231.433333,0.000505
231.466667,0.0005
231.5,0.000505
231.533333,0.000505
231.566667,0.0005
231.6,0.000505
231.633333,0.000505
231.666667,0.0005
231.7,0.000505
231.733333,0.000505
231.766667,0.0005
231.8,0.000505
231.833333,0.000505
231.866667,0.0005
231.9,0.000505
231.933333,0.000505
231.966667,0.0005
232,0.0063775
232.033333,0.0063225
232.066667,0.001245
232.1,0.00053
232.133333,0.00052
232.166667,0.0005
232.2,0.000505
232.233333,0.000505
232.266667,0.0005
232.3,0.000505
232.333333,0.000505
232.366667,0.0005
232.4,0.000505
232.433333,0.000505
232.466667,0.0005
232.5,0.000505
232.533333,0.000505
232.566667,0.0005
232.6,0.000505
232.633333,0.000505
232.666667,0.0005
232.7,0.000505
232.733333,0.000505
232.766667,0.0005
232.8,0.000505
232.833333,0.000505
232.866667,0.0005
232.9,0.000505
232.933333,0.000505
232.966667,0.0005
233,0.0063775
233.033333,0.0063225
233.066667,0.001245
233.1,0.00053
233.133333,0.00052
233.166667,0.0005
233.2,0.000505
233.233333,0.000505
233.266667,0.0005
233.3,0.000505
233.333333,0.000505
233.366667,0.0005
233.4,0.000505
233.433333,0.000505
233.466667,0.0005
233.5,0.000505
233.533333,0.000505
233.566667,28.89
233.6,0.0058975
233.633333,0.001855
233.666667,0.00094
233.7,0.000835
233.733333,0.00078
233.766667,0.000815
233.8,0.000815
233.833333,0.00078
233.866667,0.000815
233.9,0.000815
233.933333,0.00078
233.966667,0.000815
234,0.00788
234.033333,0.006215
234.066667,0.0019
234.1,0.001025
234.133333,0.00089
234.166667,0.00084
234.2,0.000875
234.233333,0.000875
234.266667,0.00084
234.3,0.000875
234.333333,0.000875
234.366667,0.00084
234.4,0.000875
234.433333,0.000875
234.466667,0.00084
234.5,0.000875
234.533333,0.000875
234.566667,0.00084
234.6,0.000875
234.633333,0.000875
234.666667,0.00084
234.7,0.000875
234.733333,0.000875
234.766667,0.00084
234.8,0.000875
234.833333,0.000875
234.866667,0.00084
234.9,0.000875
234.933333,0.000875
234.966667,0.00084
235,0.006645
235.033333,0.006215
235.066667,0.0019
235.1,0.001025
235.133333,0.00089
235.166667,0.00084
235.2,0.000875
235.233333,0.000875
235.266667,0.00084
235.3,0.000875
235.333333,0.000875
235.366667,0.00084
235.4,0.000875
235.433333,0.000875
235.466667,0.00084
235.5,0.000875
235.533333,0.000875
235.566667,0.00084
235.6,0.000875
235.633333,0.000875
235.666667,0.00084
235.7,0.000875
235.733333,0.000875
235.766667,0.00084
235.8,0.000875
235.833333,0.000875
235.866667,0.00084
235.9,0.000875
235.933333,0.000875
235.966667,0.00084
236,0.006645
236.033333,0.006215
236.066667,0.0019
236.1,0.001025
236.133333,0.00089
236.166667,0.00084
236.2,0.000875
236.233333,0.000875
236.266667,0.00084
236.3,0.000875
236.333333,0.000875
236.366667,0.00084
236.4,0.000875
236.433333,0.000875
236.466667,0.00084
236.5,0.000875
236.533333,0.000875
236.566667,0.00084
236.6,0.000875
236.633333,0.000875
236.666667,0.00084
236.7,0.000875
236.733333,0.000875
236.766667,0.00084
236.8,0.000875
236.833333,0.000875
236.866667,0.00084
236.9,0.000875
236.933333,0.000875
236.966667,0.00084
237,0.006645
237.033333,0.006215
237.066667,0.0019
237.1,0.001025
237.133333,0.00089
237.166667,0.00084
237.2,0.000875
237.233333,0.000875
237.266667,0.00084
237.3,0.000875
237.333333,0.000875
237.366667,0.00084
237.4,0.000875
237.433333,0.000875
237.466667,0.00084
237.5,0.000875
237.533333,0.000875
237.566667,0.00084
237.6,0.000875
237.633333,0.000875
237.666667,0.00084
237.7,0.000875
237.733333,0.000875
237.766667,0.00084
237.8,0.000875
237.833333,0.000875
237.866667,0.00084
237.9,0.000875
237.933333,0.000875
237.966667,0.00084
238,0.006645
238.033333,0.006215
238.066667,0.0019
238.1,0.001025
238.133333,0.00089
238.166667,0.00084
238.2,0.000875
238.233333,0.000875
238.266667,0.00084
238.3,0.000875
238.333333,0.000875
238.366667,0.00084
238.4,0.000875
238.433333,0.000875
238.466667,0.00084
238.5,0.000875
238.533333,0.000875
238.566667,0.00084
238.6,0.000875
238.633333,0.000875
238.666667,0.00084
238.7,0.000875
238.733333,0.000875
238.766667,0.00084
238.8,0.000875
238.833333,0.000875
238.866667,0.00084
238.9,0.000875
238.933333,0.000875
238.966667,0.00084
239,0.006645
239.033333,0.006215
239.066667,0.0019
239.1,0.001025
239.133333,0.00089
239.166667,0.00084
239.2,0.000875
239.233333,0.000875
239.266667,0.00084
239.3,0.000875
239.333333,0.000875
239.366667,0.00084
239.4,0.000875
239.433333,0.000875
239.466667,49.1883
239.5,0.0074525
239.533333,0.015145
239.566667,0.0566225
239.6,0.01101
239.633333,0.002435
239.666667,0.0011325
239.7,0.0011875
239.733333,0.0073575
239.766667,0.0829275
239.8,0.024155
239.833333,0.0078
239.866667,0.000835
239.9,0.0027175
239.933333,0.001855
239.966667,0.0056025
240,0.0809825
240.033333,0.0335525
240.066667,0.0111175
240.1,0.0058625
240.133333,0.00492
240.166667,0.00476
240.2,0.004725
240.233333,0.004735
240.266667,0.004695
240.3,0.00472
240.333333,0.00472
240.366667,0.004675
240.4,0.00472
240.433333,0.00472
240.466667,0.004675
240.5,0.00472
240.533333,0.00472
240.566667,0.004675
240.6,0.00472
240.633333,0.00472
240.666667,0.004675
240.7,0.00472
240.733333,0.00472
240.766667,0.004675
240.8,0.00472
240.833333,0.00472
240.866667,0.004675
240.9,0.00472
240.933333,0.00472
240.966667,0.004675
241,0.0357175
241.033333,0.0335525
241.066667,0.0111175
241.1,0.0058625
241.133333,0.00492
241.166667,0.00476
241.2,0.004725
241.233333,0.004735
241.266667,0.004695
241.3,0.00472
241.333333,0.00472
241.366667,0.004675
241.4,0.00472
241.433333,0.00472
241.466667,0.004675
241.5,0.00472
241.533333,0.00472
241.566667,0.004675
241.6,0.00472
241.633333,0.00472
241.666667,0.004675
241.7,0.00472
241.733333,0.00472
241.766667,0.004675
241.8,0.00472
241.833333,0.00472
241.866667,0.004675
241.9,0.00472
241.933333,0.00472
241.966667,0.004675
242,0.0357175
242.033333,0.0335525
242.066667,0.0111175
242.1,0.0058625
242.133333,0.00492
242.166667,0.00476
242.2,0.004725
242.233333,0.004735
242.266667,0.004695
242.3,0.00472
242.333333,0.00472
242.366667,0.004675
242.4,0.00472
242.433333,0.00472
242.466667,50.4583
242.5,0.0073975
242.533333,0.00225
242.566667,0.0010425
242.6,0.00093
242.633333,0.0009
242.666667,0.00088
242.7,0.00088
242.733333,0.00088
242.766667,0.00088
242.8,0.00088
242.833333,0.00088
242.866667,0.00088
242.9,0.00088
242.933333,0.00088
242.966667,0.00088
243,0.01221
243.033333,0.0081575
243.066667,0.0025225
243.1,0.001185
243.133333,0.000965
243.166667,0.00094
243.2,0.00092
243.233333,0.00092
243.266667,0.00092
243.3,0.00092
243.333333,0.00092
243.366667,0.00092
243.4,0.00092
243.433333,0.00092
243.466667,0.00092
243.5,0.00092
243.533333,0.00092
243.566667,0.00092
243.6,0.00092
243.633333,0.00092
243.666667,0.00092
243.7,0.00092
243.733333,0.00092
243.766667,0.00092
243.8,0.00092
243.833333,0.00092
243.866667,0.00092
243.9,0.00092
243.933333,0.00092
243.966667,0.00092
244,0.0084
244.033333,0.0081575
244.066667,0.0025225
244.1,0.001185
244.133333,0.000965
244.166667,0.00094
244.2,0.00092
244.233333,0.00092
244.266667,0.00092
244.3,0.00092
244.333333,0.00092
244.366667,0.00092
244.4,0.00092
244.433333,0.00092
244.466667,0.00092
244.5,0.00092
244.533333,0.00092
244.566667,0.00092
244.6,0.00092
244.633333,0.00092
244.666667,0.00092
244.7,0.00092
244.733333,0.00092
244.766667,0.00092
244.8,0.00092
244.833333,0.00092
244.866667,0.00092
244.9,0.00092
244.933333,0.00092
244.966667,0.00092
245,0.0084
245.033333,0.0081575
245.066667,0.0025225
245.1,0.001185
245.133333,0.000965
245.166667,0.00094
245.2,0.00092
245.233333,0.00092
245.266667,0.00092
245.3,0.00092
245.333333,0.00092
245.366667,0.00092
245.4,0.00092
245.433333,0.00092
245.466667,0.00092
245.5,0.00092
245.533333,0.00092
245.566667,0.00092
245.6,0.00092
245.633333,0.00092
245.666667,0.00092
245.7,0.00092
245.733333,0.00092
245.766667,0.00092
245.8,0.00092
245.833333,0.00092
245.866667,0.00092
245.9,0.00092
245.933333,0.00092
245.966667,0.00092
246,0.0084
246.033333,0.0081575
246.066667,0.0025225
246.1,0.001185
246.133333,0.000965
246.166667,0.00094
246.2,0.00092
246.233333,0.00092
246.266667,0.00092
246.3,0.00092
246.333333,0.00092
246.366667,0.00092
246.4,0.00092
246.433333,0.00092
246.466667,0.00092
246.5,0.00092
246.533333,0.00092
246.566667,0.00092
246.6,0.00092
246.633333,0.00092
246.666667,0.00092
246.7,0.00092
246.733333,0.00092
246.766667,0.00092
246.8,0.00092
246.833333,0.00092
246.866667,0.00092
246.9,0.00092
246.933333,0.00092
246.966667,0.00092
247,0.0084
247.033333,0.0081575
247.066667,0.0025225
247.1,0.001185
247.133333,0.000965
247.166667,0.00094
247.2,0.00092
247.233333,0.00092
247.266667,0.00092
247.3,0.00092
247.333333,0.00092
247.366667,0.00092
247.4,0.00092
247.433333,0.00092
247.466667,0.00092
247.5,0.00092
247.533333,0.00092
247.566667,0.00092
247.6,0.00092
247.633333,0.00092
247.666667,0.00092
247.7,0.00092
247.733333,0.00092
247.766667,0.00092
247.8,0.00092
247.833333,0.00092
247.866667,0.00092
247.9,0.00092
247.933333,0.00092
247.966667,0.00092
248,0.0084
248.033333,0.0081575
248.066667,0.0025225
248.1,0.001185
248.133333,0.000965
248.166667,0.00094
248.2,0.00092
248.233333,0.00092
248.266667,0.00092
248.3,0.00092
248.333333,0.00092
248.366667,0.00092
248.4,0.00092
248.433333,0.00092
248.466667,0.00092
248.5,0.00092
248.533333,0.00092
248.566667,0.00092
248.6,0.00092
248.633333,0.00092
248.666667,0.00092
248.7,0.00092
248.733333,0.00092
248.766667,0.00092
248.8,0.00092
248.833333,0.00092
248.866667,0.00092
248.9,0.00092
248.933333,0.00092
248.966667,0.00092
249,0.0084
249.033333,0.0081575
249.066667,0.0025225
249.1,0.001185
249.133333,0.000965
249.166667,0.00094
249.2,0.00092
249.233333,0.00092
249.266667,0.00092
249.3,0.00092
249.333333,0.00092
249.366667,0.00092
249.4,0.00092
249.433333,0.00092
249.466667,0.00092
249.5,0.00092
249.533333,0.00092
249.566667,0.00092
249.6,0.00092
249.633333,0.00092
249.666667,0.00092
249.7,0.00092
249.733333,0.00092
249.766667,0.00092
249.8,0.00092
249.833333,0.00092
249.866667,0.00092
249.9,0.00092
249.933333,0.00092
249.966667,0.00092
250,0.0084
250.033333,0.0081575
250.066667,0.0025225
250.1,0.001185
250.133333,0.000965
250.166667,0.00094
250.2,0.00092
250.233333,0.00092
250.266667,0.00092
250.3,0.00092
250.333333,0.00092
250.366667,0.00092
250.4,0.00092
250.433333,0.00092
250.466667,0.00092
250.5,0.00092
250.533333,0.00092
250.566667,0.00092
250.6,0.00092
250.633333,0.00092
250.666667,0.00092
250.7,0.00092
250.733333,0.00092
250.766667,0.00092
250.8,0.00092
250.833333,0.00092
250.866667,0.00092
250.9,0.00092
250.933333,0.00092
250.966667,0.00092
251,0.0084
251.033333,0.0081575
251.066667,0.0025225
251.1,0.001185
251.133333,0.000965
251.166667,0.00094
251.2,0.00092
251.233333,0.00092
251.266667,0.00092
251.3,0.00092
251.333333,0.00092
251.366667,0.00092
251.4,0.00092
251.433333,0.00092
251.466667,0.00092
251.5,0.00092
251.533333,0.00092
251.566667,0.00092
251.6,0.00092
251.633333,0.00092
251.666667,0.00092
251.7,0.00092
251.733333,0.00092
251.766667,0.00092
251.8,0.00092
251.833333,0.00092
251.866667,0.00092
251.9,0.00092
251.933333,0.00092
251.966667,0.00092
252,0.0084
252.033333,0.0081575
252.066667,0.0025225
252.1,0.001185
252.133333,0.000965
252.166667,0.00094
252.2,0.00092
252.233333,0.00092
252.266667,0.00092
252.3,0.00092
252.333333,0.00092
252.366667,0.00092
252.4,0.00092
252.433333,0.00092
252.466667,0.00092
252.5,0.00092
252.533333,0.00092
252.566667,0.00092
252.6,0.00092
252.633333,0.00092
252.666667,0.00092
252.7,0.00092
252.733333,0.00092
252.766667,0.00092
252.8,0.00092
252.833333,0.00092
252.866667,0.00092
252.9,0.00092
252.933333,0.00092
252.966667,0.00092
253,0.0084
253.033333,0.0081575
253.066667,0.0025225
253.1,0.001185
253.133333,0.000965
253.166667,0.00094
253.2,0.00092
253.233333,0.00092
253.266667,0.00092
253.3,0.00092
253.333333,0.00092
253.366667,0.00092
253.4,0.00092
253.433333,0.00092
253.466667,0.00092
253.5,0.00092
253.533333,0.00092
253.566667,0.00092
253.6,0.00092
253.633333,0.00092
253.666667,0.00092
253.7,0.00092
253.733333,8.57057
253.766667,0.001905
253.8,0.001215
253.833333,0.001065
253.866667,0.00103
253.9,0.001
253.933333,0.001
253.966667,0.001
254,0.00997
254.033333,0.0092425
254.066667,0.002815
254.1,0.00126
254.133333,0.001055
254.166667,0.001
254.2,0.00098
254.233333,0.00098
254.266667,0.00098
254.3,0.00098
254.333333,0.00098
254.366667,0.00098
254.4,0.00098
254.433333,0.00098
254.466667,0.00098
254.5,0.00098
254.533333,0.00098
254.566667,0.00098
254.6,0.00098
254.633333,0.00098
254.666667,0.00098
254.7,0.00098
254.733333,0.00098
254.766667,0.00098
254.8,0.00098
254.833333,0.00098
254.866667,0.00098
254.9,0.00098
254.933333,0.00098
254.966667,0.00098
255,0.0094675
255.033333,0.0092425
255.066667,0.002815
255.1,0.00126
255.133333,0.001055
255.166667,0.001
255.2,0.00098
255.233333,0.00098
255.266667,0.00098
255.3,0.00098
255.333333,0.00098
255.366667,0.00098
255.4,0.00098
255.433333,0.00098
255.466667,0.00098
255.5,0.00098
255.533333,0.00098
255.566667,0.00098
255.6,0.00098
255.633333,0.00098
255.666667,0.00098
255.7,0.00098
255.733333,0.00098
255.766667,0.00098
255.8,0.00098
255.833333,0.00098
255.866667,0.00098
255.9,0.00098
255.933333,0.00098
255.966667,0.00098
256,0.0094675
256.033333,0.0092425
256.066667,0.002815
256.1,0.00126
256.133333,0.001055
256.166667,0.001
256.2,0.00098
256.233333,0.00098
256.266667,0.00098
256.3,0.00098
256.333333,0.00098
256.366667,0.00098
256.4,0.00098
256.433333,0.00098
256.466667,0.00098
256.5,0.00098
256.533333,0.00098
256.566667,0.00098
256.6,0.00098
256.633333,0.00098
256.666667,0.00098
256.7,0.00098
256.733333,0.00098
256.766667,0.00098
256.8,0.00098
256.833333,0.00098
256.866667,0.00098
256.9,0.00098
256.933333,0.00098
256.966667,0.00098
257,0.0094675
257.033333,0.0092425
257.066667,0.002815
257.1,0.00126
257.133333,0.001055
257.166667,0.001
257.2,0.00098
257.233333,0.00098
257.266667,0.00098
257.3,0.00098
257.333333,0.00098
257.366667,0.00098
257.4,0.00098
257.433333,0.00098
257.466667,0.00098
257.5,0.00098
257.533333,0.00098
257.566667,0.00098
257.6,0.00098
257.633333,0.00098
257.666667,0.00098
257.7,0.00098
257.733333,0.00098
257.766667,0.00098
257.8,0.00098
257.833333,0.00098
257.866667,0.00098
257.9,0.00098
257.933333,0.00098
257.966667,0.00098
258,0.0094675
258.033333,0.0092425
258.066667,0.002815
258.1,0.00126
258.133333,0.001055
258.166667,0.001
258.2,0.00098
258.233333,0.00098
258.266667,0.00098
258.3,0.00098
258.333333,0.00098
258.366667,0.00098
258.4,0.00098
258.433333,0.00098
258.466667,0.00098
258.5,0.00098
258.533333,0.00098
258.566667,0.00098
258.6,0.00098
258.633333,0.00098
258.666667,0.00098
258.7,0.00098
258.733333,0.00098
258.766667,0.00098
258.8,0.00098
258.833333,0.00098
258.866667,0.00098
258.9,0.00098
258.933333,0.00098
258.966667,0.00098
259,0.0094675
259.033333,0.0092425
259.066667,0.002815
259.1,0.00126
259.133333,0.001055
259.166667,0.001
259.2,0.00098
259.233333,0.00098
259.266667,0.00098
259.3,0.00098
259.333333,0.00098
259.366667,0.00098
259.4,0.00098
259.433333,0.00098
259.466667,0.00098
259.5,0.00098
259.533333,0.00098
259.566667,0.00098
259.6,0.00098
259.633333,0.00098
259.666667,202.218
259.7,0.26212
259.733333,8.87578
259.766667,24.1379
259.8,37.7222
259.833333,37.0905
259.866667,0.0051025
259.9,0.00113
259.933333,0.000665
259.966667,0.0006
260,0.007975
260.033333,0.00559
260.066667,0.00106
260.1,0.0006325
260.133333,0.000575
260.166667,0.00055
260.2,0.000545
260.233333,0.00054
260.266667,0.00054
260.3,0.00054
260.333333,0.00054
260.366667,0.00054
260.4,0.00054
260.433333,0.00054
260.466667,0.00054
260.5,0.00054
260.533333,0.00054
260.566667,0.00054
260.6,0.00054
260.633333,0.00054
260.666667,0.00054
260.7,0.00054
260.733333,0.00054
260.766667,0.00054
260.8,0.00054
260.833333,0.00054
260.866667,0.00054
260.9,0.00054
260.933333,0.00054
260.966667,0.00054
261,0.0057475
261.033333,0.00559
261.066667,0.00106
261.1,0.0006325
261.133333,0.000575
261.166667,0.00055
261.2,0.000545
261.233333,0.00054
261.266667,0.00054
261.3,0.00054
261.333333,0.00054
261.366667,0.00054
261.4,0.00054
261.433333,0.00054
261.466667,0.00054
261.5,0.00054
261.533333,0.00054
261.566667,0.00054
261.6,0.00054
261.633333,0.00054
261.666667,0.00054
261.7,0.00054
261.733333,0.00054
261.766667,0.00054
261.8,0.00054
261.833333,0.00054
261.866667,0.00054
261.9,0.00054
261.933333,0.00054
261.966667,0.00054
262,160.634
262.033333,0.00413
262.066667,0.0011675
262.1,0.0006
262.133333,0.000545
262.166667,0.00049
262.2,0.000485
262.233333,0.000485
262.266667,0.000475
262.3,0.000485
262.333333,0.000485
262.366667,0.000475
262.4,0.000485
262.433333,0.000485
262.466667,0.000475
262.5,0.000485
262.533333,0.000485
262.566667,0.000475
262.6,0.000485
262.633333,0.000485
262.666667,0.000475
262.7,0.000485
262.733333,0.000485
262.766667,0.000475
262.8,0.000485
262.833333,0.000485
262.866667,0.000475
262.9,0.000485
262.933333,0.000485
262.966667,0.000475
263,0.0043425
263.033333,0.00413
263.066667,0.0011675
263.1,0.0006
263.133333,0.000545
263.166667,0.00049
263.2,0.000485
263.233333,0.000485
263.266667,0.000475
263.3,0.000485
263.333333,0.000485
263.366667,0.000475
263.4,0.000485
263.433333,0.000485
263.466667,0.000475
263.5,0.000485
263.533333,0.000485
263.566667,0.000475
263.6,0.000485
263.633333,0.000485
263.666667,0.000475
263.7,0.000485
263.733333,0.000485
263.766667,0.000475
263.8,0.000485
263.833333,0.000485
263.866667,0.000475
263.9,0.000485
263.933333,0.000485
263.966667,0.000475
264,0.0043425
264.033333,0.00413
264.066667,0.0011675
264.1,0.0006
264.133333,0.000545
264.166667,0.00049
264.2,0.000485
264.233333,0.000485
264.266667,0.000475
264.3,0.000485
264.333333,0.000485
264.366667,0.000475
264.4,0.000485
264.433333,0.000485
264.466667,0.000475
264.5,0.000485
264.533333,0.000485
264.566667,0.000475
264.6,0.000485
264.633333,0.000485
264.666667,0.000475
264.7,0.000485
264.733333,0.000485
264.766667,0.000475
264.8,0.000485
264.833333,0.000485
264.866667,0.000475
264.9,0.000485
264.933333,0.000485
264.966667,0.000475
265,0.0043425
265.033333,0.00413
265.066667,0.0011675
265.1,0.0006
265.133333,0.000545
265.166667,0.00049
265.2,0.000485
265.233333,0.000485
265.266667,0.000475
265.3,0.000485
265.333333,0.000485
265.366667,0.0005225
265.4,0.03535
265.433333,0.0353975
265.466667,0.0353075
265.5,0.03528
265.533333,0.0355
265.566667,0.0351875
265.6,0.03584
265.633333,0.0362425
265.666667,0.03601
265.7,0.0354625
265.733333,0.035115
265.766667,0.03486
265.8,0.0353575
265.833333,0.0350275
265.866667,0.0360025
265.9,0.03637
265.933333,0.03778
265.966667,0.038815
266,0.0468425
266.033333,0.0443175
266.066667,0.0365425
266.1,0.0361525
266.133333,0.03605
266.166667,0.0358375
266.2,0.0357625
266.233333,0.03595
266.266667,0.024045
266.3,0.000525
266.333333,0.000485
266.366667,0.000475
266.4,0.000475
266.433333,0.000475
266.466667,0.000475
266.5,2.62934
266.533333,0.000945
266.566667,0.00047
266.6,0.00047
266.633333,0.000475
266.666667,0.000455
266.7,0.000455
266.733333,0.000455
266.766667,0.000455
266.8,0.000455
266.833333,0.000455
266.866667,0.000455
266.9,0.000455
266.933333,0.000455
266.966667,0.000455
267,0.0060175
267.033333,0.00408
267.066667,0.0011775
267.1,0.000615
267.133333,0.000555
267.166667,0.00051
267.2,0.000495
267.233333,0.000495
267.266667,0.000495
267.3,0.000495
267.333333,0.000495
267.366667,0.000495
267.4,0.000495
267.433333,0.000495
267.466667,0.000495
267.5,0.000495
267.533333,0.000495
267.566667,0.000495
267.6,0.000495
267.633333,0.000495
267.666667,0.000495
267.7,0.000495
267.733333,0.000495
267.766667,0.000495
267.8,0.000495
267.833333,0.000495
267.866667,0.000495
267.9,0.000495
267.933333,0.000495
267.966667,0.000495
268,0.0042725
268.033333,0.00408
268.066667,0.0011775
268.1,0.000615
268.133333,0.000555
268.166667,0.00051
268.2,0.000495
268.233333,0.000495
268.266667,0.000495
268.3,0.000495
268.333333,0.000495
268.366667,0.000495
268.4,0.000495
268.433333,0.000495
268.466667,0.000495
268.5,0.000495
268.533333,0.000495
268.566667,0.000495
268.6,0.000495
268.633333,0.000495
268.666667,0.000495
268.7,0.000495
268.733333,0.000495
268.766667,0.000495
268.8,0.000495
268.833333,0.000495
268.866667,0.000495
268.9,0.000495
268.933333,0.000495
268.966667,0.000495
269,0.0042725
269.033333,0.00408
269.066667,0.0011775
269.1,0.000615
269.133333,0.000555
269.166667,0.00051
269.2,0.000495
269.233333,0.000495
269.266667,0.000495
269.3,0.000495
269.333333,0.000495
269.366667,0.000495
269.4,0.000495
269.433333,0.000495
269.466667,0.000495
269.5,0.000495
269.533333,0.000495
269.566667,0.000495
269.6,0.000495
269.633333,0.000495
269.666667,0.000495
269.7,0.000495
269.733333,0.000495
269.766667,0.000495
269.8,0.000495
269.833333,0.000495
269.866667,0.000495
269.9,0.000495
269.933333,0.000495
269.966667,0.000495
270,0.0042725
270.033333,0.00408
270.066667,0.0011775
270.1,0.000615
270.133333,0.000555
270.166667,0.00051
270.2,0.000495
270.233333,0.000495
270.266667,0.000495
270.3,0.000495
270.333333,0.000495
270.366667,0.000495
270.4,0.000495
270.433333,0.000495
270.466667,0.000495
270.5,0.000495
270.533333,0.000495
270.566667,27.652
270.6,0.00314
270.633333,0.000885
270.666667,0.000535
270.7,0.000535
270.733333,0.00054
270.766667,0.00052
270.8,0.00052
270.833333,0.00052
270.866667,0.00052
270.9,0.00052
270.933333,0.00052
270.966667,0.00052
271,0.007285
271.033333,0.0041925
271.066667,0.0009625
271.1,0.00055
271.133333,0.00055
271.166667,0.000535
271.2,0.0005
271.233333,0.0005
271.266667,0.0005
271.3,0.0005
271.333333,0.0005
271.366667,0.0005
271.4,0.0005
271.433333,0.0005
271.466667,0.0005
271.5,0.0005
271.533333,0.0005
271.566667,0.0005
271.6,0.0005
271.633333,0.0005
271.666667,0.0005
271.7,0.0005
271.733333,0.0005
271.766667,0.0005
271.8,0.0005
271.833333,0.0005
271.866667,0.0005
271.9,0.0005
271.933333,0.0005
271.966667,0.0005
272,0.00436
272.033333,0.0041925
272.066667,0.0009625
272.1,0.00055
272.133333,0.00055
272.166667,0.000535
272.2,0.0005
272.233333,0.0005
272.266667,0.0005
272.3,0.0005
272.333333,0.0005
272.366667,0.0005
272.4,0.0005
272.433333,0.0005
272.466667,0.0005
272.5,0.0005
272.533333,0.0005
272.566667,0.0005
272.6,0.0005
272.633333,0.0005
272.666667,0.0005
272.7,0.0005
272.733333,0.0005
272.766667,0.0005
272.8,0.0005
272.833333,0.0005
272.866667,0.0005
272.9,0.0005
272.933333,0.0005
272.966667,0.0005
273,0.00436
273.033333,0.0041925
273.066667,0.0009625
273.1,0.00055
273.133333,0.00055
273.166667,0.000535
273.2,0.0005
273.233333,0.0005
273.266667,0.0005
273.3,0.0005
273.333333,0.0005
273.366667,0.0005
273.4,0.0005
273.433333,6.52165
273.466667,0.001295
273.5,0.0009
273.533333,0.000625
273.566667,0.00056
273.6,0.00056
273.633333,0.00056
273.666667,0.00056
273.7,0.00056
273.733333,0.00056
273.766667,0.00056
273.8,0.00056
273.833333,0.00056
273.866667,0.00056
273.9,0.00056
273.933333,0.00056
273.966667,0.00056
274,0.0054375
274.033333,0.0047775
274.066667,0.0013
274.1,0.0006525
274.133333,0.00059
274.166667,0.000575
274.2,0.00054
274.233333,0.00054
274.266667,0.00054
274.3,0.00054
274.333333,0.00054
274.366667,0.00054
274.4,0.00054
274.433333,0.00054
274.466667,0.00054
274.5,0.00054
274.533333,0.00054
274.566667,0.00054
274.6,0.00054
274.633333,0.00054
274.666667,0.00054
274.7,0.00054
274.733333,0.00054
274.766667,0.00054
274.8,0.00054
274.833333,0.00054
274.866667,0.00054
274.9,0.00054
274.933333,0.00054
274.966667,0.00054
275,0.00509
275.033333,0.0047775
275.066667,0.0013
275.1,0.0006525
275.133333,0.00059
275.166667,0.000575
275.2,0.00054
275.233333,0.00054
275.266667,0.00054
275.3,0.00054
275.333333,0.00054
275.366667,0.00054
275.4,0.00054
275.433333,0.00054
275.466667,0.00054
275.5,0.00054
275.533333,0.00054
275.566667,0.00054
275.6,0.00054
275.633333,0.00054
275.666667,0.00054
275.7,0.00054
275.733333,0.00054
275.766667,0.00054
275.8,0.00054
275.833333,0.00054
275.866667,0.00054
275.9,0.00054
275.933333,0.00054
275.966667,0.00054
276,0.00509
276.033333,0.0047775
276.066667,0.0013
276.1,0.0006525
276.133333,0.00059
276.166667,0.000575
276.2,0.00054
276.233333,0.00054
276.266667,0.00054
276.3,0.00054
276.333333,0.00054
276.366667,0.00054
276.4,0.00054
276.433333,0.00054
276.466667,0.00054
276.5,0.00054
276.533333,0.00054
276.566667,0.00054
276.6,0.00054
276.633333,0.00054
276.666667,0.00054
276.7,0.00054
276.733333,0.00054
276.766667,0.00054
276.8,0.00054
276.833333,0.00054
276.866667,0.00054
276.9,0.00054
276.933333,0.00054
276.966667,0.00054
277,0.00509
277.033333,0.0047775
277.066667,0.0013
277.1,0.0006525
277.133333,0.00059
277.166667,0.000575
277.2,0.00054
277.233333,0.00054
277.266667,0.00054
277.3,0.00054
277.333333,0.00054
277.366667,0.00054
277.4,0.00054
277.433333,0.00054
277.466667,0.00054
277.5,0.00054
277.533333,0.00054
277.566667,0.00054
277.6,0.00054
277.633333,0.00054
277.666667,0.00054
277.7,0.00054
277.733333,0.00054
277.766667,0.00054
277.8,0.00054
277.833333,0.00054
277.866667,0.00054
277.9,0.00054
277.933333,0.00054
277.966667,0.00054
278,0.00509
278.033333,0.0047775
278.066667,0.0013
278.1,0.0006525
278.133333,0.00059
278.166667,0.000575
278.2,0.00054
278.233333,0.00054
278.266667,0.00054
278.3,0.00054
278.333333,0.00054
278.366667,0.00054
278.4,0.00054
278.433333,0.00054
278.466667,0.00054
278.5,0.00054
278.533333,0.00054
278.566667,41.2414
278.6,0.0065075
278.633333,0.001735
278.666667,0.00084
278.7,0.00083
278.733333,0.00077
278.766667,0.000785
278.8,0.000785
278.833333,0.00077
278.866667,0.000785
278.9,0.000785
278.933333,0.00077
278.966667,0.000785
279,0.010045
279.033333,0.0066925
279.066667,0.00186
279.1,0.000895
279.133333,0.00081
279.166667,0.00075
279.2,0.000765
279.233333,0.000765
279.266667,0.00075
279.3,0.000765
279.333333,0.000765
279.366667,0.00075
279.4,0.000765
279.433333,0.000765
279.466667,0.00075
279.5,0.000765
279.533333,0.000765
279.566667,0.00075
279.6,0.000765
279.633333,0.000765
279.666667,0.00075
279.7,0.000765
279.733333,0.000765
279.766667,0.00075
279.8,0.000765
279.833333,0.000765
279.866667,0.00075
279.9,0.000765
279.933333,0.000765
279.966667,0.00075
280,0.0069925
280.033333,0.0066925
280.066667,0.00186
280.1,0.000895
280.133333,0.00081
280.166667,0.00075
280.2,0.000765
280.233333,0.000765
280.266667,0.00075
280.3,0.000765
280.333333,0.000765
280.366667,0.00075
280.4,0.000765
280.433333,0.000765
280.466667,0.00075
280.5,0.000765
280.533333,0.000765
280.566667,0.00075
280.6,0.000765
280.633333,0.000765
280.666667,0.00075
280.7,0.000765
280.733333,0.000765
280.766667,0.00075
280.8,0.000765
280.833333,0.000765
280.866667,0.00075
280.9,0.000765
280.933333,0.000765
280.966667,0.00075
281,0.0069925
281.033333,0.0066925
281.066667,0.00186
281.1,4.99495
281.133333,0.0025425
281.166667,0.0009075
281.2,0.000845
281.233333,0.00085
281.266667,0.00078
281.3,0.00083
281.333333,0.000845
281.366667,0.00078
281.4,0.000825
281.433333,0.000825
281.466667,0.00078
281.5,0.000825
281.533333,0.000825
281.566667,0.00078
281.6,0.000825
281.633333,0.000825
281.666667,0.00078
281.7,0.000825
281.733333,0.000825
281.766667,0.00078
281.8,0.000825
281.833333,0.000825
281.866667,0.00078
281.9,0.000825
281.933333,0.000825
281.966667,0.00078
282,0.0079925
282.033333,0.0067625
282.066667,0.001715
282.1,0.000985
282.133333,0.000915
282.166667,0.0008
282.2,0.00085
282.233333,0.000865
282.266667,0.0008
282.3,0.000845
282.333333,0.000845
282.366667,0.0008
282.4,0.000845
282.433333,0.000845
282.466667,0.0008
282.5,0.000845
282.533333,0.000845
282.566667,0.0008
282.6,0.000845
282.633333,0.000845
282.666667,0.0008
282.7,0.000845
282.733333,0.000845
282.766667,0.0008
282.8,0.000845
282.833333,4.99412
282.866667,0.00263
282.9,0.0011075
282.933333,0.000815
282.966667,0.00075
283,0.008605
283.033333,0.0066925
283.066667,0.00186
283.1,0.000895
283.133333,0.00081
283.166667,0.00075
283.2,0.000765
283.233333,0.000765
283.266667,0.00075
283.3,0.000765
283.333333,0.000765
283.366667,0.00075
283.4,0.000765
283.433333,0.000765
283.466667,0.00075
283.5,0.000765
283.533333,0.000765
283.566667,0.00075
283.6,0.000765
283.633333,0.000765
283.666667,0.00075
283.7,0.000765
283.733333,0.000765
283.766667,0.00075
283.8,0.000765
283.833333,0.000765
283.866667,0.00075
283.9,0.000765
283.933333,0.000765
283.966667,0.00075
284,0.0069925
284.033333,0.0066925
284.066667,0.00186
284.1,0.000895
284.133333,0.00081
284.166667,0.00075
284.2,0.000765
284.233333,0.000765
284.266667,0.00075
284.3,0.000765
284.333333,0.000765
284.366667,0.00075
284.4,0.000765
284.433333,0.000765
284.466667,0.00075
284.5,0.000765
284.533333,0.000765
284.566667,0.00075
284.6,0.000765
284.633333,0.000765
284.666667,0.00075
284.7,0.000765
284.733333,0.000765
284.766667,0.00075
284.8,0.000765
284.833333,0.000765
284.866667,0.00075
284.9,0.000765
284.933333,0.000765
284.966667,0.00075
285,0.0069925
285.033333,0.0066925
285.066667,0.00186
285.1,0.000895
285.133333,0.00081
285.166667,0.00075
285.2,0.000765
285.233333,0.000765
285.266667,0.00075
285.3,0.000765
285.333333,0.000765
285.366667,0.00075
285.4,0.000765
285.433333,0.000765
285.466667,0.00075
285.5,0.000765
285.533333,0.000765
285.566667,0.00075
285.6,0.000765
285.633333,0.000765
285.666667,0.00075
285.7,0.000765
285.733333,0.000765
285.766667,0.00075
285.8,0.000765
285.833333,0.000765
285.866667,0.00075
285.9,0.000765
285.933333,0.000765
285.966667,0.00075
286,5.23312
286.033333,0
286.066667,0
286.1,0
286.133333,0
286.166667,0
286.2,0
286.233333,0
286.266667,0
286.3,0
286.333333,0
286.366667,0
286.4,0
286.433333,0
286.466667,0
286.5,0
286.533333,0
286.566667,0
286.6,0
286.633333,0
286.666667,0
286.7,0
286.733333,0
286.766667,0
286.8,0
286.833333,0
286.866667,0
286.9,0
286.933333,0
286.966667,0
287,0
287.033333,0
287.066667,0
287.1,0
287.133333,0
287.166667,0
287.2,0
287.233333,0
287.266667,0
287.3,0
287.333333,0
287.366667,0
287.4,0
287.433333,0
287.466667,0
287.5,0
287.533333,0
287.566667,0
287.6,0
287.633333,0
287.666667,0
287.7,0
287.733333,0
287.766667,0
287.8,0
287.833333,0
287.866667,0
287.9,0
287.933333,0
287.966667,0
288,0
288.033333,0
288.066667,0
288.1,0
288.133333,0
288.166667,0
288.2,0
288.233333,0
288.266667,0
288.3,0
288.333333,0
288.366667,0
288.4,0
288.433333,0
288.466667,0
288.5,0
288.533333,0
288.566667,0
288.6,0
288.633333,0
288.666667,0
288.7,0
288.733333,0
288.766667,0
288.8,0
288.833333,0
288.866667,0
288.9,0
288.933333,0
288.966667,0
289,0
289.033333,0
289.066667,0
289.1,0
289.133333,0
289.166667,0
289.2,0
289.233333,0
289.266667,0
289.3,0
289.333333,0
289.366667,0
289.4,0
289.433333,0
289.466667,0
289.5,0
289.533333,0
289.566667,0
289.6,0
289.633333,0
289.666667,0
289.7,0
289.733333,0
289.766667,0
289.8,0
289.833333,0
289.866667,0
289.9,0
289.933333,0
289.966667,0
290,0
290.033333,0
290.066667,0
290.1,0
290.133333,0
290.166667,0
290.2,0
290.233333,0
290.266667,0
290.3,0
290.333333,0
290.366667,0
290.4,0
290.433333,0
290.466667,0
290.5,0
290.533333,0
290.566667,0
290.6,0
290.633333,0
290.666667,0
290.7,0
290.733333,0
290.766667,0
290.8,0
290.833333,0
290.866667,0
290.9,0
290.933333,0
290.966667,0
291,0
291.033333,0
291.066667,0
291.1,0
291.133333,0
291.166667,0
291.2,0
291.233333,0
291.266667,0
291.3,0
291.333333,0
291.366667,0
291.4,0
291.433333,0
291.466667,0
291.5,0
291.533333,0
291.566667,0
291.6,0
291.633333,0
291.666667,0
291.7,0
291.733333,0
291.766667,0
291.8,0
291.833333,0
291.866667,0
291.9,0
291.933333,0
291.966667,0
292,0
292.033333,0
292.066667,0
292.1,0
292.133333,0
292.166667,0
292.2,0
292.233333,0
292.266667,0
292.3,0
292.333333,0
292.366667,0
292.4,0
292.433333,0
292.466667,0
292.5,0
292.533333,0
292.566667,0
292.6,0
292.633333,0
292.666667,0
292.7,0
292.733333,0
292.766667,0
292.8,0
292.833333,0
292.866667,0
292.9,0
292.933333,0
292.966667,0
293,0
293.033333,0
293.066667,0
293.1,0
293.133333,0
293.166667,0
293.2,0
293.233333,0
293.266667,0
293.3,0
293.333333,0
293.366667,0
293.4,0
293.433333,0
293.466667,0
293.5,0
293.533333,0
293.566667,0
293.6,0
293.633333,0
293.666667,0
293.7,0
293.733333,0
293.766667,0
293.8,0
293.833333,0
293.866667,0
293.9,0
293.933333,0
293.966667,0
294,0
294.033333,0
294.066667,0
294.1,0
294.133333,0
294.166667,0
294.2,0
294.233333,0
294.266667,0
294.3,0
294.333333,0
294.366667,0
294.4,0
294.433333,0
294.466667,0
294.5,0
294.533333,0
294.566667,0
294.6,0
294.633333,0
294.666667,0
294.7,0
294.733333,0
294.766667,0
294.8,0
294.833333,0
294.866667,0
294.9,0
294.933333,0
294.966667,0
295,0
295.033333,0
295.066667,0
295.1,0
295.133333,0
295.166667,0
295.2,0
295.233333,0
295.266667,0
295.3,0
295.333333,0
295.366667,0
295.4,0
295.433333,0
295.466667,0
295.5,0
295.533333,0
295.566667,0
295.6,0
295.633333,0
295.666667,0
295.7,0
295.733333,0
295.766667,0
295.8,0
295.833333,0
295.866667,0
295.9,0
295.933333,0
295.966667,0
296,0
296.033333,0
296.066667,0
296.1,0
296.133333,0
296.166667,0
296.2,0
296.233333,0
296.266667,0
296.3,0
296.333333,0
296.366667,0
296.4,0
296.433333,0
296.466667,0
296.5,0
296.533333,0
296.566667,0
296.6,0
296.633333,0
296.666667,0
296.7,0
296.733333,0
296.766667,0
296.8,0
296.833333,0
296.866667,0
296.9,0
296.933333,0
296.966667,0
297,0
297.033333,0
297.066667,0
297.1,0
297.133333,0
297.166667,0
297.2,0
297.233333,0
297.266667,0
297.3,0
297.333333,0
297.366667,0
297.4,0
297.433333,0
297.466667,0
297.5,0
297.533333,0
297.566667,0
297.6,0
297.633333,0
297.666667,0
297.7,0
297.733333,0
297.766667,0
297.8,0
297.833333,0
297.866667,0
297.9,0
297.933333,0
297.966667,0
298,0
298.033333,0
298.066667,0
298.1,0
298.133333,0
298.166667,0
298.2,0
298.233333,0
298.266667,0
298.3,0
298.333333,0
298.366667,0
298.4,0
298.433333,0
298.466667,0
298.5,0
298.533333,0
298.566667,0
298.6,0
298.633333,0
298.666667,0
298.7,0
298.733333,0
298.766667,0
298.8,0
298.833333,0
298.866667,0
298.9,0
298.933333,0
298.966667,0
299,0
299.033333,0
299.066667,0
299.1,0
299.133333,0
299.166667,0
299.2,0
299.233333,0
299.266667,0
299.3,0
299.333333,0
299.366667,0
299.4,0
299.433333,0
299.466667,0
299.5,0
299.533333,0
299.566667,0
299.6,0
299.633333,0
299.666667,0
299.7,0
299.733333,0
299.766667,0
299.8,0
299.833333,0
299.866667,0
299.9,0
299.933333,0
299.966667,0
300,0
300.033333,0
300.066667,0
300.1,0
300.133333,0
300.166667,0
300.2,0
300.233333,0
300.266667,0
300.3,0
300.333333,0
300.366667,0
300.4,0
300.433333,0
300.466667,0
300.5,0
300.533333,0
300.566667,0
300.6,0
300.633333,0
300.666667,0
300.7,0
300.733333,0
300.766667,0
300.8,0
300.833333,0
300.866667,0
300.9,0
300.933333,0
300.966667,0
301,0
301.033333,0
301.066667,0
301.1,0
301.133333,0
301.166667,0
301.2,0
301.233333,0
301.266667,0
301.3,0
301.333333,0
301.366667,0
301.4,0
301.433333,0
301.466667,0
301.5,0
301.533333,0
301.566667,0
301.6,0
301.633333,0
301.666667,0
301.7,0
301.733333,0
301.766667,0
301.8,0
301.833333,0
301.866667,0
301.9,0
301.933333,0
301.966667,0
302,0
302.033333,0
302.066667,0
302.1,0
302.133333,0
302.166667,0
302.2,0
302.233333,0
302.266667,0
302.3,0
302.333333,0
302.366667,0
302.4,0
302.433333,0
302.466667,0
302.5,0
302.533333,0
302.566667,0
302.6,0
302.633333,0
302.666667,0
302.7,0
302.733333,0
302.766667,0
302.8,0
302.833333,0
302.866667,0
302.9,0
302.933333,0
302.966667,0
303,0
303.033333,0
303.066667,0
303.1,0
303.133333,0
303.166667,0
303.2,0
303.233333,0
303.266667,0
303.3,0
303.333333,0
303.366667,0
303.4,0
303.433333,0
303.466667,0
303.5,0
303.533333,0
303.566667,0
303.6,0
303.633333,0
303.666667,0
303.7,0
303.733333,0
303.766667,0
303.8,0
303.833333,0
303.866667,0
303.9,0
303.933333,0
303.966667,0
304,0
304.033333,0
304.066667,0
304.1,0
304.133333,0
304.166667,0
304.2,0
304.233333,0
304.266667,0
304.3,0
304.333333,0
304.366667,0
304.4,0
304.433333,0
304.466667,0
304.5,0
304.533333,0
304.566667,0
304.6,0
304.633333,0
304.666667,0
304.7,0
304.733333,0
304.766667,0
304.8,0
304.833333,0
304.866667,0
304.9,0
304.933333,0
304.966667,0
305,0
305.033333,0
305.066667,0
305.1,0
305.133333,0
305.166667,0
305.2,0
305.233333,0
305.266667,0
305.3,0
305.333333,0
305.366667,0
305.4,0
305.433333,0
305.466667,0
305.5,0
305.533333,0
305.566667,0
305.6,0
305.633333,0
305.666667,0
305.7,0
305.733333,0
305.766667,0
305.8,0
305.833333,0
305.866667,0
305.9,0
305.933333,0
305.966667,0
306,0
306.033333,0
306.066667,0
306.1,0
306.133333,0
306.166667,0
306.2,0
306.233333,0
306.266667,0
306.3,0
306.333333,0
306.366667,0
306.4,0
306.433333,0
306.466667,0
306.5,0
306.533333,0
306.566667,0
306.6,0
306.633333,0
306.666667,0
306.7,0
306.733333,0
306.766667,0
306.8,0
306.833333,0
306.866667,0
306.9,0
306.933333,0
306.966667,0
307,0
307.033333,0
307.066667,0
307.1,0
307.133333,0
307.166667,0
307.2,0
307.233333,0
307.266667,0
307.3,0
307.333333,0
307.366667,0
307.4,0
307.433333,0
307.466667,0
307.5,0
307.533333,0
307.566667,0
307.6,0
307.633333,0
307.666667,18.894
307.7,0
307.733333,0
307.766667,0
307.8,0
307.833333,0
307.866667,0
307.9,0
307.933333,0
307.966667,0
308,0
308.033333,0
308.066667,0
308.1,0
308.133333,0
308.166667,0
308.2,0
308.233333,0
308.266667,0
308.3,0
308.333333,0
308.366667,0
308.4,0
308.433333,0
308.466667,0
308.5,0
308.533333,0
308.566667,0
308.6,0
308.633333,0
308.666667,0
308.7,0
308.733333,0
308.766667,0
308.8,0
308.833333,0
308.866667,0
308.9,0
308.933333,0
308.966667,0
309,0
309.033333,0
309.066667,0
309.1,0
309.133333,0
309.166667,0
309.2,0
309.233333,0
309.266667,0
309.3,0
309.333333,0
309.366667,0
309.4,0
309.433333,0
309.466667,0
309.5,0
309.533333,0
309.566667,0
309.6,0
309.633333,0
309.666667,0
309.7,0
309.733333,0
309.766667,0
309.8,0
309.833333,0
309.866667,0
309.9,0
309.933333,0
309.966667,0
310,0
310.033333,0
310.066667,0
310.1,0
310.133333,0
310.166667,0
310.2,0
310.233333,0
310.266667,0
310.3,0
310.333333,0
310.366667,0
310.4,0
310.433333,0
310.466667,0
310.5,0
310.533333,0
310.566667,0
310.6,0
310.633333,0
310.666667,0
310.7,0
310.733333,0
310.766667,0
310.8,0
310.833333,0
310.866667,0
310.9,0
310.933333,0
310.966667,0
311,0
311.033333,0
311.066667,0
311.1,0
311.133333,0
311.166667,0
311.2,0
311.233333,0
311.266667,0
311.3,0
311.333333,0
311.366667,0
311.4,0
311.433333,0
311.466667,0
311.5,0
311.533333,0
311.566667,0
311.6,0
311.633333,7.772
311.666667,0
311.7,0
311.733333,0
311.766667,0
311.8,0
311.833333,0
311.866667,0
311.9,0
311.933333,0
311.966667,0
312,0
312.033333,0
312.066667,0
312.1,0
312.133333,0
312.166667,0
312.2,0.0319125
312.233333,0.0437975
312.266667,0.0758625
312.3,0.0525225
312.333333,0.07329
312.366667,0.063005
312.4,0.07008
312.433333,0.160773
312.466667,0.115322
312.5,0.261118
312.533333,0.206635
312.566667,0.289488
312.6,0.152935
312.633333,0.14004
312.666667,0.266068
312.7,0.174843
312.733333,0.25641
312.766667,0.0669775
312.8,0.05426
312.833333,0.13483
312.866667,0.07135
312.9,0.091315
312.933333,0.143003
312.966667,0.15654
313,0.12403
313.033333,0.07733
313.066667,0.09977
313.1,0.080445
313.133333,0.109887
313.166667,0.0764425
313.2,0.0605825
313.233333,0.082115
313.266667,0.0518725
313.3,0.066845
313.333333,0.0673975
313.366667,0.0578375
313.4,0.173593
313.433333,0.0733675
313.466667,0.061495
313.5,0.0661825
313.533333,0.0192
313.566667,0.000795
313.6,0.00077
313.633333,0.00077
313.666667,0.000755
313.7,0.00077
313.733333,0.00077
313.766667,0.000755
313.8,0.00077
313.833333,0.00077
313.866667,0.000755
313.9,0.00077
313.933333,0.00077
313.966667,0.000755
314,0.0101575
314.033333,0.0066125
314.066667,0.0016725
314.1,0.000895
314.133333,0.00079
314.166667,0.000725
314.2,0.00073
314.233333,0.00073
314.266667,0.000715
314.3,0.00073
314.333333,0.00073
314.366667,0.000715
314.4,0.00073
314.433333,0.00073
314.466667,0.000715
314.5,0.00073
314.533333,0.00073
314.566667,0.000715
314.6,0.00073
314.633333,0.00073
314.666667,0.000715
314.7,0.00073
314.733333,0.00073
314.766667,0.000715
314.8,0.00073
314.833333,0.00073
314.866667,0.000715
314.9,0.00073
314.933333,0.00073
314.966667,0.000715
315,0.00692
315.033333,0.0066125
315.066667,0.0016725
315.1,0.000895
315.133333,0.00079
315.166667,0.000725
315.2,0.00073
315.233333,0.00073
315.266667,0.000715
315.3,0.00073
315.333333,0.00073
315.366667,0.000715
315.4,0.00073
315.433333,0.00073
315.466667,0.000715
315.5,0.00073
315.533333,0.00073
315.566667,0.000715
315.6,0.00073
315.633333,0.00073
315.666667,0.000715
315.7,0.00073
315.733333,0.00073
315.766667,0.000715
315.8,0.00073
315.833333,0.00073
315.866667,0.000715
315.9,0.00073
315.933333,0.00073
315.966667,0.000715
316,0.00692
316.033333,0.0066125
316.066667,0.0016725
316.1,0.000895
316.133333,0.00079
316.166667,0.000725
316.2,0.00073
316.233333,0.00073
316.266667,0.000715
316.3,0.00073
316.333333,0.00073
316.366667,0.000715
316.4,0.00073
316.433333,0.00073
316.466667,0.000715
316.5,0.00073
316.533333,0.00073
316.566667,0.000715
316.6,0.00073
316.633333,187.88
316.666667,0.238365
316.7,8.30712
316.733333,22.5585
316.766667,34.7517
316.8,35.1268
316.833333,0.0049825
316.866667,0.00102
316.9,0.000445
316.933333,0.000435
316.966667,0.0004
317,0.008635
317.033333,0.00516
317.066667,0.000965
317.1,0.00045
317.133333,0.000405
317.166667,0.00036
317.2,0.000365
317.233333,0.000365
317.266667,0.00036
317.3,0.000365
317.333333,0.000365
317.366667,0.00036
317.4,0.000365
317.433333,0.000365
317.466667,0.00036
317.5,0.000365
317.533333,0.000365
317.566667,0.00036
317.6,0.000365
317.633333,0.000365
317.666667,0.00036
317.7,0.000365
317.733333,0.000365
317.766667,0.00036
317.8,0.000365
317.833333,0.000365
317.866667,0.00036
317.9,0.000365
317.933333,0.000365
317.966667,0.00036
318,0.005285
318.033333,0.00516
318.066667,0.000965
318.1,0.00045
318.133333,0.000405
318.166667,0.00036
318.2,0.000365
318.233333,0.000365
318.266667,0.00036
318.3,0.000365
318.333333,0.000365
318.366667,0.00036
318.4,0.000365
318.433333,0.000365
318.466667,0.00036
318.5,0.000365
318.533333,0.000365
318.566667,0.00036
318.6,0.000365
318.633333,168.349
318.666667,0.0002225
318.7,0
318.733333,0
318.766667,0
318.8,0
318.833333,0
318.866667,0
318.9,0
318.933333,0
318.966667,0
319,0
319.033333,0
319.066667,0
319.1,0
319.133333,0
319.166667,0
319.2,0
319.233333,0
319.266667,0
319.3,0
319.333333,0
319.366667,0
319.4,0
319.433333,0
319.466667,0
319.5,0
319.533333,0
319.566667,0
319.6,0
319.633333,0
319.666667,0
319.7,0
319.733333,0
319.766667,0
319.8,0
319.833333,0
319.866667,0
319.9,0
319.933333,0
319.966667,0
320,0
320.033333,0
320.066667,0
320.1,0
320.133333,0
320.166667,0
320.2,0
320.233333,0
320.266667,0
320.3,0
320.333333,0
320.366667,0
320.4,0
320.433333,0
320.466667,0
320.5,0
320.533333,0
320.566667,0
320.6,0
320.633333,0
320.666667,0
320.7,0
320.733333,0
320.766667,0
320.8,0
320.833333,0
320.866667,0
320.9,0
320.933333,0
320.966667,0
321,0
321.033333,0
321.066667,0
321.1,0
321.133333,0
321.166667,0
321.2,0
321.233333,0
321.266667,0
321.3,0
321.333333,0
321.366667,0
321.4,0
321.433333,0
321.466667,0
321.5,0
321.533333,0
321.566667,0
321.6,0
321.633333,0
321.666667,0
321.7,0
321.733333,0
321.766667,0
321.8,0
321.833333,0
321.866667,0
321.9,0
321.933333,0
321.966667,0
322,0
322.033333,0
322.066667,0
322.1,0
322.133333,0
322.166667,0
322.2,0
322.233333,0
322.266667,0
322.3,0
322.333333,0
322.366667,0
322.4,0
322.433333,0
322.466667,0
322.5,0
322.533333,0
322.566667,0
322.6,0
322.633333,0
322.666667,0
322.7,0
322.733333,0
322.766667,0
322.8,0
322.833333,0
322.866667,0
322.9,0.00657
322.933333,0.11329
322.966667,0.058065
323,0.07449
323.033333,0.305773
323.066667,0.039875
323.1,0.0210275
323.133333,0.1483
323.166667,0.256873
323.2,0.173572
323.233333,0.233047
323.266667,0.000135
323.3,6
323.333333,4.5
323.366667,5
323.4,4
323.433333,4
323.466667,4
323.5,4
323.533333,4
323.566667,4
323.6,4
323.633333,4
323.666667,4
323.7,4
323.733333,4
323.766667,4
323.8,4
323.833333,4
323.866667,4
323.9,4
323.933333,4
323.966667,4
324,0.0006475
324.033333,0.0003875
324.066667,0.000175
324.1,0.0001
324.133333,8
324.166667,8
324.2,0.06679
324.233333,0.159645
324.266667,0.159225
324.3,0.00012
324.333333,0.00011
324.366667,0.000105
324.4,0.0001
324.433333,0.0001
324.466667,0.0001
324.5,0.0001
324.533333,0.0001
324.566667,0.0001
324.6,0.0001
324.633333,0.0001
324.666667,0.0001
324.7,0.0001
324.733333,0.0001
324.766667,0.0001
324.8,0.0001
324.833333,0.0001
324.866667,0.0001
324.9,0.0001
324.933333,0.0001
324.966667,0.0001
325,0.00108
325.033333,0.00057
325.066667,0.000235
325.1,0.000145
325.133333,0.00012
325.166667,0.00012
325.2,0.00012
325.233333,0.00012
325.266667,0.00012
325.3,0.00012
325.333333,0.00012
325.366667,0.00012
325.4,0.00012
325.433333,0.00012
325.466667,0.00012
325.5,0.00012
325.533333,0.00012
325.566667,0.00012
325.6,0.00012
325.633333,0.00012
325.666667,0.00012
325.7,0.00012
325.733333,0.00012
325.766667,0.00012
325.8,0.00012
325.833333,0.00012
325.866667,0.00012
325.9,0.00012
325.933333,0.00012
325.966667,0.00012
326,0.000615
326.033333,0.00057
326.066667,0.000235
326.1,0.000145
326.133333,0.00012
326.166667,0.00012
326.2,0.00012
326.233333,0.00012
326.266667,0.00012
326.3,0.00012
326.333333,0.00012
326.366667,0.00012
326.4,0.00012
326.433333,0.00012
326.466667,0.00012
326.5,0.00012
326.533333,0.00012
326.566667,0.00012
326.6,0.00012
326.633333,0.00012
326.666667,0.00012
326.7,0.00012
326.733333,0.00012
326.766667,0.00012
326.8,0.00012
326.833333,0.00012
326.866667,0.00012
326.9,0.00012
326.933333,0.00012
326.966667,0.00012
327,0.000615
327.033333,0.00057
327.066667,0.000235
327.1,0.000145
327.133333,0.00012
327.166667,0.00012
327.2,0.00012
327.233333,0.00012
327.266667,0.00012
327.3,0.00012
327.333333,0.00012
327.366667,0.00012
327.4,0.00012
327.433333,0.00012
327.466667,0.00012
327.5,0.00012
327.533333,0.00012
327.566667,0.00012
327.6,0.00012
327.633333,0.00012
327.666667,0.00012
327.7,0.00012
327.733333,0.00012
327.766667,0.00012
327.8,0.00012
327.833333,0.00012
327.866667,0.00012
327.9,0.00012
327.933333,0.00012
327.966667,0.00012
328,0.000615
328.033333,0.00057
328.066667,0.000235
328.1,0.000145
328.133333,0.00012
328.166667,0.00012
328.2,0.00012
328.233333,0.00012
328.266667,0.00012
328.3,0.00012
328.333333,0.00012
328.366667,0.00012
328.4,0.00012
328.433333,0.00012
328.466667,0.00012
328.5,0.00012
328.533333,0.00012
328.566667,0.00012
328.6,0.00012
328.633333,0.00012
328.666667,0.00012
328.7,0.00012
328.733333,0.00012
328.766667,0.00012
328.8,0.00012
328.833333,0.00012
328.866667,0.00012
328.9,0.00012
328.933333,0.00012
328.966667,0.00012
329,0.211897
329.033333,0.0470575
329.066667,0.0292275
329.1,0.141093
329.133333,0.0928825
329.166667,0.05457
329.2,0.03067
329.233333,0.02558
329.266667,0.0615625
329.3,0.0429525
329.333333,0.035365
329.366667,0.031415
329.4,0.02033
329.433333,0.129945
329.466667,0.152622
329.5,0.143215
329.533333,0.128747
329.566667,0.0238425
329.6,0.07659
329.633333,0.05583
329.666667,0.04941
329.7,0.023525
329.733333,0.02768
329.766667,0.0174475
329.8,0.02259
329.833333,0.04087
329.866667,0.122207
329.9,0.0387025
329.933333,0.033415
329.966667,0.05153
330,0.0596725
330.033333,0.09357
330.066667,0.04959
330.1,0.03678
330.133333,0.131818
330.166667,0.31703
330.2,0.0934275
330.233333,0.0357375
330.266667,0.026265
330.3,0.08934
330.333333,0.0387875
330.366667,0.0002575
330.4,0.00025
330.433333,0.000225
330.466667,0.00022
330.5,0.00022
330.533333,0.00022
330.566667,0.00022
330.6,0.00022
330.633333,0.00022
330.666667,0.00022
330.7,0.00022
330.733333,0.00022
330.766667,0.00022
330.8,0.00022
330.833333,0.00022
330.866667,0.00022
330.9,0.00022
330.933333,0.00022
330.966667,0.00022
331,0.0023075
331.033333,0.0018825
331.066667,0.000655
331.1,0.000305
331.133333,0.000285
331.166667,0.00028
331.2,0.00026
331.233333,0.00026
331.266667,0.00026
331.3,0.00026
331.333333,0.00026
331.366667,0.00026
331.4,0.00026
331.433333,0.00026
331.466667,0.00026
331.5,0.00026
331.533333,0.00026
331.566667,0.00026
331.6,0.00026
331.633333,0.00026
331.666667,0.00026
331.7,0.00026
331.733333,0.00026
331.766667,0.00026
331.8,0.00026
331.833333,0.00026
331.866667,0.00026
331.9,0.00026
331.933333,0.00026
331.966667,0.00026
332,0.0019225
332.033333,0.0018825
332.066667,0.000655
332.1,0.000305
332.133333,0.000285
332.166667,0.00028
332.2,0.00026
332.233333,0.00026
332.266667,0.00026
332.3,0.00026
332.333333,0.00026
332.366667,0.00026
332.4,0.00026
332.433333,0.00026
332.466667,0.00026
332.5,0.00026
332.533333,0.00026
332.566667,0.00026
332.6,0.00026
332.633333,0.00026
332.666667,4.73452
332.7,3.25
332.733333,0
332.766667,0
332.8,0
332.833333,0
332.866667,0
332.9,0
332.933333,0
332.966667,0
333,0
333.033333,0
333.066667,0
333.1,0
333.133333,0
333.166667,0
333.2,0
333.233333,0
333.266667,0
333.3,0
333.333333,0
333.366667,0
333.4,0
333.433333,0
333.466667,0
333.5,0
333.533333,0
333.566667,0
333.6,0
333.633333,0
333.666667,0
333.7,0
333.733333,0
333.766667,0
333.8,0
333.833333,0
333.866667,0
333.9,0
333.933333,0
333.966667,0
334,0
334.033333,0
334.066667,0
334.1,0
334.133333,0
334.166667,0
334.2,0
334.233333,0
334.266667,0
334.3,0
334.333333,0
334.366667,0
334.4,0
334.433333,0
334.466667,0
334.5,0
334.533333,0
334.566667,0
334.6,0
334.633333,0
334.666667,0
334.7,0
334.733333,0
334.766667,0
334.8,0
334.833333,0
334.866667,0
334.9,0
334.933333,0
334.966667,0
335,0
335.033333,0
335.066667,0
335.1,0
335.133333,0
335.166667,0
335.2,0
335.233333,0
335.266667,0
335.3,0
335.333333,0
335.366667,0
335.4,0
335.433333,0
335.466667,0
335.5,0
335.533333,0
335.566667,0
335.6,0
335.633333,0
335.666667,0
335.7,0
335.733333,0
335.766667,0
335.8,0
335.833333,0
335.866667,0
335.9,0
335.933333,0
335.966667,0
336,0
336.033333,0
336.066667,0
336.1,0
336.133333,0
336.166667,0
336.2,0
336.233333,0
336.266667,0
336.3,0
336.333333,0
336.366667,0
336.4,0
336.433333,0
336.466667,0
336.5,0
336.533333,0
336.566667,0
336.6,0
336.633333,0
336.666667,0
336.7,0
336.733333,0
336.766667,0
336.8,0
336.833333,0
336.866667,0
336.9,0
336.933333,0
336.966667,0
337,0
337.033333,0
337.066667,0
337.1,0
337.133333,0
337.166667,0
337.2,0
337.233333,0
337.266667,0
337.3,0
337.333333,0
337.366667,0
337.4,0
337.433333,0
337.466667,0
337.5,0
337.533333,0
337.566667,0
337.6,0
337.633333,0
337.666667,0
337.7,0
337.733333,0
337.766667,0
337.8,0
337.833333,0
337.866667,0
337.9,0
337.933333,0
337.966667,0
338,0
338.033333,0
338.066667,0
338.1,0
338.133333,0
338.166667,0
338.2,0
338.233333,0
338.266667,0
338.3,0
338.333333,0
338.366667,0
338.4,0
338.433333,0
338.466667,0
338.5,0
338.533333,0
338.566667,0
338.6,0
338.633333,0
338.666667,0
338.7,0
338.733333,0
338.766667,0
338.8,0
338.833333,0
338.866667,0
338.9,0
338.933333,0
338.966667,0
339,0
339.033333,0
339.066667,0
339.1,0
339.133333,0
339.166667,0
339.2,0
339.233333,0
339.266667,0
339.3,0
339.333333,0
339.366667,0
339.4,0
339.433333,0
339.466667,0
339.5,0
339.533333,0
339.566667,0
339.6,0
339.633333,0
339.666667,0
339.7,0
339.733333,0
339.766667,0
339.8,0
339.833333,0
339.866667,0
339.9,0
339.933333,0
339.966667,0
340,0
340.033333,0
340.066667,0
340.1,0
340.133333,0
340.166667,0
340.2,0
340.233333,0
340.266667,0
340.3,0
340.333333,0
340.366667,0
340.4,0
340.433333,0
340.466667,0
340.5,0
340.533333,0
340.566667,0
340.6,0
340.633333,0
340.666667,0
340.7,0
340.733333,0
340.766667,0
340.8,0
340.833333,0
340.866667,0
340.9,0
340.933333,0
340.966667,0
341,0
341.033333,0
341.066667,0
341.1,0
341.133333,0
341.166667,0
341.2,0
341.233333,0
341.266667,0
341.3,0
341.333333,0
341.366667,0
341.4,0
341.433333,0
341.466667,0
341.5,0
341.533333,0
341.566667,0
341.6,0
341.633333,0
341.666667,0
341.7,0
341.733333,0
341.766667,0
341.8,0
341.833333,0
341.866667,0
341.9,0
341.933333,0
341.966667,0
342,0
342.033333,0
342.066667,0
342.1,0
342.133333,0
342.166667,0
342.2,0
342.233333,0
342.266667,0
342.3,0
342.333333,0
342.366667,0
342.4,0
342.433333,0
342.466667,0
342.5,0
342.533333,0
342.566667,0
342.6,0
342.633333,0
342.666667,0
342.7,0
342.733333,0
342.766667,0
342.8,0
342.833333,0
342.866667,0
342.9,0
342.933333,0
342.966667,0
343,0
343.033333,0
343.066667,0
343.1,0
343.133333,0
343.166667,0
343.2,0
343.233333,0
343.266667,0
343.3,0
343.333333,0
343.366667,0
343.4,0
343.433333,0
343.466667,0
343.5,0
343.533333,0
343.566667,0
343.6,0
343.633333,0
343.666667,0
343.7,0
343.733333,0
343.766667,0
343.8,0
343.833333,0
343.866667,0
343.9,0
343.933333,0
343.966667,0
344,0
344.033333,0
344.066667,0
344.1,0
344.133333,0
344.166667,0
344.2,0
344.233333,0
344.266667,0
344.3,0
344.333333,0
344.366667,0
344.4,0
344.433333,0
344.466667,0
344.5,0
344.533333,0
344.566667,0
344.6,0
344.633333,0
344.666667,0
344.7,0
344.733333,0
344.766667,0
344.8,0
344.833333,0
344.866667,0
344.9,0
344.933333,0
344.966667,0
345,0
345.033333,0
345.066667,0
345.1,0
345.133333,0
345.166667,0
345.2,0
345.233333,0
345.266667,0
345.3,0
345.333333,0
345.366667,0
345.4,0
345.433333,0
345.466667,0
345.5,0
345.533333,0
345.566667,0
345.6,0
345.633333,0
345.666667,0
345.7,0
345.733333,0
345.766667,0
345.8,0
345.833333,0
345.866667,0
345.9,0
345.933333,0
345.966667,0
346,0
346.033333,0
346.066667,0
346.1,0
346.133333,0
346.166667,0
346.2,0
346.233333,0
346.266667,0
346.3,0
346.333333,0
346.366667,0
346.4,0
346.433333,0
346.466667,0
346.5,0
346.533333,0
346.566667,0
346.6,0
346.633333,0
346.666667,0
346.7,0
346.733333,0
346.766667,0
346.8,0
346.833333,0
346.866667,0
346.9,0
346.933333,0
346.966667,0
347,0
347.033333,0
347.066667,0
347.1,0
347.133333,0
347.166667,0
347.2,0
347.233333,0
347.266667,0
347.3,0
347.333333,0
347.366667,0
347.4,0
347.433333,0
347.466667,0
347.5,0
347.533333,0
347.566667,0
347.6,0
347.633333,0
347.666667,0
347.7,0
347.733333,0
347.766667,0
347.8,0
347.833333,0
347.866667,0
347.9,0
347.933333,0
347.966667,0
348,0
348.033333,0
348.066667,0
348.1,0
348.133333,0
348.166667,0
348.2,0
348.233333,0
348.266667,0
348.3,0
348.333333,0
348.366667,0
348.4,0
348.433333,0
348.466667,0
348.5,0
348.533333,0
348.566667,0
348.6,0
348.633333,0
348.666667,0
348.7,0
348.733333,0
348.766667,0
348.8,0
348.833333,0
348.866667,0
348.9,0
348.933333,0
348.966667,0
349,0
349.033333,0
349.066667,0
349.1,0
349.133333,0
349.166667,0
349.2,0
349.233333,0
349.266667,0
349.3,0
349.333333,0
349.366667,0
349.4,0
349.433333,0
349.466667,0
349.5,0
349.533333,0
349.566667,0
349.6,0
349.633333,0
349.666667,0
349.7,0
349.733333,0
349.766667,0
349.8,0
349.833333,0
349.866667,0
349.9,0
349.933333,0
349.966667,0
350,0
350.033333,0
350.066667,0
350.1,0
350.133333,0
350.166667,0
350.2,0
350.233333,0
350.266667,0
350.3,0
350.333333,0
350.366667,0
350.4,0
350.433333,0
350.466667,0
350.5,0
350.533333,0
350.566667,0
350.6,0
350.633333,0
350.666667,0
350.7,0
350.733333,0
350.766667,0
350.8,0
350.833333,0
350.866667,0
350.9,0
350.933333,0
350.966667,0
351,0
351.033333,0
351.066667,0
351.1,0
351.133333,0
351.166667,0
351.2,0
351.233333,0
351.266667,0
351.3,0
351.333333,0
351.366667,0
351.4,0
351.433333,0
351.466667,0
351.5,0
351.533333,0
351.566667,0
351.6,0
351.633333,0
351.666667,0
351.7,0
351.733333,0
351.766667,0
351.8,0
351.833333,0
351.866667,0
351.9,8.414
351.933333,0
351.966667,0
352,0
352.033333,0
352.066667,0
352.1,0
352.133333,0.0192925
352.166667,0.419733
352.2,0.170107
352.233333,0.09268
352.266667,0.0694625
352.3,0.100975
352.333333,0.13004
352.366667,0.106967
352.4,0.08281
352.433333,0.142745
352.466667,0.0586425
352.5,0.0205
352.533333,0.0390075
352.566667,0.131247
352.6,0.0636025
352.633333,0.0490575
352.666667,0.0253275
352.7,0.011385
352.733333,0.0081075
352.766667,0.01709
352.8,0.04072
352.833333,0.021825
352.866667,0.0135375
352.9,0.0178125
352.933333,0.025275
352.966667,0.0193125
353,0.0269425
353.033333,0.01426
353.066667,0.023375
353.1,0.01958
353.133333,0.02841
353.166667,0.03371
353.2,0.0122625
353.233333,0.0886475
353.266667,0.235857
353.3,0.09249
353.333333,0.0876525
353.366667,0.0785325
353.4,0.120082
353.433333,0.1147
353.466667,0.091475
353.5,0.122088
353.533333,0.13019
353.566667,0.117218
353.6,0.077485
353.633333,0.08401
353.666667,0.34209
353.7,0.256117
353.733333,0.182897
353.766667,0.0554575
353.8,0.00261
353.833333,0.000675
353.866667,0.000655
353.9,0.000655
353.933333,0.000655
353.966667,0.000655
354,0.01015
354.033333,0.0066925
354.066667,0.0020975
354.1,0.001095
354.133333,0.000885
354.166667,0.0006975
354.2,0.0007
354.233333,0.0007
354.266667,0.000665
354.3,0.0007
354.333333,0.0007
354.366667,0.000665
354.4,0.0007
354.433333,0.0007
354.466667,0.000665
354.5,5.92515
354.533333,0.001455
354.566667,0.000705
354.6,0.000525
354.633333,0.000525
354.666667,0.000525
354.7,0.000525
354.733333,0.000525
354.766667,0.000525
354.8,0.000525
354.833333,0.000525
354.866667,0.000525
354.9,0.000525
354.933333,0.000525
354.966667,0.000525
355,0.0057875
355.033333,0.005325
355.066667,0.001815
355.1,0.00083
355.133333,0.00067
355.166667,0.0005425
355.2,0.000525
355.233333,0.000525
355.266667,0.000525
355.3,0.000525
355.333333,0.000525
355.366667,0.000525
355.4,0.000525
355.433333,0.000525
355.466667,0.000525
355.5,0.000525
355.533333,0.000525
355.566667,0.000525
355.6,0.000525
355.633333,0.000525
355.666667,0.000525
355.7,0.000525
355.733333,0.000525
355.766667,0.000525
355.8,0.000525
355.833333,0.000525
355.866667,0.000525
355.9,0.000525
355.933333,0.000525
355.966667,0.000525
356,0.0057125
356.033333,0.005325
356.066667,0.001815
356.1,0.00083
356.133333,0.00067
356.166667,0.0005425
356.2,0.000525
356.233333,0.000525
356.266667,0.000525
356.3,0.000525
356.333333,0.000525
356.366667,0.000525
356.4,0.000525
356.433333,0.000525
356.466667,0.000525
356.5,0.000525
356.533333,0.000525
356.566667,0.000525
356.6,0.000525
356.633333,0.000525
356.666667,0.000525
356.7,0.000525
356.733333,0.000525
356.766667,0.000525
356.8,0.000525
356.833333,0.000525
356.866667,0.000525
356.9,0.000525
356.933333,0.000525
356.966667,0.000525
357,0.0057125
357.033333,0.005325
357.066667,0.001815
357.1,0.00083
357.133333,0.00067
357.166667,0.0005425
357.2,0.000525
357.233333,0.000525
357.266667,0.000525
357.3,0.000525
357.333333,0.000525
357.366667,0.000525
357.4,0.000525
357.433333,201.593
357.466667,0.257115
357.5,8.85985
357.533333,25.1678
357.566667,40.5216
357.6,41.0893
357.633333,0.0075625
357.666667,0.001925
357.7,0.00111
357.733333,0.0009575
357.766667,0.0009
357.8,0.0009
357.833333,0.0009
357.866667,0.0009
357.9,0.0009
357.933333,0.0009
357.966667,0.0009
358,0.0130175
358.033333,0.008055
358.066667,0.001975
358.1,0.0010075
358.133333,0.00093
358.166667,0.00092
358.2,0.00092
358.233333,0.00092
358.266667,0.00092
358.3,0.00092
358.333333,0.00092
358.366667,0.00092
358.4,0.00092
358.433333,0.00092
358.466667,0.00092
358.5,0.00092
358.533333,0.00092
358.566667,0.00092
358.6,0.00092
358.633333,0.00092
358.666667,0.00092
358.7,0.00092
358.733333,0.00092
358.766667,0.00092
358.8,0.00092
358.833333,0.00092
358.866667,0.00092
358.9,0.00092
358.933333,0.00092
358.966667,0.00092
359,0.0081675
359.033333,0.008055
359.066667,0.001975
359.1,0.0010075
359.133333,0.00093
359.166667,0.00092
359.2,0.00092
359.233333,0.00092
359.266667,0.00092
359.3,0.00092
359.333333,0.00092
359.366667,0.00092
359.4,0.00092
359.433333,0.00092
359.466667,0.00092
359.5,165.542
359.533333,0.00013
359.566667,0
359.6,0
359.633333,0
359.666667,0
359.7,0
359.733333,0
359.766667,0
359.8,0
359.833333,0
359.866667,0
359.9,0
359.933333,0
359.966667,0
360,2.5
360.033333,0
360.066667,0
360.1,0
360.133333,0
360.166667,0
360.2,0
360.233333,0
360.266667,0
360.3,0
360.333333,0
360.366667,0
360.4,0
360.433333,0
360.466667,0
360.5,0
360.533333,0
360.566667,0
360.6,0
360.633333,0
360.666667,0
360.7,0
360.733333,0
360.766667,0
360.8,0
360.833333,0
360.866667,0
360.9,0
360.933333,0
360.966667,0
361,0
361.033333,0
361.066667,0
361.1,0
361.133333,0
361.166667,0
361.2,0
361.233333,0
361.266667,0
361.3,0
361.333333,0
361.366667,0
361.4,0
361.433333,0
361.466667,0
361.5,0
361.533333,0
361.566667,0
361.6,0
361.633333,0
361.666667,0
361.7,0
361.733333,0
361.766667,0
361.8,0
361.833333,0
361.866667,0
361.9,0
361.933333,0
361.966667,0
362,0
362.033333,0
362.066667,0
362.1,0
362.133333,0
362.166667,0
362.2,0
362.233333,0
362.266667,0
362.3,0
362.333333,0
362.366667,0
362.4,0
362.433333,0
362.466667,0
362.5,0
362.533333,0
362.566667,0
362.6,0
362.633333,0
362.666667,0
362.7,0
362.733333,0
362.766667,0
362.8,0
362.833333,0
362.866667,0
362.9,0
362.933333,0
362.966667,0
363,0
363.033333,0
363.066667,0
363.1,0
363.133333,0
363.166667,0
363.2,0
363.233333,0
363.266667,0
363.3,0.186125
363.333333,0.225327
363.366667,0.060105
363.4,0.0547975
363.433333,0.07349
363.466667,0.0172875
363.5,0.007115
363.533333,0.01174
363.566667,0.002155
363.6,0.0220775
363.633333,0.0351325
363.666667,0.0070325
363.7,0.137898
363.733333,0.165713
363.766667,0.045505
363.8,0.0643675
363.833333,0.0845225
363.866667,0.02194
363.9,0.335373
363.933333,0.390423
363.966667,0.117847
364,0.01905
364.033333,0.051
364.066667,0.0283825
364.1,0.057505
364.133333,0.06569
364.166667,0.0376675
364.2,0.04076
364.233333,0.043335
364.266667,0.0326875
364.3,0.193653
364.333333,0.223447
364.366667,0.085715
364.4,0.39159
364.433333,0.475098
364.466667,0.165373
364.5,0.0516725
364.533333,0.09411
364.566667,0.04966
364.6,0.05589
364.633333,0.09713
364.666667,0.0254425
364.7,0.0381975
364.733333,0.07245
364.766667,0.009945
364.8,0.163908
364.833333,0.213592
364.866667,0.072855
364.9,0.00209
364.933333,0.008585
364.966667,0.001005
365,0.103455
365.033333,0.13327
365.066667,0.0458925
365.1,0.0001075
365.133333,9.75
365.166667,7
365.2,6
365.233333,6
365.266667,6
365.3,6
365.333333,6
365.366667,6
365.4,6
365.433333,6
365.466667,6
365.5,6
365.533333,6
365.566667,6
365.6,6
365.633333,6
365.666667,6
365.7,6
365.733333,6
365.766667,6
365.8,6
365.833333,6
365.866667,6
365.9,6
365.933333,6
365.966667,6
366,0.0014675
366.033333,0.0014225
366.066667,0.0001925
366.1,9.25
366.133333,9.75
366.166667,7
366.2,6
366.233333,6
366.266667,6
366.3,6
366.333333,6
366.366667,6
366.4,6
366.433333,6
366.466667,6
366.5,6
366.533333,6
366.566667,6
366.6,6
366.633333,6
366.666667,8
366.7,0.027665
366.733333,0.137623
366.766667,0.144547
366.8,0.137352
366.833333,0.123453
366.866667,0.113475
366.9,0.047235
366.933333,0.0698925
366.966667,0.100465
367,0.0541675
367.033333,0.160475
367.066667,0.159298
367.1,0.15918
367.133333,0.15269
367.166667,0.0889475
367.2,0.0835225
367.233333,0.153947
367.266667,0.154025
367.3,0.159213
367.333333,0.15903
367.366667,0.159108
367.4,0.15918
367.433333,0.156718
367.466667,0.15916
367.5,0.11406
367.533333,0.0791475
367.566667,0.0002375
367.6,0.00016
367.633333,0.00016
367.666667,0.00016
367.7,0.00016
367.733333,0.00016
367.766667,0.00016
367.8,0.00016
367.833333,0.00016
367.866667,0.00016
367.9,0.00016
367.933333,0.00016
367.966667,0.00016
368,0.0036725
368.033333,0.0023675
368.066667,0.0005875
368.1,0.0002375
368.133333,0.0002375
368.166667,0.00021
368.2,0.0002
368.233333,0.0002
368.266667,0.0002
368.3,0.0002
368.333333,0.0002
368.366667,0.0002
368.4,0.0002
368.433333,0.0002
368.466667,0.0002
368.5,0.0002
368.533333,0.0002
368.566667,0.0002
368.6,0.0002
368.633333,0.0002
368.666667,0.0002
368.7,0.0002
368.733333,0.0002
368.766667,0.0002
368.8,0.0002
368.833333,0.0002
368.866667,0.0002
368.9,0.0002
368.933333,0.0002
368.966667,0.0002
369,0.0024
369.033333,0.0023675
369.066667,0.0005875
369.1,0.0002375
369.133333,8.49682
369.166667,0.000145
369.2,4
369.233333,4
369.266667,4
369.3,4
369.333333,4
369.366667,4
369.4,4
369.433333,4
369.466667,4
369.5,4
369.533333,4
369.566667,4
369.6,4
369.633333,4
369.666667,4
369.7,4
369.733333,4
369.766667,4
369.8,4
369.833333,4
369.866667,4
369.9,4
369.933333,4
369.966667,4
370,0.00015
370.033333,0.000145
370.066667,4
370.1,4
370.133333,4
370.166667,4
370.2,4
370.233333,4
370.266667,4
370.3,4
370.333333,4
370.366667,4
370.4,4
370.433333,4
370.466667,4
370.5,4
370.533333,4
370.566667,4
370.6,4
370.633333,4
370.666667,4
370.7,4
370.733333,4
370.766667,4
370.8,4
370.833333,4
370.866667,4
370.9,4
370.933333,4
370.966667,4
371,0.000145
371.033333,0.000145
371.066667,4
371.1,4
371.133333,4
371.166667,4
371.2,4
371.233333,4
371.266667,4
371.3,4
371.333333,4
371.366667,4
371.4,4
371.433333,4
371.466667,4
371.5,4
371.533333,4
371.566667,4
371.6,4
371.633333,4
371.666667,4
371.7,4
371.733333,4
371.766667,4
371.8,4
371.833333,4
371.866667,4
371.9,4
371.933333,4
371.966667,4
372,0.000145
372.033333,0.000145
372.066667,4
372.1,4
372.133333,4
372.166667,4
372.2,4
372.233333,4
372.266667,4
372.3,4
372.333333,4
372.366667,4
372.4,4
372.433333,4
372.466667,4
372.5,4
372.533333,4
372.566667,4
372.6,4
372.633333,4
372.666667,4
372.7,4
372.733333,4
372.766667,4
372.8,4
372.833333,4
372.866667,4
372.9,0.0845
372.933333,0.09184
372.966667,0.0881075
373,0.191743
373.033333,0.37433
373.066667,0.139745
373.1,0.25525
373.133333,0.128642
373.166667,0.348498
373.2,0.40842
373.233333,0.22008
373.266667,0.47556
373.3,0.34845
373.333333,0.4794
373.366667,0.26812
373.4,0.14159
373.433333,0.166508
373.466667,0.807068
373.5,0.0197825
373.533333,0.000755
373.566667,0.0007025
373.6,0.000715
373.633333,0.00073
373.666667,0.00071
373.7,0.0007
373.733333,0.00071
373.766667,0.00072
373.8,0.00071
373.833333,0.0007
373.866667,0.00071
373.9,0.00072
373.933333,0.00071
373.966667,0.0007
374,0.0060325
374.033333,0.0035875
374.066667,0.0010375
374.1,0.000625
374.133333,0.000605
374.166667,0.0006
374.2,0.0006
374.233333,0.00059
374.266667,0.00058
374.3,0.00059
374.333333,0.0006
374.366667,0.00059
374.4,0.00058
374.433333,0.00059
374.466667,0.0006
374.5,0.00059
374.533333,0.00058
374.566667,0.00059
374.6,0.0006
374.633333,0.00059
374.666667,0.00058
374.7,0.00059
374.733333,0.0006
374.766667,0.00059
374.8,0.00058
374.833333,0.00059
374.866667,0.0006
374.9,0.00059
374.933333,0.00058
374.966667,0.00059
375,0.00385
375.033333,0.0035875
375.066667,0.0010375
375.1,0.000625
375.133333,0.000605
375.166667,0.0006
375.2,0.0006
375.233333,0.00059
375.266667,0.00058
375.3,0.00059
375.333333,0.0006
375.366667,0.00059
375.4,0.00058
375.433333,0.00059
375.466667,0.0006
375.5,0.00059
375.533333,0.00058
375.566667,0.00059
375.6,0.0006
375.633333,0.00059
375.666667,0.00058
375.7,0.00059
375.733333,0.0006
375.766667,0.00059
375.8,0.00058
375.833333,1.99786
375.866667,0.345015
375.9,0.344977
375.933333,0.344967
375.966667,0.340523
376,0.348398
376.033333,0.348042
376.066667,0.345435
376.1,0.345033
376.133333,0.0453275
376.166667,0.0005825
376.2,0.00058
376.233333,0.00057
376.266667,0.00056
376.3,0.00057
376.333333,0.00058
376.366667,0.00057
376.4,0.00056
376.433333,0.00057
376.466667,0.00058
376.5,0.00057
376.533333,0.00056
376.566667,0.00057
376.6,0.00058
376.633333,0.00057
376.666667,0.00056
376.7,0.00057
376.733333,0.00058
376.766667,0.00057
376.8,0.00056
376.833333,0.00057
376.866667,0.00058
376.9,0.00057
376.933333,0.00056
376.966667,0.00057
377,0.003885
377.033333,0.0036475
377.066667,0.0010475
377.1,0.000645
377.133333,0.000585
377.166667,0.00058
377.2,0.00058
377.233333,0.00057
377.266667,0.00056
377.3,0.00057
377.333333,0.00058
377.366667,0.00057
377.4,0.00056
377.433333,0.00057
377.466667,0.00058
377.5,0.00057
377.533333,0.00056
377.566667,0.00057
377.6,0.00058
377.633333,0.00057
377.666667,0.00056
377.7,0.00057
377.733333,0.00058
377.766667,0.00057
377.8,0.00056
377.833333,0.00057
377.866667,0.00058
377.9,0.00057
377.933333,0.00056
377.966667,0.00057
378,0.003885
378.033333,0.0036475
378.066667,0.0010475
378.1,0.000645
378.133333,0.000585
378.166667,0.00058
378.2,0.00058
378.233333,0.00057
378.266667,0.00056
378.3,0.00057
378.333333,0.00058
378.366667,0.00057
378.4,0.00056
378.433333,0.00057
378.466667,0.00058
378.5,0.00057
378.533333,0.00056
378.566667,0.00057
378.6,0.00058
378.633333,0.00057
378.666667,0.00056
378.7,0.00057
378.733333,0.00058
378.766667,0.00057
378.8,0.00056
378.833333,0.00057
378.866667,0.00058
378.9,0.00057
378.933333,0.00056
378.966667,0.00057
379,0.003885
379.033333,0.0036475
379.066667,0.0010475
379.1,0.000645
379.133333,0.000585
379.166667,0.00058
379.2,0.00058
379.233333,0.00057
379.266667,0.00056
379.3,0.00057
379.333333,0.00058
379.366667,0.00057
379.4,0.00056
379.433333,0.00057
379.466667,0.00058
379.5,0.00057
379.533333,0.00056
379.566667,0.00057
379.6,0.00058
379.633333,0.00057
379.666667,0.00056
379.7,0.00057
379.733333,0.00058
379.766667,0.00057
379.8,0.00056
379.833333,0.00057
379.866667,0.00058
379.9,0.00057
379.933333,0.00056
379.966667,0.00057
380,0.003885
380.033333,0.0036475
380.066667,0.0010475
380.1,0.000645
380.133333,0.000585
380.166667,0.00058
380.2,0.00058
380.233333,0.00057
380.266667,0.00056
380.3,0.00057
380.333333,0.00058
380.366667,0.00057
380.4,0.00056
380.433333,0.00057
380.466667,0.00058
380.5,0.00057
380.533333,0.00056
380.566667,0.00057
380.6,0.00058
380.633333,0.00057
380.666667,0.00056
380.7,0.00057
380.733333,0.00058
380.766667,0.00057
380.8,0.00056
380.833333,0.00057
380.866667,0.00058
380.9,0.00057
380.933333,0.00056
380.966667,0.00057
381,0.003885
381.033333,0.0036475
381.066667,0.0010475
381.1,0.000645
381.133333,0.000585
381.166667,0.00058
381.2,0.00058
381.233333,0.00057
381.266667,0.00056
381.3,0.00057
381.333333,0.00058
381.366667,0.00057
381.4,0.00056
381.433333,0.00057
381.466667,0.00058
381.5,0.00057
381.533333,0.00056
381.566667,0.00057
381.6,0.00058
381.633333,0.00057
381.666667,0.00056
381.7,0.00057
381.733333,0.61218
381.766667,0.730775
381.8,0.803072
381.833333,0.665403
381.866667,0.0007625
381.9,0.00061
381.933333,0.00056
381.966667,0.00057
382,0.004665
382.033333,0.00412
382.066667,0.0011875
382.1,0.57708
382.133333,0.700052
382.166667,0.794682
382.2,0.83085
382.233333,0.05772
382.266667,0.000645
382.3,0.000665
382.333333,0.00066
382.366667,0.00065
382.4,0.00064
382.433333,0.00065
382.466667,0.00066
382.5,0.00065
382.533333,0.00064
382.566667,0.00065
382.6,0.00066
382.633333,0.00065
382.666667,0.00064
382.7,0.00065
382.733333,0.00066
382.766667,0.00065
382.8,0.00064
382.833333,0.00065
382.866667,0.00066
382.9,0.00065
382.933333,0.00064
382.966667,0.00065
383,0.004815
383.033333,0.00438
383.066667,0.0012175
383.1,0.000735
383.133333,0.00068
383.166667,0.00066
383.2,0.00066
383.233333,0.00065
383.266667,0.00064
383.3,0.00065
383.333333,0.00066
383.366667,0.00065
383.4,0.00064
383.433333,0.00065
383.466667,0.00066
383.5,0.00065
383.533333,0.00064
383.566667,0.00065
383.6,0.00066
383.633333,0.00065
383.666667,0.00064
383.7,0.00065
383.733333,0.00066
383.766667,0.00065
383.8,0.00064
383.833333,0.00065
383.866667,0.00066
383.9,0.00065
383.933333,0.00064
383.966667,0.00065
384,0.0046325
384.033333,0.00438
384.066667,0.0012175
384.1,0.000735
384.133333,0.00068
384.166667,0.00066
384.2,0.00066
384.233333,0.00065
384.266667,0.00064
384.3,0.00065
384.333333,0.00066
384.366667,0.00065
384.4,0.00064
384.433333,0.00065
384.466667,0.00066
384.5,0.00065
384.533333,0.00064
384.566667,0.00065
384.6,0.00066
384.633333,0.00065
384.666667,0.00064
384.7,0.00065
384.733333,0.00066
384.766667,0.00065
384.8,0.00064
384.833333,0.00065
384.866667,0.00066
384.9,0.00065
384.933333,0.00064
384.966667,0.00065
385,0.0046325
385.033333,0.00438
385.066667,0.0012175
385.1,0.000735
385.133333,0.00068
385.166667,0.00066
385.2,0.00066
385.233333,0.00065
385.266667,0.00064
385.3,0.00065
385.333333,0.00066
385.366667,0.00065
385.4,0.00064
385.433333,0.00065
385.466667,0.00066
385.5,0.00065
385.533333,0.00064
385.566667,0.00065
385.6,0.00066
385.633333,0.00065
385.666667,0.00064
385.7,0.006215
385.733333,0.000675
385.766667,0.000635
385.8,0.0006
385.833333,0.00061
385.866667,0.0023875
385.9,0.0007025
385.933333,0.00062
385.966667,0.00061
386,0.0064725
386.033333,0.0043325
386.066667,0.0032025
386.1,0.000975
386.133333,0.00066
386.166667,0.0006
386.2,0.573577
386.233333,0.0007675
386.266667,0.0088675
386.3,0.00078
386.333333,0.013465
386.366667,0.00086
386.4,0.0180225
386.433333,0.000645
386.466667,0.03253
386.5,0.00086
386.533333,0.0147625
386.566667,0.000715
386.6,0.01743
386.633333,0.00068
386.666667,0.0217875
386.7,0.00074
386.733333,0.0236175
386.766667,0.0007975
386.8,0.02761
386.833333,0.000715
386.866667,0.02981
386.9,0.00068
386.933333,0.03374
386.966667,0.0006975
387,0.0418975
387.033333,0.004485
387.066667,0.0429975
387.1,0.000915
387.133333,0.04412
387.166667,0.00068
387.2,0.0491475
387.233333,0.0007675
387.266667,0.0537675
387.3,0.0007825
387.333333,0.0576825
387.366667,0.0007225
387.4,0.0606575
387.433333,0.000675
387.466667,0.0649
387.5,0.0007775
387.533333,0.0684025
387.566667,0.0007375
387.6,0.07309
387.633333,0.0007875
387.666667,0.0805525
387.7,0.0008475
387.733333,0.0835425
387.766667,0.0008025
387.8,0.0913225
387.833333,0.000805
387.866667,0.0935525
387.9,0.000795
387.933333,0.102102
387.966667,0.0008275
388,0.110283
388.033333,0.004635
388.066667,0.116148
388.1,0.0009525
388.133333,0.12509
388.166667,0.00089
388.2,0.132295
388.233333,0.0008425
388.266667,0.13711
388.3,0.0008275
388.333333,0.148923
388.366667,0.0008025
388.4,0.160925
388.433333,0.0008025
388.466667,0.17155
388.5,0.00091
388.533333,0.184737
388.566667,0.0011375
388.6,0.187125
388.633333,0.0007675
388.666667,0.187232
388.7,0.00078
388.733333,0.184003
388.766667,0.00079
388.8,0.182668
388.833333,0.0008275
388.866667,0.177083
388.9,0.000895
388.933333,0.173772
388.966667,0.00081
389,0.17257
389.033333,0.0047175
389.066667,0.125635
389.1,0.0008675
389.133333,0.0923675
389.166667,0.0009575
389.2,0.0582025
389.233333,0.0008075
389.266667,0.005975
389.3,0.0007
389.333333,0.00182
389.366667,0.0007575
389.4,0.00176
389.433333,0.0006825
389.466667,0.00296
389.5,0.00075
389.533333,0.00198
389.566667,0.0007125
389.6,0.0052725
389.633333,0.00092
389.666667,0.0056075
389.7,0.0008675
389.733333,0.001755
389.766667,0.0007175
389.8,0.0048975
389.833333,0.000775
389.866667,0.012335
389.9,0.0008025
389.933333,0.0027975
389.966667,0.000805
390,0.0186575
390.033333,0.00472
390.066667,0.01381
390.1,0.000915
390.133333,0.00268
390.166667,0.0008675
390.2,0.001225
390.233333,0.000725
390.266667,0.0007475
390.3,0.0006875
390.333333,0.00065
390.366667,0.00064
390.4,0.00063
390.433333,0.00064
390.466667,0.002145
390.5,0.0007675
390.533333,0.00064
390.566667,0.00064
390.6,0.00065
390.633333,0.00064
390.666667,0.00063
390.7,0.00064
390.733333,0.00065
390.766667,0.00064
390.8,0.0018
390.833333,0.00085
390.866667,0.00075
390.9,0.000725
390.933333,0.00071
390.966667,0.00072
391,0.0064375
391.033333,0.004465
391.066667,0.0011475
391.1,0.0006475
391.133333,0.0013925
391.166667,0.000605
391.2,0.00076
391.233333,0.0005925
391.266667,0.00058
391.3,0.00057
391.333333,0.00058
391.366667,0.00057
391.4,0.00056
391.433333,0.00057
391.466667,0.00273
391.5,0.00073
391.533333,0.01615
391.566667,0.00085
391.6,0.0132225
391.633333,0.0006575
391.666667,0.0136225
391.7,0.0008175
391.733333,0.001445
391.766667,0.0006925
391.8,0.0037575
391.833333,0.00082
391.866667,0.0062525
391.9,0.0007425
391.933333,0.0025525
391.966667,0.00063
392,0.0061025
392.033333,0.0045375
392.066667,0.0012825
392.1,0.000755
392.133333,0.00228
392.166667,0.000725
392.2,0.0007
392.233333,0.00062
392.266667,0.00058
392.3,0.00059
392.333333,0.000635
392.366667,0.00059
392.4,0.00058
392.433333,0.00059
392.466667,0.001215
392.5,0.000665
392.533333,0.0007
392.566667,0.000595
392.6,0.0006
392.633333,0.00059
392.666667,0.00058
392.7,0.00059
392.733333,0.0006
392.766667,0.00059
392.8,0.0011
392.833333,0.00063
392.866667,0.0006
392.9,0.00059
392.933333,0.00058
392.966667,0.00059
393,0.00574
393.033333,0.0045825
393.066667,0.0012025
393.1,0.000715
393.133333,0.00108
393.166667,0.00066
393.2,0.0007175
393.233333,0.000655
393.266667,0.0006
393.3,0.00061
393.333333,0.00062
393.366667,0.00061
393.4,0.0006
393.433333,0.00061
393.466667,0.009695
393.5,0.00086
393.533333,0.014445
393.566667,0.0007925
393.6,0.0124625
393.633333,0.000655
393.666667,0.002755
393.7,0.0008275
393.733333,0.00082
393.766667,0.000645
393.8,0.0006
393.833333,0.00061
393.866667,0.00062
393.9,0.00061
393.933333,0.0006
393.966667,0.00061
394,0.0058675
394.033333,0.00464
394.066667,0.001165
394.1,0.00069
394.133333,0.00064
394.166667,0.00062
394.2,11.6005
394.233333,0.0006975
394.266667,0.0005775
394.3,0.00057
394.333333,0.00058
394.366667,0.00057
394.4,0.00056
394.433333,0.00057
394.466667,0.00058
394.5,0.00057
394.533333,0.00056
394.566667,0.00057
394.6,0.00058
394.633333,0.00057
394.666667,0.00056
394.7,0.00057
394.733333,0.00058
394.766667,0.00057
394.8,0.00056
394.833333,0.00057
394.866667,0.00058
394.9,0.00057
394.933333,0.00056
394.966667,0.00057
395,0.0043125
395.033333,0.0035875
395.066667,0.0010375
395.1,0.000625
395.133333,0.000605
395.166667,0.0006
395.2,0.0006
395.233333,0.00059
395.266667,0.00058
395.3,0.00059
395.333333,0.0006
395.366667,0.00059
395.4,0.00058
395.433333,0.00059
395.466667,0.0006
395.5,0.00059
395.533333,0.00058
395.566667,0.00059
395.6,0.0006
395.633333,0.00059
395.666667,0.00058
395.7,0.00059
395.733333,0.0006
395.766667,0.00059
395.8,0.00058
395.833333,0.00059
395.866667,0.0006
395.9,0.00059
395.933333,0.00058
395.966667,0.00059
396,0.00385
396.033333,0.0035875
396.066667,0.0010375
396.1,0.000625
396.133333,0.000605
396.166667,0.0006
396.2,0.0006
396.233333,0.00059
396.266667,0.00058
396.3,0.00059
396.333333,0.0006
396.366667,0.00059
396.4,0.00058
396.433333,0.00059
396.466667,0.0006
396.5,0.00059
396.533333,0.00058
396.566667,0.00059
396.6,0.0006
396.633333,0.00059
396.666667,0.00058
396.7,0.00059
396.733333,0.0006
396.766667,0.00059
396.8,0.00058
396.833333,0.00059
396.866667,0.0006
396.9,0.00059
396.933333,0.00058
396.966667,0.00059
397,0.00385
397.033333,0.0035875
397.066667,0.0010375
397.1,0.000625
397.133333,0.000605
397.166667,0.0006
397.2,0.0006
397.233333,0.00059
397.266667,0.00058
397.3,0.00059
397.333333,0.0006
397.366667,0.00059
397.4,0.00058
397.433333,0.00059
397.466667,0.0006
397.5,0.00059
397.533333,0.00058
397.566667,0.00059
397.6,0.0006
397.633333,0.00059
397.666667,0.00058
397.7,0.00059
397.733333,0.0006
397.766667,0.00059
397.8,0.00058
397.833333,0.00059
397.866667,0.0006
397.9,0.00059
397.933333,0.00058
397.966667,0.00059
398,0.00385
398.033333,0.0035875
398.066667,0.0010375
398.1,0.000625
398.133333,0.000605
398.166667,0.0006
398.2,0.0006
398.233333,0.00059
398.266667,0.00058
398.3,0.00059
398.333333,0.0006
398.366667,0.00059
398.4,0.00058
398.433333,0.00059
398.466667,0.0006
398.5,0.00059
398.533333,0.00058
398.566667,0.00059
398.6,0.0006
398.633333,0.00059
398.666667,0.00058
398.7,0.00059
398.733333,0.0006
398.766667,0.00059
398.8,0.00058
398.833333,0.00059
398.866667,0.0006
398.9,0.00059
398.933333,0.00058
398.966667,0.00059
399,0.00385
399.033333,0.0035875
399.066667,0.0010375
399.1,0.000625
399.133333,0.000605
399.166667,0.118957
399.2,0.11875
399.233333,0.117112
399.266667,0.0953625
399.3,0.118902
399.333333,0.119575
399.366667,0.118885
399.4,0.119487
399.433333,0.118425
399.466667,0.116723
399.5,0.10077
399.533333,0.116532
399.566667,0.11907
399.6,0.117335
399.633333,0.119108
399.666667,0.11625
399.7,0.119733
399.733333,0.116138
399.766667,0.101233
399.8,0.119093
399.833333,0.118805
399.866667,0.120822
399.9,0.115108
399.933333,0.11896
399.966667,0.117138
400,0.103248
400.033333,0.118203
400.066667,0.119447
400.1,0.115377
400.133333,0.118443
400.166667,0.0008875
400.2,0.0006725
400.233333,0.000595
400.266667,0.00058
400.3,0.00059
400.333333,0.0006
400.366667,0.00059
400.4,0.00058
400.433333,0.00059
400.466667,0.0006
400.5,0.00059
400.533333,0.00058
400.566667,0.00059
400.6,0.0006
400.633333,0.00059
400.666667,0.00058
400.7,0.00059
400.733333,0.0006
400.766667,0.00059
400.8,0.00058
400.833333,0.00059
400.866667,0.0006
400.9,0.00059
400.933333,0.00058
400.966667,0.00059
401,0.004355
401.033333,0.003005
401.066667,0.001035
401.1,0.000605
401.133333,0.000545
401.166667,0.00054
401.2,0.00054
401.233333,0.00053
401.266667,0.00052
401.3,0.00053
401.333333,0.00054
401.366667,0.00053
401.4,0.00052
401.433333,0.00053
401.466667,0.00054
401.5,0.00053
401.533333,0.00052
401.566667,0.00053
401.6,0.00054
401.633333,0.00053
401.666667,0.00052
401.7,0.00053
401.733333,0.00054
401.766667,0.00053
401.8,0.00052
401.833333,0.00053
401.866667,0.00054
401.9,0.00053
401.933333,0.00052
401.966667,0.00053
402,0.003295
402.033333,0.003005
402.066667,0.001035
402.1,0.000605
402.133333,0.000545
402.166667,0.00054
402.2,0.00054
402.233333,0.00053
402.266667,0.00052
402.3,0.00053
402.333333,0.00054
402.366667,0.00053
402.4,0.00052
402.433333,0.00053
402.466667,0.00054
402.5,0.00053
402.533333,0.00052
402.566667,0.00053
402.6,0.00054
402.633333,0.00053
402.666667,0.00052
402.7,0.00053
402.733333,0.00054
402.766667,0.00053
402.8,0.00052
402.833333,0.00053
402.866667,0.00054
402.9,0.00053
402.933333,0.00052
402.966667,0.00053
403,0.003295
403.033333,0.003005
403.066667,0.001035
403.1,0.000605
403.133333,0.000545
403.166667,0.00054
403.2,0.00054
403.233333,0.00053
403.266667,0.00052
403.3,0.00053
403.333333,0.00054
403.366667,0.00053
403.4,0.00052
403.433333,0.00053
403.466667,0.00054
403.5,0.00053
403.533333,0.00052
403.566667,0.00053
403.6,0.00054
403.633333,0.00053
403.666667,0.00052
403.7,0.00053
403.733333,0.00054
403.766667,0.00053
403.8,0.00052
403.833333,0.00053
403.866667,0.00054
403.9,0.00053
403.933333,0.00052
403.966667,0.00053
404,0.003295
404.033333,0.003005
404.066667,0.001035
404.1,0.000605
404.133333,0.000545
404.166667,0.00054
404.2,0.00054
404.233333,0.00053
404.266667,0.00052
404.3,0.00053
404.333333,0.00054
404.366667,0.00053
404.4,0.00052
404.433333,0.00053
404.466667,0.00054
404.5,0.00053
404.533333,0.00052
404.566667,0.00053
404.6,0.00054
404.633333,0.00053
404.666667,0.00052
404.7,0.00053
404.733333,0.00054
404.766667,0.00053
404.8,0.00052
404.833333,0.00053
404.866667,0.00054
404.9,0.00053
404.933333,0.00052
404.966667,0.00053
405,0.003295
405.033333,0.003005
405.066667,0.001035
405.1,0.000605
405.133333,0.000545
405.166667,0.00054
405.2,0.00054
405.233333,0.00053
405.266667,0.00052
405.3,0.00053
405.333333,0.00054
405.366667,0.00053
405.4,0.00052
405.433333,0.00053
405.466667,0.00054
405.5,0.00053
405.533333,0.00052
405.566667,0.00053
405.6,0.00054
405.633333,0.00053
405.666667,0.00052
405.7,0.00053
405.733333,0.00054
405.766667,0.00053
405.8,0.00052
405.833333,0.00053
405.866667,0.00054
405.9,0.00053
405.933333,0.00052
405.966667,0.00053
406,0.003295
406.033333,0.003005
406.066667,0.001035
406.1,0.000605
406.133333,0.000545
406.166667,0.00054
406.2,0.00054
406.233333,0.00053
406.266667,0.00052
406.3,0.00053
406.333333,0.00054
406.366667,0.00053
406.4,0.00052
406.433333,0.00053
406.466667,0.00054
406.5,0.00053
406.533333,0.00052
406.566667,0.00053
406.6,0.00054
406.633333,0.00053
406.666667,0.00052
406.7,0.00053
406.733333,0.00054
406.766667,0.00053
406.8,0.00052
406.833333,0.00053
406.866667,0.00054
406.9,0.00053
406.933333,0.00052
406.966667,0.00053
407,0.003295
407.033333,0.003005
407.066667,0.001035
407.1,0.000605
407.133333,0.000545
407.166667,0.00054
407.2,0.00054
407.233333,0.00053
407.266667,0.00052
407.3,0.00053
407.333333,0.00054
407.366667,0.00053
407.4,0.00052
407.433333,0.00053
407.466667,0.00054
407.5,0.00053
407.533333,0.00052
407.566667,0.00053
407.6,0.00054
407.633333,0.00053
407.666667,0.00052
407.7,0.00053
407.733333,0.00054
407.766667,0.00053
407.8,0.00052
407.833333,0.00053
407.866667,0.00054
407.9,0.00053
407.933333,0.00052
407.966667,0.00053
408,0.003295
408.033333,0.003005
408.066667,0.001035
408.1,0.000605
408.133333,0.000545
408.166667,0.00054
408.2,0.00054
408.233333,0.00053
408.266667,0.00052
408.3,0.00053
408.333333,0.00054
408.366667,0.00053
408.4,0.00052
408.433333,0.00053
408.466667,0.00054
408.5,0.00053
408.533333,0.00052
408.566667,0.00053
408.6,0.00054
408.633333,0.00053
408.666667,0.00052
408.7,0.00053
408.733333,0.00054
408.766667,0.00053
408.8,0.00052
408.833333,0.00053
408.866667,0.00054
408.9,0.00053
408.933333,0.00052
408.966667,0.00053
409,0.003295
409.033333,0.003005
409.066667,0.001035
409.1,0.000605
409.133333,0.000545
409.166667,0.00054
409.2,0.00054
409.233333,0.00053
409.266667,0.00052
409.3,0.00053
409.333333,0.00054
409.366667,0.00053
409.4,0.00052
409.433333,0.00053
409.466667,0.00054
409.5,0.00053
409.533333,0.00052
409.566667,0.00053
409.6,0.00054
409.633333,0.00053
409.666667,0.00052
409.7,0.00053
409.733333,0.00054
409.766667,0.00053
409.8,0.00052
409.833333,0.00053
409.866667,0.00054
409.9,0.00053
409.933333,0.00052
409.966667,0.00053
410,0.003295
410.033333,0.003005
410.066667,0.001035
410.1,0.000605
410.133333,0.000545
410.166667,0.00054
410.2,0.00054
410.233333,0.00053
410.266667,0.00052
410.3,0.00053
410.333333,0.00054
410.366667,0.00053
410.4,0.00052
410.433333,0.00053
410.466667,0.00054
410.5,0.00053
410.533333,17.1476
410.566667,0.000735
410.6,0.0002425
410.633333,9
410.666667,8
410.7,8
410.733333,8
410.766667,8
410.8,8
410.833333,8
410.866667,8
410.9,8
410.933333,8
410.966667,8
411,0.001315
411.033333,0.0008225
411.066667,0.0002275
411.1,0.000105
411.133333,8
411.166667,9.5
411.2,8.5
411.233333,8
411.266667,9
411.3,8
411.333333,9.5
411.366667,8.5
411.4,8
411.433333,9
411.466667,8
411.5,9.5
411.533333,8.5
411.566667,8
411.6,9
411.633333,8
411.666667,9.5
411.7,8.5
411.733333,8
411.766667,9
411.8,8
411.833333,9.5
411.866667,8.5
411.9,8
411.933333,9
411.966667,8
412,0.000855
412.033333,0.0008225
412.066667,0.0002275
412.1,0.000105
412.133333,8
412.166667,9.5
412.2,8.5
412.233333,8
412.266667,9
412.3,8
412.333333,9.5
412.366667,8.5
412.4,8
412.433333,9
412.466667,8
412.5,9.5
412.533333,8.5
412.566667,8
412.6,9
412.633333,8
412.666667,9.5
412.7,8.5
412.733333,8
412.766667,9
412.8,8
412.833333,9.5
412.866667,8.5
412.9,8
412.933333,9
412.966667,8
413,0.000855
413.033333,0.002765
413.066667,0.029915
413.1,0.03227
413.133333,0.034465
413.166667,0.0364575
413.2,0.040065
413.233333,0.041815
413.266667,0.0357675
413.3,0.0275275
413.333333,0.00013
413.366667,0.000105
413.4,0.0001
413.433333,0.00011
413.466667,0.0001
413.5,0.000115
413.533333,0.000105
413.566667,0.0001
413.6,0.00011
413.633333,0.0001
413.666667,0.000115
413.7,0.000105
413.733333,0.0001
413.766667,0.00011
413.8,0.0001
413.833333,0.000115
413.866667,0.000105
413.9,0.0001
413.933333,0.00011
413.966667,0.0001
414,0.0010325
414.033333,0.0008025
414.066667,0.0002075
414.1,0.000135
414.133333,0.00012
414.166667,0.000135
414.2,0.635722
414.233333,0.00048
414.266667,0.0001975
414.3,9
414.333333,0.000105
414.366667,9.5
414.4,9
414.433333,0.0001
414.466667,9
414.5,0.000105
414.533333,9.5
414.566667,9
414.6,0.0001
414.633333,9
414.666667,0.000105
414.7,9.5
414.733333,9
414.766667,0.0001
414.8,9
414.833333,0.000105
414.866667,9.5
414.9,9
414.933333,0.0001
414.966667,9
415,0.001545
415.033333,0.001135
415.066667,0.00034
415.1,8.5
415.133333,7
415.166667,8.5
415.2,7.5
415.233333,7
415.266667,8
415.3,7
415.333333,8.5
415.366667,7.5
415.4,7
415.433333,8
415.466667,7
415.5,8.5
415.533333,7.5
415.566667,7
415.6,8
415.633333,7
415.666667,8.5
415.7,7.5
415.733333,7
415.766667,8
415.8,7
415.833333,8.5
415.866667,7.5
415.9,7
415.933333,8
415.966667,7
416,0.001205
416.033333,0.001135
416.066667,0.00034
416.1,8.5
416.133333,7
416.166667,8.5
416.2,7.5
416.233333,0.749605
416.266667,0.000185
416.3,0.00012
416.333333,9.5
416.366667,8.5
416.4,8
416.433333,9
416.466667,8
416.5,9.5
416.533333,8.5
416.566667,8
416.6,9
416.633333,8
416.666667,9.5
416.7,8.5
416.733333,8
416.766667,9
416.8,8
416.833333,9.5
416.866667,8.5
416.9,8
416.933333,9
416.966667,8
417,0.000875
417.033333,0.0008225
417.066667,0.0002275
417.1,0.000105
417.133333,8
417.166667,9.5
417.2,8.5
417.233333,8
417.266667,9
417.3,8
417.333333,9.5
417.366667,8.5
417.4,8
417.433333,9
417.466667,8
417.5,9.5
417.533333,8.5
417.566667,8
417.6,9
417.633333,8
417.666667,9.5
417.7,8.5
417.733333,8
417.766667,9
417.8,8
417.833333,9.5
417.866667,8.5
417.9,8
417.933333,9
417.966667,8
418,0.000855
418.033333,0.0008225
418.066667,0.0002275
418.1,0.000105
418.133333,8
418.166667,9.5
418.2,8.5
418.233333,8
418.266667,9
418.3,8
418.333333,9.5
418.366667,8.5
418.4,8
418.433333,9
418.466667,8
418.5,9.5
418.533333,8.5
418.566667,8
418.6,9
418.633333,8
418.666667,9.5
418.7,8.5
418.733333,8
418.766667,9
418.8,8
418.833333,9.5
418.866667,8.5
418.9,8
418.933333,9
418.966667,8
419,0.000855
419.033333,0.0008225
419.066667,0.0002275
419.1,0.000105
419.133333,8
419.166667,9.5
419.2,8.5
419.233333,8
419.266667,9
419.3,8
419.333333,9.5
419.366667,8.5
419.4,8
419.433333,9
419.466667,8
419.5,9.5
419.533333,8.5
419.566667,8
419.6,9
419.633333,8
419.666667,9.5
419.7,8.5
419.733333,8
419.766667,9
419.8,8
419.833333,9.5
419.866667,8.5
419.9,8
419.933333,9
419.966667,8
420,0.000855
420.033333,0.0008225
420.066667,0.0002275
420.1,0.000105
420.133333,8
420.166667,9.5
420.2,8.5
420.233333,8
420.266667,9
420.3,8
420.333333,9.5
420.366667,8.5
420.4,8
420.433333,9
420.466667,8
420.5,9.5
420.533333,8.5
420.566667,8
420.6,9
420.633333,8
420.666667,9.5
420.7,8.5
420.733333,8
420.766667,9
420.8,8
420.833333,9.5
420.866667,8.5
420.9,8
420.933333,9
420.966667,8
421,0.000855
421.033333,0.0008225
421.066667,0.0002275
421.1,0.000105
421.133333,8
421.166667,9.5
421.2,8.5
421.233333,8
421.266667,9
421.3,8
421.333333,9.5
421.366667,8.5
421.4,8
421.433333,9
421.466667,8
421.5,9.5
421.533333,8.5
421.566667,8
421.6,9
421.633333,8
421.666667,9.5
421.7,8.5
421.733333,8
421.766667,9
421.8,8
421.833333,9.5
421.866667,8.5
421.9,8
421.933333,9
421.966667,8
422,0.000855
422.033333,0.0008225
422.066667,0.0002275
422.1,0.000105
422.133333,8
422.166667,9.5
422.2,8.5
422.233333,8
422.266667,9
422.3,8
422.333333,9.5
422.366667,8.5
422.4,8
422.433333,9
422.466667,8
422.5,9.5
422.533333,8.5
422.566667,8
422.6,9
422.633333,8
422.666667,9.5
422.7,8.5
422.733333,8
422.766667,9
422.8,8
422.833333,9.5
422.866667,8.5
422.9,8
422.933333,9
422.966667,8
423,0.000855
423.033333,0.0008225
423.066667,0.0002275
423.1,0.000105
423.133333,8
423.166667,9.5
423.2,8.5
423.233333,8
423.266667,9
423.3,8
423.333333,9.5
423.366667,8.5
423.4,8
423.433333,9
423.466667,8
423.5,9.5
423.533333,8.5
423.566667,8
423.6,9
423.633333,8
423.666667,9.5
423.7,8.5
423.733333,8
423.766667,9
423.8,8
423.833333,9.5
423.866667,8.5
423.9,8
423.933333,9
423.966667,8
424,0.000855
424.033333,0.0008225
424.066667,0.0002275
424.1,0.000105
424.133333,8
424.166667,9.5
424.2,8.5
424.233333,8
424.266667,9
424.3,0.0020225
424.333333,0.0297825
424.366667,0.03225
424.4,0.034465
424.433333,0.0364525
424.466667,0.04006
424.5,0.04183
424.533333,0.0357625
424.566667,0.0275275
424.6,0.000125
424.633333,0.0001
424.666667,0.000115
424.7,0.000105
424.733333,0.0001
424.766667,0.00011
424.8,0.0001
424.833333,0.000115
424.866667,0.000105
424.9,0.0001
424.933333,0.00011
424.966667,0.0001
425,0.0010325
425.033333,0.0008025
425.066667,0.0002075
425.1,0.000135
425.133333,0.00012
425.166667,0.000135
425.2,0.000125
425.233333,0.00012
425.266667,0.00013
425.3,0.00012
425.333333,0.000135
425.366667,0.000125
425.4,0.00012
425.433333,0.00013
425.466667,0.00012
425.5,0.278985
425.533333,0.00018
425.566667,0.00012
425.6,9
425.633333,8
425.666667,9.5
425.7,8.5
425.733333,8
425.766667,9
425.8,8
425.833333,9.5
425.866667,8.5
425.9,8
425.933333,9
425.966667,8
426,0.000875
426.033333,0.0008225
426.066667,0.0002275
426.1,0.000105
426.133333,8
426.166667,9.5
426.2,8.5
426.233333,8
426.266667,9
426.3,8
426.333333,9.5
426.366667,8.5
426.4,8
426.433333,9
426.466667,8
426.5,9.5
426.533333,8.5
426.566667,8
426.6,9
426.633333,8
426.666667,9.5
426.7,8.5
426.733333,8
426.766667,9
426.8,8
426.833333,9.5
426.866667,8.5
426.9,8
426.933333,9
426.966667,8
427,0.000855
427.033333,0.0008225
427.066667,0.0002275
427.1,0.000105
427.133333,8
427.166667,9.5
427.2,8.5
427.233333,8
427.266667,9
427.3,8
427.333333,9.5
427.366667,8.5
427.4,8
427.433333,9
427.466667,8
427.5,9.5
427.533333,8.5
427.566667,8
427.6,9
427.633333,8
427.666667,9.5
427.7,8.5
427.733333,8
427.766667,9
427.8,8
427.833333,9.5
427.866667,8.5
427.9,8
427.933333,9
427.966667,8
428,0.000855
428.033333,0.0008225
428.066667,0.0002275
428.1,0.000105
428.133333,8
428.166667,9.5
428.2,8.5
428.233333,8
428.266667,9
428.3,8
428.333333,9.5
428.366667,8.5
428.4,8
428.433333,9
428.466667,8
428.5,9.5
428.533333,8.5
428.566667,8
428.6,9
428.633333,8
428.666667,9.5
428.7,8.5
428.733333,8
428.766667,9
428.8,8
428.833333,9.5
428.866667,8.5
428.9,8
428.933333,9
428.966667,8
429,0.000855
429.033333,0.0008225
429.066667,0.0002275
429.1,0.000105
429.133333,8
429.166667,9.5
429.2,8.5
429.233333,8
429.266667,9
429.3,8
429.333333,9.5
429.366667,8.5
429.4,8
429.433333,9
429.466667,8
429.5,9.5
429.533333,8.5
429.566667,8
429.6,9
429.633333,8
429.666667,9.5
429.7,8.5
429.733333,8
429.766667,9
429.8,8
429.833333,9.5
429.866667,8.5
429.9,8
429.933333,9
429.966667,8
430,0.000855
430.033333,0.0008225
430.066667,0.0002275
430.1,0.000105
430.133333,20.7943
430.166667,0.0026325
430.2,0.000845
430.233333,0.000405
430.266667,0.0004025
430.3,0.00038
430.333333,0.00036
430.366667,0.00036
430.4,0.00036
430.433333,0.00036
430.466667,0.00036
430.5,0.00036
430.533333,0.00036
430.566667,0.00036
430.6,0.00036
430.633333,0.00036
430.666667,0.00036
430.7,0.00036
430.733333,0.00036
430.766667,0.00036
430.8,0.00036
430.833333,0.00036
430.866667,0.00036
430.9,0.00036
430.933333,0.00036
430.966667,0.00036
431,0.0048775
431.033333,0.0026275
431.066667,0.0008575
431.1,0.0004575
431.133333,0.0004225
431.166667,0.0004
431.2,0.00038
431.233333,0.00038
431.266667,0.00038
431.3,0.00038
431.333333,0.00038
431.366667,0.0850675
431.4,0.185172
431.433333,0.192865
431.466667,0.19285
431.5,0.185147
431.533333,0.192837
431.566667,0.185215
431.6,0.19292
431.633333,0.192917
431.666667,0.185138
431.7,0.19284
431.733333,0.192818
431.766667,0.185125
431.8,0.192857
431.833333,0.18515
431.866667,0.192832
431.9,0.192818
431.933333,0.18512
431.966667,0.19282
432,0.187695
432.033333,0.195148
432.066667,0.19334
432.1,0.185197
432.133333,0.19286
432.166667,0.192837
432.2,0.185185
432.233333,0.192878
432.266667,0.18515
432.3,0.192832
432.333333,0.192818
432.366667,0.18512
432.4,0.192818
432.433333,0.185125
432.466667,0.0158
432.5,0.00038
432.533333,0.00038
432.566667,0.00038
432.6,0.00038
432.633333,0.00038
432.666667,0.00038
432.7,0.00038
432.733333,0.00038
432.766667,0.00038
432.8,0.00038
432.833333,0.00038
432.866667,0.00038
432.9,0.00038
432.933333,0.00038
432.966667,0.00038
433,0.0029625
433.033333,0.00263
433.066667,0.0008725
433.1,0.0004575
433.133333,0.0004225
433.166667,0.0004
433.2,0.00038
433.233333,0.00038
433.266667,0.00038
433.3,0.00038
433.333333,0.00038
433.366667,0.00038
433.4,0.00038
433.433333,0.00038
433.466667,0.00038
433.5,0.00038
433.533333,0.00038
433.566667,0.00038
433.6,0.00038
433.633333,0.00038
433.666667,0.00038
433.7,0.00038
433.733333,0.00038
433.766667,0.00038
433.8,0.00038
433.833333,0.00038
433.866667,0.00038
433.9,0.00038
433.933333,0.00038
433.966667,0.00038
434,0.0028425
434.033333,0.00263
434.066667,0.0008725
434.1,0.0004575
434.133333,0.0004225
434.166667,0.0004
434.2,0.00038
434.233333,0.00038
434.266667,0.00038
434.3,0.00038
434.333333,0.00038
434.366667,0.00038
434.4,0.00038
434.433333,0.00038
434.466667,0.00038
434.5,0.00038
434.533333,0.00038
434.566667,0.00038
434.6,0.00038
434.633333,0.00038
434.666667,0.00038
434.7,0.00038
434.733333,0.00038
434.766667,0.00038
434.8,0.00038
434.833333,0.00038
434.866667,0.00038
434.9,0.00038
434.933333,0.00038
434.966667,0.00038
435,0.0028425
435.033333,0.00263
435.066667,0.0008725
435.1,0.0004575
435.133333,0.0004225
435.166667,0.0004
435.2,0.00038
435.233333,0.00038
435.266667,0.00038
435.3,0.00038
435.333333,0.00038
435.366667,0.00038
435.4,0.00038
435.433333,0.00038
435.466667,0.00038
435.5,0.00038
435.533333,0.00038
435.566667,0.00038
435.6,0.00038
435.633333,0.00038
435.666667,0.00038
435.7,0.00038
435.733333,0.00038
435.766667,0.00038
435.8,0.00038
435.833333,0.00038
435.866667,0.00038
435.9,0.00038
435.933333,0.00038
435.966667,0.00038
436,0.0028425
436.033333,0.00263
436.066667,0.0008725
436.1,0.0004575
436.133333,0.0004225
436.166667,0.0004
436.2,0.00038
436.233333,0.00038
436.266667,0.00038
436.3,0.00038
436.333333,0.00038
436.366667,0.00038
436.4,0.00038
436.433333,0.00038
436.466667,0.00038
436.5,0.00038
436.533333,0.00038
436.566667,0.00038
436.6,0.00038
436.633333,0.00038
436.666667,0.00038
436.7,0.00038
436.733333,0.00038
436.766667,0.00038
436.8,0.00038
436.833333,0.00038
436.866667,0.00038
436.9,0.00038
436.933333,0.00038
436.966667,0.00038
437,0.0028425
437.033333,0.00263
437.066667,0.0008725
437.1,0.0004575
437.133333,0.0004225
437.166667,0.0004
437.2,0.00038
437.233333,0.00038
437.266667,0.00038
437.3,0.00038
437.333333,0.00038
437.366667,0.00038
437.4,0.00038
437.433333,0.00038
437.466667,0.00038
437.5,0.00038
437.533333,0.00038
437.566667,0.00038
437.6,0.00038
437.633333,0.00038
437.666667,0.00038
437.7,0.00038
437.733333,0.00038
437.766667,0.00038
437.8,0.00038
437.833333,0.00038
437.866667,0.00038
437.9,0.00038
437.933333,0.00038
437.966667,0.00038
438,0.0029
438.033333,0.00277
438.066667,0.0008525
438.1,0.0004375
438.133333,0.0004025
438.166667,0.00038
438.2,0.00036
438.233333,0.00036
438.266667,0.00036
438.3,0.00036
438.333333,0.00036
438.366667,0.00036
438.4,0.00036
438.433333,0.00036
438.466667,0.00036
438.5,0.00036
438.533333,0.00036
438.566667,0.00036
438.6,0.00036
438.633333,0.00036
438.666667,0.00036
438.7,0.00036
438.733333,0.00036
438.766667,0.00036
438.8,0.00036
438.833333,0.00036
438.866667,0.00036
438.9,0.00036
438.933333,0.00036
438.966667,0.00036
439,0.0029825
439.033333,0.00277
439.066667,0.0008525
439.1,0.0004375
439.133333,0.0004025
439.166667,0.00038
439.2,0.00036
439.233333,0.00036
439.266667,0.00036
439.3,0.00036
439.333333,0.00036
439.366667,0.00036
439.4,0.00036
439.433333,0.00036
439.466667,0.00036
439.5,0.00036
439.533333,0.00036
439.566667,0.00036
439.6,0.00036
439.633333,0.00036
439.666667,0.00036
439.7,0.00036
439.733333,0.217707
439.766667,0.552798
439.8,0.610165
439.833333,0.0186775
439.866667,0.0004
439.9,0.00036
439.933333,0.00034
439.966667,0.00034
440,0.0033925
440.033333,0.00242
440.066667,0.0007475
440.1,0.00042
440.133333,0.0004025
440.166667,0.00038
440.2,0.00036
440.233333,0.00036
440.266667,0.00036
440.3,0.00036
440.333333,0.00036
440.366667,0.00036
440.4,0.00036
440.433333,0.00036
440.466667,0.00036
440.5,0.00036
440.533333,0.00036
440.566667,0.00036
440.6,0.00036
440.633333,0.00036
440.666667,0.00036
440.7,0.00036
440.733333,0.00036
440.766667,0.00036
440.8,0.00036
440.833333,0.00036
440.866667,0.00036
440.9,0.00036
440.933333,0.00036
440.966667,0.00036
441,0.002575
441.033333,0.00242
441.066667,0.0007475
441.1,0.00042
441.133333,0.0004025
441.166667,0.00038
441.2,0.00036
441.233333,0.00036
441.266667,0.00036
441.3,0.00036
441.333333,0.00036
441.366667,0.00036
441.4,0.00036
441.433333,0.00036
441.466667,0.00036
441.5,0.00036
441.533333,0.00036
441.566667,0.00036
441.6,0.00036
441.633333,0.00036
441.666667,0.00036
441.7,0.00036
441.733333,0.00036
441.766667,0.00036
441.8,0.00036
441.833333,0.00036
441.866667,0.00036
441.9,0.00036
441.933333,0.00036
441.966667,0.00036
442,0.002575
442.033333,0.00242
442.066667,0.0007475
442.1,0.00042
442.133333,0.0004025
442.166667,0.00038
442.2,0.00036
442.233333,0.00036
442.266667,0.00036
442.3,0.00036
442.333333,0.00036
442.366667,0.00036
442.4,0.00036
442.433333,0.00036
442.466667,0.00036
442.5,0.00036
442.533333,0.00036
442.566667,0.00036
442.6,0.00036
442.633333,0.00036
442.666667,0.00036
442.7,0.00036
442.733333,0.00036
442.766667,0.00036
442.8,0.00036
442.833333,0.00036
442.866667,0.00036
442.9,0.00036
442.933333,0.00036
442.966667,0.00036
443,0.002575
443.033333,0.00242
443.066667,0.0007475
443.1,0.00042
443.133333,0.0004025
443.166667,0.00038
443.2,0.00036
443.233333,0.00036
443.266667,0.00036
443.3,0.00036
443.333333,0.00036
443.366667,0.00036
443.4,0.00036
443.433333,0.00036
443.466667,0.00036
443.5,0.00036
443.533333,0.00036
443.566667,0.00036
443.6,0.00036
443.633333,0.00036
443.666667,0.00036
443.7,0.00036
443.733333,0.00036
443.766667,0.00036
443.8,0.00036
443.833333,0.00036
443.866667,0.00036
443.9,0.00036
443.933333,0.00036
443.966667,0.00036
444,0.002575
444.033333,4.94309
444.066667,12.9453
444.1,0
444.133333,0
444.166667,0
444.2,0
444.233333,0
444.266667,0
444.3,0
444.333333,0
444.366667,0
444.4,0
444.433333,0
444.466667,0
444.5,0
444.533333,0
444.566667,0
444.6,0
444.633333,0
444.666667,0
444.7,0
444.733333,0
444.766667,0
444.8,0
444.833333,0
444.866667,0
444.9,0
444.933333,0
444.966667,0
445,0
445.033333,0
445.066667,0
445.1,0
445.133333,0
445.166667,0
445.2,0
445.233333,0
445.266667,0
445.3,0
445.333333,0
445.366667,0
445.4,0
445.433333,0
445.466667,0
445.5,0
445.533333,0
445.566667,0
445.6,0
445.633333,0
445.666667,0
445.7,0
445.733333,0
445.766667,0
445.8,0
445.833333,0
445.866667,0
445.9,0
445.933333,0
445.966667,0
446,0
446.033333,0
446.066667,0
446.1,0
446.133333,0
446.166667,0
446.2,0
446.233333,0
446.266667,0
446.3,0
446.333333,0
446.366667,0
446.4,0
446.433333,0
446.466667,0
446.5,0
446.533333,0
446.566667,0.07139
446.6,0.453078
446.633333,0.44368
446.666667,0.480475
446.7,0.52167
446.733333,0.387657
446.766667,0.463185
446.8,0.396465
446.833333,0.479208
446.866667,0.41184
446.9,0.41308
446.933333,0.419495
446.966667,0.4496
447,0.38148
447.033333,0.461178
447.066667,0.470562
447.1,0.0627175
447.133333,0.0941675
447.166667,0.0942375
447.2,0.0843275
447.233333,0.046515
447.266667,0.0476325
447.3,0.0467675
447.333333,0.03801
447.366667,0.0256275
447.4,0.025975
447.433333,0.0392525
447.466667,0.0435425
447.5,0.03005
447.533333,0.01413
447.566667,0.02597
447.6,0.0335425
447.633333,0.0315775
447.666667,0.02427
447.7,0.04216
447.733333,0.0658225
447.766667,0.072495
447.8,0.062785
447.833333,0.0555175
447.866667,0.0912675
447.9,0.0942675
447.933333,0.0936375
447.966667,0.065335
448,0.07323
448.033333,0.0828725
448.066667,0.0741375
448.1,0.0648625
448.133333,0.0598075
448.166667,0.0699575
448.2,0.0749275
448.233333,0.0701575
448.266667,0.0660275
448.3,0.077775
448.333333,0.0860225
448.366667,0.0848475
448.4,0.06599
448.433333,0.0626225
448.466667,0.06958
448.5,0.071225
448.533333,0.06109
448.566667,0.05186
448.6,0.077395
448.633333,0.0798625
448.666667,0.0814425
448.7,0.0552775
448.733333,0.0569775
448.766667,0.06004
448.8,0.0568975
448.833333,0.0535875
448.866667,0.0557175
448.9,0.061325
448.933333,0.06602
448.966667,0.062565
449,0.0579575
449.033333,0.002145
449.066667,0.000485
449.1,0.0002925
449.133333,0.00025
449.166667,0.00022
449.2,0.00022
449.233333,0.00022
449.266667,0.00022
449.3,0.00022
449.333333,0.00022
449.366667,0.00022
449.4,0.00022
449.433333,0.00022
449.466667,0.00022
449.5,0.00022
449.533333,0.00022
449.566667,0.00022
449.6,0.00022
449.633333,0.00022
449.666667,0.00022
449.7,0.00022
449.733333,0.00022
449.766667,0.00022
449.8,0.00022
449.833333,0.00022
449.866667,0.00022
449.9,0.00022
449.933333,0.00022
449.966667,0.00022
450,0.0023625
450.033333,0.002145
450.066667,0.000485
450.1,0.0002925
450.133333,0.00025
450.166667,0.00022
450.2,0.00022
450.233333,0.00022
450.266667,0.00022
450.3,0.00022
450.333333,0.00022
450.366667,0.00022
450.4,0.00022
450.433333,0.00022
450.466667,0.00022
450.5,0.00022
450.533333,0.00022
450.566667,0.00022
450.6,0.00022
450.633333,0.00022
450.666667,0.00022
450.7,0.00022
450.733333,0.00022
450.766667,0.00022
450.8,0.00022
450.833333,0.00022
450.866667,0.00022
450.9,0.00022
450.933333,0.00022
450.966667,0.00022
451,0.0023625
451.033333,0.002145
451.066667,0.000485
451.1,0.0002925
451.133333,0.00025
451.166667,0.00022
451.2,0.00022
451.233333,0.00022
451.266667,0.00022
451.3,0.00022
451.333333,0.00022
451.366667,0.00022
451.4,0.00022
451.433333,0.00022
451.466667,0.00022
451.5,0.00022
451.533333,0.00022
451.566667,0.00022
451.6,0.00022
451.633333,0.00022
451.666667,0.00022
451.7,0.00022
451.733333,0.00022
451.766667,0.00022
451.8,0.00022
451.833333,0.00022
451.866667,0.00022
451.9,0.00022
451.933333,0.00022
451.966667,0.00022
452,0.0023625
452.033333,0.002145
452.066667,0.000485
452.1,0.0002925
452.133333,0.00025
452.166667,0.00022
452.2,0.00022
452.233333,0.00022
452.266667,0.00022
452.3,0.00022
452.333333,0.00022
452.366667,0.00022
452.4,0.00022
452.433333,0.00022
452.466667,0.00022
452.5,0.00022
452.533333,0.00022
452.566667,0.00022
452.6,0.00022
452.633333,0.00022
452.666667,0.00022
452.7,0.00022
452.733333,0.00022
452.766667,0.00022
452.8,0.00022
452.833333,0.00022
452.866667,0.00022
452.9,0.00022
452.933333,0.00022
452.966667,0.00022
453,0.0023625
453.033333,0.002145
453.066667,0.000485
453.1,0.0002925
453.133333,0.00025
453.166667,0.00022
453.2,0.00022
453.233333,0.00022
453.266667,0.00022
453.3,0.00022
453.333333,0.00022
453.366667,0.00022
453.4,0.00022
453.433333,0.00022
453.466667,0.00022
453.5,0.00022
453.533333,0.00022
453.566667,0.00022
453.6,0.00022
453.633333,0.00022
453.666667,0.00022
453.7,0.00022
453.733333,0.00022
453.766667,0.518138
453.8,0.000425
453.833333,0.000275
453.866667,0.00021
453.9,0.0002
453.933333,0.00018
453.966667,0.00018
454,0.0026725
454.033333,0.0022125
454.066667,0.000515
454.1,0.0002675
454.133333,0.00023
454.166667,0.00018
454.2,0.00018
454.233333,0.00018
454.266667,0.00018
454.3,0.00018
454.333333,0.00018
454.366667,0.00018
454.4,0.00018
454.433333,0.00018
454.466667,0.00018
454.5,0.00018
454.533333,0.00018
454.566667,0.00018
454.6,0.00018
454.633333,0.00018
454.666667,0.00018
454.7,0.00018
454.733333,0.00018
454.766667,0.00018
454.8,0.00018
454.833333,0.00018
454.866667,0.00018
454.9,0.00018
454.933333,0.00018
454.966667,0.00018
455,0.00244
455.033333,0.0022125
455.066667,0.000515
455.1,0.0002675
455.133333,0.00023
455.166667,0.00018
455.2,0.00018
455.233333,0.00018
455.266667,0.00018
455.3,0.00018
455.333333,0.00018
455.366667,0.00018
455.4,0.00018
455.433333,0.00018
455.466667,0.00018
455.5,0.00018
455.533333,0.00018
455.566667,0.00018
455.6,0.00018
455.633333,0.00018
455.666667,0.00018
455.7,0.00018
455.733333,0.00018
455.766667,0.00018
455.8,0.00018
455.833333,0.00018
455.866667,0.00018
455.9,0.00018
455.933333,0.00018
455.966667,0.00018
456,0.00244
456.033333,0.0022125
456.066667,0.000515
456.1,0.0002675
456.133333,0.00023
456.166667,0.00018
456.2,0.00018
456.233333,0.00018
456.266667,0.00018
456.3,0.00018
456.333333,0.00018
456.366667,0.00018
456.4,0.00018
456.433333,0.00018
456.466667,0.00018
456.5,0.00018
456.533333,0.00018
456.566667,0.00018
456.6,0.00018
456.633333,0.00018
456.666667,0.00018
456.7,0.00018
456.733333,0.00018
456.766667,0.00018
456.8,0.00018
456.833333,0.00018
456.866667,0.00018
456.9,0.00018
456.933333,0.00018
456.966667,0.00018
457,0.00244
457.033333,0.0022125
457.066667,0.000515
457.1,0.0002675
457.133333,0.00023
457.166667,0.00018
457.2,0.00018
457.233333,0.00018
457.266667,0.00018
457.3,0.00018
457.333333,0.00018
457.366667,0.00018
457.4,0.00018
457.433333,0.00018
457.466667,0.00018
457.5,0.00018
457.533333,0.00018
457.566667,0.00018
457.6,0.00018
457.633333,0.00018
457.666667,0.00018
457.7,0.00018
457.733333,0.00018
457.766667,0.00018
457.8,0.00018
457.833333,0.00018
457.866667,0.00018
457.9,0.00018
457.933333,0.00018
457.966667,0.00018
458,0.00244
458.033333,0.0022125
458.066667,0.000515
458.1,0.518223
458.133333,5.36437
458.166667,0.00022
458.2,0.00022
458.233333,0.00022
458.266667,0.00022
458.3,0.00022
458.333333,0.00022
458.366667,0.00022
458.4,0.00022
458.433333,0.00022
458.466667,0.00022
458.5,0.00022
458.533333,0.00022
458.566667,0.00022
458.6,0.00022
458.633333,0.00022
458.666667,0.00022
458.7,0.00022
458.733333,0.00022
458.766667,0.00022
458.8,0.00022
458.833333,0.00022
458.866667,0.00022
458.9,0.00022
458.933333,0.00022
458.966667,0.00022
459,0.0025825
459.033333,0.00215
459.066667,0.00047
459.1,0.0002925
459.133333,0.00025
459.166667,0.00022
459.2,0.00022
459.233333,0.00022
459.266667,0.00022
459.3,0.00022
459.333333,0.00022
459.366667,0.00022
459.4,0.00022
459.433333,0.00022
459.466667,0.00022
459.5,0.00022
459.533333,0.00022
459.566667,0.00022
459.6,0.00022
459.633333,0.00022
459.666667,0.00022
459.7,0.00022
459.733333,0.00022
459.766667,0.00022
459.8,0.00022
459.833333,0.00022
459.866667,0.00022
459.9,0.00022
459.933333,0.00022
459.966667,0.00022
460,0.0023575
460.033333,0.00215
460.066667,0.00047
460.1,0.0002925
460.133333,0.00025
460.166667,0.00022
460.2,0.00022
460.233333,0.00022
460.266667,0.00022
460.3,0.00022
460.333333,0.00022
460.366667,0.00022
460.4,0.00022
460.433333,0.00022
460.466667,0.00022
460.5,0.00022
460.533333,0.00022
460.566667,0.00022
460.6,0.00022
460.633333,0.00022
460.666667,0.00022
460.7,0.00022
460.733333,0.00022
460.766667,0.00022
460.8,0.00022
460.833333,0.00022
460.866667,0.00022
460.9,0.00192
460.933333,0.133855
460.966667,0.388948
461,0.498555
461.033333,0.457917
461.066667,0.501968
461.1,0.479498
461.133333,0.141123
461.166667,0.0001725
461.2,0.00016
461.233333,0.00016
461.266667,0.00016
461.3,0.00016
461.333333,0.00016
461.366667,0.00016
461.4,0.00016
461.433333,0.00016
461.466667,0.00016
461.5,0.00016
461.533333,0.00016
461.566667,0.00016
461.6,0.00016
461.633333,0.00016
461.666667,0.00016
461.7,0.00016
461.733333,0.00016
461.766667,0.00016
461.8,0.00016
461.833333,0.00016
461.866667,0.00016
461.9,0.00016
461.933333,0.00016
461.966667,0.00016
462,0.002235
462.033333,0.0018925
462.066667,0.00038
462.1,0.00023
462.133333,0.000195
462.166667,0.00018
462.2,0.00018
462.233333,0.00018
462.266667,0.00018
462.3,0.172818
462.333333,0.188417
462.366667,0.173902
462.4,0.198345
462.433333,0.202985
462.466667,0.174478
462.5,0.069425
462.533333,0.0002275
462.566667,0.00022
462.6,0.00022
462.633333,0.00022
462.666667,0.00022
462.7,0.00022
462.733333,0.00022
462.766667,0.00022
462.8,0.00022
462.833333,0.00022
462.866667,0.00022
462.9,0.00022
462.933333,0.00022
462.966667,0.00022
463,0.0023075
463.033333,0.0020075
463.066667,0.000405
463.1,0.000255
463.133333,0.000235
463.166667,0.0002
463.2,0.0002
463.233333,0.0002
463.266667,0.0002
463.3,0.0002
463.333333,0.0002
463.366667,0.0002
463.4,0.0002
463.433333,0.0002
463.466667,0.0002
463.5,0.0002
463.533333,0.0002
463.566667,0.0002
463.6,0.0002
463.633333,0.0002
463.666667,0.0002
463.7,0.0002
463.733333,0.0002
463.766667,0.0002
463.8,0.0002
463.833333,0.0002
463.866667,0.0002
463.9,0.0002
463.933333,0.0002
463.966667,0.0002
464,0.0021525
464.033333,0.0020075
464.066667,0.000405
464.1,0.000255
464.133333,0.000235
464.166667,0.0002
464.2,0.0002
464.233333,0.0002
464.266667,0.0002
464.3,0.0002
464.333333,0.0002
464.366667,0.0002
464.4,0.0002
464.433333,0.0002
464.466667,0.0002
464.5,0.0002
464.533333,0.0002
464.566667,0.0002
464.6,0.0002
464.633333,0.0002
464.666667,0.0002
464.7,0.0002
464.733333,0.0002
464.766667,0.0002
464.8,0.0002
464.833333,0.0002
464.866667,0.0002
464.9,0.0002
464.933333,0.0002
464.966667,0.0002
465,0.0021525
465.033333,0.0020075
465.066667,0.000405
465.1,0.000255
465.133333,0.000235
465.166667,0.0002
465.2,0.0002
465.233333,0.0002
465.266667,0.0002
465.3,0.0002
465.333333,0.0002
465.366667,0.0002
465.4,0.0002
465.433333,0.0002
465.466667,0.0002
465.5,0.0002
465.533333,0.0002
465.566667,0.0002
465.6,0.0002
465.633333,0.0002
465.666667,0.0002
465.7,0.0002
465.733333,0.0002
465.766667,0.0002
465.8,0.0002
465.833333,0.0002
465.866667,0.0002
465.9,0.0002
465.933333,0.0002
465.966667,0.0002
466,0.0021525
466.033333,0.0020075
466.066667,0.000405
466.1,0.000255
466.133333,0.000235
466.166667,0.0002
466.2,0.0002
466.233333,0.0002
466.266667,0.0002
466.3,0.0002
466.333333,0.0002
466.366667,0.0002
466.4,0.0002
466.433333,0.0002
466.466667,0.0002
466.5,0.0002
466.533333,0.0002
466.566667,0.0002
466.6,0.0002
466.633333,0.0002
466.666667,0.0002
466.7,0.0002
466.733333,0.0002
466.766667,0.0002
466.8,0.0002
466.833333,0.0002
466.866667,0.0002
466.9,0.0002
466.933333,0.0002
466.966667,0.0002
467,0.0021525
467.033333,0.0020075
467.066667,0.000405
467.1,0.000255
467.133333,0.000235
467.166667,0.0002
467.2,0.0002
467.233333,0.0002
467.266667,0.0002
467.3,0.0002
467.333333,0.0002
467.366667,0.0002
467.4,0.0002
467.433333,0.0002
467.466667,0.0002
467.5,0.0002
467.533333,0.0002
467.566667,0.0002
467.6,0.0002
467.633333,0.0002
467.666667,0.0002
467.7,0.0002
467.733333,0.0002
467.766667,0.0002
467.8,0.0002
467.833333,0.0002
467.866667,0.0002
467.9,0.0002
467.933333,0.0002
467.966667,0.0002
468,0.0021525
468.033333,0.0020075
468.066667,0.000405
468.1,0.000255
468.133333,0.000235
468.166667,0.0002
468.2,0.0002
468.233333,0.0002
468.266667,0.0002
468.3,0.0002
468.333333,0.0002
468.366667,0.0002
468.4,0.0002
468.433333,0.0002
468.466667,0.0002
468.5,0.0002
468.533333,0.0002
468.566667,0.0002
468.6,0.0002
468.633333,0.0002
468.666667,0.0002
468.7,0.0002
468.733333,0.0002
468.766667,0.0002
468.8,0.0002
468.833333,0.0002
468.866667,0.0002
468.9,0.0002
468.933333,0.0002
468.966667,0.0002
469,0.0021525
469.033333,0.0020075
469.066667,0.000405
469.1,0.000255
469.133333,0.000235
469.166667,0.0002
469.2,0.0002
469.233333,0.0002
469.266667,0.0002
469.3,0.0002
469.333333,0.0002
469.366667,0.0002
469.4,0.0002
469.433333,0.0002
469.466667,0.0002
469.5,0.0002
469.533333,0.0002
469.566667,0.0002
469.6,0.0002
469.633333,0.0002
469.666667,0.0002
469.7,0.0002
469.733333,0.0002
469.766667,0.0002
469.8,0.0002
469.833333,0.0002
469.866667,0.0002
469.9,0.0002
469.933333,0.0002
469.966667,0.0002
470,0.0021525
470.033333,0.0020075
470.066667,0.000405
470.1,0.000255
470.133333,0.000235
470.166667,0.0002
470.2,0.0002
470.233333,0.0002
470.266667,0.0002
470.3,0.0002
470.333333,0.0002
470.366667,0.0002
470.4,0.0002
470.433333,0.0002
470.466667,0.0002
470.5,0.0002
470.533333,0.0002
470.566667,0.0002
470.6,202.348
470.633333,0.26183
470.666667,9.37289
470.7,25.8466
470.733333,38.684
470.766667,38.4221
470.8,0.0057725
470.833333,0.00104
470.866667,0.0005975
470.9,0.000615
470.933333,0.0006
470.966667,0.00058
471,0.009265
471.033333,0.0061525
471.066667,0.001035
471.1,0.0007075
471.133333,0.000685
471.166667,0.00062
471.2,0.0006
471.233333,0.0006
471.266667,0.0006
471.3,0.0006
471.333333,0.0006
471.366667,0.0006
471.4,0.0006
471.433333,0.0006
471.466667,0.0006
471.5,0.0006
471.533333,0.0006
471.566667,0.0006
471.6,0.0006
471.633333,0.0006
471.666667,0.0006
471.7,0.0006
471.733333,0.0006
471.766667,0.0006
471.8,0.0006
471.833333,0.0006
471.866667,0.0006
471.9,0.0006
471.933333,0.0006
471.966667,0.0006
472,0.006405
472.033333,0.0061525
472.066667,0.001035
472.1,0.0007075
472.133333,0.000685
472.166667,0.00062
472.2,0.0006
472.233333,0.0006
472.266667,0.0006
472.3,0.0006
472.333333,0.0006
472.366667,0.0006
472.4,0.0006
472.433333,0.0006
472.466667,0.0006
472.5,0.0006
472.533333,0.0006
472.566667,0.0006
472.6,0.0006
472.633333,0.0006
472.666667,162.907
472.7,0.0002425
472.733333,0
472.766667,0
472.8,0
472.833333,0
472.866667,0
472.9,0
472.933333,0
472.966667,0
473,0
473.033333,0
473.066667,0
473.1,0
473.133333,0
473.166667,0
473.2,0
473.233333,0
473.266667,0
473.3,0
473.333333,0
473.366667,0
473.4,0
473.433333,0
473.466667,0
473.5,0
473.533333,0
473.566667,0
473.6,0
473.633333,0
473.666667,0
473.7,0
473.733333,0
473.766667,0
473.8,0
473.833333,0
473.866667,0
473.9,0
473.933333,0
473.966667,0
474,0
474.033333,0
474.066667,0
474.1,0
474.133333,0
474.166667,0
474.2,0
474.233333,0
474.266667,0
474.3,0
474.333333,0
474.366667,0
474.4,0
474.433333,0
474.466667,0
474.5,0
474.533333,0
474.566667,0
474.6,0
474.633333,0
474.666667,0
474.7,0
474.733333,0
474.766667,0
474.8,0
474.833333,0
474.866667,0
474.9,0
474.933333,0
474.966667,0
475,0
475.033333,0
475.066667,0
475.1,0
475.133333,0
475.166667,0
475.2,0
475.233333,0
475.266667,0
475.3,0
475.333333,0
475.366667,0
475.4,0
475.433333,0
475.466667,0
475.5,0
475.533333,0
475.566667,0
475.6,0
475.633333,0
475.666667,0
475.7,0
475.733333,0
475.766667,0
475.8,0
475.833333,0
475.866667,0
475.9,0
475.933333,0
475.966667,0
476,0
476.033333,0
476.066667,0
476.1,0
476.133333,0
476.166667,0
476.2,0
476.233333,0
476.266667,0
476.3,0
476.333333,0
476.366667,0
476.4,0
476.433333,0
476.466667,0
476.5,0
476.533333,0
476.566667,0
476.6,0
476.633333,0
476.666667,0
476.7,0
476.733333,0
476.766667,0
476.8,0
476.833333,0
476.866667,0
476.9,0
476.933333,0
476.966667,0
477,0
477.033333,0
477.066667,0
477.1,0
477.133333,0
477.166667,0
477.2,0
477.233333,0
477.266667,0
477.3,0
477.333333,0
477.366667,0
477.4,0
477.433333,0
477.466667,0
477.5,0
477.533333,0
477.566667,0
477.6,0
477.633333,0
477.666667,0
477.7,0
477.733333,0
477.766667,0
477.8,0
477.833333,0
477.866667,0
477.9,0
477.933333,0
477.966667,0
478,0
478.033333,0
478.066667,0
478.1,0
478.133333,0
478.166667,0
478.2,0
478.233333,0
478.266667,0
478.3,0
478.333333,0
478.366667,0
478.4,0
478.433333,0
478.466667,0
478.5,0
478.533333,0
478.566667,0
478.6,0
478.633333,0
478.666667,0
478.7,0
478.733333,0
478.766667,0
478.8,0
478.833333,0
478.866667,0
478.9,0
478.933333,0
478.966667,0
479,0
479.033333,0
479.066667,0
479.1,0
479.133333,0
479.166667,0
479.2,0
479.233333,0
479.266667,0
479.3,0
479.333333,0
479.366667,0
479.4,0
479.433333,0
479.466667,0
479.5,0
479.533333,0
479.566667,0
479.6,0
479.633333,0
479.666667,0
479.7,0
479.733333,0
479.766667,0
479.8,0
479.833333,0
479.866667,0
479.9,0
479.933333,0
479.966667,0
480,0
480.033333,0
480.066667,0
480.1,0
480.133333,0
480.166667,0
480.2,0
480.233333,0
480.266667,0
480.3,0
480.333333,0
480.366667,0
480.4,0
480.433333,0
480.466667,0
480.5,0
480.533333,0
480.566667,0
480.6,0
480.633333,0
480.666667,0
480.7,0
480.733333,0
480.766667,0
480.8,0
480.833333,0
480.866667,0
480.9,0
480.933333,0
480.966667,0
481,0
481.033333,0
481.066667,0
481.1,0
481.133333,0
481.166667,0
481.2,0
481.233333,0
481.266667,0
481.3,0
481.333333,0
481.366667,0
481.4,0
481.433333,0
481.466667,0
481.5,0
481.533333,0
481.566667,0
481.6,0
481.633333,0
481.666667,0
481.7,0
481.733333,0
481.766667,0
481.8,0
481.833333,0
481.866667,0
481.9,0
481.933333,0
481.966667,0
482,0
482.033333,0
482.066667,0
482.1,0
482.133333,0
482.166667,0
482.2,0
482.233333,0
482.266667,0
482.3,0
482.333333,0
482.366667,0
482.4,0
482.433333,0
482.466667,0
482.5,0
482.533333,0
482.566667,0
482.6,0
482.633333,0
482.666667,0
482.7,0
482.733333,0
482.766667,0
482.8,0
482.833333,0
482.866667,0
482.9,0
482.933333,0
482.966667,0
483,0
483.033333,0
483.066667,0
483.1,0
483.133333,0
483.166667,0
483.2,0
483.233333,0
483.266667,0
483.3,0
483.333333,0
483.366667,0
483.4,0
483.433333,0
483.466667,0
483.5,0
483.533333,0
483.566667,0
483.6,0
483.633333,0
483.666667,0
483.7,0
483.733333,0
483.766667,0
483.8,0
483.833333,0
483.866667,0
483.9,0
483.933333,0
483.966667,0
484,0
484.033333,0
484.066667,0
484.1,0
484.133333,0
484.166667,0
484.2,0
484.233333,0
484.266667,0
484.3,0
484.333333,0
484.366667,0
484.4,0
484.433333,0
484.466667,0
484.5,0
484.533333,0
484.566667,0
484.6,0
484.633333,0
484.666667,0
484.7,0
484.733333,0
484.766667,0
484.8,0
484.833333,0
484.866667,0
484.9,0
484.933333,0
484.966667,0
485,0
485.033333,0
485.066667,0
485.1,0
485.133333,0
485.166667,0
485.2,0
485.233333,0
485.266667,0
485.3,0
485.333333,0
485.366667,0
485.4,0
485.433333,0
485.466667,0
485.5,0
485.533333,0
485.566667,0
485.6,0
485.633333,0
485.666667,0
485.7,0
485.733333,0
485.766667,0
485.8,0
485.833333,0
485.866667,0
485.9,0
485.933333,0
485.966667,0
486,0
486.033333,0
486.066667,0
486.1,0
486.133333,0
486.166667,0
486.2,0
486.233333,0
486.266667,0
486.3,0
486.333333,0
486.366667,0
486.4,0
486.433333,0
486.466667,0
486.5,0
486.533333,0
486.566667,0
486.6,0
486.633333,0
486.666667,0
486.7,0
486.733333,0
486.766667,0
486.8,0
486.833333,0
486.866667,0
486.9,0
486.933333,0
486.966667,0
487,0
487.033333,0
487.066667,0
487.1,0
487.133333,0
487.166667,0
487.2,0
487.233333,0
487.266667,0
487.3,0
487.333333,0
487.366667,0
487.4,0
487.433333,0
487.466667,0
487.5,0
487.533333,0
487.566667,0
487.6,0
487.633333,0
487.666667,0
487.7,0
487.733333,0
487.766667,0
487.8,0
487.833333,0
487.866667,0
487.9,0
487.933333,0
487.966667,0
488,0
488.033333,0
488.066667,0
488.1,0
488.133333,0
488.166667,0
488.2,0
488.233333,0
488.266667,0
488.3,0
488.333333,0
488.366667,0
488.4,0
488.433333,0
488.466667,0
488.5,0
488.533333,0
488.566667,0
488.6,0
488.633333,0
488.666667,0
488.7,0
488.733333,0
488.766667,0
488.8,0
488.833333,0
488.866667,0
488.9,0
488.933333,0
488.966667,0
489,0
489.033333,0
489.066667,0
489.1,0
489.133333,0
489.166667,0
489.2,0
489.233333,0
489.266667,0
489.3,0
489.333333,0
489.366667,0
489.4,0
489.433333,0
489.466667,0
489.5,0
489.533333,0
489.566667,0
489.6,0
489.633333,0
489.666667,0
489.7,0
489.733333,0
489.766667,0
489.8,0
489.833333,0
489.866667,0
489.9,0
489.933333,0
489.966667,0
490,0
490.033333,0
490.066667,0
490.1,0
490.133333,0
490.166667,0
490.2,0
490.233333,0
490.266667,0
490.3,0
490.333333,0
490.366667,0
490.4,0
490.433333,0
490.466667,0
490.5,0
490.533333,0
490.566667,0
490.6,0
490.633333,0
490.666667,0
490.7,0
490.733333,0
490.766667,0
490.8,0
490.833333,0
490.866667,0
490.9,0
490.933333,0
490.966667,0
491,0
491.033333,0
491.066667,0
491.1,0
491.133333,0
491.166667,0
491.2,0
491.233333,0
491.266667,0
491.3,0
491.333333,0
491.366667,0
491.4,0
491.433333,0
491.466667,0
491.5,0
491.533333,0
491.566667,0
491.6,0
491.633333,0
491.666667,0
491.7,0
491.733333,0
491.766667,0
491.8,0
491.833333,0
491.866667,0
491.9,0
491.933333,0
491.966667,0
492,0
492.033333,0
492.066667,0
492.1,0
492.133333,0
492.166667,0
492.2,0
492.233333,0
492.266667,0
492.3,0
492.333333,0
492.366667,0
492.4,0
492.433333,0
492.466667,0
492.5,0
492.533333,0
492.566667,0
492.6,0
492.633333,0
492.666667,0
492.7,0
492.733333,0
492.766667,0
492.8,0
492.833333,0
492.866667,0
492.9,0
492.933333,0
492.966667,0
493,0
493.033333,0
493.066667,0
493.1,0
493.133333,0
493.166667,0
493.2,0
493.233333,0
493.266667,0
493.3,0
493.333333,0
493.366667,0
493.4,0
493.433333,0
493.466667,0
493.5,0
493.533333,0
493.566667,0
493.6,0
493.633333,0
493.666667,0
493.7,0
493.733333,0
493.766667,0
493.8,0
493.833333,0
493.866667,0
493.9,0
493.933333,0
493.966667,0
494,0
494.033333,0
494.066667,0
494.1,0
494.133333,0
494.166667,0
494.2,0
494.233333,1.092
494.266667,0
494.3,0
494.333333,0
494.366667,0
494.4,0
494.433333,0
494.466667,0
494.5,0
494.533333,0
494.566667,0
494.6,0
494.633333,0
494.666667,0
494.7,0
494.733333,0
494.766667,0
494.8,0
494.833333,0
494.866667,0
494.9,0
494.933333,0
494.966667,0
495,0
495.033333,0
495.066667,0
495.1,0
495.133333,0
495.166667,0
495.2,0
495.233333,0
495.266667,0
495.3,0
495.333333,0
495.366667,0
495.4,0
495.433333,0
495.466667,0
495.5,0
495.533333,0
495.566667,0
495.6,0
495.633333,0
495.666667,0
495.7,0
495.733333,0
495.766667,0
495.8,0
495.833333,0
495.866667,0
495.9,0
495.933333,0
495.966667,0
496,0
496.033333,0
496.066667,0
496.1,0
496.133333,0
496.166667,0
496.2,0
496.233333,0
496.266667,0
496.3,0
496.333333,0
496.366667,0
496.4,0
496.433333,0
496.466667,0
496.5,0
496.533333,0
496.566667,0
496.6,0
496.633333,0
496.666667,0
496.7,0
496.733333,0
496.766667,0
496.8,0
496.833333,0
496.866667,0
496.9,0
496.933333,0
496.966667,0
497,0
497.033333,0
497.066667,0
497.1,0
497.133333,0
497.166667,0
497.2,0
497.233333,0
497.266667,0
497.3,0
497.333333,0
497.366667,0
497.4,0
497.433333,0
497.466667,0
497.5,0
497.533333,0
497.566667,0
497.6,0
497.633333,0
497.666667,0
497.7,0
497.733333,0
497.766667,0
497.8,0
497.833333,0
497.866667,0
497.9,0
497.933333,0
497.966667,0
498,0
498.033333,0
498.066667,0
498.1,0
498.133333,0
498.166667,0
498.2,0
498.233333,0
498.266667,0
498.3,0
498.333333,0
498.366667,0
498.4,0
498.433333,0
498.466667,0
498.5,0
498.533333,0
498.566667,0
498.6,0
498.633333,0
498.666667,0
498.7,0
498.733333,0
498.766667,0
498.8,0
498.833333,0
498.866667,0
498.9,0
498.933333,0
498.966667,0
499,0
499.033333,0
499.066667,0
499.1,0
499.133333,0
499.166667,0
499.2,0
499.233333,0
499.266667,0
499.3,0
499.333333,0
499.366667,0
499.4,0
499.433333,0
499.466667,0
499.5,0
499.533333,0
499.566667,0
499.6,0
499.633333,0
499.666667,0
499.7,0
499.733333,0
499.766667,0
499.8,0
499.833333,0
499.866667,0
499.9,0
499.933333,0
499.966667,0
500,0
500.033333,0
500.066667,0
500.1,0
500.133333,0
500.166667,0
500.2,0
500.233333,0
500.266667,0
500.3,0
500.333333,0
500.366667,0
500.4,0
500.433333,0
500.466667,0
500.5,0
500.533333,0
500.566667,0
500.6,0
500.633333,0
500.666667,0
500.7,0
500.733333,0
500.766667,0
500.8,0
500.833333,0
500.866667,0
500.9,0
500.933333,0
500.966667,0
501,0
501.033333,0
501.066667,0
501.1,0
501.133333,0
501.166667,0
501.2,0
501.233333,0
501.266667,0
501.3,0
501.333333,0
501.366667,0
501.4,0
501.433333,0
501.466667,0
501.5,0
501.533333,0
501.566667,0
501.6,0
501.633333,0
501.666667,0
501.7,0
501.733333,0
501.766667,0
501.8,0
501.833333,0
501.866667,0
501.9,0
501.933333,0
501.966667,0
502,0
502.033333,0
502.066667,0
502.1,0
502.133333,0
502.166667,0
502.2,0
502.233333,0
502.266667,0
502.3,0
502.333333,0
502.366667,0
502.4,0
502.433333,0
502.466667,0
502.5,0
502.533333,0
502.566667,0
502.6,0
502.633333,0
502.666667,0
502.7,0
502.733333,0
502.766667,0
502.8,0
502.833333,0
502.866667,0
502.9,0
502.933333,0
502.966667,0
503,0
503.033333,0
503.066667,0
503.1,0
503.133333,0
503.166667,0
503.2,0
503.233333,0
503.266667,0
503.3,0
503.333333,0
503.366667,0
503.4,0
503.433333,0
503.466667,0
503.5,0
503.533333,0
503.566667,0
503.6,0
503.633333,0
503.666667,0
503.7,0
503.733333,0
503.766667,0
503.8,0
503.833333,0
503.866667,0
503.9,0
503.933333,0
503.966667,0
504,0
504.033333,0
504.066667,0
504.1,0
504.133333,0
504.166667,0
504.2,0
504.233333,0
504.266667,0
504.3,0
504.333333,0
504.366667,0
504.4,0
504.433333,0
504.466667,0
504.5,0
504.533333,0
504.566667,0
504.6,0
504.633333,0
504.666667,0
504.7,0
504.733333,0
504.766667,0
504.8,0
504.833333,0
504.866667,0
504.9,0
504.933333,0
504.966667,0
505,0
505.033333,0
505.066667,0
505.1,0
505.133333,0
505.166667,0
505.2,0
505.233333,0
505.266667,0
505.3,0
505.333333,0
505.366667,0
505.4,0
505.433333,0
505.466667,0
505.5,0
505.533333,0
505.566667,0
505.6,0
505.633333,0
505.666667,0
505.7,0
505.733333,0
505.766667,0
505.8,0
505.833333,0
505.866667,0
505.9,0
505.933333,0
505.966667,0
506,0
506.033333,0
506.066667,0
506.1,0
506.133333,0
506.166667,0
506.2,0
506.233333,0
506.266667,0
506.3,0
506.333333,0
506.366667,0
506.4,0
506.433333,0
506.466667,0
506.5,0
506.533333,0
506.566667,0
506.6,0
506.633333,0
506.666667,0
506.7,0
506.733333,0
506.766667,0
506.8,0
506.833333,0
506.866667,0
506.9,0
506.933333,0
506.966667,0
507,0
507.033333,0
507.066667,0
507.1,0
507.133333,0
507.166667,0
507.2,0
507.233333,0
507.266667,0
507.3,0
507.333333,0
507.366667,0
507.4,0
507.433333,0
507.466667,0
507.5,0
507.533333,0
507.566667,0
507.6,0
507.633333,0
507.666667,0
507.7,0
507.733333,0
507.766667,0
507.8,0
507.833333,0
507.866667,0
507.9,0
507.933333,0
507.966667,0
508,0
508.033333,0
508.066667,0
508.1,0
508.133333,0
508.166667,0
508.2,0
508.233333,0
508.266667,0
508.3,0
508.333333,0
508.366667,0
508.4,0
508.433333,0
508.466667,0
508.5,0
508.533333,0
508.566667,0
508.6,0
508.633333,0
508.666667,0
508.7,0
508.733333,0
508.766667,0
508.8,0
508.833333,0
508.866667,0
508.9,0
508.933333,0
508.966667,0
509,0
509.033333,0
509.066667,0
509.1,0
509.133333,0
509.166667,0
509.2,0
509.233333,0
509.266667,0
509.3,0
509.333333,0
509.366667,0
509.4,0
509.433333,0
509.466667,0
509.5,0
509.533333,0
509.566667,0
509.6,0
509.633333,0
509.666667,0
509.7,0
509.733333,0
509.766667,0
509.8,0
509.833333,0
509.866667,0
509.9,0
509.933333,0
509.966667,0
510,0
510.033333,0
510.066667,0
510.1,0
510.133333,0
510.166667,0
510.2,0
510.233333,0
510.266667,0
510.3,0
510.333333,0
510.366667,0
510.4,0
510.433333,0
510.466667,0
510.5,0
510.533333,0
510.566667,0
510.6,0
510.633333,0
510.666667,0
510.7,0
510.733333,0
510.766667,0
510.8,0
510.833333,0
510.866667,0
510.9,0
510.933333,0
510.966667,0
511,0
511.033333,0
511.066667,0
511.1,0
511.133333,0
511.166667,0
511.2,0
511.233333,0
511.266667,0
511.3,0
511.333333,0
511.366667,0
511.4,0
511.433333,0
511.466667,0
511.5,0
511.533333,0
511.566667,0
511.6,0
511.633333,0
511.666667,0
511.7,0
511.733333,0
511.766667,0
511.8,0
511.833333,0
511.866667,0
511.9,0
511.933333,0
511.966667,0
512,0
512.033333,0
512.066667,0
512.1,0
512.133333,0
512.166667,0
512.2,0
512.233333,0
512.266667,0
512.3,0
512.333333,0
512.366667,0
512.4,0
512.433333,0
512.466667,0
512.5,0
512.533333,0
512.566667,0
512.6,0
512.633333,0
512.666667,0
512.7,0
512.733333,0
512.766667,0
512.8,0
512.833333,0
512.866667,0
512.9,0
512.933333,0
512.966667,0
513,0
513.033333,0
513.066667,0
513.1,0
513.133333,0
513.166667,0
513.2,0
513.233333,0
513.266667,0
513.3,0
513.333333,0
513.366667,0
513.4,0
513.433333,0
513.466667,0
513.5,0
513.533333,0
513.566667,0
513.6,0
513.633333,0
513.666667,0
513.7,0
513.733333,0
513.766667,0
513.8,0
513.833333,0
513.866667,0
513.9,0
513.933333,0
513.966667,0
514,0
514.033333,0
514.066667,0
514.1,0
514.133333,0
514.166667,0
514.2,0
514.233333,0
514.266667,0
514.3,0
514.333333,0
514.366667,0
514.4,0
514.433333,0
514.466667,0
514.5,0
514.533333,0
514.566667,0
514.6,0
514.633333,0
514.666667,0
514.7,0
514.733333,0
514.766667,0
514.8,0
514.833333,0
514.866667,0
514.9,0
514.933333,0
514.966667,0
515,0
515.033333,0
515.066667,0
515.1,0
515.133333,0
515.166667,0
515.2,0
515.233333,0
515.266667,0
515.3,0
515.333333,0
515.366667,0
515.4,0
515.433333,0
515.466667,0
515.5,0
515.533333,0
515.566667,0
515.6,0
515.633333,0
515.666667,0
515.7,0
515.733333,0
515.766667,0
515.8,0
515.833333,0
515.866667,0
515.9,0
515.933333,0
515.966667,0
516,0
516.033333,0
516.066667,0
516.1,0
516.133333,0
516.166667,0
516.2,0
516.233333,0
516.266667,0
516.3,0
516.333333,0
516.366667,0
516.4,0
516.433333,10.95
516.466667,0
516.5,0
516.533333,0
516.566667,0
516.6,0
516.633333,0
516.666667,0
516.7,0
516.733333,0
516.766667,0
516.8,0
516.833333,0
516.866667,0
516.9,0
516.933333,0
516.966667,0
517,0
517.033333,0
517.066667,0
517.1,0
517.133333,0
517.166667,0
517.2,0
517.233333,0
517.266667,0
517.3,0
517.333333,0
517.366667,0
517.4,0
517.433333,0
517.466667,0
517.5,0
517.533333,0
517.566667,0
517.6,0
517.633333,0
517.666667,0
517.7,0
517.733333,0
517.766667,0
517.8,0
517.833333,0
517.866667,0
517.9,0
517.933333,0
517.966667,0
518,0
518.033333,0
518.066667,0
518.1,0
518.133333,0
518.166667,0
518.2,0
518.233333,0
518.266667,0
518.3,0
518.333333,0
518.366667,0
518.4,0
518.433333,0
518.466667,0
518.5,0
518.533333,0
518.566667,0
518.6,0
518.633333,0
518.666667,0
518.7,0
518.733333,0
518.766667,0
518.8,0
518.833333,0
518.866667,0
518.9,0
518.933333,0
518.966667,0
519,0
519.033333,0
519.066667,0
519.1,0
519.133333,0
519.166667,0
519.2,0
519.233333,0
519.266667,0
519.3,0
519.333333,0
519.366667,0
519.4,0
519.433333,0
519.466667,0
519.5,0
519.533333,0
519.566667,0
519.6,0
519.633333,0
519.666667,0
519.7,0
519.733333,0
519.766667,0
519.8,0
519.833333,0
519.866667,0
519.9,0
519.933333,0
519.966667,0
520,0
520.033333,0
520.066667,0
520.1,0
520.133333,0
520.166667,0
520.2,0
520.233333,0
520.266667,0
520.3,0
520.333333,0
520.366667,0
520.4,0
520.433333,0
520.466667,0
520.5,0
520.533333,0
520.566667,0
520.6,0
520.633333,0
520.666667,0
520.7,0
520.733333,0
520.766667,0
520.8,0
520.833333,0
520.866667,0
520.9,0
520.933333,0
520.966667,0
521,0
521.033333,0
521.066667,0
521.1,0
521.133333,0
521.166667,0
521.2,0
521.233333,0
521.266667,0
521.3,0
521.333333,0
521.366667,0
521.4,0
521.433333,0
521.466667,0
521.5,0
521.533333,0
521.566667,0
521.6,0
521.633333,0
521.666667,0
521.7,0
521.733333,0
521.766667,0
521.8,0
521.833333,0
521.866667,0
521.9,0
521.933333,0
521.966667,0
522,0
522.033333,0
522.066667,0
522.1,0
522.133333,0
522.166667,0
522.2,0
522.233333,0
522.266667,0
522.3,0
522.333333,0
522.366667,0
522.4,0
522.433333,0
522.466667,0
522.5,0
522.533333,0
522.566667,0
522.6,0
522.633333,0
522.666667,0
522.7,0
522.733333,0
522.766667,0
522.8,0
522.833333,0
522.866667,0
522.9,0
522.933333,0
522.966667,0
523,0
523.033333,0
523.066667,0
523.1,0
523.133333,0
523.166667,0
523.2,0
523.233333,0
523.266667,0
523.3,0
523.333333,0
523.366667,0
523.4,0
523.433333,0
523.466667,0
523.5,0
523.533333,0
523.566667,0
523.6,0
523.633333,0
523.666667,0
523.7,0
523.733333,0
523.766667,0
523.8,0
523.833333,0
523.866667,0
523.9,0
523.933333,0
523.966667,0
524,0
524.033333,0
524.066667,0
524.1,0
524.133333,0
524.166667,0
524.2,0
524.233333,0
524.266667,0
524.3,0
524.333333,0
524.366667,0
524.4,0
524.433333,0
524.466667,0
524.5,0
524.533333,0
524.566667,0
524.6,0
524.633333,3.872
524.666667,0
524.7,0
524.733333,0
524.766667,0
524.8,0
524.833333,0
524.866667,0
524.9,0
524.933333,0
524.966667,0
525,0
525.033333,0
525.066667,0
525.1,0
525.133333,0
525.166667,0
525.2,0
525.233333,0
525.266667,0
525.3,0
525.333333,0
525.366667,0
525.4,0
525.433333,0
525.466667,0
525.5,0
525.533333,0
525.566667,0
525.6,0
525.633333,0
525.666667,0
525.7,0
525.733333,0
525.766667,0
525.8,0
525.833333,0
525.866667,0
525.9,0
525.933333,0
525.966667,0
526,0
526.033333,0
526.066667,0
526.1,0
526.133333,0
526.166667,0
526.2,0
526.233333,0
526.266667,0
526.3,0
526.333333,0
526.366667,0
526.4,0
526.433333,0
526.466667,0
526.5,0
526.533333,0
526.566667,0
526.6,0
526.633333,0
526.666667,0
526.7,0
526.733333,0
526.766667,0
526.8,0
526.833333,0
526.866667,0
526.9,0
526.933333,0
526.966667,0
527,0
527.033333,0
527.066667,0
527.1,0
527.133333,0
527.166667,0
527.2,0
527.233333,0
527.266667,0
527.3,0
527.333333,0
527.366667,0
527.4,0
527.433333,0
527.466667,0
527.5,0
527.533333,0
527.566667,0
527.6,0
527.633333,0
527.666667,0
527.7,0
527.733333,0
527.766667,0
527.8,0
527.833333,0
527.866667,0
527.9,0
527.933333,0
527.966667,0
528,0
528.033333,0
528.066667,0
528.1,0
528.133333,0
528.166667,0
528.2,0
528.233333,0
528.266667,0
528.3,0
528.333333,0
528.366667,0
528.4,0
528.433333,0
528.466667,0
528.5,0
528.533333,0
528.566667,0
528.6,0
528.633333,0
528.666667,0
528.7,0
528.733333,0
528.766667,0
528.8,0
528.833333,0
528.866667,0
528.9,0
528.933333,0
528.966667,0
529,0
529.033333,0
529.066667,0
529.1,0
529.133333,0
529.166667,0
529.2,0
529.233333,0
529.266667,0
529.3,0
529.333333,0
529.366667,0
529.4,0
529.433333,0
529.466667,0
529.5,0
529.533333,0
529.566667,0
529.6,0
529.633333,0
529.666667,0
529.7,0
529.733333,0
529.766667,0
529.8,0
529.833333,0
529.866667,0
529.9,0
529.933333,0
529.966667,0
530,0
530.033333,0
530.066667,0
530.1,0
530.133333,0
530.166667,0
530.2,0
530.233333,0
530.266667,0
530.3,0
530.333333,0
530.366667,0
530.4,0
530.433333,0
530.466667,0
530.5,0
530.533333,0
530.566667,0
530.6,0
530.633333,0
530.666667,0
530.7,0
530.733333,0
530.766667,0
530.8,0
530.833333,0
530.866667,0
530.9,0
530.933333,0
530.966667,0
531,0
531.033333,0
531.066667,0
531.1,0
531.133333,0
531.166667,0
531.2,0
531.233333,0
531.266667,0
531.3,0
531.333333,0.0045275
531.366667,0.0045775
531.4,0.0046175
531.433333,0.0046175
531.466667,0.0046225
531.5,0.0046075
531.533333,0.00463
531.566667,0.0043575
531.6,0.0044175
531.633333,0.00466
531.666667,0.0043825
531.7,0.00464
531.733333,0.0046725
531.766667,0.004425
531.8,0.0046075
531.833333,0.0044625
531.866667,0.00461
531.9,0.0046625
531.933333,0.00462
531.966667,0.0044325
532,0.005025
532.033333,0.00463
532.066667,0.0047375
532.1,0.004465
532.133333,0.00458
532.166667,0.0044775
532.2,0.00465
532.233333,0.00464
532.266667,0.0046825
532.3,0.0045225
532.333333,0.004565
532.366667,0.0045425
532.4,0.0047075
532.433333,0.004405
532.466667,0.0046125
532.5,0.00446
532.533333,0.0046325
532.566667,0.004445
532.6,0.004675
532.633333,0.00448
532.666667,0.0046225
532.7,0.0047225
532.733333,0.004705
532.766667,0.0044575
532.8,0.0045775
532.833333,0.004545
532.866667,0.004605
532.9,0.004535
532.933333,0.004575
532.966667,0.00455
533,0.005525
533.033333,0.004965
533.066667,0.0046775
533.1,0.004465
533.133333,0.0045275
533.166667,0.0045925
533.2,0.00453
533.233333,0.004485
533.266667,0.00454
533.3,0.0038675
533.333333,0.001345
533.366667,0.0001225
533.4,0.508055
533.433333,4
533.466667,4
533.5,4
533.533333,4
533.566667,4
533.6,4
533.633333,4
533.666667,4
533.7,4
533.733333,4
533.766667,4
533.8,4
533.833333,4
533.866667,4
533.9,4
533.933333,4
533.966667,4
534,0.0007825
534.033333,0.0006025
534.066667,0.000185
534.1,8
534.133333,6.5
534.166667,6
534.2,6
534.233333,6
534.266667,6
534.3,6
534.333333,6
534.366667,6
534.4,6
534.433333,6
534.466667,6
534.5,6
534.533333,6
534.566667,6
534.6,6
534.633333,6
534.666667,6
534.7,6
534.733333,6
534.766667,6
534.8,6
534.833333,6
534.866667,6
534.9,6
534.933333,6
534.966667,6
535,0.0006525
535.033333,0.0006025
535.066667,0.000185
535.1,8
535.133333,6.5
535.166667,6
535.2,6
535.233333,6
535.266667,6
535.3,6
535.333333,6
535.366667,6
535.4,6
535.433333,6
535.466667,6
535.5,6
535.533333,6
535.566667,6
535.6,6
535.633333,6
535.666667,6
535.7,6
535.733333,16.866
535.766667,0.03001
535.8,0.0920725
535.833333,0.016765
535.866667,0.01025
535.9,4.60212
535.933333,2.75886
535.966667,2.1713
536,2.03121
536.033333,1.20843
536.066667,0.337865
536.1,0.282523
536.133333,0.627077
536.166667,1.21459
536.2,1.13461
536.233333,0.563253
536.266667,0.005905
536.3,0.007635
536.333333,0.005925
536.366667,0.005575
536.4,0.00558
536.433333,0.00552
536.466667,0.00552
536.5,0.00552
536.533333,0.00552
536.566667,0.00552
536.6,0.00552
536.633333,0.00552
536.666667,0.00552
536.7,0.00552
536.733333,0.00552
536.766667,0.00552
536.8,0.00552
536.833333,0.00552
536.866667,0.00552
536.9,0.00552
536.933333,0.00552
536.966667,0.00552
537,0.059035
537.033333,0.050105
537.066667,0.01509
537.1,0.0077575
537.133333,0.564697
537.166667,0.601808
537.2,0.640827
537.233333,0.672148
537.266667,0.703178
537.3,0.730847
537.333333,0.74441
537.366667,0.747358
537.4,0.757243
537.433333,0.784038
537.466667,0.799917
537.5,0.824488
537.533333,0.81648
537.566667,0.815388
537.6,0.82036
537.633333,0.7893
537.666667,0.006275
537.7,0.00585
537.733333,0.00578
537.766667,0.00573
537.8,0.00573
537.833333,0.00573
537.866667,0.00573
537.9,0.00573
537.933333,0.00573
537.966667,0.00573
538,0.0569975
538.033333,0.0494825
538.066667,0.015055
538.1,0.0077775
538.133333,0.0064675
538.166667,0.0060075
538.2,0.00585
538.233333,0.00583
538.266667,0.00583
538.3,0.00583
538.333333,0.00583
538.366667,0.00583
538.4,0.00583
538.433333,0.00583
538.466667,0.00583
538.5,0.00583
538.533333,0.00583
538.566667,0.00583
538.6,0.00583
538.633333,0.00583
538.666667,0.00583
538.7,0.00583
538.733333,0.00583
538.766667,0.00583
538.8,0.00583
538.833333,0.00583
538.866667,0.00583
538.9,0.00583
538.933333,0.00583
538.966667,0.00583
539,0.05189
539.033333,0.0494825
539.066667,0.015055
539.1,0.0077775
539.133333,0.0064675
539.166667,0.0060075
539.2,0.00585
539.233333,0.00583
539.266667,0.00583
539.3,0.00583
539.333333,0.00583
539.366667,0.00583
539.4,0.00583
539.433333,0.00583
539.466667,0.00583
539.5,0.00583
539.533333,0.00583
539.566667,0.00583
539.6,0.00583
539.633333,0.00583
539.666667,0.00583
539.7,0.00583
539.733333,0.00583
539.766667,0.00583
539.8,0.00583
539.833333,0.00583
539.866667,0.00583
539.9,0.00583
539.933333,0.00583
539.966667,0.00583
540,0.05189
540.033333,0.0494825
540.066667,0.015055
540.1,0.0077775
540.133333,0.0064675
540.166667,0.0060075
540.2,0.00585
540.233333,0.00583
540.266667,0.00583
540.3,0.00583
540.333333,0.00583
540.366667,0.00583
540.4,0.00583
540.433333,0.00583
540.466667,0.00583
540.5,0.00583
540.533333,0.00583
540.566667,0.00583
540.6,0.00583
540.633333,0.00583
540.666667,0.00583
540.7,0.00583
540.733333,0.164722
540.766667,0.169472
540.8,0.172765
540.833333,0.173652
540.866667,0.17817
540.9,0.174737
540.933333,0.178565
540.966667,0.180165
541,0.23557
541.033333,0.228115
541.066667,0.203458
541.1,0.198852
541.133333,0.201585
541.166667,0.200673
541.2,0.208753
541.233333,0.213397
541.266667,0.2147
541.3,0.224995
541.333333,0.232488
541.366667,0.237012
541.4,0.237083
541.433333,0.245188
541.466667,0.25267
541.5,0.26814
541.533333,0.283587
541.566667,0.29576
541.6,0.30425
541.633333,0.326103
541.666667,0.365187
541.7,0.39796
541.733333,0.0324075
541.766667,0.0098975
541.8,0.02608
541.833333,0.0109025
541.866667,0.0072325
541.9,0.00654
541.933333,0.0068075
541.966667,0.0065
542,0.0770125
542.033333,0.0487275
542.066667,0.0152725
542.1,0.00774
542.133333,0.00645
542.166667,0.0059425
542.2,0.005815
542.233333,0.00583
542.266667,0.00583
542.3,0.00583
542.333333,0.00583
542.366667,0.00583
542.4,0.00583
542.433333,0.00583
542.466667,0.00583
542.5,0.00583
542.533333,0.00583
542.566667,0.00583
542.6,0.00583
542.633333,0.00583
542.666667,0.00583
542.7,0.00583
542.733333,0.00583
542.766667,0.00583
542.8,0.00583
542.833333,0.00583
542.866667,0.00583
542.9,0.00583
542.933333,0.00583
542.966667,0.00583
543,0.0507275
543.033333,0.0487275
543.066667,0.0152725
543.1,0.00774
543.133333,0.00645
543.166667,0.0059425
543.2,0.005815
543.233333,0.00583
543.266667,0.00583
543.3,0.00583
543.333333,0.00583
543.366667,0.00583
543.4,0.00583
543.433333,0.00583
543.466667,0.00583
543.5,0.00583
543.533333,0.00583
543.566667,0.00583
543.6,0.00583
543.633333,0.00583
543.666667,0.00583
543.7,0.00583
543.733333,0.00583
543.766667,0.00583
543.8,0.00583
543.833333,0.00583
543.866667,0.00583
543.9,0.00583
543.933333,0.00583
543.966667,0.00583
544,0.0507275
544.033333,0.0487275
544.066667,0.0152725
544.1,0.00774
544.133333,0.00645
544.166667,0.0059425
544.2,0.005815
544.233333,0.00583
544.266667,0.00583
544.3,0.00583
544.333333,0.00583
544.366667,0.00583
544.4,0.00583
544.433333,0.00583
544.466667,0.00583
544.5,0.00583
544.533333,0.00583
544.566667,0.00583
544.6,0.00583
544.633333,0.00583
544.666667,0.00583
544.7,0.00583
544.733333,0.00583
544.766667,0.00583
544.8,0.00583
544.833333,0.00583
544.866667,0.00583
544.9,0.00583
544.933333,0.00583
544.966667,0.00583
545,24.3351
545.033333,0.0204575
545.066667,0.006175
545.1,0.003035
545.133333,0.00274
545.166667,0.002625
545.2,0.002565
545.233333,0.00254
545.266667,0.00254
545.3,0.00254
545.333333,0.00254
545.366667,0.00254
545.4,0.00254
545.433333,0.00254
545.466667,0.00254
545.5,0.00254
545.533333,0.00254
545.566667,0.00254
545.6,0.00254
545.633333,0.00254
545.666667,0.00254
545.7,0.155378
545.733333,0.15709
545.766667,0.160645
545.8,0.163502
545.833333,0.165332
545.866667,0.169687
545.9,0.173925
545.933333,0.17684
545.966667,0.181515
546,0.198845
546.033333,0.205465
546.066667,0.197775
546.1,0.20076
546.133333,0.206418
546.166667,0.213205
546.2,0.220765
546.233333,0.228623
546.266667,0.239953
546.3,0.24912
546.333333,0.26316
546.366667,0.278487
546.4,0.296378
546.433333,0.32222
546.466667,0.34826
546.5,0.403715
546.533333,0.0047275
546.566667,0.0029475
546.6,0.00249
546.633333,0.00241
546.666667,0.00241
546.7,0.00241
546.733333,0.00241
546.766667,0.00241
546.8,0.00241
546.833333,0.00241
546.866667,0.00241
546.9,0.00241
546.933333,0.00241
546.966667,0.00241
547,0.025215
547.033333,0.01899
547.066667,0.0058025
547.1,0.00278
547.133333,0.002445
547.166667,0.00234
547.2,0.002295
547.233333,0.00227
547.266667,0.00227
547.3,0.00227
547.333333,0.00227
547.366667,0.00227
547.4,0.00227
547.433333,0.00227
547.466667,0.00227
547.5,0.00227
547.533333,0.00227
547.566667,0.00227
547.6,0.00227
547.633333,0.00227
547.666667,0.00227
547.7,0.00227
547.733333,24.533
547.766667,0.03283
547.8,0.0263175
547.833333,0.0204875
547.866667,0.022035
547.9,0.0233475
547.933333,0.0208675
547.966667,3.12003
548,0.08316
548.033333,0.0707675
548.066667,0.0273075
548.1,0.0215275
548.133333,0.020165
548.166667,0.021485
548.2,0.04349
548.233333,0.02697
548.266667,0.02338
548.3,0.025155
548.333333,0.0242125
548.366667,0.024935
548.4,0.025315
548.433333,2.60725
548.466667,0.0706925
548.5,0.092185
548.533333,0.044805
548.566667,0.04451
548.6,0.0567725
548.633333,0.009105
548.666667,0.12594
548.7,0.13637
548.733333,0.177675
548.766667,0.150413
548.8,0.151965
548.833333,0.151718
548.866667,0.156925
548.9,2.53907
548.933333,0.21556
548.966667,0.165885
549,0.213792
549.033333,0.168912
549.066667,0.16853
549.1,0.178113
549.133333,0.177565
549.166667,0.19088
549.2,0.190535
549.233333,0.1883
549.266667,0.19576
549.3,0.200605
549.333333,0.204662
549.366667,2.60687
549.4,0.215745
549.433333,0.30949
549.466667,0.249515
549.5,0.253922
549.533333,0.283785
549.566667,0.393282
549.6,0.438773
549.633333,0.348197
549.666667,0.0338475
549.7,0.00991
549.733333,0.00441
549.766667,2.58931
549.8,0.0623025
549.833333,0.0731075
549.866667,0.01403
549.9,0.173123
549.933333,0.20555
549.966667,0.24939
550,0.268395
550.033333,0.241797
550.066667,0.242035
550.1,0.25282
550.133333,0.25404
550.166667,0.269143
550.2,0.275427
550.233333,2.03862
550.266667,0.255468
550.3,0.392717
550.333333,0.341212
550.366667,0.270645
550.4,0.293293
550.433333,0.303735
550.466667,0.315665
550.5,0.4801
550.533333,0.41135
550.566667,0.469643
550.6,0.41618
550.633333,0.43927
550.666667,0.378177
550.7,1.91051
550.733333,0.38159
550.766667,0.622788
550.8,0.724085
550.833333,0.831675
550.866667,0.825623
550.9,0.175907
550.933333,0.0209725
550.966667,0.0143375
551,0.338392
551.033333,4
551.066667,0.0511725
551.1,0.0436025
551.133333,1.69737
551.166667,0.274087
551.2,0.286683
551.233333,0.0194625
551.266667,8
551.3,4
551.333333,0
551.366667,0
551.4,0.0062125
551.433333,0.003425
551.466667,0.058665
551.5,0.793645
551.533333,0.51872
551.566667,1.88592
551.6,0.0132575
551.633333,0.138437
551.666667,0.00682
551.7,0.0765425
551.733333,0.0080025
551.766667,0.4053
551.8,0.27127
551.833333,0.375635
551.866667,0.07337
551.9,0.0907375
551.933333,0.121148
551.966667,0.0756725
552,0.448947
552.033333,1.65588
552.066667,0.162275
552.1,0.103835
552.133333,0.149448
552.166667,0.0265825
552.2,0.00881
552.233333,0.00466
552.266667,0.0137975
552.3,0.0160475
552.333333,0.022455
552.366667,0.0640825
552.4,0.0354825
552.433333,0.0347775
552.466667,0.0326025
552.5,1.63743
552.533333,0.140467
552.566667,0.105275
552.6,0.140055
552.633333,0.0160875
552.666667,0.0099825
552.7,0.003185
552.733333,0.01066
552.766667,0.019845
552.8,0.0230825
552.833333,0.058515
552.866667,0.031135
552.9,0.0333775
552.933333,1.69302
552.966667,0.20524
553,0.286385
553.033333,0.124247
553.066667,0.0390975
553.1,0.020675
553.133333,0.003755
553.166667,0.005
553.2,0.027965
553.233333,0.0248825
553.266667,0.072
553.3,0.0396425
553.333333,0.032875
553.366667,1.89057
553.4,0.177095
553.433333,0.12682
553.466667,0.1516
553.5,0.0151525
553.533333,0.01078
553.566667,0.00279
553.6,0.0055875
553.633333,0.00862
553.666667,0.0250175
553.7,0.0315075
553.733333,0.021615
553.766667,0.018865
553.8,0.0641675
553.833333,1.63254
553.866667,0.151248
553.9,0.100458
553.933333,0.1373
553.966667,0.0009625
554,0.39669
554.033333,7
554.066667,0.000395
554.1,0.029245
554.133333,0.079145
554.166667,0.285372
554.2,0.149333
554.233333,0.0584725
554.266667,1.60573
554.3,0.040225
554.333333,0.0023875
554.366667,0.0017375
554.4,0.0905225
554.433333,0.09508
554.466667,0.137325
554.5,0.20137
554.533333,0.383005
554.566667,0.192933
554.6,0.0013425
554.633333,0.0120825
554.666667,0.0001175
554.7,0.009635
554.733333,0.0206375
554.766667,0.0399475
554.8,0.0264375
554.833333,0.045705
554.866667,1.67088
554.9,0.2418
554.933333,0.126617
554.966667,0.171948
555,0.398108
555.033333,0.00042
555.066667,0.0002825
555.1,0.00022
555.133333,2
555.166667,0.0384675
555.2,0.0812425
555.233333,0.076505
555.266667,0.15697
555.3,1.86809
555.333333,0.240377
555.366667,0.114157
555.4,0.002435
555.433333,0.0021125
555.466667,0.000575
555.5,0.0001525
555.533333,0.0003375
555.566667,0.073195
555.6,0.0393975
555.633333,0.149932
555.666667,0.0735675
555.7,0.0451375
555.733333,0.034525
555.766667,1.60924
555.8,0.1834
555.833333,0.00152
555.866667,0.0033775
555.9,0.0003725
555.933333,4.75
555.966667,0.00025
556,0.357563
556.033333,0.066865
556.066667,0.04373
556.1,0.034495
556.133333,0.0228325
556.166667,0.02025
556.2,1.626
556.233333,0.1424
556.266667,0.114102
556.3,0.140407
556.333333,0.0012
556.366667,0.01322
556.4,0.0003375
556.433333,0.01024
556.466667,0.00024
556.5,0.0293175
556.533333,0.0177175
556.566667,0.0132825
556.6,0.0114725
556.633333,0.04282
556.666667,1.65855
556.7,0.209833
556.733333,0.118157
556.766667,0.16344
556.8,0.12857
556.833333,0.0202225
556.866667,0.014505
556.9,0.001845
556.933333,0.008785
556.966667,0.0010025
557,0.304835
557.033333,0.06713
557.066667,0.0438275
557.1,1.8878
557.133333,0.192977
557.166667,0.105055
557.2,0.0028525
557.233333,0.001855
557.266667,1.5
557.3,0.0001675
557.333333,0.0001025
557.366667,0.03462
557.4,0.0425125
557.433333,0.0137675
557.466667,0.0132175
557.5,0.0150925
557.533333,1.54537
557.566667,0.0630325
557.6,0.0504775
557.633333,0.074115
557.666667,0.0411225
557.7,0.0297175
557.733333,0.222305
557.766667,0.185908
557.8,0.0667125
557.833333,0.043415
557.866667,0.0076625
557.9,0.0113475
557.933333,0.01838
557.966667,0.0310075
558,1.67766
558.033333,0.0459625
558.066667,0.08396
558.1,0.131357
558.133333,0.06722
558.166667,0.0285625
558.2,0.01474
558.233333,0.0112725
558.266667,0.01124
558.3,0.0149125
558.333333,0.01521
558.366667,0.0142425
558.4,0.0130175
558.433333,0.0129775
558.466667,1.68186
558.5,0.18342
558.533333,0.12681
558.566667,0.15277
558.6,0.107705
558.633333,0.0177575
558.666667,0.0148225
558.7,0.0022925
558.733333,0.0106
558.766667,0.012395
558.8,0.02431
558.833333,0.030475
558.866667,1.85248
558.9,0.171082
558.933333,0.10622
558.966667,0.154862
559,0.304765
559.033333,0.0643775
559.066667,0.0003
559.1,0.012845
559.133333,22.5691
559.166667,0.00033
559.2,0.000405
559.233333,0.0038425
559.266667,4.25
559.3,0.254238
559.333333,0.252773
559.366667,0.29224
559.4,0.145888
559.433333,0.04675
559.466667,0.027145
559.5,0.269217
559.533333,0.22365
559.566667,0.0305625
559.6,0.00735
559.633333,0.0132075
559.666667,0.0114425
559.7,0.0103
559.733333,0.0102025
559.766667,0.0060975
559.8,0.0020175
559.833333,0.0008225
559.866667,0.0007675
559.9,0.00067
559.933333,0.0007075
559.966667,0.0005
560,0.297955
560.033333,0.04509
560.066667,0.01491
560.1,0.0068475
560.133333,0.0058025
560.166667,0.0055975
560.2,0.005255
560.233333,0.005195
560.266667,0.00521
560.3,0.00519
560.333333,0.00519
560.366667,0.00519
560.4,0.00519
560.433333,0.00519
560.466667,0.00519
560.5,0.00519
560.533333,0.00519
560.566667,0.00519
560.6,0.00519
560.633333,0.00519
560.666667,0.00519
560.7,0.00519
560.733333,0.00519
560.766667,0.00519
560.8,0.00519
560.833333,0.00519
560.866667,0.00519
560.9,0.00519
560.933333,0.00519
560.966667,0.00519
561,0.0480425
561.033333,0.04509
561.066667,0.01491
561.1,0.0068475
561.133333,0.0058025
561.166667,0.0055975
561.2,0.005255
561.233333,0.005195
561.266667,0.00521
561.3,0.00519
561.333333,0.00519
561.366667,0.00519
561.4,0.00519
561.433333,0.00519
561.466667,0.00519
561.5,0.00519
561.533333,0.00519
561.566667,0.00519
561.6,0.00519
561.633333,0.00519
561.666667,0.00519
561.7,0.00519
561.733333,0.00519
561.766667,0.00519
561.8,0.00519
561.833333,0.00519
561.866667,0.00519
561.9,0.00519
561.933333,0.00519
561.966667,0.00519
562,0.0480425
562.033333,0.04509
562.066667,0.01491
562.1,0.0068475
562.133333,0.0058025
562.166667,0.0055975
562.2,0.005255
562.233333,0.005195
562.266667,0.00521
562.3,0.00519
562.333333,0.00519
562.366667,0.00519
562.4,0.00519
562.433333,0.00519
562.466667,0.00519
562.5,0.00519
562.533333,0.00519
562.566667,0.00519
562.6,0.00519
562.633333,0.00519
562.666667,0.00519
562.7,0.00519
562.733333,0.00519
562.766667,0.00519
562.8,0.00519
562.833333,0.00519
562.866667,0.00519
562.9,0.00519
562.933333,0.00519
562.966667,0.00519
563,0.0480425
563.033333,0.04509
563.066667,0.01491
563.1,0.0068475
563.133333,10.1851
563.166667,0.0093325
563.2,0.005705
563.233333,0.0051275
563.266667,0.0049575
563.3,0.00486
563.333333,0.00485
563.366667,0.00485
563.4,0.00485
563.433333,0.00485
563.466667,0.00485
563.5,0.00485
563.533333,0.00485
563.566667,0.00485
563.6,0.00485
563.633333,0.00485
563.666667,0.00485
563.7,0.00485
563.733333,0.00485
563.766667,0.00485
563.8,0.00485
563.833333,0.00485
563.866667,0.00485
563.9,0.00485
563.933333,0.00485
563.966667,0.00485
564,0.05282
564.033333,0.0432675
564.066667,0.01345
564.1,0.0065
564.133333,0.00555
564.166667,0.0050925
564.2,0.004905
564.233333,0.004895
564.266667,0.00491
564.3,0.00489
564.333333,0.00489
564.366667,0.00489
564.4,0.00489
564.433333,0.00489
564.466667,0.00489
564.5,0.00489
564.533333,0.00489
564.566667,0.00489
564.6,0.00489
564.633333,0.00489
564.666667,0.00489
564.7,0.00489
564.733333,0.00489
564.766667,0.00489
564.8,0.00489
564.833333,0.00489
564.866667,0.00489
564.9,0.00489
564.933333,0.00489
564.966667,0.00489
565,0.045435
565.033333,0.0432675
565.066667,0.01345
565.1,0.0065
565.133333,0.00555
565.166667,0.0050925
565.2,0.004905
565.233333,0.004895
565.266667,0.00491
565.3,0.00489
565.333333,0.00489
565.366667,0.00489
565.4,0.00489
565.433333,0.00489
565.466667,0.00489
565.5,0.00489
565.533333,0.00489
565.566667,0.00489
565.6,0.00489
565.633333,0.00489
565.666667,0.00489
565.7,0.00489
565.733333,0.00489
565.766667,0.00489
565.8,0.00489
565.833333,0.00489
565.866667,0.00489
565.9,0.00489
565.933333,0.00489
565.966667,0.00489
566,0.045435
566.033333,0.0432675
566.066667,0.01345
566.1,0.0065
566.133333,0.00555
566.166667,0.0050925
566.2,0.004905
566.233333,0.004895
566.266667,0.00491
566.3,14.1209
566.333333,0.0128325
566.366667,0.0059625
566.4,0.0048775
566.433333,0.00471
566.466667,0.004615
566.5,0.004615
566.533333,0.004615
566.566667,0.00461
566.6,0.004615
566.633333,0.004615
566.666667,0.00461
566.7,0.004615
566.733333,0.004615
566.766667,0.00461
566.8,0.004615
566.833333,0.004615
566.866667,0.00461
566.9,0.004615
566.933333,0.004615
566.966667,0.00461
567,0.05619
567.033333,0.0393575
567.066667,0.0121675
567.1,0.0057325
567.133333,0.00497
567.166667,0.00468
567.2,0.00461
567.233333,0.0046
567.266667,0.00461
567.3,0.004595
567.333333,0.004595
567.366667,0.00459
567.4,0.004595
567.433333,0.004595
567.466667,0.00459
567.5,0.004595
567.533333,0.004595
567.566667,0.00459
567.6,0.004595
567.633333,0.004595
567.666667,0.00459
567.7,0.004595
567.733333,0.004595
567.766667,0.00459
567.8,0.004595
567.833333,0.004595
567.866667,0.00459
567.9,0.004595
567.933333,0.004595
567.966667,0.00459
568,0.0408725
568.033333,0.0393575
568.066667,0.0121675
568.1,0.0057325
568.133333,0.00497
568.166667,0.00468
568.2,0.00461
568.233333,0.0046
568.266667,0.00461
568.3,0.004595
568.333333,0.004595
568.366667,0.00459
568.4,0.004595
568.433333,0.004595
568.466667,0.00459
568.5,0.004595
568.533333,0.004595
568.566667,0.00459
568.6,0.004595
568.633333,0.004595
568.666667,4.64898
568.7,0.00813
568.733333,0.0053825
568.766667,0.0047075
568.8,0.00465
568.833333,0.0046
568.866667,0.0046
568.9,0.0046
568.933333,0.0046
568.966667,0.0046
569,0.049275
569.033333,0.0391875
569.066667,0.0121575
569.1,0.0055975
569.133333,0.004925
569.166667,0.00461
569.2,0.00454
569.233333,0.004545
569.266667,0.00456
569.3,0.00454
569.333333,0.00454
569.366667,0.00454
569.4,0.00454
569.433333,0.00454
569.466667,0.00454
569.5,0.00454
569.533333,0.00454
569.566667,0.00454
569.6,0.00454
569.633333,0.00454
569.666667,0.00454
569.7,0.00454
569.733333,0.00454
569.766667,0.00454
569.8,0.00454
569.833333,0.00454
569.866667,0.00454
569.9,0.00454
569.933333,0.00454
569.966667,0.00454
570,0.0405325
570.033333,0.0391875
570.066667,0.0121575
570.1,0.0055975
570.133333,0.004925
570.166667,0.00461
570.2,0.00454
570.233333,0.004545
570.266667,0.00456
570.3,0.00454
570.333333,0.00454
570.366667,0.00454
570.4,0.00454
570.433333,0.00454
570.466667,0.00454
570.5,0.00454
570.533333,0.00454
570.566667,0.00454
570.6,0.00454
570.633333,0.00454
570.666667,0.00454
570.7,0.00454
570.733333,0.00454
570.766667,0.00454
570.8,0.00454
570.833333,0.00454
570.866667,0.00454
570.9,0.00454
570.933333,0.00454
570.966667,0.00454
571,0.0405325
571.033333,0.0391875
571.066667,0.0121575
571.1,0.0055975
571.133333,0.004925
571.166667,0.00461
571.2,0.00454
571.233333,0.004545
571.266667,0.00456
571.3,0.00454
571.333333,0.00454
571.366667,0.00454
571.4,0.00454
571.433333,0.00454
571.466667,0.00454
571.5,0.00454
571.533333,0.00454
571.566667,0.00454
571.6,0.00454
571.633333,0.00454
571.666667,0.00454
571.7,0.00454
571.733333,0.00454
571.766667,0.00454
571.8,0.00454
571.833333,0.00454
571.866667,0.00454
571.9,0.00454
571.933333,0.00454
571.966667,0.00454
572,0.0405325
572.033333,0.0391875
572.066667,0.0121575
572.1,0.0055975
572.133333,0.004925
572.166667,0.00461
572.2,0.00454
572.233333,0.004545
572.266667,0.00456
572.3,0.00454
572.333333,0.00454
572.366667,0.00454
572.4,0.00454
572.433333,0.00454
572.466667,0.00454
572.5,0.00454
572.533333,0.00454
572.566667,0.00454
572.6,0.00454
572.633333,0.00454
572.666667,0.00454
572.7,0.00454
572.733333,0.00454
572.766667,0.00454
572.8,0.306945
572.833333,0.310675
572.866667,0.290253
572.9,0.293185
572.933333,0.31129
572.966667,0.31252
573,0.354218
573.033333,0.332145
573.066667,0.32043
573.1,0.310595
573.133333,0.318037
573.166667,0.319808
573.2,0.32308
573.233333,0.326757
573.266667,30.6331
573.3,0.332798
573.333333,0.339523
573.366667,0.342335
573.4,0.340203
573.433333,0.343037
573.466667,0.32967
573.5,0.338855
573.533333,0.364805
573.566667,0.37461
573.6,0.382997
573.633333,0.39592
573.666667,0.391902
573.7,0.422872
573.733333,0.50508
573.766667,0.638663
573.8,0.0046125
573.833333,0.0045425
573.866667,0.003755
573.9,0.00371
573.933333,0.003705
573.966667,0.00369
574,0.0688475
574.033333,0.0395975
574.066667,0.0128175
574.1,0.0064075
574.133333,0.005075
574.166667,0.0045025
574.2,0.004345
574.233333,0.00432
574.266667,0.00435
574.3,0.00431
574.333333,0.00431
574.366667,0.00431
574.4,0.00431
574.433333,0.00431
574.466667,0.00431
574.5,0.00431
574.533333,0.00431
574.566667,0.00431
574.6,0.00431
574.633333,0.00431
574.666667,0.00431
574.7,0.00431
574.733333,0.00431
574.766667,0.00431
574.8,0.00431
574.833333,0.00431
574.866667,0.00431
574.9,0.00431
574.933333,0.00431
574.966667,0.00431
575,0.04184
575.033333,0.0395975
575.066667,0.0128175
575.1,0.0064075
575.133333,0.005075
575.166667,2.18862
575.2,0.007255
575.233333,0.0046525
575.266667,0.00432
575.3,0.00429
575.333333,0.00429
575.366667,0.00429
575.4,0.00429
575.433333,0.00429
575.466667,0.00429
575.5,0.00429
575.533333,0.00429
575.566667,0.00429
575.6,0.00429
575.633333,0.00429
575.666667,0.00429
575.7,0.00429
575.733333,0.00429
575.766667,0.00429
575.8,0.00429
575.833333,0.00429
575.866667,0.00429
575.9,0.00429
575.933333,0.00429
575.966667,0.00429
576,0.0508875
576.033333,0.040885
576.066667,0.012775
576.1,0.0064475
576.133333,0.005065
576.166667,0.0045025
576.2,0.004365
576.233333,0.00434
576.266667,0.00437
576.3,0.00433
576.333333,0.00433
576.366667,0.00433
576.4,0.00433
576.433333,0.00433
576.466667,0.00433
576.5,0.00433
576.533333,0.00433
576.566667,0.00433
576.6,0.00433
576.633333,0.00433
576.666667,0.00433
576.7,0.00433
576.733333,0.00433
576.766667,0.00433
576.8,0.00433
576.833333,0.00433
576.866667,0.00433
576.9,0.00433
576.933333,0.00433
576.966667,3.39955
577,0.0543975
577.033333,0.0396
577.066667,0.0129725
577.1,0.0065975
577.133333,0.005225
577.166667,0.0046625
577.2,0.004505
577.233333,0.004475
577.266667,0.00449
577.3,0.00447
577.333333,0.00447
577.366667,0.00447
577.4,0.00447
577.433333,0.00447
577.466667,0.00447
577.5,0.00447
577.533333,0.00447
577.566667,0.00447
577.6,0.00447
577.633333,0.00447
577.666667,0.00447
577.7,0.00447
577.733333,0.00447
577.766667,0.00447
577.8,0.00447
577.833333,0.00447
577.866667,0.00447
577.9,0.00447
577.933333,0.00447
577.966667,0.00447
578,0.0418675
578.033333,0.0396
578.066667,0.0129725
578.1,0.0065975
578.133333,0.005225
578.166667,0.0046625
578.2,0.004505
578.233333,0.004475
578.266667,0.00449
578.3,0.00447
578.333333,0.00447
578.366667,0.00447
578.4,0.00447
578.433333,0.00447
578.466667,0.00447
578.5,0.00447
578.533333,0.00447
578.566667,0.00447
578.6,0.00447
578.633333,0.00447
578.666667,0.00447
578.7,0.00447
578.733333,0.00447
578.766667,0.00447
578.8,0.00447
578.833333,0.00447
578.866667,0.00447
578.9,0.00447
578.933333,0.00447
578.966667,0.00447
579,0.0418675
579.033333,0.0396
579.066667,0.0129725
579.1,0.0065975
579.133333,0.005225
579.166667,0.0046625
579.2,0.004505
579.233333,0.004475
579.266667,0.00449
579.3,0.00447
579.333333,0.00447
579.366667,0.00447
579.4,0.00447
579.433333,0.00447
579.466667,0.00447
579.5,0.00447
579.533333,0.00447
579.566667,0.00447
579.6,0.00447
579.633333,0.00447
579.666667,0.00447
579.7,0.00447
579.733333,0.00447
579.766667,0.00447
579.8,0.00447
579.833333,0.00447
579.866667,0.00447
579.9,0.00447
579.933333,0.00447
579.966667,0.00447
580,0.0418675
580.033333,0.0396
580.066667,0.0129725
580.1,0.0065975
580.133333,0.005225
580.166667,0.0046625
580.2,0.004505
580.233333,0.004475
580.266667,0.00449
580.3,0.00447
580.333333,0.00447
580.366667,0.00447
580.4,0.00447
580.433333,0.00447
580.466667,0.00447
580.5,0.00447
580.533333,0.00447
580.566667,0.00447
580.6,0.00447
580.633333,0.00447
580.666667,0.00447
580.7,0.00447
580.733333,0.00447
580.766667,0.00447
580.8,0.00447
580.833333,0.00447
580.866667,0.00447
580.9,0.00447
580.933333,0.00447
580.966667,0.00447
581,0.0418675
581.033333,0.0396
581.066667,0.0129725
581.1,0.0065975
581.133333,0.005225
581.166667,0.0046625
581.2,0.004505
581.233333,0.004475
581.266667,0.00449
581.3,0.00447
581.333333,0.00447
581.366667,0.00447
581.4,0.00447
581.433333,0.00447
581.466667,0.00447
581.5,0.00447
581.533333,0.00447
581.566667,0.00447
581.6,0.00447
581.633333,0.00447
581.666667,0.00447
581.7,0.00447
581.733333,0.00447
581.766667,0.00447
581.8,0.00447
581.833333,0.00447
581.866667,0.00447
581.9,0.00447
581.933333,0.00447
581.966667,0.00447
582,0.0418675
582.033333,0.0396
582.066667,0.0129725
582.1,0.0065975
582.133333,0.005225
582.166667,0.0046625
582.2,0.004505
582.233333,0.004475
582.266667,0.00449
582.3,0.00447
582.333333,0.00447
582.366667,1.21651
582.4,0.005885
582.433333,0.0046275
582.466667,0.00439
582.5,0.00438
582.533333,0.00439
582.566667,0.00439
582.6,0.00439
582.633333,0.00439
582.666667,0.00439
582.7,0.00439
582.733333,0.00439
582.766667,0.00439
582.8,0.00439
582.833333,0.00439
582.866667,0.00439
582.9,0.00439
582.933333,0.00439
582.966667,0.00439
583,0.04606
583.033333,0.0395975
583.066667,0.0128175
583.1,0.0064075
583.133333,0.005075
583.166667,0.0045025
583.2,0.004345
583.233333,0.00432
583.266667,0.00435
583.3,0.00431
583.333333,0.00431
583.366667,0.00431
583.4,0.00431
583.433333,0.00431
583.466667,0.00431
583.5,0.00431
583.533333,0.00431
583.566667,0.00431
583.6,0.00431
583.633333,0.00431
583.666667,0.00431
583.7,0.00431
583.733333,0.00431
583.766667,0.00431
583.8,0.00431
583.833333,0.00431
583.866667,0.00431
583.9,0.00431
583.933333,0.00431
583.966667,0.00431
584,0.04184
584.033333,0.0395975
584.066667,0.0128175
584.1,0.0064075
584.133333,0.005075
584.166667,0.0045025
584.2,0.004345
584.233333,0.00432
584.266667,0.00435
584.3,0.00431
584.333333,0.00431
584.366667,0.00431
584.4,0.00431
584.433333,0.00431
584.466667,0.00431
584.5,0.00431
584.533333,0.00431
584.566667,0.00431
584.6,0.00431
584.633333,0.00431
584.666667,0.00431
584.7,0.00431
584.733333,0.00431
584.766667,0.00431
584.8,0.00431
584.833333,0.00431
584.866667,0.00431
584.9,0.00431
584.933333,0.00431
584.966667,0.00431
585,0.04184
585.033333,0.0395975
585.066667,0.0128175
585.1,0.0064075
585.133333,0.005075
585.166667,0.0045025
585.2,0.004345
585.233333,0.00432
585.266667,0.00435
585.3,0.00431
585.333333,0.00431
585.366667,0.00431
585.4,0.00431
585.433333,0.00431
585.466667,0.00431
585.5,0.00431
585.533333,0.00431
585.566667,0.00431
585.6,0.00431
585.633333,0.00431
585.666667,0.00431
585.7,0.00431
585.733333,0.00431
585.766667,0.00431
585.8,0.00431
585.833333,0.00431
585.866667,0.00431
585.9,0.00431
585.933333,0.00431
585.966667,0.00431
586,0.04184
586.033333,0.0395975
586.066667,0.0128175
586.1,0.0064075
586.133333,0.005075
586.166667,0.0045025
586.2,0.004345
586.233333,0.00432
586.266667,0.00435
586.3,0.00431
586.333333,0.00431
586.366667,0.00431
586.4,0.00431
586.433333,0.00431
586.466667,0.00431
586.5,0.00431
586.533333,0.00431
586.566667,0.00431
586.6,0.00431
586.633333,0.00431
586.666667,0.00431
586.7,0.00431
586.733333,0.00431
586.766667,0.00431
586.8,0.00431
586.833333,0.00431
586.866667,0.00431
586.9,0.00431
586.933333,0.00431
586.966667,0.00431
587,0.04184
587.033333,0.0395975
587.066667,0.0128175
587.1,0.0064075
587.133333,0.005075
587.166667,0.0045025
587.2,0.004345
587.233333,0.00432
587.266667,0.00435
587.3,0.00431
587.333333,0.00431
587.366667,0.00431
587.4,0.00431
587.433333,0.00431
587.466667,0.00431
587.5,0.00431
587.533333,0.00431
587.566667,0.00431
587.6,0.00431
587.633333,0.00431
587.666667,0.00431
587.7,0.00431
587.733333,0.00431
587.766667,0.00431
587.8,0.00431
587.833333,43.8254
587.866667,0.0153625
587.9,0.0043
587.933333,0.0024575
587.966667,0.002215
588,0.0287175
588.033333,0.0183075
588.066667,0.00502
588.1,0.0028
588.133333,0.002245
588.166667,0.0023
588.2,0.00209
588.233333,0.00204
588.266667,0.00204
588.3,0.00204
588.333333,0.00204
588.366667,0.00204
588.4,0.00204
588.433333,0.00204
588.466667,0.00204
588.5,0.00204
588.533333,0.153792
588.566667,0.15872
588.6,0.162573
588.633333,0.164665
588.666667,0.168132
588.7,0.171675
588.733333,0.17606
588.766667,0.179792
588.8,0.182765
588.833333,0.189548
588.866667,0.193875
588.9,0.199297
588.933333,0.203737
588.966667,0.211888
589,0.23267
589.033333,0.23826
589.066667,0.23937
589.1,0.246053
589.133333,0.25874
589.166667,0.27169
589.2,0.290502
589.233333,0.30831
589.266667,0.330977
589.3,0.379858
589.333333,0.418915
589.366667,0.0040825
589.4,0.00237
589.433333,0.002065
589.466667,0.00204
589.5,0.00202
589.533333,0.00202
589.566667,0.00202
589.6,0.00202
589.633333,0.00202
589.666667,0.00202
589.7,0.00202
589.733333,0.00202
589.766667,0.00202
589.8,0.00202
589.833333,0.00202
589.866667,0.00202
589.9,0.00202
589.933333,0.00202
589.966667,0.00202
590,0.0200375
590.033333,0.016495
590.066667,0.0047025
590.1,0.0027575
590.133333,0.00225
590.166667,0.002295
590.2,0.00212
590.233333,0.00207
590.266667,0.00207
590.3,0.00207
590.333333,0.00207
590.366667,0.00207
590.4,0.00207
590.433333,0.00207
590.466667,0.00207
590.5,0.00207
590.533333,0.00207
590.566667,0.00207
590.6,0.00207
590.633333,0.00207
590.666667,0.00207
590.7,0.00207
590.733333,0.00207
590.766667,0.00207
590.8,0.00207
590.833333,0.00207
590.866667,0.00207
590.9,0.00207
590.933333,0.00207
590.966667,0.00207
591,0.017315
591.033333,0.016495
591.066667,0.0047025
591.1,0.0027575
591.133333,0.00225
591.166667,0.002295
591.2,0.00212
591.233333,0.00207
591.266667,0.00207
591.3,0.00207
591.333333,0.00207
591.366667,0.00207
591.4,0.00207
591.433333,0.00207
591.466667,0.00207
591.5,0.00207
591.533333,0.00207
591.566667,0.00207
591.6,0.00207
591.633333,0.00207
591.666667,0.00207
591.7,0.00207
591.733333,0.00207
591.766667,0.00207
591.8,0.00207
591.833333,0.00207
591.866667,0.00207
591.9,0.00207
591.933333,0.00207
591.966667,0.00207
592,0.017315
592.033333,0.016495
592.066667,0.0047025
592.1,0.0027575
592.133333,0.00225
592.166667,0.002295
592.2,0.00212
592.233333,0.00207
592.266667,0.00207
592.3,0.00207
592.333333,0.00207
592.366667,0.00207
592.4,0.00207
592.433333,0.00207
592.466667,0.00207
592.5,0.00207
592.533333,0.00207
592.566667,0.00207
592.6,0.00207
592.633333,0.00207
592.666667,0.00207
592.7,0.00207
592.733333,0.00207
592.766667,0.00207
592.8,0.00207
592.833333,0.00207
592.866667,0.00207
592.9,0.00207
592.933333,0.00207
592.966667,0.00207
593,0.017315
593.033333,0.016495
593.066667,0.0047025
593.1,0.0027575
593.133333,0.00225
593.166667,0.002295
593.2,0.00212
593.233333,0.00207
593.266667,0.00207
593.3,0.00207
593.333333,0.00207
593.366667,0.00207
593.4,0.00207
593.433333,0.00207
593.466667,0.00207
593.5,0.00207
593.533333,0.00207
593.566667,0.00207
593.6,0.00207
593.633333,0.00207
593.666667,0.00207
593.7,0.00207
593.733333,0.00207
593.766667,0.00207
593.8,0.00207
593.833333,0.00207
593.866667,0.00207
593.9,0.00207
593.933333,0.00207
593.966667,0.00207
594,0.017315
594.033333,0.016495
594.066667,0.0047025
594.1,0.0027575
594.133333,0.00225
594.166667,0.002295
594.2,0.00212
594.233333,0.00207
594.266667,0.00207
594.3,0.00207
594.333333,0.00207
594.366667,0.00207
594.4,0.00207
594.433333,0.00207
594.466667,0.00207
594.5,0.00207
594.533333,0.00207
594.566667,0.00207
594.6,0.00207
594.633333,0.00207
594.666667,0.00207
594.7,0.00207
594.733333,0.00207
594.766667,0.00207
594.8,0.00207
594.833333,0.00207
594.866667,0.00207
594.9,0.00207
594.933333,0.00207
594.966667,0.00207
595,0.017315
595.033333,0.016495
595.066667,0.0047025
595.1,0.0027575
595.133333,0.00225
595.166667,0.002295
595.2,0.00212
595.233333,0.00207
595.266667,20.0624
595.3,9
595.333333,0
595.366667,0
595.4,0
595.433333,0
595.466667,0
595.5,0.0064
595.533333,0.05993
595.566667,0.121625
595.6,0.200887
595.633333,0.310955
595.666667,0.464238
595.7,0.661345
595.733333,0.932275
595.766667,1.2465
595.8,1.5172
595.833333,1.6857
595.866667,1.7994
595.9,1.79905
595.933333,1.93069
595.966667,2.12107
596,2.36415
596.033333,2.51681
596.066667,2.61301
596.1,2.6671
596.133333,2.64057
596.166667,2.61139
596.2,2.6454
596.233333,2.69756
596.266667,2.74817
596.3,2.66162
596.333333,2.54341
596.366667,2.44826
596.4,2.20564
596.433333,1.98157
596.466667,1.83865
596.5,1.71688
596.533333,1.61407
596.566667,1.51365
596.6,1.41674
596.633333,1.3136
596.666667,1.22758
596.7,1.14106
596.733333,1.04081
596.766667,0.957932
596.8,0.88331
596.833333,0.782003
596.866667,0.70384
596.9,0.632898
596.933333,0.556845
596.966667,0.504923
597,0.82323
597.033333,1.44617
597.066667,2.27741
597.1,3.47424
597.133333,4.77189
597.166667,6.25552
597.2,7.80499
597.233333,9.05039
597.266667,9.73362
597.3,9.60471
597.333333,9.04355
597.366667,8.10029
597.4,3.78249
597.433333,3.23372
597.466667,2.81994
597.5,2.50107
597.533333,2.19279
597.566667,1.93283
597.6,1.70935
597.633333,1.50635
597.666667,1.32519
597.7,1.17086
597.733333,1.03533
597.766667,0.903133
597.8,0.787987
597.833333,0.66448
597.866667,0.605302
597.9,0.437457
597.933333,0.458832
597.966667,0.333097
598,0.28146
598.033333,0.201525
598.066667,0.135497
598.1,0.10776
598.133333,0.03818
598.166667,0.0001775
598.2,9
598.233333,8
598.266667,0.0221125
598.3,0.0015
598.333333,0.000685
598.366667,0.0001875
598.4,0.0001075
598.433333,0.0001
598.466667,0.0001
598.5,0.0001
598.533333,0.0001
598.566667,0.0001
598.6,0.0001
598.633333,0.0001
598.666667,0.0001
598.7,0.0001
598.733333,0.0001
598.766667,0.0001
598.8,0.0001
598.833333,0.0001
598.866667,0.0001
598.9,0.00084
598.933333,0.0033225
598.966667,0.004325
599,0.01242
599.033333,0.019725
599.066667,0.0266
599.1,0.0354725
599.133333,0.043845
599.166667,0.0507375
599.2,0.055765
599.233333,0.0589125
599.266667,0.0625125
599.3,0.0641125
599.333333,0.0601025
599.366667,0.0577325
599.4,0.05448
599.433333,0.053055
599.466667,0.0480025
599.5,0.04694
599.533333,0.0434175
599.566667,0.040195
599.6,0.036785
599.633333,0.032295
599.666667,0.028535
599.7,0.0249925
599.733333,0.02248
599.766667,0.0165375
599.8,0.0124
599.833333,0.0084875
599.866667,0.0073125
599.9,0.0075525
599.933333,0.004565
599.966667,0.00063
600,0.0033
600.033333,0.0011625
600.066667,0.0002225
600.1,0.000125
600.133333,0.00012
600.166667,0.00012
600.2,0.00012
600.233333,0.00012
600.266667,0.0270375
600.3,0.00413
600.333333,0.00139
600.366667,0.00159
600.4,0.00024
600.433333,0.00012
600.466667,0.00012
600.5,0.00012
600.533333,0.00012
600.566667,0.00012
600.6,0.00012
600.633333,0.00012
600.666667,0.00012
600.7,0.00012
600.733333,0.00012
600.766667,0.00012
600.8,0.00012
600.833333,0.00012
600.866667,0.00012
600.9,0.00012
600.933333,0.00012
600.966667,0.00012
601,0.003635
601.033333,0.00168
