t,YDIF
0,0
0.0333667,0.101068
0.0667333,0.08548
0.1001,0.0095925
0.133467,0.000815
0.166833,6
0.2002,3
0.233567,0
0.266933,0
0.3003,0
0.333667,0
0.367033,0
0.4004,0
0.433767,0
0.467133,0
0.5005,0
0.533867,0
0.567233,0
0.6006,0
0.633967,0
0.667333,0
0.7007,0
0.734067,0
0.767433,0
0.8008,0
0.834167,0
0.867533,0
0.9009,0
0.934267,0
0.967633,0
1.001,0.0660825
1.034367,0.00147
1.067733,4
1.1011,0
1.134467,0
1.167833,0
1.2012,0
1.234567,0
1.267933,0
1.3013,0
1.334667,0
1.368033,0
1.4014,0
1.434767,0
1.468133,0
1.5015,0
1.534867,0
1.568233,0
1.6016,0
1.634967,0
1.668333,0
1.7017,0
1.735067,0
1.768433,0
1.8018,0
1.835167,0
1.868533,0
1.9019,0
1.935267,0.0048175
1.968633,5.85604
2.002,19.0782
2.035367,20.6916
2.068733,12.1851
2.1021,0.161128
2.135467,0.0151725
2.168833,0.001115
2.2022,3
2.235567,0
2.268933,0
2.3023,0
2.335667,0
2.369033,0
2.4024,0
2.435767,0
2.469133,0
2.5025,9.10422
2.535867,9.46636
2.569233,9.78947
2.6026,10.1099
2.635967,10.1083
2.669333,9.60686
2.7027,0.0197375
2.736067,0.0017625
2.769433,7
2.8028,0
2.836167,0
2.869533,0
2.9029,0
2.936267,0
2.969633,0
3.003,0.113485
3.036367,0.00256
3.069733,0.00015
3.1031,0
3.136467,0
3.169833,0
3.2032,0
3.236567,0
3.269933,0
3.3033,0
3.336667,0
3.370033,0
3.4034,0
3.436767,0
3.470133,15.0985
3.5035,0.0134425
3.536867,0.00145
3.570233,3
3.6036,0.109812
3.636967,0.00055
3.670333,0.076535
3.7037,0.0009325
3.737067,0.127105
3.770433,0.00146
3.8038,0.18875
3.837167,0.0231675
3.870533,0.001525
3.9039,0.00011
3.937267,3
3.970633,0.0577475
4.004,0.0638775
4.037367,0.004085
4.070733,0.0055825
4.1041,0.179627
4.137467,0.0024475
4.170833,0.056965
4.2042,0.00011
4.237567,6
4.270933,0
4.3043,0
4.337667,0.05692
4.371033,0.00014
4.4044,0.0569825
4.437767,6
4.471133,0
4.5045,0
4.537867,0
4.571233,0
4.6046,0.0567625
4.637967,0.0003375
4.671333,0.056155
4.7047,0.0005
4.738067,0.00013
4.771433,0
4.8048,0.110067
4.838167,0.0005725
4.871533,0.11051
4.9049,0.0022725
4.938267,0.11128
4.971633,0.000435
5.005,0.0109475
5.038367,0.003615
5.071733,0.06002
5.1051,0.000165
5.138467,0.059735
5.171833,0.0001
5.2052,0.073065
5.238567,0.002155
5.271933,9
5.3053,0
5.338667,0
5.372033,0.0042025
5.4054,0.160857
5.438767,0.00227
5.472133,0.05197
5.5055,0.00236
5.538867,0.104685
5.572233,0.000775
5.6056,2.94094
5.638967,1.82649
5.672333,12.278
5.7057,2.46083
5.739067,1.82824
5.772433,2.49052
5.8058,2.55816
5.839167,2.58893
5.872533,2.70606
5.9059,2.04185
5.939267,3.00791
5.972633,1.73738
6.006,1.86723
6.039367,1.69272
6.072733,1.86613
6.1061,1.73401
6.139467,1.95394
6.172833,1.74937
6.2062,1.79238
6.239567,1.77082
6.272933,1.77722
6.3063,2.50731
6.339667,1.87846
6.373033,1.78344
6.4064,2.02653
6.439767,2.52079
6.473133,1.84386
6.5065,2.53344
6.539867,1.96115
6.573233,2.58067
6.6066,0.07699
6.639967,0.0026925
6.673333,0.00012
6.7067,0
6.740067,0
6.773433,0
6.8068,0.047835
6.840167,0.0005225
6.873533,4
6.9069,0
6.940267,0.0058125
6.973633,0.142022
7.007,0.154955
7.040367,0.037565
7.073733,0.001505
7.1071,0.08225
7.140467,0.00149
7.173833,0.0340675
7.2072,0.000545
7.240567,0.08207
7.273933,0.000765
7.3073,0.0001
7.340667,0
7.374033,0
7.4074,0.00014
7.440767,0.0826875
7.474133,0.001075
7.5075,0.00012
7.540867,3
7.574233,0
7.6076,0
7.640967,0
7.674333,0.0824375
7.7077,0.000885
7.741067,0.0418375
7.774433,0.00071
7.8078,0.0416625
7.841167,0.000435
7.874533,0.286725
7.9079,0.0013275
7.941267,0.149328
7.974633,0.014525
8.008,0.148358
8.041367,0.044885
8.074733,0.16253
8.1081,0.0039225
8.141467,0.184977
8.174833,0.0021525
8.2082,0.16246
8.241567,0.00266
8.274933,0.103895
8.3083,0.001585
8.341667,0.00143
8.375033,0.001935
8.4084,0.0874025
8.441767,0.00201
8.475133,0.152888
8.5085,0.001635
8.541867,0.0013975
8.575233,0.001375
8.6086,0.001375
8.641967,0.001375
8.675333,0.001375
8.7087,0.001375
8.742067,0.001375
8.775433,0.001375
8.8088,0.001375
8.842167,0.001375
8.875533,0.08881
8.9089,0.001985
8.942267,0.0014975
8.975633,0.0014025
9.009,0.136195
9.042367,0.0022275
9.075733,0.02978
9.1091,0.0010325
9.142467,0.000545
9.175833,0.00051
9.2092,0.00051
9.242567,0.00051
9.275933,0.00051
9.3093,0.216845
9.342667,0.001755
9.376033,0.0493275
9.4094,0.0047875
9.442767,62.6061
9.476133,0.0067625
9.5095,0.0016925
9.542867,0.0012125
9.576233,0.001175
9.6096,0.001205
9.642967,0.0012625
9.676333,0.0067975
9.7097,0.001185
9.743067,0.00117
9.776433,0.001165
9.8098,0.001165
9.843167,0.006835
9.876533,0.0058325
9.9099,0.001165
9.943267,0.001155
9.976633,0.0115175
10.01,0.0669425
10.043367,0.003405
10.076733,0.0008
10.1101,0.0006775
10.143467,0.00067
10.176833,0.00067
10.2102,0.00067
10.243567,0.00067
10.276933,0.00067
10.3103,0.00067
10.343667,0.00067
10.377033,0.00067
10.4104,0.00067
10.443767,0.00067
10.477133,0.00067
10.5105,0.0029525
10.543867,0.001885
10.577233,0.00077
10.6106,0.00069
10.643967,0.0006675
10.677333,0.00066
10.7107,0.00066
10.744067,0.00066
10.777433,0.00066
10.8108,0.00066
10.844167,0.00066
10.877533,0.00066
10.9109,0.00066
10.944267,0.00066
10.977633,0.00066
11.011,0.005535
11.044367,0.00343
11.077733,0.00079
11.1111,0.0006975
11.144467,0.0027575
11.177833,2.14427
11.2112,5.07074
11.244567,6.10238
11.277933,6.32479
11.3113,5.50174
11.344667,2.63373
11.378033,0.91316
11.4114,2.57676
11.444767,5.55638
11.478133,6.48587
11.5115,5.8978
11.544867,5.08446
11.578233,2.27015
11.6116,4.07902
11.644967,5.66875
11.678333,6.50885
11.7117,5.91129
11.745067,4.52635
11.778433,1.26763
11.8118,0.007795
11.845167,0.0034275
11.878533,0.00258
11.9119,0.00213
11.945267,0.0019225
11.978633,0.0020175
12.012,0.060715
12.045367,0.0034175
12.078733,0.0009675
12.1121,0.0008375
12.145467,0.00077
12.178833,0.00077
12.2122,0.00077
12.245567,0.00077
12.278933,0.00077
12.3123,0.00077
12.345667,0.00077
12.379033,0.00077
12.4124,0.00077
12.445767,0.00077
12.479133,0.00077
12.5125,0.00077
12.545867,0.00077
12.579233,0.00077
12.6126,0.00077
12.645967,0.00077
12.679333,0.00077
12.7127,0.00077
12.746067,0.01195
12.779433,0.411013
12.8128,3.21926
12.846167,5.22633
12.879533,6.11828
12.9129,5.80132
12.946267,4.75728
12.979633,2.19599
13.013,2.51817
13.046367,5.19997
13.079733,6.12836
13.1131,6.03886
13.146467,4.71782
13.179833,2.23355
13.2132,3.59477
13.246567,5.62369
13.279933,6.41395
13.3133,5.9888
13.346667,5.23736
13.380033,2.78788
13.4134,4.74793
13.446767,6.21686
13.480133,6.76689
13.5135,6.29187
13.546867,4.50332
13.580233,1.07753
13.6136,0.0218625
13.646967,0.004635
13.680333,0.002935
13.7137,0.00282
13.747067,0.002525
13.780433,0.0024675
13.8138,0.002455
13.847167,0.002435
13.880533,0.002435
13.9139,0.002435
13.947267,0.002435
13.980633,0.002435
14.014,0.072935
14.047367,13.232
14.080733,0.0022225
14.1141,0.0006225
14.147467,0.000335
14.180833,0.00028
14.2142,0.00027
14.247567,0.00027
14.280933,0.00027
14.3143,0.00027
14.347667,0.00027
14.381033,0.00027
14.4144,0.00027
14.447767,0.00027
14.481133,0.00027
14.5145,0.00027
14.547867,0.00027
14.581233,0.00027
14.6146,0.00027
14.647967,0.00027
14.681333,0.00027
14.7147,5.84542
14.748067,5.72356
14.781433,5.71434
14.8148,5.5978
14.848167,5.47804
14.881533,5.39887
14.9149,5.36927
14.948267,5.29975
14.981633,5.25144
15.015,5.19402
15.048367,5.06191
15.081733,4.94375
15.1151,4.7812
15.148467,4.70139
15.181833,4.54192
15.2152,4.41303
15.248567,4.2582
15.281933,4.08129
15.3153,3.92131
15.348667,3.74009
15.382033,3.59003
15.4154,3.41154
15.448767,0.0009025
15.482133,0.0003275
15.5155,0.00015
15.548867,0.17987
15.582233,0.174937
15.6156,0.194318
15.648967,0.289388
15.682333,0.159873
15.7157,0.137283
15.749067,0.138417
15.782433,0.363992
15.8158,0.114345
15.849167,0.0936925
15.882533,0.15583
15.9159,0.088835
15.949267,0.171655
15.982633,0.155875
16.016,0.07989
16.049367,0.182677
16.082733,0.0758625
16.1161,0.073205
16.149467,0.115492
16.182833,0.101773
16.2162,0.113537
16.249567,0.280455
16.282933,0.115282
16.3163,0.223365
16.349667,0.197015
16.383033,0.11815
16.4164,0.122177
16.449767,0.107872
16.483133,0.00758
16.5165,8
16.549867,7
16.583233,7
16.6166,7
16.649967,7
16.683333,7
16.7167,7
16.750067,7
16.783433,7
16.8168,7
16.850167,7
16.883533,7
16.9169,7
16.950267,7
16.983633,7
17.017,0.0013225
17.050367,0.0003375
17.083733,3
17.1171,3
17.150467,3
17.183833,3
17.2172,3
17.250567,3
17.283933,3
17.3173,3
17.350667,3
17.384033,3
17.4174,3
17.450767,3
17.484133,3
17.5175,3
17.550867,3
17.584233,3
17.6176,3
17.650967,3
17.684333,3
17.7177,3
17.751067,3
17.784433,3
17.8178,3
17.851167,3
17.884533,3
17.9179,3
17.951267,3
17.984633,3
18.018,0.0003375
18.051367,0.0003375
18.084733,3
18.1181,3
18.151467,3
18.184833,3
18.2182,3
18.251567,3
18.284933,3
18.3183,3
18.351667,3
18.385033,3
18.4184,3
18.451767,3
18.485133,3
18.5185,3
18.551867,3
18.585233,3
18.6186,3
18.651967,3
18.685333,3
18.7187,3
18.752067,3
18.785433,3
18.8188,3
18.852167,7.37346
18.885533,0
18.9189,0
18.952267,0
18.985633,0
19.019,0
19.052367,0
19.085733,0
19.1191,0
19.152467,0
19.185833,0
19.2192,0
19.252567,0
19.285933,0
19.3193,0
19.352667,0
19.386033,0
19.4194,0
19.452767,0
19.486133,0
19.5195,0
19.552867,0
19.586233,0
19.6196,0
19.652967,0
19.686333,0
19.7197,0
19.753067,0
19.786433,0
19.8198,0
19.853167,0
19.886533,0
19.9199,0
19.953267,0
19.986633,0
20.02,0
20.053367,0
20.086733,0
20.1201,0
20.153467,0
20.186833,0
20.2202,0
20.253567,0
20.286933,0
20.3203,0
20.353667,0
20.387033,0
20.4204,0
20.453767,0
20.487133,0
20.5205,0
20.553867,0.038885
20.587233,0.12886
20.6206,0.0541625
20.653967,0.11431
20.687333,0.10261
20.7207,0.357803
20.754067,0.321732
20.787433,0.097545
20.8208,0.146295
20.854167,0.0888625
20.887533,0.280568
20.9209,0.16599
20.954267,0.0538325
20.987633,0.000115
21.021,0.020065
21.054367,0.172962
21.087733,0.0897875
21.1211,0.205012
21.154467,0.145995
21.187833,0.297765
21.2212,0.0010325
21.254567,4
21.287933,2
21.3213,2
21.354667,2
21.388033,2
21.4214,2.2403
21.454767,2.48815
21.488133,2.52332
21.5215,2.71742
21.554867,2.84203
21.588233,2.98618
21.6216,3.03697
21.654967,3.27054
21.688333,3.23446
21.7217,3.42521
21.755067,3.53314
21.788433,3.56188
21.8218,3.70915
21.855167,3.82698
21.888533,3.93903
21.9219,4.04644
21.955267,4.14206
21.988633,0.001495
22.022,0.0065075
22.055367,0.0001925
22.088733,1
22.1221,1
22.155467,1
22.188833,1
22.2222,1
22.255567,1
22.288933,1
22.3223,1
22.355667,1
22.389033,1
22.4224,1
22.455767,1
22.489133,1
22.5225,1
22.555867,1
22.589233,1
22.6226,1
22.655967,1
22.689333,1
22.7227,1
22.756067,1
22.789433,1
22.8228,1
22.856167,1
22.889533,1
22.9229,1
22.956267,1
22.989633,1
23.023,0.0001925
23.056367,0.0001925
23.089733,1
23.1231,1
23.156467,1
23.189833,1
23.2232,1
23.256567,1
23.289933,1
23.3233,1
23.356667,1
23.390033,1
23.4234,1
23.456767,1
23.490133,1
23.5235,1
23.556867,1
23.590233,1
23.6236,1
23.656967,1
23.690333,1
23.7237,1
23.757067,1
23.790433,1
23.8238,1
23.857167,1
23.890533,1
23.9239,1
23.957267,1
23.990633,1
24.024,0.0001925
24.057367,0.0001925
24.090733,1
24.1241,1
24.157467,1
24.190833,1
24.2242,1
24.257567,1
24.290933,1
24.3243,1
24.357667,1
24.391033,1
24.4244,1
24.457767,1
24.491133,1
24.5245,1
24.557867,1
24.591233,1
24.6246,1
24.657967,1
24.691333,1
24.7247,1
24.758067,1
24.791433,1
24.8248,1
24.858167,1
24.891533,1
24.9249,1
24.958267,1
24.991633,1
25.025,0.0001925
25.058367,0.0001925
25.091733,1
25.1251,1
25.158467,1
25.191833,1
25.2252,1
25.258567,1
25.291933,1
25.3253,1
25.358667,1
25.392033,1
25.4254,1
25.458767,1
25.492133,1
25.5255,1
25.558867,1
25.592233,1
25.6256,1
25.658967,1
25.692333,1
25.7257,1
25.759067,1
25.792433,1
25.8258,1
25.859167,1
25.892533,1
25.9259,1
25.959267,1
25.992633,1
26.026,0.0001925
26.059367,0.0001925
26.092733,1
26.1261,1
26.159467,1
26.192833,1
26.2262,1
26.259567,1
26.292933,1
26.3263,1
26.359667,1
26.393033,6.45139
26.4264,0
26.459767,0
26.493133,0
26.5265,0
26.559867,0
26.593233,0
26.6266,0
26.659967,0
26.693333,0
26.7267,0
26.760067,0
26.793433,0
26.8268,0
26.860167,0
26.893533,0
26.9269,0
26.960267,0
26.993633,0
27.027,0
27.060367,0
27.093733,0
27.1271,0
27.160467,0
27.193833,0
27.2272,0
27.260567,0
27.293933,0
27.3273,0
27.360667,0
27.394033,0
27.4274,0
27.460767,0
27.494133,0
27.5275,0
27.560867,0
27.594233,0
27.6276,0
27.660967,0
27.694333,0
27.7277,0
27.761067,0
27.794433,0
27.8278,0
27.861167,0
27.894533,0
27.9279,0
27.961267,0
27.994633,0
28.028,0
28.061367,0
28.094733,0
28.1281,0
28.161467,0
28.194833,0
28.2282,0
28.261567,0
28.294933,0
28.3283,0
28.361667,0
28.395033,0
28.4284,0
28.461767,0
28.495133,0
28.5285,0
28.561867,0
28.595233,0
28.6286,0
28.661967,0
28.695333,0
28.7287,0
28.762067,0
28.795433,0
28.8288,0
28.862167,0
28.895533,0
28.9289,0
28.962267,0
28.995633,0
29.029,0
29.062367,0
29.095733,0
29.1291,0
29.162467,0
29.195833,0
29.2292,0
29.262567,0
29.295933,0
29.3293,0
29.362667,0
29.396033,0
29.4294,0
29.462767,0
29.496133,0
29.5295,0
29.562867,0
29.596233,0
29.6296,0
29.662967,0
29.696333,0
29.7297,0
29.763067,0
29.796433,0
29.8298,0
29.863167,0
29.896533,0
29.9299,0
29.963267,0
29.996633,0
30.03,0
30.063367,0
30.096733,0
30.1301,1.25
30.163467,0.191592
30.196833,0.0254625
30.2302,0.0161425
30.263567,0.080155
30.296933,0.0352775
30.3303,0.07276
30.363667,0.275713
30.397033,0.171527
30.4304,0.047435
30.463767,0.075885
30.497133,0.24237
30.5305,0.119505
30.563867,0.135795
30.597233,0.0425075
30.6306,0.0219125
30.663967,0.0807175
30.697333,0.0249225
30.7307,0.0404725
30.764067,0.02944
30.797433,0.0235875
30.8308,0.38623
30.864167,0.151545
30.897533,0.286585
30.9309,0.0956225
30.964267,0.12495
30.997633,0.16288
31.031,0.0941375
31.064367,0.19081
31.097733,0.056075
31.1311,0.093935
31.164467,0.217165
31.197833,0.17947
31.2312,0.371855
31.264567,0.142205
31.297933,0.13257
31.3313,0.007805
31.364667,0.0076675
31.398033,0.0074575
31.4314,0.0064375
31.464767,0.00607
31.498133,0.0164925
31.5315,0.0365625
31.564867,0.11748
31.598233,0.118557
31.6316,0.15431
31.664967,0.106662
31.698333,0.373082
31.7317,0.120105
31.765067,0.185195
31.798433,0.164525
31.8318,0.111488
31.865167,8.25
31.898533,3.75
31.9319,2
31.965267,2
31.998633,2
32.032,0.157573
32.065367,0.431875
32.098733,0.316825
32.1321,0.314428
32.165467,0.258922
32.198833,0.358855
32.2322,5.3583
32.265567,0.474818
32.298933,0.03385
32.3323,0.334647
32.365667,0.777755
32.399033,0.33858
32.4324,0.0006175
32.465767,0.00044
32.499133,0.00044
32.5325,4.56506
32.565867,0.0011625
32.599233,0.00061
32.6326,0.0004775
32.665967,0.00047
32.699333,11.87
32.7327,12.6125
32.766067,11.9328
32.799433,13.0531
32.8328,11.7824
32.866167,12.4276
32.899533,12.8702
32.9329,12.1131
32.966267,11.9293
32.999633,12.925
33.033,11.821
33.066367,12.3413
33.099733,12.2282
33.1331,11.9471
33.166467,12.8556
33.199833,11.9771
33.2332,12.4018
33.266567,0.0058325
33.299933,0.00156
33.3333,0.001075
33.366667,0.0009575
33.400033,0.00092
33.4334,0.00092
33.466767,0.00092
33.500133,0.00092
33.5335,0.00092
33.566867,0.00092
33.600233,0.00092
33.6336,0.00092
33.666967,0.00092
33.700333,0.00092
33.7337,0.00092
33.767067,0.00092
33.800433,0.00092
33.8338,0.00092
33.867167,0.00092
33.900533,0.00092
33.9339,0.00092
33.967267,0.00092
34.000633,0.00092
34.034,0.0254375
34.067367,0.0010825
34.100733,0.0003175
34.1341,0.0002175
34.167467,1.95535
34.200833,1.07155
34.2342,0.801863
34.267567,0.665898
34.300933,0.565083
34.3343,0.575313
34.367667,0.505265
34.401033,0.511622
34.4344,0.422372
34.467767,0.43433
34.501133,0.405645
34.5345,0.366478
34.567867,0.39227
34.601233,0.374107
34.6346,0.326367
34.667967,0.342857
34.701333,0.319487
34.7347,0.33597
34.768067,0.315738
34.801433,0.269405
34.8348,0.322543
34.868167,0.284687
34.901533,0.263188
34.9349,0.282463
34.968267,0.263985
35.001633,0.258097
35.035,0.268925
35.068367,0.28081
35.101733,0.278363
35.1351,0.9763
35.168467,20.0357
35.201833,30.3076
35.2352,31.7148
35.268567,35.2999
35.301933,34.2093
35.3353,31.7078
35.368667,34.9969
35.402033,21.2376
35.4354,13.7225
35.468767,28.4592
35.502133,30.9733
35.5355,28.8612
35.568867,15.1477
35.602233,0.283492
35.6356,0.484555
35.668967,0.192777
35.702333,0.462645
35.7357,0.18886
35.769067,0.46664
35.802433,0.193708
35.8358,0.476625
35.869167,0.202135
35.902533,0.486465
35.9359,0.212333
35.969267,0.500175
36.002633,0.227777
36.036,0.587405
36.069367,0.228892
36.102733,0.202465
36.1361,0.22558
36.169467,0.28044
36.202833,0.0066825
36.2362,0.0027575
36.269567,0.002105
36.302933,0.00197
36.3363,0.00195
36.369667,0.00195
36.403033,0.00195
36.4364,0.00195
36.469767,0.00195
36.503133,0.00195
36.5365,0.00195
36.569867,0.00195
36.603233,0.00195
36.6366,0.00195
36.669967,0.00195
36.703333,0.00195
36.7367,0.00195
36.770067,0.00195
36.803433,0.00195
36.8368,0.00195
36.870167,0.00195
36.903533,0.00195
36.9369,0.00195
36.970267,0.00195
37.003633,0.00195
37.037,0.057095
37.070367,0.0035025
37.103733,0.00092
37.1371,0.00072
37.170467,0.000645
37.203833,0.000635
37.2372,0.000635
37.270567,0.000635
37.303933,0.000635
37.3373,0.000635
37.370667,0.000635
37.404033,0.000635
37.4374,0.000635
37.470767,0.000635
37.504133,0.000635
37.5375,0.000635
37.570867,0.000635
37.604233,0.000635
37.6376,0.000635
37.670967,45.2989
37.704333,0.07424
37.7377,0.082955
37.771067,0.0081775
37.804433,0.0022325
37.8378,0.0006725
37.871167,0.000445
37.904533,0.00043
37.9379,0.00043
37.971267,0.00043
38.004633,0.00043
38.038,0.0163175
38.071367,0.0007325
38.104733,0.000185
38.1381,9.75
38.171467,9
38.204833,9
38.2382,9
38.271567,9
38.304933,9
38.3383,9
38.371667,9
38.405033,9
38.4384,9
38.471767,9
38.505133,9
38.5385,9
38.571867,9
38.605233,9
38.6386,9
38.671967,0.0491475
38.705333,0.00312
38.7387,0.000895
38.772067,0.0004125
38.805433,0.000325
38.8388,0.00032
38.872167,0.00032
38.905533,0.00032
38.9389,0.00032
38.972267,0.00032
39.005633,0.00032
39.039,0.0137075
39.072367,0.000655
39.105733,0.000255
39.1391,0.0001975
39.172467,0.00019
39.205833,0.00019
39.2392,0.00019
39.272567,0.00019
39.305933,0.00019
39.3393,0.00019
39.372667,0.00019
39.406033,0.00019
39.4394,0.00019
39.472767,0.00019
39.506133,0.00019
39.5395,0.00019
39.572867,0.00019
39.606233,0.00019
39.6396,0.00019
39.672967,0.000705
39.706333,0.000525
39.7397,0.00026
39.773067,0.0002
39.806433,0.0002
39.8398,0.0002
39.873167,0.0002
39.906533,0.0002
39.9399,0.0002
39.973267,0.0002
40.006633,0.0002
40.04,0.0008825
40.073367,0.000655
40.106733,0.000255
40.1401,0.0001975
40.173467,0.00019
40.206833,0.00019
40.2402,0.00019
40.273567,0.00019
40.306933,0.00019
40.3403,0.00019
40.373667,0.00019
40.407033,0.00019
40.4404,0.00019
40.473767,0.00019
40.507133,0.00019
40.5405,0.00019
40.573867,0.00019
40.607233,0.00019
40.6406,0.0035725
40.673967,0.100075
40.707333,0.776073
40.7407,2.21051
40.774067,5.29694
40.807433,8.32311
40.8408,10.37
40.874167,11.2295
40.907533,11.3074
40.9409,11.8092
40.974267,11.7978
41.007633,10.9625
41.041,9.67816
41.074367,8.26334
41.107733,3.801
41.1411,6.12295
41.174467,4.79504
41.207833,3.55962
41.2412,2.38766
41.274567,1.28971
41.307933,0.212253
41.3413,0.0109225
41.374667,0.0024225
41.408033,0.001005
41.4414,0.000845
41.474767,0.00083
41.508133,0.00082
41.5415,0.01321
41.574867,0.0009125
41.608233,0.00082
41.6416,0.00082
41.674967,0.094985
41.708333,0.00764
41.7417,0.0034125
41.775067,0.000945
41.808433,0.000845
41.8418,6.16401
41.875167,8.50203
41.908533,6.24759
41.9419,3.84794
41.975267,1.97579
42.008633,0.552203
42.042,64.3049
42.075367,7.64919
42.108733,2.64048
42.1421,3.08799
42.175467,1.61235
42.208833,0.62675
42.2422,0.71953
42.275567,0.819802
42.308933,0.797063
42.3423,0.707305
42.375667,0.615885
42.409033,0.521502
42.4424,0.456358
42.475767,0.381655
42.509133,0.314775
42.5425,0.267033
42.575867,0.20338
42.609233,0.0755275
42.6426,0.13422
42.675967,0.177737
42.709333,0.0454
42.7427,0.00576
42.776067,0.00151
42.809433,0.000855
42.8428,0.000805
42.876167,0.000805
42.909533,0.000805
42.9429,0.000805
42.976267,0.000805
43.009633,0.000805
43.043,0.02643
43.076367,0.000935
43.109733,0.008845
43.1431,0.00063
43.176467,0.00034
43.209833,0.00026
43.2432,0.00026
43.276567,0.00026
43.309933,0.0126225
43.3433,0.000365
43.376667,0.0002675
43.410033,0.00026
43.4434,0.00026
43.476767,0.00026
43.510133,0.00026
43.5435,0.00026
43.576867,0.00026
43.610233,0.00026
43.6436,0.291397
43.676967,1.7125
43.710333,3.5848
43.7437,4.9383
43.777067,6.30693
43.810433,6.82831
43.8438,6.96724
43.877167,7.84102
43.910533,8.64608
43.9439,7.85569
43.977267,6.10239
44.010633,4.8448
44.044,4.39832
44.077367,3.51223
44.110733,2.18973
44.1441,1.39766
44.177467,0.84655
44.210833,0.490345
44.2442,0.222345
44.277567,0.0656275
44.310933,0.00438
44.3443,0.221268
44.377667,1.59692
44.411033,2.236
44.4444,2.40266
44.477767,2.80413
44.511133,2.37716
44.5445,13.5776
44.577867,5.51072
44.611233,2.82053
44.6446,4.54638
44.677967,4.13818
44.711333,3.09159
44.7447,2.20951
44.778067,1.87278
44.811433,1.74919
44.8448,1.62788
44.878167,1.34935
44.911533,1.20928
44.9449,1.01228
44.978267,0.834705
45.011633,0.68199
45.045,0.563368
45.078367,0.46344
45.111733,0.200607
45.1451,0.326078
45.178467,0.242773
45.211833,0.16415
45.2452,0.08889
45.278567,0.0352875
45.311933,0.19565
45.3453,0.231365
45.378667,0.253805
45.412033,0.412382
45.4454,0.47847
45.478767,0.327522
45.512133,0.189837
45.5455,0.10352
45.578867,0.0255325
45.612233,0.080705
45.6456,0.414583
45.678967,0.614938
45.712333,0.524153
45.7457,0.351945
45.779067,0.16537
45.812433,0.03906
45.8458,0.138187
45.879167,0.29273
45.912533,0.291948
45.9459,0.197678
45.979267,0.10787
46.012633,0.0440225
46.046,0.02272
46.079367,0.0014575
46.112733,0.0008875
46.1461,0.0006925
46.179467,0.000635
46.212833,0.117782
46.2462,1.01571
46.279567,1.89269
46.312933,1.90807
46.3463,1.31621
46.379667,0.910898
46.413033,0.552865
46.4464,0.56861
46.479767,2.58777
46.513133,6.25823
46.5465,5.61302
46.579867,3.61125
46.613233,1.32988
46.6466,1.91334
46.679967,1.21891
46.713333,0.8347
46.7467,0.4609
46.780067,0.120767
46.813433,2.17868
46.8468,6.38504
46.880167,9.90071
46.913533,11.1377
46.9469,9.78098
46.980267,8.65492
47.013633,8.08799
47.047,6.3682
47.080367,5.51883
47.113733,3.40566
47.1471,3.55827
47.180467,2.06659
47.213833,1.33829
47.2472,0.923025
47.280567,0.59465
47.313933,0.416445
47.3473,0.201508
47.380667,0.07151
47.414033,0.023475
47.4474,0.0049975
47.480767,0.0007675
47.514133,0.0007075
47.5475,0.000675
47.580867,0.000715
47.614233,0.000645
47.6476,0.0006675
47.680967,0.0085975
47.714333,0.0015075
47.7477,0.00076
47.781067,0.00052
47.814433,0.0005
47.8478,0.0005275
47.881167,0.0004625
47.914533,0.0005175
47.9479,0.0004975
47.981267,0.0005225
48.014633,0.0004575
48.048,0.01121
48.081367,0.0006075
48.114733,0.000315
48.1481,0.0002325
48.181467,0.0002925
48.214833,0.00025
48.2482,0.00026
48.281567,0.00027
48.314933,0.0002475
48.3483,0.000235
48.381667,0.000255
48.415033,0.000235
48.4484,0.000245
48.481767,0.00026
48.515133,0.00026
48.5485,0.000235
48.581867,0.00025
48.615233,0.000255
48.6486,0.0002675
48.681967,0.000615
48.715333,0.0004225
48.7487,0.00035
48.782067,0.00031
48.815433,0.00027
48.8488,0.000275
48.882167,0.0002625
48.915533,0.0002625
48.9489,0.000255
48.982267,0.00028
49.015633,0.0002575
49.049,0.0009825
49.082367,0.0006075
49.115733,0.000315
49.1491,0.0002325
49.182467,0.0002925
49.215833,0.00025
49.2492,0.00026
49.282567,203.635
49.315933,6.03652
49.3493,16.8532
49.382667,27.3793
49.416033,28.2816
49.4494,0.272805
49.482767,0.0031975
49.516133,0.000975
49.5495,0.000665
49.582867,0.00065
49.616233,0.00065
49.6496,0.00065
49.682967,0.00065
49.716333,0.00065
49.7497,0.00065
49.783067,0.00065
49.816433,0.00065
49.8498,0.00065
49.883167,0.00065
49.916533,0.00065
49.9499,0.00065
49.983267,0.00065
50.016633,0.00065
50.05,0.0204
50.083367,0.00088
50.116733,0.000245
50.1501,0.000205
50.183467,0.00019
50.216833,0.00019
50.2502,0.00019
50.283567,0.00019
50.316933,0.00019
50.3503,0.00019
50.383667,0.00019
50.417033,0.00019
50.4504,0.00019
50.483767,0.00019
50.517133,0.00019
50.5505,0.00019
50.583867,0.00019
50.617233,0.00019
50.6506,0.00019
50.683967,0.00019
50.717333,0.00019
50.7507,0.00019
50.784067,0.00019
50.817433,0.00019
50.8508,0.00019
50.884167,0.00019
50.917533,0.00019
50.9509,0.00019
50.984267,0.00019
51.017633,0.00019
51.051,0.00091
51.084367,0.00088
51.117733,0.000245
51.1511,0.000205
51.184467,0.00019
51.217833,0.00019
51.2512,0.00019
51.284567,168.626
51.317933,0.00815
51.3513,4
51.384667,0.000755
51.418033,0.0024775
51.4514,0.00114
51.484767,0.0007125
51.518133,0.00066
51.5515,0.00066
51.584867,0.00066
51.618233,0.00066
51.6516,0.00066
51.684967,0.00066
51.718333,0.00066
51.7517,0.00066
51.785067,0.00066
51.818433,0.00066
51.8518,0.00066
51.885167,0.00066
51.918533,0.00066
51.9519,0.00066
51.985267,0.00066
52.018633,0.00066
52.052,0.01973
52.085367,0.00108
52.118733,0.0002625
52.1521,0.0001275
52.185467,0.00012
52.218833,0.00012
52.2522,0.00012
52.285567,0.00012
52.318933,0.00012
52.3523,0.00012
52.385667,0.00012
52.419033,0.00012
52.4524,0.00012
52.485767,0.00012
52.519133,0.00012
52.5525,0.00012
52.585867,0.00012
52.619233,0.00012
52.6526,0.00012
52.685967,0.00012
52.719333,0.00012
52.7527,0.00012
52.786067,0.00012
52.819433,0.00012
52.8528,0.00012
52.886167,0.00012
52.919533,0.00012
52.9529,0.00012
52.986267,0.00012
53.019633,0.00012
53.053,0.03049
53.086367,0.0203025
53.119733,0.02719
53.1531,0.154083
53.186467,0.29628
53.219833,0.288913
53.2532,0.286695
53.286567,0.288488
53.319933,0.293063
53.3533,0.296083
53.386667,0.302775
53.420033,0.30479
53.4534,0.305988
53.486767,0.308578
53.520133,0.310855
53.5535,0.277285
53.586867,0.16931
53.620233,0.0532775
53.6536,0.060125
53.686967,0.0623875
53.720333,0.0638825
53.7537,0.0635175
53.787067,0.063375
53.820433,0.063725
53.8538,0.0638625
53.887167,0.063835
53.920533,0.063565
53.9539,0.0640625
53.987267,0.063865
54.020633,0.0638475
54.054,0.0775825
54.087367,0.055595
54.120733,0.06241
54.1541,0.062725
54.187467,0.063585
54.220833,0.0635275
54.2542,0.0631125
54.287567,0.063375
54.320933,0.063645
54.3543,0.0634225
54.387667,0.063575
54.421033,0.063215
54.4544,0.0637
54.487767,0.06364
54.521133,0.063335
54.5545,0.0637725
54.587867,0.0640175
54.621233,0.062845
54.6546,0.0641825
54.687967,0.0638275
54.721333,0.06348
54.7547,0.06386
54.788067,0.063885
54.821433,0.0636425
54.8548,0.0635175
54.888167,0.06377
54.921533,0.06353
54.9549,0.0635125
54.988267,0.0638125
55.021633,0.0637125
55.055,0.0754375
55.088367,0.0558675
55.121733,0.0628625
55.1551,0.0630075
55.188467,0.0649875
55.221833,0.06718
55.2552,0.0670575
55.288567,0.0570275
55.321933,0.0003825
55.3553,0.0001325
55.388667,9.5
55.422033,9.5
55.4554,9.5
55.488767,9.5
55.522133,9.5
55.5555,9.5
55.588867,9.5
55.622233,9.5
55.6556,9.5
55.688967,9.5
55.722333,9.5
55.7557,9.5
55.789067,9.5
55.822433,9.5
55.8558,9.5
55.889167,9.5
55.922533,9.5
55.9559,9.5
55.989267,9.5
56.022633,9.5
56.056,0.00164
56.089367,3.43345
56.122733,5.5
56.1561,2
56.189467,2
56.222833,2
56.2562,2
56.289567,2
56.322933,2
56.3563,2
56.389667,2
56.423033,2
56.4564,2
56.489767,2
56.523133,2
56.5565,2
56.589867,2
56.623233,2
56.6566,2
56.689967,2
56.723333,2
56.7567,2
56.790067,2
56.823433,2
56.8568,2
56.890167,2
56.923533,2
56.9569,2
56.990267,2
57.023633,2
57.057,0.00024
57.090367,0.0002175
57.123733,5.5
57.1571,2
57.190467,2
57.223833,2
57.2572,2
57.290567,2
57.323933,2
57.3573,2
57.390667,2
57.424033,2
57.4574,0.125653
57.490767,0.267267
57.524133,0.267867
57.5575,0.268093
57.590867,0.268168
57.624233,0.268222
57.6576,0.268263
57.690967,0.268273
57.724333,0.268288
57.7577,0.268305
57.791067,0.268325
57.824433,0.268342
57.8578,0.237705
57.891167,0.12076
57.924533,2
57.9579,2
57.991267,0.03958
58.024633,3
58.058,0.0002525
58.091367,0.0002175
58.124733,5.5
58.1581,2
58.191467,2
58.224833,2
58.2582,2
58.291567,2
58.324933,2
58.3583,2
58.391667,2
58.425033,2
58.4584,2
58.491767,2
58.525133,2
58.5585,2
58.591867,2
58.625233,2
58.6586,6.68999
58.691967,13.2138
58.725333,13.0698
58.7587,12.9386
58.792067,12.8702
58.825433,12.9011
58.8588,12.9018
58.892167,12.8715
58.925533,12.9888
58.9589,12.9169
58.992267,12.6519
59.025633,12.5856
59.059,12.6322
59.092367,12.6729
59.125733,12.6348
59.1591,12.6387
59.192467,12.8638
59.225833,13.0193
59.2592,9.82274
59.292567,6.62204
59.325933,6.57607
59.3593,6.5353
59.392667,6.5084
59.426033,6.54436
59.4594,6.64527
59.492767,3.35404
59.526133,4.5
59.5595,4.5
59.592867,4.5
59.626233,4.5
59.6596,4.5
59.692967,4.5
59.726333,4.5
59.7597,4.5
59.793067,4.5
59.826433,4.5
59.8598,4.5
59.893167,4.5
59.926533,0.12755
59.9599,0.971697
59.993267,0.038485
60.026633,0.411523
60.06,0.587498
60.093367,0.023785
60.126733,0.948558
60.1601,0.020275
60.193467,0.030915
60.226833,0.943473
60.2602,0.024655
60.293567,0.40027
60.326933,0.573398
60.3603,0.0244275
60.393667,0.9352
60.427033,0.0235175
60.4604,0.397498
60.493767,0.558265
60.527133,0.0246875
60.5605,0.39588
60.593867,0.559407
60.627233,0.396695
60.6606,0.558315
60.693967,0.02158
60.727333,0.38398
60.7607,0.572725
60.794067,0.384855
60.827433,0.570135
60.8608,0.0157875
60.894167,0.393578
60.927533,1.12121
60.9609,1.69489
60.994267,1.75218
61.027633,1.86333
61.061,0.735052
61.094367,0.00026
61.127733,0.811917
61.1611,1.6142
61.194467,1.68617
61.227833,1.68892
61.2612,1.10823
61.294567,0.0006575
61.327933,0.000295
61.3613,0.0002525
61.394667,0.000235
61.428033,0.000235
61.4614,0.000235
61.494767,0.000235
61.528133,0.000235
61.5615,0.000235
61.594867,0.000235
61.628233,0.000235
61.6616,0.000235
61.694967,0.000235
61.728333,0.000235
61.7617,0.000235
61.795067,0.000235
61.828433,0.000235
61.8618,0.000235
61.895167,0.000235
61.928533,0.000235
61.9619,0.000235
61.995267,0.000235
62.028633,0.000235
62.062,0.0033225
62.095367,0.00044
62.128733,0.0001825
62.1621,0.0001175
62.195467,0.00011
62.228833,0.00011
62.2622,0.00011
62.295567,0.00011
62.328933,0.294928
62.3623,0.182042
62.395667,0.55521
62.429033,0.679495
62.4624,0.263595
62.495767,0.24585
62.529133,0.669285
62.5625,0.206703
62.595867,0.18152
62.629233,0.51426
62.6626,0.15371
62.695967,0.166835
62.729333,0.61822
62.7627,0.137307
62.796067,0.479665
62.829433,0.161543
62.8628,0.124755
62.896167,0.592645
62.929533,0.12298
62.9629,0.465328
62.996267,0.135045
63.029633,0.122065
63.063,0.123875
63.096367,0.563355
63.129733,0.105705
63.1631,0.463838
63.196467,0.0288225
63.229833,0.02873
63.2632,0.0003175
63.296567,0.0002225
63.329933,0.00021
63.3633,0.000195
63.396667,0.000195
63.430033,0.000195
63.4634,0.000195
63.496767,0.000195
63.530133,0.000195
63.5635,0.000195
63.596867,0.000195
63.630233,0.000195
63.6636,0.000195
63.696967,0.000195
63.730333,0.000195
63.7637,0.000195
63.797067,0.000195
63.830433,0.000195
63.8638,0.000195
63.897167,0.000195
63.930533,0.000195
63.9639,0.000195
63.997267,0.000195
64.030633,0.000195
64.064,0.005155
64.097367,0.0004325
64.130733,0.000145
64.1641,7.75
64.197467,7
64.230833,7
64.2642,7
64.297567,7
64.330933,7
64.3643,7
64.397667,7
64.431033,7
64.4644,7
64.497767,7
64.531133,7
64.5645,7
64.597867,7
64.631233,7
64.6646,7
64.697967,24.1318
64.731333,0
64.7647,0
64.798067,0
64.831433,0
64.8648,0
64.898167,0
64.931533,0
64.9649,0
64.998267,0
65.031633,0
65.065,0
65.098367,0
65.131733,0
65.1651,0
65.198467,0
65.231833,0
65.2652,0
65.298567,0
65.331933,0
65.3653,0
65.398667,0
65.432033,0
65.4654,0
65.498767,0
65.532133,0
65.5655,0
65.598867,0
65.632233,0
65.6656,0
65.698967,0
65.732333,0
65.7657,0
65.799067,0
65.832433,0
65.8658,0
65.899167,0
65.932533,0
65.9659,0
65.999267,0
66.032633,0
66.066,0
66.099367,0
66.132733,0
66.1661,0
66.199467,0
66.232833,0
66.2662,0
66.299567,0
66.332933,0
66.3663,0
66.399667,0
66.433033,0
66.4664,0
66.499767,0
66.533133,0
66.5665,0
66.599867,0
66.633233,0
66.6666,0
66.699967,0
66.733333,0
66.7667,0
66.800067,0
66.833433,0
66.8668,0
66.900167,0
66.933533,0
66.9669,0
67.000267,0
67.033633,0
67.067,0
67.100367,0
67.133733,0
67.1671,0
67.200467,0
67.233833,0
67.2672,0
67.300567,0
67.333933,0
67.3673,0
67.400667,0
67.434033,0
67.4674,0
67.500767,0
67.534133,0
67.5675,0
67.600867,0
67.634233,0
67.6676,0
67.700967,0
67.734333,0
67.7677,0
67.801067,0
67.834433,0
67.8678,0
67.901167,0
67.934533,0
67.9679,0
68.001267,0
68.034633,0
68.068,0
68.101367,0
68.134733,0
68.1681,0
68.201467,0
68.234833,0
68.2682,0
68.301567,0
68.334933,0
68.3683,0
68.401667,0
68.435033,0
68.4684,0
68.501767,0
68.535133,0
68.5685,0
68.601867,0
68.635233,0
68.6686,0
68.701967,0
68.735333,0
68.7687,0
68.802067,0
68.835433,0
68.8688,0
68.902167,0
68.935533,0
68.9689,0
69.002267,0
69.035633,0
69.069,0
69.102367,0
69.135733,0
69.1691,0
69.202467,0
69.235833,0
69.2692,0
69.302567,0
69.335933,0
69.3693,0
69.402667,0
69.436033,0
69.4694,0
69.502767,0
69.536133,0
69.5695,0
69.602867,0
69.636233,0
69.6696,0
69.702967,0
69.736333,0
69.7697,0
69.803067,0
69.836433,0
69.8698,0
69.903167,0
69.936533,0
69.9699,0
70.003267,0
70.036633,0
70.07,0
70.103367,0
70.136733,0
70.1701,0
70.203467,0
70.236833,0
70.2702,0
70.303567,0
70.336933,0
70.3703,0
70.403667,0
70.437033,0
70.4704,0
70.503767,0
70.537133,0.089305
70.5705,0.0514
70.603867,0.0449
70.637233,7
70.6706,3.5
70.703967,2
70.737333,2
70.7707,2
70.804067,2
70.837433,2
70.8708,2
70.904167,2
70.937533,2
70.9709,2
71.004267,2
71.037633,2
71.071,0.000185
71.104367,7.5
71.137733,0
71.1711,0
71.204467,0
71.237833,0
71.2712,0
71.304567,0
71.337933,0
71.3713,0
71.404667,0
71.438033,0
71.4714,0
71.504767,0
71.538133,0
71.5715,1.368
71.604867,2.924
71.638233,2.926
71.6716,2.92805
71.704967,2.91664
71.738333,8.13669
71.7717,0.485685
71.805067,3.5
71.838433,1
71.8718,1
71.905167,1
71.938533,1
71.9719,1
72.005267,1
72.038633,1
72.072,0.00017
72.105367,7.5
72.138733,0
72.1721,0
72.205467,0
72.238833,0
72.2722,0
72.305567,0
72.338933,0
72.3723,0
72.405667,0
72.439033,0
72.4724,0
72.505767,0
72.539133,0
72.5725,0
72.605867,0
72.639233,0
72.6726,0
72.705967,0
72.739333,0
72.7727,0
72.806067,2.4681
72.839433,1.28591
72.8728,0.826295
72.906167,1.02478
72.939533,0.652385
72.9729,0.97524
73.006267,0.93752
73.039633,0.559453
73.073,0.888317
73.106367,0.558835
73.139733,0.844888
73.1731,0.517625
73.206467,0.51758
73.239833,0.84239
73.2732,0.515195
73.306567,0.47233
73.339933,0.8419
73.3733,0.470342
73.406667,0.473725
73.440033,0.796957
73.4734,0.47179
73.506767,0.467815
73.540133,0.800467
73.5735,0.467892
73.606867,0.42683
73.640233,0.467595
73.6736,0.47179
73.706967,0.754315
73.740333,0.470785
73.7737,0.426822
73.807067,8.5
73.840433,2.5
73.8738,2.5
73.907167,2.5
73.940533,2
73.9739,2
74.007267,2
74.040633,2
74.074,0.000255
74.107367,7.5
74.140733,0
74.1741,0
74.207467,0
74.240833,0
74.2742,0
74.307567,0
74.340933,0
74.3743,0
74.407667,0
74.441033,0
74.4744,0
74.507767,0
74.541133,0
74.5745,0
74.607867,0
74.641233,0
74.6746,0
74.707967,0
74.741333,0
74.7747,0
74.808067,0
74.841433,0
74.8748,0.125638
74.908167,0.26741
74.941533,0.267848
74.9749,0.268072
75.008267,0.268147
75.041633,0.268203
75.075,0.26825
75.108367,0.26826
75.141733,0.268267
75.1751,0.268285
75.208467,0.268305
75.241833,0.268323
75.2752,0.268317
75.308567,0.12072
75.341933,0
75.3753,0
75.408667,0
75.442033,0
75.4754,0
75.508767,0
75.542133,0
75.5755,0
75.608867,0
75.642233,0
75.6756,0
75.708967,0
75.742333,0
75.7757,0
75.809067,0
75.842433,0
75.8758,0
75.909167,0
75.942533,0
75.9759,0
76.009267,0
76.042633,0
76.076,7.5
76.109367,7.5
76.142733,0
76.1761,0
76.209467,0
76.242833,0
76.2762,0
76.309567,0
76.342933,0
76.3763,0
76.409667,0
76.443033,0
76.4764,0
76.509767,0
76.543133,0
76.5765,0
76.609867,0
76.643233,0
76.6766,0
76.709967,0
76.743333,0
76.7767,0
76.810067,0
76.843433,0
76.8768,0
76.910167,0
76.943533,0
76.9769,0
77.010267,0
77.043633,0
77.077,7.5
77.110367,7.5
77.143733,0
77.1771,0
77.210467,0
77.243833,0
77.2772,0
77.310567,0
77.343933,0
77.3773,0
77.410667,0
77.444033,0
77.4774,0
77.510767,0
77.544133,0
77.5775,0
77.610867,0
77.644233,0
77.6776,0
77.710967,0.81
77.744333,0.286
77.7777,0.208
77.811067,7.44602
77.844433,0.09846
77.8778,0.08703
77.911167,0.07743
77.944533,0.07471
77.9779,0.0760125
78.011267,0.0652425
78.044633,0.0543875
78.078,0.058235
78.111367,0.0638725
78.144733,0.0435325
78.1781,0.05434
78.211467,0.0543125
78.244833,0.043495
78.2782,0.0434825
78.311567,0.0434975
78.344933,0.04347
78.3783,0.04346
78.411667,0.032705
78.445033,0.043405
78.4784,0.0434675
78.511767,0.0326625
78.545133,0.0326075
78.5785,0.043435
78.611867,0.0326175
78.645233,0.032625
78.6786,0.0326325
78.711967,3.5
78.745333,2
78.7787,2
78.812067,2
78.845433,2
78.8788,2
78.912167,2
78.945533,2
78.9789,2
79.012267,2
79.045633,2
79.079,0.0002
79.112367,0.0001125
79.145733,5.75
79.1791,2
79.212467,2
79.245833,2
79.2792,2
79.312567,2
79.345933,2
79.3793,2
79.412667,2
79.446033,2
79.4794,2
79.512767,2
79.546133,2
79.5795,2
79.612867,2
79.646233,2
79.6796,2
79.712967,2
79.746333,2
79.7797,2
79.813067,2
79.846433,2
79.8798,2
79.913167,2
79.946533,2
79.9799,2
80.013267,2
80.046633,2
80.08,0.00014
80.113367,0.0001125
80.146733,5.75
80.1801,2
80.213467,2
80.246833,2
80.2802,2
80.313567,2
80.346933,2
80.3803,2
80.413667,2
80.447033,2
80.4804,2
80.513767,2
80.547133,2
80.5805,2
80.613867,2
80.647233,2
80.6806,2
80.713967,2
80.747333,2
80.7807,2
80.814067,2
80.847433,2
80.8808,2
80.914167,2
80.947533,2
80.9809,2
81.014267,2
81.047633,2
81.081,0.00014
81.114367,0.0001125
81.147733,5.75
81.1811,2
81.214467,2
81.247833,2
81.2812,2
81.314567,2
81.347933,2
81.3813,2
81.414667,2
81.448033,2
81.4814,2
81.514767,2
81.548133,2
81.5815,2
81.614867,2
81.648233,2
81.6816,2
81.714967,2
81.748333,2
81.7817,2
81.815067,2
81.848433,2
81.8818,2
81.915167,2
81.948533,2
81.9819,2
82.015267,2
82.048633,2
82.082,0.00014
82.115367,0.0001125
82.148733,5.75
82.1821,2
82.215467,2
82.248833,2
82.2822,2
82.315567,2
82.348933,2
82.3823,2
82.415667,2
82.449033,0.004085
82.4824,0.004385
82.515767,0.0073
82.549133,0.0044175
82.5825,0.0043975
82.615867,0.004465
82.649233,0.0044725
82.6826,0.0070525
82.715967,0.004555
82.749333,0.0045125
82.7827,0.004455
82.816067,0.0045275
82.849433,0.007135
82.8828,0.0045
82.916167,0.0047075
82.949533,0.0043825
82.9829,0.004625
83.016267,0.00716
83.049633,0.00444
83.083,0.0059175
83.116367,0.0041175
83.149733,0.00435
83.1831,0.00679
83.216467,0.0045425
83.249833,0.0045075
83.2832,0.0045775
83.316567,0.00443
83.349933,0.007085
83.3833,0.0046475
83.416667,0.004435
83.450033,0.0002025
83.4834,9.25
83.516767,5
83.550133,5
83.5835,5
83.616867,5
83.650233,5
83.6836,5
83.716967,5
83.750333,5
83.7837,5
83.817067,5
83.850433,5
83.8838,5
83.917167,5
83.950533,5
83.9839,5
84.017267,5
84.050633,5
84.084,0.001825
84.117367,0.0001475
84.150733,3.75
84.1841,0
84.217467,0
84.250833,0
84.2842,0
84.317567,0
84.350933,0
84.3843,0
84.417667,0
84.451033,0
84.4844,0
84.517767,0
84.551133,0
84.5845,0
84.617867,0
84.651233,0
84.6846,0
84.717967,0
84.751333,0
84.7847,0
84.818067,0
84.851433,0
84.8848,0
84.918167,0
84.951533,0
84.9849,0
85.018267,0
85.051633,0
85.085,0.000175
85.118367,0.0535375
85.151733,0.01375
85.1851,3.25
85.218467,0.00601
85.251833,0
85.2852,0.112253
85.318567,0.186138
85.351933,0.305515
85.3853,0.373235
85.418667,0.0232675
85.452033,0.00074
85.4854,0.00391
85.518767,1
85.552133,0
85.5855,0
85.618867,0
85.652233,0
85.6856,0
85.718967,0
85.752333,0
85.7857,0
85.819067,0
85.852433,0
85.8858,0
85.919167,0
85.952533,0
85.9859,7
86.019267,0.0030975
86.052633,0
86.086,0.0009075
86.119367,0.000215
86.152733,4.75
86.1861,7.5
86.219467,0
86.252833,0
86.2862,0
86.319567,0
86.352933,0
86.3863,0
86.419667,0
86.453033,0
86.4864,0
86.519767,0
86.553133,0
86.5865,0
86.619867,0
86.653233,0
86.6866,0
86.719967,0
86.753333,0
86.7867,0
86.820067,0
86.853433,0
86.8868,0
86.920167,0
86.953533,0
86.9869,3.83983
87.020267,3.8976
87.053633,4.05247
87.087,4.10676
87.120367,4.11153
87.153733,4.28123
87.1871,4.30544
87.220467,4.4144
87.253833,4.56023
87.2872,4.46562
87.320567,4.69855
87.353933,4.70775
87.3873,4.8016
87.420667,5.02657
87.454033,0.001305
87.4874,0.0003325
87.520767,0.0001425
87.554133,0.000125
87.5875,0.000125
87.620867,0.000125
87.654233,0.000125
87.6876,0.000125
87.720967,0.000125
87.754333,0.000125
87.7877,0.000125
87.821067,0.000125
87.854433,0.000125
87.8878,0.000125
87.921167,0.000125
87.954533,0.000125
87.9879,0.000125
88.021267,0.000125
88.054633,0.000125
88.088,0.0054725
88.121367,0.0002275
88.154733,8.5
88.1881,6.75
88.221467,6
88.254833,6
88.2882,6
88.321567,6
88.354933,6
88.3883,6
88.421667,6
88.455033,6
88.4884,6
88.521767,6
88.555133,6
88.5885,6
88.621867,6
88.655233,6
88.6886,6
88.721967,6
88.755333,6
88.7887,6
88.822067,6
88.855433,6
88.8888,6
88.922167,6
88.955533,6
88.9889,6
89.022267,6
89.055633,6
89.089,0.000235
89.122367,0.0002275
89.155733,8.5
89.1891,6.75
89.222467,6
89.255833,6
89.2892,6
89.322567,6
89.355933,6
89.3893,6
89.422667,6
89.456033,6
89.4894,6
89.522767,6
89.556133,6
89.5895,6
89.622867,6
89.656233,6
89.6896,6
89.722967,6
89.756333,6
89.7897,6
89.823067,6
89.856433,6
89.8898,6
89.923167,6
89.956533,6
89.9899,6
90.023267,6
90.056633,6
90.09,0.000235
90.123367,0.0002275
90.156733,8.5
90.1901,6.75
90.223467,6
90.256833,6
90.2902,6
90.323567,6
90.356933,6
90.3903,6
90.423667,6
90.457033,6
90.4904,6
90.523767,6
90.557133,6
90.5905,6
90.623867,6
90.657233,6
90.6906,6
90.723967,6
90.757333,6
90.7907,6
90.824067,6
90.857433,6
90.8908,6
90.924167,6
90.957533,6
90.9909,6
91.024267,6
91.057633,6
91.091,0.000235
91.124367,0.0002275
91.157733,8.5
91.1911,6.75
91.224467,6
91.257833,6
91.2912,6
91.324567,6
91.357933,6
91.3913,6
91.424667,6
91.458033,6
91.4914,6
91.524767,6
91.558133,6
91.5915,6
91.624867,6
91.658233,6
91.6916,6
91.724967,6
91.758333,6
91.7917,6
91.825067,14.2074
91.858433,0
91.8918,0
91.925167,0
91.958533,0
91.9919,0
92.025267,0
92.058633,0
92.092,0
92.125367,0
92.158733,0
92.1921,0
92.225467,0
92.258833,0
92.2922,0
92.325567,0
92.358933,0
92.3923,0
92.425667,0
92.459033,0
92.4924,0
92.525767,0
92.559133,0
92.5925,0
92.625867,0
92.659233,0
92.6926,0
92.725967,0
92.759333,0
92.7927,0
92.826067,0
92.859433,0
92.8928,0
92.926167,0
92.959533,0
92.9929,0
93.026267,0
93.059633,0
93.093,0
93.126367,0
93.159733,0
93.1931,0
93.226467,0
93.259833,0
93.2932,0
93.326567,0
93.359933,0
93.3933,0
93.426667,0
93.460033,0
93.4934,0
93.526767,0
93.560133,0
93.5935,0
93.626867,0
93.660233,0
93.6936,0
93.726967,0
93.760333,0
93.7937,0
93.827067,0
93.860433,0
93.8938,0
93.927167,0
93.960533,0
93.9939,0
94.027267,0
94.060633,0
94.094,0
94.127367,0
94.160733,0
94.1941,0
94.227467,0
94.260833,0
94.2942,0
94.327567,0
94.360933,0
94.3943,0
94.427667,0
94.461033,0
94.4944,0
94.527767,0
94.561133,0
94.5945,0
94.627867,0
94.661233,0
94.6946,0
94.727967,0
94.761333,0
94.7947,0
94.828067,0
94.861433,0
94.8948,0
94.928167,0
94.961533,0
94.9949,0
95.028267,0
95.061633,0
95.095,0
95.128367,0
95.161733,0
95.1951,0
95.228467,0
95.261833,0
95.2952,0
95.328567,0
95.361933,0
95.3953,0
95.428667,0
95.462033,0
95.4954,0
95.528767,0
95.562133,0
95.5955,0
95.628867,0
95.662233,0
95.6956,0
95.728967,0
95.762333,0
95.7957,0
95.829067,0
95.862433,0
95.8958,0
95.929167,0
95.962533,0
95.9959,0
96.029267,0
96.062633,0
96.096,0
96.129367,0
96.162733,0
96.1961,0
96.229467,0
96.262833,0
96.2962,0
96.329567,0
96.362933,0
96.3963,0
96.429667,0
96.463033,0
96.4964,0
96.529767,0
96.563133,0
96.5965,0
96.629867,0
96.663233,0
96.6966,0
96.729967,0
96.763333,0
96.7967,0
96.830067,0
96.863433,0
96.8968,0
96.930167,0
96.963533,0
96.9969,0
97.030267,0
97.063633,0
97.097,0
97.130367,0
97.163733,0
97.1971,0
97.230467,0
97.263833,0
97.2972,0
97.330567,0
97.363933,0
97.3973,0
97.430667,0
97.464033,0
97.4974,0
97.530767,0
97.564133,0
97.5975,0
97.630867,0
97.664233,0
97.6976,0
97.730967,0
97.764333,0
97.7977,0
97.831067,0
97.864433,0
97.8978,0
97.931167,0
97.964533,0
97.9979,0
98.031267,0
98.064633,0
98.098,0
98.131367,0
98.164733,0
98.1981,0
98.231467,0
98.264833,0
98.2982,0
98.331567,0
98.364933,0
98.3983,0
98.431667,0
98.465033,0
98.4984,0
98.531767,0
98.565133,0
98.5985,0
98.631867,0
98.665233,0
98.6986,0
98.731967,0.00319
98.765333,0.165845
98.7987,0.2559
98.832067,0.0830425
98.865433,0.211885
98.8988,0.057225
98.932167,0.04692
98.965533,0.0144775
98.9989,0.0196025
99.032267,0.03994
99.065633,0.02519
99.099,0.07396
99.132367,0.0125575
99.165733,0.08478
99.1991,0.0400625
99.232467,0.0095
99.265833,0.016315
99.2992,0.0106775
99.332567,0.0278225
99.365933,0.012975
99.3993,0.0621325
99.432667,0.0339675
99.466033,0.0667875
99.4994,0.055375
99.532767,0.014105
99.566133,0.0368425
99.5995,0.019585
99.632867,0.15071
99.666233,0.0555925
99.6996,0.114105
99.732967,0.0991375
99.766333,0.0824075
99.7997,0.19581
99.833067,0.0670225
99.866433,0.17729
99.8998,0.0678075
99.933167,6.75
99.966533,6
99.9999,5.5
100.033267,5
100.066633,5
100.1,0.00136
100.133367,0.0001725
100.166733,8
100.2001,7
100.233467,7
100.266833,7
100.3002,7
100.333567,7
100.366933,7
100.4003,7
100.433667,7
100.467033,7
100.5004,7
100.533767,7
100.567133,7
100.6005,7
100.633867,7
100.667233,7
100.7006,7
100.733967,7
100.767333,7
100.8007,7
100.834067,7
100.867433,7
100.9008,7
100.934167,7
100.967533,7
101.0009,7
101.034267,7
101.067633,7
101.101,0.0001725
101.134367,4.42935
101.167733,0.0009625
101.2011,0.00022
101.234467,0.0001475
101.267833,0.00014
101.3012,0.00014
101.334567,0.00014
101.367933,0.00014
101.4013,0.00014
101.434667,0.00014
101.468033,0.00014
101.5014,0.00014
101.534767,0.00014
101.568133,0.00014
101.6015,0.00014
101.634867,0.00014
101.668233,0.00014
101.7016,0.00014
101.734967,0.00014
101.768333,0.00014
101.8017,0.00014
101.835067,0.00014
101.868433,0.00014
101.9018,0.00014
101.935167,0.00014
101.968533,0.00014
102.0019,0.00014
102.035267,0.00014
102.068633,0.00014
102.102,0.0025725
102.135367,0.00027
102.168733,0.000125
102.2021,9.5
102.235467,9.5
102.268833,9.5
102.3022,9.5
102.335567,9.5
102.368933,9.5
102.4023,9.5
102.435667,9.5
102.469033,9.5
102.5024,9.5
102.535767,9.5
102.569133,9.5
102.6025,9.5
102.635867,9.5
102.669233,9.5
102.7026,9.5
102.735967,9.5
102.769333,9.5
102.8027,9.5
102.836067,9.5
102.869433,9.5
102.9028,9.5
102.936167,9.5
102.969533,9.5
103.0029,9.5
103.036267,9.5
103.069633,9.5
103.103,0.00027
103.136367,0.09097
103.169733,0.0711
103.2031,0.0465875
103.236467,0.0929025
103.269833,0.0181
103.3032,0.10298
103.336567,0.0522775
103.369933,0.00715
103.4033,0.0107175
103.436667,0.0444675
103.470033,0.128825
103.5034,0.0215875
103.536767,0.145585
103.570133,0.093985
103.6035,0.029185
103.636867,0.0584775
103.670233,0.098205
103.7036,0.395792
103.736967,0.0943475
103.770333,0.035225
103.8037,0.02432
103.837067,0.0973175
103.870433,0.211787
103.9038,0.0671775
103.937167,0.476745
103.970533,0.168272
104.0039,0.14592
104.037267,0.17701
104.070633,0.000205
104.104,0.0014875
104.137367,0.0004075
104.170733,0.0001925
104.2041,0.000125
104.237467,0.000125
104.270833,0.000125
104.3042,0.000125
104.337567,0.000125
104.370933,0.000125
104.4043,0.000125
104.437667,0.000125
104.471033,0.000125
104.5044,0.000125
104.537767,0.000125
104.571133,0.000125
104.6045,0.000125
104.637867,0.000125
104.671233,0.000125
104.7046,0.000125
104.737967,0.000125
104.771333,0.000125
104.8047,0.000125
104.838067,0.000125
104.871433,0.000125
104.9048,0.000125
104.938167,0.000125
104.971533,0.000125
105.0049,0.000125
105.038267,0.000125
105.071633,0.000125
105.105,0.00042
105.138367,0.0004075
105.171733,0.0001925
105.2051,0.000125
105.238467,0.000125
105.271833,0.000125
105.3052,0.000125
105.338567,0.000125
105.371933,0.000125
105.4053,0.000125
105.438667,0.000125
105.472033,0.000125
105.5054,0.000125
105.538767,0.000125
105.572133,0.000125
105.6055,0.000125
105.638867,0.000125
105.672233,0.000125
105.7056,0.000125
105.738967,0.000125
105.772333,0.000125
105.8057,0.000125
105.839067,0.000125
105.872433,0.000125
105.9058,0.000125
105.939167,0.000125
105.972533,0.000125
106.0059,0.000125
106.039267,0.000125
106.072633,0.000125
106.106,0.00042
106.139367,0.0004075
106.172733,0.0001925
106.2061,0.000125
106.239467,0.000125
106.272833,0.000125
106.3062,0.000125
106.339567,0.000125
106.372933,0.000125
106.4063,0.000125
106.439667,0.000125
106.473033,0.000125
106.5064,0.000125
106.539767,0.000125
106.573133,0.000125
106.6065,0.000125
106.639867,0.000125
106.673233,0.000125
106.7066,0.000125
106.739967,0.000125
106.773333,0.000125
106.8067,0.000125
106.840067,0.000125
106.873433,0.000125
106.9068,0.000125
106.940167,0.000125
106.973533,0.000125
107.0069,0.000125
107.040267,0.000125
107.073633,0.000125
107.107,0.00042
107.140367,0.0004075
107.173733,0.0001925
107.2071,0.000125
107.240467,0.000125
107.273833,0.000125
107.3072,0.000125
107.340567,0.000125
107.373933,0.000125
107.4073,0.000125
107.440667,0.000125
107.474033,0.000125
107.5074,0.000125
107.540767,0.000125
107.574133,0.000125
107.6075,0.325908
107.640867,0.229857
107.674233,0.314185
107.7076,0.261667
107.740967,0.31728
107.774333,0.24761
107.8077,0.31311
107.841067,0.2479
107.874433,0.32974
107.9078,0.299212
107.941167,0.260175
107.974533,0.29577
108.0079,0.238923
108.041267,0.327435
108.074633,0.249083
108.108,0.284165
108.141367,0.0005325
108.174733,0.0002075
108.2081,0.00012
108.241467,0.00012
108.274833,0.00012
108.3082,0.00012
108.341567,0.00012
108.374933,0.00012
108.4083,0.00012
108.441667,0.00012
108.475033,0.00012
108.5084,0.00012
108.541767,0.00012
108.575133,0.00012
108.6085,0.00012
108.641867,0.00012
108.675233,0.00012
108.7086,0.00012
108.741967,0.00012
108.775333,0.00012
108.8087,0.00012
108.842067,0.00012
108.875433,0.00012
108.9088,0.00012
108.942167,0.00012
108.975533,0.00012
109.0089,0.00012
109.042267,0.00012
109.075633,0.00012
109.109,0.000565
109.142367,0.0005325
109.175733,0.0002075
109.2091,0.00012
109.242467,0.00012
109.275833,0.00012
109.3092,0.00012
109.342567,0.00012
109.375933,0.00012
109.4093,0.00012
109.442667,0.00012
109.476033,0.00012
109.5094,0.00012
109.542767,0.00012
109.576133,0.00012
109.6095,0.00012
109.642867,0.00012
109.676233,0.00012
109.7096,0.00012
109.742967,0.00012
109.776333,0.00012
109.8097,0.00012
109.843067,0.00012
109.876433,0.00012
109.9098,0.00012
109.943167,0.00012
109.976533,0.00012
110.0099,0.00012
110.043267,0.00012
110.076633,0.00012
110.11,0.000565
110.143367,0.0005325
110.176733,0.0002075
110.2101,0.00012
110.243467,0.00012
110.276833,0.00012
110.3102,0.00012
110.343567,0.00012
110.376933,0.00012
110.4103,0.00012
110.443667,0.00012
110.477033,0.00012
110.5104,0.00012
110.543767,0.00012
110.577133,0.00012
110.6105,0.00012
110.643867,0.00012
110.677233,0.00012
110.7106,0.00012
110.743967,0.00012
110.777333,0.00012
110.8107,0.00012
110.844067,0.00012
110.877433,0.00012
110.9108,0.00012
110.944167,0.00012
110.977533,0.00012
111.0109,0.00012
111.044267,0.00012
111.077633,0.00012
111.111,0.000565
111.144367,0.0005325
111.177733,0.0002075
111.2111,0.00012
111.244467,0.00012
111.277833,0.00012
111.3112,0.00012
111.344567,0.00012
111.377933,0.00012
111.4113,0.00012
111.444667,0.00012
111.478033,0.00012
111.5114,0.00012
111.544767,0.00012
111.578133,0.00012
111.6115,7.22478
111.644867,0.00092
111.678233,0.000325
111.7116,0.0002275
111.744967,0.00022
111.778333,0.00021
111.8117,0.00021
111.845067,0.00021
111.878433,0.00021
111.9118,0.00021
111.945167,0.00021
111.978533,0.00021
112.0119,0.00021
112.045267,0.00021
112.078633,0.00021
112.112,0.00327
112.145367,0.0006925
112.178733,0.00026
112.2121,0.00016
112.245467,0.00016
112.278833,0.00016
112.3122,0.00016
112.345567,0.00016
112.378933,0.00016
112.4123,0.00016
112.445667,0.00016
112.479033,0.00016
112.5124,0.00016
112.545767,0.00016
112.579133,0.00016
112.6125,0.00016
112.645867,0.00016
112.679233,0.00016
112.7126,0.00016
112.745967,0.00016
112.779333,0.00016
112.8127,0.00016
112.846067,0.00016
112.879433,0.00016
112.9128,0.00016
112.946167,0.00016
112.979533,0.00016
113.0129,0.00016
113.046267,0.00016
113.079633,0.00016
113.113,0.0007375
113.146367,0.0006925
113.179733,0.00026
113.2131,0.00016
113.246467,0.00016
113.279833,0.00016
113.3132,0.00016
113.346567,0.00016
113.379933,0.00016
113.4133,0.00016
113.446667,0.00016
113.480033,0.00016
113.5134,0.00016
113.546767,0.00016
113.580133,0.00016
113.6135,0.330892
113.646867,0.27615
113.680233,0.00019
113.7136,0.00016
113.746967,0.00016
113.780333,4.41141
113.8137,4.51806
113.847067,4.417
113.880433,4.54464
113.9138,4.41725
113.947167,4.5637
113.980533,4.4202
114.0139,6.31057
114.047267,5.55647
114.080633,6.15045
114.114,6.07773
114.147367,6.22734
114.180733,5.24757
114.2141,6.17329
114.247467,5.97504
114.280833,6.08132
114.3142,5.90539
114.347567,6.0165
114.380933,5.15988
114.4143,5.94791
114.447667,5.89337
114.481033,5.86629
114.5144,5.79636
114.547767,5.93628
114.581133,5.71676
114.6145,6.44919
114.647867,5.64514
114.681233,5.83431
114.7146,5.73081
114.747967,5.74199
114.781333,6.46801
114.8147,5.91708
114.848067,5.87593
114.881433,3.40401
114.9148,3.21583
114.948167,4.39147
114.981533,8.65752
115.0149,0.00359
115.048267,0.0011425
115.081633,0.0005625
115.115,0.019645
115.148367,0.00068
115.181733,0.00025
115.2151,0.00011
115.248467,0.00011
115.281833,0.00011
115.3152,0.00011
115.348567,0.00011
115.381933,0.00011
115.4153,0.00011
115.448667,0.00011
115.482033,0.00011
115.5154,0.00011
115.548767,0.00011
115.582133,0.00011
115.6155,0.00011
115.648867,0.00011
115.682233,0.00011
115.7156,0.00011
115.748967,0.00011
115.782333,0.00011
115.8157,0.00011
115.849067,0.00011
115.882433,0.00011
115.9158,0.00011
115.949167,0.00011
115.982533,0.00011
116.0159,0.00011
116.049267,0.00011
116.082633,0.00011
116.116,0.000735
116.149367,0.00068
116.182733,0.00025
116.2161,0.00011
116.249467,0.00011
116.282833,0.00011
116.3162,0.00011
116.349567,0.00011
116.382933,0.00011
116.4163,0.00011
116.449667,0.00011
116.483033,0.00011
116.5164,0.00011
116.549767,0.00011
116.583133,0.00011
116.6165,0.00011
116.649867,0.00011
116.683233,2.03257
116.7166,2.07464
116.749967,2.06719
116.783333,2.00927
116.8167,1.93109
116.850067,1.95434
116.883433,23.5763
116.9168,1.87072
116.950167,1.8378
116.983533,1.87323
117.0169,1.8759
117.050267,1.85674
117.083633,1.77891
117.117,1.91393
117.150367,1.75941
117.183733,1.73995
117.2171,1.73261
117.250467,0.001915
117.283833,0.0007275
117.3172,0.000485
117.350567,0.00042
117.383933,0.00042
117.4173,0.00042
117.450667,0.00042
117.484033,0.00042
117.5174,0.00042
117.550767,0.00042
117.584133,0.00042
117.6175,0.00042
117.650867,0.00042
117.684233,0.00042
117.7176,0.00042
117.750967,0.00042
117.784333,0.00042
117.8177,0.00042
117.851067,0.00042
117.884433,0.00042
117.9178,0.00042
117.951167,0.00042
117.984533,0.00042
118.0179,0.00042
118.051267,0.00042
118.084633,0.00042
118.118,0.007925
118.151367,0.001225
118.184733,0.0004575
118.2181,0.0002825
118.251467,0.00026
118.284833,0.00026
118.3182,0.00026
118.351567,0.00026
118.384933,0.00026
118.4183,0.00026
118.451667,0.00026
118.485033,0.00026
118.5184,0.00026
118.551767,0.00026
118.585133,0.00026
118.6185,0.00026
118.651867,0.00026
118.685233,0.00026
118.7186,0.00026
118.751967,0.00026
118.785333,0.00026
118.8187,0.00026
118.852067,0.00026
118.885433,0.00026
118.9188,0.00026
118.952167,0.00026
118.985533,0.00026
119.0189,0.00026
119.052267,0.00026
119.085633,0.00026
119.119,0.001305
119.152367,0.001225
119.185733,0.0004575
119.2191,0.0002825
119.252467,0.00026
119.285833,0.00026
119.3192,81.0539
119.352567,0.0013675
119.385933,0.000265
119.4193,0.00016
119.452667,0.00014
119.486033,0.00014
119.5194,0.00014
119.552767,0.00014
119.586133,0.00014
119.6195,0.00014
119.652867,0.00014
119.686233,0.00014
119.7196,0.00014
119.752967,0.00014
119.786333,0.00014
119.8197,0.00014
119.853067,0.00014
119.886433,0.00014
119.9198,0.00014
119.953167,0.00014
119.986533,0.00014
120.0199,0.00014
120.053267,0.00014
120.086633,0.00014
120.12,0.0044825
120.153367,0.0005075
120.186733,0.00035
120.2201,5
120.253467,4.75
120.286833,4
120.3202,4
120.353567,4
120.386933,4
120.4203,4
120.453667,4
120.487033,4
120.5204,4
120.553767,4
120.587133,4
120.6205,4
120.653867,4
120.687233,4
120.7206,4
120.753967,4
120.787333,4
120.8207,4
120.854067,4
120.887433,4
120.9208,4
120.954167,4
120.987533,4
121.0209,4
121.054267,4
121.087633,4
121.121,0.0005025
121.154367,0.0005
121.187733,7
121.2211,5
121.254467,4.75
121.287833,4
121.3212,4
121.354567,0.0314525
121.387933,0.538022
121.4213,0.505805
121.454667,0.598155
121.488033,0.504252
121.5214,0.515718
121.554767,0.511402
121.588133,0.346658
121.6215,0.175978
121.654867,0.0603975
121.688233,0.215125
121.7216,0.32569
121.754967,0.629153
121.788333,0.568192
121.8217,0.454848
121.855067,0.56719
121.888433,0.508212
121.9218,0.587015
121.955167,0.532957
121.988533,0.519355
122.0219,0.505983
122.055267,0.653305
122.088633,0.778693
122.122,0.728442
122.155367,0.663605
122.188733,0.713395
122.2221,0.673998
122.255467,0.481042
122.288833,0.423967
122.3222,0.521135
122.355567,0.518528
122.388933,0.90462
122.4223,0.765925
122.455667,0.730788
122.489033,0.696895
122.5224,0.742138
122.555767,0.516315
122.589133,0.572805
122.6225,0.365513
122.655867,0.29998
122.689233,0.310987
122.7226,0.37648
122.755967,0.293205
122.789333,0.227162
122.8227,0.33101
122.856067,0.002035
122.889433,0.0027325
122.9228,0.000445
122.956167,0.000445
122.989533,0.000445
123.0229,0.000445
123.056267,0.000445
123.089633,0.000445
123.123,0.0134
123.156367,0.001255
123.189733,0.000325
123.2231,0.0001825
123.256467,0.000165
123.289833,0.000165
123.3232,0.000165
123.356567,0.000165
123.389933,0.000165
123.4233,0.000165
123.456667,0.000165
123.490033,0.000165
123.5234,0.000165
123.556767,0.000165
123.590133,0.000165
123.6235,0.000165
123.656867,0.000165
123.690233,0.000165
123.7236,0.000165
123.756967,0.000165
123.790333,0.000165
123.8237,0.000165
123.857067,0.000165
123.890433,0.000165
123.9238,0.000165
123.957167,0.000165
123.990533,0.000165
124.0239,0.000165
124.057267,0.000165
124.090633,0.000165
124.124,8.29915
124.157367,8.37797
124.190733,8.39117
124.2241,8.35729
124.257467,8.34391
124.290833,8.19863
124.3242,8.12337
124.357567,8.07515
124.390933,7.91475
124.4243,7.87908
124.457667,7.82426
124.491033,7.69057
124.5244,7.67035
124.557767,7.55305
124.591133,7.61057
124.6245,7.53782
124.657867,7.5346
124.691233,0.0076675
124.7246,0.0019525
124.757967,0.0011675
124.791333,0.00102
124.8247,0.00101
124.858067,0.00101
124.891433,0.00101
124.9248,0.00101
124.958167,0.00101
124.991533,0.00101
125.0249,0.00101
125.058267,0.00101
125.091633,0.00101
125.125,0.0348475
125.158367,0.00121
125.191733,0.0004
125.2251,0.000265
125.258467,0.00025
125.291833,0.00025
125.3252,0.00025
125.358567,0.00025
125.391933,0.00025
125.4253,0.00025
125.458667,0.00025
125.492033,0.00025
125.5254,0.00025
125.558767,0.00025
125.592133,0.00025
125.6255,0.00025
125.658867,0.00025
125.692233,0.00025
125.7256,0.00025
125.758967,0.00025
125.792333,0.00025
125.8257,0.00025
125.859067,0.00025
125.892433,0.00025
125.9258,0.00025
125.959167,0.00025
125.992533,0.00025
126.0259,0.00025
126.059267,0.00025
126.092633,0.00025
126.126,0.00131
126.159367,0.00121
126.192733,0.0004
126.2261,0.000265
126.259467,0.00025
126.292833,0.00025
126.3262,0.00025
126.359567,0.00025
126.392933,0.00025
126.4263,0.00025
126.459667,0.00025
126.493033,0.00025
126.5264,0.00025
126.559767,0.00025
126.593133,0.00025
126.6265,0.00025
126.659867,0.00025
126.693233,0.00025
126.7266,0.00025
126.759967,0.00025
126.793333,0.00025
126.8267,0.00025
126.860067,0.00025
126.893433,0.00025
126.9268,0.00025
126.960167,0.00025
126.993533,0.00025
127.0269,0.00025
127.060267,0.00025
127.093633,0.00025
127.127,0.00131
127.160367,0.00121
127.193733,0.0004
127.2271,0.000265
127.260467,0.00025
127.293833,0.00025
127.3272,0.00025
127.360567,0.00025
127.393933,0.00025
127.4273,0.00025
127.460667,0.00025
127.494033,0.00025
127.5274,0.00025
127.560767,0.00025
127.594133,0.00025
127.6275,0.00025
127.660867,0.00025
127.694233,0.00025
127.7276,0.00025
127.760967,0.00025
127.794333,0.00025
127.8277,0.00025
127.861067,0.00025
127.894433,0.00025
127.9278,0.00025
127.961167,0.00025
127.994533,0.00025
128.0279,0.00025
128.061267,0.00025
128.094633,0.00025
128.128,0.00131
128.161367,0.00121
128.194733,0.0004
128.2281,0.000265
128.261467,0.00025
128.294833,0.00025
128.3282,0.00025
128.361567,0.00025
128.394933,0.00025
128.4283,0.00025
128.461667,0.00025
128.495033,0.00025
128.5284,0.00025
128.561767,0.00025
128.595133,0.00025
128.6285,0.00025
128.661867,0.00025
128.695233,0.00025
128.7286,0.00025
128.761967,0.00025
128.795333,0.00025
128.8287,0.00025
128.862067,0.00025
128.895433,0.00025
128.9288,0.00025
128.962167,0.00025
128.995533,0.00025
129.0289,0.00025
129.062267,0.00025
129.095633,0.00025
129.129,0.00131
129.162367,0.00121
129.195733,0.0004
129.2291,0.000265
129.262467,0.00025
129.295833,0.00025
129.3292,0.00025
129.362567,0.00025
129.395933,0.00025
129.4293,0.00025
129.462667,0.00025
129.496033,0.00025
129.5294,0.00025
129.562767,0.00025
129.596133,0.00025
129.6295,0.00025
129.662867,0.00025
129.696233,0.00025
129.7296,0.00025
129.762967,0.00025
129.796333,0.00025
129.8297,0.00025
129.863067,0.00025
129.896433,0.00025
129.9298,0.00025
129.963167,0.00025
129.996533,0.00025
130.0299,0.00025
130.063267,0.00025
130.096633,0.00025
130.13,0.00131
130.163367,0.00121
130.196733,0.0004
130.2301,0.000265
130.263467,0.00025
130.296833,0.00025
130.3302,0.00025
130.363567,0.00025
130.396933,0.00025
130.4303,0.00025
130.463667,0.00025
130.497033,0.00025
130.5304,0.00025
130.563767,0.00025
130.597133,0.00025
130.6305,0.00025
130.663867,0.00025
130.697233,0.00025
130.7306,0.00025
130.763967,0.00025
130.797333,0.00025
130.8307,0.00025
130.864067,0.00025
130.897433,0.00025
130.9308,0.00025
130.964167,0.00025
130.997533,0.00025
131.0309,0.00025
131.064267,0.00025
131.097633,0.00025
131.131,0.00131
131.164367,0.00121
131.197733,0.0004
131.2311,0.000265
131.264467,0.00025
131.297833,0.00025
131.3312,0.00025
131.364567,0.00025
131.397933,0.00025
131.4313,0.00025
131.464667,0.00025
131.498033,0.00025
131.5314,0.00025
131.564767,0.00025
131.598133,0.00025
131.6315,0.00025
131.664867,0.00025
131.698233,0.00025
131.7316,0.00025
131.764967,0.00025
131.798333,0.00025
131.8317,0.00025
131.865067,0.00025
131.898433,0.00025
131.9318,0.00025
131.965167,0.00025
131.998533,0.00025
132.0319,0.00025
132.065267,0.00025
132.098633,0.00025
132.132,0.00131
132.165367,0.00121
132.198733,0.0004
132.2321,0.000265
132.265467,0.00025
132.298833,0.00025
132.3322,0.00025
132.365567,0.00025
132.398933,0.00025
132.4323,0.00025
132.465667,0.00025
132.499033,0.00025
132.5324,0.00025
132.565767,0.00025
132.599133,0.00025
132.6325,0.00025
132.665867,0.00025
132.699233,0.00025
132.7326,0.00025
132.765967,0.00025
132.799333,0.00025
132.8327,0.00025
132.866067,0.00025
132.899433,0.00025
132.9328,195.287
132.966167,5.31994
132.999533,15.1235
133.0329,27.4331
133.066267,28.1769
133.099633,0.211375
133.133,0.020355
133.166367,0.000925
133.199733,0.0002425
133.2331,0.00016
133.266467,0.00016
133.299833,0.00016
133.3332,0.00016
133.366567,0.00016
133.399933,0.00016
133.4333,0.00016
133.466667,0.00016
133.500033,0.00016
133.5334,0.00016
133.566767,0.00016
133.600133,0.00016
133.6335,0.00016
133.666867,0.00016
133.700233,0.00016
133.7336,0.00016
133.766967,0.00016
133.800333,0.00016
133.8337,0.00016
133.867067,0.00016
133.900433,0.00016
133.9338,0.00016
133.967167,0.00016
134.000533,0.00016
134.0339,0.00016
134.067267,0.00016
134.100633,0.00016
134.134,0.0009975
134.167367,0.000925
134.200733,0.0002425
134.2341,0.00016
134.267467,0.00016
134.300833,0.00016
134.3342,0.00016
134.367567,0.00016
134.400933,0.00016
134.4343,0.00016
134.467667,0.00016
134.501033,0.00016
134.5344,0.00016
134.567767,0.00016
134.601133,0.00016
134.6345,0.00016
134.667867,0.00016
134.701233,0.00016
134.7346,0.00016
134.767967,0.00016
134.801333,0.00016
134.8347,0.00016
134.868067,0.00016
134.901433,0.00016
134.9348,173.899
134.968167,0.00251
135.001533,0.000265
135.0349,0.0050425
135.068267,0.00139
135.101633,0.000805
135.135,0.0144875
135.168367,0.0006875
135.201733,0.00018
135.2351,2
135.268467,2
135.301833,2
135.3352,2
135.368567,2
135.401933,2
135.4353,2
135.468667,2
135.502033,2
135.5354,2
135.568767,2
135.602133,2
135.6355,2
135.668867,2
135.702233,2
135.7356,2
135.768967,2
135.802333,2
135.8357,2
135.869067,2
135.902433,2
135.9358,2
135.969167,2
136.002533,2
136.0359,2
136.069267,2
136.102633,2
136.136,0.0008475
136.169367,0.0006875
136.202733,0.00018
136.2361,2
136.269467,2
136.302833,2
136.3362,2
136.369567,2
136.402933,2
136.4363,2
136.469667,2
136.503033,2
136.5364,2
136.569767,2
136.603133,2
136.6365,2
136.669867,2
136.703233,2
136.7366,2
136.769967,2
136.803333,2
136.8367,2
136.870067,2
136.903433,2
136.9368,2
136.970167,2
137.003533,1.93
137.0369,0.969607
137.070267,1.90099
137.103633,1.90358
137.137,1.91755
137.170367,0.997985
137.203733,1.86776
137.2371,1.90252
137.270467,1.93346
137.303833,1.88671
137.3372,1.93473
137.370567,0.956682
137.403933,1.90376
137.4373,2.11524
137.470667,2.19425
137.504033,2.2016
137.5374,2.1816
137.570767,2.06522
137.604133,3.00929
137.6375,2.13713
137.670867,2.34888
137.704233,2.28335
137.7376,2.08772
137.770967,2.83231
137.804333,2.00495
137.8377,2.00192
137.871067,2.73137
137.904433,1.85095
137.9378,2.69241
137.971167,2.72899
138.004533,0.0075725
138.0379,0.0020525
138.071267,0.0011225
138.104633,0.0011
138.138,0.03147
138.171367,0.0009025
138.204733,0.00029
138.2381,0.000155
138.271467,0.000155
138.304833,0.000155
138.3382,0.000155
138.371567,0.000155
138.404933,0.000155
138.4383,0.000155
138.471667,0.000155
138.505033,0.000155
138.5384,0.000155
138.571767,0.000155
138.605133,0.000155
138.6385,0.000155
138.671867,0.000155
138.705233,0.000155
138.7386,0.000155
138.771967,0.000155
138.805333,0.000155
138.8387,0.000155
138.872067,0.000155
138.905433,0.000155
138.9388,0.000155
138.972167,0.000155
139.005533,0.000155
139.0389,0.000155
139.072267,0.000155
139.105633,0.000155
139.139,0.0009725
139.172367,0.0009025
139.205733,0.00029
139.2391,0.000155
139.272467,0.000155
139.305833,0.000155
139.3392,0.000155
139.372567,0.000155
139.405933,0.000155
139.4393,0.000155
139.472667,0.000155
139.506033,0.000155
139.5394,0.000155
139.572767,0.000155
139.606133,0.000155
139.6395,0.000155
139.672867,0.000155
139.706233,0.000155
139.7396,0.000155
139.772967,0.000155
139.806333,0.000155
139.8397,0.000155
139.873067,0.000155
139.906433,0.000155
139.9398,0.000155
139.973167,0.000155
140.006533,0.000155
140.0399,0.000155
140.073267,0.000155
140.106633,0.000155
140.14,0.0009725
140.173367,0.0009025
140.206733,0.00029
140.2401,0.000155
140.273467,0.000155
140.306833,0.000155
140.3402,0.000155
140.373567,0.000155
140.406933,0.000155
140.4403,0.000155
140.473667,0.000155
140.507033,0.000155
140.5404,0.000155
140.573767,0.000155
140.607133,0.000155
140.6405,0.000155
140.673867,0.000155
140.707233,0.000155
140.7406,0.000155
140.773967,0.000155
140.807333,0.000155
140.8407,0.000155
140.874067,0.000155
140.907433,0.000155
140.9408,0.000155
140.974167,0.000155
141.007533,0.000155
141.0409,0.000155
141.074267,0.000155
141.107633,0.000155
141.141,0.0009725
141.174367,0.0009025
141.207733,0.00029
141.2411,0.000155
141.274467,0.000155
141.307833,0.000155
141.3412,0.000155
141.374567,0.000155
141.407933,0.000155
141.4413,0.000155
141.474667,0.000155
141.508033,0.000155
141.5414,53.2738
141.574767,0.0014625
141.608133,0.009435
141.6415,0.01392
141.674867,0.0043025
141.708233,0.003085
141.7416,0.0028225
141.774967,0.002805
141.808333,0.002805
141.8417,0.002805
141.875067,0.002805
141.908433,0.002805
141.9418,0.002805
141.975167,0.002805
142.008533,0.002805
142.0419,0.002805
142.075267,0.002805
142.108633,0.002805
142.142,0.0788875
142.175367,0.005655
142.208733,0.0016625
142.2421,0.0012425
142.275467,0.0011375
142.308833,0.00113
142.3422,0.00113
142.375567,0.00113
142.408933,0.00113
142.4423,0.00113
142.475667,0.00113
142.509033,0.00113
142.5424,0.00113
142.575767,0.00113
142.609133,0.00113
142.6425,0.00113
142.675867,0.00113
142.709233,0.00113
142.7426,0.66848
142.775967,0.20986
142.809333,0.052375
142.8427,17.9335
142.876067,15.0402
142.909433,13.5973
142.9428,12.0802
142.976167,9.1974
143.009533,7.68443
143.0429,6.3709
143.076267,2.1557
143.109633,0.113445
143.143,11.8595
143.176367,16.0863
143.209733,15.838
143.2431,14.426
143.276467,10.585
143.309833,9.88655
143.3432,8.39717
143.376567,13.975
143.409933,13.5403
143.4433,15.642
143.476667,12.8894
143.510033,11.8095
143.5434,11.5313
143.576767,7.68799
143.610133,4.81387
143.6435,2.346
143.676867,0.069915
143.710233,0.323025
143.7436,0.04377
143.776967,0.223112
143.810333,0.0731
143.8437,0.190397
143.877067,0.00613
143.910433,0.0328725
143.9438,0.125757
143.977167,0.0103925
144.010533,0.0165525
144.0439,0.02692
144.077267,0.00985
144.110633,0.006325
144.144,0.150748
144.177367,0.0059125
144.210733,0.0014575
144.2441,13.9552
144.277467,13.6435
144.310833,13.3767
144.3442,12.5513
144.377567,12.8871
144.410933,13.3808
144.4443,13.646
144.477667,13.9226
144.511033,14.0305
144.5444,13.7373
144.577767,13.6735
144.611133,13.7296
144.6445,13.7021
144.677867,13.5877
144.711233,13.6813
144.7446,13.5728
144.777967,13.4753
144.811333,13.5319
144.8447,13.9303
144.878067,0.01135
144.911433,0.15339
144.9448,0.070695
144.978167,0.147335
145.011533,0.009095
145.0449,0.016815
145.078267,0.0969525
145.111633,0.00366
145.145,0.167293
145.178367,0.01019
145.211733,0.0028175
145.2451,0.001995
145.278467,0.001805
145.311833,0.00179
145.3452,0.0018
145.378567,0.00179
145.411933,0.0018
145.4453,0.00179
145.478667,0.0018
145.512033,0.00179
145.5454,0.0018
145.578767,0.00179
145.612133,0.0018
145.6455,0.00179
145.678867,0.0018
145.712233,0.00179
145.7456,0.0018
145.778967,0.00179
145.812333,0.0018
145.8457,0.00179
145.879067,0.0018
145.912433,0.00179
145.9458,0.0018
145.979167,0.00179
146.012533,0.0018
146.0459,0.00179
146.079267,0.0018
146.112633,0.00179
146.146,0.075255
146.179367,0.005865
146.212733,0.0015125
146.2461,0.0011825
146.279467,0.001135
146.312833,0.001135
146.3462,0.001135
146.379567,0.001135
146.412933,0.001135
146.4463,0.001135
146.479667,0.001135
146.513033,15.9954
146.5464,0
146.579767,0
146.613133,0
146.6465,0
146.679867,0
146.713233,0
146.7466,0
146.779967,0
146.813333,0
146.8467,0
146.880067,0
146.913433,0
146.9468,0
146.980167,0
147.013533,0
147.0469,0
147.080267,0
147.113633,0
147.147,2.5
147.180367,0
147.213733,0
147.2471,0
147.280467,0
147.313833,0
147.3472,0
147.380567,0
147.413933,0
147.4473,0
147.480667,0
147.514033,0
147.5474,0
147.580767,0
147.614133,0
147.6475,0
147.680867,0
147.714233,0
147.7476,0
147.780967,0
147.814333,0
147.8477,0
147.881067,0
147.914433,0
147.9478,0.063715
147.981167,0.130115
148.014533,0.02591
148.0479,0.0212
148.081267,0.0728325
148.114633,0.03479
148.148,0.07283
148.181367,0.225637
148.214733,0.220485
148.2481,0.0424125
148.281467,0.0137625
148.314833,0.238723
148.3482,0.100712
148.381567,0.203765
148.414933,0.032965
148.4483,0.04287
148.481667,0.0360825
148.515033,0.0624625
148.5484,0.029225
148.581767,0.0303
148.615133,0.0325425
148.6485,0.019955
148.681867,0.359598
148.715233,0.146498
148.7486,0.287775
148.781967,0.08296
148.815333,0.166485
148.8487,0.09404
148.882067,0.148792
148.915433,0.39351
148.9488,0.416567
148.982167,0.358913
149.015533,0.295467
149.0489,0.53242
149.082267,0.418677
149.115633,0.63299
149.149,0.329948
149.182367,0.434465
149.215733,0.21412
149.2491,0.0073375
149.282467,0.503073
149.315833,0.748123
149.3492,0.450377
149.382567,0.00543
149.415933,0.0387425
149.4493,0.0395775
149.482667,0.163365
149.516033,0.0568375
149.5494,0.09346
149.582767,0.142192
149.616133,0.186842
149.6495,0.148547
149.682867,0.12158
149.716233,0.174898
149.7496,0.0791375
149.782967,0.000225
149.816333,0.0001275
149.8497,0.00011
149.883067,0.00011
149.916433,0.00011
149.9498,0.00011
149.983167,0.00011
150.016533,0.00011
150.0499,0.00011
150.083267,0.00011
150.116633,0.00011
150.15,0.004345
150.183367,0.0004375
150.216733,0.000135
150.2501,5
150.283467,5
150.316833,5
150.3502,5
150.383567,5
150.416933,5
150.4503,5
150.483667,5
150.517033,5
150.5504,5
150.583767,5
150.617133,54.601
150.6505,0.004285
150.683867,0.00123
150.717233,0.0006025
150.7506,0.000535
150.783967,0.00053
150.817333,0.00053
150.8507,0.00053
150.884067,0.00053
150.917433,0.00053
150.9508,0.00053
150.984167,0.00053
151.017533,0.00053
151.0509,0.00053
151.084267,0.00053
151.117633,0.00053
151.151,0.0192725
151.184367,0.00088
151.217733,0.0002775
151.2511,0.000175
151.284467,0.000165
151.317833,0.000165
151.3512,0.000165
151.384567,0.000165
151.417933,0.000165
151.4513,0.000165
151.484667,0.000165
151.518033,0.000165
151.5514,0.000165
151.584767,0.000165
151.618133,0.000165
151.6515,0.000165
151.684867,0.000165
151.718233,0.000165
151.7516,0.000165
151.784967,0.000165
151.818333,0.000165
151.8517,0.000165
151.885067,0.000165
151.918433,0.000165
151.9518,0.000165
151.985167,0.000165
152.018533,0.000165
152.0519,0.000165
152.085267,0.000165
152.118633,0.000165
152.152,0.0009675
152.185367,0.00088
152.218733,0.0002775
152.2521,0.000175
152.285467,0.000165
152.318833,58.469
152.3522,0.001225
152.385567,0.00024
152.418933,8.75
152.4523,6
152.485667,6
152.519033,6
152.5524,6
152.585767,6
152.619133,6
152.6525,6
152.685867,6
152.719233,6
152.7526,6
152.785967,6
152.819333,6
152.8527,6
152.886067,6
152.919433,6
152.9528,6
152.986167,6
153.019533,6
153.0529,6
153.086267,6
153.119633,6
153.153,0.0032775
153.186367,0.000255
153.219733,6.5
153.2531,1
153.286467,1
153.319833,1
153.3532,1
153.386567,1
153.419933,1
153.4533,0.0988575
153.486667,0.253532
153.520033,0.208258
153.5534,0.271022
153.586767,0.227662
153.620133,0.357368
153.6535,0.268508
153.686867,0.26593
153.720233,0.248617
153.7536,0.20908
153.786967,0.202843
153.820333,0.220142
153.8537,0.252245
153.887067,0.111638
153.920433,0.000465
153.9538,0.000285
153.987167,0.00027
154.020533,0.000265
154.0539,0.000265
154.087267,0.000265
154.120633,0.000265
154.154,0.0080325
154.187367,0.0003375
154.220733,0.000135
154.2541,6
154.287467,6
154.320833,6
154.3542,6
154.387567,6
154.420933,6
154.4543,0.43545
154.487667,0.04044
154.521033,0.281747
154.5544,0.144283
154.587767,0.280647
154.621133,0.15558
154.6545,0.174505
154.687867,0.270055
154.721233,0.266962
154.7546,0.0059025
154.787967,0.27052
154.821333,0.26614
154.8547,0.14914
154.888067,0.171395
154.921433,0.267015
154.9548,0.119728
154.988167,0.270047
155.021533,0.271467
155.0549,0.0072925
155.088267,0.274797
155.121633,0.265533
155.155,0.1572
155.188367,0.268095
155.221733,0.254408
155.2551,0.143602
155.288467,0.131243
155.321833,0.280303
155.3552,0.262728
155.388567,0.134395
155.421933,0.2557
155.4553,0.0015975
155.488667,0.00072
155.522033,0.0005225
155.5554,0.000495
155.588767,0.000495
155.622133,0.000495
155.6555,0.000495
155.688867,0.000495
155.722233,0.000495
155.7556,0.000495
155.788967,0.000495
155.822333,0.000495
155.8557,0.000495
155.889067,0.000495
155.922433,0.000495
155.9558,0.000495
155.989167,0.000495
156.022533,0.000495
156.0559,0.000495
156.089267,0.000495
156.122633,0.000495
156.156,0.01535
156.189367,0.0004875
156.222733,0.00014
156.2561,9
156.289467,9
156.322833,0.571403
156.3562,0.886075
156.389567,1.06871
156.422933,0.171365
156.4563,0.00024
156.489667,0.00019
156.523033,0.164653
156.5564,0.429443
156.589767,0.390235
156.623133,0.355363
156.6565,0.381678
156.689867,0.396948
156.723233,0.435287
156.7566,0.0033425
156.789967,0.00023
156.823333,0.0002
156.8567,0.0002
156.890067,0.0002
156.923433,0.0002
156.9568,0.0002
156.990167,0.0002
157.023533,0.0002
157.0569,0.0002
157.090267,0.0002
157.123633,0.0002
157.157,0.00403
157.190367,0.0064075
157.223733,0.204095
157.2571,0.303522
157.290467,0.25372
157.323833,0.301082
157.3572,0.26051
157.390567,0.355315
157.423933,0.319377
157.4573,0.299748
157.490667,0.304305
157.524033,0.0003025
157.5574,0.000195
157.590767,0.00019
157.624133,0.00019
157.6575,0.00019
157.690867,0.00019
157.724233,0.00019
157.7576,0.00019
157.790967,0.00019
157.824333,0.00019
157.8577,0.00019
157.891067,0.00019
157.924433,0.00019
157.9578,0.00019
157.991167,0.00019
158.024533,0.00019
158.0579,0.00019
158.091267,0.00019
158.124633,0.00019
158.158,0.0024025
158.191367,0.00067
158.224733,0.0002
158.2581,0.00013
158.291467,0.00013
158.324833,0.00013
158.3582,0.00013
158.391567,0.00013
158.424933,0.00013
158.4583,0.00013
158.491667,0.00013
158.525033,0.00013
158.5584,0.00013
158.591767,0.00013
158.625133,0.00013
158.6585,0.00013
158.691867,0.00013
158.725233,0.00013
158.7586,0.00013
158.791967,0.00013
158.825333,0.00013
158.8587,0.00013
158.892067,0.00013
158.925433,0.00013
158.9588,0.00013
158.992167,0.00013
159.025533,0.00013
159.0589,0.00013
159.092267,0.00013
159.125633,0.00013
159.159,0.000685
159.192367,0.00067
159.225733,0.0002
159.2591,0.00013
159.292467,0.00013
159.325833,0.00013
159.3592,0.00013
159.392567,0.00013
159.425933,0.00013
159.4593,0.00013
159.492667,0.00013
159.526033,0.00013
159.5594,0.00013
159.592767,0.00013
159.626133,0.00013
159.6595,0.00013
159.692867,0.00013
159.726233,0.00013
159.7596,0.00013
159.792967,0.00013
159.826333,0.00013
159.8597,0.00013
159.893067,0.00013
159.926433,0.00013
159.9598,0.00013
159.993167,0.00013
160.026533,0.00013
160.0599,0.00013
160.093267,0.00013
160.126633,0.00013
160.16,0.000685
160.193367,0.00067
160.226733,0.0002
160.2601,0.00013
160.293467,0.00013
160.326833,0.00013
160.3602,0.00013
160.393567,0.00013
160.426933,0.00013
160.4603,0.00013
160.493667,0.00013
160.527033,0.00013
160.5604,0.00013
160.593767,0.00013
160.627133,0.00013
160.6605,0.00013
160.693867,0.00013
160.727233,0.00013
160.7606,0.00013
160.793967,0.00013
160.827333,0.00013
160.8607,0.00013
160.894067,0.00013
160.927433,0.00013
160.9608,0.00013
160.994167,0.00013
161.027533,0.00013
161.0609,0.00013
161.094267,0.00013
161.127633,0.00013
161.161,0.000685
161.194367,0.00067
161.227733,0.0002
161.2611,0.00013
161.294467,0.00013
161.327833,0.00013
161.3612,0.00013
161.394567,0.00013
161.427933,0.00013
161.4613,0.00013
161.494667,0.00013
161.528033,0.00013
161.5614,0.00013
161.594767,0.00013
161.628133,0.00013
161.6615,0.00013
161.694867,0.00013
161.728233,0.00013
161.7616,0.00013
161.794967,0.00013
161.828333,0.00013
161.8617,0.00013
161.895067,0.00013
161.928433,0.00013
161.9618,0.00013
161.995167,0.00013
162.028533,35.957
162.0619,0.00136
162.095267,0.0362275
162.128633,0.0066125
162.162,0.25667
162.195367,0.0116325
162.228733,0.0033625
162.2621,0.0025275
162.295467,0.002335
162.328833,0.00233
162.3622,0.00233
162.395567,0.00233
162.428933,0.00233
162.4623,0.00233
162.495667,0.0047425
162.529033,0.0029975
162.5624,0.002425
162.595767,0.739383
162.629133,1.31833
162.6625,1.13321
162.695867,0.51341
162.729233,0.005505
162.7626,0.003245
162.795967,0.66448
162.829333,2.49382
162.8627,1.65119
162.896067,2.47078
162.929433,1.29031
162.9628,0.00217
162.996167,0.0103
163.029533,2.12839
163.0629,0.001855
163.096267,0.0145625
163.129633,0.005205
163.163,0.0602375
163.196367,0.01091
163.229733,2.09118
163.2631,0.0195675
163.296467,0.0075775
163.329833,0.003675
163.3632,0.0032475
163.396567,0.003105
163.429933,2.07164
163.4633,0.01832
163.496667,0.008225
163.530033,0.0042475
163.5634,0.0035825
163.596767,0.0034275
163.630133,2.26747
163.6635,0.01967
163.696867,0.00792
163.730233,0.00414
163.7636,0.0035475
163.796967,0.003385
163.830333,2.12642
163.8637,0.0193075
163.897067,0.0089175
163.930433,0.0060625
163.9638,0.003975
163.997167,0.0036375
164.030533,2.12209
164.0639,0.0042875
164.097267,0.0136525
164.130633,0.00496
164.164,0.0592025
164.197367,0.0108475
164.230733,2.10153
164.2641,0.02026
164.297467,0.0078175
164.330833,0.003825
164.3642,0.00336
164.397567,0.003215
164.430933,2.06853
164.4643,0.0188675
164.497667,0.008335
164.531033,0.004175
164.5644,0.003495
164.597767,0.0033625
164.631133,2.26057
164.6645,0.0193875
164.697867,0.008165
164.731233,0.0040625
164.7646,0.0035675
164.797967,0.00341
164.831333,2.12284
164.8647,0.0193175
164.898067,0.0020375
164.931433,0.0080275
164.9648,0.00424
164.998167,0.0037375
165.031533,2.12676
165.0649,0.00365
165.098267,0.0139575
165.131633,0.00487
165.165,0.06062
165.198367,0.0108475
165.231733,2.10153
165.2651,0.02026
165.298467,0.0078175
165.331833,0.003825
165.3652,0.00336
165.398567,0.003215
165.431933,2.06853
165.4653,0.0188675
165.498667,0.008335
165.532033,0.004175
165.5654,0.003495
165.598767,0.0033625
165.632133,2.26057
165.6655,0.0193875
165.698867,0.008165
165.732233,0.0040625
165.7656,0.0035675
165.798967,0.00341
165.832333,2.12284
165.8657,0.0193175
165.899067,0.0086525
165.932433,0.0061675
165.9658,0.004045
165.999167,0.00367
166.032533,2.12675
166.0659,0.00173
166.099267,0.014945
166.132633,0.0049125
166.166,0.05847
166.199367,0.0108475
166.232733,2.10153
166.2661,0.02026
166.299467,0.0078175
166.332833,0.003825
166.3662,0.00336
166.399567,0.003215
166.432933,2.06853
166.4663,0.0188675
166.499667,0.008335
166.533033,0.004175
166.5664,0.003495
166.599767,0.0033625
166.633133,2.26057
166.6665,0.0193875
166.699867,0.008165
166.733233,0.0040625
166.7666,0.0035675
166.799967,0.00341
166.833333,2.12284
166.8667,0.0193175
166.900067,0.0086525
166.933433,0.0061675
166.9668,0.004045
167.000167,0.00367
167.033533,2.12675
167.0669,0.00424
167.100267,0.01392
167.133633,0.0048825
167.167,0.05927
167.200367,0.0108475
167.233733,2.10153
167.2671,0.02026
167.300467,0.0078175
167.333833,0.003825
167.3672,0.00336
167.400567,0.003215
167.433933,2.06853
167.4673,0.0188675
167.500667,0.008335
167.534033,0.004175
167.5674,0.003495
167.600767,0.0033625
167.634133,2.26057
167.6675,0.0193875
167.700867,0.008165
167.734233,0.0040625
167.7676,0.0035675
167.800967,38.9452
167.834333,0
167.8677,0
167.901067,0
167.934433,0
167.9678,0
168.001167,0
168.034533,0
168.0679,0
168.101267,0
168.134633,0
168.168,0
168.201367,0
168.234733,0
168.2681,0
168.301467,0
168.334833,0
168.3682,0
168.401567,0
168.434933,0
168.4683,0
168.501667,0
168.535033,0
168.5684,0
168.601767,0
168.635133,0
168.6685,0
168.701867,0
168.735233,0
168.7686,0
168.801967,0
168.835333,0
168.8687,0
168.902067,0
168.935433,0
168.9688,0
169.002167,0
169.035533,0
169.0689,0
169.102267,0
169.135633,0
169.169,0
169.202367,0
169.235733,0
169.2691,0
169.302467,0
169.335833,0
169.3692,0
169.402567,0
169.435933,0
169.4693,0
169.502667,0
169.536033,0
169.5694,0
169.602767,0
169.636133,0
169.6695,0
169.702867,0
169.736233,0
169.7696,0
169.802967,0
169.836333,0
169.8697,0
169.903067,0
169.936433,0
169.9698,0
170.003167,0
170.036533,0
170.0699,0
170.103267,0
170.136633,0
170.17,0
170.203367,0
170.236733,0
170.2701,0
170.303467,0
170.336833,0
170.3702,0
170.403567,0
170.436933,0
170.4703,0
170.503667,0
170.537033,0
170.5704,0
170.603767,0
170.637133,0
170.6705,0
170.703867,0
170.737233,0
170.7706,0
170.803967,0
170.837333,0
170.8707,0
170.904067,0
170.937433,0
170.9708,0
171.004167,0
171.037533,0
171.0709,0
171.104267,0
171.137633,0
171.171,0
171.204367,0
171.237733,0
171.2711,0
171.304467,0
171.337833,0
171.3712,0
171.404567,0
171.437933,0
171.4713,0
171.504667,0
171.538033,0
171.5714,0
171.604767,0
171.638133,0
171.6715,0
171.704867,0
171.738233,0
171.7716,0
171.804967,0
171.838333,0
171.8717,0
171.905067,0
171.938433,0
171.9718,0
172.005167,0
172.038533,0
172.0719,0
172.105267,0
172.138633,0
172.172,0
172.205367,0
172.238733,0
172.2721,0
172.305467,0
172.338833,0
172.3722,0
172.405567,0
172.438933,0
172.4723,0
172.505667,0
172.539033,0
172.5724,0
172.605767,0
172.639133,0
172.6725,0
172.705867,0
172.739233,0
172.7726,0
172.805967,0
172.839333,0
172.8727,0
172.906067,0
172.939433,0
172.9728,0
173.006167,0
173.039533,0
173.0729,0
173.106267,0
173.139633,0
173.173,0
173.206367,0
173.239733,0
173.2731,0
173.306467,0
173.339833,0
173.3732,0
173.406567,0
173.439933,0
173.4733,0
173.506667,0
173.540033,0
173.5734,0
173.606767,0
173.640133,0
173.6735,0
173.706867,0
173.740233,0
173.7736,0
173.806967,0
173.840333,0
173.8737,0
173.907067,0
173.940433,0
173.9738,0
174.007167,0
174.040533,0
174.0739,0
174.107267,0
174.140633,0
174.174,0
174.207367,0
174.240733,0
174.2741,0
174.307467,0
174.340833,0
174.3742,0
174.407567,0
174.440933,0
174.4743,0
174.507667,0
174.541033,0
174.5744,0
174.607767,0
174.641133,0
174.6745,0
174.707867,0
174.741233,0
174.7746,0
174.807967,0
174.841333,0
174.8747,0
174.908067,0
174.941433,0
174.9748,0
175.008167,0
175.041533,0
175.0749,0
175.108267,0
175.141633,0
175.175,0
175.208367,0
175.241733,0
175.2751,0
175.308467,0
175.341833,0
175.3752,0
175.408567,0
175.441933,0
175.4753,0
175.508667,0
175.542033,0
175.5754,0
175.608767,0
175.642133,0
175.6755,0
175.708867,2.5
175.742233,1
175.7756,0.0414425
175.808967,0.0593225
175.842333,0.0501525
175.8757,0.0018725
175.909067,0.00021
175.942433,0.00422
175.9758,0.0480425
176.009167,0.0668275
176.042533,0.04659
176.0759,0.064315
176.109267,0.04858
176.142633,0.062695
176.176,0.0504875
176.209367,0.005035
176.242733,0.0003325
176.2761,0.0018325
176.309467,0.041955
176.342833,0.04535
176.3762,0.0574725
176.409567,0.04685
176.442933,0.0555125
176.4763,0.05202
176.509667,0.05382
176.543033,0.0145875
176.5764,2.75
176.609767,7
176.643133,0.0039775
176.6765,0.0090925
176.709867,0.00869
176.743233,0.011395
176.7766,0.0142075
176.809967,0.007735
176.843333,0.009135
176.8767,0.004375
176.910067,4
176.943433,1
176.9768,0.0031975
177.010167,0.0152175
177.043533,0.014415
177.0769,1.46119
177.110267,0.035965
177.143633,0.01227
177.177,0.0143825
177.210367,0.0144025
177.243733,0.0006325
177.2771,0.0001525
177.310467,0.000235
177.343833,4.75
177.3772,5.5
177.410567,3
177.443933,6.25
177.4773,3
177.510667,2
177.544033,2
177.5774,2
177.610767,2
177.644133,2
177.6775,2
177.710867,2
177.744233,2
177.7776,2
177.810967,2
177.844333,2
177.8777,2
177.911067,2
177.944433,2
177.9778,2
178.011167,2
178.044533,2
178.0779,2
178.111267,2
178.144633,2
178.178,0.000645
178.211367,5.5
178.244733,0
178.2781,0
178.311467,0
178.344833,0
178.3782,0
178.411567,0
178.444933,0
178.4783,0
178.511667,0
178.545033,0.512062
178.5784,0
178.611767,0
178.645133,4.25
178.6785,0
178.711867,0
178.745233,0
178.7786,0
178.811967,0
178.845333,0
178.8787,0
178.912067,0
178.945433,0
178.9788,0
179.012167,0.0004025
179.045533,0.00426
179.0789,0.008215
179.112267,0.007185
179.145633,0.0104975
179.179,0.0096
179.212367,0.006795
179.245733,0.00838
179.2791,0.001995
179.312467,7
179.345833,7.75
179.3792,0.002755
179.412567,0.009925
179.445933,0.0094575
179.4793,0.0106975
179.512667,0.0080825
179.546033,0.0104775
179.5794,0.0088925
179.612767,0.0061125
179.646133,6.25
179.6795,1.5
179.712867,0
179.746233,0
179.7796,0
179.812967,6.25
179.846333,0.0002825
179.8797,7.5
179.913067,1
179.946433,1
179.9798,0
180.013167,1
180.046533,0
180.0799,1
180.113267,0
180.146633,1
180.18,0.0002475
180.213367,1
180.246733,0
180.2801,0
180.313467,0
180.346833,0
180.3802,0
180.413567,0
180.446933,0
180.4803,0
180.513667,0
180.547033,0
180.5804,0
180.613767,0
180.647133,0
180.6805,0
180.713867,0
180.747233,0
180.7806,0
180.813967,0
180.847333,0
180.8807,0
180.914067,1.99851
180.947433,0.999833
180.9808,1.99879
181.014167,1.99866
181.047533,1.99842
181.0809,1.00029
181.114267,1.99865
181.147633,1.99884
181.181,1.99872
181.214367,1.99869
181.247733,1.9988
181.2811,1.00012
181.314467,1.99897
181.347833,1.99886
181.3812,1.99894
181.414567,1.999
181.447933,1.99885
181.4813,1.99899
181.514667,2.99736
181.548033,1.99971
181.5814,1.99904
181.614767,1.99911
181.648133,1.99964
181.6815,2.99725
181.714867,1.99917
181.748233,1.99986
181.7816,2.99725
181.814967,2.00007
181.848333,2.99713
181.8817,45.6862
181.915067,0.01226
181.948433,0.0030675
181.9818,0.0018075
182.015167,0.001635
182.048533,0.00157
182.0819,0.00163
182.115267,0.0029425
182.148633,0.005695
182.182,0.0570075
182.215367,0.00701
182.248733,0.005345
182.2821,0.0047925
182.315467,0.0051875
182.348833,0.00379
182.3822,0.000635
182.415567,0.00052
182.448933,0.00052
182.4823,0.00052
182.515667,0.00052
182.549033,0.00052
182.5824,0.00052
182.615767,0.00052
182.649133,0.00052
182.6825,0.00052
182.715867,0.00052
182.749233,0.00052
182.7826,0.00052
182.815967,0.00052
182.849333,0.00052
182.8827,0.00052
182.916067,0.00052
182.949433,0.00052
182.9828,0.00052
183.016167,0.00052
183.049533,0.00052
183.0829,0.00052
183.116267,0.00052
183.149633,0.00052
183.183,0.00304
183.216367,0.002895
183.249733,0.000675
183.2831,0.000535
183.316467,0.00052
183.349833,0.00051
183.3832,0.00051
183.416567,0.00051
183.449933,0.0007925
183.4833,0.00593
183.516667,0.022435
183.550033,0.020625
183.5834,0.0196675
183.616767,0.0155575
183.650133,0.0128725
183.6835,0.00899
183.716867,0.006775
183.750233,0.00087
183.7836,0.00058
183.816967,0.0015175
183.850333,0.0102975
183.8837,0.01229
183.917067,0.0098225
183.950433,0.0125725
183.9838,0.011375
184.017167,0.0135875
184.050533,0.0132125
184.0839,0.00165
184.117267,0.000535
184.150633,0.00052
184.184,0.003955
184.217367,0.0029
184.250733,0.000665
184.2841,0.000525
184.317467,0.00051
184.350833,0.0005
184.3842,0.0005
184.417567,0.0005
184.450933,0.0005
184.4843,0.0005
184.517667,0.0005
184.551033,0.0005
184.5844,0.0005
184.617767,0.00067
184.651133,0.00073
184.6845,0.000505
184.717867,0.0005
184.751233,0.0005
184.7846,0.0005
184.817967,0.0005
184.851333,0.0005
184.8847,0.0005
184.918067,0.0005
184.951433,0.0005
184.9848,0.0005
185.018167,0.0005
185.051533,0.0005
185.0849,0.0005
185.118267,0.0005
185.151633,0.0005
185.185,0.0041175
185.218367,0.0127525
185.251733,0.013295
185.2851,0.01315
185.318467,0.0125575
185.351833,0.0139325
185.3852,0.0118175
185.418567,0.0142975
185.451933,0.0009325
185.4853,0.0005
185.518667,0.000545
185.552033,0.0014475
185.5854,0.00229
185.618767,0.002065
185.652133,0.0099
185.6855,0.0026525
185.718867,89.317
185.752233,0.001455
185.7856,0.0004075
185.818967,0.0002175
185.852333,0.00018
185.8857,0.00018
185.919067,0.00018
185.952433,0.00018
185.9858,0.00018
186.019167,0.00018
186.052533,0.00018
186.0859,0.00018
186.119267,0.00018
186.152633,0.00018
186.186,0.004785
186.219367,0.0003275
186.252733,7.25
186.2861,4
186.319467,3.75
186.352833,3
186.3862,3
186.419567,3
186.452933,3
186.4863,3
186.519667,3
186.553033,3
186.5864,3
186.619767,3
186.653133,3
186.6865,3
186.719867,3
186.753233,3
186.7866,3
186.819967,3
186.853333,3
186.8867,3
186.920067,3
186.953433,3
186.9868,3
187.020167,3
187.053533,3
187.0869,3
187.120267,3
187.153633,3
187.187,0.0003625
187.220367,0.0003275
187.253733,7.25
187.2871,4
187.320467,3.75
187.353833,3
187.3872,3
187.420567,3
187.453933,3
187.4873,3
187.520667,3
187.554033,3
187.5874,3
187.620767,3
187.654133,3
187.6875,3
187.720867,3
187.754233,3
187.7876,3
187.820967,3
187.854333,3
187.8877,3
187.921067,3
187.954433,3
187.9878,3
188.021167,3
188.054533,3
188.0879,3
188.121267,3
188.154633,3
188.188,0.0003625
188.221367,0.0003275
188.254733,7.25
188.2881,4
188.321467,3.75
188.354833,3
188.3882,3
188.421567,3
188.454933,3
188.4883,3
188.521667,3
188.555033,3
188.5884,3
188.621767,3
188.655133,3
188.6885,0.0676625
188.721867,0.0713875
188.755233,0.0680175
188.7886,0.0731125
188.821967,0.073025
188.855333,0.068425
188.8887,0.07374
188.922067,0.0888025
188.955433,0.07402
188.9888,0.074
189.022167,0.08978
189.055533,0.09103
189.0889,0.09067
189.122267,0.09455
189.155633,0.0928075
189.189,0.09704
189.222367,0.111238
189.255733,0.0981675
189.2891,0.113517
189.322467,0.11455
189.355833,0.133892
189.3892,0.135722
189.422567,0.137575
189.455933,0.157087
189.4893,0.163238
189.522667,0.196727
189.556033,0.21831
189.5894,0.249695
189.622767,0.345633
189.656133,0.779878
189.6895,0.000965
189.722867,0.0002125
189.756233,9.5
189.7896,8.5
189.822967,8.5
189.856333,8.5
189.8897,8.5
189.923067,8.5
189.956433,8.5
189.9898,8.5
190.023167,8.5
190.056533,8.5
190.0899,8.5
190.123267,8.5
190.156633,8.5
190.19,0.002885
190.223367,0.0005075
190.256733,0.00012
190.2901,7
190.323467,6.75
190.356833,6
190.3902,6
190.423567,6
190.456933,6
190.4903,6
190.523667,6
190.557033,6
190.5904,6
190.623767,6
190.657133,6
190.6905,6
190.723867,6
190.757233,6
190.7906,6
190.823967,6
190.857333,6
190.8907,6
190.924067,6
190.957433,6
190.9908,6
191.024167,6
191.057533,6
191.0909,6
191.124267,6
191.157633,6
191.191,0.00055
191.224367,0.0005075
191.257733,0.00012
191.2911,7
191.324467,6.75
191.357833,6
191.3912,6
191.424567,6
191.457933,6
191.4913,6
191.524667,6
191.558033,6
191.5914,6
191.624767,6
191.658133,6
191.6915,6
191.724867,6
191.758233,6
191.7916,6
191.824967,6
191.858333,6
191.8917,6
191.925067,6
191.958433,6
191.9918,6
192.025167,6
192.058533,6
192.0919,6
192.125267,6
192.158633,6
192.192,0.00055
192.225367,0.0005075
192.258733,0.00012
192.2921,7
192.325467,6.75
192.358833,6
192.3922,6
192.425567,6
192.458933,6
192.4923,6
192.525667,6
192.559033,6
192.5924,6
192.625767,6
192.659133,6
192.6925,6
192.725867,6
192.759233,6
192.7926,6
192.825967,6
192.859333,6
192.8927,6
192.926067,6
192.959433,6
192.9928,6
193.026167,6
193.059533,6
193.0929,6
193.126267,6
193.159633,6
193.193,0.00055
193.226367,0.0005075
193.259733,0.00012
193.2931,7
193.326467,6.75
193.359833,6
193.3932,6
193.426567,6
193.459933,6
193.4933,6
193.526667,6
193.560033,6
193.5934,6
193.626767,6
193.660133,6
193.6935,6
193.726867,6
193.760233,6
193.7936,6
193.826967,6
193.860333,6
193.8937,6
193.927067,6
193.960433,6
193.9938,6
194.027167,6
194.060533,6
194.0939,6
194.127267,6
194.160633,6
194.194,0.00055
194.227367,0.0005075
194.260733,0.00012
194.2941,7
194.327467,6.75
194.360833,6
194.3942,6
194.427567,6
194.460933,6
194.4943,6
194.527667,6
194.561033,6
194.5944,6
194.627767,6
194.661133,6
194.6945,6
194.727867,6
194.761233,6
194.7946,6
194.827967,6
194.861333,6
194.8947,6
194.928067,6
194.961433,6
194.9948,6
195.028167,6
195.061533,6
195.0949,6
195.128267,23.3998
195.161633,0.003885
195.195,0.0161625
195.228367,0.0014375
195.261733,0.0002825
195.2951,0.000185
195.328467,0.00016
195.361833,0.00017
195.3952,0.00016
195.428567,0.00017
195.461933,0.00016
195.4953,0.00017
195.528667,0.00016
195.562033,0.00017
195.5954,0.00016
195.628767,0.00017
195.662133,0.00016
195.6955,0.00017
195.728867,0.00016
195.762233,0.00017
195.7956,0.00016
195.828967,0.00017
195.862333,0.00016
195.8957,0.00017
195.929067,0.00016
195.962433,0.00017
195.9958,0.00016
196.029167,0.00017
196.062533,0.00016
196.0959,0.00017
196.129267,0.00016
196.162633,0.00017
196.196,0.00152
196.229367,0.0014375
196.262733,0.0002825
196.2961,0.000185
196.329467,0.00016
196.362833,0.00017
196.3962,0.00016
196.429567,0.00017
196.462933,0.00016
196.4963,0.00017
196.529667,0.00016
196.563033,0.00017
196.5964,0.00016
196.629767,0.00017
196.663133,0.00016
196.6965,0.00017
196.729867,0.00016
196.763233,0.00017
196.7966,0.00016
196.829967,0.00017
196.863333,0.00016
196.8967,0.00017
196.930067,0.00016
196.963433,0.00017
196.9968,0.00016
197.030167,0.00017
197.063533,0.00016
197.0969,0.00017
197.130267,0.00016
197.163633,0.00017
197.197,0.00152
197.230367,0.0014375
197.263733,0.0002825
197.2971,0.000185
197.330467,0.00016
197.363833,0.00017
197.3972,0.00016
197.430567,0.00017
197.463933,0.00016
197.4973,7.17736
197.530667,7.30733
197.564033,6.69527
197.5974,7.41793
197.630767,7.55072
197.664133,7.1193
197.6975,7.63066
197.730867,7.78155
197.764233,7.81388
197.7976,7.18452
197.830967,8.23261
197.864333,8.51455
197.8977,7.66186
197.931067,8.66593
197.964433,8.78244
197.9978,8.22743
198.031167,9.26347
198.064533,9.45989
198.0979,9.20485
198.131267,9.82487
198.164633,9.31588
198.198,9.44062
198.231367,8.88922
198.264733,9.75463
198.2981,10.1812
198.331467,10.0341
198.364833,10.124
198.3982,10.0585
198.431567,9.48564
198.464933,10.4149
198.4983,10.7858
198.531667,10.3013
198.565033,11.8693
198.5984,11.6506
198.631767,11.8852
198.665133,11.1853
198.6985,12.4815
198.731867,12.6936
198.765233,12.1274
198.7986,15.1955
198.831967,13.9932
198.865333,12.697
198.8987,13.8883
198.932067,13.7532
198.965433,12.3518
198.9988,14.0631
199.032167,13.0906
199.065533,12.8844
199.0989,12.053
199.132267,12.9547
199.165633,12.9533
199.199,12.0356
199.232367,13.6635
199.265733,12.8241
199.2991,11.7401
199.332467,12.5056
199.365833,12.341
199.3992,11.5198
199.432567,12.4985
199.465933,13.0167
199.4993,12.3213
199.532667,11.0573
199.566033,11.7997
199.5994,11.737
199.632767,10.6306
199.666133,11.5133
199.6995,12.0074
199.732867,10.3076
199.766233,11.0709
199.7996,11.0592
199.832967,10.1058
199.866333,11.1187
199.8997,11.1342
199.933067,11.3463
199.966433,9.9211
199.9998,10.8905
200.033167,10.7688
200.066533,9.85899
200.0999,10.9669
200.133267,11.4801
200.166633,10.0974
200.2,10.5173
200.233367,10.3938
200.266733,9.32733
200.3001,10.3767
200.333467,10.1549
200.366833,9.39684
200.4002,10.0396
200.433567,9.97654
200.466933,9.94218
200.5003,8.85687
200.533667,9.58747
200.567033,9.52528
200.6004,8.801
200.633767,9.40066
200.667133,9.85803
200.7005,8.97325
200.733867,9.75301
200.767233,9.84452
200.8006,9.898
200.833967,9.30649
200.867333,10.2113
200.9007,10.3481
200.934067,9.33739
200.967433,10.4848
201.0008,10.5918
201.034167,9.59374
201.067533,11.2256
201.1009,10.9544
201.134267,10.0205
201.167633,11.1886
201.201,11.3198
201.234367,10.3647
201.267733,11.8118
201.3011,12.426
201.334467,12.1163
201.367833,11.2476
201.4012,12.5616
201.434567,12.7844
201.467933,12.1174
201.5013,13.6682
201.534667,14.6299
201.568033,13.2095
201.6014,15.2656
201.634767,17.0886
201.668133,15.1351
201.7015,16.6103
201.734867,17.4351
201.768233,16.7125
201.8016,15.233
201.834967,16.705
201.868333,16.6327
201.9017,14.8022
201.935067,16.1213
201.968433,16.6648
202.0018,14.4392
202.035167,15.7439
202.068533,15.6146
202.1019,13.9591
202.135267,15.1202
202.168633,14.8895
202.202,15.1724
202.235367,13.0006
202.268733,14.0341
202.3021,13.5346
202.335467,12.0628
202.368833,13.02
202.4022,12.7559
202.435567,11.823
202.468933,12.1052
202.5023,11.6213
202.535667,10.32
202.569033,11.0907
202.6024,10.725
202.635767,10.4556
202.669133,9.65358
202.7025,9.82639
202.735867,9.59115
202.769233,8.47145
202.8026,9.10326
202.835967,9.03395
202.869333,8.08132
202.9027,9.05313
202.936067,8.25609
202.969433,7.3167
203.0028,8.03766
203.036167,8.02331
203.069533,7.96997
203.1029,7.32174
203.136267,7.84169
203.169633,7.33628
203.203,6.41262
203.236367,7.04707
203.269733,6.9884
203.3031,6.28641
203.336467,7.45472
203.369833,7.14391
203.4032,6.17867
203.436567,6.78162
203.469933,6.66059
203.5033,6.68871
203.536667,6.24878
203.570033,7.27762
203.6034,7.08268
203.636767,6.66129
203.670133,7.33749
203.7035,7.40734
203.736867,7.03254
203.770233,7.74529
203.8036,8.38931
203.836967,7.58814
203.870333,8.40286
203.9037,8.47516
203.937067,8.56139
203.970433,7.84815
204.0038,8.68001
204.037167,9.19655
204.070533,8.01375
204.1039,8.79036
204.137267,8.77097
204.170633,7.92818
204.204,8.66528
204.237367,8.97324
204.270733,7.66268
204.3041,8.34816
204.337467,8.29866
204.370833,8.30387
204.4042,7.72347
204.437567,8.36959
204.470933,8.72481
204.5043,7.55133
204.537667,8.22205
204.571033,8.21857
204.6044,7.62523
204.637767,8.33573
204.671133,8.27137
204.7045,7.97373
204.737867,8.14895
204.771233,8.10592
204.8046,8.16953
204.837967,7.44039
204.871333,8.08272
204.9047,8.26542
204.938067,8.01154
204.971433,8.38407
205.0048,8.65106
205.038167,8.09477
205.071533,9.10564
205.1049,9.43095
205.138267,8.7737
205.171633,10.0784
205.205,9.93864
205.238367,9.70303
205.271733,8.85577
205.3051,10.0059
205.338467,10.112
205.371833,9.19324
205.4052,10.5585
205.438567,10.1829
205.471933,9.28923
205.5053,0.000445
205.538667,0.0002
205.572033,0.00017
205.6054,0.00016
205.638767,0.00016
205.672133,30.9055
205.7055,0.00229
205.738867,0.0011975
205.772233,0.0004525
205.8056,0.0002375
205.838967,0.0002
205.872333,0.0002
205.9057,0.0002
205.939067,0.0002
205.972433,0.0002
206.0058,0.0002
206.039167,0.0002
206.072533,0.0002
206.1059,0.0002
206.139267,0.0002
206.172633,0.0002
206.206,0.007315
206.239367,0.0005175
206.272733,0.00012
206.3061,7
206.339467,6.75
206.372833,6
206.4062,6
206.439567,6
206.472933,6
206.5063,6
206.539667,6
206.573033,6
206.6064,6
206.639767,6
206.673133,6
206.7065,6
206.739867,6
206.773233,6
206.8066,6
206.839967,6
206.873333,6
206.9067,6
206.940067,6
206.973433,6
207.0068,6
207.040167,6
207.073533,6
207.1069,6
207.140267,6
207.173633,6
207.207,0.00056
207.240367,0.0005175
207.273733,0.00012
207.3071,7
207.340467,6.75
207.373833,6
207.4072,6
207.440567,6
207.473933,6
207.5073,6
207.540667,6
207.574033,6
207.6074,6
207.640767,6
207.674133,6
207.7075,6
207.740867,6
207.774233,6
207.8076,6
207.840967,6
207.874333,6
207.9077,6
207.941067,6
207.974433,6
208.0078,6
208.041167,6
208.074533,6
208.1079,6
208.141267,6
208.174633,6
208.208,0.00056
208.241367,0.0005175
208.274733,0.00012
208.3081,7
208.341467,6.75
208.374833,6
208.4082,6
208.441567,6
208.474933,6
208.5083,6
208.541667,6
208.575033,6
208.6084,6
208.641767,6
208.675133,0.341987
208.7085,0.205873
208.741867,0.1811
208.775233,0.171835
208.8086,0.166052
208.841967,0.159438
208.875333,0.157945
208.9087,0.167742
208.942067,0.153752
208.975433,0.151195
209.0088,0.164285
209.042167,0.16139
209.075533,0.16311
209.1089,0.164378
209.142267,0.16402
209.175633,0.163582
209.209,0.182718
209.242367,0.162002
209.275733,0.177455
209.3091,0.17938
209.342467,0.19663
209.375833,0.199077
209.4092,0.198825
209.442567,0.218595
209.475933,0.22184
209.5093,0.254515
209.542667,0.27921
209.576033,0.302315
209.6094,0.40389
209.642767,0.834512
209.676133,0.0010025
209.7095,0.0003425
209.742867,0.0001875
209.776233,0.00017
209.8096,0.00017
209.842967,0.00017
209.876333,0.00017
209.9097,0.00017
209.943067,0.00017
209.976433,0.00017
210.0098,0.00017
210.043167,0.00017
210.076533,0.00017
210.1099,0.00017
210.143267,0.00017
210.176633,0.00017
210.21,0.0037425
210.243367,0.000415
210.276733,0.0001025
210.3101,5
210.343467,4.75
210.376833,4
210.4102,4
210.443567,4
210.476933,4
210.5103,4
210.543667,4
210.577033,4
210.6104,4
210.643767,4
210.677133,4
210.7105,4
210.743867,4
210.777233,4
210.8106,4
210.843967,4
210.877333,4
210.9107,4
210.944067,4
210.977433,4
211.0108,4
211.044167,0.040395
211.077533,0.0396325
211.1109,0.040475
211.144267,0.0523225
211.177633,0.0406525
211.211,0.0401875
211.244367,0.053525
211.277733,0.0399525
211.3111,0.05342
211.344467,0.053375
211.377833,0.052665
211.4112,0.05342
211.444567,0.0528425
211.477933,0.053455
211.5113,0.06561
211.544667,0.0536825
211.578033,0.0663825
211.6114,0.06589
211.644767,0.066485
211.678133,0.0785325
211.7115,0.0795775
211.744867,0.079455
211.778233,0.0915475
211.8116,0.09262
211.844967,0.104665
211.878333,0.11823
211.9117,0.14414
211.945067,0.1691
211.978433,0.221385
212.0118,0.57714
212.045167,0.000125
212.078533,6.25
212.1119,5
212.145267,5
212.178633,5
212.212,0.0006925
212.245367,0.00043
212.278733,0.0001125
212.3121,6
212.345467,5.75
212.378833,5
212.4122,5
212.445567,5
212.478933,5
212.5123,5
212.545667,5
212.579033,5
212.6124,5
212.645767,5
212.679133,5
212.7125,5
212.745867,5
212.779233,5
212.8126,5
212.845967,5
212.879333,5
212.9127,5
212.946067,5
212.979433,5
213.0128,5
213.046167,5
213.079533,5
213.1129,5
213.146267,5
213.179633,5
213.213,0.000485
213.246367,0.00043
213.279733,0.0001125
213.3131,6
213.346467,5.75
213.379833,5
213.4132,5
213.446567,5
213.479933,5
213.5133,5
213.546667,5
213.580033,5
213.6134,5
213.646767,5
213.680133,5
213.7135,5
213.746867,5
213.780233,5
213.8136,5
213.846967,5
213.880333,5
213.9137,5
213.947067,5
213.980433,5
214.0138,5
214.047167,5
214.080533,5
214.1139,5
214.147267,5
214.180633,5
214.214,0.000485
214.247367,0.00043
214.280733,0.0001125
214.3141,6
214.347467,5.75
214.380833,5
214.4142,5
214.447567,5
214.480933,5
214.5143,5
214.547667,5
214.581033,5
214.6144,5
214.647767,5
214.681133,5
214.7145,5
214.747867,5
214.781233,5
214.8146,5
214.847967,5
214.881333,5
214.9147,5
214.948067,5
214.981433,5
215.0148,5
215.048167,5
215.081533,5
215.1149,5
215.148267,5
215.181633,5
215.215,0.000485
215.248367,0.00043
215.281733,0.0001125
215.3151,6
215.348467,5.75
215.381833,5
215.4152,5
215.448567,5
215.481933,5
215.5153,5
215.548667,5
215.582033,5
215.6154,17.8629
215.648767,0
215.682133,0
215.7155,0
215.748867,0
215.782233,0
215.8156,0
215.848967,0
215.882333,0
215.9157,0
215.949067,0
215.982433,0
216.0158,0
216.049167,0
216.082533,0
216.1159,0
216.149267,0
216.182633,0
216.216,0
216.249367,0
216.282733,0
216.3161,0
216.349467,0
216.382833,0
216.4162,0
216.449567,0
216.482933,0
216.5163,0
216.549667,0
216.583033,0
216.6164,0
216.649767,0
216.683133,0
216.7165,0
216.749867,0
216.783233,0
216.8166,0
216.849967,0
216.883333,0
216.9167,0
216.950067,0
216.983433,0
217.0168,0
217.050167,0
217.083533,0
217.1169,0
217.150267,0
217.183633,0
217.217,0
217.250367,0
217.283733,0
217.3171,0
217.350467,0
217.383833,0
217.4172,0
217.450567,0
217.483933,0
217.5173,0
217.550667,0
217.584033,0
217.6174,0
217.650767,0
217.684133,0
217.7175,0
217.750867,0
217.784233,0
217.8176,0
217.850967,0
217.884333,0
217.9177,0
217.951067,0
217.984433,0
218.0178,0
218.051167,0
218.084533,0
218.1179,0
218.151267,0
218.184633,0
218.218,0
218.251367,0
218.284733,0
218.3181,0
218.351467,0
218.384833,0
218.4182,0
218.451567,0
218.484933,0
218.5183,0
218.551667,0
218.585033,0
218.6184,0
218.651767,0
218.685133,0
218.7185,0
218.751867,0
218.785233,0
218.8186,0
218.851967,0
218.885333,0
218.9187,0
218.952067,0
218.985433,0
219.0188,0
219.052167,0
219.085533,0
219.1189,0
219.152267,0
219.185633,0
219.219,0
219.252367,0
219.285733,0
219.3191,0
219.352467,0
219.385833,0
219.4192,0
219.452567,0
219.485933,0
219.5193,0.02733
219.552667,0.0319775
219.586033,0.0004425
219.6194,0.01281
219.652767,0.0406275
219.686133,0.048675
219.7195,0.0386375
219.752867,0.01814
219.786233,3.75
219.8196,0.0602575
219.852967,0.086395
219.886333,0.0881675
219.9197,0.087005
219.953067,0.0094325
219.986433,0.00421
220.0198,0.0364875
220.053167,0.0448325
220.086533,0.035625
220.1199,0.0254225
220.153267,3.75
220.186633,0.08483
220.22,0.202425
220.253367,0.214613
220.286733,0.215165
220.3201,0.0447775
220.353467,0.002185
220.386833,0.0690425
220.4202,0.0897375
220.453567,0.09262
220.486933,0.07961
220.5203,0.001685
220.553667,0.013895
220.587033,0.06379
220.6204,0.0632175
220.653767,0.0581875
220.687133,3.39423
220.7205,0.0006725
220.753867,0.0781525
220.787233,0.139843
220.8206,0.140607
220.853967,0.142735
220.887333,0.021635
220.9207,0.0011025
220.954067,0.0134375
220.987433,0.0149125
221.0208,0.0133225
221.054167,0.009895
221.087533,3.5
221.1209,0.020795
221.154267,0.04995
221.187633,0.0555125
221.221,0.0515925
221.254367,0.01739
221.287733,0.02583
221.3211,0.11731
221.354467,0.12071
221.387833,0.115632
221.4212,0.069415
221.454567,4.5
221.487933,0.00166
221.5213,0.0026325
221.554667,0.0108775
221.588033,0.0021925
221.6214,0.0003075
221.654767,0.00516
221.688133,0.046895
221.7215,0.0530375
221.754867,0.050675
221.788233,0.0378275
221.8216,5.5
221.854967,0.0016875
221.888333,0.0032125
221.9217,0.008435
221.955067,0.0032575
221.988433,0.001185
222.0218,0.000265
222.055167,0.027215
222.088533,0.0341725
222.1219,0.0345675
222.155267,0.0291075
222.188633,4.5
222.222,0.0025025
222.255367,0.0076325
222.288733,0.0083475
222.3221,0.007335
222.355467,0.00437
222.388833,6
222.4222,0.0044375
222.455567,0.0069925
222.488933,0.016225
222.5223,0.00628
222.555667,0.0010775
222.589033,0.007245
222.6224,0.09152
222.655767,0.109262
222.689133,0.110607
222.7225,0.0877
222.755867,4
222.789233,0.0016225
222.8226,0.0037325
222.855967,0.005
222.889333,0.00378
222.9227,0.0015425
222.956067,8
222.989433,0.0260375
223.0228,0.0413175
223.056167,0.03785
223.089533,0.03582
223.1229,0.0007375
223.156267,0.0033675
223.189633,0.0246975
223.223,0.0261575
223.256367,0.024975
223.289733,0.0152225
223.3231,4.75
223.356467,0.0262725
223.389833,0.04258
223.4232,0.042975
223.456567,0.04291
223.489933,0.0100725
223.5233,0.0024875
223.556667,0.0327125
223.590033,0.0362725
223.6234,0.03669
223.656767,0.02966
223.690133,2.5
223.7235,0.031945
223.756867,0.0842525
223.790233,0.08617
223.8236,0.0845975
223.856967,0.03663
223.890333,2
223.9237,0.03158
223.957067,0.04237
223.990433,0.040605
224.0238,0.0407375
224.057167,0.002395
224.090533,0.01029
224.1239,0.0961275
224.157267,0.0966875
224.190633,0.0970675
224.224,0.063235
224.257367,0.000205
224.290733,0.0428
224.3241,0.095445
224.357467,0.095805
224.390833,0.09139
224.4242,0.0040725
224.457567,0.00322
224.490933,0.0225375
224.5243,0.02781
224.557667,0.024755
224.591033,2.90942
224.6244,0.00065
224.657767,0.0682775
224.691133,0.116358
224.7245,0.117855
224.757867,0.118282
224.791233,0.0298225
224.8246,0.000915
224.857967,0.021145
224.891333,0.0360375
224.9247,0.025355
224.958067,0.017765
224.991433,0.0001275
225.0248,0.0331075
225.058167,0.101135
225.091533,0.112592
225.1249,0.100907
225.158267,0.0479875
225.191633,0.0002325
225.225,0.0251925
225.258367,0.03084
225.291733,0.0317675
225.3251,0.02947
225.358467,0.002155
225.391833,0.0050025
225.4252,0.0376875
225.458567,0.04419
225.491933,0.0444025
225.5253,0.02705
225.558667,6.5
225.592033,0.0226825
225.6254,0.0413975
225.658767,0.0490325
225.692133,0.0423
225.7255,0.0119425
225.758867,0.0002475
225.792233,0.02467
225.8256,0.0257225
225.858967,0.02563
225.892333,0.02234
225.9257,7
225.959067,0.0136475
225.992433,0.0677075
226.0258,0.070655
226.059167,0.0688925
226.092533,0.0339825
226.1259,0.00022
226.159267,0.0449075
226.192633,0.061535
226.226,0.067005
226.259367,0.06009
226.292733,0.0073775
226.3261,0.012465
226.359467,0.0936425
226.392833,0.104688
226.4262,0.0974025
226.459567,0.0695775
226.492933,6
226.5263,0.0087075
226.559667,0.0195975
226.593033,0.03
226.6264,0.0197775
226.659767,0.00628
226.693133,5.5
226.7265,0.09329
226.759867,0.110425
226.793233,0.110897
226.8266,0.104523
226.859967,0.0013575
226.893333,0.0036025
226.9267,0.01979
226.960067,0.0214275
226.993433,0.020355
227.0268,0.01026
227.060167,8.75
227.093533,0.029575
227.1269,0.0447275
227.160267,0.0450825
227.193633,0.0450075
227.227,0.009385
227.260367,0.0024425
227.293733,0.0259175
227.3271,0.050385
227.360467,0.0288425
227.393833,0.0204825
227.4272,0.0001
227.460567,0.0145725
227.493933,0.0317925
227.5273,1.09143
227.560667,0.03179
227.594033,0.01097
227.6274,0.00013
227.660767,0.00314
227.694133,0.003955
227.7275,0.0045175
227.760867,0.003665
227.794233,0.000235
227.8276,0.0050675
227.860967,0.0325175
227.894333,0.0353275
227.9277,0.035265
227.961067,0.00453
227.994433,0.0001
228.0278,0.0001
228.061167,0.0001
228.094533,0.0001
228.1279,0.0001
228.161267,0.0001
228.194633,0.0001
228.228,0.001445
228.261367,0.0005325
228.294733,0.0001275
228.3281,8
228.361467,8
228.394833,8
228.4282,8
228.461567,8
228.494933,8
228.5283,8
228.561667,8
228.595033,8
228.6284,8
228.661767,8
228.695133,8
228.7285,8
228.761867,8
228.795233,8
228.8286,8
228.861967,8
228.895333,8
228.9287,8
228.962067,8
228.995433,8
229.0288,8
229.062167,8
229.095533,8
229.1289,8
229.162267,8
229.195633,8
229.229,0.00055
229.262367,0.0005325
229.295733,0.0001275
229.3291,8
229.362467,8
229.395833,8
229.4292,8
229.462567,8
229.495933,8
229.5293,8
229.562667,8
229.596033,8
229.6294,1.37131
229.662767,0.57406
229.696133,0.426277
229.7295,0.359388
229.762867,0.320415
229.796233,0.279735
229.8296,0.263087
229.862967,0.227353
229.896333,0.22649
229.9297,0.223225
229.963067,0.19076
229.996433,0.188787
230.0298,0.1677
230.063167,0.18795
230.096533,0.16635
230.1299,0.152432
230.163267,0.166112
230.196633,0.149195
230.23,0.15388
230.263367,0.147885
230.296733,0.129555
230.3301,0.129812
230.363467,0.14885
230.396833,0.129685
230.4302,0.115502
230.463567,0.13011
230.496933,0.130538
230.5303,0.11445
230.563667,0.132252
230.597033,0.128718
230.6304,0.0001675
230.663767,9.5
230.697133,6
230.7305,6
230.763867,6
230.797233,6
230.8306,6
230.863967,6
230.897333,6
230.9307,6
230.964067,6
230.997433,6
231.0308,6
231.064167,6
231.097533,6
231.1309,6
231.164267,6
231.197633,6
231.231,0.00068
231.264367,0.00022
231.297733,5.5
231.3311,4
231.364467,4
231.397833,4
231.4312,4
231.464567,4
231.497933,4
231.5313,4
231.564667,4
231.598033,4
231.6314,4
231.664767,4
231.698133,4
231.7315,4
231.764867,4
231.798233,4
231.8316,4
231.864967,4
231.898333,4
231.9317,4
231.965067,4
231.998433,4
232.0318,4
232.065167,4
232.098533,4
232.1319,4
232.165267,4
232.198633,4
232.232,0.000225
232.265367,0.00022
232.298733,5.5
232.3321,4
232.365467,4
232.398833,4
232.4322,4
232.465567,4
232.498933,4
232.5323,4
232.565667,4
232.599033,4
232.6324,4
232.665767,4
232.699133,4
232.7325,4
232.765867,0.1143
232.799233,0.1709
232.8326,0.1143
232.865967,0.168905
232.899333,0.170868
232.9327,0.116297
232.966067,0.16892
232.999433,0.171953
233.0328,0.168895
233.066167,0.170923
233.099533,0.170873
233.1329,0.170923
233.166267,0.168915
233.199633,0.223525
233.233,0.174152
233.266367,0.2237
233.299733,0.225535
233.3331,0.22352
233.366467,0.227538
233.399833,0.228587
233.4332,0.27811
233.466567,0.280145
233.499933,0.28318
233.5333,0.336738
233.566667,0.38431
233.600033,0.391367
233.6334,0.44615
233.666767,0.60672
233.700133,0.767705
233.7335,2.19767
233.766867,8
233.800233,6
233.8336,5
233.866967,5
233.900333,5
233.9337,5
233.967067,5
234.000433,5
234.0338,5
234.067167,5
234.100533,5
234.1339,5
234.167267,5
234.200633,5
234.234,0.00033
234.267367,0.00023
234.300733,5.5
234.3341,4
234.367467,4
234.400833,4
234.4342,4
234.467567,4
234.500933,4
234.5343,4
234.567667,4
234.601033,4
234.6344,4
234.667767,4
234.701133,4
234.7345,4
234.767867,4
234.801233,4
234.8346,4
234.867967,4
234.901333,4
234.9347,4
234.968067,4
235.001433,4
235.0348,4
235.068167,4
235.101533,4
235.1349,4
235.168267,4
235.201633,4
235.235,0.000235
235.268367,0.00023
235.301733,5.5
235.3351,4
235.368467,4
235.401833,4
235.4352,4
235.468567,4
235.501933,4
235.5353,4
235.568667,4
235.602033,4
235.6354,4
235.668767,4
235.702133,4
235.7355,4
235.768867,4
235.802233,4
235.8356,4
235.868967,4
235.902333,4
235.9357,4
235.969067,4
236.002433,4
236.0358,4
236.069167,4
236.102533,4
236.1359,4
236.169267,4
236.202633,4
236.236,0.000235
236.269367,0.00023
236.302733,5.5
236.3361,4
236.369467,4
236.402833,4
236.4362,4
236.469567,4
236.502933,4
236.5363,4
236.569667,4
236.603033,4
236.6364,4
236.669767,4
236.703133,4
236.7365,4
236.769867,4
236.803233,4
236.8366,4
236.869967,4
236.903333,4
236.9367,4
236.970067,4
237.003433,4
237.0368,4
237.070167,4
237.103533,4
237.1369,4
237.170267,4
237.203633,4
237.237,0.000235
237.270367,0.00023
237.303733,5.5
237.3371,4
237.370467,4
237.403833,4
237.4372,4
237.470567,4
237.503933,4
237.5373,4
237.570667,4
237.604033,4
237.6374,4
237.670767,4
237.704133,4
237.7375,4
237.770867,4
237.804233,4
237.8376,4
237.870967,4
237.904333,4
237.9377,4
237.971067,4
238.004433,4
238.0378,4
238.071167,4
238.104533,4
238.1379,4
238.171267,4
238.204633,4
238.238,0.000235
238.271367,0.00023
238.304733,5.5
238.3381,4
238.371467,4
238.404833,4
238.4382,4
238.471567,4
238.504933,4
238.5383,4
238.571667,4
238.605033,4
238.6384,4
238.671767,4
238.705133,4
238.7385,4
238.771867,4
238.805233,4
238.8386,4
238.871967,4
238.905333,4
238.9387,4
238.972067,4
239.005433,4
239.0388,4
239.072167,4
239.105533,4
239.1389,4
239.172267,4
239.205633,4
239.239,0.000235
239.272367,0.00023
239.305733,5.5
239.3391,4
239.372467,4
239.405833,4
239.4392,4
239.472567,4
239.505933,4
239.5393,4
239.572667,4
239.606033,4
239.6394,4
239.672767,4
239.706133,4
239.7395,4
239.772867,4
239.806233,4
239.8396,4
239.872967,4
239.906333,4
239.9397,4
239.973067,4
240.006433,4
240.0398,4
240.073167,4
240.106533,4
240.1399,4
240.173267,4
240.206633,4
240.24,0.000235
240.273367,0.00023
240.306733,5.5
240.3401,4
240.373467,4
240.406833,4
240.4402,4
240.473567,4
240.506933,4
240.5403,4
240.573667,4
240.607033,4
240.6404,4
240.673767,4
240.707133,4
240.7405,4
240.773867,4
240.807233,4
240.8406,4
240.873967,4
240.907333,4
240.9407,4
240.974067,4
241.007433,4
241.0408,4
241.074167,4
241.107533,4
241.1409,4
241.174267,4
241.207633,4
241.241,0.000235
241.274367,0.00023
241.307733,5.5
241.3411,4
241.374467,4
241.407833,4
241.4412,4
241.474567,4
241.507933,4
241.5413,4
241.574667,4
241.608033,4
241.6414,4
241.674767,4
241.708133,4
241.7415,4
241.774867,4
241.808233,4
241.8416,4
241.874967,4
241.908333,4
241.9417,4
241.975067,4
242.008433,4
242.0418,4
242.075167,4
242.108533,4
242.1419,4
242.175267,4
242.208633,4
242.242,0.000235
242.275367,0.00023
242.308733,5.5
242.3421,4
242.375467,4
242.408833,4
242.4422,4
242.475567,4
242.508933,4
242.5423,4
242.575667,4
242.609033,4
242.6424,4
242.675767,4
242.709133,4
242.7425,4
242.775867,4
242.809233,4
242.8426,4
242.875967,4
242.909333,4
242.9427,4
242.976067,4
243.009433,4
243.0428,4
243.076167,4
243.109533,4
243.1429,4
243.176267,4
243.209633,4
243.243,0.000235
243.276367,0.00023
243.309733,5.5
243.3431,4
243.376467,4
243.409833,4
243.4432,4
243.476567,4
243.509933,4
243.5433,4
243.576667,4
243.610033,4
243.6434,4
243.676767,4
243.710133,4
243.7435,4
243.776867,4
243.810233,4
243.8436,4
243.876967,4
243.910333,4
243.9437,4
243.977067,4
244.010433,4
244.0438,4
244.077167,4
244.110533,4
244.1439,4
244.177267,4
244.210633,4
244.244,0.000235
244.277367,0.00023
244.310733,5.5
244.3441,4
244.377467,4
244.410833,4
244.4442,19.2086
244.477567,0
244.510933,0
244.5443,0
244.577667,0
244.611033,0
244.6444,0
244.677767,0
244.711133,0
244.7445,0
244.777867,0
244.811233,0
244.8446,0
244.877967,0
244.911333,0
244.9447,0
244.978067,0
245.011433,0
245.0448,0
245.078167,0
245.111533,0
245.1449,0
245.178267,0
245.211633,0
245.245,0
245.278367,0
245.311733,0
245.3451,0
245.378467,0
245.411833,0
245.4452,0
245.478567,0
245.511933,0
245.5453,0
245.578667,0
245.612033,0
245.6454,0
245.678767,0
245.712133,0
245.7455,0
245.778867,0
245.812233,0
245.8456,0
245.878967,0
245.912333,0
245.9457,0
245.979067,0
246.012433,0
246.0458,0
246.079167,0
246.112533,0
246.1459,0
246.179267,0
246.212633,0
246.246,0
246.279367,0
246.312733,0
246.3461,0
246.379467,0
246.412833,0
246.4462,0
246.479567,0
246.512933,0
246.5463,0
246.579667,0
246.613033,0
246.6464,0
246.679767,0
246.713133,0
246.7465,0
246.779867,0
246.813233,0
246.8466,0
246.879967,0
246.913333,0
246.9467,0
246.980067,0
247.013433,0
247.0468,0
247.080167,0
247.113533,0
247.1469,0
247.180267,0
247.213633,0
247.247,0
247.280367,0
247.313733,0
247.3471,0
247.380467,0
247.413833,0
247.4472,0
247.480567,0
247.513933,0
247.5473,0
247.580667,0
247.614033,0
247.6474,0
247.680767,0
247.714133,0
247.7475,0
247.780867,0
247.814233,0
247.8476,0
247.880967,0
247.914333,0
247.9477,0
247.981067,0
248.014433,0
248.0478,0
248.081167,0
248.114533,0
248.1479,0
248.181267,0
248.214633,1.02637
248.248,0.0010075
248.281367,3.5
248.314733,5
248.3481,0
248.381467,0
248.414833,0
248.4482,0
248.481567,0
248.514933,0
248.5483,0
248.581667,0
248.615033,0
248.6484,0
248.681767,0
248.715133,0
248.7485,0
248.781867,0
248.815233,0
248.8486,0
248.881967,0
248.915333,0
248.9487,0
248.982067,0
249.015433,0
249.0488,0
249.082167,0
249.115533,0
249.1489,0
249.182267,0
249.215633,0
249.249,4
249.282367,3.5
249.315733,5
249.3491,0
249.382467,0
249.415833,0
249.4492,0
249.482567,0
249.515933,0
249.5493,0
249.582667,0
249.616033,0
249.6494,0
249.682767,0
249.716133,0
249.7495,0
249.782867,0
249.816233,0
249.8496,0
249.882967,0.007755
249.916333,0.03471
249.9497,0.124128
249.983067,0.107725
250.016433,0.346782
250.0498,0.610415
250.083167,0.166463
250.116533,0.420998
250.1499,0.086645
250.183267,0.163662
250.216633,0.06671
250.25,0.238778
250.283367,0.214275
250.316733,0.50454
250.3501,0.67342
250.383467,1
250.416833,1
250.4502,1
250.483567,1
250.516933,1
250.5503,1
250.583667,1
250.617033,1
250.6504,1
250.683767,1
250.717133,1
250.7505,1
250.783867,1
250.817233,1
250.8506,1
250.883967,1
250.917333,1
250.9507,1
250.984067,1
251.017433,1
251.0508,1
251.084167,1
251.117533,1
251.1509,1
251.184267,1
251.217633,1
251.251,0.0002325
251.284367,8.5
251.317733,2.5
251.3511,1.75
251.384467,1
251.417833,1
251.4512,1
251.484567,1
251.517933,1
251.5513,1
251.584667,1
251.618033,1
251.6514,0.151698
251.684767,0.219523
251.718133,0.15579
251.7515,0.217585
251.784867,0.218185
251.818233,0.160268
251.8516,0.21977
251.884967,0.219695
251.918333,0.221608
251.9517,0.22453
251.985067,0.223387
252.018433,0.226605
252.0518,0.225633
252.085167,0.286305
252.118533,0.230038
252.1519,0.290137
252.185267,0.292768
252.218633,0.292745
252.252,0.30036
252.285367,0.29733
252.318733,0.362105
252.3521,0.365042
252.385467,0.370748
252.418833,0.43216
252.4522,0.499937
252.485567,0.50922
252.518933,0.582923
252.5523,0.781637
252.585667,1.0251
252.619033,2.76162
252.6524,0.001715
252.685767,0.00044
252.719133,0.000245
252.7525,0.000185
252.785867,0.000185
252.819233,0.000185
252.8526,0.000185
252.885967,0.000185
252.919333,0.000185
252.9527,0.000185
252.986067,0.000185
253.019433,0.000185
253.0528,0.000185
253.086167,0.000185
253.119533,0.000185
253.1529,0.000185
253.186267,0.000185
253.219633,0.000185
253.253,0.0062675
253.286367,0.00036
253.319733,8.5
253.3531,6.25
253.386467,5.5
253.419833,5.5
253.4532,5.5
253.486567,5.5
253.519933,5.5
253.5533,5.5
253.586667,5.5
253.620033,5.5
253.6534,5.5
253.686767,5.5
253.720133,5.5
253.7535,5.5
253.786867,5.5
253.820233,5.5
253.8536,5.5
253.886967,5.5
253.920333,5.5
253.9537,5.5
253.987067,5.5
254.020433,5.5
254.0538,5.5
254.087167,5.5
254.120533,5.5
254.1539,5.5
254.187267,5.5
254.220633,5.5
254.254,0.0003825
254.287367,0.00036
254.320733,8.5
254.3541,6.25
254.387467,5.5
254.420833,5.5
254.4542,5.5
254.487567,5.5
254.520933,5.5
254.5543,5.5
254.587667,5.5
254.621033,5.5
254.6544,5.5
254.687767,5.5
254.721133,0.151185
254.7545,0.190243
254.787867,0.284562
254.821233,0.116852
254.8546,0.044055
254.887967,0.0155725
254.921333,0.0483925
254.9547,0.142623
254.988067,0.0593925
255.021433,0.09111
255.0548,0.0734175
255.088167,0.123885
255.121533,0.0236925
255.1549,0.01132
255.188267,0.145492
255.221633,0.134695
255.255,0.354623
255.288367,0.11302
255.321733,0.0837575
255.3551,0.171685
255.388467,0.109497
255.421833,0.315358
255.4552,0.0875125
255.488567,0.12217
255.521933,3.51828
255.5553,1.38371
255.588667,1.1085
255.622033,0.84975
255.6554,0.848823
255.688767,0.499905
255.722133,0.432053
255.7555,0.370765
255.788867,0.365397
255.822233,0.362055
255.8556,0.416668
255.888967,0.37432
255.922333,0.434683
255.9557,0.364382
255.989067,0.45487
256.022433,0.230035
256.0558,0.28697
256.089167,0.390858
256.122533,0.290637
256.1559,0.350583
256.189267,0.225112
256.222633,0.22227
256.256,0.24294
256.289367,0.234487
256.322733,0.249672
256.3561,0.229497
256.389467,0.239492
256.422833,0.31939
256.4562,0.348782
256.489567,0.387093
256.522933,0.03356
256.5563,6
256.589667,5
256.623033,5
256.6564,5
256.689767,5
256.723133,5
256.7565,5
256.789867,5
256.823233,5
256.8566,5
256.889967,5
256.923333,5
256.9567,5
256.990067,5
257.023433,5
257.0568,5
257.090167,5
257.123533,5
257.1569,5
257.190267,5
257.223633,5
257.257,0.00066
257.290367,0.000225
257.323733,5
257.3571,3.75
257.390467,3
257.423833,3
257.4572,3
257.490567,3
257.523933,3
257.5573,3
257.590667,3
257.624033,3
257.6574,3
257.690767,3
257.724133,3
257.7575,3
257.790867,3
257.824233,3
257.8576,3
257.890967,3
257.924333,3
257.9577,3
257.991067,3
258.024433,3
258.0578,3
258.091167,3
258.124533,3
258.1579,3
258.191267,3
258.224633,3
258.258,0.0002375
258.291367,0.000225
258.324733,5
258.3581,3.75
258.391467,3
258.424833,3
258.4582,3
258.491567,3
258.524933,3
258.5583,3
258.591667,3
258.625033,3
258.6584,3
258.691767,3
258.725133,3
258.7585,3
258.791867,3
258.825233,3
258.8586,3
258.891967,3
258.925333,3
258.9587,3
258.992067,3
259.025433,3
259.0588,3
259.092167,3
259.125533,3
259.1589,3
259.192267,3
259.225633,3
259.259,0.0002375
259.292367,0.000225
259.325733,5
259.3591,3.75
259.392467,3
259.425833,3
259.4592,3
259.492567,3
259.525933,3
259.5593,3
259.592667,3
259.626033,3
259.6594,3
259.692767,3
259.726133,3
259.7595,3
259.792867,3
259.826233,3
259.8596,3
259.892967,3
259.926333,3
259.9597,3
259.993067,3
260.026433,3
260.0598,3
260.093167,3
260.126533,3
260.1599,3
260.193267,3
260.226633,3
260.26,0.0002375
260.293367,0.000225
260.326733,5
260.3601,3.75
260.393467,3
260.426833,3
260.4602,3
260.493567,3
260.526933,3
260.5603,3
260.593667,3
260.627033,3
260.6604,3
260.693767,3
260.727133,0.0522275
260.7605,0.07421
260.793867,0.0541125
260.827233,0.07175
260.8606,0.0742225
260.893967,0.0567725
260.927333,0.07284
260.9607,0.0743075
260.994067,0.0760275
261.027433,0.07594
261.0608,0.075845
261.094167,0.0765025
261.127533,0.0776725
261.1609,0.0942925
261.194267,0.0800525
261.227633,0.0971525
261.261,0.0985975
261.294367,0.0973
261.327733,0.101248
261.3611,0.103225
261.394467,0.118553
261.427833,0.123205
261.4612,0.12503
261.494567,0.144272
261.527933,0.164203
261.5613,0.170127
261.594667,0.19501
261.628033,0.257565
261.6614,0.344345
261.694767,0.853298
261.728133,0.001355
261.7615,0.0004075
261.794867,0.0002375
261.828233,0.00023
261.8616,0.00023
261.894967,0.00023
261.928333,0.00023
261.9617,0.00023
261.995067,0.00023
262.028433,0.00023
262.0618,0.00023
262.095167,0.00023
262.128533,0.00023
262.1619,0.00023
262.195267,0.00023
262.228633,0.00023
262.262,0.004095
262.295367,0.0003825
262.328733,0.000115
262.3621,5.75
262.395467,5
262.428833,5
262.4622,5
262.495567,5
262.528933,5
262.5623,5
262.595667,5
262.629033,5
262.6624,5
262.695767,5
262.729133,5
262.7625,5
262.795867,5
262.829233,5
262.8626,5
262.895967,5
262.929333,5
262.9627,5
262.996067,5
263.029433,5
263.0628,5
263.096167,5
263.129533,5
263.1629,5
263.196267,5
263.229633,5
263.263,0.00041
263.296367,0.0003825
263.329733,0.000115
263.3631,5.75
263.396467,5
263.429833,5
263.4632,5
263.496567,5
263.529933,5
263.5633,5
263.596667,5
263.630033,5
263.6634,5
263.696767,5
263.730133,5
263.7635,5
263.796867,5
263.830233,5
263.8636,5
263.896967,5
263.930333,5
263.9637,5
263.997067,5
264.030433,5
264.0638,5
264.097167,5
264.130533,5
264.1639,5
264.197267,5
264.230633,5
264.264,0.00041
264.297367,0.0003825
264.330733,0.000115
264.3641,5.75
264.397467,5
264.430833,5
264.4642,5
264.497567,5
264.530933,5
264.5643,5
264.597667,5
264.631033,5
264.6644,5
264.697767,5
264.731133,5
264.7645,5
264.797867,5
264.831233,5
264.8646,5
264.897967,5
264.931333,5
264.9647,5
264.998067,5
265.031433,5
265.0648,5
265.098167,5
265.131533,5
265.1649,5
265.198267,5
265.231633,5
265.265,0.00041
265.298367,0.0003825
265.331733,0.000115
265.3651,5.75
265.398467,5
265.431833,5
265.4652,5
265.498567,203.786
265.531933,5.72493
265.5653,16.7539
265.598667,27.8395
265.632033,29.4688
265.6654,0.21232
265.698767,0.00281
265.732133,0.000955
265.7655,0.00066
265.798867,0.000615
265.832233,0.000625
265.8656,0.00061
265.898967,0.00061
265.932333,0.00061
265.9657,0.00061
265.999067,0.00061
266.032433,0.00061
266.0658,0.00061
266.099167,0.00061
266.132533,0.00061
266.1659,0.00061
266.199267,0.00061
266.232633,0.00061
266.266,0.0203075
266.299367,0.000855
266.332733,0.000205
266.3661,0.0001675
266.399467,0.00016
266.432833,0.00016
266.4662,0.00016
266.499567,0.00016
266.532933,0.00016
266.5663,0.00016
266.599667,0.00016
266.633033,0.00016
266.6664,0.00016
266.699767,0.00016
266.733133,0.00016
266.7665,0.00016
266.799867,0.00016
266.833233,0.00016
266.8666,0.00016
266.899967,0.00016
266.933333,0.00016
266.9667,0.00016
267.000067,0.00016
267.033433,0.00016
267.0668,0.00016
267.100167,0.00016
267.133533,0.00016
267.1669,0.00016
267.200267,0.00016
267.233633,0.00016
267.267,0.0008925
267.300367,0.000855
267.333733,0.000205
267.3671,0.0001675
267.400467,0.00016
267.433833,0.00016
267.4672,0.00016
267.500567,174.638
267.533933,0.004175
267.5673,0.00197
267.600667,0.0011225
267.634033,0.00047
267.6674,0.00044
267.700767,0.00043
267.734133,0.00043
267.7675,0.00043
267.800867,0.00043
267.834233,0.00043
267.8676,0.00043
267.900967,0.00043
267.934333,0.00043
267.9677,0.00043
268.001067,0.00043
268.034433,0.00043
268.0678,0.00043
268.101167,0.00043
268.134533,0.00043
268.1679,0.00043
268.201267,0.00043
268.234633,0.00043
268.268,0.0124625
268.301367,0.0006725
268.334733,0.000125
268.3681,7.75
268.401467,7
268.434833,7
268.4682,7
268.501567,7
268.534933,7
268.5683,7
268.601667,7
268.635033,7
268.6684,7
268.701767,7
268.735133,7
268.7685,7
268.801867,7
268.835233,7
268.8686,7
268.901967,7
268.935333,7
268.9687,7
269.002067,7
269.035433,7
269.0688,7
269.102167,7
269.135533,7
269.1689,7
269.202267,7
269.235633,7
269.269,0.00071
269.302367,0.0006725
269.335733,0.000125
269.3691,7.75
269.402467,7
269.435833,7
269.4692,7
269.502567,7
269.535933,7
269.5693,7
269.602667,7
269.636033,7
269.6694,7
269.702767,7
269.736133,7
269.7695,7
269.802867,7
269.836233,7
269.8696,7
269.902967,7
269.936333,7
269.9697,7
270.003067,7
270.036433,7
270.0698,7
270.103167,7
270.136533,7
270.1699,7
270.203267,7
270.236633,7
270.27,0.00071
270.303367,0.0006725
270.336733,0.000125
270.3701,7.75
270.403467,7
270.436833,7
270.4702,7
270.503567,7
270.536933,7
270.5703,7
270.603667,7
270.637033,7
270.6704,0.311975
270.703767,0.234352
270.737133,0.260235
270.7705,0.23199
270.803867,0.238547
270.837233,0.233458
270.8706,0.222642
270.903967,0.249575
270.937333,0.22985
270.9707,0.21735
271.004067,0.252665
271.037433,0.249485
271.0708,0.250462
271.104167,0.252823
271.137533,0.347832
271.1709,0.673695
271.204267,0.58803
271.237633,0.623212
271.271,0.579388
271.304367,0.548632
271.337733,0.477
271.3711,0.45557
271.404467,0.602097
271.437833,0.594402
271.4712,0.631197
271.504567,0.64777
271.537933,0.561627
271.5713,0.827525
271.604667,1.05927
271.638033,2.06198
271.6714,0.366797
271.704767,0.149275
271.738133,0.00088
271.7715,0.0007475
271.804867,0.000715
271.838233,0.000705
271.8716,0.000705
271.904967,0.000705
271.938333,0.000705
271.9717,0.000705
272.005067,0.000705
272.038433,0.000705
272.0718,0.000705
272.105167,0.000705
272.138533,0.000705
272.1719,0.000705
272.205267,0.000705
272.238633,0.000705
272.272,0.020465
272.305367,0.0010175
272.338733,0.00027
272.3721,0.00015
272.405467,0.00015
272.438833,0.00015
272.4722,0.00015
272.505567,0.00015
272.538933,0.00015
272.5723,0.00015
272.605667,0.00015
272.639033,0.00015
272.6724,0.00015
272.705767,0.00015
272.739133,0.00015
272.7725,0.00015
272.805867,0.00015
272.839233,0.00015
272.8726,0.00015
272.905967,0.00015
272.939333,0.00015
272.9727,0.00015
273.006067,0.00015
273.039433,0.00015
273.0728,0.00015
273.106167,0.00015
273.139533,0.00015
273.1729,0.00015
273.206267,0.00015
273.239633,0.00015
273.273,0.0010925
273.306367,0.0010175
273.339733,0.00027
273.3731,0.00015
273.406467,0.00015
273.439833,0.00015
273.4732,0.00015
273.506567,0.00015
273.539933,0.00015
273.5733,0.00015
273.606667,0.00015
273.640033,0.00015
273.6734,0.00015
273.706767,0.00015
273.740133,0.00015
273.7735,0.00015
273.806867,0.00015
273.840233,0.00015
273.8736,0.00015
273.906967,10.6136
273.940333,10.8583
273.9737,10.7333
274.007067,10.8747
274.040433,10.7316
274.0738,10.9166
274.107167,10.7015
274.140533,10.9159
274.1739,10.747
274.207267,10.8995
274.240633,10.7686
274.274,10.8719
274.307367,10.8095
274.340733,10.7695
274.3741,10.9344
274.407467,10.7367
274.440833,10.9499
274.4742,10.7699
274.507567,10.9521
274.540933,10.7772
274.5743,10.9508
274.607667,10.8262
274.641033,10.9817
274.6744,10.8428
274.707767,10.9704
274.741133,10.9281
274.7745,0.32583
274.807867,0.367695
274.841233,0.479812
274.8746,0.606228
274.907967,1.65659
274.941333,0.0017375
274.9747,0.001375
275.008067,0.00129
275.041433,0.00128
275.0748,0.00128
275.108167,0.00128
275.141533,0.00128
275.1749,0.00128
275.208267,0.00128
275.241633,0.00128
275.275,0.040605
275.308367,0.001115
275.341733,0.000245
275.3751,0.0001675
275.408467,0.00014
275.441833,0.00014
275.4752,0.00014
275.508567,0.00014
275.541933,0.00014
275.5753,0.00014
275.608667,0.00014
275.642033,0.00014
275.6754,0.00014
275.708767,0.00014
275.742133,0.00014
275.7755,0.00014
275.808867,0.00014
275.842233,0.00014
275.8756,0.00014
275.908967,0.00014
275.942333,0.00014
275.9757,0.00014
276.009067,0.00014
276.042433,0.00014
276.0758,0.00014
276.109167,0.00014
276.142533,0.00014
276.1759,0.00014
276.209267,0.00014
276.242633,0.00014
276.276,0.0011575
276.309367,33.2887
276.342733,0.0029125
276.3761,0.00077
276.409467,0.0004225
276.442833,0.00038
276.4762,0.00035
276.509567,0.00035
276.542933,0.00035
276.5763,0.00035
276.609667,0.00035
276.643033,0.00035
276.6764,0.00035
276.709767,0.00035
276.743133,0.00035
276.7765,0.00035
276.809867,0.00035
276.843233,0.00035
276.8766,0.00035
276.909967,0.00035
276.943333,0.00035
276.9767,0.00035
277.010067,0.00035
277.043433,0.00035
277.0768,0.00035
277.110167,0.00035
277.143533,0.00035
277.1769,0.00035
277.210267,0.00035
277.243633,0.00035
277.277,0.0109375
277.310367,0.0005425
277.343733,0.0001275
277.3771,8.5
277.410467,7
277.443833,7
277.4772,7
277.510567,7
277.543933,7
277.5773,7
277.610667,7
277.644033,7
277.6774,7
277.710767,7
277.744133,7
277.7775,7
277.810867,7
277.844233,7
277.8776,7
277.910967,7
277.944333,7
277.9777,7
278.011067,7
278.044433,7
278.0778,7
278.111167,7
278.144533,7
278.1779,7
278.211267,7
278.244633,7
278.278,0.000585
278.311367,0.0005425
278.344733,0.0001275
278.3781,8.5
278.411467,7
278.444833,7
278.4782,7
278.511567,7
278.544933,7
278.5783,0.0572675
278.611667,0.0591075
278.645033,0.0645775
278.6784,0.0690725
278.711767,0.063705
278.745133,0.0665
278.7785,0.0692375
278.811867,0.0718925
278.845233,0.0683525
278.8786,0.074525
278.911967,0.0753875
278.945333,0.07708
278.9787,0.0787825
279.012067,0.08377
279.045433,0.084505
279.0788,0.08975
279.112167,0.0899225
279.145533,0.0954075
279.1789,0.097955
279.212267,0.102352
279.245633,0.107695
279.279,0.126795
279.312367,0.119743
279.345733,0.130387
279.3791,0.141088
279.412467,0.158617
279.445833,0.182418
279.4792,0.227782
279.512567,0.331035
279.545933,0.62062
279.5793,0.0337725
279.612667,0.0322675
279.646033,0.0322325
279.6794,0.032505
279.712767,0.031805
279.746133,0.03187
279.7795,0.0325825
279.812867,0.033135
279.846233,0.0332525
279.8796,0.0334675
279.912967,0.033795
279.946333,0.0337
279.9797,0.03435
280.013067,0.0339675
280.046433,0.0341725
280.0798,0.0343375
280.113167,0.0352575
280.146533,0.03447
280.1799,0.0354425
280.213267,0.035615
280.246633,0.036305
280.28,0.050745
280.313367,0.035755
280.346733,0.03652
280.3801,0.0364875
280.413467,0.0358925
280.446833,0.03704
280.4802,0.03779
280.513567,0.0374175
280.546933,0.03803
280.5803,0.077385
280.613667,0.101305
280.647033,0.08164
280.6804,0.099885
280.713767,0.102873
280.747133,0.08366
280.7805,0.10402
280.813867,0.10463
280.847233,0.106405
280.8806,0.107505
280.913967,0.108875
280.947333,0.109882
280.9807,0.112077
281.014067,0.130697
281.047433,0.117648
281.0808,0.134747
281.114167,0.137975
281.147533,0.141022
281.1809,0.143695
281.214267,0.148088
281.247633,0.169275
281.281,0.178643
281.314367,0.181017
281.347733,0.20408
281.3811,0.231038
281.414467,0.244088
281.447833,0.281865
281.4812,0.363542
281.514567,0.49518
281.547933,1.24826
281.5813,0.00158
281.614667,0.000635
281.648033,0.00047
281.6814,0.00046
281.714767,0.00046
281.748133,0.00046
281.7815,0.00046
281.814867,0.00046
281.848233,0.00046
281.8816,0.00046
281.914967,0.00046
281.948333,0.00046
281.9817,0.00046
282.015067,0.00046
282.048433,0.00046
282.0818,0.00046
282.115167,0.00046
282.148533,0.00046
282.1819,0.00046
282.215267,0.00046
282.248633,0.00046
282.282,0.0065275
282.315367,0.001355
282.348733,0.0004575
282.3821,0.00032
282.415467,0.0003
282.448833,0.0003
282.4822,0.0003
282.515567,0.0003
282.548933,0.0003
282.5823,0.0003
282.615667,0.0003
282.649033,0.0003
282.6824,0.0003
282.715767,0.0003
282.749133,0.0003
282.7825,0.0003
282.815867,0.0003
282.849233,0.0003
282.8826,0.0003
282.915967,0.0003
282.949333,0.0003
282.9827,0.0003
283.016067,0.0003
283.049433,0.0003
283.0828,0.0003
283.116167,0.0003
283.149533,0.0003
283.1829,0.0003
283.216267,0.0003
283.249633,0.0003
283.283,0.0014725
283.316367,0.001355
283.349733,0.0004575
283.3831,0.00032
283.416467,0.0003
283.449833,0.0003
283.4832,0.0003
283.516567,0.0003
283.549933,0.0003
283.5833,0.0003
283.616667,0.0003
283.650033,0.0003
283.6834,0.0003
283.716767,0.0003
283.750133,0.0003
283.7835,0.0003
283.816867,0.0003
283.850233,0.0003
283.8836,0.0003
283.916967,0.0003
283.950333,0.0003
283.9837,0.0003
284.017067,0.0003
284.050433,0.0003
284.0838,0.0003
284.117167,0.0003
284.150533,0.0003
284.1839,0.0003
284.217267,0.0003
284.250633,0.0003
284.284,0.0014725
284.317367,0.001355
284.350733,0.0004575
284.3841,0.00032
284.417467,0.0003
284.450833,0.0003
284.4842,0.0003
284.517567,0.0003
284.550933,0.0003
284.5843,0.0003
284.617667,0.0003
284.651033,0.0003
284.6844,0.0003
284.717767,0.0003
284.751133,0.0003
284.7845,0.0003
284.817867,0.0003
284.851233,0.0003
284.8846,0.0003
284.917967,0.0003
284.951333,0.0003
284.9847,0.0003
285.018067,0.0003
285.051433,0.0003
285.0848,0.0003
285.118167,0.0003
285.151533,0.0003
285.1849,0.0003
285.218267,0.0003
285.251633,0.0003
285.285,0.0014725
285.318367,0.001355
285.351733,0.0004575
285.3851,0.00032
285.418467,0.0003
285.451833,0.0003
285.4852,0.0003
285.518567,0.0003
285.551933,0.0003
285.5853,0.0003
285.618667,0.0003
285.652033,0.0003
285.6854,0.0003
285.718767,0.0003
285.752133,0.0003
285.7855,0.0003
285.818867,0.0003
285.852233,0.0003
285.8856,0.0003
285.918967,0.0003
285.952333,0.0003
285.9857,0.0003
286.019067,0.0003
286.052433,0.0003
286.0858,0.0003
286.119167,0.0003
286.152533,0.0003
286.1859,0.0003
286.219267,0.0003
286.252633,0.0003
286.286,0.0014725
286.319367,0.001355
286.352733,0.0004575
286.3861,0.00032
286.419467,0.0003
286.452833,0.0003
286.4862,0.0003
286.519567,0.0003
286.552933,0.0003
286.5863,0.0003
286.619667,0.0003
286.653033,0.0003
286.6864,0.0003
286.719767,0.0003
286.753133,0.0003
286.7865,0.0003
286.819867,0.0003
286.853233,0.0003
286.8866,0.0003
286.919967,0.0003
286.953333,0.0003
286.9867,0.0003
287.020067,0.0003
287.053433,0.0003
287.0868,0.0003
287.120167,0.0003
287.153533,0.0003
287.1869,0.0003
287.220267,0.0003
287.253633,0.0003
287.287,0.0014725
287.320367,0.001355
287.353733,0.0004575
287.3871,0.00032
287.420467,0.0003
287.453833,0.0003
287.4872,0.0003
287.520567,0.0003
287.553933,0.0003
287.5873,0.0003
287.620667,0.0003
287.654033,0.0003
287.6874,0.0003
287.720767,0.0003
287.754133,0.0003
287.7875,0.0003
287.820867,0.0003
287.854233,0.0003
287.8876,0.0003
287.920967,0.0003
287.954333,0.0003
287.9877,0.0003
288.021067,0.0003
288.054433,0.0003
288.0878,0.0003
288.121167,0.0003
288.154533,0.0003
288.1879,0.0003
288.221267,0.0003
288.254633,0.0003
288.288,0.0014725
288.321367,0.001355
288.354733,0.0004575
288.3881,0.00032
288.421467,0.0003
288.454833,0.0003
288.4882,0.0003
288.521567,0.0003
288.554933,0.0003
288.5883,0.0003
288.621667,0.0003
288.655033,0.0003
288.6884,0.0003
288.721767,0.0003
288.755133,0.0003
288.7885,0.0003
288.821867,0.0003
288.855233,0.0003
288.8886,0.0003
288.921967,0.0003
288.955333,0.0003
288.9887,0.0003
289.022067,0.0003
289.055433,0.0003
289.0888,0.0003
289.122167,0.0003
289.155533,0.0003
289.1889,0.0003
289.222267,0.0003
289.255633,0.0003
289.289,0.0014725
289.322367,0.001355
289.355733,0.0004575
289.3891,0.00032
289.422467,0.0003
289.455833,0.0003
289.4892,0.0003
289.522567,0.0003
289.555933,0.0003
289.5893,0.0003
289.622667,0.0003
289.656033,0.0003
289.6894,0.0003
289.722767,0.0003
289.756133,0.0003
289.7895,0.0003
289.822867,0.0003
289.856233,0.0003
289.8896,0.0003
289.922967,0.0003
289.956333,0.0003
289.9897,0.0003
290.023067,0.0003
290.056433,0.0003
290.0898,0.0003
290.123167,0.0003
290.156533,26.3266
290.1899,0.00269
290.223267,0.000815
290.256633,0.0004175
290.29,0.008575
290.323367,0.0003775
290.356733,8.25
290.3901,7
290.423467,7
290.456833,7
290.4902,7
290.523567,7
290.556933,7
290.5903,7
290.623667,7
290.657033,7
290.6904,7
290.723767,7
290.757133,7
290.7905,7
290.823867,7
290.857233,7
290.8906,7
290.923967,7
290.957333,7
290.9907,7
291.024067,7
291.057433,7
291.0908,7
291.124167,7
291.157533,7
291.1909,7
291.224267,7
291.257633,7
291.291,0.00039
291.324367,0.0003775
291.357733,8.25
291.3911,7
291.424467,7
291.457833,7
291.4912,7
291.524567,7
291.557933,7
291.5913,7
291.624667,7
291.658033,7
291.6914,7
291.724767,7
291.758133,7
291.7915,7
291.824867,7
291.858233,7
291.8916,7
291.924967,7
291.958333,7
291.9917,7
292.025067,7
292.058433,7
292.0918,7
292.125167,7
292.158533,7
292.1919,7
292.225267,7
292.258633,7
292.292,0.00039
292.325367,0.0003775
292.358733,8.25
292.3921,7
292.425467,7
292.458833,7
292.4922,7
292.525567,7
292.558933,7
292.5923,7
292.625667,7
292.659033,7
292.6924,7
292.725767,7
292.759133,0.0182
292.7925,0.0036025
292.825867,0.01915
292.859233,0.0036
292.8926,0.0194375
292.925967,0.00325
292.959333,0.0199375
292.9927,0.0162875
293.026067,0.006785
293.059433,0.01837
293.0928,0.0049975
293.126167,0.018995
293.159533,0.0040275
293.1929,0.13363
293.226267,0.259885
293.259633,0.246023
293.293,0.263197
293.326367,0.269132
293.359733,0.283917
293.3931,0.282687
293.426467,0.270458
293.459833,0.283558
293.4932,0.269143
293.526567,0.283983
293.559933,0.28312
293.5933,0.269877
293.626667,0.13808
293.660033,0.0180725
293.6934,0.006115
293.726767,0.01884
293.760133,0.0002875
293.7935,0.0001325
293.826867,0.000115
293.860233,0.0001
293.8936,0.0001
293.926967,0.0001
293.960333,0.0001
293.9937,0.0001
294.027067,0.0001
294.060433,0.0001
294.0938,0.0001
294.127167,0.0001
294.160533,0.0001
294.1939,0.0001
294.227267,0.0001
294.260633,0.0001
294.294,0.0040275
294.327367,0.000525
294.360733,7.25
294.3941,5
294.427467,5
294.460833,5
294.4942,5
294.527567,5
294.560933,5
294.5943,5
294.627667,5
294.661033,5
294.6944,5
294.727767,5
294.761133,5
294.7945,5
294.827867,5
294.861233,5
294.8946,5
294.927967,5
294.961333,5
294.9947,5
295.028067,5
295.061433,5
295.0948,5
295.128167,5
295.161533,5
295.1949,5
295.228267,5
295.261633,5
295.295,0.0005475
295.328367,0.000525
295.361733,7.25
295.3951,0.412945
295.428467,0.416183
295.461833,0.415733
295.4952,0.482617
295.528567,0.418467
295.561933,0.418525
295.5953,0.568905
295.628667,0.48562
295.662033,0.423425
295.6954,0.572128
295.728767,0.489865
295.762133,0.49332
295.7955,0.5761
295.828867,0.495127
295.862233,0.64668
295.8956,0.645927
295.928967,0.502502
295.962333,0.713028
295.9957,0.65663
296.029067,0.657927
296.062433,0.725815
296.0958,0.876313
296.129167,0.79585
296.162533,0.80525
296.1959,0.956808
296.229267,1.02893
296.262633,1.16858
296.296,1.31265
296.329367,1.65082
296.362733,4.00817
296.3961,0.00397
296.429467,0.001035
296.462833,0.000495
296.4962,0.000455
296.529567,0.000445
296.562933,0.000455
296.5963,0.000445
296.629667,0.000455
296.663033,0.000445
296.6964,0.000455
296.729767,0.000445
296.763133,0.000455
296.7965,0.000445
296.829867,0.000455
296.863233,0.000445
296.8966,0.000455
296.929967,0.000445
296.963333,0.000455
296.9967,0.000445
297.030067,0.000455
297.063433,0.000445
297.0968,0.000455
297.130167,0.000445
297.163533,0.000455
297.1969,0.000445
297.230267,0.000455
297.263633,0.000445
297.297,0.014535
297.330367,0.001225
297.363733,0.0003225
297.3971,0.0001975
297.430467,0.000195
297.463833,0.000195
297.4972,0.000195
297.530567,0.000195
297.563933,0.000195
297.5973,0.000195
297.630667,0.000195
297.664033,0.000195
297.6974,0.000195
297.730767,0.000195
297.764133,0.000195
297.7975,0.000195
297.830867,0.000195
297.864233,0.000195
297.8976,0.000195
297.930967,0.000195
297.964333,0.000195
297.9977,0.000195
298.031067,0.000195
298.064433,0.000195
298.0978,0.000195
298.131167,0.000195
298.164533,0.000195
298.1979,0.000195
298.231267,0.000195
298.264633,0.000195
298.298,0.001295
298.331367,0.001225
298.364733,0.0003225
298.3981,0.0001975
298.431467,0.000195
298.464833,0.000195
298.4982,0.000195
298.531567,0.000195
298.564933,0.000195
298.5983,0.000195
298.631667,0.000195
298.665033,0.000195
298.6984,0.000195
298.731767,0.000195
298.765133,0.000195
298.7985,0.000195
298.831867,0.000195
298.865233,0.000195
298.8986,0.000195
298.931967,0.000195
298.965333,0.000195
298.9987,0.000195
299.032067,0.000195
299.065433,0.000195
299.0988,0.000195
299.132167,0.000195
299.165533,0.000195
299.1989,0.000195
299.232267,0.000195
299.265633,0.000195
299.299,0.001295
299.332367,0.001225
299.365733,0.0003225
299.3991,0.0001975
299.432467,0.000195
299.465833,0.000195
299.4992,0.000195
299.532567,0.000195
299.565933,0.000195
299.5993,0.000195
299.632667,0.000195
299.666033,0.000195
299.6994,0.000195
299.732767,0.000195
299.766133,0.000195
299.7995,0.000195
299.832867,0.000195
299.866233,0.000195
299.8996,0.000195
299.932967,0.000195
299.966333,0.000195
299.9997,0.000195
300.033067,0.000195
300.066433,0.000195
300.0998,0.000195
300.133167,0.000195
300.166533,0.000195
300.1999,0.000195
300.233267,0.000195
300.266633,0.000195
300.3,0.001295
300.333367,0.001225
300.366733,0.0003225
300.4001,0.0001975
300.433467,0.000195
300.466833,0.000195
300.5002,0.000195
300.533567,0.000195
300.566933,0.000195
300.6003,0.000195
300.633667,0.000195
300.667033,0.000195
300.7004,0.000195
300.733767,0.000195
300.767133,0.000195
300.8005,0.000195
300.833867,0.000195
300.867233,0.000195
300.9006,0.000195
300.933967,0.000195
300.967333,0.000195
301.0007,0.000195
301.034067,0.000195
301.067433,0.000195
301.1008,0.000195
301.134167,0.000195
301.167533,0.000195
301.2009,0.000195
301.234267,0.000195
301.267633,0.000195
301.301,0.001295
301.334367,0.001225
301.367733,0.0003225
301.4011,0.0001975
301.434467,0.000195
301.467833,0.000195
301.5012,0.000195
301.534567,0.000195
301.567933,0.000195
301.6013,0.000195
301.634667,0.000195
301.668033,0.000195
301.7014,0.000195
301.734767,0.000195
301.768133,0.000195
301.8015,0.000195
301.834867,0.000195
301.868233,0.000195
301.9016,0.000195
301.934967,0.000195
301.968333,0.000195
302.0017,0.000195
302.035067,0.000195
302.068433,0.000195
302.1018,0.000195
302.135167,0.000195
302.168533,0.000195
302.2019,0.000195
302.235267,0.000195
302.268633,0.000195
302.302,0.001295
302.335367,0.001225
302.368733,0.0003225
302.4021,0.0001975
302.435467,0.000195
302.468833,0.000195
302.5022,0.000195
302.535567,0.000195
302.568933,0.000195
302.6023,0.000195
302.635667,0.000195
302.669033,0.000195
302.7024,0.000195
302.735767,0.000195
302.769133,0.000195
302.8025,0.000195
302.835867,0.000195
302.869233,0.000195
302.9026,0.000195
302.935967,0.000195
302.969333,0.000195
303.0027,0.000195
303.036067,0.000195
303.069433,0.000195
303.1028,0.000195
303.136167,0.000195
303.169533,0.000195
303.2029,0.000195
303.236267,0.000195
303.269633,0.000195
303.303,0.001295
303.336367,0.001225
303.369733,0.0003225
303.4031,0.0001975
303.436467,0.000195
303.469833,0.000195
303.5032,0.000195
303.536567,0.000195
303.569933,0.000195
303.6033,0.000195
303.636667,0.000195
303.670033,0.000195
303.7034,0.000195
303.736767,0.000195
303.770133,0.000195
303.8035,0.000195
303.836867,0.000195
303.870233,0.000195
303.9036,0.000195
303.936967,0.000195
303.970333,0.000195
304.0037,0.000195
304.037067,0.000195
304.070433,0.000195
304.1038,0.000195
304.137167,0.000195
304.170533,0.000195
304.2039,0.000195
304.237267,0.000195
304.270633,0.000195
304.304,48.5635
304.337367,0.000445
304.370733,9
304.4041,3.25
304.437467,2
304.470833,2
304.5042,2
304.537567,2
304.570933,2
304.6043,2
304.637667,2
304.671033,2
304.7044,2
304.737767,2
304.771133,2
304.8045,2
304.837867,2
304.871233,2
304.9046,2
304.937967,2
304.971333,2
305.0047,2
305.038067,2
305.071433,2
305.1048,2
305.138167,2
305.171533,2
305.2049,2
305.238267,2
305.271633,2
305.305,0.0004725
305.338367,0.000445
305.371733,9
305.4051,3.25
305.438467,2
305.471833,2
305.5052,2
305.538567,2
305.571933,2
305.6053,2
305.638667,2
305.672033,2
305.7054,2
305.738767,2
305.772133,2
305.8055,2
305.838867,2
305.872233,2
305.9056,2
305.938967,2
305.972333,2
306.0057,0.02843
306.039067,0.0164825
306.072433,0.0130275
306.1058,0.0129325
306.139167,0.013005
306.172533,0.0128675
306.2059,0.011125
306.239267,0.011085
306.272633,0.0168725
306.306,0.0122875
306.339367,0.011
306.372733,0.015225
306.4061,0.011055
306.439467,0.0110075
306.472833,0.0153025
306.5062,0.0151325
306.539567,0.009535
306.572933,0.015135
306.6063,0.01523
306.639667,0.0150925
306.673033,0.01522
306.7064,0.0135225
306.739767,0.01522
306.773133,0.0192675
306.8065,0.0136425
306.839867,0.01938
306.873233,0.0192575
306.9066,0.0178325
306.939967,0.019275
306.973333,0.021945
307.0067,0.000355
307.040067,0.000145
307.073433,6.25
307.1068,5.25
307.140167,5.25
307.173533,5.25
307.2069,5.25
307.240267,5.25
307.273633,5.25
307.307,0.0018725
307.340367,0.000505
307.373733,0.000125
307.4071,6.25
307.440467,5
307.473833,5
307.5072,5
307.540567,5
307.573933,5
307.6073,5
307.640667,5
307.674033,5
307.7074,5
307.740767,5
307.774133,0.0944575
307.8075,0.0910625
307.840867,0.0954975
307.874233,0.111848
307.9076,0.111907
307.940967,0.0747475
307.974333,0.111927
308.0077,0.112015
308.041067,0.11177
308.074433,0.11202
308.1078,0.132453
308.141167,0.111763
308.174533,0.11173
308.2079,0.148657
308.241267,0.111835
308.274633,0.148927
308.308,0.149602
308.341367,0.127993
308.374733,0.14893
308.4081,0.169327
308.441467,0.16482
308.474833,0.185585
308.5082,0.16487
308.541567,0.201898
308.574933,0.238418
308.6083,0.238545
308.641667,0.255387
308.675033,0.325025
308.7084,0.39433
308.741767,1.00141
308.775133,0.0005275
308.8085,0.0001175
308.841867,9
308.875233,9
308.9086,9
308.941967,9
308.975333,9
309.0087,9
309.042067,9
309.075433,9
309.1088,9
309.142167,9
309.175533,9
309.2089,9
309.242267,9
309.275633,9
309.309,0.0017275
309.342367,0.00055
309.375733,0.000125
309.4091,6.25
309.442467,5
309.475833,5
309.5092,5
309.542567,5
309.575933,5
309.6093,5
309.642667,5
309.676033,5
309.7094,5
309.742767,5
309.776133,5
309.8095,5
309.842867,5
309.876233,5
309.9096,5
309.942967,5
309.976333,5
310.0097,5
310.043067,5
310.076433,5
310.1098,5
310.143167,5
310.176533,5
310.2099,5
310.243267,5
310.276633,5
310.31,0.0005825
310.343367,0.00055
310.376733,0.000125
310.4101,6.25
310.443467,5
310.476833,5
310.5102,5
310.543567,5
310.576933,5
310.6103,5
310.643667,5
310.677033,5
310.7104,5
310.743767,5
310.777133,5
310.8105,5
310.843867,5
310.877233,5
310.9106,5
310.943967,5
310.977333,5
311.0107,5
311.044067,5
311.077433,5
311.1108,5
311.144167,5
311.177533,5
311.2109,5
311.244267,5
311.277633,5
311.311,0.0005825
311.344367,0.00055
311.377733,0.000125
311.4111,6.25
311.444467,5
311.477833,5
311.5112,5
311.544567,5
311.577933,5
311.6113,5
311.644667,5
311.678033,5
311.7114,5
311.744767,5
311.778133,21.5205
311.8115,0
311.844867,0
311.878233,0
311.9116,0
311.944967,0
311.978333,0
312.0117,0
312.045067,0
312.078433,0
312.1118,0
312.145167,0
312.178533,0
312.2119,0
312.245267,0
312.278633,0
312.312,0
312.345367,0
312.378733,0
312.4121,0
312.445467,0
312.478833,0
312.5122,0
312.545567,0
312.578933,0
312.6123,0
312.645667,0
312.679033,0
312.7124,0
312.745767,0
312.779133,0
312.8125,0
312.845867,0
312.879233,0
312.9126,0
312.945967,0
312.979333,0
313.0127,0
313.046067,0
313.079433,0
313.1128,0
313.146167,0
313.179533,0
313.2129,0
313.246267,0
313.279633,0
313.313,0
313.346367,0
313.379733,0
313.4131,0.170582
313.446467,0.105755
313.479833,0.174705
313.5132,0.10461
313.546567,0.17419
313.579933,0.174695
313.6133,0.108945
313.646667,0.177093
313.680033,0.17602
313.7134,0.11442
313.746767,0.176377
313.780133,0.177615
313.8135,0.178863
313.846867,0.177902
313.880233,0.18111
313.9136,0.179273
313.946967,0.181645
313.980333,0.183028
314.0137,0.184727
314.047067,0.186202
314.080433,0.185773
314.1138,0.189573
314.147167,0.247998
314.180533,0.191385
314.2139,0.251958
314.247267,0.199667
314.280633,0.257798
314.314,0.270097
314.347367,0.324605
314.380733,0.453317
314.4141,0.002715
314.447467,0.000845
314.480833,0.00053
314.5142,0.00051
314.547567,0.0005
314.580933,0.0005
314.6143,0.0005
314.647667,0.0005
314.681033,0.0005
314.7144,0.0005
314.747767,0.0005
314.781133,0.0005
314.8145,0.0005
314.847867,0.0005
314.881233,0.0005
314.9146,0.0005
314.947967,0.0005
314.981333,0.0005
315.0147,0.0005
315.048067,0.0005
315.081433,0.0005
315.1148,0.0005
315.148167,0.0005
315.181533,0.0005
315.2149,0.0005
315.248267,0.0005
315.281633,0.0005
315.315,0.0136425
315.348367,0.00076
315.381733,0.0003375
315.4151,0.00026
315.448467,0.00026
315.481833,0.00026
315.5152,0.00026
315.548567,0.00026
315.581933,0.00026
315.6153,0.00026
315.648667,0.00026
315.682033,0.00026
315.7154,0.00026
315.748767,0.00026
315.782133,0.00026
315.8155,0.00026
315.848867,0.00026
315.882233,0.00026
315.9156,0.00026
315.948967,0.00026
315.982333,0.00026
316.0157,0.00026
316.049067,0.00026
316.082433,0.00026
316.1158,0.00026
316.149167,0.00026
316.182533,0.00026
316.2159,0.00026
316.249267,0.00026
316.282633,0.00026
316.316,0.0008175
316.349367,0.00077
316.382733,0.0003475
316.4161,0.00027
316.449467,0.00027
316.482833,0.00027
316.5162,0.00027
316.549567,0.00227
316.582933,0.00027
316.6163,0.00027
316.649667,0.00027
316.683033,0.00027
316.7164,0.00027
316.749767,0.00027
316.783133,0.00027
316.8165,0.00027
316.849867,0.00027
316.883233,0.00027
316.9166,0.00227
316.949967,0.00227
316.983333,0.00027
317.0167,0.00027
317.050067,0.00027
317.083433,0.00027
317.1168,0.00027
317.150167,0.00027
317.183533,0.00027
317.2169,0.00027
317.250267,0.00027
317.283633,0.00028
317.317,0.0028425
317.350367,0.00077
317.383733,0.0003475
317.4171,0.00027
317.450467,0.00027
317.483833,0.00027
317.5172,0.00027
317.550567,0.00027
317.583933,0.00027
317.6173,0.00027
317.650667,0.00027
317.684033,0.00027
317.7174,0.00027
317.750767,0.00027
317.784133,0.00027
317.8175,0.00027
317.850867,0.00027
317.884233,0.00027
317.9176,0.00027
317.950967,0.00027
317.984333,0.00027
318.0177,0.00027
318.051067,0.00027
318.084433,0.00027
318.1178,0.00027
318.151167,0.00027
318.184533,0.00027
318.2179,0.00027
318.251267,0.00027
318.284633,0.00027
318.318,0.0008275
318.351367,0.00077
318.384733,0.0003475
318.4181,0.00027
318.451467,0.00027
318.484833,0.00027
318.5182,0.00027
318.551567,0.00027
318.584933,0.00027
318.6183,0.00027
318.651667,0.00027
318.685033,0.00027
318.7184,0.00027
318.751767,0.00027
318.785133,0.00027
318.8185,0.00027
318.851867,0.00027
318.885233,0.00027
318.9186,0.00027
318.951967,0.00027
318.985333,0.00027
319.0187,0.00027
319.052067,0.00027
319.085433,0.00027
319.1188,0.00027
319.152167,0.00027
319.185533,0.00027
319.2189,0.00027
319.252267,0.00027
319.285633,0.00027
319.319,0.0008375
319.352367,0.00077
319.385733,0.0003475
319.4191,0.00027
319.452467,0.00027
319.485833,0.00027
319.5192,0.00027
319.552567,0.00027
319.585933,0.00027
319.6193,0.00027
319.652667,0.00027
319.686033,0.00027
319.7194,0.00027
319.752767,0.00027
319.786133,0.00027
319.8195,0.00027
319.852867,0.00027
319.886233,0.00027
319.9196,0.00027
319.952967,0.00027
319.986333,0.00027
320.0197,0.00027
320.053067,0.00027
320.086433,0.00027
320.1198,0.00027
320.153167,0.00027
320.186533,0.00027
320.2199,0.00027
320.253267,0.00027
320.286633,0.00027
320.32,0.0008275
320.353367,0.00077
320.386733,0.0003475
320.4201,0.00027
320.453467,0.00027
320.486833,0.00027
320.5202,0.00027
320.553567,0.00027
320.586933,0.00027
320.6203,0.00027
320.653667,0.00027
320.687033,0.00027
320.7204,0.00027
320.753767,0.00027
320.787133,0.00027
320.8205,0.00027
320.853867,0.00027
320.887233,0.00027
320.9206,0.00027
320.953967,0.00027
320.987333,0.00027
321.0207,0.00027
321.054067,0.00027
321.087433,0.00027
321.1208,0.00027
321.154167,0.00027
321.187533,0.00027
321.2209,0.00027
321.254267,0.00027
321.287633,0.00027
321.321,0.0008275
321.354367,0.00077
321.387733,0.0003475
321.4211,0.00027
321.454467,0.00027
321.487833,0.00027
321.5212,0.00027
321.554567,0.00027
321.587933,0.00027
321.6213,0.00027
321.654667,0.00027
321.688033,0.00027
321.7214,0.00027
321.754767,0.00027
321.788133,0.00027
321.8215,0.00027
321.854867,0.00027
321.888233,0.00027
321.9216,0.00027
321.954967,0.00027
321.988333,0.00027
322.0217,0.00027
322.055067,0.00027
322.088433,0.00027
322.1218,0.00027
322.155167,0.00027
322.188533,0.00027
322.2219,0.00027
322.255267,0.00027
322.288633,0.00027
322.322,0.0008275
322.355367,0.00077
322.388733,0.0003475
322.4221,0.00027
322.455467,0.00027
322.488833,0.00027
322.5222,0.00027
322.555567,0.00027
322.588933,0.00027
322.6223,0.00027
322.655667,0.00027
322.689033,0.00027
322.7224,0.00027
322.755767,0.00027
322.789133,0.00027
322.8225,0.00027
322.855867,0.00027
322.889233,0.00027
322.9226,0.00027
322.955967,0.00027
322.989333,0.00027
323.0227,0.00027
323.056067,0.00027
323.089433,0.00027
323.1228,0.00027
323.156167,0.00027
323.189533,0.00027
323.2229,0.00027
323.256267,0.00027
323.289633,0.00027
323.323,0.0008275
323.356367,0.00077
323.389733,0.0003475
323.4231,0.00027
323.456467,0.00027
323.489833,0.00027
323.5232,0.00027
323.556567,0.00027
323.589933,0.00027
323.6233,0.00027
323.656667,0.00027
323.690033,0.00027
323.7234,0.00027
323.756767,0.00027
323.790133,0.41957
323.8235,0.1991
323.856867,0.246798
323.890233,0.18404
323.9236,0.181448
323.956967,0.181078
323.990333,0.178317
324.0237,0.176072
324.057067,0.17355
324.090433,0.176148
324.1238,0.17006
324.157167,0.114142
324.190533,0.170637
324.2239,0.172985
324.257267,0.109395
324.290633,0.169155
324.324,0.170135
324.357367,0.109235
324.390733,0.164437
324.4241,0.108345
324.457467,0.164477
324.490833,0.10651
324.5242,0.106743
324.557567,0.165192
324.590933,0.105703
324.6243,0.162565
324.657667,0.103735
324.691033,0.10407
324.7244,0.162805
324.757767,0.103505
324.791133,0.09853
324.8245,0.10145
324.857867,0.165697
324.891233,0.0979725
324.9246,0.09695
324.957967,0.102195
324.991333,0.165697
325.0247,0.0970375
325.058067,0.0924525
325.091433,0
325.1248,0
325.158167,0
325.191533,0
325.2249,0
325.258267,0
325.291633,0
325.325,7.5
325.358367,0
325.391733,0
325.4251,0
325.458467,0
325.491833,0
325.5252,0
325.558567,0
325.591933,0
325.6253,0
325.658667,0
325.692033,0
325.7254,0
325.758767,0
325.792133,0
325.8255,0
325.858867,0
325.892233,0
325.9256,0
325.958967,0
325.992333,0
326.0257,0
326.059067,0
326.092433,0
326.1258,0
326.159167,0
326.192533,0
326.2259,0
326.259267,0
326.292633,0
326.326,0
326.359367,0
326.392733,0
326.4261,0
326.459467,0
326.492833,0
326.5262,0
326.559567,0
326.592933,0
326.6263,0
326.659667,0
326.693033,0
326.7264,0
326.759767,0
326.793133,0
326.8265,0
326.859867,0
326.893233,0
326.9266,0
326.959967,0
326.993333,0
327.0267,0
327.060067,0
327.093433,0
327.1268,0
327.160167,0
327.193533,0
327.2269,0
327.260267,0
327.293633,0
327.327,0
327.360367,0
327.393733,0
327.4271,0
327.460467,0
327.493833,0
327.5272,0
327.560567,0
327.593933,0
327.6273,0
327.660667,0
327.694033,0
327.7274,0
327.760767,0
327.794133,0
327.8275,0
327.860867,0
327.894233,0
327.9276,0
327.960967,0
327.994333,0
328.0277,0
328.061067,0
328.094433,0
328.1278,0
328.161167,0
328.194533,0
328.2279,0
328.261267,0
328.294633,0
328.328,0
328.361367,0
328.394733,0
328.4281,0
328.461467,0
328.494833,0
328.5282,0
328.561567,0
328.594933,0
328.6283,0
328.661667,0
328.695033,0
328.7284,0
328.761767,0
328.795133,0
328.8285,0
328.861867,0
328.895233,0
328.9286,0
328.961967,0
328.995333,0
329.0287,0
329.062067,0
329.095433,0
329.1288,0
329.162167,0
329.195533,0
329.2289,0
329.262267,0
329.295633,0
329.329,0
329.362367,0
329.395733,0
329.4291,0
329.462467,0
329.495833,0
329.5292,0
329.562567,0
329.595933,0
329.6293,0
329.662667,0
329.696033,0
329.7294,0
329.762767,0
329.796133,0
329.8295,0
329.862867,0
329.896233,0
329.9296,0
329.962967,0
329.996333,0
330.0297,0
330.063067,0
330.096433,0
330.1298,0
330.163167,0
330.196533,0
330.2299,0
330.263267,0
330.296633,0
330.33,0
330.363367,0
330.396733,0
330.4301,0
330.463467,0
330.496833,0
330.5302,0
330.563567,0
330.596933,0
330.6303,0
330.663667,0
330.697033,0
330.7304,0
330.763767,0
330.797133,0
330.8305,0
330.863867,0
330.897233,0
330.9306,0
330.963967,0
330.997333,0
331.0307,0
331.064067,0
331.097433,0
331.1308,0
331.164167,0
331.197533,0
331.2309,0
331.264267,0
331.297633,0
331.331,0
331.364367,0
331.397733,0
331.4311,0
331.464467,0
331.497833,0
331.5312,0
331.564567,0
331.597933,0
331.6313,0
331.664667,0
331.698033,0
331.7314,0
331.764767,0
331.798133,0
331.8315,0
331.864867,0
331.898233,0
331.9316,0
331.964967,0
331.998333,0
332.0317,0
332.065067,0
332.098433,0
332.1318,0
332.165167,0
332.198533,0
332.2319,0
332.265267,0
332.298633,0
332.332,0
332.365367,0
332.398733,0
332.4321,0
332.465467,0
332.498833,0
332.5322,0
332.565567,0
332.598933,0
332.6323,0
332.665667,0
332.699033,0
332.7324,0
332.765767,0
332.799133,0
332.8325,0
332.865867,0
332.899233,0
332.9326,0
332.965967,0
332.999333,0
333.0327,0
333.066067,0
333.099433,0
333.1328,0
333.166167,0
333.199533,0
333.2329,0
333.266267,0
333.299633,0
333.333,7.4413
333.366367,0.0002175
333.399733,7.75
333.4331,7
333.466467,7
333.499833,7
333.5332,7
333.566567,7
333.599933,7
333.6333,7
333.666667,7
333.700033,7
333.7334,7
333.766767,7
333.800133,7
333.8335,7
333.866867,7
333.900233,7
333.9336,7
333.966967,7
334.000333,7
334.0337,7
334.067067,7
334.100433,7
334.1338,7
334.167167,7
334.200533,0.061325
334.2339,0.482655
334.267267,0.343272
334.300633,0.252435
334.334,0.229463
334.367367,0.0389175
334.400733,0.0001825
334.4341,0.00013
334.467467,9.5
334.500833,0.0001375
334.5342,0.0001
334.567567,9.5
334.600933,0.0001275
334.6343,0.000105
334.667667,9
334.701033,9
334.7344,9
334.767767,9
334.801133,9
334.8345,9
334.867867,9
334.901233,9
334.9346,9
334.967967,9
335.001333,9
335.0347,9
335.068067,9
335.101433,9
335.1348,9
335.168167,9
335.201533,9
335.2349,9
335.268267,9
335.301633,9
335.335,0.0011675
335.368367,0.00039
335.401733,0.0001075
335.4351,8
335.468467,8
335.501833,8
335.5352,8
335.568567,8
335.601933,8
335.6353,8
335.668667,8
335.702033,8
335.7354,8
335.768767,8
335.802133,8
335.8355,8
335.868867,8
335.902233,8
335.9356,8
335.968967,8
336.002333,8
336.0357,8
336.069067,8
336.102433,8
336.1358,8
336.169167,8
336.202533,8
336.2359,8
336.269267,8
336.302633,8
336.336,0.0004075
336.369367,0.00039
336.402733,0.0001075
336.4361,8
336.469467,8
336.502833,8
336.5362,8
336.569567,8
336.602933,8
336.6363,8
336.669667,8
336.703033,8
336.7364,8
336.769767,8
336.803133,8
336.8365,8
336.869867,8
336.903233,8
336.9366,8
336.969967,8
337.003333,8
337.0367,8
337.070067,8
337.103433,8
337.1368,8
337.170167,8
337.203533,8
337.2369,8
337.270267,8
337.303633,8
337.337,0.0004075
337.370367,0.00039
337.403733,0.0001075
337.4371,8
337.470467,8
337.503833,8
337.5372,8
337.570567,8
337.603933,8
337.6373,8
337.670667,8
337.704033,8
337.7374,8
337.770767,8
337.804133,8
337.8375,8
337.870867,8
337.904233,8
337.9376,8
337.970967,8
338.004333,8
338.0377,8
338.071067,8
338.104433,8
338.1378,8
338.171167,8
338.204533,8
338.2379,8
338.271267,8
338.304633,8
338.338,0.0004075
338.371367,0.00039
338.404733,0.0001075
338.4381,8
338.471467,8
338.504833,8
338.5382,8
338.571567,8
338.604933,8
338.6383,8
338.671667,8
338.705033,8
338.7384,8
338.771767,8
338.805133,8
338.8385,8
338.871867,8
338.905233,8
338.9386,8
338.971967,8
339.005333,8
339.0387,8
339.072067,8
339.105433,8
339.1388,8
339.172167,8
339.205533,8
339.2389,8
339.272267,8
339.305633,8
339.339,0.0004075
339.372367,0.00039
339.405733,0.0001075
339.4391,8
339.472467,8
339.505833,8
339.5392,8
339.572567,8
339.605933,8
339.6393,8
339.672667,8
339.706033,8
339.7394,8
339.772767,8
339.806133,8
339.8395,8
339.872867,8
339.906233,8
339.9396,8
339.972967,8
340.006333,8
340.0397,8
340.073067,8
340.106433,8
340.1398,8
340.173167,8
340.206533,8
340.2399,8
340.273267,8
340.306633,8
340.34,0.0004075
340.373367,0.00039
340.406733,0.0001075
340.4401,8
340.473467,8
340.506833,8
340.5402,8
340.573567,8
340.606933,8
340.6403,8
340.673667,8
340.707033,8
340.7404,8
340.773767,8
340.807133,8
340.8405,8
340.873867,8
340.907233,8
340.9406,8
340.973967,8
341.007333,8
341.0407,8
341.074067,8
341.107433,8
341.1408,8
341.174167,8
341.207533,8
341.2409,8
341.274267,8
341.307633,8
341.341,0.0004075
341.374367,0.00039
341.407733,0.0001075
341.4411,8
341.474467,8
341.507833,8
341.5412,8
341.574567,8
341.607933,8
341.6413,8
341.674667,8
341.708033,8
341.7414,8
341.774767,8
341.808133,8
341.8415,8
341.874867,8
341.908233,8
341.9416,8
341.974967,8
342.008333,8
342.0417,8
342.075067,8
342.108433,8
342.1418,8
342.175167,8
342.208533,8
342.2419,8
342.275267,8
342.308633,8
342.342,2.93075
342.375367,0.000515
342.408733,0.0001325
342.4421,0.0001
342.475467,0.0001
342.508833,0.0001
342.5422,0.0001
342.575567,0.0001
342.608933,0.0001
342.6423,0.0001
342.675667,0.0001
342.709033,0.0001
342.7424,0.0001
342.775767,0.0001
342.809133,0.0001
342.8425,0.0001
342.875867,0.0001
342.909233,0.0001
342.9426,0.0001
342.975967,0.0001
343.009333,0.0001
343.0427,0.0001
343.076067,0.0001
343.109433,0.0001
343.1428,0.0001
343.176167,0.0001
343.209533,0.0001
343.2429,0.0001
343.276267,0.0001
343.309633,0.0001
343.343,0.0005375
343.376367,0.000515
343.409733,0.0021225
343.4431,0.00011
343.476467,0.0001
343.509833,0.0001
343.5432,0.0001
343.576567,0.0001
343.609933,0.0001
343.6433,0.0001
343.676667,0.0001
343.710033,0.0001
343.7434,0.0001
343.776767,6.88889
343.810133,7.13784
343.8435,6.98426
343.876867,7.73075
343.910233,7.41586
343.9436,8.62408
343.976967,8.29946
344.010333,8.39592
344.0437,9.00939
344.077067,8.51289
344.110433,9.19397
344.1438,9.6259
344.177167,9.34079
344.210533,8.86495
344.2439,9.51635
344.277267,9.05512
344.310633,10.1987
344.344,9.20628
344.377367,9.27119
344.410733,9.38579
344.4441,9.43107
344.477467,10.6475
344.510833,9.62401
344.5442,10.3233
344.577567,9.97335
344.610933,10.5888
344.6443,10.8717
344.677667,11.6812
344.711033,10.4848
344.7444,11.4718
344.777767,10.7089
344.811133,11.557
344.8445,11.7374
344.877867,0.0131075
344.911233,0.0092775
344.9446,0.008875
344.977967,0.008295
345.011333,0.00101
345.0447,0.000955
345.078067,0.000955
345.111433,0.000955
345.1448,0.000955
345.178167,0.000955
345.211533,0.000955
345.2449,0.000955
345.278267,0.000955
345.311633,0.000955
345.345,0.02959
345.378367,0.0010375
345.411733,0.0003075
345.4451,0.000245
345.478467,0.00022
345.511833,0.00022
345.5452,0.00022
345.578567,0.00022
345.611933,0.00022
345.6453,0.00022
345.678667,0.00022
345.712033,0.00022
345.7454,0.00022
345.778767,0.00022
345.812133,0.00022
345.8455,0.00022
345.878867,0.00022
345.912233,0.00022
345.9456,0.00022
345.978967,0.00022
346.012333,0.00022
346.0457,0.00022
346.079067,0.00022
346.112433,0.00022
346.1458,0.00022
346.179167,0.00022
346.212533,0.00022
346.2459,0.00022
346.279267,0.00022
346.312633,0.00022
346.346,0.001095
346.379367,0.0010375
346.412733,0.0003075
346.4461,0.000245
346.479467,0.10349
346.512833,0.0051725
346.5462,0.004485
346.579567,0.00652
346.612933,0.00823
346.6463,0.003845
346.679667,0.0056525
346.713033,0.00416
346.7464,0.0038625
346.779767,0.0046275
346.813133,0.003945
346.8465,0.003985
346.879867,0.003275
346.913233,0.003805
346.9466,0.00307
346.979967,0.0035525
347.013333,0.0032275
347.0467,0.003725
347.080067,0.0030025
347.113433,0.0038675
347.1468,0.00247
347.180167,0.002965
347.213533,0.0024675
347.2469,0.0033
347.280267,0.0029775
347.313633,0.0023725
347.347,0.005415
347.380367,0.0038075
347.413733,0.0034825
347.4471,0.0023225
347.480467,0.0023575
347.513833,0.00026
347.5472,0.00023
347.580567,0.00022
347.613933,0.00022
347.6473,0.00022
347.680667,0.00022
347.714033,0.00022
347.7474,0.00022
347.780767,0.00022
347.814133,0.00022
347.8475,0.00022
347.880867,0.00022
347.914233,0.00022
347.9476,0.00022
347.980967,0.00022
348.014333,0.00022
348.0477,0.00022
348.081067,0.00022
348.114433,0.00022
348.1478,0.00022
348.181167,0.00022
348.214533,0.00022
348.2479,0.00022
348.281267,0.00022
348.314633,0.00022
348.348,0.0021925
348.381367,0.0010375
348.414733,0.0003075
348.4481,0.000245
348.481467,0.00022
348.514833,0.00022
348.5482,0.00022
348.581567,0.00022
348.614933,0.00022
348.6483,0.00022
348.681667,0.00022
348.715033,0.00022
348.7484,0.00022
348.781767,0.00022
348.815133,0.00022
348.8485,0.00022
348.881867,0.00022
348.915233,0.00022
348.9486,0.00022
348.981967,0.00022
349.015333,0.00022
349.0487,0.00022
349.082067,0.00022
349.115433,0.00022
349.1488,0.00022
349.182167,0.00022
349.215533,0.00022
349.2489,0.00022
349.282267,0.00022
349.315633,0.00022
349.349,0.001095
349.382367,0.0010375
349.415733,0.0003075
349.4491,0.000245
349.482467,0.00022
349.515833,0.00022
349.5492,0.00022
349.582567,0.00022
349.615933,0.00022
349.6493,0.00022
349.682667,0.00022
349.716033,0.00022
349.7494,0.00022
349.782767,0.00022
349.816133,0.00022
349.8495,0.00022
349.882867,0.00022
349.916233,0.00022
349.9496,0.00022
349.982967,0.00022
350.016333,0.00022
350.0497,0.00022
350.083067,0.00022
350.116433,0.00022
350.1498,0.00022
350.183167,0.00022
350.216533,0.00022
350.2499,0.00022
350.283267,0.00022
350.316633,0.00022
350.35,0.001095
350.383367,0.0010375
350.416733,0.0003075
350.4501,0.000245
350.483467,0.00022
350.516833,0.00022
350.5502,194.393
350.583567,2.44454
350.616933,6.27236
350.6503,10.7157
350.683667,9.15243
350.717033,0.0348075
350.7504,0.00072
350.783767,0.0002875
350.817133,0.00019
350.8505,0.00019
350.883867,0.00019
350.917233,0.00019
350.9506,0.00019
350.983967,0.00019
351.017333,0.00019
351.0507,0.00019
351.084067,0.00019
351.117433,0.00019
351.1508,0.00019
351.184167,0.00019
351.217533,0.00019
351.2509,0.00019
351.284267,0.00019
351.317633,0.00019
351.351,0.0054
351.384367,0.0002825
351.417733,4
351.4511,2
351.484467,2
351.517833,2
351.5512,2
351.584567,2
351.617933,2
351.6513,2
351.684667,2
351.718033,2
351.7514,2
351.784767,2
351.818133,2
351.8515,2
351.884867,2
351.918233,2
351.9516,2
351.984967,2
352.018333,2
352.0517,2
352.085067,2
352.118433,2
352.1518,2
352.185167,2
352.218533,2
352.2519,2
352.285267,2
352.318633,2
352.352,0.0003025
352.385367,0.0002825
352.418733,4
352.4521,2
352.485467,2
352.518833,2
352.5522,189.477
352.585567,0.0026
352.618933,0.0236575
352.6523,0.00743
352.685667,0.005655
352.719033,0.00535
352.7524,0.005325
352.785767,0.005335
352.819133,0.005325
352.8525,0.005335
352.885867,0.005325
352.919233,0.005335
352.9526,0.005325
352.985967,0.005335
353.019333,0.005325
353.0527,0.005335
353.086067,0.005325
353.119433,0.005335
353.1528,0.005325
353.186167,0.005335
353.219533,0.005325
353.2529,0.005335
353.286267,0.005325
353.319633,0.005335
353.353,0.0782375
353.386367,0.0128075
353.419733,0.0048125
353.4531,0.0042925
353.486467,0.004215
353.519833,0.004215
353.5532,2.48862
353.586567,2.1813
353.619933,0.31202
353.6533,13.9661
353.686667,14.1678
353.720033,14.4615
353.7534,14.7669
353.786767,15.1007
353.820133,15.4465
353.8535,15.7843
353.886867,16.0782
353.920233,16.4088
353.9536,16.5953
353.986967,16.629
354.020333,16.4998
354.0537,16.3599
354.087067,16.4533
354.120433,16.5675
354.1538,16.7922
354.187167,16.9916
354.220533,17.1797
354.2539,17.2816
354.287267,17.2884
354.320633,0.0319525
354.354,0.186202
354.387367,0.012515
354.420733,0.004615
354.4541,0.00417
354.487467,0.00405
354.520833,0.00405
354.5542,0.00405
354.587567,0.00405
354.620933,0.00405
354.6543,0.00405
354.687667,0.00405
354.721033,0.00405
354.7544,0.00405
354.787767,0.00405
354.821133,0.00405
354.8545,0.00405
354.887867,0.00405
354.921233,0.00405
354.9546,0.00405
354.987967,0.00405
355.021333,0.00405
355.0547,0.00405
355.088067,0.00405
355.121433,0.184525
355.1548,0.189752
355.188167,0.190455
355.221533,0.191302
355.2549,0.192438
355.288267,0.195373
355.321633,0.19755
355.355,0.222608
355.388367,0.198955
355.421733,0.204802
355.4551,0.206748
355.488467,0.210407
355.521833,0.214808
355.5552,0.22027
355.588567,0.223178
355.621933,0.228845
355.6553,0.233777
355.688667,0.238058
355.722033,0.245195
355.7554,0.250688
355.788767,0.258348
355.822133,0.26746
355.8555,0.27669
355.888867,0.29214
355.922233,0.305605
355.9556,0.328825
355.988967,0.339543
356.022333,0.365123
356.0557,0.397558
356.089067,0.4439
356.122433,0.0085825
356.1558,0.0051125
356.189167,0.00465
356.222533,0.0045125
356.2559,0.004495
356.289267,0.004495
356.322633,0.004495
356.356,0.04474
356.389367,0.011725
356.422733,0.004295
356.4561,0.0038675
356.489467,0.00377
356.522833,0.00377
356.5562,0.00377
356.589567,0.00377
356.622933,0.00377
356.6563,0.00377
356.689667,0.00377
356.723033,0.00377
356.7564,0.00377
356.789767,0.00377
356.823133,0.00377
356.8565,0.00377
356.889867,0.00377
356.923233,0.00377
356.9566,0.00377
356.989967,0.00377
357.023333,0.00377
357.0567,0.00377
357.090067,0.00377
357.123433,0.00377
357.1568,0.00377
357.190167,0.00377
357.223533,0.00377
357.2569,0.00377
357.290267,0.00377
357.323633,0.00377
357.357,0.0121125
357.390367,0.011725
357.423733,0.004295
357.4571,0.0038675
357.490467,0.00377
357.523833,0.00377
357.5572,0.00377
357.590567,0.00377
357.623933,0.00377
357.6573,0.00377
357.690667,0.00377
357.724033,0.00377
357.7574,0.00377
357.790767,0.00377
357.824133,0.00377
357.8575,0.00377
357.890867,0.00377
357.924233,0.00377
357.9576,0.00377
357.990967,0.00377
358.024333,0.00377
358.0577,0.00377
358.091067,0.00377
358.124433,0.00377
358.1578,0.00377
358.191167,0.00377
358.224533,0.00377
358.2579,0.00377
358.291267,0.00377
358.324633,0.00377
358.358,0.0121125
358.391367,0.011725
358.424733,0.004295
358.4581,0.0038675
358.491467,0.00377
358.524833,0.00377
358.5582,0.00377
358.591567,0.00377
358.624933,0.00377
358.6583,0.00377
358.691667,0.00377
358.725033,0.00377
358.7584,0.00377
358.791767,0.00377
358.825133,0.00377
358.8585,0.00377
358.891867,0.00377
358.925233,0.00377
358.9586,0.00377
358.991967,0.00377
359.025333,0.00377
359.0587,0.00377
359.092067,0.00377
359.125433,0.00377
359.1588,0.00377
359.192167,0.00377
359.225533,0.00377
359.2589,0.00377
359.292267,0.00377
359.325633,0.00377
359.359,0.0121125
359.392367,0.011725
359.425733,0.004295
359.4591,0.0038675
359.492467,0.00377
359.525833,0.00377
359.5592,0.00377
359.592567,0.00377
359.625933,0.00377
359.6593,0.00377
359.692667,0.00377
359.726033,0.00377
359.7594,0.00377
359.792767,0.00377
359.826133,0.00377
359.8595,0.00377
359.892867,0.00377
359.926233,0.00377
359.9596,0.00377
359.992967,0.00377
360.026333,0.00377
360.0597,0.00377
360.093067,0.00377
360.126433,0.00377
360.1598,0.00377
360.193167,0.00377
360.226533,0.00377
360.2599,0.00377
360.293267,0.00377
360.326633,0.00377
360.36,0.0121125
360.393367,0.011725
360.426733,0.004295
360.4601,0.0038675
360.493467,0.00377
360.526833,0.00377
360.5602,0.00377
360.593567,0.00377
360.626933,0.00377
360.6603,0.00377
360.693667,0.00377
360.727033,0.00377
360.7604,0.00377
360.793767,0.00377
360.827133,0.00377
360.8605,0.00377
360.893867,0.00377
360.927233,0.00377
360.9606,0.00377
360.993967,0.00377
361.027333,0.00377
361.0607,0.00377
361.094067,0.00377
361.127433,0.00377
361.1608,0.00377
361.194167,0.00377
361.227533,30.5668
361.2609,0.0021075
361.294267,0.000525
361.327633,0.0002725
361.361,0.00689
361.394367,0.00034
361.427733,9
361.4611,4.5
361.494467,4.5
361.527833,4.5
361.5612,4.5
361.594567,4.5
361.627933,4.5
361.6613,4.5
361.694667,4.5
361.728033,4.5
361.7614,4.5
361.794767,4.5
361.828133,4.5
361.8615,4.5
361.894867,4.5
361.928233,4.5
361.9616,4.5
361.994967,4.5
362.028333,4.5
362.0617,4.5
362.095067,4.5
362.128433,4.5
362.1618,4.5
362.195167,4.5
362.228533,4.5
362.2619,4.5
362.295267,4.5
362.328633,4.5
362.362,0.000375
362.395367,0.00034
362.428733,9
362.4621,4.5
362.495467,4.5
362.528833,0.095675
362.5622,0.111522
362.595567,0.09651
362.628933,0.113412
362.6623,0.1129
362.695667,0.097365
362.729033,0.114392
362.7624,0.129095
362.795767,0.114837
362.829133,0.114425
362.8625,0.130383
362.895867,0.132
362.929233,0.132095
362.9626,0.147218
362.995967,0.134173
363.029333,0.14904
363.0627,0.164628
363.096067,0.15151
363.129433,0.16748
363.1628,0.167715
363.196167,0.199722
363.229533,0.20139
363.2629,0.20394
363.296267,0.23482
363.329633,0.252837
363.363,0.288863
363.396367,0.320225
363.429733,0.387167
363.4631,0.518535
363.496467,1.25772
363.529833,0.001495
363.5632,0.0003325
363.596567,0.00014
363.629933,0.00012
363.6633,0.00012
363.696667,0.00012
363.730033,0.00012
363.7634,0.00012
363.796767,0.00012
363.830133,0.00012
363.8635,0.00012
363.896867,0.00012
363.930233,0.00012
363.9636,0.00012
363.996967,0.00012
364.030333,0.00012
364.0637,0.00012
364.097067,0.00012
364.130433,0.00012
364.1638,0.00012
364.197167,0.00012
364.230533,0.00012
364.2639,0.00012
364.297267,0.00012
364.330633,0.00012
364.364,0.0050875
364.397367,0.00068
364.430733,0.0001975
364.4641,0.0001125
364.497467,0.000105
364.530833,0.000105
364.5642,0.000105
364.597567,0.000105
364.630933,0.000105
364.6643,0.000105
364.697667,0.000105
364.731033,0.000105
364.7644,0.000105
364.797767,0.000105
364.831133,0.000105
364.8645,0.000105
364.897867,0.000105
364.931233,0.000105
364.9646,0.000105
364.997967,0.000105
365.031333,0.000105
365.0647,0.000105
365.098067,0.000105
365.131433,0.000105
365.1648,0.000105
365.198167,0.000105
365.231533,0.000105
365.2649,0.000105
365.298267,0.000105
365.331633,0.000105
365.365,0.000735
365.398367,0.00068
365.431733,0.0001975
365.4651,0.0001125
365.498467,0.000105
365.531833,0.000105
365.5652,0.000105
365.598567,0.000105
365.631933,0.000105
365.6653,0.000105
365.698667,0.000105
365.732033,0.000105
365.7654,0.000105
365.798767,0.000105
365.832133,0.000105
365.8655,0.000105
365.898867,0.000105
365.932233,0.000105
365.9656,0.000105
365.998967,0.000105
366.032333,0.000105
366.0657,0.000105
366.099067,0.000105
366.132433,0.000105
366.1658,0.000105
366.199167,0.000105
366.232533,0.000105
366.2659,0.000105
366.299267,0.000105
366.332633,0.000105
366.366,0.000735
366.399367,0.00068
366.432733,0.0001975
366.4661,0.0001125
366.499467,0.000105
366.532833,0.000105
366.5662,0.000105
366.599567,0.000105
366.632933,0.000105
366.6663,0.000105
366.699667,0.000105
366.733033,0.000105
366.7664,0.000105
366.799767,0.000105
366.833133,0.000105
366.8665,0.000105
366.899867,0.000105
366.933233,0.000105
366.9666,0.000105
366.999967,0.000105
367.033333,0.000105
367.0667,0.000105
367.100067,0.000105
367.133433,0.000105
367.1668,0.000105
367.200167,0.000105
367.233533,0.000105
367.2669,0.000105
367.300267,0.000105
367.333633,0.000105
367.367,0.000735
367.400367,0.00068
367.433733,0.0001975
367.4671,0.0001125
367.500467,0.000105
367.533833,0.000105
367.5672,0.000105
367.600567,0.000105
367.633933,0.000105
367.6673,0.000105
367.700667,0.000105
367.734033,0.000105
367.7674,0.000105
367.800767,0.000105
367.834133,0.000105
367.8675,0.000105
367.900867,0.000105
367.934233,0.000105
367.9676,0.000105
368.000967,0.000105
368.034333,0.000105
368.0677,0.000105
368.101067,0.000105
368.134433,0.000105
368.1678,0.000105
368.201167,0.000105
368.234533,0.000105
368.2679,0.000105
368.301267,0.000105
368.334633,18.3915
368.368,1.55839
368.401367,13.1486
368.434733,22.7939
368.4681,21.0114
368.501467,18.0459
368.534833,15.7229
368.5682,6.38084
368.601567,0.008345
368.634933,0.0023775
368.6683,0.001385
368.701667,0.00119
368.735033,0.00119
368.7684,0.00119
368.801767,0.0014475
368.835133,0.00124
368.8685,0.0011775
368.901867,0.067725
368.935233,0.0687475
368.9686,0.06851
369.001967,0.0713
369.035333,0.076255
369.0687,0.0705875
369.102067,0.0737025
369.135433,0.0770425
369.1688,0.0804975
369.202167,0.0775125
369.235533,0.0802375
369.2689,0.083375
369.302267,0.083035
369.335633,0.0885775
369.369,0.121755
369.402367,0.09195
369.435733,0.09568
369.4691,0.0921425
369.502467,0.0979
369.535833,0.102145
369.5692,0.105237
369.602567,0.108205
369.635933,0.114205
369.6693,0.11719
369.702667,0.123555
369.736033,0.1321
369.7694,0.137318
369.802767,0.15161
369.836133,0.161655
369.8695,0.184308
369.902867,0.0006525
369.936233,0.0003475
369.9696,0.00026
370.002967,0.000255
370.036333,0.000255
370.0697,0.000255
370.103067,0.000255
370.136433,0.000295
370.1698,0.000255
370.203167,0.000245
370.236533,0.000245
370.2699,0.000245
370.303267,0.000245
370.336633,0.000245
370.37,0.004365
370.403367,0.0014175
370.436733,0.00034
370.4701,0.00024
370.503467,0.00024
370.536833,0.00024
370.5702,0.00024
370.603567,0.0003025
370.636933,0.00027
370.6703,0.00025
370.703667,0.00025
370.737033,0.00025
370.7704,0.00025
370.803767,0.00025
370.837133,0.00025
370.8705,0.00025
370.903867,0.00025
370.937233,0.00025
370.9706,0.00025
371.003967,0.000275
371.037333,0.00072
371.0707,0.000415
371.104067,0.000235
371.137433,0.000235
371.1708,0.000235
371.204167,0.000235
371.237533,0.000235
371.2709,0.000235
371.304267,0.000235
371.337633,0.000235
371.371,0.002305
371.404367,0.043535
371.437733,8.6212
371.4711,14.9188
371.504467,14.7169
371.537833,9.92289
371.5712,0.15307
371.604567,0.22151
371.637933,0.225662
371.6713,0.232483
371.704667,0.223812
371.738033,0.22278
371.7714,0.233082
371.804767,0.236742
371.838133,0.224747
371.8715,0.29398
371.904867,0.22218
371.938233,0.29471
371.9716,0.231805
372.004967,0.310908
372.038333,0.297565
372.0717,0.297173
372.105067,0.295297
372.138433,0.367383
372.1718,0.29475
372.205167,0.368495
372.238533,0.367245
372.2719,0.368485
372.305267,0.439735
372.338633,0.368485
372.372,0.537665
372.405367,0.513478
372.438733,0.000255
372.4721,0.0001725
372.505467,0.00016
372.538833,0.00016
372.5722,0.00016
372.605567,0.00016
372.638933,0.00016
372.6723,0.00016
372.705667,0.00016
372.739033,0.00016
372.7724,0.00016
372.805767,0.00016
372.839133,0.00016
372.8725,0.00016
372.905867,0.00016
372.939233,0.00016
372.9726,0.00016
373.005967,0.00016
373.039333,0.00016
373.0727,32.148
373.106067,0.0024775
373.139433,0.0078175
373.1728,25.3773
373.206167,0.0164175
373.239533,0.0338025
373.2729,0.023165
373.306267,0.0189425
373.339633,0.018595
373.373,0.0875475
373.406367,0.02184
373.439733,3.1094
373.4731,0.0494175
373.506467,0.062875
373.539833,0.0227075
373.5732,0.0190425
373.606567,0.01804
373.639933,0.0188675
373.6733,0.02028
373.706667,0.0204725
373.740033,0.0201175
373.7734,0.0220825
373.806767,0.021535
373.840133,0.02236
373.8735,0.0225025
373.906867,2.58763
373.940233,0.051655
373.9736,0.08017
374.006967,0.04518
374.040333,0.0441225
374.0737,0.0535575
374.107067,0.0069075
374.140433,0.11619
374.1738,0.127112
374.207167,0.134573
374.240533,0.13296
374.2739,0.138533
374.307267,0.139953
374.340633,0.145437
374.374,2.54083
374.407367,0.18065
374.440733,0.149613
374.4741,0.15083
374.507467,0.150443
374.540833,0.156515
374.5742,0.16037
374.607567,0.164222
374.640933,0.169572
374.6743,0.172925
374.707667,0.172678
374.741033,0.180872
374.7744,0.185798
374.807767,0.189523
374.841133,2.58003
374.8745,0.187693
374.907867,0.284938
374.941233,0.235135
374.9746,0.242952
375.007967,0.26871
375.041333,0.334805
375.0747,0.40542
375.108067,0.327508
375.141433,0.02156
375.1748,0.0061975
375.208167,0.0037775
375.241533,2.56055
375.2749,0.03745
375.308267,0.06557
375.341633,0.01832
375.375,0.257355
375.408367,0.17696
375.441733,0.189098
375.4751,0.190252
375.508467,0.200047
375.541833,0.210122
375.5752,0.218598
375.608567,0.222747
375.641933,0.23153
375.6753,0.232568
375.708667,1.99763
375.742033,0.170462
375.7754,0.348598
375.808767,0.254397
375.842133,0.30933
375.8755,0.27896
375.908867,0.312755
375.942233,0.312123
375.9756,0.326465
376.008967,0.334767
376.042333,0.328628
376.0757,0.378285
376.109067,0.339817
376.142433,0.39312
376.1758,1.90409
376.209167,0.307113
376.242533,0.570588
376.2759,0.621125
376.309267,0.76052
376.342633,0.592882
376.376,0.387562
376.409367,0.0059075
376.442733,0.0693025
376.4761,0.0060775
376.509467,0.02224
376.542833,0.0098225
376.5762,0.0080875
376.609567,1.59222
376.642933,0.0114375
376.6763,0.12244
376.709667,0.021735
376.743033,0.054655
376.7764,0.01515
376.809767,0.0106
376.843133,0.00959
376.8765,0.009685
376.909867,0.00953
376.943233,0.00953
376.9766,0.63213
377.009967,0.20492
377.043333,1.79961
377.0767,0.032225
377.110067,0.309163
377.143433,0.07838
377.1768,0.30333
377.210167,0.0112825
377.243533,0.150165
377.2769,0.06395
377.310267,0.346693
377.343633,0.00289
377.377,0.455813
377.410367,0.184145
377.443733,0.0189575
377.4771,0.05141
377.510467,1.60333
377.543833,0.0059075
377.5772,0.0482025
377.610567,0.114282
377.643933,0.01566
377.6773,0.0474175
377.710667,0.0220075
377.744033,0.0186575
377.7774,0.0193575
377.810767,0.0177175
377.844133,0.017675
377.8775,0.01695
377.910867,0.0174225
377.944233,0.0167525
377.9776,1.54716
378.010967,0.0075025
378.044333,0.04715
378.0777,0.085615
378.111067,0.0139225
378.144433,0.03716
378.1778,0.0407525
378.211167,0.0301225
378.244533,0.029525
378.2779,0.02836
378.311267,0.02748
378.344633,0.02709
378.378,0.254655
378.411367,1.62125
378.444733,0.0065825
378.4781,0.0508675
378.511467,0.090745
378.544833,0.0410825
378.5782,0.041885
378.611567,0.0201475
378.644933,0.0175025
378.6783,0.01719
378.711667,0.0162125
378.745033,0.0156825
378.7784,0.015445
378.811767,0.0153075
378.845133,1.80442
378.8785,0.008335
378.911867,0.044505
378.945233,0.0837325
378.9786,0.021095
379.011967,0.0305125
379.045333,0.01807
379.0787,0.0168675
379.112067,0.016325
379.145433,0.0159475
379.1788,0.0150275
379.212167,0.01525
379.245533,0.01474
379.2789,0.01517
379.312267,1.54957
379.345633,0.0055275
379.379,0.327367
379.412367,0.099425
379.445733,0.02056
379.4791,0.0335575
379.512467,0.0188325
379.545833,0.0166125
379.5792,0.0173625
379.612567,0.0158375
379.645933,0.015735
379.6793,0.01547
379.712667,0.0155675
379.746033,1.54505
379.7794,0.0068075
379.812767,0.0455825
379.846133,0.104752
379.8795,0.0140825
379.912867,0.0430875
379.946233,0.01951
379.9796,0.0173475
380.012967,0.2275
380.046333,0.01204
380.0797,0.0730675
380.113067,0.013425
380.146433,0.0314475
380.1798,0.01843
380.213167,0.01695
380.246533,0.01647
380.2799,0.0158225
380.313267,0.0151725
380.346633,1.62136
380.38,0.386508
380.413367,0.0071625
380.446733,0.06398
380.4801,0.229095
380.513467,0.00772
380.546833,0.0286075
380.5802,0.0625025
380.613567,0.01637
380.646933,0.0304475
380.6803,0.02098
380.713667,0.01922
380.747033,0.019025
380.7804,1.82078
380.813767,0.0084875
380.847133,0.04545
380.8805,0.0882775
380.913867,0.016705
380.947233,0.033815
380.9806,0.01856
381.013967,0.0169375
381.047333,0.01704
381.0807,0.016005
381.114067,0.0154325
381.147433,0.0156075
381.1808,0.032975
381.214167,0.0263725
381.247533,1.55605
381.2809,0.00327
381.314267,0.03781
381.347633,0.116922
381.381,0.29625
381.414367,0.0042525
381.447733,0.0423025
381.4811,0.0194675
381.514467,0.0140025
381.547833,0.012895
381.5812,0.0117575
381.614567,0.0109875
381.647933,0.01124
381.6813,1.54147
381.714667,0.0068175
381.748033,0.04524
381.7814,0.080995
381.814767,0.019465
381.848133,0.0292025
381.8815,0.0170575
381.914867,0.01634
381.948233,0.01616
381.9816,0.015385
382.014967,0.0147775
382.048333,0.014485
382.0817,0.0142225
382.115067,0.0144875
382.148433,1.6117
382.1818,0.006995
382.215167,0.0493325
382.248533,0.0553875
382.2819,0.0433075
382.315267,0.02084
382.348633,0.0665525
382.382,0.26032
382.415367,0.00702
382.448733,0.024945
382.4821,0.0120825
382.515467,0.01091
382.548833,0.0106425
382.5822,1.8088
382.615567,0.0081675
382.648933,0.04209
382.6823,0.0814425
382.715667,0.0189675
382.749033,0.0280425
382.7824,26.9037
382.815767,0.00127
382.849133,0.03452
382.8825,0.00798
382.915867,0.0631175
382.949233,0.00525
382.9826,0.0166825
383.015967,0.011035
383.049333,0.010125
383.0827,0.0100425
383.116067,0.0100275
383.149433,0.0100275
383.1828,0.0100275
383.216167,0.0100275
383.249533,0.0100275
383.2829,0.0100275
383.316267,0.0100275
383.349633,0.0100275
383.383,0.224938
383.416367,0.01375
383.449733,0.00573
383.4831,0.002735
383.516467,0.00225
383.549833,0.0021
383.5832,0.0021
383.616567,0.0021
383.649933,0.0021
383.6833,0.0021
383.716667,0.0021
383.750033,0.0021
383.7834,0.0021
383.816767,0.0021
383.850133,0.0021
383.8835,0.0021
383.916867,0.0021
383.950233,0.0021
383.9836,0.0021
384.016967,0.0021
384.050333,0.0021
384.0837,0.0021
384.117067,0.0021
384.150433,0.0021
384.1838,0.0021
384.217167,0.0021
384.250533,0.0021
384.2839,0.0021
384.317267,0.0021
384.350633,0.0021
384.384,0.015465
384.417367,0.01119
384.450733,0.003195
384.4841,0.0023175
384.517467,0.002115
384.550833,0.00211
384.5842,0.00211
384.617567,0.00211
384.650933,0.00211
384.6843,0.00211
384.717667,0.00211
384.751033,0.00211
384.7844,0.00211
384.817767,0.00211
384.851133,0.00211
384.8845,0.00211
384.917867,0.00211
384.951233,0.00211
384.9846,0.00211
385.017967,0.00211
385.051333,0.00211
385.0847,0.00211
385.118067,0.00211
385.151433,0.00211
385.1848,0.00211
385.218167,0.00211
385.251533,0.00211
385.2849,0.00211
385.318267,0.00211
385.351633,0.00211
385.385,0.0118675
385.418367,0.01119
385.451733,0.003195
385.4851,0.0023175
385.518467,0.002115
385.551833,0.00211
385.5852,0.00211
385.618567,0.00211
385.651933,0.00211
385.6853,0.00211
385.718667,0.00211
385.752033,0.00211
385.7854,0.00211
385.818767,0.00211
385.852133,0.00211
385.8855,0.00211
385.918867,0.00211
385.952233,0.00211
385.9856,0.00211
386.018967,0.00211
386.052333,0.00211
386.0857,0.00211
386.119067,0.00211
386.152433,0.00211
386.1858,0.00211
386.219167,0.00211
386.252533,0.00211
386.2859,0.00211
386.319267,0.00211
386.352633,0.00211
386.386,0.0118675
386.419367,0.01119
386.452733,0.003195
386.4861,0.0023175
386.519467,0.002115
386.552833,0.00211
386.5862,0.00211
386.619567,0.00211
386.652933,0.00211
386.6863,0.00211
386.719667,0.00211
386.753033,0.00211
386.7864,0.00211
386.819767,0.00211
386.853133,0.00211
386.8865,0.00211
386.919867,0.00211
386.953233,0.00211
386.9866,0.00211
387.019967,0.00211
387.053333,0.00211
387.0867,0.00211
387.120067,0.00211
387.153433,0.00211
387.1868,0.00211
387.220167,0.00211
387.253533,0.00211
387.2869,0.00211
387.320267,0.00211
387.353633,0.00211
387.387,0.0118675
387.420367,0.01119
387.453733,0.003195
387.4871,0.0023175
387.520467,0.002115
387.553833,0.00211
387.5872,0.00211
387.620567,0.00211
387.653933,0.00211
387.6873,0.00211
387.720667,0.00211
387.754033,0.00211
387.7874,0.00211
387.820767,0.00211
387.854133,0.00211
387.8875,0.00211
387.920867,0.00211
387.954233,0.00211
387.9876,0.00211
388.020967,0.00211
388.054333,0.00211
388.0877,0.00211
388.121067,0.00211
388.154433,0.00211
388.1878,0.00211
388.221167,0.00211
388.254533,0.00211
388.2879,0.00211
388.321267,0.00211
388.354633,0.00211
388.388,0.0118675
388.421367,0.01119
388.454733,0.003195
388.4881,0.0023175
388.521467,0.002115
388.554833,0.00211
388.5882,0.00211
388.621567,0.00211
388.654933,0.00211
388.6883,0.00211
388.721667,0.00211
388.755033,0.00211
388.7884,0.00211
388.821767,0.00211
388.855133,0.00211
388.8885,0.00211
388.921867,0.00211
388.955233,0.00211
388.9886,0.00211
389.021967,0.00211
389.055333,0.00211
389.0887,0.00211
389.122067,0.00211
389.155433,0.00211
389.1888,24.5502
389.222167,0
389.255533,0
389.2889,0
389.322267,0
389.355633,0
389.389,0
389.422367,0.0064
389.455733,0.059925
389.4891,0.12172
389.522467,0.200905
389.555833,0.31091
389.5892,0.463803
389.622567,0.661147
389.655933,0.931388
389.6893,1.24605
389.722667,1.51625
389.756033,1.68497
389.7894,1.79846
389.822767,1.79777
389.856133,1.92919
389.8895,2.11974
389.922867,2.36267
389.956233,2.51479
389.9896,2.61117
390.022967,2.66616
390.056333,2.63967
390.0897,2.6105
390.123067,2.64434
390.156433,2.69615
390.1898,2.74587
390.223167,2.65978
390.256533,2.54234
390.2899,2.44618
390.323267,2.20371
390.356633,1.98091
390.39,1.83855
390.423367,1.716
390.456733,1.61367
390.4901,1.51273
390.523467,1.41611
390.556833,1.31358
390.5902,1.22809
390.623567,1.14132
390.656933,1.04024
390.6903,0.957455
390.723667,0.884123
390.757033,0.780898
390.7904,0.70312
390.823767,0.631927
390.857133,0.55507
390.8905,0.503293
390.923867,0.820075
390.957233,1.44524
390.9906,2.27703
391.023967,3.47415
391.057333,4.77224
391.0907,6.25406
391.124067,7.80395
391.157433,9.05048
391.1908,9.73103
391.224167,9.60544
391.257533,9.04366
391.2909,8.10008
391.324267,3.78253
391.357633,3.2336
391.391,2.82421
391.424367,2.50085
391.457733,2.19275
391.4911,1.93274
391.524467,1.7093
391.557833,1.50654
391.5912,1.32508
391.624567,1.1709
391.657933,1.03517
391.6913,0.903072
391.724667,0.787952
391.758033,0.664502
391.7914,0.605343
391.824767,0.437245
391.858133,0.458722
391.8915,0.33304
391.924867,0.278565
391.958233,0.200832
391.9916,0.135465
392.024967,0.107692
392.058333,0.0381775
392.0917,0.0002225
392.125067,0.0001
392.158433,0.0001
392.1918,0.021855
392.225167,0.0013675
392.258533,0.0005875
392.2919,0.0001975
392.325267,0.0001
392.358633,8
392.392,0.0015
392.425367,0.00025
392.458733,5
392.4921,5
392.525467,5
392.558833,5
392.5922,5
392.625567,5
392.658933,5
392.6923,5
392.725667,5
392.759033,5
392.7924,5
392.825767,0.00067
392.859133,0.0031975
392.8925,0.0042375
392.925867,0.010685
392.959233,0.0185225
392.9926,0.0263225
393.025967,0.0352825
393.059333,0.043655
393.0927,0.0505825
393.126067,0.0556125
393.159433,0.058665
393.1928,0.06208
393.226167,0.063895
393.259533,0.05998
393.2929,0.05752
393.326267,0.0544625
393.359633,0.0528675
393.393,0.04926
393.426367,0.0469725
393.459733,0.0431675
393.4931,0.04
393.526467,0.036715
393.559833,0.031945
393.5932,0.0281175
393.626567,0.0249075
393.659933,0.0223125
393.6933,0.0159375
393.726667,0.0120125
393.760033,0.0082675
393.7934,0.00712
393.826767,0.0074325
393.860133,0.00449
393.8935,0.000595
393.926867,0.00021
393.960233,8.5
393.9936,7.75
394.026967,6.5
394.060333,6.5
394.0937,6.5
394.127067,6.5
394.160433,6.5
394.1938,0.023905
394.227167,0.003615
394.260533,0.0011375
394.2939,0.001265
394.327267,0.0001075
394.360633,0.0001
394.394,0.0047975
394.427367,0.00013
394.460733,5
394.4941,0
394.527467,0
394.560833,0
394.5942,0
394.627567,0
394.660933,0
394.6943,0
394.727667,0
394.761033,0
394.7944,0
394.827767,0
394.861133,0
394.8945,0
394.927867,0
394.961233,0
