t,scene_score
0,0.000000
0.0333333,0.001042
0.0666667,0.000145
0.1,0.000092
0.133333,0.000008
0.166667,0.000000
0.2,0.003164
0.233333,0.000043
0.266667,0.000007
0.3,0.000001
0.333333,0.000000
0.366667,0.000000
0.4,0.003140
0.433333,0.000041
0.466667,0.000006
0.5,0.000000
0.533333,0.000000
0.566667,0.000000
0.6,0.000000
0.633333,0.000000
0.666667,0.000000
0.7,0.000000
0.733333,0.000000
0.766667,0.000083
0.8,0.010607
0.833333,0.036279
0.866667,0.035821
0.9,0.006776
0.933333,0.000168
0.966667,0.000020
1,0.000001
1.033333,0.000000
1.066667,0.000000
1.1,0.000000
1.133333,0.000000
1.166667,0.000000
1.2,0.000000
1.233333,0.000000
1.266667,0.000000
1.3,0.000000
1.333333,0.000000
1.366667,0.000000
1.4,0.000000
1.433333,0.000000
1.466667,0.000000
1.5,0.000000
1.533333,0.000000
1.566667,0.000000
1.6,0.000000
1.633333,0.000000
1.666667,0.000000
1.7,0.000000
1.733333,0.000000
1.766667,0.000000
1.8,0.000000
1.833333,0.000000
1.866667,0.000000
1.9,0.000000
1.933333,0.000000
1.966667,0.000000
2,0.073096
2.033333,0.001793
2.066667,0.002286
2.1,0.002411
2.133333,0.002262
2.166667,0.002725
2.2,0.000150
2.233333,0.000014
2.266667,0.060843
2.3,0.000031
2.333333,0.000005
2.366667,0.000001
2.4,0.000000
2.433333,0.000000
2.466667,0.000000
2.5,0.000000
2.533333,0.000000
2.566667,0.000000
2.6,0.000000
2.633333,0.000000
2.666667,0.000000
2.7,0.000000
2.733333,0.000000
2.766667,0.000000
2.8,0.000000
2.833333,0.000000
2.866667,0.000000
2.9,0.000000
2.933333,0.000000
2.966667,0.000000
3,0.000000
3.033333,0.000000
3.066667,0.000000
3.1,0.000000
3.133333,0.000000
3.166667,0.000000
3.2,0.000000
3.233333,0.000000
3.266667,0.000000
3.3,0.000000
3.333333,0.000000
3.366667,0.000000
3.4,0.000000
3.433333,0.000000
3.466667,0.000000
3.5,1.000000
3.533333,0.000669
3.566667,0.000086
3.6,0.000066
3.633333,0.000047
3.666667,0.000071
3.7,0.000034
3.733333,0.000112
3.766667,0.000066
3.8,0.009531
3.833333,0.004805
3.866667,0.001148
3.9,0.000647
3.933333,0.000333
3.966667,0.000381
4,0.001180
4.033333,0.001527
4.066667,0.000053
4.1,0.000214
4.133333,0.000362
4.166667,0.011337
4.2,0.002139
4.233333,0.000384
4.266667,0.000222
4.3,0.000265
4.333333,0.000150
4.366667,0.000785
4.4,0.000154
4.433333,0.000306
4.466667,0.000031
4.5,0.000860
4.533333,0.000455
4.566667,0.000242
4.6,0.000316
4.633333,0.000026
4.666667,0.000240
4.7,0.000017
4.733333,0.000180
4.766667,0.000171
4.8,0.000271
4.833333,0.000000
4.866667,0.000151
4.9,0.000170
4.933333,0.000076
4.966667,0.000155
5,0.001174
5.033333,0.000349
5.066667,0.000092
5.1,0.000210
5.133333,0.000073
5.166667,0.000495
5.2,0.000193
5.233333,0.000609
5.266667,0.000769
5.3,0.000784
5.333333,0.794383
5.366667,0.045432
5.4,0.000163
5.433333,0.000025
5.466667,0.222336
5.5,0.000230
5.533333,0.090546
5.566667,0.028717
5.6,0.047164
5.633333,0.006174
5.666667,0.000105
5.7,0.055290
5.733333,0.045021
5.766667,0.041537
5.8,0.077115
5.833333,0.000204
5.866667,0.137307
5.9,0.000139
5.933333,0.082800
5.966667,0.000834
6,0.000065
6.033333,0.158631
6.066667,0.000276
6.1,0.000049
6.133333,0.066945
6.166667,0.062608
6.2,0.031753
6.233333,0.001673
6.266667,0.139529
6.3,0.001906
6.333333,0.000558
6.366667,0.027196
6.4,0.001648
6.433333,0.195735
6.466667,0.001699
6.5,0.062216
6.533333,0.038209
6.566667,0.001791
6.6,0.025144
6.633333,0.048535
6.666667,0.030872
6.7,0.065623
6.733333,0.001488
6.766667,0.095070
6.8,0.044346
6.833333,0.001666
6.866667,0.129487
6.9,0.023946
6.933333,0.026230
6.966667,0.060059
7,0.001530
7.033333,0.036518
7.066667,0.001538
7.1,0.019256
7.133333,0.192474
7.166667,0.029412
7.2,0.061142
7.233333,0.017555
7.266667,0.027568
7.3,0.073225
7.333333,0.000128
7.366667,0.066760
7.4,0.022456
7.433333,0.022477
7.466667,0.085180
7.5,0.000185
7.533333,0.033291
7.566667,0.000056
7.6,0.150060
7.633333,0.000290
7.666667,0.002571
7.7,0.000052
7.733333,0.000024
7.766667,0.193440
7.8,0.087975
7.833333,0.000130
7.866667,0.123859
7.9,0.000231
7.933333,0.000069
7.966667,0.027814
8,0.001823
8.033333,0.097108
8.066667,0.021300
8.1,0.114779
8.133333,0.000532
8.166667,0.114723
8.2,0.039514
8.233333,0.019347
8.266667,0.061949
8.3,0.010283
8.333333,0.697651
8.366667,0.000007
8.4,0.000049
8.433333,0.000014
8.466667,0.000006
8.5,0.000001
8.533333,0.000000
8.566667,0.000000
8.6,0.000000
8.633333,0.000000
8.666667,0.000000
8.7,0.000000
8.733333,0.000000
8.766667,0.000000
8.8,0.000000
8.833333,0.000000
8.866667,0.000000
8.9,0.000000
8.933333,0.000000
8.966667,0.000000
9,0.000000
9.033333,0.000000
9.066667,0.000000
9.1,0.000000
9.133333,0.000000
9.166667,0.000000
9.2,0.000000
9.233333,0.000000
9.266667,0.000000
9.3,0.000000
9.333333,0.000000
9.366667,0.000000
9.4,0.000000
9.433333,0.000000
9.466667,0.000000
9.5,0.000000
9.533333,0.000000
9.566667,0.000000
9.6,0.000000
9.633333,0.000000
9.666667,0.000000
9.7,0.000000
9.733333,0.000000
9.766667,0.000000
9.8,0.648665
9.833333,0.000013
9.866667,0.000299
9.9,0.000275
9.933333,0.000054
9.966667,0.000096
10,0.000051
10.033333,0.000010
10.066667,0.000001
10.1,0.000000
10.133333,0.000000
10.166667,0.000000
10.2,0.000000
10.233333,0.000000
10.266667,0.000000
10.3,0.000000
10.333333,0.000000
10.366667,0.000000
10.4,0.000000
10.433333,0.000000
10.466667,0.000000
10.5,0.000000
10.533333,0.000000
10.566667,0.000000
10.6,0.000000
10.633333,0.000000
10.666667,0.000000
10.7,0.000000
10.733333,0.000000
10.766667,0.000000
10.8,0.000000
10.833333,0.000000
10.866667,0.000000
10.9,0.000000
10.933333,0.042228
10.966667,0.000082
11,0.000010
11.033333,0.000002
11.066667,0.000000
11.1,0.000000
11.133333,0.000000
11.166667,0.000000
11.2,0.000000
11.233333,0.000000
11.266667,0.000000
11.3,0.000000
11.333333,0.000000
11.366667,0.000000
11.4,0.000000
11.433333,0.000000
11.466667,0.000000
11.5,0.000000
11.533333,0.000000
11.566667,0.000000
11.6,0.000000
11.633333,0.000000
11.666667,0.000000
11.7,0.000000
11.733333,0.000000
11.766667,0.000000
11.8,0.000000
11.833333,0.000000
11.866667,0.064403
11.9,0.000066
11.933333,0.000010
11.966667,0.000001
12,0.000000
12.033333,0.000000
12.066667,0.000000
12.1,0.000000
12.133333,0.000000
12.166667,0.000000
12.2,0.000000
12.233333,0.039255
12.266667,0.000075
12.3,0.000017
12.333333,0.000002
12.366667,0.000001
12.4,0.000000
12.433333,0.000000
12.466667,0.000000
12.5,0.000000
12.533333,0.000000
12.566667,0.000000
12.6,0.000000
12.633333,0.000000
12.666667,0.000000
12.7,0.000000
12.733333,0.000000
12.766667,0.000000
12.8,0.000000
12.833333,0.000000
12.866667,0.000000
12.9,0.000000
12.933333,0.000000
12.966667,0.000000
13,0.000000
13.033333,0.000000
13.066667,0.000000
13.1,0.000000
13.133333,0.000000
13.166667,0.000000
13.2,0.000000
13.233333,0.000000
13.266667,0.000000
13.3,0.000000
13.333333,0.000000
13.366667,0.000000
13.4,0.000000
13.433333,0.000000
13.466667,0.000000
13.5,0.000000
13.533333,0.000000
13.566667,0.000000
13.6,0.000000
13.633333,0.000000
13.666667,0.000000
13.7,0.000000
13.733333,0.000000
13.766667,0.000000
13.8,0.000000
13.833333,0.000000
13.866667,0.000000
13.9,0.020591
13.933333,0.000070
13.966667,0.000012
14,0.000002
14.033333,0.000000
14.066667,0.000000
14.1,0.000000
14.133333,0.000000
14.166667,0.000000
14.2,0.000000
14.233333,0.000000
14.266667,0.000000
14.3,0.000000
14.333333,0.000000
14.366667,0.000000
14.4,0.000000
14.433333,0.000000
14.466667,0.000000
14.5,0.000000
14.533333,0.000000
14.566667,0.000000
14.6,0.000000
14.633333,0.000000
14.666667,0.000000
14.7,0.000000
14.733333,0.000000
14.766667,0.000000
14.8,0.000000
14.833333,0.000000
14.866667,0.000000
14.9,0.000000
14.933333,0.000000
14.966667,0.000000
15,0.000000
15.033333,0.000000
15.066667,0.000000
15.1,0.000000
15.133333,0.000000
15.166667,0.000000
15.2,0.000000
15.233333,0.266319
15.266667,0.000036
15.3,0.000002
15.333333,0.000015
15.366667,0.000008
15.4,0.000005
15.433333,0.000001
15.466667,0.000000
15.5,0.000000
15.533333,0.000000
15.566667,0.000000
15.6,0.000000
15.633333,0.000000
15.666667,0.000000
15.7,0.000000
15.733333,0.000000
15.766667,0.000000
15.8,0.000000
15.833333,0.000000
15.866667,0.000000
15.9,0.000000
15.933333,0.000000
15.966667,0.000000
16,0.000113
16.033333,0.000006
16.066667,0.000002
16.1,0.000001
16.133333,0.000000
16.166667,0.000000
16.2,0.000000
16.233333,0.000000
16.266667,0.000000
16.3,0.000000
16.333333,0.000000
16.366667,0.000000
16.4,0.000000
16.433333,0.000000
16.466667,0.000000
16.5,0.000000
16.533333,0.000000
16.566667,0.000000
16.6,0.000000
16.633333,0.000000
16.666667,0.000000
16.7,0.000000
16.733333,0.000000
16.766667,0.000000
16.8,0.000000
16.833333,0.000000
16.866667,0.000000
16.9,0.000000
16.933333,0.000000
16.966667,0.000000
17,0.000000
17.033333,0.105038
17.066667,0.000479
17.1,0.000039
17.133333,0.000015
17.166667,0.000025
17.2,0.000047
17.233333,0.000057
17.266667,0.000066
17.3,0.000081
17.333333,0.000108
17.366667,0.000227
17.4,0.000644
17.433333,0.000003
17.466667,0.000002
17.5,0.000000
17.533333,0.000000
17.566667,0.000000
17.6,0.000000
17.633333,0.000000
17.666667,0.000000
17.7,0.000000
17.733333,0.000000
17.766667,0.000000
17.8,0.000000
17.833333,0.000000
17.866667,0.000780
17.9,0.000172
17.933333,0.000010
17.966667,0.000193
18,0.044269
18.033333,0.000325
18.066667,0.000007
18.1,0.000055
18.133333,0.000012
18.166667,0.000225
18.2,0.000132
18.233333,0.000207
18.266667,0.000148
18.3,0.000618
18.333333,0.000026
18.366667,0.000328
18.4,0.000107
18.433333,0.000005
18.466667,0.000016
18.5,0.000751
18.533333,0.000069
18.566667,0.000448
18.6,0.000415
18.633333,0.000108
18.666667,0.000403
18.7,0.000379
18.733333,0.000330
18.766667,0.000589
18.8,0.000255
18.833333,0.000708
18.866667,0.000171
18.9,0.000186
18.933333,0.000070
18.966667,0.000005
19,0.000045
19.033333,0.000022
19.066667,0.000403
19.1,0.001160
19.133333,0.000289
19.166667,0.000506
19.2,0.000397
19.233333,0.000699
19.266667,0.000255
19.3,0.000069
19.333333,0.000903
19.366667,0.001950
19.4,0.001780
19.433333,0.000855
19.466667,0.001205
19.5,0.000829
19.533333,0.000005
19.566667,0.000000
19.6,0.000000
19.633333,0.000000
19.666667,0.036947
19.7,0.000013
19.733333,0.000006
19.766667,0.000001
19.8,0.000000
19.833333,0.000000
19.866667,0.000000
19.9,0.000000
19.933333,0.000000
19.966667,0.000000
20,0.000000
20.033333,0.000000
20.066667,0.000000
20.1,0.000000
20.133333,0.000000
20.166667,0.000000
20.2,0.000000
20.233333,0.000000
20.266667,0.000000
20.3,0.000000
20.333333,0.000000
20.366667,0.000000
20.4,0.000000
20.433333,0.000000
20.466667,0.000000
20.5,0.000000
20.533333,0.000000
20.566667,0.000000
20.6,0.000000
20.633333,0.000000
20.666667,0.000000
20.7,0.000000
20.733333,0.000000
20.766667,0.000000
20.8,0.000000
20.833333,0.000000
20.866667,0.000000
20.9,0.000000
20.933333,0.000000
20.966667,0.000000
21,0.000000
21.033333,0.000000
21.066667,0.000000
21.1,0.000000
21.133333,0.000000
21.166667,0.000000
21.2,0.000000
21.233333,0.000000
21.266667,0.000000
21.3,0.000000
21.333333,0.000000
21.366667,0.000000
21.4,0.000000
21.433333,0.000000
21.466667,0.000000
21.5,0.000000
21.533333,0.606379
21.566667,0.000020
21.6,0.000306
21.633333,0.000466
21.666667,0.000017
21.7,0.000281
21.733333,0.000131
21.766667,0.000028
21.8,0.000009
21.833333,0.000000
21.866667,0.000000
21.9,0.000000
21.933333,0.000000
21.966667,0.000000
22,0.000000
22.033333,0.000000
22.066667,0.000000
22.1,0.000000
22.133333,0.000000
22.166667,0.000000
22.2,0.000000
22.233333,0.000000
22.266667,0.000000
22.3,0.000000
22.333333,0.000000
22.366667,0.000000
22.4,0.000000
22.433333,0.000000
22.466667,0.000000
22.5,0.000000
22.533333,0.000000
22.566667,0.000000
22.6,0.000000
22.633333,0.003899
22.666667,0.000338
22.7,0.000036
22.733333,0.019853
22.766667,0.003469
22.8,0.000046
22.833333,0.000027
22.866667,0.000012
22.9,0.000006
22.933333,0.000011
22.966667,0.000006
23,0.000015
23.033333,0.000001
23.066667,0.000005
23.1,0.000010
23.133333,0.000000
23.166667,0.001122
23.2,0.044013
23.233333,0.024357
23.266667,0.026881
23.3,0.012931
23.333333,0.003104
23.366667,0.000075
23.4,0.007756
23.433333,0.038066
23.466667,0.005329
23.5,0.036747
23.533333,0.006495
23.566667,0.008767
23.6,0.040367
23.633333,0.000647
23.666667,0.001091
23.7,0.000048
23.733333,0.000242
23.766667,0.000649
23.8,0.000049
23.833333,0.000394
23.866667,0.034204
23.9,0.000215
23.933333,0.000024
23.966667,0.000066
24,0.002338
24.033333,0.000107
24.066667,0.000031
24.1,0.000009
24.133333,0.000002
24.166667,0.000000
24.2,0.000000
24.233333,0.000000
24.266667,0.000000
24.3,0.000000
24.333333,0.000000
24.366667,0.000000
24.4,0.000000
24.433333,0.000000
24.466667,0.000000
24.5,0.000000
24.533333,0.000000
24.566667,0.000000
24.6,0.000000
24.633333,0.000000
24.666667,0.000000
24.7,0.000000
24.733333,0.000000
24.766667,0.000000
24.8,0.000000
24.833333,0.000000
24.866667,0.000000
24.9,0.000000
24.933333,0.000000
24.966667,0.000000
25,0.000000
25.033333,0.000000
25.066667,0.000000
25.1,0.000000
25.133333,0.000000
25.166667,0.000000
25.2,0.000000
25.233333,0.000000
25.266667,0.000000
25.3,0.000000
25.333333,0.000000
25.366667,0.000000
25.4,0.000000
25.433333,0.000000
25.466667,0.000000
25.5,0.033978
25.533333,0.000040
25.566667,0.000015
25.6,0.000002
25.633333,0.000000
25.666667,0.000000
25.7,0.000000
25.733333,0.000000
25.766667,0.000000
25.8,0.000000
25.833333,0.000000
25.866667,0.000000
25.9,0.000000
25.933333,0.000000
25.966667,0.000000
26,0.000000
26.033333,0.000000
26.066667,0.000000
26.1,0.000000
26.133333,0.000000
26.166667,0.000000
26.2,0.000000
26.233333,0.000000
26.266667,0.000000
26.3,0.000000
26.333333,0.000000
26.366667,0.000000
26.4,0.000000
26.433333,0.000000
26.466667,0.000000
26.5,0.000000
26.533333,0.000000
26.566667,0.000000
26.6,0.000000
26.633333,0.000000
26.666667,0.000000
26.7,0.000000
26.733333,0.525050
26.766667,0.000810
26.8,0.000097
26.833333,0.000188
26.866667,0.000043
26.9,0.000014
26.933333,0.000005
26.966667,0.000001
27,0.000000
27.033333,0.000000
27.066667,0.000000
27.1,0.000000
27.133333,0.000000
27.166667,0.000000
27.2,0.000000
27.233333,0.000000
27.266667,0.000000
27.3,0.000000
27.333333,0.000000
27.366667,0.000000
27.4,0.000000
27.433333,0.000000
27.466667,0.000000
27.5,0.000000
27.533333,0.000000
27.566667,0.000000
27.6,0.000000
27.633333,0.000000
27.666667,0.000000
27.7,0.000000
27.733333,0.000557
27.766667,0.000046
27.8,0.000012
27.833333,0.000006
27.866667,0.000001
27.9,0.000000
27.933333,0.000000
27.966667,0.000000
28,0.000000
28.033333,0.000000
28.066667,0.000000
28.1,0.000000
28.133333,0.000000
28.166667,0.000000
28.2,0.000000
28.233333,0.000000
28.266667,0.000000
28.3,0.000000
28.333333,0.000000
28.366667,0.000000
28.4,0.000000
28.433333,0.000000
28.466667,0.000000
28.5,0.000000
28.533333,0.000000
28.566667,0.000000
28.6,0.000000
28.633333,0.000000
28.666667,0.000000
28.7,0.000000
28.733333,0.000008
28.766667,0.000001
28.8,0.000006
28.833333,0.000001
28.866667,0.000000
28.9,0.000000
28.933333,0.000000
28.966667,0.000000
29,0.000000
29.033333,0.000000
29.066667,0.000000
29.1,0.000000
29.133333,0.000000
29.166667,0.000000
29.2,0.000000
29.233333,0.000000
29.266667,0.000000
29.3,0.000000
29.333333,0.000000
29.366667,0.000000
29.4,0.000000
29.433333,0.000000
29.466667,0.000000
29.5,0.000000
29.533333,0.000000
29.566667,0.000000
29.6,0.000000
29.633333,0.091624
29.666667,0.000051
29.7,0.000021
29.733333,0.000302
29.766667,0.001195
29.8,0.003999
29.833333,0.010247
29.866667,0.011474
29.9,0.010748
29.933333,0.005739
29.966667,0.001250
30,0.000373
30.033333,0.002054
30.066667,0.003645
30.1,0.004845
30.133333,0.005327
30.166667,0.013421
30.2,0.008164
30.233333,0.004517
30.266667,0.004151
30.3,0.003412
30.333333,0.002258
30.366667,0.000575
30.4,0.000072
30.433333,0.000764
30.466667,0.003700
30.5,0.001425
30.533333,0.000193
30.566667,0.001378
30.6,0.000356
30.633333,0.001172
30.666667,0.001905
30.7,0.001709
30.733333,0.000164
30.766667,0.001687
30.8,0.002618
30.833333,0.004585
30.866667,0.002577
30.9,0.022436
30.933333,0.013471
30.966667,0.010177
31,0.011113
31.033333,0.007440
31.066667,0.042185
31.1,0.170157
31.133333,0.034276
31.166667,0.012795
31.2,0.003244
31.233333,0.005654
31.266667,0.002022
31.3,0.011458
31.333333,0.000055
31.366667,0.000474
31.4,0.001048
31.433333,0.002360
31.466667,0.000571
31.5,0.000419
31.533333,0.001567
31.566667,0.001799
31.6,0.001072
31.633333,0.001261
31.666667,0.006821
31.7,0.004326
31.733333,0.002221
31.766667,0.003104
31.8,0.002233
31.833333,0.001950
31.866667,0.000989
31.9,0.005189
31.933333,0.009438
31.966667,0.001809
32,0.001390
32.033333,0.000531
32.066667,0.022210
32.1,0.000962
32.133333,0.004190
32.166667,0.012961
32.2,0.007555
32.233333,0.021636
32.266667,0.015601
32.3,0.002078
32.333333,0.001892
32.366667,0.001157
32.4,0.001315
32.433333,0.001288
32.466667,0.001135
32.5,0.006860
32.533333,0.004196
32.566667,0.001005
32.6,0.000394
32.633333,0.002501
32.666667,0.003046
32.7,0.003098
32.733333,0.002242
32.766667,0.000256
32.8,0.000153
32.833333,0.000698
32.866667,0.000002
32.9,0.000702
32.933333,0.000689
32.966667,0.000525
33,0.001689
33.033333,0.002605
33.066667,0.001154
33.1,0.000960
33.133333,0.000896
33.166667,0.001889
33.2,0.001607
33.233333,0.000482
33.266667,0.000798
33.3,0.002223
33.333333,0.004146
33.366667,0.004164
33.4,0.001951
33.433333,0.055499
33.466667,0.019677
33.5,0.004282
33.533333,0.002870
33.566667,0.000620
33.6,0.040593
33.633333,0.019349
33.666667,0.011853
33.7,0.008052
33.733333,0.005798
33.766667,0.006483
33.8,0.003339
33.833333,0.001501
33.866667,0.001794
33.9,0.001244
33.933333,0.001133
33.966667,0.001090
34,0.001002
34.033333,0.011422
34.066667,0.003684
34.1,0.003267
34.133333,0.003029
34.166667,0.003687
34.2,0.000046
34.233333,0.001651
34.266667,0.000839
34.3,0.000566
34.333333,0.000232
34.366667,0.001024
34.4,0.000218
34.433333,0.000088
34.466667,0.000839
34.5,0.000412
34.533333,0.000962
34.566667,0.000806
34.6,0.000485
34.633333,0.000143
34.666667,0.000297
34.7,0.001837
34.733333,0.001061
34.766667,0.000572
34.8,0.000892
34.833333,0.000881
34.866667,0.000207
34.9,0.000519
34.933333,0.000810
34.966667,0.000026
35,0.000491
35.033333,0.056010
35.066667,0.000239
35.1,0.000021
35.133333,0.000011
35.166667,0.000590
35.2,0.005398
35.233333,0.006293
35.266667,0.000274
35.3,0.000114
35.333333,0.004196
35.366667,0.001768
35.4,0.005198
35.433333,0.002645
35.466667,0.001621
35.5,0.001608
35.533333,0.006251
35.566667,0.011090
35.6,0.002764
35.633333,0.006272
35.666667,0.004354
35.7,0.002159
35.733333,0.002235
35.766667,0.001363
35.8,0.001357
35.833333,0.000449
35.866667,0.095651
35.9,0.020856
35.933333,0.011196
35.966667,0.006474
36,0.000467
36.033333,0.001981
36.066667,0.003466
36.1,0.006769
36.133333,0.005282
36.166667,0.009236
36.2,0.000391
36.233333,0.004382
36.266667,0.002726
36.3,0.001921
36.333333,0.001164
36.366667,0.000705
36.4,0.000395
36.433333,0.000144
36.466667,0.000051
36.5,0.000016
36.533333,0.000008
36.566667,0.000000
36.6,0.000001
36.633333,0.000000
36.666667,0.000001
36.7,0.000001
36.733333,0.000110
36.766667,0.000021
36.8,0.000009
36.833333,0.000002
36.866667,0.000001
36.9,0.000000
36.933333,0.000000
36.966667,0.000000
37,0.000000
37.033333,0.000000
37.066667,0.000000
37.1,0.000000
37.133333,0.000000
37.166667,0.000000
37.2,0.000000
37.233333,0.000000
37.266667,0.000000
37.3,0.000000
37.333333,0.000000
37.366667,0.000000
37.4,0.000000
37.433333,0.000000
37.466667,0.000000
37.5,0.000000
37.533333,0.000000
37.566667,0.000000
37.6,0.000000
37.633333,0.000000
37.666667,0.000000
37.7,0.000000
37.733333,0.000002
37.766667,0.000001
37.8,0.000001
37.833333,0.000000
37.866667,0.000000
37.9,0.000000
37.933333,0.000000
37.966667,0.000000
38,0.000000
38.033333,0.000000
38.066667,0.000000
38.1,0.000000
38.133333,0.000001
38.166667,0.000000
38.2,0.000000
38.233333,0.000000
38.266667,0.000000
38.3,0.000000
38.333333,0.214038
38.366667,0.000618
38.4,0.000003
38.433333,0.000118
38.466667,0.000001
38.5,0.000000
38.533333,0.000000
38.566667,0.000000
38.6,0.000000
38.633333,0.000000
38.666667,0.000000
38.7,0.000000
38.733333,0.000000
38.766667,0.000000
38.8,0.000016
38.833333,0.000014
38.866667,0.000001
38.9,0.000001
38.933333,0.000000
38.966667,0.000000
39,0.000000
39.033333,0.000000
39.066667,0.000000
39.1,0.000237
39.133333,0.000004
39.166667,0.000000
39.2,0.000000
39.233333,0.000000
39.266667,0.000000
39.3,0.000000
39.333333,0.000000
39.366667,0.000292
39.4,0.000002
39.433333,0.000002
39.466667,0.000085
39.5,0.000085
39.533333,0.000000
39.566667,0.000088
39.6,0.000004
39.633333,0.000077
39.666667,0.000082
39.7,0.000000
39.733333,0.000004
39.766667,0.000003
39.8,0.000004
39.833333,0.000085
39.866667,0.000003
39.9,0.000075
39.933333,0.000161
39.966667,0.000074
40,0.000110
40.033333,0.000026
40.066667,0.044574
40.1,0.000665
40.133333,0.000001
40.166667,0.000084
40.2,0.000090
40.233333,0.000173
40.266667,0.000174
40.3,0.000429
40.333333,0.002840
40.366667,0.000005
40.4,0.000002
40.433333,0.000000
40.466667,0.000000
40.5,0.000000
40.533333,0.000000
40.566667,0.000000
40.6,0.000000
40.633333,0.000000
40.666667,0.000000
40.7,0.000000
40.733333,0.000000
40.766667,0.000000
40.8,0.000000
40.833333,0.000505
40.866667,0.000653
40.9,0.000507
40.933333,0.000034
40.966667,0.000280
41,0.000335
41.033333,0.000156
41.066667,0.000070
41.1,0.000102
41.133333,0.000084
41.166667,0.000074
41.2,0.000000
41.233333,0.000003
41.266667,0.000000
41.3,0.000000
41.333333,0.000000
41.366667,0.000000
41.4,0.000000
41.433333,0.000000
41.466667,0.000000
41.5,0.000000
41.533333,0.000000
41.566667,0.000000
41.6,0.000000
41.633333,0.000000
41.666667,0.000000
41.7,0.000000
41.733333,0.000000
41.766667,0.000000
41.8,0.000000
41.833333,0.000000
41.866667,0.000000
41.9,0.000000
41.933333,0.000000
41.966667,0.000000
42,0.055309
42.033333,0.000006
42.066667,0.000002
42.1,0.000001
42.133333,0.000000
42.166667,0.000000
42.2,0.000000
42.233333,0.000000
42.266667,0.000000
42.3,0.000000
42.333333,0.000000
42.366667,0.000000
42.4,0.000000
42.433333,0.000000
42.466667,0.000000
42.5,0.000000
42.533333,0.000000
42.566667,0.000000
42.6,0.000000
42.633333,0.000000
42.666667,0.000000
42.7,0.000000
42.733333,0.000000
42.766667,0.000000
42.8,0.000000
42.833333,0.000000
42.866667,0.000000
42.9,0.000000
42.933333,0.000000
42.966667,0.000000
43,0.000000
43.033333,0.000000
43.066667,1.000000
43.1,0.000021
43.133333,0.000006
43.166667,0.000003
43.2,0.000000
43.233333,0.000000
43.266667,0.000000
43.3,0.000000
43.333333,0.000000
43.366667,0.000000
43.4,0.000000
43.433333,0.000000
43.466667,0.000000
43.5,0.000874
43.533333,0.000369
43.566667,0.000453
43.6,0.000006
43.633333,0.000492
43.666667,0.000178
43.7,0.000397
43.733333,0.000193
43.766667,0.000198
43.8,0.000030
43.833333,0.000266
43.866667,0.000407
43.9,0.000057
43.933333,0.000111
43.966667,0.000120
44,0.000397
44.033333,0.000169
44.066667,0.000081
44.1,0.000187
44.133333,0.000196
44.166667,0.000002
44.2,0.000044
44.233333,0.000061
44.266667,0.000093
44.3,0.000293
44.333333,0.000415
44.366667,0.000014
44.4,0.000222
44.433333,0.000100
44.466667,0.000371
44.5,0.000103
44.533333,0.000116
44.566667,0.000021
44.6,0.000484
44.633333,0.000221
44.666667,0.000178
44.7,0.000304
44.733333,0.000049
44.766667,0.000066
44.8,0.000171
44.833333,0.000066
44.866667,0.000237
44.9,0.000377
44.933333,0.000039
44.966667,0.026171
45,0.000620
45.033333,0.000136
45.066667,0.000037
45.1,0.000184
45.133333,0.000149
45.166667,0.000168
45.2,0.000151
45.233333,0.000208
45.266667,0.000036
45.3,0.000158
45.333333,0.000088
45.366667,0.000534
45.4,0.000061
45.433333,0.000136
45.466667,0.000175
45.5,0.000420
45.533333,0.000108
45.566667,0.000054
45.6,0.000115
45.633333,0.000066
45.666667,0.000167
45.7,0.000274
45.733333,0.000017
45.766667,0.000001
45.8,0.000000
45.833333,0.000000
45.866667,0.000000
45.9,0.000000
45.933333,0.000000
45.966667,0.000000
46,0.000000
46.033333,0.014650
46.066667,0.000018
46.1,0.000002
46.133333,0.000001
46.166667,0.000000
46.2,0.000000
46.233333,0.000000
46.266667,0.000000
46.3,0.000000
46.333333,0.000000
46.366667,0.000000
46.4,0.000000
46.433333,0.000000
46.466667,0.000000
46.5,0.000000
46.533333,0.000000
46.566667,0.000000
46.6,0.000000
46.633333,0.000000
46.666667,0.000000
46.7,0.000000
46.733333,0.000000
46.766667,0.000000
46.8,0.000000
46.833333,0.000000
46.866667,0.000000
46.9,0.000000
46.933333,0.000000
46.966667,0.000000
47,0.000000
47.033333,0.000000
47.066667,0.000000
47.1,0.000000
47.133333,0.030754
47.166667,0.000024
47.2,0.000007
47.233333,0.000001
47.266667,0.000000
47.3,0.000000
47.333333,0.000000
47.366667,0.000000
47.4,0.000000
47.433333,0.000000
47.466667,0.000000
47.5,0.000000
47.533333,0.000000
47.566667,0.000000
47.6,0.000000
47.633333,0.000000
47.666667,0.000000
47.7,0.000000
47.733333,0.000000
47.766667,0.000000
47.8,0.000000
47.833333,0.000000
47.866667,0.000000
47.9,0.000000
47.933333,0.000000
47.966667,0.000000
48,0.000420
48.033333,0.000022
48.066667,0.000006
48.1,0.000002
48.133333,0.000000
48.166667,0.000000
48.2,0.000000
48.233333,0.000000
48.266667,0.000000
48.3,0.000000
48.333333,0.000000
48.366667,0.000000
48.4,0.000000
48.433333,0.000000
48.466667,0.000000
48.5,0.000000
48.533333,0.000000
48.566667,0.000000
48.6,0.000000
48.633333,0.000000
48.666667,0.000000
48.7,0.000000
48.733333,0.000000
48.766667,0.000000
48.8,0.000000
48.833333,0.000000
48.866667,0.000000
48.9,0.000000
48.933333,0.000000
48.966667,0.000000
49,0.000000
49.033333,0.000000
49.066667,0.000000
49.1,0.000000
49.133333,0.000000
49.166667,0.033859
49.2,0.000012
49.233333,0.000006
49.266667,0.000001
49.3,0.000000
49.333333,0.000000
49.366667,0.000000
49.4,0.000000
49.433333,0.000000
49.466667,0.000000
49.5,0.000000
49.533333,0.000000
49.566667,0.000000
49.6,0.000000
49.633333,0.000000
49.666667,0.000000
49.7,0.000000
49.733333,0.000000
49.766667,0.000000
49.8,0.000000
49.833333,0.000000
49.866667,0.000000
49.9,0.000000
49.933333,0.000000
49.966667,0.000000
50,0.000000
50.033333,0.000000
50.066667,0.000000
50.1,0.000000
50.133333,0.000000
50.166667,0.000000
50.2,0.000000
50.233333,0.000000
50.266667,0.000000
50.3,0.000000
50.333333,0.000000
50.366667,0.000000
50.4,0.000000
50.433333,0.000000
50.466667,0.000000
50.5,0.000000
50.533333,0.000000
50.566667,0.000000
50.6,0.000000
50.633333,0.000000
50.666667,0.000000
50.7,0.000000
50.733333,0.000000
50.766667,0.000000
50.8,0.000000
50.833333,0.000000
50.866667,0.000000
50.9,0.000000
50.933333,0.000000
50.966667,0.000000
51,0.000000
51.033333,0.027309
51.066667,0.000010
51.1,0.000005
51.133333,0.000001
51.166667,0.000000
51.2,0.000000
51.233333,0.000000
51.266667,0.000000
51.3,0.000000
51.333333,0.000000
51.366667,0.000000
51.4,0.000000
51.433333,0.000000
51.466667,0.000000
51.5,0.000000
51.533333,0.000000
51.566667,0.000000
51.6,0.000000
51.633333,0.000000
51.666667,0.000000
51.7,0.000000
51.733333,0.000000
51.766667,0.000000
51.8,0.000000
51.833333,0.000000
51.866667,0.000000
51.9,0.000000
51.933333,0.000000
51.966667,0.000000
52,0.000000
52.033333,0.000000
52.066667,0.000000
52.1,0.000000
52.133333,0.000000
52.166667,0.000000
52.2,0.000000
52.233333,0.000000
52.266667,0.000000
52.3,0.000000
52.333333,0.000000
52.366667,0.000000
52.4,0.000000
52.433333,0.000000
52.466667,0.000000
52.5,0.035050
52.533333,0.000016
52.566667,0.000006
52.6,0.000002
52.633333,0.000000
52.666667,0.000000
52.7,0.000000
52.733333,0.000000
52.766667,0.000000
52.8,0.000000
52.833333,0.000000
52.866667,0.000000
52.9,0.000000
52.933333,0.000000
52.966667,0.000000
53,0.000000
53.033333,0.000000
53.066667,0.000000
53.1,0.000000
53.133333,0.000000
53.166667,0.000000
53.2,0.000000
53.233333,0.000000
53.266667,0.000000
53.3,0.000000
53.333333,0.000000
53.366667,0.000000
53.4,0.000000
53.433333,0.000000
53.466667,0.000000
53.5,0.000000
53.533333,0.000000
53.566667,0.000000
53.6,0.000000
53.633333,0.000000
53.666667,0.000000
53.7,0.000000
53.733333,0.000000
53.766667,0.000000
53.8,0.000000
53.833333,0.000000
53.866667,0.000000
53.9,0.000000
53.933333,0.000000
53.966667,0.000000
54,0.000000
54.033333,0.000000
54.066667,0.000000
54.1,0.000000
54.133333,0.000000
54.166667,0.000000
54.2,0.000000
54.233333,0.000000
54.266667,0.000000
54.3,0.000000
54.333333,0.000000
54.366667,0.000000
54.4,0.000000
54.433333,0.000000
54.466667,0.000000
54.5,0.000000
54.533333,0.000000
54.566667,0.000000
54.6,0.000000
54.633333,0.000000
54.666667,0.000000
54.7,0.000000
54.733333,0.000000
54.766667,0.000000
54.8,0.000000
54.833333,0.000000
54.866667,0.000000
54.9,0.000000
54.933333,0.000000
54.966667,0.000000
55,0.000000
55.033333,0.000000
55.066667,0.000000
55.1,0.000000
55.133333,0.000000
55.166667,0.000000
55.2,0.000000
55.233333,0.000000
55.266667,0.000000
55.3,0.000000
55.333333,0.000000
55.366667,0.000000
55.4,0.000000
55.433333,0.000000
55.466667,0.000000
55.5,0.037999
55.533333,1.000000
55.566667,0.000028
55.6,0.000008
55.633333,0.000004
55.666667,0.000001
55.7,0.000000
55.733333,0.000000
55.766667,0.000000
55.8,0.000000
55.833333,0.000000
55.866667,0.000000
55.9,0.000000
55.933333,0.000000
55.966667,0.000000
56,0.000118
56.033333,0.000007
56.066667,0.000002
56.1,0.000001
56.133333,0.000000
56.166667,0.000000
56.2,0.000000
56.233333,0.000000
56.266667,0.000000
56.3,0.000000
56.333333,0.000000
56.366667,0.000000
56.4,0.000000
56.433333,0.000000
56.466667,0.000000
56.5,0.000000
56.533333,0.000000
56.566667,0.000000
56.6,0.000000
56.633333,0.000000
56.666667,0.000000
56.7,0.000000
56.733333,0.000000
56.766667,0.000000
56.8,0.000000
56.833333,0.000000
56.866667,0.000000
56.9,0.000000
56.933333,0.000000
56.966667,0.000000
57,0.000000
57.033333,0.000000
57.066667,0.000000
57.1,0.000000
57.133333,0.000000
57.166667,0.000000
57.2,0.000000
57.233333,0.000000
57.266667,0.000000
57.3,0.000000
57.333333,0.000000
57.366667,0.000000
57.4,0.000000
57.433333,0.000000
57.466667,0.000000
57.5,0.000000
57.533333,0.000000
57.566667,0.000000
57.6,0.000000
57.633333,0.000000
57.666667,0.000000
57.7,0.058693
57.733333,0.000007
57.766667,0.000003
57.8,0.000001
57.833333,0.000000
57.866667,0.000000
57.9,0.000000
57.933333,0.000000
57.966667,0.000000
58,0.000000
58.033333,0.000000
58.066667,0.000000
58.1,0.000000
58.133333,0.000000
58.166667,0.000000
58.2,0.000000
58.233333,0.000000
58.266667,0.000000
58.3,0.000000
58.333333,0.000000
58.366667,0.000000
58.4,0.000000
58.433333,0.000000
58.466667,0.000000
58.5,0.000000
58.533333,0.000000
58.566667,0.000000
58.6,0.000000
58.633333,0.000000
58.666667,0.000000
58.7,0.000000
58.733333,0.000000
58.766667,0.000000
58.8,0.000000
58.833333,0.000000
58.866667,0.000000
58.9,0.000000
58.933333,0.000000
58.966667,0.000000
59,0.000000
59.033333,0.000000
59.066667,0.000000
59.1,0.000000
59.133333,0.000000
59.166667,0.000000
59.2,0.000000
59.233333,0.000000
59.266667,0.000000
59.3,0.000000
59.333333,0.019332
59.366667,0.000008
59.4,0.000003
59.433333,0.000001
59.466667,0.000000
59.5,0.000000
59.533333,0.000000
59.566667,0.000000
59.6,0.000000
59.633333,0.000000
59.666667,0.000000
59.7,0.000000
59.733333,0.000000
59.766667,0.000000
59.8,0.000000
59.833333,0.000000
59.866667,0.000000
59.9,0.000000
59.933333,0.000000
59.966667,0.000000
60,0.000000
60.033333,0.000000
60.066667,0.000000
60.1,0.000000
60.133333,0.000000
60.166667,0.000000
60.2,0.000000
60.233333,0.000000
60.266667,0.000000
60.3,0.000682
60.333333,0.000047
60.366667,0.000014
60.4,0.000020
60.433333,0.000008
60.466667,0.000021
60.5,0.000071
60.533333,0.000008
60.566667,0.000016
60.6,0.000021
60.633333,0.000014
60.666667,0.000001
60.7,0.000002
60.733333,0.000004
60.766667,0.025023
60.8,0.000877
60.833333,0.000014
60.866667,0.000006
60.9,0.000018
60.933333,0.000018
60.966667,0.000018
61,0.000019
61.033333,0.000016
61.066667,0.000040
61.1,0.000048
61.133333,0.000024
61.166667,0.000012
61.2,0.000009
61.233333,0.000033
61.266667,0.000020
61.3,0.000013
61.333333,0.000005
61.366667,0.000001
61.4,0.000000
61.433333,0.000000
61.466667,0.000000
61.5,0.000000
61.533333,0.000000
61.566667,0.000000
61.6,0.000000
61.633333,0.000000
61.666667,0.000000
61.7,0.000000
61.733333,0.000000
61.766667,0.000000
61.8,0.000000
61.833333,0.000000
61.866667,0.000000
61.9,0.000000
61.933333,0.000000
61.966667,0.000000
62,0.000000
62.033333,0.000000
62.066667,0.000000
62.1,0.000000
62.133333,0.000000
62.166667,0.000000
62.2,0.000000
62.233333,0.000000
62.266667,0.000000
62.3,0.000000
62.333333,0.000000
62.366667,0.136469
62.4,0.000016
62.433333,0.000006
62.466667,0.000002
62.5,0.000000
62.533333,0.000000
62.566667,0.000000
62.6,0.000000
62.633333,0.000000
62.666667,0.000000
62.7,0.000000
62.733333,0.000000
62.766667,0.000000
62.8,0.000000
62.833333,0.000000
62.866667,0.000000
62.9,0.000000
62.933333,0.000000
62.966667,0.000000
63,0.000000
63.033333,0.000000
63.066667,0.000000
63.1,0.000000
63.133333,0.000000
63.166667,0.000000
63.2,0.000000
63.233333,0.000000
63.266667,0.000000
63.3,0.000000
63.333333,0.000000
63.366667,0.000000
63.4,0.000000
63.433333,0.000000
63.466667,0.000000
63.5,0.000000
63.533333,0.000000
63.566667,0.000000
63.6,0.000000
63.633333,0.000000
63.666667,0.000000
63.7,0.000000
63.733333,0.000000
63.766667,0.000000
63.8,0.000000
63.833333,0.000000
63.866667,0.000000
63.9,0.000000
63.933333,0.000000
63.966667,0.000000
64,0.000108
64.033333,0.000007
64.066667,0.000002
64.1,0.000000
64.133333,0.000000
64.166667,0.000000
64.2,0.000000
64.233333,0.000000
64.266667,0.000000
64.3,0.000000
64.333333,0.000000
64.366667,0.038786
64.4,0.000225
64.433333,0.000004
64.466667,0.000002
64.5,0.000059
64.533333,0.000054
64.566667,0.000002
64.6,0.000057
64.633333,0.000002
64.666667,0.000055
64.7,0.000058
64.733333,0.000001
64.766667,0.000004
64.8,0.000000
64.833333,0.000002
64.866667,0.000057
64.9,0.000001
64.933333,0.000051
64.966667,0.000108
65,0.000043
65.033333,0.000004
65.066667,0.000061
65.1,0.000060
65.133333,0.000003
65.166667,0.000013
65.2,0.000060
65.233333,0.000065
65.266667,0.000127
65.3,0.000133
65.333333,0.000320
65.366667,0.002119
65.4,0.000005
65.433333,0.000002
65.466667,0.000000
65.5,0.000000
65.533333,0.000000
65.566667,0.000000
65.6,0.000000
65.633333,0.000000
65.666667,0.000000
65.7,0.000000
65.733333,0.000000
65.766667,0.000000
65.8,0.000000
65.833333,0.000000
65.866667,0.000000
65.9,0.000000
65.933333,0.002500
65.966667,0.001233
66,0.000179
66.033333,0.000084
66.066667,0.000233
66.1,0.000037
66.133333,0.000130
66.166667,0.000007
66.2,0.000165
66.233333,0.000135
66.266667,0.000032
66.3,0.000003
66.333333,0.000024
66.366667,0.000059
66.4,0.049462
66.433333,0.001135
66.466667,0.000193
66.5,0.000317
66.533333,0.000149
66.566667,0.000001
66.6,0.000168
66.633333,0.000135
66.666667,0.000035
66.7,0.000009
66.733333,0.000142
66.766667,0.000182
66.8,0.000367
66.833333,0.000325
66.866667,0.000859
66.9,0.005838
66.933333,0.000008
66.966667,0.000003
67,0.000001
67.033333,0.000000
67.066667,0.000000
67.1,0.000000
67.133333,0.000000
67.166667,0.000000
67.2,0.000000
67.233333,0.000000
67.266667,0.000000
67.3,0.000000
67.333333,0.000000
67.366667,0.000000
67.4,0.000000
67.433333,0.000000
67.466667,0.000000
67.5,0.000000
67.533333,0.000000
67.566667,0.000000
67.6,0.227411
67.633333,0.000028
67.666667,0.000007
67.7,0.000003
67.733333,0.000000
67.766667,0.000000
67.8,0.000000
67.833333,0.000000
67.866667,0.000000
67.9,0.000000
67.933333,0.000000
67.966667,0.000000
68,0.000000
68.033333,0.000000
68.066667,0.000000
68.1,0.000000
68.133333,0.000000
68.166667,0.000000
68.2,0.000000
68.233333,0.000000
68.266667,0.000000
68.3,0.000000
68.333333,0.000000
68.366667,0.000000
68.4,0.000000
68.433333,0.000000
68.466667,0.000000
68.5,0.000000
68.533333,0.000000
68.566667,0.000000
68.6,0.000000
68.633333,0.000000
68.666667,0.000000
68.7,0.000000
68.733333,0.000000
68.766667,0.000000
68.8,0.000000
68.833333,0.000000
68.866667,0.000000
68.9,0.000000
68.933333,0.000000
68.966667,0.001628
69,0.000071
69.033333,0.000031
69.066667,0.000030
69.1,0.000014
69.133333,0.000052
69.166667,0.000136
69.2,0.000021
69.233333,0.000039
69.266667,0.000038
69.3,0.000024
69.333333,0.000000
69.366667,0.000002
69.4,0.033569
69.433333,0.001979
69.466667,0.000032
69.5,0.000035
69.533333,0.000002
69.566667,0.000022
69.6,0.000026
69.633333,0.000032
69.666667,0.000054
69.7,0.000039
69.733333,0.000084
69.766667,0.000123
69.8,0.000054
69.833333,0.000054
69.866667,0.000014
69.9,0.000075
69.933333,0.000052
69.966667,0.000014
70,0.000006
70.033333,0.000001
70.066667,0.000000
70.1,0.000000
70.133333,0.000000
70.166667,0.000000
70.2,0.000000
70.233333,0.000000
70.266667,0.000000
70.3,0.000000
70.333333,0.000000
70.366667,0.000000
70.4,0.000000
70.433333,0.000000
70.466667,0.000000
70.5,0.000000
70.533333,0.000000
70.566667,0.000000
70.6,0.000000
70.633333,0.000000
70.666667,0.000000
70.7,0.000000
70.733333,0.000000
70.766667,0.000000
70.8,0.000000
70.833333,0.041218
70.866667,0.000012
70.9,0.000006
70.933333,0.000001
70.966667,0.000000
71,0.000000
71.033333,0.000000
71.066667,0.000000
71.1,0.000000
71.133333,0.000000
71.166667,0.000000
71.2,0.000000
71.233333,0.000000
71.266667,0.000000
71.3,0.000000
71.333333,0.000000
71.366667,0.000000
71.4,0.000000
71.433333,0.000000
71.466667,0.000000
71.5,0.000000
71.533333,0.000000
71.566667,0.000000
71.6,0.000000
71.633333,0.000000
71.666667,0.000000
71.7,0.000000
71.733333,0.000000
71.766667,0.000000
71.8,0.000000
71.833333,0.000000
71.866667,0.000000
71.9,0.000000
71.933333,0.000000
71.966667,0.000000
72,0.000109
72.033333,0.000008
72.066667,0.000002
72.1,0.000001
72.133333,0.000000
72.166667,0.000000
72.2,0.000000
72.233333,0.000000
72.266667,0.000000
72.3,0.000000
72.333333,0.000000
72.366667,0.000000
72.4,0.000000
72.433333,0.000000
72.466667,0.000000
72.5,0.000000
72.533333,0.000000
72.566667,0.000000
72.6,0.000000
72.633333,0.000000
72.666667,0.000000
72.7,0.000000
72.733333,0.000000
72.766667,0.045296
72.8,0.000008
72.833333,0.233946
72.866667,0.000012
72.9,0.010523
72.933333,0.000708
72.966667,0.000030
73,0.000230
73.033333,0.000117
73.066667,0.000024
73.1,0.000007
73.133333,0.000000
73.166667,0.000000
73.2,0.000000
73.233333,0.000000
73.266667,0.000000
73.3,0.000000
73.333333,0.000000
73.366667,0.000000
73.4,0.000000
73.433333,0.000000
73.466667,0.000000
73.5,0.000000
73.533333,0.000000
73.566667,0.000000
73.6,0.000000
73.633333,0.000000
73.666667,0.000000
73.7,0.000000
73.733333,0.000000
73.766667,0.000000
73.8,0.000000
73.833333,0.000000
73.866667,0.000000
73.9,0.000000
73.933333,0.000000
73.966667,0.000000
74,0.000000
74.033333,0.000000
74.066667,0.000000
74.1,0.000000
74.133333,0.000000
74.166667,0.000000
74.2,0.000000
74.233333,0.000000
74.266667,0.000000
74.3,0.028887
74.333333,0.000101
74.366667,0.000013
74.4,0.000002
74.433333,0.000000
74.466667,0.000000
74.5,0.000000
74.533333,0.000000
74.566667,0.000000
74.6,0.000000
74.633333,0.000000
74.666667,0.000000
74.7,0.000000
74.733333,0.000000
74.766667,0.000000
74.8,0.000000
74.833333,0.000000
74.866667,0.000000
74.9,0.000000
74.933333,0.000000
74.966667,0.000000
75,0.000000
75.033333,0.000000
75.066667,0.000000
75.1,0.000000
75.133333,0.000000
75.166667,0.000000
75.2,0.000000
75.233333,0.000000
75.266667,0.000000
75.3,0.000000
75.333333,0.000000
75.366667,0.000000
75.4,0.000000
75.433333,0.000000
75.466667,0.000000
75.5,0.037937
75.533333,0.000097
75.566667,0.000011
75.6,0.000002
75.633333,0.000000
75.666667,0.000000
75.7,0.000000
75.733333,0.000000
75.766667,0.000000
75.8,0.000000
75.833333,0.000000
75.866667,0.000000
75.9,0.000000
75.933333,0.000152
75.966667,0.000048
76,0.000029
76.033333,0.000012
76.066667,0.000002
76.1,0.000021
76.133333,0.000018
76.166667,0.000002
76.2,0.000001
76.233333,0.000002
76.266667,0.000000
76.3,0.000004
76.333333,0.000001
76.366667,0.000020
76.4,0.000015
76.433333,0.000018
76.466667,0.000003
76.5,0.000003
76.533333,0.000001
76.566667,0.000005
76.6,0.000020
76.633333,0.000005
76.666667,0.000005
76.7,0.000021
76.733333,0.000026
76.766667,0.000009
76.8,0.000031
76.833333,0.000075
76.866667,0.000092
76.9,0.000746
76.933333,0.000087
76.966667,0.000002
77,0.000000
77.033333,0.000000
77.066667,0.000000
77.1,0.033897
77.133333,0.000102
77.166667,0.000014
77.2,0.000002
77.233333,0.000000
77.266667,0.000000
77.3,0.000000
77.333333,0.000000
77.366667,0.000000
77.4,0.000000
77.433333,0.000000
77.466667,0.000000
77.5,0.000000
77.533333,0.000000
77.566667,0.000000
77.6,0.000000
77.633333,0.000000
77.666667,0.000000
77.7,0.000000
77.733333,0.000000
77.766667,0.000000
77.8,0.000000
77.833333,0.000000
77.866667,0.000000
77.9,0.000000
77.933333,0.000000
77.966667,0.000000
78,0.000000
78.033333,0.000000
78.066667,0.000000
78.1,0.000000
78.133333,0.000000
78.166667,0.000000
78.2,0.000000
78.233333,0.000000
78.266667,0.000000
78.3,0.025351
78.333333,0.000097
78.366667,0.000010
78.4,0.000002
78.433333,0.000000
78.466667,0.000000
78.5,0.000000
78.533333,0.000000
78.566667,0.000000
78.6,0.000000
78.633333,0.000000
78.666667,0.000000
78.7,0.000000
78.733333,0.000000
78.766667,0.000000
78.8,0.000000
78.833333,0.000000
78.866667,0.000000
78.9,0.000000
78.933333,0.000000
78.966667,0.000000
79,0.000000
79.033333,0.000000
79.066667,0.000000
79.1,0.000000
79.133333,0.000000
79.166667,0.000000
79.2,0.000000
79.233333,0.000000
79.266667,0.000000
79.3,0.000000
79.333333,0.000000
79.366667,0.022799
79.4,0.000098
79.433333,0.000010
79.466667,0.000002
79.5,0.000000
79.533333,0.000000
79.566667,0.000000
79.6,0.000000
79.633333,0.000000
79.666667,0.000000
79.7,0.000000
79.733333,0.000000
79.766667,0.000000
79.8,0.000000
79.833333,0.000000
79.866667,0.000000
79.9,0.000000
79.933333,0.000000
79.966667,0.000000
80,0.001830
80.033333,0.000095
80.066667,0.000028
80.1,0.000008
80.133333,0.000002
80.166667,0.000000
80.2,0.000000
80.233333,0.000000
80.266667,0.000000
80.3,0.000000
80.333333,0.000000
80.366667,0.063732
80.4,0.000037
80.433333,0.000014
80.466667,0.000002
80.5,0.000000
80.533333,0.000000
80.566667,0.000000
80.6,0.000000
80.633333,0.000000
80.666667,0.000000
80.7,0.000000
80.733333,0.000000
80.766667,0.000000
80.8,0.000000
80.833333,0.000000
80.866667,0.000000
80.9,0.000000
80.933333,0.000000
80.966667,0.000000
81,0.000000
81.033333,0.000000
81.066667,0.000000
81.1,0.000000
81.133333,0.000000
81.166667,0.000000
81.2,0.000000
81.233333,0.000000
81.266667,0.000000
81.3,0.000000
81.333333,0.000000
81.366667,0.000000
81.4,0.000000
81.433333,0.000000
81.466667,0.000000
81.5,0.000000
81.533333,0.000000
81.566667,0.000000
81.6,0.000000
81.633333,0.000000
81.666667,0.000000
81.7,0.000000
81.733333,0.000000
81.766667,0.000000
81.8,0.000000
81.833333,0.000000
81.866667,0.000000
81.9,0.000000
81.933333,0.000000
81.966667,0.000000
82,0.000000
82.033333,0.000000
82.066667,0.000000
82.1,0.000000
82.133333,0.000000
82.166667,0.000000
82.2,0.000000
82.233333,0.000000
82.266667,0.000000
82.3,0.000000
82.333333,0.000000
82.366667,0.000000
82.4,0.000000
82.433333,0.001584
82.466667,0.000136
82.5,0.000097
82.533333,0.000153
82.566667,0.000204
82.6,0.000282
82.633333,0.000322
82.666667,0.000123
82.7,0.000061
82.733333,0.000027
82.766667,0.000038
82.8,0.000047
82.833333,0.048035
82.866667,0.001825
82.9,0.000177
82.933333,0.000739
82.966667,0.000040
83,0.000051
83.033333,0.000063
83.066667,0.000032
83.1,0.000050
83.133333,0.000016
83.166667,0.000041
83.2,0.000171
83.233333,0.000044
83.266667,0.000075
83.3,0.000059
83.333333,0.000391
83.366667,0.001000
83.4,0.000305
83.433333,0.000357
83.466667,0.000006
83.5,0.000010
83.533333,0.000015
83.566667,0.000009
83.6,0.000014
83.633333,0.000029
83.666667,0.000017
83.7,0.000022
83.733333,0.000027
83.766667,0.000042
83.8,0.000048
83.833333,0.000093
83.866667,0.000136
83.9,0.000589
83.933333,0.000021
83.966667,0.000003
84,0.000000
84.033333,0.000000
84.066667,0.000000
84.1,0.000000
84.133333,0.000000
84.166667,0.000000
84.2,0.000000
84.233333,0.000000
84.266667,0.000000
84.3,0.063345
84.333333,0.000036
84.366667,0.000017
84.4,0.000003
84.433333,0.000000
84.466667,0.000000
84.5,0.000000
84.533333,0.000000
84.566667,0.000000
84.6,0.000000
84.633333,0.000000
84.666667,0.000000
84.7,0.000000
84.733333,0.000000
84.766667,0.000000
84.8,0.000000
84.833333,0.000000
84.866667,0.000000
84.9,0.000000
84.933333,0.000000
84.966667,0.000000
85,0.000000
85.033333,0.000000
85.066667,0.000000
85.1,0.000000
85.133333,0.000000
85.166667,0.000000
85.2,0.000000
85.233333,0.000000
85.266667,0.000000
85.3,0.000000
85.333333,0.000000
85.366667,0.000000
85.4,0.000000
85.433333,0.000000
85.466667,0.000000
85.5,0.000000
85.533333,0.000000
85.566667,0.000000
85.6,0.000000
85.633333,0.000000
85.666667,0.000000
85.7,0.000000
85.733333,0.000000
85.766667,0.000000
85.8,0.000000
85.833333,0.000000
85.866667,0.000000
85.9,0.000000
85.933333,0.000000
85.966667,0.000000
86,0.000000
86.033333,0.000000
86.066667,0.000000
86.1,0.000000
86.133333,0.000000
86.166667,0.000000
86.2,0.000000
86.233333,0.000000
86.266667,0.000000
86.3,0.000000
86.333333,0.000000
86.366667,0.000000
86.4,0.000000
86.433333,0.000000
86.466667,0.000000
86.5,0.000000
86.533333,0.000000
86.566667,0.000000
86.6,0.000000
86.633333,0.000000
86.666667,0.000000
86.7,0.000000
86.733333,0.000000
86.766667,0.000000
86.8,0.000000
86.833333,0.000000
86.866667,0.000000
86.9,0.000000
86.933333,0.000000
86.966667,0.000000
87,0.045106
87.033333,0.000040
87.066667,0.000020
87.1,0.000003
87.133333,0.000000
87.166667,0.000000
87.2,0.000000
87.233333,0.000000
87.266667,0.000000
87.3,0.000000
87.333333,0.000000
87.366667,0.000000
87.4,0.000000
87.433333,0.000000
87.466667,0.000000
87.5,0.000000
87.533333,0.000000
87.566667,0.000000
87.6,0.000000
87.633333,0.000000
87.666667,0.000000
87.7,0.000000
87.733333,0.000000
87.766667,0.000000
87.8,0.000000
87.833333,0.000000
87.866667,0.000000
87.9,0.000000
87.933333,0.000000
87.966667,0.000000
88,0.000214
88.033333,0.000066
88.066667,0.000019
88.1,0.000005
88.133333,0.000001
88.166667,0.000000
88.2,0.000000
88.233333,0.000000
88.266667,0.000000
88.3,0.000000
88.333333,0.000000
88.366667,0.000000
88.4,0.000000
88.433333,0.000000
88.466667,0.000000
88.5,0.000000
88.533333,0.000000
88.566667,0.000000
88.6,0.000000
88.633333,0.000000
88.666667,0.000000
88.7,0.000000
88.733333,0.000000
88.766667,0.000000
88.8,0.000000
88.833333,0.000000
88.866667,0.000000
88.9,0.000000
88.933333,0.000000
88.966667,0.000000
89,0.000000
89.033333,0.000000
89.066667,0.000000
89.1,0.000000
89.133333,0.000000
89.166667,0.000000
89.2,0.000000
89.233333,0.000000
89.266667,0.000000
89.3,0.000000
89.333333,0.000000
89.366667,0.000000
89.4,0.000000
89.433333,0.000000
89.466667,0.000000
89.5,0.000000
89.533333,0.000000
89.566667,0.000000
89.6,0.000000
89.633333,0.000000
89.666667,0.000000
89.7,0.043825
89.733333,0.000035
89.766667,0.000017
89.8,0.000003
89.833333,0.000000
89.866667,0.000000
89.9,0.000000
89.933333,0.000000
89.966667,0.000000
90,0.000000
90.033333,0.000000
90.066667,0.000000
90.1,0.000000
90.133333,0.000000
90.166667,0.000000
90.2,0.000000
90.233333,0.000000
90.266667,0.000000
90.3,0.000000
90.333333,0.000000
90.366667,0.000000
90.4,0.000000
90.433333,0.000000
90.466667,0.000000
90.5,0.000000
90.533333,0.000000
90.566667,0.000000
90.6,0.000000
90.633333,0.000000
90.666667,0.000000
90.7,0.000000
90.733333,0.000000
90.766667,0.000000
90.8,0.000000
90.833333,0.000000
90.866667,0.000000
90.9,0.000000
90.933333,0.000000
90.966667,0.000000
91,0.000000
91.033333,0.000000
91.066667,0.000000
91.1,0.000000
91.133333,0.000000
91.166667,0.000000
91.2,0.000000
91.233333,0.000000
91.266667,0.000000
91.3,0.000000
91.333333,0.000000
91.366667,0.000000
91.4,0.000000
91.433333,0.000000
91.466667,0.000000
91.5,0.000000
91.533333,0.000000
91.566667,0.000000
91.6,0.000000
91.633333,0.000000
91.666667,0.000000
91.7,0.000000
91.733333,0.000000
91.766667,0.000000
91.8,0.000000
91.833333,0.000000
91.866667,0.000000
91.9,0.000000
91.933333,0.000000
91.966667,0.000000
92,0.000000
92.033333,0.000000
92.066667,0.000000
92.1,0.000000
92.133333,0.000000
92.166667,0.000000
92.2,0.000000
92.233333,0.000000
92.266667,0.000000
92.3,0.000000
92.333333,0.057506
92.366667,0.000047
92.4,0.000021
92.433333,0.000004
92.466667,0.000001
92.5,0.000000
92.533333,0.000000
92.566667,0.000000
92.6,0.000000
92.633333,0.000000
92.666667,0.000000
92.7,0.000000
92.733333,0.000000
92.766667,0.000000
92.8,0.000000
92.833333,0.000000
92.866667,0.000000
92.9,0.000000
92.933333,0.000000
92.966667,0.000000
93,0.000000
93.033333,0.000000
93.066667,0.000000
93.1,0.000000
93.133333,0.000000
93.166667,0.000000
93.2,0.000000
93.233333,0.000000
93.266667,0.000000
93.3,0.000000
93.333333,0.000000
93.366667,0.000000
93.4,0.000000
93.433333,0.000000
93.466667,0.000000
93.5,0.000000
93.533333,0.000000
93.566667,0.000000
93.6,0.000000
93.633333,0.000000
93.666667,0.000000
93.7,0.046389
93.733333,0.000029
93.766667,0.000012
93.8,0.000002
93.833333,0.000000
93.866667,0.000000
93.9,0.000000
93.933333,0.000000
93.966667,0.000000
94,0.000000
94.033333,0.000000
94.066667,0.000000
94.1,0.000000
94.133333,0.000000
94.166667,0.000000
94.2,0.000000
94.233333,0.000000
94.266667,0.000000
94.3,0.000000
94.333333,0.000000
94.366667,0.000000
94.4,0.000000
94.433333,0.000000
94.466667,0.000000
94.5,0.000000
94.533333,0.000000
94.566667,0.000000
94.6,0.000000
94.633333,0.000000
94.666667,0.000000
94.7,0.000000
94.733333,0.000000
94.766667,0.000000
94.8,0.000000
94.833333,0.000000
94.866667,0.000000
94.9,0.000000
94.933333,0.000000
94.966667,0.000000
95,0.000000
95.033333,0.000000
95.066667,0.000000
95.1,0.000000
95.133333,0.000000
95.166667,0.000000
95.2,0.000000
95.233333,0.000000
95.266667,0.000000
95.3,0.000000
95.333333,0.000000
95.366667,0.000000
95.4,0.000000
95.433333,0.000000
95.466667,0.000000
95.5,0.000000
95.533333,0.000000
95.566667,0.000000
95.6,0.000000
95.633333,0.000000
95.666667,0.000000
95.7,0.000000
95.733333,0.000000
95.766667,0.000000
95.8,0.000000
95.833333,0.000000
95.866667,0.000000
95.9,0.000000
95.933333,0.000000
95.966667,0.040366
96,0.000195
96.033333,0.000071
96.066667,0.000021
96.1,0.000006
96.133333,0.000001
96.166667,0.000000
96.2,0.000000
96.233333,0.000000
96.266667,0.000000
96.3,0.000000
96.333333,0.000000
96.366667,0.000000
96.4,0.000000
96.433333,0.000000
96.466667,0.000000
96.5,0.000000
96.533333,0.000000
96.566667,0.000000
96.6,0.000000
96.633333,0.000000
96.666667,0.000000
96.7,0.000000
96.733333,0.000000
96.766667,0.000000
96.8,0.000000
96.833333,0.000000
96.866667,0.000000
96.9,0.000000
96.933333,0.000000
96.966667,0.000000
97,0.000000
97.033333,0.000000
97.066667,0.000000
97.1,0.000000
97.133333,0.000000
97.166667,0.000000
97.2,0.000000
97.233333,0.000000
97.266667,0.000000
97.3,0.000000
97.333333,0.000000
97.366667,0.000000
97.4,0.000000
97.433333,0.000000
97.466667,0.000000
97.5,0.000000
97.533333,0.000000
97.566667,0.000000
97.6,0.000000
97.633333,0.000000
97.666667,0.000000
97.7,0.000000
97.733333,0.000000
97.766667,0.036501
97.8,0.000033
97.833333,0.000015
97.866667,0.000003
97.9,0.000000
97.933333,0.000000
97.966667,0.000000
98,0.000000
98.033333,0.000000
98.066667,0.000000
98.1,0.000000
98.133333,0.000000
98.166667,0.000000
98.2,0.000000
98.233333,0.000000
98.266667,0.000000
98.3,0.000000
98.333333,0.000000
98.366667,0.000000
98.4,0.000000
98.433333,0.000000
98.466667,0.000000
98.5,0.000000
98.533333,0.000000
98.566667,0.000000
98.6,0.000000
98.633333,0.000000
98.666667,0.000000
98.7,0.000000
98.733333,0.000000
98.766667,0.000000
98.8,0.000000
98.833333,0.000000
98.866667,0.000000
98.9,0.000000
98.933333,0.000000
98.966667,0.000000
99,0.000000
99.033333,0.000000
99.066667,0.000000
99.1,0.000000
99.133333,0.000000
99.166667,0.000000
99.2,0.000000
99.233333,0.000000
99.266667,0.000000
99.3,0.000000
99.333333,0.000000
99.366667,0.000000
99.4,0.000000
99.433333,0.000000
99.466667,0.000000
99.5,0.000000
99.533333,0.026866
99.566667,0.000025
99.6,0.000009
99.633333,0.000001
99.666667,0.000000
99.7,0.000000
99.733333,0.000000
99.766667,0.000000
99.8,0.000000
99.833333,0.000000
99.866667,0.000000
99.9,0.000000
99.933333,0.000000
99.966667,0.000000
100,0.000000
100.033333,0.000000
100.066667,0.000000
100.1,0.000000
100.133333,0.000000
100.166667,0.000000
100.2,0.000000
100.233333,0.000000
100.266667,0.000000
100.3,0.000000
100.333333,0.000000
100.366667,0.000000
100.4,0.000000
100.433333,0.000000
100.466667,0.000000
100.5,0.000000
100.533333,0.000000
100.566667,0.000000
100.6,0.000000
100.633333,0.000000
100.666667,0.000000
100.7,0.000000
100.733333,0.000000
100.766667,0.000000
100.8,0.000000
100.833333,0.000000
100.866667,0.000000
100.9,0.000000
100.933333,0.000000
100.966667,0.000000
101,0.000000
101.033333,0.000000
101.066667,0.000000
101.1,0.000000
101.133333,0.000000
101.166667,0.047063
101.2,0.000030
101.233333,0.000014
101.266667,0.000002
101.3,0.000000
101.333333,0.000000
101.366667,0.000000
101.4,0.000000
101.433333,0.000000
101.466667,0.000000
101.5,0.000000
101.533333,0.000000
101.566667,0.000000
101.6,0.000000
101.633333,0.000000
101.666667,0.000000
101.7,0.000000
101.733333,0.000000
101.766667,0.000000
101.8,0.000000
101.833333,0.000000
101.866667,0.000000
101.9,0.000000
101.933333,0.000000
101.966667,0.000000
102,0.000000
102.033333,0.000000
102.066667,0.000000
102.1,0.000000
102.133333,0.000000
102.166667,0.000000
102.2,0.000000
102.233333,0.000000
102.266667,0.000000
102.3,0.000000
102.333333,0.000000
102.366667,0.000000
102.4,0.000000
102.433333,0.000000
102.466667,0.000000
102.5,0.000000
102.533333,0.000000
102.566667,0.000000
102.6,0.000000
102.633333,0.000000
102.666667,0.000000
102.7,0.000000
102.733333,0.000000
102.766667,0.000000
102.8,0.000000
102.833333,0.000000
102.866667,0.000000
102.9,0.000000
102.933333,0.000000
102.966667,0.000000
103,0.000000
103.033333,0.000000
103.066667,0.000000
103.1,0.000000
103.133333,0.000000
103.166667,0.000000
103.2,0.000000
103.233333,0.000000
103.266667,0.000000
103.3,0.000000
103.333333,0.000000
103.366667,0.000000
103.4,0.000000
103.433333,0.000000
103.466667,0.261667
103.5,0.000338
103.533333,0.000289
103.566667,0.000343
103.6,0.000357
103.633333,0.000253
103.666667,0.000143
103.7,0.000009
103.733333,0.000002
103.766667,0.000010
103.8,0.000013
103.833333,0.000010
103.866667,0.000015
103.9,0.000015
103.933333,0.000018
103.966667,0.000020
104,0.001979
104.033333,0.000640
104.066667,0.000031
104.1,0.000034
104.133333,0.000058
104.166667,0.000081
104.2,0.000128
104.233333,0.000276
104.266667,0.000789
104.3,0.000037
104.333333,0.000007
104.366667,0.000782
104.4,0.000032
104.433333,0.000019
104.466667,0.000014
104.5,0.000017
104.533333,0.000025
104.566667,0.000017
104.6,0.000025
104.633333,0.000029
104.666667,0.000039
104.7,0.000032
104.733333,0.000042
104.766667,0.000048
104.8,0.000060
104.833333,0.000072
104.866667,0.000093
104.9,0.000117
104.933333,0.000183
104.966667,0.000242
105,0.000556
105.033333,0.002015
105.066667,0.000042
105.1,0.000010
105.133333,0.000002
105.166667,0.000000
105.2,0.000000
105.233333,0.000000
105.266667,0.000393
105.3,0.000015
105.333333,0.000008
105.366667,0.000011
105.4,0.000010
105.433333,0.000013
105.466667,0.000009
105.5,0.000015
105.533333,0.000019
105.566667,0.000016
105.6,0.000021
105.633333,0.000021
105.666667,0.000030
105.7,0.000031
105.733333,0.000041
105.766667,0.000049
105.8,0.000063
105.833333,0.000099
105.866667,0.000129
105.9,0.000313
105.933333,0.001049
105.966667,0.000037
106,0.000005
106.033333,0.000001
106.066667,0.000000
106.1,0.000000
106.133333,0.000000
106.166667,0.000000
106.2,0.000000
106.233333,0.000000
106.266667,0.000000
106.3,0.000000
106.333333,0.000000
106.366667,0.000000
106.4,0.000000
106.433333,0.000000
106.466667,0.066219
106.5,0.000058
106.533333,0.000021
106.566667,0.000003
106.6,0.000001
106.633333,0.000000
106.666667,0.000000
106.7,0.000000
106.733333,0.000000
106.766667,0.000000
106.8,0.000000
106.833333,0.000000
106.866667,0.000000
106.9,0.000000
106.933333,0.000000
106.966667,0.000000
107,0.000000
107.033333,0.000000
107.066667,0.000000
107.1,0.000000
107.133333,0.000000
107.166667,0.000000
107.2,0.000000
107.233333,0.000000
107.266667,0.000000
107.3,0.000000
107.333333,0.000000
107.366667,0.000000
107.4,0.000000
107.433333,0.000000
107.466667,0.000000
107.5,0.000000
107.533333,0.000000
107.566667,0.000000
107.6,0.000000
107.633333,0.000000
107.666667,0.000000
107.7,0.000000
107.733333,0.000000
107.766667,0.000000
107.8,0.000000
107.833333,0.000000
107.866667,0.000000
107.9,0.000000
107.933333,0.000000
107.966667,0.000000
108,0.000000
108.033333,0.000000
108.066667,0.255909
108.1,0.000029
108.133333,0.000008
108.166667,0.000004
108.2,0.000001
108.233333,0.000000
108.266667,0.000000
108.3,0.000000
108.333333,0.000000
108.366667,0.000000
108.4,0.000000
108.433333,0.000000
108.466667,0.000000
108.5,0.000000
108.533333,0.000000
108.566667,0.000000
108.6,0.000000
108.633333,0.000000
108.666667,0.000000
108.7,0.000000
108.733333,0.000000
108.766667,0.000000
108.8,0.000000
108.833333,0.000000
108.866667,0.000000
108.9,0.000000
108.933333,0.000000
108.966667,0.000000
109,0.000000
109.033333,0.000000
109.066667,0.000000
109.1,0.000000
109.133333,0.000000
109.166667,0.000000
109.2,0.000000
109.233333,0.000000
109.266667,0.000000
109.3,0.000000
109.333333,0.000000
109.366667,0.000000
109.4,0.000000
109.433333,0.000000
109.466667,0.000000
109.5,0.000000
109.533333,0.000000
109.566667,0.000000
109.6,0.000000
109.633333,0.000000
109.666667,0.000000
109.7,0.000000
109.733333,0.000000
109.766667,0.000000
109.8,0.000000
109.833333,0.073856
109.866667,0.000017
109.9,0.000006
109.933333,0.000002
109.966667,0.000000
110,0.000000
110.033333,0.000000
110.066667,0.000000
110.1,0.000000
110.133333,0.000000
110.166667,0.000000
110.2,0.000000
110.233333,0.000000
110.266667,0.000000
110.3,0.000000
110.333333,0.000000
110.366667,0.000000
110.4,0.000000
110.433333,0.000000
110.466667,0.000000
110.5,0.000000
110.533333,0.000000
110.566667,0.000000
110.6,0.000000
110.633333,0.000000
110.666667,0.000000
110.7,0.000000
110.733333,0.000000
110.766667,0.000000
110.8,0.000000
110.833333,0.000000
110.866667,0.000000
110.9,0.000000
110.933333,0.000000
110.966667,0.000000
111,0.000000
111.033333,0.000000
111.066667,0.000000
111.1,0.000000
111.133333,0.000000
111.166667,0.000000
111.2,0.000000
111.233333,0.000000
111.266667,0.000000
111.3,0.000000
111.333333,0.000000
111.366667,0.000000
111.4,0.000000
111.433333,0.000000
111.466667,0.000000
111.5,0.000000
111.533333,0.000000
111.566667,0.000000
111.6,0.000000
111.633333,0.000000
111.666667,0.000000
111.7,0.000000
111.733333,0.000000
111.766667,0.000000
111.8,0.000000
111.833333,0.000000
111.866667,0.000000
111.9,0.000000
111.933333,0.286955
111.966667,0.000036
112,0.002287
112.033333,0.000593
112.066667,0.000085
112.1,0.000065
112.133333,0.000052
112.166667,0.000011
112.2,0.000001
112.233333,0.000000
112.266667,0.000000
112.3,0.000000
112.333333,0.000000
112.366667,0.000000
112.4,0.000000
112.433333,0.000000
112.466667,0.000000
112.5,0.000000
112.533333,0.000000
112.566667,0.000000
112.6,0.000000
112.633333,0.000000
112.666667,0.000000
112.7,0.000000
112.733333,0.000000
112.766667,0.000000
112.8,0.000000
112.833333,0.000000
112.866667,0.000000
112.9,0.000000
112.933333,0.000000
112.966667,0.000000
113,0.000000
113.033333,0.000000
113.066667,0.000000
113.1,0.000000
113.133333,0.000000
113.166667,0.000000
113.2,0.000000
113.233333,0.000000
113.266667,0.000000
113.3,0.000000
113.333333,0.000000
113.366667,0.000000
113.4,0.000000
113.433333,0.000000
113.466667,0.000000
113.5,0.000000
113.533333,0.000000
113.566667,0.000000
113.6,0.000000
113.633333,0.000000
113.666667,0.000000
113.7,0.000000
113.733333,0.250228
113.766667,0.000035
113.8,0.000098
113.833333,0.000002
113.866667,0.000227
113.9,0.000142
113.933333,0.000001
113.966667,0.000028
114,0.000009
114.033333,0.000927
114.066667,0.000146
114.1,0.000359
114.133333,0.000342
114.166667,0.000007
114.2,0.000299
114.233333,0.000015
114.266667,0.000880
114.3,0.000305
114.333333,0.000358
114.366667,0.000302
114.4,0.000043
114.433333,0.000478
114.466667,0.000019
114.5,0.001268
114.533333,0.000762
114.566667,0.000138
114.6,0.000023
114.633333,0.000107
114.666667,0.001008
114.7,0.000028
114.733333,0.001814
114.766667,0.001810
114.8,0.000070
114.833333,0.000327
114.866667,0.000395
114.9,0.001366
114.933333,0.000028
114.966667,0.001270
115,0.002112
115.033333,0.000013
115.066667,0.000491
115.1,0.000492
115.133333,0.000879
115.166667,0.000012
115.2,0.000108
115.233333,0.000331
115.266667,0.000003
115.3,0.000430
115.333333,0.000422
115.366667,0.000064
115.4,0.000013
115.433333,0.000004
115.466667,0.000004
115.5,0.000000
115.533333,0.000000
115.566667,0.000000
115.6,0.000000
115.633333,0.000000
115.666667,0.000000
115.7,0.000000
115.733333,0.067338
115.766667,0.000341
115.8,0.000122
115.833333,0.000020
115.866667,0.000095
115.9,0.000112
115.933333,0.000006
115.966667,0.000106
116,0.000114
116.033333,0.000009
116.066667,0.000007
116.1,0.000013
116.133333,0.000013
116.166667,0.000139
116.2,0.000127
116.233333,0.000119
116.266667,0.000105
116.3,0.000115
116.333333,0.000004
116.366667,0.000015
116.4,0.000008
116.433333,0.000137
116.466667,0.000003
116.5,0.000017
116.533333,0.000114
116.566667,0.000014
116.6,0.000145
116.633333,0.000135
116.666667,0.000137
116.7,0.000399
116.733333,0.000929
116.766667,0.000006
116.8,0.000000
116.833333,0.000000
116.866667,0.000000
116.9,0.000000
116.933333,0.000000
116.966667,0.000000
117,0.000000
117.033333,0.000000
117.066667,0.000000
117.1,0.000000
117.133333,0.000000
117.166667,0.000000
117.2,0.000000
117.233333,0.000000
117.266667,0.000000
117.3,0.000000
117.333333,0.000000
117.366667,0.000000
117.4,0.000000
117.433333,0.000000
117.466667,0.000000
117.5,0.000000
117.533333,0.000000
117.566667,0.000000
117.6,0.000000
117.633333,0.000000
117.666667,0.000000
117.7,0.000000
117.733333,0.000000
117.766667,0.000000
117.8,0.000000
117.833333,0.000000
117.866667,0.000000
117.9,0.000000
117.933333,0.000000
117.966667,0.000000
118,0.000000
118.033333,0.000000
118.066667,0.000000
118.1,0.000000
118.133333,0.000000
118.166667,0.000000
118.2,0.000000
118.233333,0.000000
118.266667,0.000000
118.3,0.000000
118.333333,0.000000
118.366667,0.000000
118.4,0.184961
118.433333,0.000014
118.466667,0.000427
118.5,0.000518
118.533333,0.000417
118.566667,0.000014
118.6,0.000000
118.633333,0.000000
118.666667,0.000000
118.7,0.000000
118.733333,0.000014
118.766667,0.000014
118.8,0.000000
118.833333,0.000001
118.866667,0.000000
118.9,0.000014
118.933333,0.000014
118.966667,0.000000
119,0.000000
119.033333,0.000000
119.066667,0.000497
119.1,0.000372
119.133333,0.000005
119.166667,0.000000
119.2,0.000000
119.233333,0.000000
119.266667,0.000000
119.3,0.000000
119.333333,0.000000
119.366667,0.000000
119.4,0.000000
119.433333,0.000000
119.466667,0.000000
119.5,0.000000
119.533333,0.000000
119.566667,0.000000
119.6,0.000000
119.633333,0.000000
119.666667,0.000000
119.7,0.000000
119.733333,0.000000
119.766667,0.000000
119.8,0.000000
119.833333,0.000000
119.866667,0.000000
119.9,0.000000
119.933333,0.000000
119.966667,0.000000
120,0.000147
120.033333,0.000007
120.066667,0.059996
120.1,0.000391
120.133333,0.000224
120.166667,0.000496
120.2,0.000562
120.233333,0.000462
120.266667,0.000545
120.3,0.000734
120.333333,0.000453
120.366667,0.000141
120.4,0.000578
120.433333,0.000562
120.466667,0.000488
120.5,0.000107
120.533333,0.000232
120.566667,0.000031
120.6,0.000191
120.633333,0.000189
120.666667,0.000138
120.7,0.000119
120.733333,0.000102
120.766667,0.000264
120.8,0.000184
120.833333,0.001005
120.866667,0.000426
120.9,0.000887
120.933333,0.000222
120.966667,0.000379
121,0.000152
121.033333,0.001496
121.066667,0.000339
121.1,0.000945
121.133333,0.000311
121.166667,0.000841
121.2,0.000224
121.233333,0.000098
121.266667,0.000120
121.3,0.000552
121.333333,0.000086
121.366667,0.000404
121.4,0.000046
121.433333,0.000129
121.466667,0.000060
121.5,0.000778
121.533333,0.000058
121.566667,0.000004
121.6,0.000000
121.633333,0.000000
121.666667,0.000000
121.7,0.000000
121.733333,0.000000
121.766667,0.000000
121.8,0.000000
121.833333,0.000000
121.866667,0.000000
121.9,0.000000
121.933333,0.000000
121.966667,0.000000
122,0.000000
122.033333,0.000000
122.066667,0.000000
122.1,0.000000
122.133333,0.000000
122.166667,0.000000
122.2,0.000000
122.233333,0.000000
122.266667,0.000000
122.3,0.000000
122.333333,0.000000
122.366667,0.000000
122.4,0.000000
122.433333,0.000000
122.466667,0.000000
122.5,0.000000
122.533333,0.286103
122.566667,0.000037
122.6,0.000241
122.633333,0.000204
122.666667,0.000142
122.7,0.000167
122.733333,0.000082
122.766667,0.000005
122.8,0.000000
122.833333,0.000000
122.866667,0.000000
122.9,0.000000
122.933333,0.000000
122.966667,0.000000
123,0.000000
123.033333,0.000000
123.066667,0.000000
123.1,0.000000
123.133333,0.000000
123.166667,0.000000
123.2,0.000000
123.233333,0.000000
123.266667,0.000000
123.3,0.000000
123.333333,0.000000
123.366667,0.000000
123.4,0.000000
123.433333,0.000000
123.466667,0.000000
123.5,0.000000
123.533333,0.000000
123.566667,0.000000
123.6,0.000000
123.633333,0.000000
123.666667,0.000000
123.7,0.000000
123.733333,0.000000
123.766667,0.000000
123.8,0.000000
123.833333,0.000000
123.866667,0.000000
123.9,0.000000
123.933333,0.000000
123.966667,0.000000
124,0.000000
124.033333,0.000000
124.066667,0.000000
124.1,0.000000
124.133333,0.000000
124.166667,0.000000
124.2,0.000000
124.233333,0.000000
124.266667,0.000000
124.3,0.000000
124.333333,0.000000
124.366667,0.000000
124.4,0.043546
124.433333,0.000093
124.466667,0.000012
124.5,0.000002
124.533333,0.000000
124.566667,0.000000
124.6,0.000000
124.633333,0.000000
124.666667,0.000000
124.7,0.000000
124.733333,0.000000
124.766667,0.000000
124.8,0.000000
124.833333,0.000000
124.866667,0.000000
124.9,0.000000
124.933333,0.000000
124.966667,0.000000
125,0.000000
125.033333,0.000000
125.066667,0.000000
125.1,0.000000
125.133333,0.000000
125.166667,0.000000
125.2,0.000000
125.233333,0.000000
125.266667,0.000000
125.3,0.000000
125.333333,0.000000
125.366667,0.000000
125.4,0.000000
125.433333,0.000000
125.466667,0.000000
125.5,0.000000
125.533333,0.000000
125.566667,0.000000
125.6,0.000000
125.633333,0.000000
125.666667,0.000000
125.7,0.000000
125.733333,0.000000
125.766667,0.000000
125.8,0.000000
125.833333,0.234570
125.866667,0.000018
125.9,0.000005
125.933333,0.000002
125.966667,0.000000
126,0.000000
126.033333,0.000000
126.066667,0.000000
126.1,0.000000
126.133333,0.000000
126.166667,0.000000
126.2,0.000000
126.233333,0.000000
126.266667,0.000000
126.3,0.000000
126.333333,0.000000
126.366667,0.000000
126.4,0.000000
126.433333,0.000000
126.466667,0.000000
126.5,0.000000
126.533333,0.000000
126.566667,0.000000
126.6,0.000000
126.633333,0.000000
126.666667,0.000000
126.7,0.000000
126.733333,0.000000
126.766667,0.000000
126.8,0.000000
126.833333,0.041586
126.866667,0.000278
126.9,0.000233
126.933333,0.000150
126.966667,0.000385
127,0.000135
127.033333,0.000082
127.066667,0.000300
127.1,0.000189
127.133333,0.000345
127.166667,0.000115
127.2,0.000155
127.233333,0.000151
127.266667,0.000099
127.3,0.000390
127.333333,0.000102
127.366667,0.000144
127.4,0.000278
127.433333,0.000168
127.466667,0.000039
127.5,0.000079
127.533333,0.000035
127.566667,0.000150
127.6,0.000076
127.633333,0.000610
127.666667,0.000100
127.7,0.000153
127.733333,0.000223
127.766667,0.000127
127.8,0.000064
127.833333,0.000044
127.866667,0.000017
127.9,0.000237
127.933333,0.000151
127.966667,0.000111
128,0.000087
128.033333,0.000093
128.066667,0.000636
128.1,0.000423
128.133333,0.000234
128.166667,0.000019
128.2,0.000290
128.233333,0.000444
128.266667,0.000198
128.3,0.000078
128.333333,0.000086
128.366667,0.000064
128.4,0.000263
128.433333,0.028699
128.466667,0.000973
128.5,0.000231
128.533333,0.000304
128.566667,0.000313
128.6,0.000185
128.633333,0.000157
128.666667,0.000101
128.7,0.000185
128.733333,0.000466
128.766667,0.000291
128.8,0.000761
128.833333,0.000187
128.866667,0.000399
128.9,0.000470
128.933333,0.000295
128.966667,0.001150
129,0.000207
129.033333,0.000549
129.066667,0.000697
129.1,0.000447
129.133333,0.000233
129.166667,0.000056
129.2,0.000242
129.233333,0.000540
129.266667,0.000343
129.3,0.000855
129.333333,0.000058
129.366667,0.000549
129.4,0.000818
129.433333,0.000531
129.466667,0.000003
129.5,0.000000
129.533333,0.000000
129.566667,0.000000
129.6,0.000000
129.633333,0.000000
129.666667,0.000000
129.7,0.000000
129.733333,0.054103
129.766667,0.000014
129.8,0.000005
129.833333,0.000001
129.866667,0.000000
129.9,0.000000
129.933333,0.000000
129.966667,0.000000
130,0.000000
130.033333,0.000000
130.066667,0.000000
130.1,0.000000
130.133333,0.000000
130.166667,0.000000
130.2,0.000000
130.233333,0.000000
130.266667,0.000000
130.3,0.000000
130.333333,0.000000
130.366667,0.000000
130.4,0.000000
130.433333,0.000000
130.466667,0.000000
130.5,0.000000
130.533333,0.000000
130.566667,0.000000
130.6,0.000000
130.633333,0.000000
130.666667,0.000000
130.7,0.000000
130.733333,0.000000
130.766667,0.000000
130.8,0.000000
130.833333,0.000000
130.866667,0.000000
130.9,0.000000
130.933333,0.000000
130.966667,0.000000
131,0.000000
131.033333,0.000000
131.066667,0.000000
131.1,0.000000
131.133333,0.000000
131.166667,0.000000
131.2,0.000000
131.233333,0.000000
131.266667,0.000000
131.3,0.000000
131.333333,0.000000
131.366667,0.000000
131.4,0.000000
131.433333,0.000000
131.466667,0.000000
131.5,0.000000
131.533333,0.000000
131.566667,0.000000
131.6,0.000000
131.633333,0.000000
131.666667,0.000000
131.7,0.000000
131.733333,0.000000
131.766667,0.000000
131.8,0.000000
131.833333,0.000000
131.866667,0.000000
131.9,0.000000
131.933333,0.000000
131.966667,0.097985
132,0.000008
132.033333,0.000003
132.066667,0.000001
132.1,0.000000
132.133333,0.000000
132.166667,0.000000
132.2,0.000000
132.233333,0.000000
132.266667,0.000000
132.3,0.000000
132.333333,0.000000
132.366667,0.000000
132.4,0.000000
132.433333,0.000000
132.466667,0.000000
132.5,0.000000
132.533333,0.000000
132.566667,0.000000
132.6,0.000000
132.633333,0.000000
132.666667,0.000000
132.7,0.000000
132.733333,0.000000
132.766667,0.000000
132.8,0.000000
132.833333,0.000000
132.866667,0.000000
132.9,0.000000
132.933333,0.000000
132.966667,0.000000
133,0.000000
133.033333,0.000000
133.066667,0.000000
133.1,0.000000
133.133333,0.000000
133.166667,0.000000
133.2,0.000000
133.233333,0.000000
133.266667,0.000000
133.3,0.000000
133.333333,0.000000
133.366667,0.000000
133.4,0.000000
133.433333,0.000000
133.466667,0.000000
133.5,0.000000
133.533333,0.000000
133.566667,0.000000
133.6,0.000000
133.633333,0.000000
133.666667,0.030150
133.7,0.001026
133.733333,0.000469
133.766667,0.000145
133.8,0.000036
133.833333,0.000749
133.866667,0.000304
133.9,0.000413
133.933333,0.000243
133.966667,0.000166
134,0.000254
134.033333,0.000272
134.066667,0.001226
134.1,0.000028
134.133333,0.000158
134.166667,0.000626
134.2,0.000418
134.233333,0.000361
134.266667,0.000052
134.3,0.000324
134.333333,0.000538
134.366667,0.000200
134.4,0.000515
134.433333,0.000283
134.466667,0.000381
134.5,0.001506
134.533333,0.001376
134.566667,0.001745
134.6,0.000401
134.633333,0.000121
134.666667,0.000551
134.7,0.000797
134.733333,0.000678
134.766667,0.000754
134.8,0.040688
134.833333,0.000013
134.866667,0.000005
134.9,0.000001
134.933333,0.000000
134.966667,0.000000
135,0.000000
135.033333,0.000000
135.066667,0.000000
135.1,0.000000
135.133333,0.000000
135.166667,0.000000
135.2,0.000000
135.233333,0.000000
135.266667,0.000000
135.3,0.000000
135.333333,0.000000
135.366667,0.000000
135.4,0.000000
135.433333,0.000000
135.466667,0.000000
135.5,0.000000
135.533333,0.000000
135.566667,0.000000
135.6,0.000000
135.633333,0.000000
135.666667,0.000000
135.7,0.000000
135.733333,0.000000
135.766667,0.000000
135.8,0.000000
135.833333,0.000000
135.866667,0.000000
135.9,0.000000
135.933333,0.000000
135.966667,0.000000
136,0.000086
136.033333,0.000010
136.066667,0.000003
136.1,0.000001
136.133333,0.000000
136.166667,0.000000
136.2,0.000000
136.233333,0.000000
136.266667,0.000000
136.3,0.000000
136.333333,0.000000
136.366667,0.000000
136.4,0.000000
136.433333,0.000000
136.466667,0.000000
136.5,0.000000
136.533333,0.000000
136.566667,0.000000
136.6,0.000000
136.633333,0.112086
136.666667,0.000021
136.7,0.000006
136.733333,0.000002
136.766667,0.000000
136.8,0.000000
136.833333,0.000000
136.866667,0.000000
136.9,0.000000
136.933333,0.000000
136.966667,0.000000
137,0.000000
137.033333,0.000000
137.066667,0.000000
137.1,0.000000
137.133333,0.000000
137.166667,0.000000
137.2,0.000000
137.233333,0.000000
137.266667,0.000000
137.3,0.000000
137.333333,0.000000
137.366667,0.000000
137.4,0.000000
137.433333,0.000000
137.466667,0.000000
137.5,0.000000
137.533333,0.000000
137.566667,0.000000
137.6,0.000000
137.633333,0.000000
137.666667,0.000000
137.7,0.000000
137.733333,0.000000
137.766667,0.000000
137.8,0.000000
137.833333,0.000000
137.866667,0.000000
137.9,0.000000
137.933333,0.000000
137.966667,0.000000
138,0.000000
138.033333,0.000000
138.066667,0.000000
138.1,0.000000
138.133333,0.000000
138.166667,0.000000
138.2,0.000000
138.233333,0.000000
138.266667,0.000000
138.3,0.000000
138.333333,0.000000
138.366667,0.000000
138.4,0.000000
138.433333,0.000000
138.466667,0.000000
138.5,0.030406
138.533333,0.000102
138.566667,0.000001
138.6,0.000001
138.633333,0.000017
138.666667,0.000015
138.7,0.000001
138.733333,0.000018
138.766667,0.000000
138.8,0.000014
138.833333,0.000018
138.866667,0.000001
138.9,0.000002
138.933333,0.000002
138.966667,0.000002
139,0.000017
139.033333,0.000004
139.066667,0.000014
139.1,0.000033
139.133333,0.000011
139.166667,0.000004
139.2,0.000020
139.233333,0.000021
139.266667,0.000008
139.3,0.000006
139.333333,0.000027
139.366667,0.000029
139.4,0.000048
139.433333,0.000061
139.466667,0.000136
139.5,0.000909
139.533333,0.000006
139.566667,0.029018
139.6,0.000009
139.633333,0.000004
139.666667,0.000001
139.7,0.000000
139.733333,0.000000
139.766667,0.000000
139.8,0.000000
139.833333,0.000000
139.866667,0.000000
139.9,0.000000
139.933333,0.000000
139.966667,0.000000
140,0.000000
140.033333,0.000000
140.066667,0.000000
140.1,0.000000
140.133333,0.000000
140.166667,0.000000
140.2,0.000000
140.233333,0.000000
140.266667,0.000000
140.3,0.000000
140.333333,0.000000
140.366667,0.000000
140.4,0.000000
140.433333,0.000000
140.466667,0.000000
140.5,0.000000
140.533333,0.000000
140.566667,0.000000
140.6,0.000000
140.633333,0.000000
140.666667,0.000000
140.7,0.000000
140.733333,0.000000
140.766667,0.000000
140.8,0.000000
140.833333,0.000000
140.866667,0.000000
140.9,0.046708
140.933333,0.000012
140.966667,0.000134
141,0.000198
141.033333,0.000057
141.066667,0.000074
141.1,0.000009
141.133333,0.000713
141.166667,0.000331
141.2,0.000058
141.233333,0.000355
141.266667,0.000063
141.3,0.000991
141.333333,0.000060
141.366667,0.000030
141.4,0.000319
141.433333,0.000028
141.466667,0.000578
141.5,0.000005
141.533333,0.000061
141.566667,0.000023
141.6,0.000767
141.633333,0.000385
141.666667,0.000049
141.7,0.000467
141.733333,0.000055
141.766667,0.001027
141.8,0.000153
141.833333,0.000127
141.866667,0.000401
141.9,0.000031
141.933333,0.000048
141.966667,0.000221
142,0.000091
142.033333,0.000006
142.066667,0.000002
142.1,0.000000
142.133333,0.000000
142.166667,0.000000
142.2,0.000000
142.233333,0.000000
142.266667,0.000000
142.3,0.000000
142.333333,0.000000
142.366667,0.000000
142.4,0.000000
142.433333,0.000000
142.466667,0.000000
142.5,0.000000
142.533333,0.000000
142.566667,0.000000
142.6,0.000000
142.633333,0.000000
142.666667,0.000000
142.7,0.000000
142.733333,0.000000
142.766667,0.000000
142.8,0.000000
142.833333,0.063226
142.866667,0.000014
142.9,0.000006
142.933333,0.000001
142.966667,0.000000
143,0.000000
143.033333,0.000000
143.066667,0.000000
143.1,0.000000
143.133333,0.000000
143.166667,0.000000
143.2,0.000000
143.233333,0.000000
143.266667,0.000000
143.3,0.000000
143.333333,0.000000
143.366667,0.000000
143.4,0.000000
143.433333,0.000000
143.466667,0.000000
143.5,0.000000
143.533333,0.000000
143.566667,0.000000
143.6,0.000000
143.633333,0.000000
143.666667,0.000000
143.7,0.000000
143.733333,0.000000
143.766667,0.000000
143.8,0.000000
143.833333,0.000000
143.866667,0.000000
143.9,0.000000
143.933333,0.000000
143.966667,0.000000
144,0.000106
144.033333,0.000010
144.066667,0.000003
144.1,0.000001
144.133333,0.000000
144.166667,0.000000
144.2,0.000000
144.233333,0.000000
144.266667,0.000000
144.3,0.000000
144.333333,0.000000
144.366667,0.000000
144.4,0.000000
144.433333,0.000000
144.466667,0.000000
144.5,0.000000
144.533333,0.000000
144.566667,0.000000
144.6,0.000000
144.633333,0.000000
144.666667,0.000000
144.7,0.000000
144.733333,0.000000
144.766667,0.000000
144.8,0.000000
144.833333,0.000000
144.866667,0.000000
144.9,0.000000
144.933333,0.000000
144.966667,0.000000
145,0.000000
145.033333,0.000000
145.066667,0.000000
145.1,0.000000
145.133333,0.000000
145.166667,0.000000
145.2,0.000000
145.233333,0.000000
145.266667,0.000000
145.3,0.000000
145.333333,0.000000
145.366667,0.000000
145.4,0.000000
145.433333,0.000000
145.466667,0.000000
145.5,0.000000
145.533333,0.000000
145.566667,0.000000
145.6,0.000000
145.633333,0.000000
145.666667,0.075245
145.7,0.000009
145.733333,0.000004
145.766667,0.000001
145.8,0.000000
145.833333,0.000000
145.866667,0.000000
145.9,0.000000
145.933333,0.000000
145.966667,0.000000
146,0.000000
146.033333,0.000000
146.066667,0.000000
146.1,0.000000
146.133333,0.000000
146.166667,0.000000
146.2,0.000000
146.233333,0.000000
146.266667,0.000000
146.3,0.000000
146.333333,0.000000
146.366667,0.000000
146.4,0.000000
146.433333,0.000000
146.466667,0.000000
146.5,0.000000
146.533333,0.000000
146.566667,0.000000
146.6,0.000000
146.633333,0.000000
146.666667,0.000000
146.7,0.000000
146.733333,0.000000
146.766667,0.000000
146.8,0.000000
146.833333,0.000000
146.866667,0.000000
146.9,0.000000
146.933333,0.000000
146.966667,0.000000
147,0.000000
147.033333,0.035656
147.066667,0.000010
147.1,0.000004
147.133333,0.000001
147.166667,0.000000
147.2,0.000000
147.233333,0.000000
147.266667,0.000000
147.3,0.000000
147.333333,0.000000
147.366667,0.000000
147.4,0.000000
147.433333,0.000000
147.466667,0.000000
147.5,0.000000
147.533333,0.000000
147.566667,0.000000
147.6,0.000000
147.633333,0.000000
147.666667,0.000000
147.7,0.000000
147.733333,0.000000
147.766667,0.000000
147.8,0.000000
147.833333,0.000000
147.866667,0.000000
147.9,0.000000
147.933333,0.000000
147.966667,0.000000
148,0.000000
148.033333,0.000000
148.066667,0.000000
148.1,0.000000
148.133333,0.000000
148.166667,0.000000
148.2,0.000000
148.233333,0.000000
148.266667,0.000000
148.3,0.000000
148.333333,0.000000
148.366667,0.000000
148.4,0.000000
148.433333,0.000000
148.466667,0.000000
148.5,0.000000
148.533333,0.000000
148.566667,0.000000
148.6,0.000000
148.633333,0.000000
148.666667,0.000000
148.7,0.000000
148.733333,0.001258
148.766667,0.000459
148.8,0.045763
148.833333,0.000300
148.866667,0.000055
148.9,0.000028
148.933333,0.000006
148.966667,0.000025
149,0.000005
149.033333,0.000019
149.066667,0.000005
149.1,0.000005
149.133333,0.000017
149.166667,0.000004
149.2,0.000015
149.233333,0.000034
149.266667,0.000013
149.3,0.000002
149.333333,0.000002
149.366667,0.000017
149.4,0.000002
149.433333,0.000016
149.466667,0.000019
149.5,0.000000
149.533333,0.000002
149.566667,0.000001
149.6,0.000000
149.633333,0.000001
149.666667,0.000001
149.7,0.000016
149.733333,0.000014
149.766667,0.000000
149.8,0.000017
149.833333,0.000017
149.866667,0.000019
149.9,0.000017
149.933333,0.000018
149.966667,0.000001
150,0.000015
150.033333,0.109665
150.066667,0.000020
150.1,0.000006
150.133333,0.000002
150.166667,0.000000
150.2,0.000000
150.233333,0.000000
150.266667,0.000000
150.3,0.000000
150.333333,0.000000
150.366667,0.000000
150.4,0.000000
150.433333,0.000000
150.466667,0.000000
150.5,0.000000
150.533333,0.000000
150.566667,0.000000
150.6,0.000000
150.633333,0.000000
150.666667,0.000000
150.7,0.000000
150.733333,0.000000
150.766667,0.000000
150.8,0.000000
150.833333,0.000000
150.866667,0.000000
150.9,0.000000
150.933333,0.000000
150.966667,0.000000
151,0.000000
151.033333,0.000000
151.066667,0.000000
151.1,0.000000
151.133333,0.000000
151.166667,0.000000
151.2,0.000000
151.233333,0.000000
151.266667,0.000000
151.3,0.000000
151.333333,0.040455
151.366667,0.000011
151.4,0.000005
151.433333,0.000001
151.466667,0.000000
151.5,0.000000
151.533333,0.000000
151.566667,0.000000
151.6,0.000000
151.633333,0.000000
151.666667,0.000000
151.7,0.000000
151.733333,0.000000
151.766667,0.000000
151.8,0.000000
151.833333,0.000000
151.866667,0.000000
151.9,0.000000
151.933333,0.000000
151.966667,0.000000
152,0.000091
152.033333,0.000010
152.066667,0.000003
152.1,0.000001
152.133333,0.000000
152.166667,0.000000
152.2,0.000000
152.233333,0.000000
152.266667,0.000000
152.3,0.000000
152.333333,0.000000
152.366667,0.000000
152.4,0.000000
152.433333,0.000000
152.466667,0.000000
152.5,0.000000
152.533333,0.000000
152.566667,0.000000
152.6,0.000000
152.633333,0.000000
152.666667,0.000000
152.7,0.000000
152.733333,0.000000
152.766667,0.000000
152.8,0.000000
152.833333,0.000000
152.866667,0.000000
152.9,0.000000
152.933333,0.000000
152.966667,0.000000
153,0.000000
153.033333,0.000000
153.066667,0.000000
153.1,0.000000
153.133333,0.000000
153.166667,0.000000
153.2,0.045437
153.233333,0.000009
153.266667,0.000004
153.3,0.000001
153.333333,0.000000
153.366667,0.000000
153.4,0.000000
153.433333,0.000000
153.466667,0.000000
153.5,0.000000
153.533333,0.000000
153.566667,0.000000
153.6,0.000000
153.633333,0.000000
153.666667,0.000000
153.7,0.000000
153.733333,0.000000
153.766667,0.000000
153.8,0.000000
153.833333,0.000000
153.866667,0.000000
153.9,0.000000
153.933333,0.000000
153.966667,0.000000
154,0.000000
154.033333,0.000000
154.066667,0.000000
154.1,0.000000
154.133333,0.000000
154.166667,0.000000
154.2,0.000000
154.233333,0.000000
154.266667,0.000000
154.3,0.000000
154.333333,0.000000
154.366667,0.000000
154.4,0.000000
154.433333,0.000000
154.466667,0.000000
154.5,0.052034
154.533333,0.000012
154.566667,0.000005
154.6,0.000001
154.633333,0.000000
154.666667,0.000000
154.7,0.000000
154.733333,0.000000
154.766667,0.000000
154.8,0.000000
154.833333,0.000000
154.866667,0.000000
154.9,0.000000
154.933333,0.000000
154.966667,0.000000
155,0.000000
155.033333,0.000000
155.066667,0.000000
155.1,0.000000
155.133333,0.000000
155.166667,0.000000
155.2,0.000000
155.233333,0.000000
155.266667,0.000000
155.3,0.000000
155.333333,0.000000
155.366667,0.000000
155.4,0.000000
155.433333,0.000000
155.466667,0.000000
155.5,0.000000
155.533333,0.000000
155.566667,0.000000
155.6,0.000000
155.633333,0.000000
155.666667,0.000000
155.7,0.000000
155.733333,0.000000
155.766667,0.000000
155.8,0.000000
155.833333,0.000000
155.866667,0.000000
155.9,0.000000
155.933333,0.000000
155.966667,0.000000
156,0.000000
156.033333,0.154925
156.066667,0.000020
156.1,0.000005
156.133333,0.000002
156.166667,0.000000
156.2,0.000000
156.233333,0.000000
156.266667,0.000000
156.3,0.000000
156.333333,0.000000
156.366667,0.000000
156.4,0.000000
156.433333,0.000000
156.466667,0.000000
156.5,0.000000
156.533333,0.000000
156.566667,0.000000
156.6,0.000000
156.633333,0.000000
156.666667,0.000000
156.7,0.000000
156.733333,0.000000
156.766667,0.000000
156.8,0.000000
156.833333,0.000000
156.866667,0.000000
156.9,0.000000
156.933333,0.000000
156.966667,0.000000
157,0.000000
157.033333,0.000000
157.066667,0.000000
157.1,0.000000
157.133333,0.000000
157.166667,0.000000
157.2,0.000000
157.233333,0.000000
157.266667,0.000000
157.3,0.000000
157.333333,0.000000
157.366667,0.000000
157.4,0.000000
157.433333,0.000000
157.466667,0.000000
157.5,0.000000
157.533333,0.000000
157.566667,0.000000
157.6,0.000000
157.633333,0.000000
157.666667,0.000000
157.7,0.000000
157.733333,0.000000
157.766667,0.000000
157.8,0.000000
157.833333,0.000000
157.866667,0.000000
157.9,0.050258
157.933333,0.000012
157.966667,0.000005
158,0.000001
158.033333,0.000000
158.066667,0.000000
158.1,0.000000
158.133333,0.000000
158.166667,0.000000
158.2,0.000000
158.233333,0.000000
158.266667,0.000000
158.3,0.000000
158.333333,0.000000
158.366667,0.000000
158.4,0.000000
158.433333,0.000000
158.466667,0.000000
158.5,0.000000
158.533333,0.000000
158.566667,0.000000
158.6,0.000000
158.633333,0.000000
158.666667,0.000000
158.7,0.000000
158.733333,0.000000
158.766667,0.000000
158.8,0.000000
158.833333,0.000000
158.866667,0.000000
158.9,0.000000
158.933333,0.000000
158.966667,0.000000
159,0.000000
159.033333,0.000000
159.066667,0.000000
159.1,0.000000
159.133333,0.000000
159.166667,0.000000
159.2,0.000000
159.233333,0.000000
159.266667,0.000000
159.3,0.000000
159.333333,0.000000
159.366667,0.000000
159.4,0.000000
159.433333,0.054022
159.466667,0.000008
159.5,0.000004
159.533333,0.000001
159.566667,0.000000
159.6,0.000000
159.633333,0.000000
159.666667,0.000000
159.7,0.000000
159.733333,0.000000
159.766667,0.000000
159.8,0.000000
159.833333,0.000000
159.866667,0.000000
159.9,0.000000
159.933333,0.000000
159.966667,0.000000
160,0.000074
160.033333,0.000008
160.066667,0.000002
160.1,0.000001
160.133333,0.000000
160.166667,0.000000
160.2,0.000000
160.233333,0.000000
160.266667,0.000000
160.3,0.000000
160.333333,0.000000
160.366667,0.000000
160.4,0.000000
160.433333,0.000000
160.466667,0.000000
160.5,0.052369
160.533333,0.000011
160.566667,0.000005
160.6,0.000001
160.633333,0.000000
160.666667,0.000000
160.7,0.000000
160.733333,0.000000
160.766667,0.000000
160.8,0.000000
160.833333,0.000000
160.866667,0.000000
160.9,0.000000
160.933333,0.000000
160.966667,0.000000
161,0.000000
161.033333,0.000000
161.066667,0.000000
161.1,0.000000
161.133333,0.000000
161.166667,0.000000
161.2,0.000000
161.233333,0.000000
161.266667,0.000000
161.3,0.000000
161.333333,0.000000
161.366667,0.000000
161.4,0.000000
161.433333,0.000000
161.466667,0.000000
161.5,0.000000
161.533333,0.000000
161.566667,0.000000
161.6,0.000000
161.633333,0.000000
161.666667,0.000000
161.7,0.000000
161.733333,0.000000
161.766667,0.000000
161.8,0.000000
161.833333,0.000000
161.866667,0.000000
161.9,0.000000
161.933333,0.000000
161.966667,0.000000
162,0.000000
162.033333,0.271912
162.066667,0.000430
162.1,0.000387
162.133333,0.000100
162.166667,0.000265
162.2,0.000035
162.233333,0.000002
162.266667,0.000008
162.3,0.000015
162.333333,0.000010
162.366667,0.000018
162.4,0.000003
162.433333,0.000014
162.466667,0.000007
162.5,0.000013
162.533333,0.000004
162.566667,0.000009
162.6,0.000008
162.633333,0.000014
162.666667,0.000009
162.7,0.000013
162.733333,0.000018
162.766667,0.000007
162.8,0.000020
162.833333,0.000011
162.866667,0.000014
162.9,0.000018
162.933333,0.000023
162.966667,0.000023
163,0.000019
163.033333,0.000021
163.066667,0.000034
163.1,0.000026
163.133333,0.000033
163.166667,0.000039
163.2,0.000036
163.233333,0.000064
163.266667,0.040552
163.3,0.001298
163.333333,0.000056
163.366667,0.000072
163.4,0.000012
163.433333,0.000002
163.466667,0.000000
163.5,0.000000
163.533333,0.000000
163.566667,0.000000
163.6,0.000000
163.633333,0.000000
163.666667,0.000000
163.7,0.000000
163.733333,0.000000
163.766667,0.000000
163.8,0.000000
163.833333,0.000000
163.866667,0.000000
163.9,0.000000
163.933333,0.000000
163.966667,0.000000
164,0.000000
164.033333,0.000000
164.066667,0.000000
164.1,0.000000
164.133333,0.000000
164.166667,0.000000
164.2,0.000000
164.233333,0.000000
164.266667,0.000000
164.3,0.000000
164.333333,0.000000
164.366667,0.000000
164.4,0.000000
164.433333,0.000000
164.466667,0.000000
164.5,0.000000
164.533333,0.000000
164.566667,0.000000
164.6,0.000000
164.633333,0.000000
164.666667,0.000000
164.7,0.000000
164.733333,0.000000
164.766667,0.000000
164.8,0.000000
164.833333,0.000000
164.866667,0.000000
164.9,0.000000
164.933333,0.000000
164.966667,0.000000
165,0.300738
165.033333,0.000235
165.066667,0.000369
165.1,0.000344
165.133333,0.000330
165.166667,0.000285
165.2,0.000244
165.233333,0.000235
165.266667,0.000212
165.3,0.000166
165.333333,0.000160
165.366667,0.000115
165.4,0.000109
165.433333,0.000074
165.466667,0.000061
165.5,0.000021
165.533333,0.000007
165.566667,0.000016
165.6,0.000054
165.633333,0.000082
165.666667,0.000098
165.7,0.000115
165.733333,0.000163
165.766667,0.000175
165.8,0.000203
165.833333,0.000229
165.866667,0.000251
165.9,0.000286
165.933333,0.000327
165.966667,0.000346
166,0.000224
166.033333,0.000001
166.066667,0.000381
166.1,0.000348
166.133333,0.000327
166.166667,0.000283
166.2,0.000248
166.233333,0.000234
166.266667,0.000203
166.3,0.000180
166.333333,0.000155
166.366667,0.000111
166.4,0.000105
166.433333,0.000081
166.466667,0.000056
166.5,0.000021
166.533333,0.000005
166.566667,0.052600
166.6,0.002886
166.633333,0.000081
166.666667,0.000103
166.7,0.000119
166.733333,0.000167
166.766667,0.000162
166.8,0.000211
166.833333,0.000228
166.866667,0.000247
166.9,0.000287
166.933333,0.000329
166.966667,0.000344
167,0.000219
167.033333,0.000000
167.066667,0.000386
167.1,0.000345
167.133333,0.000330
167.166667,0.000285
167.2,0.000243
167.233333,0.000234
167.266667,0.000211
167.3,0.000166
167.333333,0.000160
167.366667,0.000114
167.4,0.000109
167.433333,0.000074
167.466667,0.000061
167.5,0.000021
167.533333,0.000007
167.566667,0.000015
167.6,0.000055
167.633333,0.000083
167.666667,0.000098
167.7,0.000116
167.733333,0.000162
167.766667,0.000175
167.8,0.000203
167.833333,0.000228
167.866667,0.000252
167.9,0.000285
167.933333,0.000326
167.966667,0.000348
168,0.000295
168.033333,0.000089
168.066667,0.000377
168.1,0.000348
168.133333,0.000327
168.166667,0.000284
168.2,0.000249
168.233333,0.000235
168.266667,0.000203
168.3,0.000180
168.333333,0.000156
168.366667,0.000111
168.4,0.000105
168.433333,0.000081
168.466667,0.000056
168.5,0.000020
168.533333,0.000004
168.566667,0.000016
168.6,0.000060
168.633333,0.000073
168.666667,0.000102
168.7,0.000118
168.733333,0.000167
168.766667,0.000162
168.8,0.053545
168.833333,0.001818
168.866667,0.000251
168.9,0.000288
168.933333,0.000330
168.966667,0.000343
169,0.000219
169.033333,0.000000
169.066667,0.000386
169.1,0.000346
169.133333,0.000329
169.166667,0.000285
169.2,0.000244
169.233333,0.000234
169.266667,0.000210
169.3,0.000168
169.333333,0.000159
169.366667,0.000114
169.4,0.000109
169.433333,0.000074
169.466667,0.000061
169.5,0.000020
169.533333,0.000006
169.566667,0.000017
169.6,0.000054
169.633333,0.000082
169.666667,0.000099
169.7,0.000115
169.733333,0.000162
169.766667,0.000175
169.8,0.000203
169.833333,0.000229
169.866667,0.000251
169.9,0.000284
169.933333,0.000326
169.966667,0.000348
170,0.000223
170.033333,0.000001
170.066667,0.000381
170.1,0.000349
170.133333,0.000327
170.166667,0.000282
170.2,0.000248
170.233333,0.000234
170.266667,0.054462
170.3,0.002436
170.333333,0.000148
170.366667,0.000110
170.4,0.000105
170.433333,0.000083
170.466667,0.000056
170.5,0.000019
170.533333,0.000003
170.566667,0.000017
170.6,0.000058
170.633333,0.000074
170.666667,0.000102
170.7,0.000118
170.733333,0.000168
170.766667,0.000162
170.8,0.000210
170.833333,0.000230
170.866667,0.000246
170.9,0.000287
170.933333,0.000329
170.966667,0.000344
171,0.000219
171.033333,0.000000
171.066667,0.000386
171.1,0.000345
171.133333,0.000331
171.166667,0.000285
171.2,0.000244
171.233333,0.000234
171.266667,0.000210
171.3,0.000167
171.333333,0.000159
171.366667,0.000115
171.4,0.000108
171.433333,0.000073
171.466667,0.000062
171.5,0.000019
171.533333,0.000007
171.566667,0.000016
171.6,0.000055
171.633333,0.000083
171.666667,0.000099
171.7,0.000115
171.733333,0.000162
171.766667,0.000175
171.8,0.000204
171.833333,0.000228
171.866667,0.000252
171.9,0.000285
171.933333,0.000326
171.966667,0.000348
172,0.000223
172.033333,0.000001
172.066667,0.000383
172.1,0.000347
172.133333,0.000328
172.166667,0.000282
172.2,0.000249
172.233333,0.000234
172.266667,0.000202
172.3,0.107944
172.333333,0.000076
172.366667,0.000037
172.4,0.000027
172.433333,0.000000
172.466667,0.000028
172.5,0.000028
172.533333,0.000000
172.566667,0.000023
172.6,0.000019
172.633333,0.000003
172.666667,0.000001
172.7,0.000000
172.733333,0.000000
172.766667,0.000000
172.8,0.000000
172.833333,0.000000
172.866667,0.000001
172.9,0.000000
172.933333,0.000001
172.966667,0.000000
173,0.000002
173.033333,0.000019
173.066667,0.000019
173.1,0.000014
173.133333,0.000005
173.166667,0.000008
173.2,0.000007
173.233333,0.000004
173.266667,0.000001
173.3,0.000000
173.333333,0.000000
173.366667,0.000000
173.4,0.000000
173.433333,0.000000
173.466667,0.000000
173.5,0.000000
173.533333,0.000000
173.566667,0.000000
173.6,0.000000
173.633333,0.000000
173.666667,0.000000
173.7,0.000000
173.733333,0.000000
173.766667,0.000000
173.8,0.000000
173.833333,0.000000
173.866667,0.000000
173.9,0.000000
173.933333,0.000000
173.966667,0.000000
174,0.000000
174.033333,0.000000
174.066667,0.000000
174.1,0.000000
174.133333,0.000000
174.166667,0.000000
174.2,0.000000
174.233333,0.000000
174.266667,0.000000
174.3,0.000000
174.333333,0.000000
174.366667,0.000000
174.4,0.000000
174.433333,0.000000
174.466667,0.000000
174.5,0.000000
174.533333,0.000000
174.566667,0.000000
174.6,0.000000
174.633333,0.000000
174.666667,0.000000
174.7,0.000000
174.733333,0.000000
174.766667,0.000000
174.8,0.000000
174.833333,0.000000
174.866667,0.000000
174.9,0.000000
174.933333,0.000000
174.966667,0.000000
175,0.000000
175.033333,0.000000
175.066667,0.140474
175.1,0.000353
175.133333,0.000168
175.166667,0.000817
175.2,0.000355
175.233333,0.000167
175.266667,0.000122
175.3,0.000043
175.333333,0.000125
175.366667,0.000365
175.4,0.000198
175.433333,0.000250
175.466667,0.000249
175.5,0.000217
175.533333,0.000304
175.566667,0.000141
175.6,0.000144
175.633333,0.000108
175.666667,0.000159
175.7,0.000107
175.733333,0.000190
175.766667,0.000121
175.8,0.000126
175.833333,0.000117
175.866667,0.000069
175.9,0.000079
175.933333,0.000224
175.966667,0.000055
176,0.000087
176.033333,0.000028
176.066667,0.000177
176.1,0.000111
176.133333,0.000085
176.166667,0.000221
176.2,0.000055
176.233333,0.000560
176.266667,0.000395
176.3,0.000560
176.333333,0.000305
176.366667,0.000201
176.4,0.000157
176.433333,0.000061
176.466667,0.000022
176.5,0.000247
176.533333,0.000130
176.566667,0.000045
176.6,0.000063
176.633333,0.000217
176.666667,0.028337
176.7,0.000025
176.733333,0.000012
176.766667,0.000007
176.8,0.000001
176.833333,0.000007
176.866667,0.000008
176.9,0.000000
176.933333,0.000006
176.966667,0.000005
177,0.000002
177.033333,0.000000
177.066667,0.000000
177.1,0.000000
177.133333,0.000001
177.166667,0.000000
177.2,0.000000
177.233333,0.000000
177.266667,0.000000
177.3,0.000000
177.333333,0.000000
177.366667,0.000001
177.4,0.000005
177.433333,0.000006
177.466667,0.000005
177.5,0.000003
177.533333,0.000004
177.566667,0.000004
177.6,0.000003
177.633333,0.000001
177.666667,0.000000
177.7,0.000000
177.733333,0.000000
177.766667,0.000000
177.8,0.000000
177.833333,0.000000
177.866667,0.000000
177.9,0.000000
177.933333,0.000000
177.966667,0.029521
178,0.000011
178.033333,0.000004
178.066667,0.000001
178.1,0.000000
178.133333,0.000000
178.166667,0.000000
178.2,0.000000
178.233333,0.000000
178.266667,0.000000
178.3,0.000000
178.333333,0.000000
178.366667,0.000000
178.4,0.000000
178.433333,0.000000
178.466667,0.000000
178.5,0.000000
178.533333,0.000000
178.566667,0.000000
178.6,0.000000
178.633333,0.000000
178.666667,0.000000
178.7,0.000000
178.733333,0.000000
178.766667,0.000000
178.8,0.000000
178.833333,0.000000
178.866667,0.000000
178.9,0.000000
178.933333,0.000000
178.966667,0.000000
179,0.000000
179.033333,0.000000
179.066667,0.000000
179.1,0.000000
179.133333,0.000000
179.166667,0.000000
179.2,0.000000
179.233333,0.000000
179.266667,0.000000
179.3,0.000000
179.333333,0.000000
179.366667,0.000000
179.4,0.000000
179.433333,0.000000
179.466667,0.000000
179.5,0.000000
179.533333,0.000000
179.566667,0.000000
179.6,0.000000
179.633333,0.000000
179.666667,0.028312
179.7,0.000009
179.733333,0.000003
179.766667,0.000001
179.8,0.000000
179.833333,0.000000
179.866667,0.000000
179.9,0.000000
179.933333,0.000000
179.966667,0.000000
180,0.000000
180.033333,0.000000
180.066667,0.000000
180.1,0.000000
180.133333,0.000000
180.166667,0.000000
180.2,0.000000
180.233333,0.000000
180.266667,0.000000
180.3,0.000000
180.333333,0.000000
180.366667,0.000000
180.4,0.000000
180.433333,0.000000
180.466667,0.000000
180.5,0.000000
180.533333,0.000000
180.566667,0.000000
180.6,0.000000
180.633333,0.000000
180.666667,0.000000
180.7,0.000000
180.733333,0.000000
180.766667,0.000000
180.8,0.000000
180.833333,0.000000
180.866667,0.000000
180.9,0.000000
180.933333,0.000000
180.966667,0.000000
181,0.000000
181.033333,0.000000
181.066667,0.000000
181.1,0.000000
181.133333,0.000000
181.166667,0.000000
181.2,0.000000
181.233333,0.000000
181.266667,0.000000
181.3,0.000000
181.333333,0.050341
181.366667,0.000009
181.4,0.000003
181.433333,0.000001
181.466667,0.000000
181.5,0.000000
181.533333,0.000000
181.566667,0.000000
181.6,0.000000
181.633333,0.000000
181.666667,0.000000
181.7,0.000000
181.733333,0.000000
181.766667,0.000000
181.8,0.000000
181.833333,0.000000
181.866667,0.000000
181.9,0.000000
181.933333,0.000000
181.966667,0.000000
182,0.000000
182.033333,0.000000
182.066667,0.000000
182.1,0.000000
182.133333,0.000000
182.166667,0.000000
182.2,0.000000
182.233333,0.000000
182.266667,0.000000
182.3,0.000000
182.333333,0.000000
182.366667,0.000000
182.4,0.000000
182.433333,0.000000
182.466667,0.000000
182.5,0.000000
182.533333,0.000000
182.566667,0.000000
182.6,0.000000
182.633333,0.000000
182.666667,0.000000
182.7,0.000000
182.733333,0.000000
182.766667,0.000000
182.8,0.000000
182.833333,0.000000
182.866667,0.000000
182.9,0.000000
182.933333,0.000000
182.966667,0.000000
183,0.000000
183.033333,0.030447
183.066667,0.000009
183.1,0.000003
183.133333,0.000001
183.166667,0.000000
183.2,0.000000
183.233333,0.000000
183.266667,0.000000
183.3,0.000000
183.333333,0.000000
183.366667,0.000000
183.4,0.000000
183.433333,0.000000
183.466667,0.000000
183.5,0.000000
183.533333,0.000000
183.566667,0.000000
183.6,0.000000
183.633333,0.000000
183.666667,0.000000
183.7,0.000000
183.733333,0.000000
183.766667,0.000000
183.8,0.000000
183.833333,0.000000
183.866667,0.000000
183.9,0.000000
183.933333,0.000000
183.966667,0.000000
184,0.000047
184.033333,0.000007
184.066667,0.000002
184.1,0.000001
184.133333,0.000000
184.166667,0.000000
184.2,0.000000
184.233333,0.000000
184.266667,0.000000
184.3,0.000000
184.333333,0.000000
184.366667,0.000000
184.4,0.000000
184.433333,0.000000
184.466667,0.000000
184.5,0.000000
184.533333,0.000000
184.566667,0.000000
184.6,0.000000
184.633333,0.000000
184.666667,0.000000
184.7,0.000000
184.733333,0.000000
184.766667,0.000000
184.8,0.000000
184.833333,0.000000
184.866667,0.000000
184.9,0.068581
184.933333,0.000014
184.966667,0.000005
185,0.000002
185.033333,0.000000
185.066667,0.000000
185.1,0.000000
185.133333,0.000000
185.166667,0.000000
185.2,0.000000
185.233333,0.000000
185.266667,0.000000
185.3,0.000000
185.333333,0.000000
185.366667,0.000000
185.4,0.000000
185.433333,0.000000
185.466667,0.000000
185.5,0.000000
185.533333,0.000000
185.566667,0.000000
185.6,0.000000
185.633333,0.000000
185.666667,0.000000
185.7,0.000000
185.733333,0.000000
185.766667,0.000000
185.8,0.000000
185.833333,0.000000
185.866667,0.000000
185.9,0.000000
185.933333,0.000000
185.966667,0.000000
186,0.000000
186.033333,0.000000
186.066667,0.000000
186.1,0.000000
186.133333,0.000000
186.166667,0.000000
186.2,0.000000
186.233333,0.000000
186.266667,0.000000
186.3,0.000000
186.333333,0.000000
186.366667,0.000000
186.4,0.000000
186.433333,0.000000
186.466667,0.000000
186.5,0.000000
186.533333,0.000000
186.566667,0.000000
186.6,0.000000
186.633333,0.000000
186.666667,0.000000
186.7,0.000000
186.733333,0.000000
186.766667,0.000000
186.8,0.000000
186.833333,0.000000
186.866667,0.000000
186.9,0.000000
186.933333,0.000000
186.966667,0.000000
187,0.000000
187.033333,0.000000
187.066667,0.000000
187.1,0.000000
187.133333,0.000000
187.166667,0.000000
187.2,0.000000
187.233333,0.000000
187.266667,0.000000
187.3,0.000000
187.333333,0.000000
187.366667,0.000000
187.4,0.000000
187.433333,0.037704
187.466667,0.000014
187.5,0.000004
187.533333,0.000001
187.566667,0.000000
187.6,0.000000
187.633333,0.000000
187.666667,0.000000
187.7,0.000000
187.733333,0.000000
187.766667,0.000000
187.8,0.000000
187.833333,0.000000
187.866667,0.000000
187.9,0.000000
187.933333,0.000000
187.966667,0.000000
188,0.000000
188.033333,0.000000
188.066667,0.000000
188.1,0.000000
188.133333,0.000000
188.166667,0.000000
188.2,0.000000
188.233333,0.000000
188.266667,0.000000
188.3,0.000000
188.333333,0.000000
188.366667,0.000000
188.4,0.000000
188.433333,0.000000
188.466667,0.000000
188.5,0.000000
188.533333,0.000000
188.566667,0.000000
188.6,0.000000
188.633333,0.000000
188.666667,0.000000
188.7,0.000000
188.733333,0.000000
188.766667,0.000000
188.8,0.000000
188.833333,0.000000
188.866667,0.000000
188.9,0.000000
188.933333,0.000000
188.966667,0.000000
189,0.000000
189.033333,0.000000
189.066667,0.000000
189.1,0.000000
189.133333,0.000000
189.166667,0.000000
189.2,0.000000
189.233333,0.000000
189.266667,0.000000
189.3,0.000000
189.333333,0.000000
189.366667,0.000000
189.4,0.000000
189.433333,0.000000
189.466667,0.000000
189.5,0.000000
189.533333,0.000000
189.566667,0.000000
189.6,0.000000
189.633333,0.000000
189.666667,0.000000
189.7,0.000000
189.733333,0.000000
189.766667,0.000000
189.8,0.000000
189.833333,0.000000
189.866667,0.000000
189.9,0.000000
189.933333,0.000000
189.966667,0.000000
190,0.000000
190.033333,0.000000
190.066667,0.000000
190.1,0.000000
190.133333,0.000000
190.166667,0.000000
190.2,0.000000
190.233333,0.000000
190.266667,0.000000
190.3,0.078409
190.333333,0.000107
190.366667,0.000061
190.4,0.000068
190.433333,0.000001
190.466667,0.000005
190.5,0.000079
190.533333,0.000077
190.566667,0.000071
190.6,0.000066
190.633333,0.000005
190.666667,0.000074
190.7,0.000073
190.733333,0.000077
190.766667,0.000078
190.8,0.000003
190.833333,0.000074
190.866667,0.000006
190.9,0.000064
190.933333,0.000072
190.966667,0.000075
191,0.000075
191.033333,0.000074
191.066667,0.000072
191.1,0.000003
191.133333,0.000076
191.166667,0.000077
191.2,0.000000
191.233333,0.000006
191.266667,0.000003
191.3,0.000067
191.333333,0.000070
191.366667,0.000001
191.4,0.000001
191.433333,0.000003
191.466667,0.000000
191.5,0.000068
191.533333,0.000065
191.566667,0.000001
191.6,0.000001
191.633333,0.000072
191.666667,0.000070
191.7,0.000070
191.733333,0.000070
191.766667,0.000074
191.8,0.000001
191.833333,0.000004
191.866667,0.000003
191.9,0.000003
191.933333,0.000003
191.966667,0.000071
192,0.000047
192.033333,0.000039
192.066667,0.000000
192.1,0.000075
192.133333,0.000079
192.166667,0.000002
192.2,0.000154
192.233333,0.000307
192.266667,0.050000
192.3,0.000011
192.333333,0.000004
192.366667,0.000001
192.4,0.000000
192.433333,0.000000
192.466667,0.000000
192.5,0.000000
192.533333,0.000000
192.566667,0.000000
192.6,0.000000
192.633333,0.000000
192.666667,0.000000
192.7,0.000000
192.733333,0.000000
192.766667,0.000000
192.8,0.000000
192.833333,0.000000
192.866667,0.000000
192.9,0.000000
192.933333,0.000000
192.966667,0.000000
193,0.000000
193.033333,0.000000
193.066667,0.000000
193.1,0.000000
193.133333,0.000000
193.166667,0.000000
193.2,0.000000
193.233333,0.000000
193.266667,0.000000
193.3,0.000000
193.333333,0.000000
193.366667,0.000000
193.4,0.000000
193.433333,0.000000
193.466667,0.000000
193.5,0.000000
193.533333,0.000000
193.566667,0.000000
193.6,0.000000
193.633333,0.000000
193.666667,0.000000
193.7,0.000000
193.733333,0.000000
193.766667,0.000000
193.8,0.000000
193.833333,0.000000
193.866667,0.000000
193.9,0.000000
193.933333,0.000000
193.966667,0.000000
194,0.000000
194.033333,0.000000
194.066667,0.000000
194.1,0.000000
194.133333,0.000000
194.166667,0.000000
194.2,0.000000
194.233333,0.000000
194.266667,0.000000
194.3,0.000000
194.333333,0.000000
194.366667,0.000000
194.4,0.000000
194.433333,0.000000
194.466667,0.000000
194.5,0.000000
194.533333,0.067579
194.566667,0.000009
194.6,0.000004
194.633333,0.000001
194.666667,0.000000
194.7,0.000000
194.733333,0.000000
194.766667,0.000000
194.8,0.000000
194.833333,0.000000
194.866667,0.000000
194.9,0.000000
194.933333,0.000000
194.966667,0.000000
195,0.000000
195.033333,0.000000
195.066667,0.000000
195.1,0.000000
195.133333,0.000000
195.166667,0.000000
195.2,0.000000
195.233333,0.000000
195.266667,0.000000
195.3,0.000000
195.333333,0.000000
195.366667,0.000000
195.4,0.000000
195.433333,0.000000
195.466667,0.000000
195.5,0.000000
195.533333,0.000000
195.566667,0.000000
195.6,0.000000
195.633333,0.000000
195.666667,0.000000
195.7,0.000000
195.733333,0.000000
195.766667,0.000000
195.8,0.000000
195.833333,0.000000
195.866667,0.000000
195.9,0.000000
195.933333,0.000000
195.966667,0.000000
196,0.000000
196.033333,0.000000
196.066667,0.000000
196.1,0.000000
196.133333,0.000000
196.166667,0.000801
196.2,0.051033
196.233333,0.000501
196.266667,0.000084
196.3,0.000006
196.333333,0.000073
196.366667,0.000002
196.4,0.000074
196.433333,0.000003
196.466667,0.000071
196.5,0.000072
196.533333,0.000072
196.566667,0.000070
196.6,0.000007
196.633333,0.000066
196.666667,0.000068
196.7,0.000072
196.733333,0.000000
196.766667,0.000072
196.8,0.000073
196.833333,0.000004
196.866667,0.000003
196.9,0.000000
196.933333,0.000004
196.966667,0.000001
197,0.000002
197.033333,0.000074
197.066667,0.000069
197.1,0.000003
197.133333,0.000002
197.166667,0.000073
197.2,0.000076
197.233333,0.000006
197.266667,0.000069
197.3,0.000073
197.333333,0.000075
197.366667,0.000073
197.4,0.000071
197.433333,0.000070
197.466667,0.000073
197.5,0.000076
197.533333,0.000075
197.566667,0.000073
197.6,0.000074
197.633333,0.000000
197.666667,0.000075
197.7,0.000078
197.733333,0.000004
197.766667,0.000074
197.8,0.000081
197.833333,0.000006
197.866667,0.000000
197.9,0.000074
197.933333,0.000073
197.966667,0.000005
198,0.000005
198.033333,0.000072
198.066667,0.000074
198.1,0.000000
198.133333,0.000002
198.166667,0.000000
198.2,0.000003
198.233333,0.000079
198.266667,0.000081
198.3,0.000006
198.333333,0.000007
198.366667,0.051463
198.4,0.000007
198.433333,0.000003
198.466667,0.000001
198.5,0.000000
198.533333,0.000000
198.566667,0.000000
198.6,0.000000
198.633333,0.000000
198.666667,0.000000
198.7,0.000000
198.733333,0.000000
198.766667,0.000000
198.8,0.000000
198.833333,0.000000
198.866667,0.000000
198.9,0.000000
198.933333,0.000000
198.966667,0.000000
199,0.000000
199.033333,0.000000
199.066667,0.000000
199.1,0.000000
199.133333,0.000000
199.166667,0.000000
199.2,0.000000
199.233333,0.000000
199.266667,0.000000
199.3,0.000000
199.333333,0.000000
199.366667,0.000000
199.4,0.000000
199.433333,0.000000
199.466667,0.000000
199.5,0.000000
199.533333,0.056030
199.566667,0.000012
199.6,0.000004
199.633333,0.000001
199.666667,0.000000
199.7,0.000000
199.733333,0.000000
199.766667,0.000000
199.8,0.000000
199.833333,0.000000
199.866667,0.000000
199.9,0.000000
199.933333,0.000000
199.966667,0.000000
200,0.000040
200.033333,0.000008
200.066667,0.000002
200.1,0.000001
200.133333,0.000000
200.166667,0.000000
200.2,0.000000
200.233333,0.000000
200.266667,0.000000
200.3,0.000000
200.333333,0.000000
200.366667,0.000000
200.4,0.000000
200.433333,0.000000
200.466667,0.000000
200.5,0.000000
200.533333,0.000000
200.566667,0.000000
200.6,0.000000
200.633333,0.000000
200.666667,0.000000
200.7,0.000000
200.733333,0.000000
200.766667,0.000000
200.8,0.000000
200.833333,0.000000
200.866667,0.000000
200.9,0.000000
200.933333,0.000000
200.966667,0.000000
201,0.000000
201.033333,0.000000
201.066667,0.000000
201.1,0.000000
201.133333,0.000000
201.166667,0.000000
201.2,0.000000
201.233333,0.000000
201.266667,0.000000
201.3,0.000000
201.333333,0.000000
201.366667,0.000000
201.4,0.000000
201.433333,0.000000
201.466667,0.000000
201.5,0.000000
201.533333,0.000000
201.566667,0.056842
201.6,0.000232
201.633333,0.000051
201.666667,0.000001
201.7,0.000105
201.733333,0.000033
201.766667,0.000107
201.8,0.000105
201.833333,0.000135
201.866667,0.000009
201.9,0.000433
201.933333,0.000153
201.966667,0.000124
202,0.000120
202.033333,0.000164
202.066667,0.000260
202.1,0.000033
202.133333,0.000206
202.166667,0.000050
202.2,0.000633
202.233333,0.000078
202.266667,0.000085
202.3,0.000078
202.333333,0.000227
202.366667,0.000241
202.4,0.000037
202.433333,0.000251
202.466667,0.076699
202.5,0.000658
202.533333,0.000078
202.566667,0.000063
202.6,0.000062
202.633333,0.000001
202.666667,0.000164
202.7,0.000107
202.733333,0.000046
202.766667,0.000065
202.8,0.000235
202.833333,0.000135
202.866667,0.000176
202.9,0.000008
202.933333,0.000259
202.966667,0.000083
203,0.000063
203.033333,0.000084
203.066667,0.000204
203.1,0.000059
203.133333,0.000026
203.166667,0.000088
203.2,0.000123
203.233333,0.000233
203.266667,0.000053
203.3,0.000188
203.333333,0.000004
203.366667,0.000235
203.4,0.000149
203.433333,0.000005
203.466667,0.000174
203.5,0.000042
203.533333,0.000146
203.566667,0.000046
203.6,0.000051
203.633333,0.000009
203.666667,0.000451
203.7,0.000203
203.733333,0.000074
203.766667,0.000246
203.8,0.000061
203.833333,0.000320
203.866667,0.000027
203.9,0.000119
203.933333,0.000008
203.966667,0.000307
204,0.000038
204.033333,0.000019
204.066667,0.000091
204.1,0.000008
204.133333,0.000094
204.166667,0.000046
204.2,0.000104
204.233333,0.000032
204.266667,0.000502
204.3,0.000042
204.333333,0.000051
204.366667,0.000074
204.4,0.000133
204.433333,0.000127
204.466667,0.000000
204.5,0.000149
204.533333,0.000091
204.566667,0.000354
204.6,0.000051
204.633333,0.000060
204.666667,0.000015
204.7,0.000864
204.733333,0.000342
204.766667,0.000081
204.8,0.000488
204.833333,0.000107
204.866667,0.000195
204.9,0.000135
204.933333,0.000176
204.966667,0.000007
205,0.049099
205.033333,0.000013
205.066667,0.000006
205.1,0.000001
205.133333,0.000000
205.166667,0.000000
205.2,0.000000
205.233333,0.000000
205.266667,0.000000
205.3,0.000000
205.333333,0.000000
205.366667,0.000000
205.4,0.000000
205.433333,0.000000
205.466667,0.000000
205.5,0.000000
205.533333,0.000000
205.566667,0.000000
205.6,0.000000
205.633333,0.000000
205.666667,0.000000
205.7,0.000000
205.733333,0.000000
205.766667,0.000000
205.8,0.000000
205.833333,0.000000
205.866667,0.000000
205.9,0.000000
205.933333,0.000000
205.966667,0.000000
206,0.000000
206.033333,0.000000
206.066667,0.000000
206.1,0.000000
206.133333,0.000000
206.166667,0.000000
206.2,0.000000
206.233333,0.000000
206.266667,0.000000
206.3,0.000000
206.333333,0.000000
206.366667,0.000000
206.4,0.000000
206.433333,0.000000
206.466667,0.000000
206.5,0.000000
206.533333,0.000000
206.566667,0.000000
206.6,0.000000
206.633333,0.000000
206.666667,0.000000
206.7,0.000000
206.733333,0.000000
206.766667,0.037311
206.8,0.000012
206.833333,0.000005
206.866667,0.000001
206.9,0.000000
206.933333,0.000000
206.966667,0.000000
207,0.000000
207.033333,0.000000
207.066667,0.000000
207.1,0.000000
207.133333,0.000000
207.166667,0.000000
207.2,0.000000
207.233333,0.000000
207.266667,0.000000
207.3,0.000000
207.333333,0.000000
207.366667,0.000000
207.4,0.000000
207.433333,0.000000
207.466667,0.000000
207.5,0.000000
207.533333,0.000000
207.566667,0.000000
207.6,0.000000
207.633333,0.000000
207.666667,0.000000
207.7,0.000000
207.733333,0.000000
207.766667,0.000000
207.8,0.000000
207.833333,0.000000
207.866667,0.000000
207.9,0.000000
207.933333,0.000000
207.966667,0.000000
208,0.000070
208.033333,0.000010
208.066667,0.000003
208.1,0.000001
208.133333,0.000000
208.166667,0.000000
208.2,0.000000
208.233333,0.000000
208.266667,0.000000
208.3,0.000000
208.333333,0.000000
208.366667,0.000000
208.4,0.000000
208.433333,0.000000
208.466667,0.000000
208.5,0.000000
208.533333,0.028980
208.566667,0.000013
208.6,0.000005
208.633333,0.000001
208.666667,0.000000
208.7,0.000000
208.733333,0.000000
208.766667,0.000000
208.8,0.000000
208.833333,0.000000
208.866667,0.000000
208.9,0.000000
208.933333,0.000000
208.966667,0.000000
209,0.000000
209.033333,0.000000
209.066667,0.000000
209.1,0.000000
209.133333,0.000000
209.166667,0.000000
209.2,0.000000
209.233333,0.000000
209.266667,0.000000
209.3,0.000000
209.333333,0.000000
209.366667,0.000000
209.4,0.000000
209.433333,0.000000
209.466667,0.000000
209.5,0.000000
209.533333,0.000000
209.566667,0.000000
209.6,0.000000
209.633333,0.000000
209.666667,0.000000
209.7,0.000000
209.733333,0.000000
209.766667,0.000000
209.8,0.000000
209.833333,0.000000
209.866667,0.000000
209.9,0.039640
209.933333,0.000013
209.966667,0.000005
210,0.000001
210.033333,0.000000
210.066667,0.000000
210.1,0.000000
210.133333,0.000000
210.166667,0.000000
210.2,0.000000
210.233333,0.000000
210.266667,0.000000
210.3,0.000000
210.333333,0.000000
210.366667,0.000000
210.4,0.000000
210.433333,0.000000
210.466667,0.000000
210.5,0.000000
210.533333,0.000000
210.566667,0.000000
210.6,0.000000
210.633333,0.000000
210.666667,0.000000
210.7,0.000000
210.733333,0.000000
210.766667,0.000000
210.8,0.000000
210.833333,0.000000
210.866667,0.000000
210.9,0.000000
210.933333,0.000000
210.966667,0.000000
211,0.000000
211.033333,0.000000
211.066667,0.000000
211.1,0.000000
211.133333,0.000000
211.166667,0.000000
211.2,0.000000
211.233333,0.000000
211.266667,0.000000
211.3,0.000000
211.333333,0.000000
211.366667,0.000000
211.4,0.000000
211.433333,0.000000
211.466667,0.000000
211.5,0.000000
211.533333,0.000000
211.566667,0.000000
211.6,0.000000
211.633333,0.000000
211.666667,0.000000
211.7,0.000000
211.733333,0.000000
211.766667,0.118415
211.8,0.000464
211.833333,0.000125
211.866667,0.000006
211.9,0.000121
211.933333,0.000111
211.966667,0.000026
212,0.000146
212.033333,0.000141
212.066667,0.000021
212.1,0.000005
212.133333,0.000011
212.166667,0.000036
212.2,0.000115
212.233333,0.000111
212.266667,0.000139
212.3,0.000129
212.333333,0.000161
212.366667,0.000012
212.4,0.000016
212.433333,0.000006
212.466667,0.000170
212.5,0.000003
212.533333,0.000031
212.566667,0.000160
212.6,0.000030
212.633333,0.000186
212.666667,0.000170
212.7,0.000229
212.733333,0.000554
212.766667,0.001605
212.8,0.000005
212.833333,0.000001
212.866667,0.000000
212.9,0.000000
212.933333,0.000000
212.966667,0.000000
213,0.000000
213.033333,0.000000
213.066667,0.000000
213.1,0.000000
213.133333,0.000000
213.166667,0.000000
213.2,0.000000
213.233333,0.000000
213.266667,0.000000
213.3,0.000000
213.333333,0.000000
213.366667,0.000000
213.4,0.000000
213.433333,0.000000
213.466667,0.000000
213.5,0.000000
213.533333,0.000000
213.566667,0.000000
213.6,0.000000
213.633333,0.000000
213.666667,0.000000
213.7,0.000000
213.733333,0.000000
213.766667,0.000000
213.8,0.000000
213.833333,0.000000
213.866667,0.000000
213.9,0.000000
213.933333,0.000000
213.966667,0.000000
214,0.000000
214.033333,0.000000
214.066667,0.000000
214.1,0.000000
214.133333,0.000000
214.166667,0.000000
214.2,0.000000
214.233333,0.065419
214.266667,0.000008
214.3,0.000004
214.333333,0.000001
214.366667,0.000000
214.4,0.000000
214.433333,0.000000
214.466667,0.000000
214.5,0.000000
214.533333,0.000000
214.566667,0.000000
214.6,0.000000
214.633333,0.000000
214.666667,0.000000
214.7,0.000000
214.733333,0.000000
214.766667,0.000000
214.8,0.000000
214.833333,0.000000
214.866667,0.000000
214.9,0.000000
214.933333,0.000000
214.966667,0.000000
215,0.000000
215.033333,0.000000
215.066667,0.000000
215.1,0.000000
215.133333,0.046531
215.166667,0.000011
215.2,0.000005
215.233333,0.000001
215.266667,0.000000
215.3,0.000000
215.333333,0.000000
215.366667,0.000000
215.4,0.000000
215.433333,0.000000
215.466667,0.000000
215.5,0.000000
215.533333,0.000000
215.566667,0.000000
215.6,0.000000
215.633333,0.000000
215.666667,0.000000
215.7,0.000000
215.733333,0.000000
215.766667,0.000000
215.8,0.000000
215.833333,0.000000
215.866667,0.000000
215.9,0.000000
215.933333,0.000000
215.966667,0.000000
216,0.000110
216.033333,0.000009
216.066667,0.000002
216.1,0.000001
216.133333,0.000000
216.166667,0.000000
216.2,0.000000
216.233333,0.000000
216.266667,0.000000
216.3,0.000000
216.333333,0.000000
216.366667,0.000000
216.4,0.000000
216.433333,0.000000
216.466667,0.000000
216.5,0.000000
216.533333,0.000000
216.566667,0.000000
216.6,0.000000
216.633333,0.000000
216.666667,0.000000
216.7,0.000000
216.733333,0.000000
216.766667,0.000000
216.8,0.000000
216.833333,0.000000
216.866667,0.000000
216.9,0.000000
216.933333,0.000000
216.966667,0.000000
217,0.000000
217.033333,0.329039
217.066667,0.000016
217.1,0.000338
217.133333,0.000084
217.166667,0.000549
217.2,0.000055
217.233333,0.000118
217.266667,0.000054
217.3,0.000008
217.333333,0.000000
217.366667,0.000000
217.4,0.000000
217.433333,0.000000
217.466667,0.000000
217.5,0.000000
217.533333,0.000000
217.566667,0.000000
217.6,0.000000
217.633333,0.000000
217.666667,0.000000
217.7,0.000000
217.733333,0.000000
217.766667,0.000000
217.8,0.000000
217.833333,0.000000
217.866667,0.000000
217.9,0.000000
217.933333,0.000000
217.966667,0.000000
218,0.000000
218.033333,0.000000
218.066667,0.000000
218.1,0.000000
218.133333,0.000000
218.166667,0.000000
218.2,0.000000
218.233333,0.000000
218.266667,0.000000
218.3,0.000000
218.333333,0.000000
218.366667,0.000000
218.4,0.000000
218.433333,0.000000
218.466667,0.036406
218.5,0.000127
218.533333,0.000016
218.566667,0.000003
218.6,0.000000
218.633333,0.000000
218.666667,0.000000
218.7,0.000000
218.733333,0.000000
218.766667,0.000000
218.8,0.000000
218.833333,0.000000
218.866667,0.000000
218.9,0.000000
218.933333,0.000000
218.966667,0.000000
219,0.000000
219.033333,0.000000
219.066667,0.000000
219.1,0.000000
219.133333,0.000000
219.166667,0.000000
219.2,0.000000
219.233333,0.000000
219.266667,0.000000
219.3,0.000000
219.333333,0.000000
219.366667,0.000000
219.4,0.000000
219.433333,0.000000
219.466667,0.000000
219.5,0.000000
219.533333,0.000000
219.566667,0.000000
219.6,0.000000
219.633333,0.000000
219.666667,0.000000
219.7,0.000000
219.733333,0.000000
219.766667,0.000000
219.8,0.000000
219.833333,0.000000
219.866667,0.000000
219.9,0.000000
219.933333,0.000000
219.966667,0.000000
220,0.000000
220.033333,0.000000
220.066667,0.000000
220.1,0.000000
220.133333,0.000000
220.166667,0.000000
220.2,0.000000
220.233333,0.000000
220.266667,0.000000
220.3,0.000000
220.333333,0.000000
220.366667,0.000000
220.4,0.000000
220.433333,0.057283
220.466667,0.000130
220.5,0.000019
220.533333,0.000002
220.566667,0.000000
220.6,0.000000
220.633333,0.000000
220.666667,0.000000
220.7,0.000000
220.733333,0.000000
220.766667,0.000000
220.8,0.000000
220.833333,0.000000
220.866667,0.000000
220.9,0.000000
220.933333,0.000000
220.966667,0.000000
221,0.000000
221.033333,0.000000
221.066667,0.000000
221.1,0.000000
221.133333,0.000000
221.166667,0.000000
221.2,0.000000
221.233333,0.000000
221.266667,0.000000
221.3,0.000000
221.333333,0.000000
221.366667,0.000000
221.4,0.000000
221.433333,0.000000
221.466667,0.000000
221.5,0.000000
221.533333,0.000000
221.566667,0.000000
221.6,0.000000
221.633333,0.000000
221.666667,0.000000
221.7,0.000000
221.733333,0.000000
221.766667,0.000000
221.8,0.000000
221.833333,0.000000
221.866667,0.000000
221.9,0.000000
221.933333,0.000000
221.966667,0.000000
222,0.000000
222.033333,0.000000
222.066667,0.000000
222.1,0.000000
222.133333,0.000000
222.166667,0.000000
222.2,0.000000
222.233333,0.000000
222.266667,0.000000
222.3,0.000000
222.333333,0.000000
222.366667,0.000000
222.4,0.000000
222.433333,0.000000
222.466667,0.000000
222.5,0.000000
222.533333,0.000000
222.566667,0.000000
222.6,0.000000
222.633333,0.000000
222.666667,0.000000
222.7,0.000000
222.733333,0.000000
222.766667,0.000000
222.8,0.000000
222.833333,0.000000
222.866667,0.000000
222.9,0.000000
222.933333,0.000000
222.966667,0.000000
223,0.000000
223.033333,0.000000
223.066667,0.000000
223.1,0.000000
223.133333,0.000000
223.166667,0.000000
223.2,0.000000
223.233333,0.000000
223.266667,0.000000
223.3,0.000000
223.333333,1.000000
223.366667,0.034825
223.4,0.071781
223.433333,0.067840
223.466667,0.008218
223.5,0.000027
223.533333,0.000008
223.566667,0.000003
223.6,0.000000
223.633333,0.000000
223.666667,0.000000
223.7,0.000000
223.733333,0.000000
223.766667,0.000000
223.8,0.000000
223.833333,0.000000
223.866667,0.000000
223.9,0.000000
223.933333,0.000000
223.966667,0.000000
224,0.000124
224.033333,0.000006
224.066667,0.000002
224.1,0.000000
224.133333,0.000000
224.166667,0.000000
224.2,0.000000
224.233333,0.000000
224.266667,0.000000
224.3,0.000000
224.333333,0.000000
224.366667,0.000000
224.4,0.000000
224.433333,0.000000
224.466667,0.000000
224.5,0.000000
224.533333,0.000000
224.566667,0.000000
224.6,0.000000
224.633333,0.000000
224.666667,0.000000
224.7,0.000000
224.733333,0.000000
224.766667,0.000000
224.8,0.000000
224.833333,0.000000
224.866667,0.000000
224.9,0.000000
224.933333,0.000000
224.966667,0.000000
225,1.000000
225.033333,0.000045
225.066667,0.000011
225.1,0.000005
225.133333,0.000001
225.166667,0.000000
225.2,0.000000
225.233333,0.000000
225.266667,0.000000
225.3,0.000000
225.333333,0.000000
225.366667,0.000000
225.4,0.000000
225.433333,0.000000
225.466667,0.000000
225.5,0.000000
225.533333,0.000000
225.566667,0.000000
225.6,0.000000
225.633333,0.000000
225.666667,0.000000
225.7,0.000000
225.733333,0.000000
225.766667,0.000000
225.8,0.000000
225.833333,0.000000
225.866667,0.000000
225.9,0.000000
225.933333,0.000000
225.966667,0.000000
226,0.000000
226.033333,0.000000
226.066667,0.000000
226.1,0.000000
226.133333,0.000000
226.166667,0.000000
226.2,0.000000
226.233333,0.000000
226.266667,0.000000
226.3,0.000000
226.333333,0.000000
226.366667,0.000000
226.4,0.000000
226.433333,0.000000
226.466667,0.000000
226.5,0.000000
226.533333,0.000000
226.566667,0.000000
226.6,0.000000
226.633333,0.000000
226.666667,0.000000
226.7,0.000000
226.733333,0.000000
226.766667,0.000000
226.8,0.000000
226.833333,0.000000
226.866667,0.000000
226.9,0.000000
226.933333,0.000000
226.966667,0.040836
227,0.000009
227.033333,0.000003
227.066667,0.000001
227.1,0.000000
227.133333,0.000000
227.166667,0.000000
227.2,0.000000
227.233333,0.000000
227.266667,0.000000
227.3,0.000000
227.333333,0.000000
227.366667,0.000000
227.4,0.000000
227.433333,0.000000
227.466667,0.000000
227.5,0.000000
227.533333,0.000000
227.566667,0.000000
227.6,0.000000
227.633333,0.000000
227.666667,0.000000
227.7,0.000000
227.733333,0.000000
227.766667,0.000000
227.8,0.000000
227.833333,0.000000
227.866667,0.000000
227.9,0.000000
227.933333,0.000000
227.966667,0.000000
228,0.000000
228.033333,0.000000
228.066667,0.000000
228.1,0.000000
228.133333,0.000000
228.166667,0.000000
228.2,0.000000
228.233333,0.000000
228.266667,0.000000
228.3,0.000000
228.333333,0.000000
228.366667,0.000000
228.4,0.000000
228.433333,0.000000
228.466667,0.000000
228.5,0.000000
228.533333,0.000000
228.566667,0.000000
228.6,0.000000
228.633333,0.039061
228.666667,0.000012
228.7,0.000006
228.733333,0.000001
228.766667,0.000000
228.8,0.000000
228.833333,0.000000
228.866667,0.000000
228.9,0.000000
228.933333,0.000000
228.966667,0.000000
229,0.000000
229.033333,0.000000
229.066667,0.000000
229.1,0.000000
229.133333,0.000000
229.166667,0.000000
229.2,0.000000
229.233333,0.000000
229.266667,0.000000
229.3,0.000000
229.333333,0.000000
229.366667,0.000000
229.4,0.000000
229.433333,0.000000
229.466667,0.000000
229.5,0.000000
229.533333,0.000000
229.566667,0.000000
229.6,0.000000
229.633333,0.000000
229.666667,0.000000
229.7,0.000000
229.733333,0.000000
229.766667,0.000000
229.8,0.000000
229.833333,0.000000
229.866667,0.000000
229.9,0.000000
229.933333,0.000000
229.966667,0.000000
230,0.000000
230.033333,0.000000
230.066667,0.000000
230.1,0.000000
230.133333,0.000000
230.166667,0.000000
230.2,0.000000
230.233333,0.000000
230.266667,0.000000
230.3,0.000000
230.333333,0.000000
230.366667,0.000000
230.4,0.000000
230.433333,0.000000
230.466667,0.000000
230.5,0.000000
230.533333,0.000000
230.566667,0.000000
230.6,0.000000
230.633333,0.000000
230.666667,0.000000
230.7,0.000000
230.733333,0.000000
230.766667,0.000000
230.8,0.031962
230.833333,0.000013
230.866667,0.000007
230.9,0.000001
230.933333,0.000000
230.966667,0.000000
231,0.000000
231.033333,0.000000
231.066667,0.000000
231.1,0.000000
231.133333,0.000000
231.166667,0.000000
231.2,0.000000
231.233333,0.000000
231.266667,0.000000
231.3,0.000000
231.333333,0.000000
231.366667,0.000000
231.4,0.000000
231.433333,0.000000
231.466667,0.000000
231.5,0.000000
231.533333,0.000000
231.566667,0.000000
231.6,0.000000
231.633333,0.000000
231.666667,0.000000
231.7,0.000000
231.733333,0.000000
231.766667,0.000000
231.8,0.000000
231.833333,0.000000
231.866667,0.000000
231.9,0.000000
231.933333,0.000000
231.966667,0.000000
232,0.000160
232.033333,0.000011
232.066667,0.000003
232.1,0.000001
232.133333,0.000000
232.166667,0.000000
232.2,0.000000
232.233333,0.000000
232.266667,0.000000
232.3,0.000000
232.333333,0.000000
232.366667,0.000000
232.4,0.000000
232.433333,0.000000
232.466667,0.000000
232.5,0.000000
232.533333,0.000000
232.566667,0.000000
232.6,0.000000
232.633333,0.000000
232.666667,0.000000
232.7,0.000000
232.733333,0.000000
232.766667,0.000000
232.8,0.000000
232.833333,0.000000
232.866667,0.000000
232.9,0.000000
232.933333,0.036597
232.966667,0.000008
233,0.000003
233.033333,0.000001
233.066667,0.000000
233.1,0.000000
233.133333,0.000000
233.166667,0.000000
233.2,0.000000
233.233333,0.000000
233.266667,0.000000
233.3,0.000000
233.333333,0.000000
233.366667,0.000000
233.4,0.000000
233.433333,0.000000
233.466667,0.000000
233.5,0.000000
233.533333,0.000000
233.566667,0.000000
233.6,0.000000
233.633333,0.000000
233.666667,0.000000
233.7,0.000000
233.733333,0.000000
233.766667,0.000000
233.8,0.000000
233.833333,0.000000
233.866667,0.000000
233.9,0.000000
233.933333,0.000000
233.966667,0.000000
234,0.000000
234.033333,0.000000
234.066667,0.000000
234.1,0.000000
234.133333,0.000000
234.166667,0.000000
234.2,0.000000
234.233333,0.000000
234.266667,0.000000
234.3,0.000000
234.333333,0.000000
234.366667,0.000000
234.4,0.000000
234.433333,0.000000
234.466667,0.000000
234.5,0.000000
234.533333,0.000000
234.566667,0.000000
234.6,0.000000
234.633333,0.000000
234.666667,0.000000
234.7,0.000000
234.733333,0.000000
234.766667,0.000000
234.8,0.042091
234.833333,0.000011
234.866667,0.000004
234.9,0.000001
234.933333,0.000000
234.966667,0.000000
235,0.000000
235.033333,0.000000
235.066667,0.000000
235.1,0.000000
235.133333,0.000000
235.166667,0.000000
235.2,0.000000
235.233333,0.000000
235.266667,0.000000
235.3,0.000000
235.333333,0.000000
235.366667,0.000000
235.4,0.000000
235.433333,0.000000
235.466667,0.000000
235.5,0.000000
235.533333,0.000000
235.566667,0.000000
235.6,0.000000
235.633333,0.000000
235.666667,0.000000
235.7,0.000000
235.733333,0.000000
235.766667,0.000000
235.8,0.000000
235.833333,0.000000
235.866667,0.000000
235.9,0.000000
235.933333,0.000000
235.966667,0.000000
236,0.000000
236.033333,0.000000
236.066667,0.000000
236.1,0.000000
236.133333,0.000000
236.166667,0.000000
236.2,0.000000
236.233333,0.000000
236.266667,0.000000
236.3,0.000000
236.333333,0.000000
236.366667,0.000000
236.4,0.000000
236.433333,0.000000
236.466667,0.000000
236.5,0.000000
236.533333,0.000000
236.566667,0.000000
236.6,0.000000
236.633333,0.000000
236.666667,0.000000
236.7,0.000000
236.733333,0.000000
236.766667,0.000000
236.8,0.000000
236.833333,0.000000
236.866667,0.000000
236.9,0.000000
236.933333,0.039095
236.966667,0.000010
237,0.000004
237.033333,0.000001
237.066667,0.000000
237.1,0.000000
237.133333,0.000000
237.166667,0.000000
237.2,0.000000
237.233333,0.000000
237.266667,0.000000
237.3,0.000000
237.333333,0.000000
237.366667,0.000000
237.4,0.000000
237.433333,0.000000
237.466667,0.000000
237.5,0.000000
237.533333,0.000000
237.566667,0.000000
237.6,0.000000
237.633333,0.000000
237.666667,0.000000
237.7,0.000000
237.733333,0.000000
237.766667,0.000000
237.8,0.000000
237.833333,0.000000
237.866667,0.000000
237.9,0.000000
237.933333,0.000000
237.966667,0.000000
238,0.000000
238.033333,0.000000
238.066667,0.000000
238.1,0.000000
238.133333,0.000000
238.166667,0.000000
238.2,0.000000
238.233333,0.000000
238.266667,0.000000
238.3,0.000000
238.333333,0.000000
238.366667,0.000000
238.4,0.000000
238.433333,0.000000
238.466667,0.000000
238.5,0.000000
238.533333,0.000000
238.566667,0.000000
238.6,0.000000
238.633333,0.000000
238.666667,0.000000
238.7,0.000000
238.733333,0.000000
238.766667,0.000000
238.8,0.000000
238.833333,0.000000
238.866667,0.000000
238.9,0.000000
238.933333,0.000000
238.966667,0.000000
239,0.000000
239.033333,0.000000
239.066667,0.000000
239.1,0.000000
239.133333,0.000000
239.166667,0.038843
239.2,0.000126
239.233333,0.000042
239.266667,0.000093
239.3,0.000076
239.333333,0.000014
239.366667,0.000056
239.4,0.000006
239.433333,0.000125
239.466667,0.000164
239.5,0.000035
239.533333,0.000013
239.566667,0.000007
239.6,0.000125
239.633333,0.000006
239.666667,0.000090
239.7,0.000262
239.733333,0.000040
239.766667,0.000021
239.8,0.000008
239.833333,0.000144
239.866667,0.000009
239.9,0.000018
239.933333,0.000172
239.966667,0.000013
240,0.000063
240.033333,0.000065
240.066667,0.000041
240.1,0.000008
240.133333,0.000000
240.166667,0.000097
240.2,0.000017
240.233333,0.000086
240.266667,0.000093
240.3,0.000000
240.333333,0.000013
240.366667,0.000004
240.4,0.000302
240.433333,0.000099
240.466667,0.000147
240.5,0.000108
240.533333,0.000032
240.566667,0.000076
240.6,0.000009
240.633333,0.000204
240.666667,0.000230
240.7,0.000095
240.733333,0.000080
240.766667,0.000009
240.8,0.000112
240.833333,0.000008
240.866667,0.000018
240.9,0.000025
240.933333,0.000049
240.966667,0.000011
241,0.000039
241.033333,0.000021
241.066667,0.000004
241.1,0.000011
241.133333,0.000031
241.166667,0.000029
241.2,0.000109
241.233333,0.000046
241.266667,0.000009
241.3,0.061676
241.333333,0.000008
241.366667,0.000003
241.4,0.000001
241.433333,0.000000
241.466667,0.000000
241.5,0.000000
241.533333,0.000000
241.566667,0.000000
241.6,0.000000
241.633333,0.000000
241.666667,0.000000
241.7,0.000000
241.733333,0.000000
241.766667,0.000000
241.8,0.000000
241.833333,0.000000
241.866667,0.000000
241.9,0.000000
241.933333,0.000000
241.966667,0.000000
242,0.000000
242.033333,0.000000
242.066667,0.000000
242.1,0.000000
242.133333,0.000000
242.166667,0.000000
242.2,0.000000
242.233333,0.000000
242.266667,0.000000
242.3,0.000000
242.333333,0.000000
242.366667,0.000000
242.4,0.000000
242.433333,0.000000
242.466667,0.000000
242.5,0.000000
242.533333,0.000000
242.566667,0.000000
242.6,0.000000
242.633333,0.000000
242.666667,0.000000
242.7,0.040295
242.733333,0.000010
242.766667,0.000004
242.8,0.000001
242.833333,0.000000
242.866667,0.000000
242.9,0.000000
242.933333,0.000000
242.966667,0.000000
243,0.000000
243.033333,0.000000
243.066667,0.000000
243.1,0.000000
243.133333,0.000000
243.166667,0.000000
243.2,0.000000
243.233333,0.000000
243.266667,0.000000
243.3,0.000000
243.333333,0.000000
243.366667,0.000000
243.4,0.000000
243.433333,0.000000
243.466667,0.000000
243.5,0.000000
243.533333,0.000000
243.566667,0.000000
243.6,0.000000
243.633333,0.000000
243.666667,0.000000
243.7,0.000000
243.733333,0.000000
243.766667,0.000000
243.8,0.000000
243.833333,0.000000
243.866667,0.000000
243.9,0.000000
243.933333,0.000000
243.966667,0.000000
244,0.000000
244.033333,0.000000
244.066667,0.000000
244.1,0.000000
244.133333,0.000000
244.166667,0.000000
244.2,0.000000
244.233333,0.000000
244.266667,0.000000
244.3,0.000000
244.333333,0.000000
244.366667,0.000000
244.4,0.000000
244.433333,0.000000
244.466667,0.000000
244.5,0.000000
244.533333,0.000000
244.566667,0.000000
244.6,0.000000
244.633333,0.000000
244.666667,0.000000
244.7,0.000000
244.733333,0.000000
244.766667,0.000000
244.8,0.000000
244.833333,0.000000
244.866667,0.000000
244.9,0.000000
244.933333,0.000000
244.966667,0.043739
245,0.000008
245.033333,0.000003
245.066667,0.000001
245.1,0.000000
245.133333,0.000000
245.166667,0.000000
245.2,0.000000
245.233333,0.000000
245.266667,0.000000
245.3,0.000001
245.333333,0.000012
245.366667,0.000006
245.4,0.000004
245.433333,0.000006
245.466667,0.000001
245.5,0.000002
245.533333,0.000006
245.566667,0.000002
245.6,0.000002
245.633333,0.000001
245.666667,0.000003
245.7,0.000005
245.733333,0.000001
245.766667,0.000002
245.8,0.000005
245.833333,0.000001
245.866667,0.000002
245.9,0.000004
245.933333,0.000001
245.966667,0.000001
246,0.000003
246.033333,0.000001
246.066667,0.000001
246.1,0.000003
246.133333,0.000002
246.166667,0.000003
246.2,0.000004
246.233333,0.000001
246.266667,0.000000
246.3,0.055488
246.333333,0.000014
246.366667,0.000005
246.4,0.000001
246.433333,0.000000
246.466667,0.000000
246.5,0.000000
246.533333,0.000000
246.566667,0.000000
246.6,0.000000
246.633333,0.000000
246.666667,0.000000
246.7,0.000000
246.733333,0.000000
246.766667,0.000000
246.8,0.000000
246.833333,0.000000
246.866667,0.000000
246.9,0.000000
246.933333,0.000000
246.966667,0.000000
247,0.000000
247.033333,0.000000
247.066667,0.000000
247.1,0.000000
247.133333,0.000000
247.166667,0.000000
247.2,0.000000
247.233333,0.000000
247.266667,0.000000
247.3,0.000000
247.333333,0.000000
247.366667,0.000000
247.4,0.000000
247.433333,0.000000
247.466667,0.000000
247.5,0.000000
247.533333,0.000000
247.566667,0.000000
247.6,0.000000
247.633333,0.000000
247.666667,0.000000
247.7,0.000000
247.733333,0.000000
247.766667,0.000000
247.8,0.000000
247.833333,0.000000
247.866667,0.000000
247.9,0.000000
247.933333,0.000000
247.966667,0.000000
248,0.000069
248.033333,0.000014
248.066667,0.000004
248.1,0.000001
248.133333,0.000000
248.166667,0.000000
248.2,0.000000
248.233333,0.000000
248.266667,0.000000
248.3,0.000000
248.333333,0.000000
248.366667,0.000000
248.4,0.000000
248.433333,0.061147
248.466667,0.000009
248.5,0.000003
248.533333,0.000012
248.566667,0.000045
248.6,0.000023
248.633333,0.000005
248.666667,0.000001
248.7,0.000004
248.733333,0.000011
248.766667,0.000013
248.8,0.000019
248.833333,0.000018
248.866667,0.000006
248.9,0.000004
248.933333,0.000013
248.966667,0.000004
249,0.000007
249.033333,0.000002
249.066667,0.000021
249.1,0.000004
249.133333,0.000001
249.166667,0.000000
249.2,0.000001
249.233333,0.000001
249.266667,0.000007
249.3,0.000039
249.333333,0.000017
249.366667,0.000005
249.4,0.000002
249.433333,0.000002
249.466667,0.000002
249.5,0.000007
249.533333,0.000002
249.566667,0.000007
249.6,0.000004
249.633333,0.000001
249.666667,0.000001
249.7,0.000004
249.733333,0.000007
249.766667,0.000008
249.8,0.000025
249.833333,0.058024
249.866667,0.000069
249.9,0.000008
249.933333,0.000001
249.966667,0.000019
250,0.000014
250.033333,0.000006
250.066667,0.000020
250.1,0.000016
250.133333,0.000003
250.166667,0.000003
250.2,0.000001
250.233333,0.000004
250.266667,0.000012
250.3,0.000014
250.333333,0.000020
250.366667,0.000019
250.4,0.000019
250.433333,0.000001
250.466667,0.000005
250.5,0.000000
250.533333,0.000017
250.566667,0.000002
250.6,0.000004
250.633333,0.000022
250.666667,0.000003
250.7,0.000026
250.733333,0.000023
250.766667,0.000021
250.8,0.000071
250.833333,0.000162
250.866667,0.000003
250.9,0.000000
250.933333,0.000000
250.966667,0.000000
251,0.000000
251.033333,0.000000
251.066667,0.000000
251.1,0.000000
251.133333,0.000000
251.166667,0.000000
251.2,0.000000
251.233333,0.000000
251.266667,0.000000
251.3,0.000000
251.333333,0.000000
251.366667,0.000000
251.4,0.000000
251.433333,0.000000
251.466667,0.000000
251.5,0.000000
251.533333,0.000000
251.566667,0.000000
251.6,0.000000
251.633333,0.000000
251.666667,0.000000
251.7,0.000000
251.733333,0.000000
251.766667,0.000000
251.8,0.000000
251.833333,0.000000
251.866667,0.000000
251.9,0.000000
251.933333,0.000000
251.966667,0.000000
252,0.000000
252.033333,0.000000
252.066667,0.000000
252.1,0.000000
252.133333,0.000000
252.166667,0.000000
252.2,0.000000
252.233333,0.000000
252.266667,0.000000
252.3,0.000000
252.333333,0.000000
252.366667,0.000000
252.4,0.000000
252.433333,0.000000
252.466667,0.051416
252.5,0.000201
252.533333,0.000031
252.566667,0.000024
252.6,0.000006
252.633333,0.000034
252.666667,0.000012
252.7,0.000017
252.733333,0.000018
252.766667,0.000016
252.8,0.000021
252.833333,0.000001
252.866667,0.000016
252.9,0.000033
252.933333,0.000016
252.966667,0.000001
253,0.000006
253.033333,0.000011
253.066667,0.000014
253.1,0.000015
253.133333,0.000004
253.166667,0.000018
253.2,0.000016
253.233333,0.000006
253.266667,0.000003
253.3,0.000000
253.333333,0.000000
253.366667,0.000000
253.4,0.000000
253.433333,0.000004
253.466667,0.000004
253.5,0.000000
253.533333,0.000002
253.566667,0.000001
253.6,0.000019
253.633333,0.000020
253.666667,0.000003
253.7,0.000002
253.733333,0.000019
253.766667,0.000017
253.8,0.000000
253.833333,0.000015
253.866667,0.000011
253.9,0.000011
253.933333,0.000014
253.966667,0.000014
254,0.000011
254.033333,0.000010
254.066667,0.000013
254.1,0.000014
254.133333,0.000012
254.166667,0.030036
254.2,0.000144
254.233333,0.000470
254.266667,0.000094
254.3,0.000029
254.333333,0.000403
254.366667,0.000045
254.4,0.000114
254.433333,0.000127
254.466667,0.000126
254.5,0.000154
254.533333,0.000010
254.566667,0.000170
254.6,0.000124
254.633333,0.000090
254.666667,0.000204
254.7,0.000050
254.733333,0.000012
254.766667,0.000096
254.8,0.000012
254.833333,0.000019
254.866667,0.000163
254.9,0.000115
254.933333,0.000092
254.966667,0.000177
255,0.000191
255.033333,0.000181
255.066667,0.000113
255.1,0.000188
255.133333,0.000053
255.166667,0.000033
255.2,0.000196
255.233333,0.000006
255.266667,0.000025
255.3,0.000199
255.333333,0.000040
255.366667,0.000088
255.4,0.000008
255.433333,0.000119
255.466667,0.000070
255.5,0.000023
255.533333,0.000129
255.566667,0.000079
255.6,0.000007
255.633333,0.000263
255.666667,0.000020
255.7,0.000015
255.733333,0.000004
255.766667,0.029551
255.8,0.000010
255.833333,0.000005
255.866667,0.000001
255.9,0.000000
255.933333,0.000000
255.966667,0.000000
256,0.000075
256.033333,0.000015
256.066667,0.000004
256.1,0.000001
256.133333,0.000000
256.166667,0.000000
256.2,0.000000
256.233333,0.000000
256.266667,0.000000
256.3,0.000000
256.333333,0.000000
256.366667,0.000000
256.4,0.000000
256.433333,0.000000
256.466667,0.000000
256.5,0.000000
256.533333,0.000000
256.566667,0.000000
256.6,0.000000
256.633333,0.000000
256.666667,0.000000
256.7,0.000000
256.733333,0.000000
256.766667,0.000000
256.8,0.000000
256.833333,0.000000
256.866667,0.000000
256.9,0.000000
256.933333,0.000000
256.966667,0.000000
257,0.000000
257.033333,0.000000
257.066667,0.000000
257.1,0.000000
257.133333,0.000000
257.166667,0.000000
257.2,0.000000
257.233333,0.000000
257.266667,0.000000
257.3,0.114002
257.333333,0.000018
257.366667,0.000005
257.4,0.000002
257.433333,0.000000
257.466667,0.000000
257.5,0.000000
257.533333,0.000000
257.566667,0.000000
257.6,0.000000
257.633333,0.000000
257.666667,0.000000
257.7,0.000000
257.733333,0.000000
257.766667,0.000000
257.8,0.000000
257.833333,0.000000
257.866667,0.000000
257.9,0.000000
257.933333,0.000000
257.966667,0.000000
258,0.000000
258.033333,0.000000
258.066667,0.000000
258.1,0.000000
258.133333,0.000000
258.166667,0.000000
258.2,0.000000
258.233333,0.000000
258.266667,0.000000
258.3,0.000000
258.333333,0.000000
258.366667,0.000000
258.4,0.000000
258.433333,0.000000
258.466667,0.000000
258.5,0.000000
258.533333,0.000000
258.566667,0.000000
258.6,0.000000
258.633333,0.000000
258.666667,0.000000
258.7,0.000000
258.733333,0.000000
258.766667,0.000000
258.8,0.000000
258.833333,0.000000
258.866667,0.000000
258.9,0.000000
258.933333,0.024388
258.966667,0.000028
259,0.000300
259.033333,0.000045
259.066667,0.000021
259.1,0.000344
259.133333,0.000401
259.166667,0.000028
259.2,0.000351
259.233333,0.000137
259.266667,0.000322
259.3,0.000034
259.333333,0.000256
259.366667,0.000081
259.4,0.000561
259.433333,0.000077
259.466667,0.000324
259.5,0.000152
259.533333,0.000714
259.566667,0.000034
259.6,0.000226
259.633333,0.000065
259.666667,0.000923
259.7,0.000046
259.733333,0.000160
259.766667,0.000016
259.8,0.000900
259.833333,0.000066
259.866667,0.000029
259.9,0.000021
259.933333,0.000657
259.966667,0.000162
260,0.000025
260.033333,0.000075
260.066667,0.000406
260.1,0.000191
260.133333,0.000035
260.166667,0.000145
260.2,0.000114
260.233333,0.000166
260.266667,0.000028
260.3,0.000132
260.333333,0.000021
260.366667,0.000128
260.4,0.000053
260.433333,0.021249
260.466667,0.000010
260.5,0.000004
260.533333,0.000001
260.566667,0.000000
260.6,0.000000
260.633333,0.000000
260.666667,0.000000
260.7,0.000000
260.733333,0.000000
260.766667,0.000000
260.8,0.000000
260.833333,0.000000
260.866667,0.000000
260.9,0.000000
260.933333,0.000000
260.966667,0.000000
261,0.000000
261.033333,0.000000
261.066667,0.000000
261.1,0.000000
261.133333,0.000000
261.166667,0.000000
261.2,0.000000
261.233333,0.000000
261.266667,0.000000
261.3,0.000000
261.333333,0.000000
261.366667,0.000000
261.4,0.000000
261.433333,0.000000
261.466667,0.000000
261.5,0.000000
261.533333,0.000000
261.566667,0.000000
261.6,0.000000
261.633333,0.000000
261.666667,0.000000
261.7,0.041734
261.733333,0.000014
261.766667,0.000007
261.8,0.000001
261.833333,0.000000
261.866667,0.000000
261.9,0.000000
261.933333,0.000000
261.966667,0.000000
262,0.000000
262.033333,0.000000
262.066667,0.000000
262.1,0.000000
262.133333,0.000000
262.166667,0.000000
262.2,0.000000
262.233333,0.000000
262.266667,0.000000
262.3,0.000000
262.333333,0.000000
262.366667,0.000000
262.4,0.000000
262.433333,0.000000
262.466667,0.000000
262.5,0.000000
262.533333,0.000000
262.566667,0.000000
262.6,0.000000
262.633333,0.000000
262.666667,0.000000
262.7,0.000000
262.733333,0.000000
262.766667,0.000000
262.8,0.000000
262.833333,0.000000
262.866667,0.000000
262.9,0.000000
262.933333,0.000000
262.966667,0.000000
263,0.000000
263.033333,0.000000
263.066667,0.000000
263.1,0.000000
263.133333,0.000000
263.166667,0.000000
263.2,0.000000
263.233333,0.000000
263.266667,0.000000
263.3,0.000000
263.333333,0.000000
263.366667,0.000000
263.4,0.000000
263.433333,0.000000
263.466667,0.000000
263.5,0.000000
263.533333,0.030905
263.566667,0.000013
263.6,0.000006
263.633333,0.000001
263.666667,0.000000
263.7,0.000017
263.733333,0.000014
263.766667,0.000000
263.8,0.000000
263.833333,0.000000
263.866667,0.000022
263.9,0.000049
263.933333,0.000037
263.966667,0.000000
264,0.000094
264.033333,0.000045
264.066667,0.000007
264.1,0.000012
264.133333,0.000004
264.166667,0.000000
264.2,0.000000
264.233333,0.000006
264.266667,0.000040
264.3,0.000000
264.333333,0.000004
264.366667,0.000002
264.4,0.000004
264.433333,0.000082
264.466667,0.000058
264.5,0.000007
264.533333,0.000000
264.566667,0.000000
264.6,0.000000
264.633333,0.000016
264.666667,0.000005
264.7,0.000001
264.733333,0.000000
264.766667,0.000000
264.8,0.000048
264.833333,0.000033
264.866667,0.000000
264.9,0.000000
264.933333,0.000000
264.966667,0.000014
265,0.000020
265.033333,0.000034
265.066667,0.000000
265.1,0.000006
265.133333,0.000002
265.166667,0.000003
265.2,0.000020
265.233333,0.000004
265.266667,0.000000
265.3,0.000000
265.333333,0.000016
265.366667,0.000092
265.4,0.000000
265.433333,0.000000
265.466667,0.000000
265.5,0.000007
265.533333,0.000081
265.566667,0.000072
265.6,0.000002
265.633333,0.000001
265.666667,0.000000
265.7,0.000000
265.733333,0.000042
265.766667,0.000006
265.8,0.000001
265.833333,0.000000
265.866667,0.030572
265.9,0.000091
265.933333,0.000003
265.966667,0.000002
266,0.000002
266.033333,0.000001
266.066667,0.000003
266.1,0.000003
266.133333,0.000023
266.166667,0.000020
266.2,0.000019
266.233333,0.000003
266.266667,0.000003
266.3,0.000003
266.333333,0.000004
266.366667,0.000001
266.4,0.000020
266.433333,0.000002
266.466667,0.000002
266.5,0.000020
266.533333,0.000002
266.566667,0.000006
266.6,0.000022
266.633333,0.000042
266.666667,0.000030
266.7,0.000073
266.733333,0.000194
266.766667,0.000004
266.8,0.000000
266.833333,0.000000
266.866667,0.000000
266.9,0.000000
266.933333,0.000000
266.966667,0.000000
267,0.000000
267.033333,0.000000
267.066667,0.000000
267.1,0.000000
267.133333,0.000000
267.166667,0.000000
267.2,0.052628
267.233333,0.000014
267.266667,0.000006
267.3,0.000001
267.333333,0.000000
267.366667,0.000000
267.4,0.000000
267.433333,0.000000
267.466667,0.000000
267.5,0.000000
267.533333,0.000000
267.566667,0.000000
267.6,0.000000
267.633333,0.000000
267.666667,0.000000
267.7,0.000000
267.733333,0.000000
267.766667,0.000000
267.8,0.000000
267.833333,0.000000
267.866667,0.000000
267.9,0.000000
267.933333,0.000000
267.966667,0.000000
268,0.000000
268.033333,0.000000
268.066667,0.000000
268.1,0.000000
268.133333,0.000000
268.166667,0.000000
268.2,0.000000
268.233333,0.000000
268.266667,0.000000
268.3,0.000000
268.333333,0.000000
268.366667,0.000000
268.4,0.000000
268.433333,0.000000
268.466667,0.000000
268.5,0.000000
268.533333,0.000000
268.566667,0.000000
268.6,0.000000
268.633333,0.000000
268.666667,0.000000
268.7,0.000000
268.733333,0.000000
268.766667,0.000000
268.8,0.000000
268.833333,0.000000
268.866667,0.000000
268.9,0.000000
268.933333,0.000000
268.966667,0.000000
269,0.000000
269.033333,0.000000
269.066667,0.000000
269.1,0.000000
269.133333,0.000000
269.166667,0.000000
269.2,0.000000
269.233333,0.000000
269.266667,0.000000
269.3,0.000000
269.333333,0.000000
269.366667,0.000000
269.4,0.000000
269.433333,0.062790
269.466667,0.000015
269.5,0.000006
269.533333,0.000001
269.566667,0.000000
269.6,0.000000
269.633333,0.000000
269.666667,0.000000
269.7,0.000000
269.733333,0.000000
269.766667,0.000000
269.8,0.000000
269.833333,0.000000
269.866667,0.000000
269.9,0.000000
269.933333,0.000000
269.966667,0.000000
270,0.000000
270.033333,0.000000
270.066667,0.000000
270.1,0.000000
270.133333,0.000000
270.166667,0.000000
270.2,0.000000
270.233333,0.000000
270.266667,0.000000
270.3,0.000000
270.333333,0.000000
270.366667,0.000000
270.4,0.000000
270.433333,0.000000
270.466667,0.000000
270.5,0.000000
270.533333,0.000000
270.566667,0.000000
270.6,0.000000
270.633333,0.000000
270.666667,0.000000
270.7,0.000000
270.733333,0.000000
270.766667,0.000000
270.8,0.000000
270.833333,0.000000
270.866667,0.000000
270.9,0.000000
270.933333,0.000000
270.966667,0.000000
271,0.000000
271.033333,0.000000
271.066667,0.000000
271.1,0.000000
271.133333,0.000000
271.166667,0.000000
271.2,0.000000
271.233333,0.034706
271.266667,0.000009
271.3,0.000004
271.333333,0.000001
271.366667,0.000000
271.4,0.000000
271.433333,0.000000
271.466667,0.000000
271.5,0.000000
271.533333,0.000000
271.566667,0.000000
271.6,0.000000
271.633333,0.000000
271.666667,0.000000
271.7,0.000000
271.733333,0.000000
271.766667,0.000000
271.8,0.000000
271.833333,0.000000
271.866667,0.000000
271.9,0.000000
271.933333,0.000000
271.966667,0.000000
272,0.000048
272.033333,0.000013
272.066667,0.000004
272.1,0.000001
272.133333,0.000000
272.166667,0.000000
272.2,0.000000
272.233333,0.000000
272.266667,0.000000
272.3,0.000000
272.333333,0.000000
272.366667,0.000000
272.4,0.000000
272.433333,0.000000
272.466667,0.000000
272.5,0.000000
272.533333,0.000000
272.566667,0.000000
272.6,0.084440
272.633333,0.000132
272.666667,0.000004
272.7,0.000057
272.733333,0.000046
272.766667,0.000010
272.8,0.000029
272.833333,0.000005
272.866667,0.000002
272.9,0.000033
272.933333,0.000001
272.966667,0.000034
273,0.000033
273.033333,0.000000
273.066667,0.000014
273.1,0.000006
273.133333,0.000023
273.166667,0.000063
273.2,0.000000
273.233333,0.000011
273.266667,0.000010
273.3,0.000000
273.333333,0.000042
273.366667,0.000006
273.4,0.000060
273.433333,0.000089
273.466667,0.000003
273.5,0.000092
273.533333,0.000092
273.566667,0.000001
273.6,0.000044
273.633333,0.000005
273.666667,0.000103
273.7,0.000075
273.733333,0.000001
273.766667,0.000001
273.8,0.000002
273.833333,0.000007
273.866667,0.000023
273.9,0.000005
273.933333,0.000066
273.966667,0.000021
274,0.000000
274.033333,0.000000
274.066667,0.000002
274.1,0.000002
274.133333,0.000007
274.166667,0.000000
274.2,0.000091
274.233333,0.000003
274.266667,0.000039
274.3,0.000029
274.333333,0.000010
274.366667,0.000008
274.4,0.000006
274.433333,0.000012
274.466667,0.000103
274.5,0.000000
274.533333,0.000027
274.566667,0.000026
274.6,0.000000
274.633333,0.000045
274.666667,0.000010
274.7,0.000243
274.733333,0.000016
274.766667,0.000098
274.8,0.000066
274.833333,0.000028
274.866667,0.000046
274.9,0.000009
274.933333,0.000029
274.966667,0.000659
275,0.000019
275.033333,0.000204
275.066667,0.000185
275.1,0.000003
275.133333,0.000217
275.166667,0.000006
275.2,0.000000
275.233333,0.000000
275.266667,0.000000
275.3,0.000000
275.333333,0.000000
275.366667,0.053759
275.4,0.000011
275.433333,0.000005
275.466667,0.000001
275.5,0.000000
275.533333,0.000000
275.566667,0.000000
275.6,0.000000
275.633333,0.000000
275.666667,0.000000
275.7,0.000000
275.733333,0.000000
275.766667,0.000000
275.8,0.000000
275.833333,0.000000
275.866667,0.000000
275.9,0.000000
275.933333,0.000000
275.966667,0.000000
276,0.000000
276.033333,0.000000
276.066667,0.000000
276.1,0.000000
276.133333,0.000000
276.166667,0.000000
276.2,0.000000
276.233333,0.000000
276.266667,0.000000
276.3,0.000000
276.333333,0.000000
276.366667,0.000000
276.4,0.000000
276.433333,0.000000
276.466667,0.000000
276.5,0.000000
276.533333,0.000000
276.566667,0.000000
276.6,0.000000
276.633333,0.000000
276.666667,0.000000
276.7,0.000000
276.733333,0.000000
276.766667,0.000000
276.8,0.000000
276.833333,0.000000
276.866667,0.000000
276.9,0.000000
276.933333,0.000000
276.966667,0.000000
277,0.000000
277.033333,0.000000
277.066667,0.000000
277.1,1.000000
277.133333,0.032901
277.166667,0.068841
277.2,0.059595
277.233333,0.003941
277.266667,0.000023
277.3,0.000007
277.333333,0.000003
277.366667,0.000000
277.4,0.000000
277.433333,0.000000
277.466667,0.000000
277.5,0.000000
277.533333,0.000000
277.566667,0.000000
277.6,0.000000
277.633333,0.000000
277.666667,0.000000
277.7,0.000000
277.733333,0.000000
277.766667,0.000000
277.8,0.000000
277.833333,0.000000
277.866667,0.000000
277.9,0.000000
277.933333,0.000000
277.966667,0.000000
278,0.000000
278.033333,0.000000
278.066667,0.000000
278.1,0.000000
278.133333,0.000000
278.166667,0.000000
278.2,0.000000
278.233333,0.000000
278.266667,0.000000
278.3,0.000000
278.333333,0.000000
278.366667,0.000000
278.4,0.000000
278.433333,0.000000
278.466667,0.000000
278.5,0.000000
278.533333,0.000000
278.566667,0.000000
278.6,0.000000
278.633333,0.000000
278.666667,0.000000
278.7,0.000000
278.733333,0.000000
278.766667,1.000000
278.8,0.000051
278.833333,0.000014
278.866667,0.000006
278.9,0.000001
278.933333,0.000000
278.966667,0.000000
279,0.000000
279.033333,0.000000
279.066667,0.000000
279.1,0.000000
279.133333,0.000000
279.166667,0.000000
279.2,0.000000
279.233333,0.000000
279.266667,0.000000
279.3,0.000000
279.333333,0.000000
279.366667,0.000000
279.4,0.000000
279.433333,0.000000
279.466667,0.000000
279.5,0.000000
279.533333,0.000000
279.566667,0.000000
279.6,0.000000
279.633333,0.000000
279.666667,0.000000
279.7,0.000000
279.733333,0.000000
279.766667,0.000000
279.8,0.000000
279.833333,0.000000
279.866667,0.000000
279.9,0.000000
279.933333,0.000000
279.966667,0.000000
280,0.000183
280.033333,0.000012
280.066667,0.000004
280.1,0.000001
280.133333,0.000000
280.166667,0.000000
280.2,0.000000
280.233333,0.000000
280.266667,0.000000
280.3,0.000000
280.333333,0.000000
280.366667,0.000000
280.4,0.000000
280.433333,0.000000
280.466667,0.000000
280.5,0.000000
280.533333,0.000000
280.566667,0.000000
280.6,0.000000
280.633333,0.034935
280.666667,0.000006
280.7,0.000002
280.733333,0.000001
280.766667,0.000000
280.8,0.000000
280.833333,0.000000
280.866667,0.000000
280.9,0.000000
280.933333,0.000000
280.966667,0.000000
281,0.000000
281.033333,0.000000
281.066667,0.000000
281.1,0.000000
281.133333,0.000000
281.166667,0.000000
281.2,0.000000
281.233333,0.000000
281.266667,0.000000
281.3,0.000000
281.333333,0.000000
281.366667,0.000000
281.4,0.000000
281.433333,0.000000
281.466667,0.000000
281.5,0.000000
281.533333,0.000000
281.566667,0.000000
281.6,0.000000
281.633333,0.000000
281.666667,0.000000
281.7,0.000000
281.733333,0.000000
281.766667,0.020875
281.8,0.000006
281.833333,0.000003
281.866667,0.000001
281.9,0.000000
281.933333,0.000000
281.966667,0.000000
282,0.000000
282.033333,0.000000
282.066667,0.000000
282.1,0.000000
282.133333,0.000000
282.166667,0.000000
282.2,0.000000
282.233333,0.000000
282.266667,0.000000
282.3,0.000000
282.333333,0.000000
282.366667,0.000000
282.4,0.000000
282.433333,0.000000
282.466667,0.000000
282.5,0.000000
282.533333,0.000000
282.566667,0.000000
282.6,0.000000
282.633333,0.000000
282.666667,0.000000
282.7,0.000000
282.733333,0.060783
282.766667,0.000012
282.8,0.000005
282.833333,0.000001
282.866667,0.000000
282.9,0.000000
282.933333,0.000000
282.966667,0.000000
283,0.000000
283.033333,0.000000
283.066667,0.000000
283.1,0.000000
283.133333,0.000000
283.166667,0.000000
283.2,0.000000
283.233333,0.000000
283.266667,0.000000
283.3,0.000000
283.333333,0.000000
283.366667,0.000000
283.4,0.000000
283.433333,0.000000
283.466667,0.000000
283.5,0.000000
283.533333,0.000000
283.566667,0.000000
283.6,0.000000
283.633333,0.000000
283.666667,0.000000
283.7,0.000000
283.733333,0.000000
283.766667,0.000000
283.8,0.000000
283.833333,0.000000
283.866667,0.000000
283.9,0.000000
283.933333,0.000000
283.966667,0.000000
284,0.000000
284.033333,0.000000
284.066667,0.000000
284.1,0.000000
284.133333,0.000000
284.166667,0.000000
284.2,0.000000
284.233333,0.000000
284.266667,0.000000
284.3,0.000000
284.333333,0.000000
284.366667,0.000000
284.4,0.000000
284.433333,0.000000
284.466667,0.000000
284.5,0.000000
284.533333,0.000000
284.566667,0.000000
284.6,0.000000
284.633333,0.000000
284.666667,0.000000
284.7,0.000000
284.733333,0.000000
284.766667,0.000000
284.8,0.000000
284.833333,0.000000
284.866667,0.000000
284.9,0.000000
284.933333,0.000000
284.966667,0.000000
285,0.051644
285.033333,0.000008
285.066667,0.000003
285.1,0.000001
285.133333,0.000000
285.166667,0.000000
285.2,0.000000
285.233333,0.000000
285.266667,0.000000
285.3,0.000000
285.333333,0.000000
285.366667,0.000000
285.4,0.000000
285.433333,0.000000
285.466667,0.000000
285.5,0.000000
285.533333,0.000000
285.566667,0.000000
285.6,0.000000
285.633333,0.000000
285.666667,0.000000
285.7,0.000000
285.733333,0.000000
285.766667,0.000000
285.8,0.000000
285.833333,0.000000
285.866667,0.000000
285.9,0.000000
285.933333,0.000000
285.966667,0.000000
286,0.000000
286.033333,0.000000
286.066667,0.000000
286.1,0.000000
286.133333,0.000000
286.166667,0.000000
286.2,0.079779
286.233333,0.000013
286.266667,0.000005
286.3,0.000001
286.333333,0.000000
286.366667,0.000000
286.4,0.000000
286.433333,0.000000
286.466667,0.000000
286.5,0.000000
286.533333,0.000000
286.566667,0.000000
286.6,0.000000
286.633333,0.000000
286.666667,0.000000
286.7,0.000000
286.733333,0.000000
286.766667,0.000000
286.8,0.000000
286.833333,0.000000
286.866667,0.000000
286.9,0.000000
286.933333,0.000000
286.966667,0.000000
287,0.000000
287.033333,0.000000
287.066667,0.000000
287.1,0.000000
287.133333,0.000000
287.166667,0.000000
287.2,0.000000
287.233333,0.000000
287.266667,0.000000
287.3,0.000000
287.333333,0.000000
287.366667,0.000000
287.4,0.000000
287.433333,0.000000
287.466667,0.000000
287.5,0.000000
287.533333,0.000000
287.566667,0.000000
287.6,0.000000
287.633333,0.000000
287.666667,0.000000
287.7,0.000000
287.733333,0.000000
287.766667,0.000000
287.8,0.000000
287.833333,0.000000
287.866667,0.000000
287.9,0.000000
287.933333,0.000000
287.966667,0.000000
288,0.000046
288.033333,0.000013
288.066667,0.000004
288.1,0.000001
288.133333,0.000000
288.166667,0.000000
288.2,0.000000
288.233333,0.000000
288.266667,0.000000
288.3,0.000000
288.333333,0.000000
288.366667,0.000000
288.4,0.000000
288.433333,0.000000
288.466667,0.000000
288.5,0.000000
288.533333,0.000000
288.566667,0.000000
288.6,0.000000
288.633333,0.000000
288.666667,0.000000
288.7,0.000000
288.733333,0.000000
288.766667,0.000000
288.8,0.000000
288.833333,0.000000
288.866667,0.093010
288.9,0.000006
288.933333,0.000003
288.966667,0.000000
289,0.000000
289.033333,0.000000
289.066667,0.000000
289.1,0.000000
289.133333,0.000000
289.166667,0.000000
289.2,0.000000
289.233333,0.000000
289.266667,0.000000
289.3,0.000000
289.333333,0.000000
289.366667,0.000000
289.4,0.000000
289.433333,0.000000
289.466667,0.000000
289.5,0.000000
289.533333,0.000000
289.566667,0.000000
289.6,0.000000
289.633333,0.031351
289.666667,0.000031
289.7,0.000217
289.733333,0.000020
289.766667,0.000147
289.8,0.000155
289.833333,0.000052
289.866667,0.000072
289.9,0.000056
289.933333,0.000014
289.966667,0.000105
290,0.000014
290.033333,0.000016
290.066667,0.000120
290.1,0.000060
290.133333,0.000028
290.166667,0.000119
290.2,0.000043
290.233333,0.000109
290.266667,0.000218
290.3,0.000085
290.333333,0.000128
290.366667,0.000115
290.4,0.000034
290.433333,0.000175
290.466667,0.000013
290.5,0.000014
290.533333,0.000169
290.566667,0.000089
290.6,0.000025
290.633333,0.000288
290.666667,0.000164
290.7,0.000009
290.733333,0.000222
290.766667,0.037858
290.8,0.000310
290.833333,0.000009
290.866667,0.000011
290.9,0.000029
290.933333,0.000031
290.966667,0.000004
291,0.000006
291.033333,0.000004
291.066667,0.000006
291.1,0.000001
291.133333,0.000009
291.166667,0.000000
291.2,0.000008
291.233333,0.000001
291.266667,0.000007
291.3,0.000004
291.333333,0.000007
291.366667,0.000004
291.4,0.000003
291.433333,0.000008
291.466667,0.000003
291.5,0.000007
291.533333,0.000000
291.566667,0.000008
291.6,0.000011
291.633333,0.000009
291.666667,0.000011
291.7,0.000005
291.733333,0.000005
291.766667,0.000005
291.8,0.000005
291.833333,0.000001
291.866667,0.000009
291.9,0.000001
291.933333,0.000008
291.966667,0.000001
292,0.000007
292.033333,0.000003
292.066667,0.000007
292.1,0.000003
292.133333,0.000004
292.166667,0.000007
292.2,0.000004
292.233333,0.000007
292.266667,0.000012
292.3,0.000021
292.333333,0.000001
292.366667,0.034607
292.4,0.000012
292.433333,0.000005
292.466667,0.000001
292.5,0.000000
292.533333,0.000000
292.566667,0.000000
292.6,0.000000
292.633333,0.000000
292.666667,0.000000
292.7,0.000000
292.733333,0.000000
292.766667,0.000000
292.8,0.000000
292.833333,0.000000
292.866667,0.000000
292.9,0.000000
292.933333,0.000000
292.966667,0.000000
293,0.000000
293.033333,0.000000
293.066667,0.000000
293.1,0.000000
293.133333,0.000000
293.166667,0.000000
293.2,0.000000
293.233333,0.000000
293.266667,0.000000
293.3,0.000000
293.333333,0.000000
293.366667,0.000000
293.4,0.000000
293.433333,0.000000
293.466667,0.000000
293.5,0.000000
293.533333,0.000000
293.566667,0.000000
293.6,0.000000
293.633333,0.000000
293.666667,0.000000
293.7,0.000000
293.733333,0.000000
293.766667,0.000000
293.8,0.000000
293.833333,0.000000
293.866667,0.000000
293.9,0.000000
293.933333,0.000000
293.966667,0.000000
294,0.000000
294.033333,0.000000
294.066667,0.000000
294.1,0.000000
294.133333,0.000000
294.166667,0.000000
294.2,0.000000
294.233333,0.053068
294.266667,0.000127
294.3,0.000047
294.333333,0.000004
294.366667,0.000033
294.4,0.000005
294.433333,0.000000
294.466667,0.000000
294.5,0.000000
294.533333,0.000000
294.566667,0.000000
294.6,0.000000
294.633333,0.000000
294.666667,0.000000
294.7,0.000000
294.733333,0.000000
294.766667,0.000000
294.8,0.000000
294.833333,0.000000
294.866667,0.000000
294.9,0.000000
294.933333,0.000000
294.966667,0.000000
295,0.000000
295.033333,0.000000
295.066667,0.000000
295.1,0.000000
295.133333,0.000172
295.166667,0.000055
295.2,0.000021
295.233333,0.000013
295.266667,0.000011
295.3,0.000010
295.333333,0.000002
295.366667,0.000010
295.4,0.000008
295.433333,0.000010
295.466667,0.000008
295.5,0.000006
295.533333,0.000008
295.566667,0.000006
295.6,0.000007
295.633333,0.000002
295.666667,0.000001
295.7,0.000002
295.733333,0.000006
295.766667,0.000006
295.8,0.000001
295.833333,0.000009
295.866667,0.000008
295.9,0.000009
295.933333,0.000008
295.966667,0.000008
296,0.000070
296.033333,0.000040
296.066667,0.000003
296.1,0.000006
296.133333,0.000003
296.166667,0.000002
296.2,0.000000
296.233333,0.000000
296.266667,0.000001
296.3,0.000001
296.333333,0.000001
296.366667,0.000002
296.4,0.000007
296.433333,0.000012
296.466667,0.082819
296.5,0.000353
296.533333,0.000092
296.566667,0.000026
296.6,0.000085
296.633333,0.000078
296.666667,0.000055
296.7,0.000120
296.733333,0.000016
296.766667,0.000070
296.8,0.000095
296.833333,0.000047
296.866667,0.000090
296.9,0.000061
296.933333,0.000060
296.966667,0.000041
297,0.000119
297.033333,0.000909
297.066667,0.000005
297.1,0.000001
297.133333,0.000000
297.166667,0.000000
297.2,0.000000
297.233333,0.000000
297.266667,0.000000
297.3,0.000000
297.333333,0.000000
297.366667,0.000000
297.4,0.000000
297.433333,0.000000
297.466667,0.000000
297.5,0.000000
297.533333,0.000000
297.566667,0.000000
297.6,0.000000
297.633333,0.000000
297.666667,0.000000
297.7,0.000000
297.733333,0.000000
297.766667,0.000000
297.8,0.000000
297.833333,0.000000
297.866667,0.000000
297.9,0.000000
297.933333,0.000000
297.966667,0.103782
298,0.000214
298.033333,0.000011
298.066667,0.000023
298.1,0.000020
298.133333,0.000003
298.166667,0.000002
298.2,0.000001
298.233333,0.000002
298.266667,0.000004
298.3,0.000004
298.333333,0.000001
298.366667,0.000001
298.4,0.000011
298.433333,0.000005
298.466667,0.000118
298.5,0.000115
298.533333,0.000004
298.566667,0.000003
298.6,0.000002
298.633333,0.000004
298.666667,0.000001
298.7,0.000000
298.733333,0.000001
298.766667,0.000007
298.8,0.000000
298.833333,0.000002
298.866667,0.000000
298.9,0.000000
298.933333,0.000000
298.966667,0.000000
299,0.000000
299.033333,0.000000
299.066667,0.000000
299.1,0.000000
299.133333,0.000000
299.166667,0.000000
299.2,0.000000
299.233333,0.000000
299.266667,0.000000
299.3,0.000000
299.333333,0.000000
299.366667,0.000000
299.4,0.000000
299.433333,0.000000
299.466667,0.000000
299.5,0.000000
299.533333,0.000000
299.566667,0.000000
299.6,0.000000
299.633333,0.069453
299.666667,0.000057
299.7,0.000003
299.733333,0.000003
299.766667,0.000012
299.8,0.000012
299.833333,0.000001
299.866667,0.000012
299.9,0.000013
299.933333,0.000001
299.966667,0.000001
300,0.000000
300.033333,0.000001
300.066667,0.000012
300.1,0.000011
300.133333,0.000013
300.166667,0.000011
300.2,0.000012
300.233333,0.000001
300.266667,0.000002
300.3,0.000001
300.333333,0.000014
300.366667,0.000001
300.4,0.000002
300.433333,0.000015
300.466667,0.000001
300.5,0.000017
300.533333,0.000016
300.566667,0.000021
300.6,0.000049
300.633333,0.000120
300.666667,0.000004
300.7,0.000000
300.733333,0.000000
300.766667,0.000000
300.8,0.000000
300.833333,0.000000
300.866667,0.000000
300.9,0.000000
300.933333,0.000000
300.966667,0.000000
301,0.000000
301.033333,0.000000
301.066667,0.000000
301.1,0.000000
301.133333,0.000000
301.166667,0.000000
301.2,0.000000
301.233333,0.000000
301.266667,0.000000
301.3,0.000000
301.333333,0.000000
301.366667,0.000000
301.4,0.000000
301.433333,0.000000
301.466667,0.000000
301.5,0.000000
301.533333,0.000000
301.566667,0.000000
301.6,0.000000
301.633333,0.000000
301.666667,0.000000
301.7,0.000000
301.733333,0.000000
301.766667,0.000000
301.8,0.000000
301.833333,0.000000
301.866667,0.000000
301.9,0.000000
301.933333,0.000000
301.966667,0.000000
302,0.000000
302.033333,0.000000
302.066667,0.091278
302.1,0.000008
302.133333,0.000003
302.166667,0.000001
302.2,0.000000
302.233333,0.000000
302.266667,0.000000
302.3,0.000325
302.333333,0.000118
302.366667,0.000048
302.4,0.000020
302.433333,0.000016
302.466667,0.000016
302.5,0.000001
302.533333,0.000015
302.566667,0.000002
302.6,0.000001
302.633333,0.000014
302.666667,0.000001
302.7,0.000002
302.733333,0.000001
302.766667,0.000013
302.8,0.000012
302.833333,0.000013
302.866667,0.000011
302.9,0.000012
302.933333,0.000001
302.966667,0.000000
303,0.000001
303.033333,0.000001
303.066667,0.000012
303.1,0.000012
303.133333,0.000000
303.166667,0.000012
303.2,0.000012
303.233333,0.000003
303.266667,0.037001
303.3,0.000009
303.333333,0.000004
303.366667,0.000001
303.4,0.000000
303.433333,0.000000
303.466667,0.000000
303.5,0.000000
303.533333,0.000000
303.566667,0.000000
303.6,0.000000
303.633333,0.000000
303.666667,0.000000
303.7,0.000000
303.733333,0.000000
303.766667,0.000000
303.8,0.000000
303.833333,0.000000
303.866667,0.000000
303.9,0.000000
303.933333,0.000000
303.966667,0.000000
304,0.000068
304.033333,0.000007
304.066667,0.000002
304.1,0.000001
304.133333,0.000000
304.166667,0.000000
304.2,0.000000
304.233333,0.000000
304.266667,0.000000
304.3,0.000000
304.333333,0.000000
304.366667,0.000000
304.4,0.000000
304.433333,0.000000
304.466667,0.000000
304.5,0.000000
304.533333,0.000000
304.566667,0.000000
304.6,0.000000
304.633333,0.000000
304.666667,0.000000
304.7,0.000000
304.733333,0.000000
304.766667,0.000000
304.8,0.000000
304.833333,0.000000
304.866667,0.000000
304.9,0.000000
304.933333,0.026631
304.966667,0.000009
305,0.000003
305.033333,0.000001
305.066667,0.000000
305.1,0.000000
305.133333,0.000000
305.166667,0.000000
305.2,0.000000
305.233333,0.000000
305.266667,0.000000
305.3,0.000000
305.333333,0.000000
305.366667,0.000000
305.4,0.000000
305.433333,0.000000
305.466667,0.000000
305.5,0.000000
305.533333,0.000000
305.566667,0.000000
305.6,0.000000
305.633333,0.000000
305.666667,0.000000
305.7,0.000000
305.733333,0.000000
305.766667,0.000000
305.8,0.000000
305.833333,0.000000
305.866667,0.000000
305.9,0.000000
305.933333,0.000000
305.966667,0.000000
306,0.000000
306.033333,0.000000
306.066667,0.000000
306.1,0.000000
306.133333,0.000000
306.166667,0.000000
306.2,0.000000
306.233333,0.000000
306.266667,0.000000
306.3,0.000000
306.333333,0.000000
306.366667,0.000000
306.4,0.000000
306.433333,0.000000
306.466667,0.000000
306.5,0.000000
306.533333,0.044312
306.566667,0.000012
306.6,0.000004
306.633333,0.000002
306.666667,0.000000
306.7,0.000000
306.733333,0.000000
306.766667,0.000000
306.8,0.000000
306.833333,0.000000
306.866667,0.000000
306.9,0.000000
306.933333,0.000000
306.966667,0.000000
307,0.000000
307.033333,0.000000
307.066667,0.000000
307.1,0.000000
307.133333,0.000000
307.166667,0.000000
307.2,0.000000
307.233333,0.000000
307.266667,0.000000
307.3,0.000000
307.333333,0.000000
307.366667,0.000000
307.4,0.000000
307.433333,0.000000
307.466667,0.000000
307.5,0.000000
307.533333,0.000000
307.566667,0.000000
307.6,0.000000
307.633333,0.000000
307.666667,0.000000
307.7,0.000000
307.733333,0.000000
307.766667,0.000000
307.8,0.000000
307.833333,0.000000
307.866667,0.000000
307.9,0.000000
307.933333,0.000000
307.966667,0.000000
308,0.000000
308.033333,0.000000
308.066667,0.000000
308.1,0.000000
308.133333,0.000000
308.166667,0.000000
308.2,0.000000
308.233333,0.000000
308.266667,0.000000
308.3,0.000000
308.333333,0.000000
308.366667,0.000000
308.4,0.000000
308.433333,0.000000
308.466667,0.000000
308.5,0.000000
308.533333,0.000000
308.566667,0.000000
308.6,0.000000
308.633333,0.000000
308.666667,0.000000
308.7,0.000000
308.733333,0.000000
308.766667,0.000000
308.8,0.000000
308.833333,0.063467
308.866667,0.000017
308.9,0.000006
308.933333,0.000002
308.966667,0.000000
309,0.000000
309.033333,0.000000
309.066667,0.000000
309.1,0.000000
309.133333,0.000000
309.166667,0.000000
309.2,0.000000
309.233333,0.000000
309.266667,0.000000
309.3,0.000000
309.333333,0.000000
309.366667,0.000000
309.4,0.000000
309.433333,0.000000
309.466667,0.000000
309.5,0.000000
309.533333,0.000000
309.566667,0.000000
309.6,0.000000
309.633333,0.000000
309.666667,0.000000
309.7,0.000000
309.733333,0.000000
309.766667,0.000000
309.8,0.000000
309.833333,0.000000
309.866667,0.000000
309.9,0.000000
309.933333,0.000000
309.966667,0.000000
310,0.000000
310.033333,0.000000
310.066667,0.000000
310.1,0.000000
310.133333,0.000000
310.166667,0.000000
310.2,0.000000
310.233333,0.000000
310.266667,0.000000
310.3,0.000000
310.333333,0.000000
310.366667,0.000000
310.4,0.000000
310.433333,0.000000
310.466667,0.000000
310.5,0.000000
310.533333,0.000000
310.566667,0.000000
310.6,0.000000
310.633333,0.000000
310.666667,0.000000
310.7,0.000000
310.733333,0.000000
310.766667,0.000000
310.8,0.000000
310.833333,0.000000
310.866667,0.000000
310.9,0.000000
310.933333,0.000000
310.966667,0.000000
311,0.000000
311.033333,0.000000
311.066667,0.000000
311.1,0.000000
311.133333,0.000000
311.166667,0.000000
311.2,0.000000
311.233333,0.000000
311.266667,0.000000
311.3,0.000000
311.333333,0.000000
311.366667,0.000000
311.4,0.000000
311.433333,0.000000
311.466667,0.000000
311.5,0.077989
311.533333,0.000008
311.566667,0.000003
311.6,0.000001
311.633333,0.000000
311.666667,0.000000
311.7,0.000000
311.733333,0.000000
311.766667,0.000000
311.8,0.000000
311.833333,0.000000
311.866667,0.000000
311.9,0.000000
311.933333,0.000000
311.966667,0.000000
312,0.000027
312.033333,0.000007
312.066667,0.000002
312.1,0.000001
312.133333,0.000000
312.166667,0.000000
312.2,0.000000
312.233333,0.000000
312.266667,0.000000
312.3,0.000000
312.333333,0.000000
312.366667,0.000000
312.4,0.000000
312.433333,0.000000
312.466667,0.000000
312.5,0.000000
312.533333,0.000000
312.566667,0.000000
312.6,0.000000
312.633333,0.000000
312.666667,0.000000
312.7,0.000000
312.733333,0.000000
312.766667,0.000000
312.8,0.000000
312.833333,0.000000
312.866667,0.000000
312.9,0.000000
312.933333,0.000000
312.966667,0.000000
313,0.000000
313.033333,0.000000
313.066667,0.000000
313.1,0.000000
313.133333,0.000000
313.166667,0.000552
313.2,0.029074
313.233333,0.000254
313.266667,0.000082
313.3,0.000005
313.333333,0.000001
313.366667,0.000072
313.4,0.000068
313.433333,0.000066
313.466667,0.000004
313.5,0.000002
313.533333,0.000062
313.566667,0.000062
313.6,0.000005
313.633333,0.000004
313.666667,0.000000
313.7,0.000021
313.733333,0.000069
313.766667,0.000003
313.8,0.000005
313.833333,0.000005
313.866667,0.000001
313.9,0.000023
313.933333,0.000062
313.966667,0.000002
314,0.000018
314.033333,0.000071
314.066667,0.000004
314.1,0.000018
314.133333,0.000070
314.166667,0.000003
314.2,0.000018
314.233333,0.000067
314.266667,0.000000
314.3,0.000020
314.333333,0.000067
314.366667,0.000017
314.4,0.000069
314.433333,0.000016
314.466667,0.000071
314.5,0.000002
314.533333,0.000019
314.566667,0.000067
314.6,0.000017
314.633333,0.000068
314.666667,0.000020
314.7,0.000066
314.733333,0.000019
314.766667,0.000067
314.8,0.000020
314.833333,0.000067
314.866667,0.000019
314.9,0.000003
314.933333,0.000065
314.966667,0.000022
315,0.000068
315.033333,0.000026
315.066667,0.000066
315.1,0.000028
315.133333,0.000079
315.166667,0.030678
315.2,0.000942
315.233333,0.000001
315.266667,0.000792
315.3,0.000767
315.333333,0.000021
315.366667,0.000006
315.4,0.000806
315.433333,0.000783
315.466667,0.000022
315.5,0.000814
315.533333,0.000786
315.566667,0.000000
315.6,0.000795
315.633333,0.000790
315.666667,0.000027
315.7,0.000790
315.733333,0.000802
315.766667,0.000827
315.8,0.000798
315.833333,0.000789
315.866667,0.000761
315.9,0.000817
315.933333,0.000781
315.966667,0.000798
316,0.000035
316.033333,0.000751
316.066667,0.000851
316.1,0.000104
316.133333,0.000599
316.166667,0.001645
316.2,0.000005
316.233333,0.000002
316.266667,0.000000
316.3,0.000000
316.333333,0.000000
316.366667,0.000000
316.4,0.000000
316.433333,0.000000
316.466667,0.000000
316.5,0.000000
316.533333,0.000000
316.566667,0.000000
316.6,0.000000
316.633333,0.000000
316.666667,0.000000
316.7,0.000000
316.733333,0.000000
316.766667,0.020044
316.8,0.000908
316.833333,0.000498
316.866667,0.000506
316.9,0.000316
316.933333,0.000065
316.966667,0.000089
317,0.000166
317.033333,0.000331
317.066667,0.000134
317.1,0.000207
317.133333,0.000116
317.166667,0.000203
317.2,0.000384
317.233333,0.000822
317.266667,0.000368
317.3,0.001565
317.333333,0.000435
317.366667,0.000556
317.4,0.000334
317.433333,0.000531
317.466667,0.000058
317.5,0.000125
317.533333,0.000126
317.566667,0.001391
317.6,0.000761
317.633333,0.001154
317.666667,0.000780
317.7,0.000893
317.733333,0.000712
317.766667,0.001197
317.8,0.000882
317.833333,0.001925
317.866667,0.001104
317.9,0.000556
317.933333,0.000595
317.966667,0.000003
318,0.000000
318.033333,0.091077
318.066667,0.000013
318.1,0.000005
318.133333,0.000001
318.166667,0.000000
318.2,0.000000
318.233333,0.000000
318.266667,0.000000
318.3,0.000000
318.333333,0.000000
318.366667,0.000000
318.4,0.000000
318.433333,0.000000
318.466667,0.000000
318.5,0.000000
318.533333,0.000000
318.566667,0.000000
318.6,0.000000
318.633333,0.000000
318.666667,0.000000
318.7,0.000000
318.733333,0.000000
318.766667,0.000000
318.8,0.000000
318.833333,0.000000
318.866667,0.000000
318.9,0.000000
318.933333,0.000000
318.966667,0.000000
319,0.000000
319.033333,0.000000
319.066667,0.000000
319.1,0.000000
319.133333,0.000000
319.166667,0.000000
319.2,0.000000
319.233333,0.000000
319.266667,0.000000
319.3,0.000000
319.333333,0.000000
319.366667,0.000000
319.4,0.000000
319.433333,0.000000
319.466667,0.000000
319.5,0.000000
319.533333,0.000000
319.566667,0.000000
319.6,0.000000
319.633333,0.000000
319.666667,0.000000
319.7,0.000000
319.733333,0.000000
319.766667,0.000000
319.8,0.000000
319.833333,0.000000
319.866667,0.000000
319.9,0.000000
319.933333,0.000000
319.966667,0.000000
320,0.000071
320.033333,0.000010
320.066667,0.000003
320.1,1.000000
320.133333,0.000003
320.166667,0.000001
320.2,0.000000
320.233333,0.000000
320.266667,0.000000
320.3,0.000000
320.333333,0.000000
320.366667,0.000000
320.4,0.000656
320.433333,0.035586
320.466667,0.074249
320.5,0.066063
320.533333,0.001668
320.566667,0.000025
320.6,0.000008
320.633333,0.000003
320.666667,0.000000
320.7,0.000000
320.733333,0.000000
320.766667,0.000000
320.8,0.000000
320.833333,0.000000
320.866667,0.000000
320.9,0.000000
320.933333,0.000000
320.966667,0.000000
321,0.000000
321.033333,0.000000
321.066667,0.000000
321.1,0.000000
321.133333,0.000000
321.166667,0.000000
321.2,0.000000
321.233333,0.000000
321.266667,0.000000
321.3,0.000000
321.333333,0.000000
321.366667,0.000000
321.4,0.000000
321.433333,0.000000
321.466667,0.000000
321.5,0.000000
321.533333,0.000000
321.566667,0.000000
321.6,0.000000
321.633333,0.000000
321.666667,0.000000
321.7,0.000000
321.733333,0.000000
321.766667,1.000000
321.8,0.000052
321.833333,0.000015
321.866667,0.000006
321.9,0.000001
321.933333,0.000000
321.966667,0.000000
322,0.000000
322.033333,0.000000
322.066667,0.000000
322.1,0.000000
322.133333,0.000000
322.166667,0.000000
322.2,0.000000
322.233333,0.000000
322.266667,0.000000
322.3,0.000000
322.333333,0.000000
322.366667,0.000000
322.4,0.000000
322.433333,0.000000
322.466667,0.000000
322.5,0.000000
322.533333,0.000000
322.566667,0.000000
322.6,0.000000
322.633333,0.000000
322.666667,0.000000
322.7,0.000000
322.733333,0.000000
322.766667,0.000000
322.8,0.000000
322.833333,0.000000
322.866667,0.000000
322.9,0.000000
322.933333,0.000000
322.966667,0.000000
323,0.000000
323.033333,0.000000
323.066667,0.000000
323.1,0.000000
323.133333,0.000000
323.166667,0.000000
323.2,0.000000
323.233333,0.000000
323.266667,0.000000
323.3,0.000000
323.333333,0.000000
323.366667,0.000000
323.4,0.000000
323.433333,0.032522
323.466667,0.000015
323.5,0.000006
323.533333,0.000001
323.566667,0.000000
323.6,0.000000
323.633333,0.000000
323.666667,0.000000
323.7,0.000000
323.733333,0.000000
323.766667,0.000000
323.8,0.000000
323.833333,0.000000
323.866667,0.000000
323.9,0.000000
323.933333,0.000000
323.966667,0.000000
324,0.000000
324.033333,0.000000
324.066667,0.000000
324.1,0.000000
324.133333,0.000000
324.166667,0.000000
324.2,0.000000
324.233333,0.000000
324.266667,0.000000
324.3,0.000000
324.333333,0.000000
324.366667,0.000000
324.4,0.000000
324.433333,0.000000
324.466667,0.000000
324.5,0.000000
324.533333,0.000000
324.566667,0.000000
324.6,0.000000
324.633333,0.000000
324.666667,0.000000
324.7,0.000000
324.733333,0.000000
324.766667,0.000000
324.8,0.000000
324.833333,0.000000
324.866667,0.000000
324.9,0.000000
324.933333,0.000000
324.966667,0.072302
325,0.000134
325.033333,0.000058
325.066667,0.000060
325.1,0.000005
325.133333,0.000054
325.166667,0.000063
325.2,0.000005
325.233333,0.000055
325.266667,0.000060
325.3,0.000002
325.333333,0.000055
325.366667,0.000060
325.4,0.000001
325.433333,0.000000
325.466667,0.000056
325.5,0.000060
325.533333,0.000001
325.566667,0.000057
325.6,0.000059
325.633333,0.000001
325.666667,0.000002
325.7,0.000055
325.733333,0.000062
325.766667,0.000002
325.8,0.000001
325.833333,0.000057
325.866667,0.000060
325.9,0.000000
325.933333,0.000000
325.966667,0.000002
326,0.000059
326.033333,0.000060
326.066667,0.000001
326.1,0.000001
326.133333,0.000003
326.166667,0.000059
326.2,0.000058
326.233333,0.000002
326.266667,0.000002
326.3,0.000001
326.333333,0.000003
326.366667,0.000002
326.4,0.000001
326.433333,0.000058
326.466667,0.000061
326.5,0.000001
326.533333,0.000000
326.566667,0.000000
326.6,0.000002
326.633333,0.000002
326.666667,0.000003
326.7,0.000000
326.733333,0.000003
326.766667,0.000001
326.8,0.000001
326.833333,0.000001
326.866667,0.000001
326.9,0.000002
326.933333,0.000002
326.966667,0.000001
327,0.000058
327.033333,0.000056
327.066667,0.000001
327.1,0.000000
327.133333,0.000003
327.166667,0.000065
327.2,0.000065
327.233333,0.000003
327.266667,0.000074
327.3,0.000077
327.333333,0.000091
327.366667,0.000005
327.4,0.066404
327.433333,0.000020
327.466667,0.000009
327.5,0.000002
327.533333,0.000000
327.566667,0.000000
327.6,0.000000
327.633333,0.000000
327.666667,0.000000
327.7,0.000000
327.733333,0.000000
327.766667,0.000000
327.8,0.000000
327.833333,0.000000
327.866667,0.000000
327.9,0.000000
327.933333,0.000000
327.966667,0.000000
328,0.000169
328.033333,0.000010
328.066667,0.000003
328.1,0.000001
328.133333,0.000000
328.166667,0.000000
328.2,0.000000
328.233333,0.000000
328.266667,0.000000
328.3,0.000000
328.333333,0.000000
328.366667,0.000000
328.4,0.000000
328.433333,0.000000
328.466667,0.000000
328.5,0.000000
328.533333,0.000000
328.566667,0.000000
328.6,0.000000
328.633333,0.000000
328.666667,0.000000
328.7,0.000000
328.733333,0.000000
328.766667,0.000000
328.8,0.000000
328.833333,0.000000
328.866667,0.000000
328.9,0.000000
328.933333,0.000000
328.966667,0.000000
329,0.000000
329.033333,0.000000
329.066667,0.000000
329.1,0.067134
329.133333,0.000011
329.166667,0.000004
329.2,0.000001
329.233333,0.000000
329.266667,0.000000
329.3,0.000000
329.333333,0.000000
329.366667,0.000000
329.4,0.000000
329.433333,0.000000
329.466667,0.000000
329.5,0.000000
329.533333,0.000000
329.566667,0.000000
329.6,0.000000
329.633333,0.000000
329.666667,0.000000
329.7,0.000000
329.733333,0.000000
329.766667,0.000000
329.8,0.000000
329.833333,0.000000
329.866667,0.000000
329.9,0.000000
329.933333,0.000000
329.966667,0.000000
330,0.000000
330.033333,0.000000
330.066667,0.000000
330.1,0.000000
330.133333,0.000000
330.166667,0.000000
330.2,0.000000
330.233333,0.000000
330.266667,0.000000
330.3,0.000000
330.333333,0.000000
330.366667,0.000000
330.4,0.000000
330.433333,0.000000
330.466667,0.000000
330.5,0.000000
330.533333,0.000000
330.566667,0.000000
330.6,0.000000
330.633333,0.000000
330.666667,0.000000
330.7,0.000000
330.733333,0.000000
330.766667,0.000000
330.8,0.000000
330.833333,0.000000
330.866667,0.000000
330.9,0.000000
330.933333,0.000000
330.966667,0.000000
331,0.000000
331.033333,0.000000
331.066667,0.000000
331.1,0.000000
331.133333,0.000000
331.166667,0.000000
331.2,0.000000
331.233333,0.000000
331.266667,0.000000
331.3,0.000000
331.333333,0.000000
331.366667,0.000000
331.4,0.000000
331.433333,0.000000
331.466667,0.000000
331.5,0.000000
331.533333,0.000000
331.566667,0.000000
331.6,0.000000
331.633333,0.000000
331.666667,0.000000
331.7,0.000000
331.733333,0.065248
331.766667,0.000008
331.8,0.000003
331.833333,0.000001
331.866667,0.000000
331.9,0.000000
331.933333,0.000000
331.966667,0.000000
332,0.000000
332.033333,0.000000
332.066667,0.000000
332.1,0.000000
332.133333,0.000000
332.166667,0.000000
332.2,0.000000
332.233333,0.000000
332.266667,0.000000
332.3,0.000000
332.333333,0.000000
332.366667,0.000000
332.4,0.000000
332.433333,0.000000
332.466667,0.000000
332.5,0.000000
332.533333,0.000000
332.566667,0.000000
332.6,0.000000
332.633333,0.000000
332.666667,0.000000
332.7,0.000000
332.733333,0.000000
332.766667,0.000000
332.8,0.000000
332.833333,0.000000
332.866667,0.000000
332.9,0.000000
332.933333,0.000000
332.966667,0.000000
333,0.000000
333.033333,0.000000
333.066667,0.000000
333.1,0.000000
333.133333,0.000000
333.166667,0.000000
333.2,0.000000
333.233333,0.000000
333.266667,0.000000
333.3,0.000000
333.333333,0.000000
333.366667,0.000000
333.4,0.061011
333.433333,0.000014
333.466667,0.000005
333.5,0.000001
333.533333,0.000000
333.566667,0.000000
333.6,0.000000
333.633333,0.000000
333.666667,0.000000
333.7,0.000000
333.733333,0.000000
333.766667,0.000000
333.8,0.000000
333.833333,0.000000
333.866667,0.000000
333.9,0.000000
333.933333,0.000000
333.966667,0.000000
334,0.000000
334.033333,0.000000
334.066667,0.000000
334.1,0.000000
334.133333,0.000000
334.166667,0.000000
334.2,0.000000
334.233333,0.000000
334.266667,0.000000
334.3,0.000000
334.333333,0.000000
334.366667,0.000000
334.4,0.000000
334.433333,0.000000
334.466667,0.000000
334.5,0.000000
334.533333,0.000000
334.566667,0.000000
334.6,0.000000
334.633333,0.000000
334.666667,0.000000
334.7,0.000281
334.733333,0.000101
334.766667,0.000012
334.8,0.000014
334.833333,0.000008
334.866667,0.000006
334.9,0.000001
334.933333,0.000010
334.966667,0.000002
335,0.000007
335.033333,0.000001
335.066667,0.000003
335.1,0.000002
335.133333,0.000003
335.166667,0.000002
335.2,0.000001
335.233333,0.000003
335.266667,0.000002
335.3,0.000000
335.333333,0.000002
335.366667,0.000001
335.4,0.000003
335.433333,0.000001
335.466667,0.000001
335.5,0.000001
335.533333,0.000003
335.566667,0.000001
335.6,0.000001
335.633333,0.000001
335.666667,0.064535
335.7,0.000420
335.733333,0.000170
335.766667,0.000176
335.8,0.000176
335.833333,0.000004
335.866667,0.000166
335.9,0.000172
335.933333,0.000002
335.966667,0.000004
336,0.000067
336.033333,0.000064
336.066667,0.000000
336.1,0.000002
336.133333,0.000000
336.166667,0.000172
336.2,0.000008
336.233333,0.000172
336.266667,0.000175
336.3,0.000004
336.333333,0.000168
336.366667,0.000162
336.4,0.000176
336.433333,0.000171
336.466667,0.000164
336.5,0.000352
336.533333,0.000002
336.566667,0.000185
336.6,0.000358
336.633333,0.000529
336.666667,0.003309
336.7,0.000006
336.733333,0.000003
336.766667,0.000001
336.8,0.000000
336.833333,0.000000
336.866667,0.000000
336.9,0.000000
336.933333,0.000000
336.966667,0.000000
337,0.000000
337.033333,0.000000
337.066667,0.000000
337.1,0.000000
337.133333,0.000000
337.166667,0.000000
337.2,0.000000
337.233333,0.000000
337.266667,0.000000
337.3,0.000000
337.333333,0.000000
337.366667,0.000000
337.4,0.000000
337.433333,0.000000
337.466667,0.000000
337.5,0.000000
337.533333,0.000000
337.566667,0.000000
337.6,0.000000
337.633333,0.000000
337.666667,0.000000
337.7,0.000000
337.733333,0.000000
337.766667,0.000000
337.8,0.000000
337.833333,0.000000
337.866667,0.000000
337.9,0.000000
337.933333,0.039143
337.966667,0.000007
338,0.000003
338.033333,0.000001
338.066667,0.000000
338.1,0.005705
338.133333,0.002399
338.166667,0.000528
338.2,0.000358
338.233333,0.000185
338.266667,0.000002
338.3,0.000352
338.333333,0.000165
338.366667,0.000171
338.4,0.000176
338.433333,0.000163
338.466667,0.000169
338.5,0.000005
338.533333,0.000174
338.566667,0.000173
338.6,0.000009
338.633333,0.000171
338.666667,0.000001
338.7,0.000002
338.733333,0.000003
338.766667,0.000008
338.8,0.000008
338.833333,0.000004
338.866667,0.000002
338.9,0.000172
338.933333,0.000170
338.966667,0.000000
339,0.000176
339.033333,0.000174
339.066667,0.048110
339.1,0.000065
339.133333,0.000007
339.166667,0.000002
339.2,0.000001
339.233333,0.000010
339.266667,0.000002
339.3,0.000011
339.333333,0.000003
339.366667,0.000002
339.4,0.000001
339.433333,0.000000
339.466667,0.000002
339.5,0.000004
339.533333,0.000000
339.566667,0.000003
339.6,0.000003
339.633333,0.000000
339.666667,0.000000
339.7,0.000011
339.733333,0.000004
339.766667,0.000000
339.8,0.000002
339.833333,0.000003
339.866667,0.000001
339.9,0.000001
339.933333,0.000009
339.966667,0.000002
340,0.000000
340.033333,0.000003
340.066667,0.000002
340.1,0.000001
340.133333,0.000004
340.166667,0.000003
340.2,0.000000
340.233333,0.000004
340.266667,0.000003
340.3,0.000000
340.333333,0.000000
340.366667,0.000002
340.4,0.000003
340.433333,0.000002
340.466667,0.000001
340.5,0.000002
340.533333,0.000000
340.566667,0.000001
340.6,0.000002
340.633333,0.000001
340.666667,0.000001
340.7,0.000002
340.733333,0.000004
340.766667,0.000000
340.8,0.000003
340.833333,0.000002
340.866667,0.000025
340.9,0.000004
340.933333,0.000000
340.966667,0.000000
341,0.000000
341.033333,0.000000
341.066667,0.000000
341.1,0.000000
341.133333,0.000000
341.166667,0.000000
341.2,0.000000
341.233333,0.000000
341.266667,0.000000
341.3,0.000000
341.333333,0.000000
341.366667,0.000000
341.4,0.000000
341.433333,0.000000
341.466667,0.036812
341.5,0.000008
341.533333,0.000004
341.566667,0.000001
341.6,0.000000
341.633333,0.000000
341.666667,0.000000
341.7,0.000000
341.733333,0.000000
341.766667,0.000000
341.8,0.000000
341.833333,0.000000
341.866667,0.000000
341.9,0.000000
341.933333,0.000000
341.966667,0.000000
342,0.000000
342.033333,0.000000
342.066667,0.000000
342.1,0.000000
342.133333,0.000000
342.166667,0.000000
342.2,0.000000
342.233333,0.000000
342.266667,0.000000
342.3,0.000000
342.333333,0.000000
342.366667,0.000000
342.4,0.000000
342.433333,0.000000
342.466667,0.000000
342.5,0.000000
342.533333,0.000000
342.566667,0.000000
342.6,0.000000
342.633333,0.000000
342.666667,0.000000
342.7,0.000000
342.733333,0.000000
342.766667,0.000000
342.8,0.000000
342.833333,0.000000
342.866667,0.000000
342.9,0.033226
342.933333,0.000066
342.966667,0.000011
343,0.000003
343.033333,0.000018
343.066667,0.000018
343.1,0.000001
343.133333,0.000018
343.166667,0.000020
343.2,0.000002
343.233333,0.000004
343.266667,0.000004
343.3,0.000003
343.333333,0.000018
343.366667,0.000018
343.4,0.000019
343.433333,0.000018
343.466667,0.000020
343.5,0.000000
343.533333,0.000000
343.566667,0.000000
343.6,0.000020
343.633333,0.000002
343.666667,0.000001
343.7,0.000018
343.733333,0.000005
343.766667,0.000017
343.8,0.000024
343.833333,0.000023
343.866667,0.000066
343.9,0.000148
343.933333,0.000003
343.966667,0.000000
344,0.000056
344.033333,0.000009
344.066667,0.000003
344.1,0.000001
344.133333,0.000000
344.166667,0.000000
344.2,0.000000
344.233333,0.000000
344.266667,0.000000
344.3,0.000000
344.333333,0.000000
344.366667,0.000000
344.4,0.000000
344.433333,0.000000
344.466667,0.000000
344.5,0.000000
344.533333,0.000000
344.566667,0.000000
344.6,0.000000
344.633333,0.000000
344.666667,0.000000
344.7,0.000000
344.733333,0.052741
344.766667,0.000013
344.8,0.000005
344.833333,0.000001
344.866667,0.000000
344.9,0.000000
344.933333,0.000000
344.966667,0.000000
345,0.000000
345.033333,0.000000
345.066667,0.000000
345.1,0.000000
345.133333,0.000000
345.166667,0.000000
345.2,0.000000
345.233333,0.000000
345.266667,0.000000
345.3,0.000000
345.333333,0.000000
345.366667,0.000000
345.4,0.000000
345.433333,0.000000
345.466667,0.000000
345.5,0.000000
345.533333,0.000000
345.566667,0.000000
345.6,0.000000
345.633333,0.000000
345.666667,0.000000
345.7,0.000000
345.733333,0.000000
345.766667,0.000000
345.8,0.000000
345.833333,0.000000
345.866667,0.000000
345.9,0.000000
345.933333,0.000000
345.966667,0.000422
346,0.000149
346.033333,0.000066
346.066667,0.000023
346.1,0.000024
346.133333,0.000017
346.166667,0.000006
346.2,0.000018
346.233333,0.000001
346.266667,0.000003
346.3,0.000020
346.333333,0.000000
346.366667,0.000001
346.4,0.000000
346.433333,0.000020
346.466667,0.000018
346.5,0.000019
346.533333,0.000018
346.566667,0.000019
346.6,0.000003
346.633333,0.000003
346.666667,0.000004
346.7,0.000002
346.733333,0.000020
346.766667,0.000018
346.8,0.000000
346.833333,0.000018
346.866667,0.000018
346.9,0.000001
346.933333,0.050665
346.966667,0.000015
347,0.000006
347.033333,0.000001
347.066667,0.000000
347.1,0.000000
347.133333,0.000000
347.166667,0.000001
347.2,0.000002
347.233333,0.000000
347.266667,0.000001
347.3,0.000000
347.333333,0.000000
347.366667,0.000000
347.4,0.000000
347.433333,0.000000
347.466667,0.000000
347.5,0.000000
347.533333,0.000000
347.566667,0.000000
347.6,0.000025
347.633333,0.000011
347.666667,0.000009
347.7,0.000001
347.733333,0.000000
347.766667,0.000000
347.8,0.000011
347.833333,0.000000
347.866667,0.000008
347.9,0.000011
347.933333,0.000000
347.966667,0.000000
348,0.000008
348.033333,0.000010
348.066667,0.000002
348.1,0.000000
348.133333,0.000000
348.166667,0.000006
348.2,0.000010
348.233333,0.000000
348.266667,0.000000
348.3,0.000000
348.333333,0.000000
348.366667,0.000008
348.4,0.000012
348.433333,0.000001
348.466667,0.000000
348.5,0.000000
348.533333,0.000001
348.566667,0.000001
348.6,0.000002
348.633333,0.000006
348.666667,0.000007
348.7,0.000001
348.733333,0.000000
348.766667,0.000003
348.8,0.000043
348.833333,0.000027
348.866667,0.000005
348.9,0.000000
348.933333,0.000000
348.966667,0.000000
349,0.000000
349.033333,0.000000
349.066667,0.000000
349.1,0.000000
349.133333,0.000001
349.166667,0.000001
349.2,0.000001
349.233333,0.000002
349.266667,0.000003
349.3,0.000000
349.333333,0.000001
349.366667,0.000004
349.4,0.000001
349.433333,0.076784
349.466667,0.000019
349.5,0.000003
349.533333,0.000000
349.566667,0.000001
349.6,0.000006
349.633333,0.000006
349.666667,0.000001
349.7,0.000002
349.733333,0.000000
349.766667,0.000000
349.8,0.000000
349.833333,0.000000
349.866667,0.000000
349.9,0.000000
349.933333,0.000000
349.966667,0.000000
350,0.000000
350.033333,0.000000
350.066667,0.000000
350.1,0.000000
350.133333,0.000000
350.166667,0.000000
350.2,0.000000
350.233333,0.000000
350.266667,0.000000
350.3,0.000000
350.333333,0.000000
350.366667,0.000000
350.4,0.000000
350.433333,0.000000
350.466667,0.000000
350.5,0.034908
350.533333,0.000011
350.566667,0.000003
350.6,0.000038
350.633333,0.000007
350.666667,0.000001
350.7,0.000001
350.733333,0.000002
350.766667,0.000003
350.8,0.000005
350.833333,0.000000
350.866667,0.000013
350.9,0.000021
350.933333,0.000007
350.966667,0.000004
351,0.000002
351.033333,0.000001
351.066667,0.000001
351.1,0.000001
351.133333,0.000004
351.166667,0.000000
351.2,0.000000
351.233333,0.000000
351.266667,0.000000
351.3,0.000002
351.333333,0.000040
351.366667,0.000007
351.4,0.000001
351.433333,0.000001
351.466667,0.000002
351.5,0.000003
351.533333,0.000005
351.566667,0.000004
351.6,0.000011
351.633333,0.000016
351.666667,0.000008
351.7,0.000004
351.733333,0.000003
351.766667,0.000001
351.8,0.000000
351.833333,0.000001
351.866667,0.000005
351.9,0.000000
351.933333,0.000000
351.966667,0.066446
352,0.000059
352.033333,0.000010
352.066667,0.000003
352.1,0.000001
352.133333,0.000000
352.166667,0.000000
352.2,0.000000
352.233333,0.000000
352.266667,0.000000
352.3,0.000000
352.333333,0.000000
352.366667,0.000000
352.4,0.000000
352.433333,0.000000
352.466667,0.000000
352.5,0.000000
352.533333,0.000000
352.566667,0.000000
352.6,0.000000
352.633333,0.000000
352.666667,0.000000
352.7,0.000000
352.733333,0.000000
352.766667,0.000000
352.8,0.000000
352.833333,0.000000
352.866667,0.000000
352.9,0.000000
352.933333,0.000000
352.966667,0.000000
353,0.000000
353.033333,0.000000
353.066667,0.000000
353.1,0.000000
353.133333,0.000000
353.166667,0.000000
353.2,0.000000
353.233333,0.000000
353.266667,0.000000
353.3,0.000000
353.333333,0.000000
353.366667,0.000000
353.4,0.000000
353.433333,0.000000
353.466667,0.000000
353.5,0.000000
353.533333,0.000000
353.566667,0.000000
353.6,0.000000
353.633333,0.000000
353.666667,0.000000
353.7,0.000000
353.733333,0.000000
353.766667,0.000000
353.8,0.000000
353.833333,0.000000
353.866667,0.000000
353.9,0.000000
353.933333,0.000000
353.966667,0.000000
354,0.000000
354.033333,0.000000
354.066667,0.000000
354.1,0.000000
354.133333,0.000000
354.166667,0.000000
354.2,0.000000
354.233333,0.000000
354.266667,0.000000
354.3,0.000000
354.333333,0.000000
354.366667,0.000000
354.4,0.000000
354.433333,0.000000
354.466667,0.000000
354.5,0.000000
354.533333,0.000000
354.566667,0.000000
354.6,0.000000
354.633333,0.080387
354.666667,0.000014
354.7,0.013841
354.733333,0.014794
354.766667,0.004759
354.8,0.009727
354.833333,0.006837
354.866667,0.003196
354.9,0.004410
354.933333,0.000876
354.966667,0.000722
355,0.002105
355.033333,0.004483
355.066667,0.004250
355.1,0.002282
355.133333,0.002172
355.166667,0.002350
355.2,0.002051
355.233333,0.001491
355.266667,0.000407
355.3,0.001047
355.333333,0.002552
355.366667,0.001592
355.4,0.000003
355.433333,0.000001
355.466667,0.000000
355.5,0.069959
355.533333,0.000006
355.566667,0.000003
355.6,0.000000
355.633333,0.000000
355.666667,0.000000
355.7,0.000000
355.733333,0.000000
355.766667,0.000000
355.8,0.000000
355.833333,0.000000
355.866667,0.000000
355.9,0.000000
355.933333,0.000059
355.966667,0.003884
356,0.001933
356.033333,0.000465
356.066667,0.001013
356.1,0.000031
356.133333,0.000134
356.166667,0.001706
356.2,0.001116
356.233333,0.001142
356.266667,0.000973
356.3,0.004218
356.333333,0.001828
356.366667,0.001986
356.4,0.000369
356.433333,0.000152
356.466667,0.058228
356.5,0.000019
356.533333,0.000007
356.566667,0.000002
356.6,0.000000
356.633333,0.000000
356.666667,0.000000
356.7,0.000000
356.733333,0.000000
356.766667,0.000000
356.8,0.000000
356.833333,0.000000
356.866667,0.000000
356.9,0.000000
356.933333,0.000000
356.966667,0.000000
357,0.000000
357.033333,0.000000
357.066667,0.000000
357.1,0.000000
357.133333,0.000000
357.166667,0.000000
357.2,0.000000
357.233333,0.000000
357.266667,0.000000
357.3,0.000000
357.333333,0.000000
357.366667,0.000000
357.4,0.000000
357.433333,0.000000
357.466667,0.000000
357.5,0.000000
357.533333,0.000000
357.566667,0.000000
357.6,0.000000
357.633333,0.261504
357.666667,0.000040
357.7,0.000011
357.733333,0.000005
357.766667,0.000001
357.8,0.000000
357.833333,0.000000
357.866667,0.000000
357.9,0.000000
357.933333,0.000000
357.966667,0.000000
358,0.000000
358.033333,0.000000
358.066667,0.000000
358.1,0.000000
358.133333,0.000000
358.166667,0.000000
358.2,0.000000
358.233333,0.000000
358.266667,0.000000
358.3,0.000000
358.333333,0.000000
358.366667,0.000000
358.4,0.000000
358.433333,0.000000
358.466667,0.000000
358.5,0.000000
358.533333,0.000000
358.566667,0.000000
358.6,0.000000
358.633333,0.000000
358.666667,0.000000
358.7,0.068974
358.733333,0.000630
358.766667,0.000283
358.8,0.000278
358.833333,0.000268
358.866667,0.000002
358.9,0.000262
358.933333,0.000265
358.966667,0.000011
359,0.000007
359.033333,0.000001
359.066667,0.000009
359.1,0.000002
359.133333,0.000001
359.166667,0.000005
359.2,0.000274
359.233333,0.000004
359.266667,0.000268
359.3,0.000284
359.333333,0.000002
359.366667,0.000273
359.4,0.000263
359.433333,0.000274
359.466667,0.000267
359.5,0.000247
359.533333,0.000538
359.566667,0.000008
359.6,0.000284
359.633333,0.000555
359.666667,0.000844
359.7,0.005184
359.733333,0.000012
359.766667,0.000004
359.8,0.000001
359.833333,0.000000
359.866667,0.000000
359.9,0.000000
359.933333,0.000000
359.966667,0.000000
360,0.000178
360.033333,0.000014
360.066667,0.000004
360.1,0.000001
360.133333,0.000000
360.166667,0.000000
360.2,0.000000
360.233333,0.000000
360.266667,0.000000
360.3,0.000000
360.333333,0.000000
360.366667,0.000000
360.4,0.000000
360.433333,0.000000
360.466667,0.000000
360.5,0.000000
360.533333,0.000000
360.566667,0.000000
360.6,0.000000
360.633333,0.000000
360.666667,0.000000
360.7,0.000000
360.733333,0.000000
360.766667,0.000000
360.8,0.000000
360.833333,0.000000
360.866667,0.000000
360.9,0.000000
360.933333,0.000000
360.966667,0.000000
361,0.000000
361.033333,0.000000
361.066667,0.000000
361.1,0.000000
361.133333,0.000000
361.166667,0.000000
361.2,0.110508
361.233333,0.000016
361.266667,0.000074
361.3,0.000020
361.333333,0.000200
361.366667,0.000005
361.4,0.000111
361.433333,0.000003
361.466667,0.000008
361.5,0.000028
361.533333,0.000055
361.566667,0.000027
361.6,0.000009
361.633333,0.000043
361.666667,0.000075
361.7,0.000061
361.733333,0.000026
361.766667,0.000030
361.8,0.000039
361.833333,0.000014
361.866667,0.000018
361.9,0.000003
361.933333,0.000003
361.966667,0.000054
362,0.000004
362.033333,0.000000
362.066667,0.000000
362.1,0.000000
362.133333,0.000000
362.166667,0.000000
362.2,0.000000
362.233333,0.000000
362.266667,0.000000
362.3,0.000000
362.333333,0.000000
362.366667,0.000000
362.4,0.000000
362.433333,0.000000
362.466667,0.000000
362.5,0.000000
362.533333,0.000000
362.566667,0.000000
362.6,0.000000
362.633333,0.000000
362.666667,0.000000
362.7,0.000000
362.733333,0.000000
362.766667,0.000000
362.8,0.000000
362.833333,0.000000
362.866667,0.000000
362.9,0.000000
362.933333,0.000000
362.966667,0.000000
363,0.000000
363.033333,0.000000
363.066667,0.000000
363.1,0.000000
363.133333,0.000000
363.166667,0.000000
363.2,0.039544
363.233333,0.000010
363.266667,0.000005
363.3,0.000001
363.333333,0.000018
363.366667,0.000004
363.4,0.000027
363.433333,0.000001
363.466667,0.000003
363.5,0.000003
363.533333,0.000004
363.566667,0.000037
363.6,0.000003
363.633333,0.000006
363.666667,0.000004
363.7,0.000004
363.733333,0.000052
363.766667,0.000004
363.8,0.000003
363.833333,0.000006
363.866667,0.000004
363.9,0.000067
363.933333,0.000003
363.966667,0.000002
364,0.000002
364.033333,0.000004
364.066667,0.000074
364.1,0.000009
364.133333,0.000001
364.166667,0.000009
364.2,0.000005
364.233333,0.000096
364.266667,0.000001
364.3,0.000005
364.333333,0.000001
364.366667,0.000005
364.4,0.000105
364.433333,0.000003
364.466667,0.000006
364.5,0.000020
364.533333,0.000005
364.566667,0.000105
364.6,0.000026
364.633333,0.000018
364.666667,0.000024
364.7,0.000005
364.733333,0.000138
364.766667,0.000002
364.8,0.000014
364.833333,0.000004
364.866667,0.000005
364.9,0.000191
364.933333,0.000002
364.966667,0.000075
365,0.000017
365.033333,0.000005
365.066667,0.000145
365.1,0.000035
365.133333,0.000038
365.166667,0.000064
365.2,0.000005
365.233333,0.000094
365.266667,0.000001
365.3,0.000033
365.333333,0.000026
365.366667,0.000004
365.4,0.000059
365.433333,0.000009
365.466667,0.000009
365.5,0.000025
365.533333,0.119972
365.566667,0.000020
365.6,0.000204
365.633333,0.000046
365.666667,0.000067
365.7,0.000044
365.733333,0.000090
365.766667,0.000013
365.8,0.000019
365.833333,0.000003
365.866667,0.000000
365.9,0.000000
365.933333,0.000000
365.966667,0.000000
366,0.000000
366.033333,0.000000
366.066667,0.000000
366.1,0.000000
366.133333,0.000000
366.166667,0.000000
366.2,0.000000
366.233333,0.000000
366.266667,0.000000
366.3,0.000000
366.333333,0.000000
366.366667,0.000000
366.4,0.000000
366.433333,0.000000
366.466667,0.000000
366.5,0.000000
366.533333,0.000000
366.566667,0.000000
366.6,0.000000
366.633333,0.000000
366.666667,0.000000
366.7,0.000000
366.733333,0.000000
366.766667,0.000000
366.8,0.000000
366.833333,0.000000
366.866667,0.000000
366.9,0.000000
366.933333,0.000000
366.966667,0.000000
367,0.000000
367.033333,0.000000
367.066667,0.000000
367.1,0.000000
367.133333,0.000000
367.166667,0.000000
367.2,0.000000
367.233333,0.000000
367.266667,0.000000
367.3,0.000000
367.333333,0.000000
367.366667,0.000000
367.4,0.000000
367.433333,0.000000
367.466667,0.000000
367.5,0.000000
367.533333,0.000000
367.566667,0.000000
367.6,0.000000
367.633333,0.000000
367.666667,0.000000
367.7,0.000000
367.733333,0.000000
367.766667,0.000000
367.8,0.000000
367.833333,0.000000
367.866667,0.000000
367.9,0.000000
367.933333,0.000000
367.966667,0.000000
368,0.000061
368.033333,0.000007
368.066667,0.000002
368.1,0.000001
368.133333,0.000000
368.166667,0.068900
368.2,0.000185
368.233333,0.000005
368.266667,0.000010
368.3,0.000001
368.333333,0.000009
368.366667,0.000007
368.4,0.000002
368.433333,0.000000
368.466667,0.000000
368.5,0.000000
368.533333,0.000000
368.566667,0.000000
368.6,0.000000
368.633333,0.000000
368.666667,0.000000
368.7,0.000000
368.733333,0.000000
368.766667,0.000000
368.8,0.000000
368.833333,0.000000
368.866667,0.000000
368.9,0.000000
368.933333,0.000000
368.966667,0.000000
369,0.000000
369.033333,0.000000
369.066667,0.000000
369.1,0.000000
369.133333,0.000000
369.166667,0.000000
369.2,0.000000
369.233333,0.000000
369.266667,0.000000
369.3,0.000000
369.333333,0.000000
369.366667,0.000000
369.4,0.000000
369.433333,0.000000
369.466667,0.000000
369.5,0.000000
369.533333,0.000000
369.566667,0.000000
369.6,0.000000
369.633333,0.000000
369.666667,0.000000
369.7,0.000000
369.733333,0.000000
369.766667,0.000000
369.8,0.000000
369.833333,0.000000
369.866667,0.000000
369.9,0.000000
369.933333,0.000000
369.966667,0.000000
370,0.000000
370.033333,0.000000
370.066667,0.000000
370.1,0.000000
370.133333,0.000000
370.166667,0.000000
370.2,0.000000
370.233333,0.000000
370.266667,0.045942
370.3,0.000024
370.333333,0.000008
370.366667,0.000000
370.4,0.000002
370.433333,0.000110
370.466667,0.000039
370.5,0.000006
370.533333,0.000000
370.566667,0.000000
370.6,0.000000
370.633333,0.000001
370.666667,0.000002
370.7,0.000039
370.733333,0.000026
370.766667,0.000015
370.8,0.000000
370.833333,0.000000
370.866667,0.000001
370.9,0.000001
370.933333,0.000000
370.966667,0.000012
371,0.000049
371.033333,0.000014
371.066667,0.000000
371.1,0.000002
371.133333,0.000000
371.166667,0.000000
371.2,0.000000
371.233333,0.004883
371.266667,0.000004
371.3,0.000001
371.333333,0.000000
371.366667,0.000000
371.4,0.000000
371.433333,0.000000
371.466667,0.000000
371.5,0.000000
371.533333,0.000000
371.566667,0.000000
371.6,0.000000
371.633333,0.000000
371.666667,0.000000
371.7,0.000000
371.733333,0.000000
371.766667,0.000000
371.8,0.000000
371.833333,0.000000
371.866667,0.000000
371.9,0.000000
371.933333,0.000000
371.966667,0.000000
372,0.000000
372.033333,0.000000
372.066667,0.000000
372.1,0.000000
372.133333,0.000000
372.166667,0.000000
372.2,0.000000
372.233333,0.000000
372.266667,0.000000
372.3,0.000000
372.333333,0.000000
372.366667,0.000000
372.4,0.000000
372.433333,0.000000
372.466667,0.000000
372.5,0.000000
372.533333,0.000000
372.566667,0.000000
372.6,0.000000
372.633333,0.000000
372.666667,0.000000
372.7,0.046356
372.733333,0.001352
372.766667,0.000156
372.8,0.000374
372.833333,0.000042
372.866667,0.000011
372.9,0.000081
372.933333,0.000012
372.966667,0.000174
373,0.000431
373.033333,0.000124
373.066667,0.000099
373.1,0.000105
373.133333,0.000855
373.166667,0.000355
373.2,0.000000
373.233333,0.000252
373.266667,0.000201
373.3,0.000072
373.333333,0.000168
373.366667,0.000118
373.4,0.000360
373.433333,0.000257
373.466667,0.000174
373.5,0.000222
373.533333,0.000049
373.566667,0.000141
373.6,0.000142
373.633333,0.000075
373.666667,0.000475
373.7,0.000264
373.733333,0.000060
373.766667,0.000056
373.8,0.000549
373.833333,0.000386
373.866667,0.000421
373.9,0.000415
373.933333,0.000371
373.966667,0.000259
374,0.000068
374.033333,0.000120
374.066667,0.000192
374.1,0.000074
374.133333,0.000317
374.166667,0.000298
374.2,0.000225
374.233333,0.000112
374.266667,0.000403
374.3,0.000280
374.333333,0.000220
374.366667,0.000238
374.4,0.000190
374.433333,0.000223
374.466667,0.000288
374.5,0.001084
374.533333,0.031000
374.566667,0.000013
374.6,0.000006
374.633333,0.000001
374.666667,0.000000
374.7,0.000000
374.733333,0.000000
374.766667,0.000000
374.8,0.000000
374.833333,0.000000
374.866667,0.000000
374.9,0.000000
374.933333,0.000000
374.966667,0.000000
375,0.000000
375.033333,0.000000
375.066667,0.000000
375.1,0.000000
375.133333,0.000000
375.166667,0.000000
375.2,0.000000
375.233333,0.000000
375.266667,0.000000
375.3,0.000000
375.333333,0.000000
375.366667,0.000000
375.4,0.000000
375.433333,0.000000
375.466667,0.000000
375.5,0.000000
375.533333,0.000000
375.566667,0.000000
375.6,0.000000
375.633333,0.000000
375.666667,0.000000
375.7,0.000000
375.733333,0.000000
375.766667,0.000000
375.8,0.000000
375.833333,0.000000
375.866667,0.000000
375.9,0.000000
375.933333,0.000000
375.966667,0.000000
376,0.000128
376.033333,0.000013
376.066667,0.000003
376.1,0.063517
376.133333,0.000014
376.166667,0.000004
376.2,0.000001
376.233333,0.000000
376.266667,0.000000
376.3,0.000000
376.333333,0.000000
376.366667,0.000000
376.4,0.000000
376.433333,0.000000
376.466667,0.000000
376.5,0.000000
376.533333,0.000000
376.566667,0.000000
376.6,0.000000
376.633333,0.000000
376.666667,0.000000
376.7,0.000000
376.733333,0.000000
376.766667,0.000000
376.8,0.000000
376.833333,0.000000
376.866667,0.000000
376.9,0.000000
376.933333,0.000000
376.966667,0.000000
377,0.000000
377.033333,0.000000
377.066667,0.000000
377.1,0.000000
377.133333,0.000000
377.166667,0.000000
377.2,0.000000
377.233333,0.000000
377.266667,0.000000
377.3,0.000000
377.333333,0.000000
377.366667,0.000000
377.4,0.000000
377.433333,0.000000
377.466667,0.000000
377.5,0.000000
377.533333,0.000000
377.566667,0.000000
377.6,0.000000
377.633333,0.000000
377.666667,0.000000
377.7,0.000000
377.733333,0.000000
377.766667,0.000000
377.8,0.000000
377.833333,0.000000
377.866667,0.000000
377.9,0.000000
377.933333,0.000000
377.966667,0.000000
378,0.000000
378.033333,0.000000
378.066667,0.000000
378.1,0.000000
378.133333,0.000000
378.166667,0.000000
378.2,0.000000
378.233333,0.000000
378.266667,0.000000
378.3,0.000000
378.333333,0.000000
378.366667,0.000000
378.4,0.000000
378.433333,0.000000
378.466667,0.000000
378.5,0.000000
378.533333,0.000000
378.566667,0.000000
378.6,0.000000
378.633333,0.000000
378.666667,0.000000
378.7,0.000000
378.733333,0.000000
378.766667,0.000000
378.8,0.000000
378.833333,1.000000
378.866667,0.023454
378.9,0.047376
378.933333,0.046264
378.966667,0.002581
379,0.000016
379.033333,0.000005
379.066667,0.000002
379.1,0.000000
379.133333,0.000000
379.166667,0.000000
379.2,0.000000
379.233333,0.000000
379.266667,0.000000
379.3,0.000000
379.333333,0.000000
379.366667,0.000000
379.4,0.000000
379.433333,0.000000
379.466667,0.000000
379.5,0.000000
379.533333,0.000000
379.566667,0.000000
379.6,0.000000
379.633333,0.000000
379.666667,0.000000
379.7,0.000000
379.733333,0.000000
379.766667,0.000000
379.8,0.000000
379.833333,0.000000
379.866667,0.000000
379.9,0.000000
379.933333,0.000000
379.966667,0.000000
380,0.000000
380.033333,0.000000
380.066667,0.000000
380.1,0.000000
380.133333,0.000000
380.166667,0.000000
380.2,0.000000
380.233333,0.000000
380.266667,0.000000
380.3,0.000000
380.333333,0.000000
380.366667,0.000000
380.4,0.000000
380.433333,0.000000
380.466667,0.000000
380.5,1.000000
380.533333,0.000060
380.566667,0.000015
380.6,0.000006
380.633333,0.000001
380.666667,0.000000
380.7,0.000000
380.733333,0.000000
380.766667,0.000000
380.8,0.000000
380.833333,0.000000
380.866667,0.000000
380.9,0.000000
380.933333,0.000000
380.966667,0.000000
381,0.000000
381.033333,0.000000
381.066667,0.000000
381.1,0.000000
381.133333,0.000000
381.166667,0.000000
381.2,0.000000
381.233333,0.000000
381.266667,0.000000
381.3,0.000000
381.333333,0.000000
381.366667,0.000000
381.4,0.000000
381.433333,0.000000
381.466667,0.000000
381.5,0.000000
381.533333,0.000000
381.566667,0.000000
381.6,0.000000
381.633333,0.000000
381.666667,0.000000
381.7,0.000000
381.733333,0.000000
381.766667,0.000000
381.8,0.000000
381.833333,0.000000
381.866667,0.000000
381.9,0.000000
381.933333,0.000000
381.966667,0.000000
382,0.000000
382.033333,0.000000
382.066667,0.000000
382.1,0.000000
382.133333,0.000000
382.166667,0.000000
382.2,0.000000
382.233333,0.000000
382.266667,0.000000
382.3,0.000000
382.333333,0.000000
382.366667,0.000000
382.4,0.000000
382.433333,0.000000
382.466667,0.000000
382.5,0.000000
382.533333,0.000000
382.566667,0.000000
382.6,0.000000
382.633333,0.000000
382.666667,0.000000
382.7,0.000000
382.733333,0.000000
382.766667,0.000000
382.8,0.000000
382.833333,0.000000
382.866667,0.000000
382.9,0.000000
382.933333,0.000000
382.966667,0.000000
383,0.000000
383.033333,0.000000
383.066667,0.000000
383.1,0.000000
383.133333,0.000000
383.166667,0.000000
383.2,0.000000
383.233333,0.000000
383.266667,0.000000
383.3,0.000000
383.333333,0.000000
383.366667,0.000000
383.4,0.000000
383.433333,0.000000
383.466667,0.000000
383.5,0.000000
383.533333,0.000000
383.566667,0.000000
383.6,0.000000
383.633333,0.000000
383.666667,0.000000
383.7,0.000000
383.733333,0.000000
383.766667,0.082380
383.8,0.000012
383.833333,0.000004
383.866667,0.000001
383.9,0.000000
383.933333,0.000000
383.966667,0.000000
384,0.000198
384.033333,0.000013
384.066667,0.000004
384.1,0.000001
384.133333,0.000000
384.166667,0.000000
384.2,0.000000
384.233333,0.000000
384.266667,0.000000
384.3,0.000000
384.333333,0.000000
384.366667,0.000000
384.4,0.000000
384.433333,0.000000
384.466667,0.000000
384.5,0.000000
384.533333,0.000000
384.566667,0.000000
384.6,0.000000
384.633333,0.000000
384.666667,0.000000
384.7,0.000000
384.733333,0.000000
384.766667,0.000000
384.8,0.000000
384.833333,0.000000
384.866667,0.000000
384.9,0.000000
384.933333,0.000000
384.966667,0.000000
385,0.000000
385.033333,0.000000
385.066667,0.000000
385.1,0.000000
385.133333,0.000000
385.166667,0.000000
385.2,0.000000
385.233333,0.047531
385.266667,0.000011
385.3,0.000005
385.333333,0.000001
385.366667,0.000000
385.4,0.000000
385.433333,0.000000
385.466667,0.000000
385.5,0.000000
385.533333,0.000000
385.566667,0.000000
385.6,0.000000
385.633333,0.000000
385.666667,0.000000
385.7,0.000000
385.733333,0.000000
385.766667,0.000000
385.8,0.000000
385.833333,0.000000
385.866667,0.000000
385.9,0.000000
385.933333,0.000000
385.966667,0.000000
386,0.000000
386.033333,0.000000
386.066667,0.000000
386.1,0.000000
386.133333,0.000000
386.166667,0.000000
386.2,0.000000
386.233333,0.000000
386.266667,0.000000
386.3,0.000000
386.333333,0.000000
386.366667,0.000000
386.4,0.000000
386.433333,0.000000
386.466667,0.000000
386.5,0.000000
386.533333,0.000000
386.566667,0.000000
386.6,0.000000
386.633333,0.000000
386.666667,0.000000
386.7,0.000000
386.733333,0.000000
386.766667,0.000000
386.8,0.000000
386.833333,0.000000
386.866667,0.000000
386.9,0.000000
386.933333,0.000000
386.966667,0.000000
387,0.000000
387.033333,0.000000
387.066667,0.000000
387.1,0.000000
387.133333,0.000000
387.166667,0.000000
387.2,0.000000
387.233333,0.000000
387.266667,0.000000
387.3,0.000000
387.333333,0.000000
387.366667,0.000000
387.4,0.032471
387.433333,0.000013
387.466667,0.000005
387.5,0.000001
387.533333,0.000000
387.566667,0.000000
387.6,0.000000
387.633333,0.000000
387.666667,0.000000
387.7,0.000000
387.733333,0.000000
387.766667,0.000000
387.8,0.000000
387.833333,0.000000
387.866667,0.000000
387.9,0.000000
387.933333,0.000000
387.966667,0.000000
388,0.000000
388.033333,0.000000
388.066667,0.000000
388.1,0.000000
388.133333,0.000000
388.166667,0.000000
388.2,0.000000
388.233333,0.000000
388.266667,0.000000
388.3,0.000000
388.333333,0.000000
388.366667,0.000000
388.4,0.000000
388.433333,0.000000
388.466667,0.000000
388.5,0.000000
388.533333,0.000000
388.566667,0.000000
388.6,0.000000
388.633333,0.000000
388.666667,0.000000
388.7,0.000000
388.733333,0.000000
388.766667,0.000000
388.8,0.000000
388.833333,0.000000
388.866667,0.000000
388.9,0.000000
388.933333,0.000000
388.966667,0.000000
389,0.000000
389.033333,0.000000
389.066667,0.000000
389.1,0.000000
389.133333,0.000000
389.166667,0.000000
389.2,0.000000
389.233333,0.000000
389.266667,0.000000
389.3,0.000000
389.333333,0.042544
389.366667,0.000009
389.4,0.000004
389.433333,0.000001
389.466667,0.000000
389.5,0.000000
389.533333,0.000000
389.566667,0.000000
389.6,0.000000
389.633333,0.000000
389.666667,0.000000
389.7,0.000000
389.733333,0.000000
389.766667,0.000000
389.8,0.000000
389.833333,0.000000
389.866667,0.000000
389.9,0.000000
389.933333,0.000000
389.966667,0.000000
390,0.000000
390.033333,0.000000
390.066667,0.000000
390.1,0.000000
390.133333,0.000000
390.166667,0.000000
390.2,0.000000
390.233333,0.000000
390.266667,0.000000
390.3,0.000000
390.333333,0.000000
390.366667,0.000000
390.4,0.000000
390.433333,0.000000
390.466667,0.000000
390.5,0.000000
390.533333,0.000000
390.566667,0.000000
390.6,0.000000
390.633333,0.000000
390.666667,0.000000
390.7,0.000000
390.733333,0.000000
390.766667,0.000000
390.8,0.000000
390.833333,0.000000
390.866667,0.029293
390.9,0.000009
390.933333,0.000004
390.966667,0.000001
391,0.000000
391.033333,0.000000
391.066667,0.000000
391.1,0.000000
391.133333,0.000000
391.166667,0.000000
391.2,0.000000
391.233333,0.000000
391.266667,0.000000
391.3,0.000000
391.333333,0.000000
391.366667,0.000000
391.4,0.000000
391.433333,0.000000
391.466667,0.000000
391.5,0.000000
391.533333,0.000000
391.566667,0.000000
391.6,0.000000
391.633333,0.000000
391.666667,0.000000
391.7,0.000000
391.733333,0.000000
391.766667,0.000000
391.8,0.000000
391.833333,0.000000
391.866667,0.000000
391.9,0.000000
391.933333,0.000000
391.966667,0.000000
392,0.000031
392.033333,0.000013
392.066667,0.000004
392.1,0.000001
392.133333,0.000000
392.166667,0.000000
392.2,0.000000
392.233333,0.000000
392.266667,0.000000
392.3,0.000000
392.333333,0.000000
392.366667,0.028170
392.4,0.000009
392.433333,0.000004
392.466667,0.000001
392.5,0.000000
392.533333,0.000000
392.566667,0.000000
392.6,0.000000
392.633333,0.000000
392.666667,0.000000
392.7,0.000000
392.733333,0.000000
392.766667,0.000000
392.8,0.000000
392.833333,0.000000
392.866667,0.000000
392.9,0.000000
392.933333,0.000000
392.966667,0.000000
393,0.000000
393.033333,0.000000
393.066667,0.000000
393.1,0.000000
393.133333,0.000000
393.166667,0.000000
393.2,0.000000
393.233333,0.000000
393.266667,0.000000
393.3,0.000000
393.333333,0.000000
393.366667,0.000000
393.4,0.000000
393.433333,0.000000
393.466667,0.000000
393.5,0.000000
393.533333,0.000000
393.566667,0.000000
393.6,0.000000
393.633333,0.000000
393.666667,0.000000
393.7,0.000000
393.733333,0.000000
393.766667,0.000000
393.8,0.000000
393.833333,0.000000
393.866667,0.000000
393.9,0.000000
393.933333,0.000000
393.966667,0.000000
394,0.000000
394.033333,0.000000
394.066667,0.077836
394.1,0.000011
394.133333,0.000004
394.166667,0.000001
394.2,0.000000
394.233333,0.000000
394.266667,0.000000
394.3,0.000000
394.333333,0.000000
394.366667,0.000000
394.4,0.000000
394.433333,0.000000
394.466667,0.000000
394.5,0.000000
394.533333,0.000000
394.566667,0.000000
394.6,0.000000
394.633333,0.000000
394.666667,0.000000
394.7,0.000000
394.733333,0.000000
394.766667,0.000000
394.8,0.000000
394.833333,0.000000
394.866667,0.000000
394.9,0.000000
394.933333,0.000000
394.966667,0.000000
395,0.000000
395.033333,0.000000
395.066667,0.000000
395.1,0.000000
395.133333,0.000000
395.166667,0.000000
395.2,0.000000
395.233333,0.000000
395.266667,0.000000
395.3,0.000000
395.333333,0.000000
395.366667,0.000000
395.4,0.000000
395.433333,0.000000
395.466667,0.000000
395.5,0.000000
395.533333,0.000000
395.566667,0.000000
395.6,0.000000
395.633333,0.000000
395.666667,0.000000
395.7,0.000000
395.733333,0.000000
395.766667,0.000000
395.8,0.000000
395.833333,0.000000
395.866667,0.000000
395.9,0.000000
395.933333,0.000000
395.966667,0.000000
396,0.000000
396.033333,0.000000
396.066667,0.000000
396.1,0.000000
396.133333,0.000000
396.166667,0.000000
396.2,0.000000
396.233333,0.000000
396.266667,0.000000
396.3,0.000000
396.333333,0.000000
396.366667,0.000000
396.4,0.000000
396.433333,0.000000
396.466667,0.000000
396.5,0.000000
396.533333,0.000000
396.566667,0.000000
396.6,0.000000
396.633333,0.000000
396.666667,0.000000
396.7,0.000000
396.733333,0.043560
396.766667,0.000009
396.8,0.000003
396.833333,0.000001
396.866667,0.000000
396.9,0.000000
396.933333,0.000000
396.966667,0.000000
397,0.000000
397.033333,0.000000
397.066667,0.000000
397.1,0.000000
397.133333,0.000000
397.166667,0.000000
397.2,0.000000
397.233333,0.000000
397.266667,0.000000
397.3,0.000000
397.333333,0.000000
397.366667,0.000000
397.4,0.000000
397.433333,0.000000
397.466667,0.000000
397.5,0.000000
397.533333,0.000000
397.566667,0.000000
397.6,0.000000
397.633333,0.000000
397.666667,0.000000
397.7,0.000000
397.733333,0.000000
397.766667,0.000000
397.8,0.000000
397.833333,0.000000
397.866667,0.000000
397.9,0.000000
397.933333,0.000000
397.966667,0.000000
398,0.000000
398.033333,0.000000
398.066667,0.000000
398.1,0.000000
398.133333,0.000000
398.166667,0.027207
398.2,0.000009
398.233333,0.000003
398.266667,0.000001
398.3,0.000000
398.333333,0.000000
398.366667,0.000000
398.4,0.000000
398.433333,0.000000
398.466667,0.000000
398.5,0.000000
398.533333,0.000000
398.566667,0.000000
398.6,0.000000
398.633333,0.000000
398.666667,0.000000
398.7,0.000000
398.733333,0.000000
398.766667,0.000000
398.8,0.000000
398.833333,0.000000
398.866667,0.000000
398.9,0.000000
398.933333,0.000000
398.966667,0.000000
399,0.000000
399.033333,0.000000
399.066667,0.000000
399.1,0.000000
399.133333,0.000000
399.166667,0.000000
399.2,0.000000
399.233333,0.000000
399.266667,0.000000
399.3,0.000000
399.333333,0.000000
399.366667,0.000000
399.4,0.000000
399.433333,0.000000
399.466667,0.000000
399.5,0.000000
399.533333,0.000000
399.566667,0.000000
399.6,0.000000
399.633333,0.000000
399.666667,0.000000
399.7,0.048114
399.733333,0.000015
399.766667,0.000006
399.8,0.000001
399.833333,0.000000
399.866667,0.000000
399.9,0.000000
399.933333,0.000000
399.966667,0.000000
400,0.000057
400.033333,0.000011
400.066667,0.000004
400.1,0.000001
400.133333,0.000000
400.166667,0.000000
400.2,0.000000
400.233333,0.000000
400.266667,0.000000
400.3,0.000000
400.333333,0.000000
400.366667,0.000000
400.4,0.000000
400.433333,0.000000
400.466667,0.000000
400.5,0.000000
400.533333,0.000000
400.566667,0.000000
400.6,0.000000
400.633333,0.000000
400.666667,0.000000
400.7,0.000000
400.733333,0.000000
400.766667,0.000000
400.8,0.000000
400.833333,0.000000
400.866667,0.000000
400.9,0.000000
400.933333,0.000000
400.966667,0.000000
401,0.000000
401.033333,0.000000
401.066667,0.000000
401.1,0.000000
401.133333,0.000000
401.166667,0.000000
401.2,0.000000
401.233333,0.000000
401.266667,0.000000
401.3,0.000000
401.333333,0.000000
401.366667,0.000000
401.4,0.000000
401.433333,0.000000
401.466667,0.000000
401.5,0.000000
401.533333,0.000000
401.566667,0.000000
401.6,0.000000
401.633333,0.000000
401.666667,0.000000
401.7,0.000000
401.733333,0.000000
401.766667,0.000000
401.8,0.000000
401.833333,0.000000
401.866667,0.000000
401.9,0.000000
401.933333,0.000000
401.966667,0.000000
402,0.057663
402.033333,0.000007
402.066667,0.000467
402.1,0.000030
402.133333,0.000000
402.166667,0.000000
402.2,0.000039
402.233333,0.000039
402.266667,0.000000
402.3,0.000000
402.333333,0.000001
402.366667,0.000001
402.4,0.000001
402.433333,0.000000
402.466667,0.000000
402.5,0.000010
402.533333,0.000009
402.566667,0.000000
402.6,0.000000
402.633333,0.000000
402.666667,0.000001
402.7,0.000000
402.733333,0.000000
402.766667,0.000000
402.8,0.000000
402.833333,0.000010
402.866667,0.000010
402.9,0.000000
402.933333,0.000000
402.966667,0.000001
403,0.000000
403.033333,0.000000
403.066667,0.000000
403.1,0.000000
403.133333,0.000010
403.166667,0.000010
403.2,0.000000
403.233333,0.000001
403.266667,0.072566
403.3,0.000013
403.333333,0.000004
403.366667,0.000001
403.4,0.000000
403.433333,0.000000
403.466667,0.000000
403.5,0.000000
403.533333,0.000000
403.566667,0.000000
403.6,0.000000
403.633333,0.000000
403.666667,0.000000
403.7,0.000000
403.733333,0.000000
403.766667,0.000000
403.8,0.000000
403.833333,0.000000
403.866667,0.000000
403.9,0.000000
403.933333,0.000000
403.966667,0.000000
404,0.000000
404.033333,0.000000
404.066667,0.000000
404.1,0.000000
404.133333,0.000000
404.166667,0.000000
404.2,0.000000
404.233333,0.000000
404.266667,0.000000
404.3,0.000000
404.333333,0.000000
404.366667,0.000000
404.4,0.000000
404.433333,0.000000
404.466667,0.000000
404.5,0.000000
404.533333,0.000000
404.566667,0.000000
404.6,0.000000
404.633333,0.000000
404.666667,0.000000
404.7,0.042458
404.733333,0.000011
404.766667,0.000004
404.8,0.000001
404.833333,0.000000
404.866667,0.000000
404.9,0.000000
404.933333,0.000000
404.966667,0.000000
405,0.000000
405.033333,0.000000
405.066667,0.000000
405.1,0.000000
405.133333,0.000000
405.166667,0.000000
405.2,0.000000
405.233333,0.000000
405.266667,0.000000
405.3,0.000000
405.333333,0.000000
405.366667,0.000000
405.4,0.000000
405.433333,0.000000
405.466667,0.000000
405.5,0.000000
405.533333,0.000000
405.566667,0.000000
405.6,0.000000
405.633333,0.000000
405.666667,0.000000
405.7,0.000000
405.733333,0.000000
405.766667,0.000000
405.8,0.000000
405.833333,0.000000
405.866667,0.000000
405.9,0.000000
405.933333,0.000000
405.966667,0.000000
406,0.000000
406.033333,0.000000
406.066667,0.000000
406.1,0.000000
406.133333,0.000000
406.166667,0.000000
406.2,0.000000
406.233333,0.000000
406.266667,0.000000
406.3,0.000000
406.333333,0.000000
406.366667,0.000000
406.4,0.000000
406.433333,0.000000
406.466667,0.000000
406.5,0.000000
406.533333,0.000000
406.566667,0.000000
406.6,0.000000
406.633333,0.000000
406.666667,0.000000
406.7,0.000000
406.733333,0.000000
406.766667,0.000000
406.8,0.000000
406.833333,0.000000
406.866667,0.000000
406.9,0.000000
406.933333,0.000000
406.966667,0.000000
407,0.000000
407.033333,0.000000
407.066667,0.000000
407.1,0.050991
407.133333,0.000011
407.166667,0.000004
407.2,0.000001
407.233333,0.000000
407.266667,0.000000
407.3,0.000000
407.333333,0.000000
407.366667,0.000000
407.4,0.000000
407.433333,0.000000
407.466667,0.000000
407.5,0.000000
407.533333,0.000000
407.566667,0.000000
407.6,0.000000
407.633333,0.000000
407.666667,0.000000
407.7,0.000000
407.733333,0.000000
407.766667,0.000000
407.8,0.000000
407.833333,0.000000
407.866667,0.000000
407.9,0.000000
407.933333,0.000000
407.966667,0.000000
408,0.000039
408.033333,0.000010
408.066667,0.000003
408.1,0.000001
408.133333,0.000000
408.166667,0.000000
408.2,0.000000
408.233333,0.000000
408.266667,0.000000
408.3,0.000000
408.333333,0.000000
408.366667,0.000000
408.4,0.000000
408.433333,0.000000
408.466667,0.000000
408.5,0.000000
408.533333,0.000000
408.566667,0.000000
408.6,0.000000
408.633333,0.000000
408.666667,0.000000
408.7,0.000000
408.733333,0.000000
408.766667,0.000000
408.8,0.000000
408.833333,0.000000
408.866667,0.000000
408.9,0.000000
408.933333,0.032120
408.966667,0.000009
409,0.000004
409.033333,0.000001
409.066667,0.000000
409.1,0.000000
409.133333,0.000000
409.166667,0.000000
409.2,0.000000
409.233333,0.000000
409.266667,0.000000
409.3,0.000000
409.333333,0.000000
409.366667,0.000000
409.4,0.000000
409.433333,0.000000
409.466667,0.000000
409.5,0.000000
409.533333,0.000000
409.566667,0.000000
409.6,0.000000
409.633333,0.000000
409.666667,0.000000
409.7,0.000000
409.733333,0.051264
409.766667,0.000006
409.8,0.000003
409.833333,0.000000
409.866667,0.000000
409.9,0.000000
409.933333,0.000000
409.966667,0.000000
410,0.000000
410.033333,0.000000
410.066667,0.000000
410.1,0.000000
410.133333,0.000000
410.166667,0.000000
410.2,0.000000
410.233333,0.000000
410.266667,0.000000
410.3,0.000000
410.333333,0.000000
410.366667,0.000000
410.4,0.000000
410.433333,0.031621
410.466667,0.000014
410.5,0.000005
410.533333,0.000001
410.566667,0.000000
410.6,0.000000
410.633333,0.000000
410.666667,0.000000
410.7,0.000000
410.733333,0.000000
410.766667,0.000000
410.8,0.000000
410.833333,0.000000
410.866667,0.031840
410.9,0.000010
410.933333,0.000004
410.966667,0.000001
411,0.000000
411.033333,0.000000
411.066667,0.000000
411.1,0.000000
411.133333,0.000000
411.166667,0.000000
411.2,0.000000
411.233333,0.000000
411.266667,0.000000
411.3,0.000000
411.333333,0.000000
411.366667,0.000000
411.4,0.000000
411.433333,0.000000
411.466667,0.000000
411.5,0.000000
411.533333,0.000000
411.566667,0.000000
411.6,0.000000
411.633333,0.000000
411.666667,0.000000
411.7,0.000000
411.733333,0.000000
411.766667,0.000000
411.8,0.000000
411.833333,0.000000
411.866667,0.000000
411.9,0.000000
411.933333,0.000000
411.966667,0.000000
412,0.000000
412.033333,0.000000
412.066667,0.000000
412.1,0.000000
412.133333,0.000000
412.166667,0.000000
412.2,0.000000
412.233333,0.000000
412.266667,0.000000
412.3,0.000000
412.333333,0.000000
412.366667,0.030840
412.4,0.000010
412.433333,0.000004
412.466667,0.000001
412.5,0.000000
412.533333,0.000000
412.566667,0.000000
412.6,0.000000
412.633333,0.000000
412.666667,0.000000
412.7,0.000000
412.733333,0.000000
412.766667,0.000000
412.8,0.000000
412.833333,0.000000
412.866667,0.000000
412.9,0.000000
412.933333,0.000000
412.966667,0.000000
413,0.000000
413.033333,0.000000
413.066667,0.000000
413.1,0.000000
413.133333,0.000000
413.166667,0.000000
413.2,0.000000
413.233333,0.000000
413.266667,0.000000
413.3,0.000000
413.333333,0.000000
413.366667,0.000000
413.4,0.000000
413.433333,0.000000
413.466667,0.000000
413.5,0.000000
413.533333,0.000000
413.566667,0.000000
413.6,0.000000
413.633333,0.031950
413.666667,0.000009
413.7,0.000004
413.733333,0.000001
413.766667,0.000000
413.8,0.000000
413.833333,0.000000
413.866667,0.000000
413.9,0.000000
413.933333,0.000000
413.966667,0.000000
414,0.000000
414.033333,0.000000
414.066667,0.000000
414.1,0.000000
414.133333,0.000000
414.166667,0.000000
414.2,0.000000
414.233333,0.000000
414.266667,0.000000
414.3,0.000000
414.333333,0.000000
414.366667,0.000000
414.4,0.000000
414.433333,0.000000
414.466667,0.000000
414.5,0.000000
414.533333,0.000000
414.566667,0.000000
414.6,0.000000
414.633333,0.000000
414.666667,0.191857
414.7,0.001158
414.733333,0.000260
414.766667,0.000625
414.8,0.000217
414.833333,0.000037
414.866667,0.000308
414.9,0.000139
414.933333,0.000172
414.966667,0.000234
415,0.000039
415.033333,0.000144
415.066667,0.000338
415.1,0.000753
415.133333,0.000010
415.166667,0.000422
415.2,0.000444
415.233333,0.000277
415.266667,0.000087
415.3,0.000045
415.333333,0.000130
415.366667,0.000223
415.4,0.000208
415.433333,0.000243
415.466667,0.000116
415.5,0.000118
415.533333,0.000025
415.566667,0.000140
415.6,0.000394
415.633333,0.000009
415.666667,0.000212
415.7,0.000092
415.733333,0.000253
415.766667,0.000011
415.8,0.000032
415.833333,0.000006
415.866667,0.000000
415.9,0.000000
415.933333,0.000000
415.966667,0.000000
416,0.000155
416.033333,0.000015
416.066667,0.000004
416.1,0.000001
416.133333,0.000000
416.166667,0.000000
416.2,0.000000
416.233333,0.000000
416.266667,0.000000
416.3,0.000000
416.333333,0.000000
416.366667,0.000000
416.4,0.000000
416.433333,0.000000
416.466667,0.000000
416.5,0.000000
416.533333,0.000000
416.566667,0.000000
416.6,0.000000
416.633333,0.000000
416.666667,0.000000
416.7,0.000000
416.733333,0.000000
416.766667,0.000000
416.8,0.000000
416.833333,0.000000
416.866667,0.000000
416.9,0.000000
416.933333,0.000000
416.966667,0.000000
417,0.000000
417.033333,0.000000
417.066667,0.000000
417.1,0.000000
417.133333,0.000000
417.166667,0.000000
417.2,0.000000
417.233333,0.000000
417.266667,0.000000
417.3,0.000000
417.333333,0.000000
417.366667,0.000000
417.4,0.000000
417.433333,0.000000
417.466667,0.000000
417.5,0.000000
417.533333,0.000000
417.566667,0.000000
417.6,0.000000
417.633333,0.000000
417.666667,0.128396
417.7,0.000046
417.733333,0.000012
417.766667,0.000005
417.8,0.000001
417.833333,0.000000
417.866667,0.000000
417.9,0.000000
417.933333,0.000000
417.966667,0.000000
418,0.000000
418.033333,0.000000
418.066667,0.000000
418.1,0.000000
418.133333,0.000000
418.166667,0.000000
418.2,0.000000
418.233333,0.000000
418.266667,0.000000
418.3,0.000000
418.333333,0.000000
418.366667,0.000000
418.4,0.000000
418.433333,0.000000
418.466667,0.000000
418.5,0.000000
418.533333,0.000000
418.566667,0.000000
418.6,0.000000
418.633333,0.000000
418.666667,0.000000
418.7,0.000000
418.733333,0.000000
418.766667,0.000000
418.8,0.000000
418.833333,0.000000
418.866667,0.000000
418.9,0.000000
418.933333,0.000000
418.966667,0.000000
419,0.000000
419.033333,0.000000
419.066667,0.000000
419.1,0.000000
419.133333,0.000000
419.166667,0.000000
419.2,0.000000
419.233333,0.000000
419.266667,0.000000
419.3,0.000000
419.333333,0.000000
419.366667,0.000000
419.4,0.000000
419.433333,0.000000
419.466667,0.030403
419.5,0.000434
419.533333,0.000000
419.566667,0.000007
419.6,0.000024
419.633333,0.000015
419.666667,0.000003
419.7,0.000030
419.733333,0.000043
419.766667,0.000048
419.8,0.000027
419.833333,0.000047
419.866667,0.000009
419.9,0.000007
419.933333,0.000015
419.966667,0.000030
420,0.000008
420.033333,0.000002
420.066667,0.000073
420.1,0.000033
420.133333,0.000006
420.166667,0.000083
420.2,0.000006
420.233333,0.000114
420.266667,0.000002
420.3,0.000157
420.333333,0.000088
420.366667,0.000217
420.4,0.000279
420.433333,0.000534
420.466667,0.003723
420.5,0.000007
420.533333,0.000001
420.566667,0.000000
420.6,0.000000
420.633333,0.000000
420.666667,0.000000
420.7,0.000000
420.733333,0.000000
420.766667,0.000000
420.8,0.000000
420.833333,0.000000
420.866667,0.000000
420.9,0.000000
420.933333,0.000000
420.966667,0.000000
421,0.000000
421.033333,0.000000
421.066667,0.000000
421.1,0.000000
421.133333,0.000000
421.166667,0.000000
421.2,0.000000
421.233333,0.000000
421.266667,0.000000
421.3,0.000000
421.333333,0.000000
421.366667,0.000000
421.4,0.000000
421.433333,0.000000
421.466667,0.000000
421.5,0.000000
421.533333,0.000000
421.566667,0.000000
421.6,0.000000
421.633333,0.000000
421.666667,0.000000
421.7,0.000000
421.733333,0.000000
421.766667,0.000000
421.8,0.032746
421.833333,0.000019
421.866667,0.000009
421.9,0.000016
421.933333,0.000011
421.966667,0.000055
422,0.000023
422.033333,0.000021
422.066667,0.000003
422.1,0.000043
422.133333,0.000033
422.166667,0.000023
422.2,0.000035
422.233333,0.000026
422.266667,0.000001
422.3,0.000003
422.333333,0.000001
422.366667,0.000004
422.4,0.000004
422.433333,0.000003
422.466667,0.000006
422.5,0.000006
422.533333,0.000006
422.566667,0.000007
422.6,0.000008
422.633333,0.000015
422.666667,0.000016
422.7,0.000024
422.733333,0.000038
422.766667,0.000053
422.8,0.000263
422.833333,0.000010
422.866667,0.000003
422.9,0.000001
422.933333,0.000000
422.966667,0.000000
423,0.000000
423.033333,0.000000
423.066667,0.000000
423.1,0.000000
423.133333,0.000000
423.166667,0.000000
423.2,0.000000
423.233333,0.000000
423.266667,0.000000
423.3,0.000000
423.333333,0.000000
423.366667,0.000000
423.4,0.000000
423.433333,0.000000
423.466667,0.000000
423.5,0.000000
423.533333,0.000000
423.566667,0.000000
423.6,0.000000
423.633333,0.035292
423.666667,0.000012
423.7,0.000006
423.733333,0.000001
423.766667,0.000000
423.8,0.000000
423.833333,0.000000
423.866667,0.000000
423.9,0.000000
423.933333,0.000000
423.966667,0.000000
424,0.000149
424.033333,0.000012
424.066667,0.000003
424.1,0.000001
424.133333,0.000000
424.166667,0.000000
424.2,0.000000
424.233333,0.000000
424.266667,0.000000
424.3,0.000000
424.333333,0.000000
424.366667,0.000000
424.4,0.000000
424.433333,0.000000
424.466667,0.000000
424.5,0.000000
424.533333,0.000000
424.566667,0.000000
424.6,0.000000
424.633333,0.000000
424.666667,0.000000
424.7,0.000000
424.733333,0.000000
424.766667,0.000000
424.8,0.000000
424.833333,0.000000
424.866667,0.000000
424.9,0.000000
424.933333,0.000000
424.966667,0.000000
425,0.000000
425.033333,0.000000
425.066667,0.000000
425.1,0.000000
425.133333,0.000000
425.166667,0.000000
425.2,0.000000
425.233333,0.000000
425.266667,0.000000
425.3,0.000000
425.333333,0.000000
425.366667,0.000000
425.4,0.037155
425.433333,0.000010
425.466667,0.000004
425.5,0.000001
425.533333,0.000000
425.566667,0.000000
425.6,0.000000
425.633333,0.000000
425.666667,0.000000
425.7,0.000000
425.733333,0.000000
425.766667,0.000000
425.8,0.000000
425.833333,0.000000
425.866667,0.000000
425.9,0.000000
425.933333,0.000000
425.966667,0.000000
426,0.000000
426.033333,0.000000
426.066667,0.000000
426.1,0.000000
426.133333,0.000000
426.166667,0.000000
426.2,0.000000
426.233333,0.000000
426.266667,0.000000
426.3,0.000000
426.333333,0.006361
426.366667,0.002464
426.4,0.000574
426.433333,0.000311
426.466667,0.000237
426.5,0.000105
426.533333,0.000167
426.566667,0.000007
426.6,0.000121
426.633333,0.000012
426.666667,0.000085
426.7,0.000013
426.733333,0.000036
426.766667,0.000073
426.8,0.000005
426.833333,0.000015
426.866667,0.000027
426.9,0.000015
426.933333,0.000011
426.966667,0.000009
427,0.000054
427.033333,0.000027
427.066667,0.000054
427.1,0.000053
427.133333,0.000023
427.166667,0.000006
427.2,0.000015
427.233333,0.000025
427.266667,0.000007
427.3,0.046690
427.333333,0.000014
427.366667,0.000006
427.4,0.000002
427.433333,0.000000
427.466667,0.000000
427.5,0.000000
427.533333,0.000000
427.566667,0.000000
427.6,0.000000
427.633333,0.000000
427.666667,0.000000
427.7,0.000000
427.733333,0.000000
427.766667,0.000000
427.8,0.000000
427.833333,0.000000
427.866667,0.000000
427.9,0.000000
427.933333,0.000000
427.966667,0.000000
428,0.000000
428.033333,0.000000
428.066667,0.000000
428.1,0.000000
428.133333,0.000000
428.166667,0.000000
428.2,0.000000
428.233333,0.000000
428.266667,0.000000
428.3,0.000019
428.333333,0.000013
428.366667,0.000001
428.4,0.000000
428.433333,0.000000
428.466667,0.000001
428.5,0.000008
428.533333,0.000089
428.566667,0.000038
428.6,0.000002
428.633333,0.000000
428.666667,0.000000
428.7,0.000002
428.733333,0.000001
428.766667,0.000016
428.8,0.000006
428.833333,0.000001
428.866667,0.040518
428.9,0.000012
428.933333,0.000006
428.966667,0.000001
429,0.000000
429.033333,0.000000
429.066667,0.000000
429.1,0.000000
429.133333,0.000000
429.166667,0.000000
429.2,0.000000
429.233333,0.000000
429.266667,0.000000
429.3,0.000000
429.333333,0.000000
429.366667,0.000000
429.4,0.000000
429.433333,0.000000
429.466667,0.000000
429.5,0.000000
429.533333,0.000000
429.566667,0.000000
429.6,0.000000
429.633333,0.000000
429.666667,0.000000
429.7,0.000000
429.733333,0.000000
429.766667,0.000000
429.8,0.000000
429.833333,0.000000
429.866667,0.000000
429.9,0.000000
429.933333,0.000000
429.966667,0.000000
430,0.000000
430.033333,0.000000
430.066667,0.000000
430.1,0.000000
430.133333,0.000000
430.166667,0.000000
430.2,0.000000
430.233333,0.000000
430.266667,0.000000
430.3,0.000000
430.333333,0.000000
430.366667,0.000000
430.4,0.000000
430.433333,0.000000
430.466667,0.000000
430.5,0.000000
430.533333,0.000000
430.566667,0.061493
430.6,0.000007
430.633333,0.000021
430.666667,0.000095
430.7,0.000005
430.733333,0.000004
430.766667,0.000002
430.8,0.000001
430.833333,0.000009
430.866667,0.000008
430.9,0.000018
430.933333,0.000005
430.966667,0.000007
431,0.000008
431.033333,0.000004
431.066667,0.000039
431.1,0.000005
431.133333,0.000000
431.166667,0.000000
431.2,0.000002
431.233333,0.000089
431.266667,0.000020
431.3,0.000002
431.333333,0.000005
431.366667,0.000007
431.4,0.000007
431.433333,0.000031
431.466667,0.000031
431.5,0.000005
431.533333,0.000003
431.566667,0.000000
431.6,0.000001
431.633333,0.000030
431.666667,0.000006
431.7,0.000001
431.733333,0.053648
431.766667,0.000011
431.8,0.000005
431.833333,0.000001
431.866667,0.000000
431.9,0.000000
431.933333,0.000000
431.966667,0.000000
432,0.000085
432.033333,0.000013
432.066667,0.000003
432.1,0.000001
432.133333,0.000000
432.166667,0.000000
432.2,0.000000
432.233333,0.000000
432.266667,0.000000
432.3,0.000000
432.333333,0.000000
432.366667,0.000000
432.4,0.000000
432.433333,0.000000
432.466667,0.000000
432.5,0.000000
432.533333,0.000000
432.566667,0.000000
432.6,0.000000
432.633333,0.000000
432.666667,0.000000
432.7,0.000000
432.733333,0.000000
432.766667,0.000000
432.8,0.000000
432.833333,0.000000
432.866667,0.000000
432.9,0.000000
432.933333,0.000000
432.966667,0.000000
433,0.000000
433.033333,0.000000
433.066667,0.000000
433.1,0.000000
433.133333,0.000000
433.166667,0.000000
433.2,0.000000
433.233333,0.000000
433.266667,0.000000
433.3,0.000000
433.333333,0.000000
433.366667,0.000000
433.4,0.000000
433.433333,0.000000
433.466667,0.000000
433.5,0.000000
433.533333,0.000000
433.566667,0.000000
433.6,0.000000
433.633333,0.000000
433.666667,0.000000
433.7,0.000000
433.733333,0.000000
433.766667,0.000000
433.8,0.000000
433.833333,0.000000
433.866667,0.000000
433.9,0.045864
433.933333,0.000008
433.966667,0.000004
434,0.000001
434.033333,0.000000
434.066667,0.000000
434.1,0.000000
434.133333,0.000000
434.166667,0.000000
434.2,0.000000
434.233333,0.000000
434.266667,0.000000
434.3,0.000000
434.333333,0.000000
434.366667,0.000000
434.4,0.000000
434.433333,0.000000
434.466667,0.000000
434.5,0.000000
434.533333,0.000000
434.566667,0.000000
434.6,0.000000
434.633333,0.000000
434.666667,0.000000
434.7,0.000000
434.733333,0.000000
434.766667,0.000000
434.8,0.000000
434.833333,0.000000
434.866667,0.000000
434.9,0.000000
434.933333,0.000000
434.966667,0.000000
435,0.000000
435.033333,0.000000
435.066667,0.000000
435.1,0.000000
435.133333,0.000000
435.166667,0.000000
435.2,0.000000
435.233333,0.000000
435.266667,0.000000
435.3,0.000000
435.333333,0.000000
435.366667,0.000000
435.4,0.035404
435.433333,0.000578
435.466667,0.000151
435.5,0.000021
435.533333,0.000188
435.566667,0.000101
435.6,0.000179
435.633333,0.000024
435.666667,0.000063
435.7,0.000399
435.733333,0.000182
435.766667,0.000270
435.8,0.000072
435.833333,0.001318
435.866667,0.000797
435.9,0.001007
435.933333,0.000610
435.966667,0.000357
436,0.000467
436.033333,0.000683
436.066667,0.000307
436.1,0.000265
436.133333,0.000097
436.166667,0.000127
436.2,0.000102
436.233333,0.000171
436.266667,0.000095
436.3,0.000129
436.333333,0.000626
436.366667,0.000378
436.4,0.000043
436.433333,0.000152
436.466667,0.000411
436.5,0.000029
436.533333,0.000104
436.566667,0.000075
436.6,0.000146
436.633333,0.000102
436.666667,0.000321
436.7,0.000208
436.733333,0.000394
436.766667,0.000328
436.8,0.000497
436.833333,0.000406
436.866667,0.000329
436.9,0.000278
436.933333,0.000005
436.966667,0.000000
437,0.000000
437.033333,0.000000
437.066667,0.000000
437.1,0.028052
437.133333,0.000010
437.166667,0.000005
437.2,0.000001
437.233333,0.000000
437.266667,0.000000
437.3,0.000000
437.333333,0.000000
437.366667,0.000000
437.4,0.000000
437.433333,0.000000
437.466667,0.000000
437.5,0.000000
437.533333,0.000000
437.566667,0.000000
437.6,0.000000
437.633333,0.000000
437.666667,0.000000
437.7,0.000000
437.733333,0.000000
437.766667,0.000000
437.8,0.000000
437.833333,0.000000
437.866667,0.000000
437.9,0.000000
437.933333,0.000000
437.966667,0.000000
438,0.000000
438.033333,0.000000
438.066667,0.000000
438.1,0.000000
438.133333,0.000000
438.166667,0.000000
438.2,0.000000
438.233333,0.000000
438.266667,0.000000
438.3,0.000000
438.333333,0.000000
438.366667,0.000000
438.4,0.000000
438.433333,0.000000
438.466667,0.000000
438.5,0.000000
438.533333,0.000000
438.566667,0.000000
438.6,0.000000
438.633333,0.000000
438.666667,0.000000
438.7,0.000000
438.733333,0.000000
438.766667,0.000000
438.8,0.000000
438.833333,0.999411
438.866667,0.000058
438.9,0.000014
438.933333,0.000006
438.966667,0.000001
439,0.000000
439.033333,0.000000
439.066667,0.000000
439.1,0.000000
439.133333,0.000000
439.166667,0.000000
439.2,0.000000
439.233333,0.000000
439.266667,0.000000
439.3,0.000000
439.333333,0.000000
439.366667,0.000000
439.4,0.000000
439.433333,0.000000
439.466667,0.000000
439.5,0.000000
439.533333,0.000000
439.566667,0.000000
439.6,0.000000
439.633333,0.000000
439.666667,0.000000
439.7,0.000000
439.733333,0.000000
439.766667,0.000000
439.8,0.000000
439.833333,0.000000
439.866667,0.000000
439.9,0.000000
439.933333,0.000000
439.966667,0.000000
440,0.000207
440.033333,0.000015
440.066667,0.000004
440.1,0.000001
440.133333,0.000000
440.166667,0.000000
440.2,0.000000
440.233333,0.000000
440.266667,0.000000
440.3,0.000000
440.333333,0.000000
440.366667,0.000000
440.4,0.000000
440.433333,0.000000
440.466667,0.000000
440.5,0.000000
440.533333,0.000000
440.566667,0.000000
440.6,0.000000
440.633333,0.000000
440.666667,0.000000
440.7,0.000000
440.733333,0.000000
440.766667,0.000000
440.8,0.000000
440.833333,0.000000
440.866667,0.000000
440.9,0.000000
440.933333,0.000000
440.966667,0.000000
441,0.108856
441.033333,0.000025
441.066667,0.000008
441.1,0.000003
441.133333,0.000000
441.166667,0.000000
441.2,0.000000
441.233333,0.000000
441.266667,0.000000
441.3,0.000000
441.333333,0.000000
441.366667,0.000000
441.4,0.000000
441.433333,0.000000
441.466667,0.000000
441.5,0.000000
441.533333,0.000000
441.566667,0.000000
441.6,0.000000
441.633333,0.000000
441.666667,0.000000
441.7,0.000000
441.733333,0.000000
441.766667,0.000000
441.8,0.000000
441.833333,0.000000
441.866667,0.000000
441.9,0.000000
441.933333,0.000000
441.966667,0.000000
442,0.000000
442.033333,0.000000
442.066667,0.000000
442.1,0.000000
442.133333,0.000000
442.166667,0.000000
442.2,0.000000
442.233333,0.000000
442.266667,0.000000
442.3,0.000000
442.333333,0.000000
442.366667,0.000000
442.4,0.000000
442.433333,0.000000
442.466667,0.000000
442.5,0.000000
442.533333,0.000000
442.566667,0.000000
442.6,0.000000
442.633333,0.000000
442.666667,0.000000
442.7,0.000000
442.733333,0.000000
442.766667,0.000000
442.8,0.000000
442.833333,0.000000
442.866667,0.000000
442.9,0.000000
442.933333,0.000000
442.966667,0.000000
443,0.000000
443.033333,0.000000
443.066667,0.000000
443.1,0.000000
443.133333,0.000000
443.166667,0.000000
443.2,0.000000
443.233333,0.000000
443.266667,0.000000
443.3,0.000000
443.333333,0.039474
443.366667,0.000016
443.4,0.000007
443.433333,0.000002
443.466667,0.000000
443.5,0.000000
443.533333,0.000000
443.566667,0.000000
443.6,0.000000
443.633333,0.000000
443.666667,0.000000
443.7,0.000000
443.733333,0.000000
443.766667,0.000000
443.8,0.000000
443.833333,0.000000
443.866667,0.000000
443.9,0.000000
443.933333,0.000000
443.966667,0.000000
444,0.000000
444.033333,0.000000
444.066667,0.000000
444.1,0.000000
444.133333,0.000000
444.166667,0.000000
444.2,0.000000
444.233333,0.000000
444.266667,0.000000
444.3,0.000000
444.333333,0.000000
444.366667,0.000000
444.4,0.000000
444.433333,0.000000
444.466667,0.000000
444.5,0.000000
444.533333,0.000000
444.566667,0.000000
444.6,0.000000
444.633333,0.000000
444.666667,0.000000
444.7,0.000000
444.733333,0.000000
444.766667,0.000000
444.8,0.000000
444.833333,0.000000
444.866667,0.000000
444.9,0.000000
444.933333,0.000000
444.966667,0.000000
445,0.000000
445.033333,0.000000
445.066667,0.000000
445.1,0.000000
445.133333,0.000000
445.166667,0.000000
445.2,0.000000
445.233333,0.000000
445.266667,0.000000
445.3,0.000000
445.333333,0.000000
445.366667,0.000000
445.4,0.000000
445.433333,0.000000
445.466667,0.000000
445.5,0.000000
445.533333,0.000000
445.566667,0.000000
445.6,0.000000
445.633333,0.000000
445.666667,0.000000
445.7,0.000000
445.733333,0.000000
445.766667,0.000000
445.8,0.000000
445.833333,0.000000
445.866667,0.000000
445.9,0.000000
445.933333,0.000000
445.966667,0.000000
446,0.000000
446.033333,0.000000
446.066667,0.000000
446.1,0.000000
446.133333,0.000000
446.166667,0.056414
446.2,0.000010
446.233333,0.000005
446.266667,0.000001
446.3,0.000000
446.333333,0.000000
446.366667,0.000000
446.4,0.000000
446.433333,0.000000
446.466667,0.000000
446.5,0.000000
446.533333,0.000000
446.566667,0.000000
446.6,0.000000
446.633333,0.000000
446.666667,0.000000
446.7,0.000000
446.733333,0.000000
446.766667,0.000000
446.8,0.000000
446.833333,0.000000
446.866667,0.000000
446.9,0.000000
446.933333,0.000000
446.966667,0.000000
447,0.000000
447.033333,0.000000
447.066667,0.000000
447.1,0.000000
447.133333,0.000000
447.166667,0.000000
447.2,0.000000
447.233333,0.000000
447.266667,0.000000
447.3,0.000000
447.333333,0.000000
447.366667,0.000000
447.4,0.000000
447.433333,0.000000
447.466667,0.000000
447.5,0.000000
447.533333,0.000000
447.566667,0.046462
447.6,0.000013
447.633333,0.000006
447.666667,0.000001
447.7,0.000000
447.733333,0.000000
447.766667,0.000000
447.8,0.000000
447.833333,0.000000
447.866667,0.000000
447.9,0.000000
447.933333,0.000000
447.966667,0.000000
448,0.000094
448.033333,0.000015
448.066667,0.000004
448.1,0.000001
448.133333,0.000000
448.166667,0.000000
448.2,0.000000
448.233333,0.000000
448.266667,0.000000
448.3,0.000000
448.333333,0.000000
448.366667,0.000000
448.4,0.000000
448.433333,0.000000
448.466667,0.000000
448.5,0.000000
448.533333,0.000000
448.566667,0.000000
448.6,0.000000
448.633333,0.000000
448.666667,0.000000
448.7,0.000000
448.733333,0.000000
448.766667,0.000000
448.8,0.000000
448.833333,0.000000
448.866667,0.000000
448.9,0.000000
448.933333,0.000000
448.966667,0.000000
449,0.000000
449.033333,0.000000
449.066667,0.000000
449.1,0.000000
449.133333,0.000000
449.166667,0.000000
449.2,0.000000
449.233333,0.000000
449.266667,0.000000
449.3,0.000000
449.333333,0.000000
449.366667,0.000000
449.4,0.000000
449.433333,0.000000
449.466667,0.000000
449.5,0.000000
449.533333,0.000000
449.566667,0.000000
449.6,0.000000
449.633333,0.000000
449.666667,0.000000
449.7,0.000000
449.733333,0.000000
449.766667,0.000000
449.8,0.000000
449.833333,0.000000
449.866667,0.000000
449.9,0.000000
449.933333,0.000000
449.966667,0.000000
450,0.037241
450.033333,0.000012
450.066667,0.000005
450.1,0.000002
450.133333,0.000000
450.166667,0.000000
450.2,0.000000
450.233333,0.000000
450.266667,0.000000
450.3,0.000000
450.333333,0.000000
450.366667,0.000000
450.4,0.000000
450.433333,0.000000
450.466667,0.000000
450.5,0.000000
450.533333,0.000000
450.566667,0.000000
450.6,0.000000
450.633333,0.000000
450.666667,0.000000
450.7,0.000000
450.733333,0.000000
450.766667,0.000000
450.8,0.000000
450.833333,0.000000
450.866667,0.000000
450.9,0.000000
450.933333,0.000000
450.966667,0.000000
451,0.000000
451.033333,0.000000
451.066667,0.000000
451.1,0.000000
451.133333,0.000000
451.166667,0.000000
451.2,0.000000
451.233333,0.000000
451.266667,0.000000
451.3,0.000000
451.333333,0.000000
451.366667,0.000000
451.4,0.000000
451.433333,0.000000
451.466667,0.000000
451.5,0.000000
451.533333,0.000000
451.566667,0.000000
451.6,0.000000
451.633333,0.000000
451.666667,0.000000
451.7,0.000000
451.733333,0.000000
451.766667,0.000000
451.8,0.000000
451.833333,0.000000
451.866667,0.000000
451.9,0.000000
451.933333,0.000000
451.966667,0.000000
452,0.036183
452.033333,0.000009
452.066667,0.000004
452.1,0.000001
452.133333,0.000000
452.166667,0.000000
452.2,0.000000
452.233333,0.000000
452.266667,0.000000
452.3,0.000000
452.333333,0.000000
452.366667,0.000000
452.4,0.000000
452.433333,0.000000
452.466667,0.000000
452.5,0.000000
452.533333,0.000000
452.566667,0.000000
452.6,0.000000
452.633333,0.000000
452.666667,0.000000
452.7,0.000000
452.733333,0.000000
452.766667,0.000000
452.8,0.000000
452.833333,0.000000
452.866667,0.000000
452.9,0.000000
452.933333,0.000000
452.966667,0.000000
453,0.000000
453.033333,0.000000
453.066667,0.000000
453.1,0.000000
453.133333,0.000000
453.166667,0.000000
453.2,0.000000
453.233333,0.000000
453.266667,0.000000
453.3,0.000000
453.333333,0.000000
453.366667,0.000000
453.4,0.000000
453.433333,0.000000
453.466667,0.000000
453.5,0.000000
453.533333,0.000000
453.566667,0.000000
453.6,0.000000
453.633333,0.000000
453.666667,0.050616
453.7,0.000014
453.733333,0.000005
453.766667,0.000001
453.8,0.000000
453.833333,0.000000
453.866667,0.000000
453.9,0.000000
453.933333,0.000000
453.966667,0.000000
454,0.000000
454.033333,0.000000
454.066667,0.000000
454.1,0.000000
454.133333,0.000000
454.166667,0.000000
454.2,0.000000
454.233333,0.000000
454.266667,0.000000
454.3,0.000000
454.333333,0.000000
454.366667,0.000000
454.4,0.000000
454.433333,0.000000
454.466667,0.000000
454.5,0.000000
454.533333,0.000000
454.566667,0.000000
454.6,0.000000
454.633333,0.000000
454.666667,0.000000
454.7,0.000000
454.733333,0.000000
454.766667,0.000000
454.8,0.000000
454.833333,0.000000
454.866667,0.000000
454.9,0.000000
454.933333,0.000000
454.966667,0.000000
455,0.000000
455.033333,0.000000
455.066667,0.000000
455.1,0.000000
455.133333,0.000000
455.166667,0.000000
455.2,0.000000
455.233333,0.000000
455.266667,0.000000
455.3,0.000000
455.333333,0.000000
455.366667,0.000000
455.4,0.000000
455.433333,0.000000
455.466667,0.000000
455.5,0.000000
455.533333,0.000000
455.566667,0.000000
455.6,0.000000
455.633333,0.000000
455.666667,0.000000
455.7,0.000000
455.733333,0.000000
455.766667,0.000000
455.8,0.000000
455.833333,0.000000
455.866667,0.000000
455.9,0.000000
455.933333,0.000000
455.966667,0.000000
456,0.000049
456.033333,0.000015
456.066667,0.000004
456.1,0.000001
456.133333,0.000000
456.166667,0.000000
456.2,0.000000
456.233333,0.042180
456.266667,0.000013
456.3,0.000005
456.333333,0.000001
456.366667,0.000000
456.4,0.000000
456.433333,0.000000
456.466667,0.000000
456.5,0.000000
456.533333,0.000000
456.566667,0.000000
456.6,0.000000
456.633333,0.000000
456.666667,0.000000
456.7,0.000000
456.733333,0.000000
456.766667,0.000000
456.8,0.000000
456.833333,0.000000
456.866667,0.000000
456.9,0.000000
456.933333,0.000000
456.966667,0.000000
457,0.000000
457.033333,0.000000
457.066667,0.000000
457.1,0.000000
457.133333,0.000000
457.166667,0.000000
457.2,0.000000
457.233333,0.000000
457.266667,0.000000
457.3,0.000000
457.333333,0.000000
457.366667,0.000000
457.4,0.000000
457.433333,0.000000
457.466667,0.000000
457.5,0.000000
457.533333,0.000000
457.566667,0.000000
457.6,0.000000
457.633333,0.000000
457.666667,0.000000
457.7,0.000000
457.733333,0.000000
457.766667,0.000000
457.8,0.000000
457.833333,0.000000
457.866667,0.000000
457.9,0.000000
457.933333,0.000000
457.966667,0.000000
458,0.000000
458.033333,0.000000
458.066667,0.000000
458.1,0.000000
458.133333,0.000000
458.166667,0.000000
458.2,0.000000
458.233333,0.000000
458.266667,0.000000
458.3,0.000000
458.333333,0.000000
458.366667,0.000000
458.4,0.000000
458.433333,0.000000
458.466667,0.000000
458.5,0.000000
458.533333,0.000000
458.566667,0.000000
458.6,0.040977
458.633333,0.000014
458.666667,0.000005
458.7,0.000002
458.733333,0.000000
458.766667,0.000000
458.8,0.000000
458.833333,0.000000
458.866667,0.000000
458.9,0.000000
458.933333,0.000000
458.966667,0.000000
459,0.000000
459.033333,0.000000
459.066667,0.000000
459.1,0.000000
459.133333,0.000000
459.166667,0.000000
459.2,0.000000
459.233333,0.000000
459.266667,0.000000
459.3,0.000000
459.333333,0.000000
459.366667,0.000000
459.4,0.000000
459.433333,0.000000
459.466667,0.000000
459.5,0.000000
459.533333,0.000000
459.566667,0.000000
459.6,0.000000
459.633333,0.000000
459.666667,0.000000
459.7,0.000000
459.733333,0.000000
459.766667,0.000000
459.8,0.000000
459.833333,0.000000
459.866667,0.000000
459.9,0.000000
459.933333,0.000000
459.966667,0.000000
460,0.000000
460.033333,0.000000
460.066667,0.000000
460.1,0.000000
460.133333,0.000000
460.166667,0.000000
460.2,0.000000
460.233333,0.000000
460.266667,0.000000
460.3,0.000000
460.333333,0.000000
460.366667,0.000000
460.4,0.000000
460.433333,0.000000
460.466667,0.000000
460.5,0.000000
460.533333,0.000000
460.566667,0.000000
460.6,0.000000
460.633333,0.000000
460.666667,0.000000
460.7,0.000000
460.733333,0.000000
460.766667,0.000000
460.8,0.000000
460.833333,0.000000
460.866667,0.000000
460.9,0.000000
460.933333,0.000000
460.966667,0.000000
461,0.000000
461.033333,0.042854
461.066667,0.000010
461.1,0.000004
461.133333,0.000001
461.166667,0.000000
461.2,0.000000
461.233333,0.000000
461.266667,0.000000
461.3,0.000000
461.333333,0.000000
461.366667,0.000000
461.4,0.000000
461.433333,0.000000
461.466667,0.000000
461.5,0.000000
461.533333,0.000000
461.566667,0.000000
461.6,0.000000
461.633333,0.000000
461.666667,0.000000
461.7,0.000000
461.733333,0.000000
461.766667,0.000000
461.8,0.000000
461.833333,0.000000
461.866667,0.000000
461.9,0.000000
461.933333,0.000000
461.966667,0.000000
462,0.000000
462.033333,0.000000
462.066667,0.000000
462.1,0.000000
462.133333,0.000000
462.166667,0.000000
462.2,0.000000
462.233333,0.000000
462.266667,0.000000
462.3,0.000000
462.333333,0.000000
462.366667,0.000000
462.4,0.000000
462.433333,0.000000
462.466667,0.000000
462.5,0.000000
462.533333,0.000000
462.566667,0.000000
462.6,0.000000
462.633333,0.000000
462.666667,0.000000
462.7,0.000000
462.733333,0.000000
462.766667,0.000000
462.8,0.000000
462.833333,0.026782
462.866667,0.000013
462.9,0.000005
462.933333,0.000001
462.966667,0.000000
463,0.000000
463.033333,0.000000
463.066667,0.000000
463.1,0.000000
463.133333,0.000000
463.166667,0.000000
463.2,0.000000
463.233333,0.000000
463.266667,0.000000
463.3,0.000000
463.333333,0.000000
463.366667,0.000000
463.4,0.000000
463.433333,0.000000
463.466667,0.000000
463.5,0.000000
463.533333,0.000000
463.566667,0.000000
463.6,0.000000
463.633333,0.000000
463.666667,0.000000
463.7,0.000000
463.733333,0.000000
463.766667,0.000000
463.8,0.000000
463.833333,0.000000
463.866667,0.000000
463.9,0.000000
463.933333,0.000000
463.966667,0.000000
464,0.000042
464.033333,0.000015
464.066667,0.000004
464.1,0.000001
464.133333,0.000000
464.166667,0.000000
464.2,0.000000
464.233333,0.000000
464.266667,0.000000
464.3,0.000000
464.333333,0.000000
464.366667,0.000000
464.4,0.000000
464.433333,0.000000
464.466667,0.000000
464.5,0.000000
464.533333,0.000000
464.566667,0.000000
464.6,0.000000
464.633333,0.000000
464.666667,0.000000
464.7,0.000000
464.733333,0.000000
464.766667,0.000000
464.8,0.000000
464.833333,0.000000
464.866667,0.000000
464.9,0.000000
464.933333,0.035728
464.966667,0.000012
465,0.000005
465.033333,0.000002
465.066667,0.000000
465.1,0.000000
465.133333,0.000000
465.166667,0.000000
465.2,0.000000
465.233333,0.000000
465.266667,0.000000
465.3,0.000000
465.333333,0.000000
465.366667,0.000000
465.4,0.000000
465.433333,0.000000
465.466667,0.000000
465.5,0.000000
465.533333,0.000000
465.566667,0.000000
465.6,0.000000
465.633333,0.000000
465.666667,0.000000
465.7,0.000000
465.733333,0.000000
465.766667,0.000000
465.8,0.000000
465.833333,0.000000
465.866667,0.000000
465.9,0.000000
465.933333,0.000000
465.966667,0.000000
466,0.000000
466.033333,0.000000
466.066667,0.000000
466.1,0.000000
466.133333,0.000000
466.166667,0.000000
466.2,0.000000
466.233333,0.000000
466.266667,0.000000
466.3,0.000000
466.333333,0.000000
466.366667,0.000000
466.4,0.000000
466.433333,0.000000
466.466667,0.000000
466.5,0.000000
466.533333,0.000000
466.566667,0.000000
466.6,0.000000
466.633333,0.000000
466.666667,0.000000
466.7,0.000000
466.733333,0.000000
466.766667,0.000000
466.8,0.000000
466.833333,0.000000
466.866667,0.000000
466.9,0.000000
466.933333,0.000000
466.966667,0.000000
467,0.000000
467.033333,0.000000
467.066667,0.000000
467.1,0.041380
467.133333,0.000008
467.166667,0.000004
467.2,0.000001
467.233333,0.000000
467.266667,0.000000
467.3,0.000000
467.333333,0.000000
467.366667,0.000000
467.4,0.000000
467.433333,0.000000
467.466667,0.000000
467.5,0.000000
467.533333,0.000000
467.566667,0.000000
467.6,0.000000
467.633333,0.000000
467.666667,0.000000
467.7,0.000000
467.733333,0.000000
467.766667,0.000000
467.8,0.000000
467.833333,0.000000
467.866667,0.000000
467.9,0.000000
467.933333,0.000000
467.966667,0.000000
468,0.000000
468.033333,0.000000
468.066667,0.000000
468.1,0.000000
468.133333,0.000000
468.166667,0.000000
468.2,0.000000
468.233333,0.000000
468.266667,0.000000
468.3,0.000000
468.333333,0.000000
468.366667,0.029042
468.4,0.000009
468.433333,0.000004
468.466667,0.000001
468.5,0.000000
468.533333,0.000000
468.566667,0.000000
468.6,0.000000
468.633333,0.000000
468.666667,0.000000
468.7,0.000000
468.733333,0.000000
468.766667,0.000000
468.8,0.000000
468.833333,0.000000
468.866667,0.000000
468.9,0.000000
468.933333,0.000000
468.966667,0.000000
469,0.000000
469.033333,0.000000
469.066667,0.000000
469.1,0.000000
469.133333,0.000000
469.166667,0.000000
469.2,0.000000
469.233333,0.000000
469.266667,0.000000
469.3,0.000000
469.333333,0.000000
469.366667,0.000000
469.4,0.000000
469.433333,0.000000
469.466667,0.000000
469.5,0.000000
469.533333,0.000000
469.566667,0.000000
469.6,0.000000
469.633333,0.000000
469.666667,0.000000
469.7,0.000000
469.733333,0.000000
469.766667,0.000000
469.8,0.000000
469.833333,0.000000
469.866667,0.041260
469.9,0.000012
469.933333,0.000005
469.966667,0.000001
470,0.000000
470.033333,0.000000
470.066667,0.000000
470.1,0.000000
470.133333,0.000000
470.166667,0.000000
470.2,0.000000
470.233333,0.000000
470.266667,0.000000
470.3,0.000000
470.333333,0.000000
470.366667,0.000000
470.4,0.000000
470.433333,0.000000
470.466667,0.000000
470.5,0.000000
470.533333,0.000000
470.566667,0.000000
470.6,0.000000
470.633333,0.000000
470.666667,0.000000
470.7,0.000000
470.733333,0.000000
470.766667,0.000000
470.8,0.000000
470.833333,0.000000
470.866667,0.000000
470.9,0.000000
470.933333,0.000000
470.966667,0.000000
471,0.000000
471.033333,0.000000
471.066667,0.000000
471.1,0.000000
471.133333,0.000000
471.166667,0.000000
471.2,0.000000
471.233333,0.000000
471.266667,0.000000
471.3,0.000000
471.333333,0.000000
471.366667,0.000000
471.4,0.000000
471.433333,0.000000
471.466667,0.000000
471.5,0.000000
471.533333,0.000000
471.566667,0.000000
471.6,0.000000
471.633333,0.000000
471.666667,0.000000
471.7,0.000000
471.733333,0.000000
471.766667,0.000000
471.8,0.993457
471.833333,0.000040
471.866667,0.000011
471.9,0.000005
471.933333,0.000001
471.966667,0.000000
472,0.000144
472.033333,0.000010
472.066667,0.000003
472.1,0.000001
472.133333,0.000000
472.166667,0.000000
472.2,0.000000
472.233333,0.000000
472.266667,0.000000
472.3,0.000000
472.333333,0.000000
472.366667,0.000000
472.4,0.000000
472.433333,0.000000
472.466667,0.000000
472.5,0.000000
472.533333,0.000000
472.566667,0.000000
472.6,0.000000
472.633333,0.000000
472.666667,0.000000
472.7,0.000000
472.733333,0.000000
472.766667,0.000000
472.8,0.000000
472.833333,0.000000
472.866667,0.000000
472.9,0.000000
472.933333,0.000000
472.966667,0.000000
473,0.000000
473.033333,0.000000
473.066667,0.000000
473.1,0.000000
473.133333,0.000000
473.166667,0.000000
473.2,0.000000
473.233333,0.000000
473.266667,0.000000
473.3,0.000000
473.333333,0.000000
473.366667,0.000000
473.4,0.000000
473.433333,0.000000
473.466667,0.000000
473.5,0.000000
473.533333,0.000000
473.566667,0.000000
473.6,0.000000
473.633333,0.000000
473.666667,0.000000
473.7,0.000000
473.733333,0.000000
473.766667,0.000000
473.8,0.000000
473.833333,0.000000
473.866667,0.000000
473.9,0.000000
473.933333,0.000000
473.966667,0.000000
474,0.052401
474.033333,0.000016
474.066667,0.000006
474.1,0.000001
474.133333,0.000000
474.166667,0.000000
474.2,0.000000
474.233333,0.000000
474.266667,0.000000
474.3,0.000000
474.333333,0.000000
474.366667,0.000000
474.4,0.000000
474.433333,0.000000
474.466667,0.000000
474.5,0.000000
474.533333,0.000000
474.566667,0.000000
474.6,0.000000
474.633333,0.000000
474.666667,0.000000
474.7,0.000000
474.733333,0.000000
474.766667,0.000000
474.8,0.000000
474.833333,0.000000
474.866667,0.000000
474.9,0.000000
474.933333,0.000000
474.966667,0.000000
475,0.000000
475.033333,0.000000
475.066667,0.000000
475.1,0.000000
475.133333,0.000000
475.166667,0.000000
475.2,0.000000
475.233333,0.000000
475.266667,0.000000
475.3,0.000000
475.333333,0.000000
475.366667,0.000000
475.4,0.000000
475.433333,0.000000
475.466667,0.000000
475.5,0.000000
475.533333,0.000000
475.566667,0.000000
475.6,0.000000
475.633333,0.000000
475.666667,0.000000
475.7,0.000000
475.733333,0.000000
475.766667,0.000000
475.8,0.000000
475.833333,0.000000
475.866667,0.000000
475.9,0.000000
475.933333,0.000000
475.966667,0.000000
476,0.000000
476.033333,0.000000
476.066667,0.000000
476.1,0.000000
476.133333,0.000000
476.166667,0.000000
476.2,0.000000
476.233333,0.000000
476.266667,0.000000
476.3,0.000000
476.333333,0.000000
476.366667,0.000000
476.4,0.000000
476.433333,0.000000
476.466667,0.000000
476.5,0.000000
476.533333,0.000000
476.566667,0.000000
476.6,0.000000
476.633333,0.000000
476.666667,0.000000
476.7,0.000000
476.733333,0.000000
476.766667,0.000000
476.8,0.061951
476.833333,0.000010
476.866667,0.000003
476.9,0.000001
476.933333,0.000000
476.966667,0.000000
477,0.000000
477.033333,0.000000
477.066667,0.000000
477.1,0.000000
477.133333,0.000000
477.166667,0.000000
477.2,0.000000
477.233333,0.000000
477.266667,0.000000
477.3,0.000000
477.333333,0.000000
477.366667,0.000000
477.4,0.000000
477.433333,0.000000
477.466667,0.000000
477.5,0.000000
477.533333,0.000000
477.566667,0.000000
477.6,0.000000
477.633333,0.000000
477.666667,0.000000
477.7,0.000000
477.733333,0.000000
477.766667,0.000000
477.8,0.000000
477.833333,0.000000
477.866667,0.000000
477.9,0.000000
477.933333,0.000000
477.966667,0.000000
478,0.000000
478.033333,0.000000
478.066667,0.000000
478.1,0.000000
478.133333,0.000000
478.166667,0.000000
478.2,0.000000
478.233333,0.000000
478.266667,0.000000
478.3,0.000000
478.333333,0.000000
478.366667,0.000000
478.4,0.000000
478.433333,0.000000
478.466667,0.000000
478.5,0.065450
478.533333,0.000012
478.566667,0.000004
478.6,0.000001
478.633333,0.000000
478.666667,0.000000
478.7,0.000000
478.733333,0.000000
478.766667,0.000000
478.8,0.000000
478.833333,0.000000
478.866667,0.000000
478.9,0.000000
478.933333,0.000000
478.966667,0.000000
479,0.000000
479.033333,0.000000
479.066667,0.000000
479.1,0.000000
479.133333,0.000000
479.166667,0.000000
479.2,0.000000
479.233333,0.000000
479.266667,0.000000
479.3,0.000000
479.333333,0.000000
479.366667,0.000000
479.4,0.000000
479.433333,0.000000
479.466667,0.000000
479.5,0.000000
479.533333,0.000000
479.566667,0.000000
479.6,0.000000
479.633333,0.000000
479.666667,0.000000
479.7,0.000000
479.733333,0.000000
479.766667,0.000000
479.8,0.000000
479.833333,0.000000
479.866667,0.000000
479.9,0.000000
479.933333,0.000000
479.966667,0.000000
480,0.000045
480.033333,0.000010
480.066667,0.000003
480.1,0.000001
480.133333,0.000000
480.166667,0.000000
480.2,0.000000
480.233333,0.000000
480.266667,0.000000
480.3,0.000000
480.333333,0.000000
480.366667,0.000000
480.4,0.000000
480.433333,0.000000
480.466667,0.000000
480.5,0.000000
480.533333,0.000000
480.566667,0.000000
480.6,0.000000
480.633333,0.000000
480.666667,0.000000
480.7,0.000000
480.733333,0.000000
480.766667,0.000000
480.8,0.000000
480.833333,0.000000
480.866667,0.000000
480.9,0.000000
480.933333,0.000000
480.966667,0.000000
481,0.000000
481.033333,0.000000
481.066667,0.000000
481.1,0.000000
481.133333,0.000000
481.166667,0.000000
481.2,0.000000
481.233333,0.000000
481.266667,0.000000
481.3,0.000000
481.333333,0.000000
481.366667,0.000000
481.4,0.000000
481.433333,0.000000
481.466667,0.000000
481.5,0.000000
481.533333,0.066236
481.566667,0.000011
481.6,0.000004
481.633333,0.000001
481.666667,0.000000
481.7,0.000000
481.733333,0.000000
481.766667,0.000000
481.8,0.000000
481.833333,0.000000
481.866667,0.000000
481.9,0.000000
481.933333,0.000000
481.966667,0.000000
482,0.000000
482.033333,0.000000
482.066667,0.000000
482.1,0.000000
482.133333,0.000000
482.166667,0.000000
482.2,0.000000
482.233333,0.000000
482.266667,0.000000
482.3,0.000000
482.333333,0.000000
482.366667,0.000000
482.4,0.000000
482.433333,0.000000
482.466667,0.000000
482.5,0.000000
482.533333,0.000000
482.566667,0.000000
482.6,0.000000
482.633333,0.000000
482.666667,0.000000
482.7,0.000000
482.733333,0.000000
482.766667,0.000000
482.8,0.000000
482.833333,0.000000
482.866667,0.000000
482.9,0.000000
482.933333,0.000000
482.966667,0.000000
483,0.000000
483.033333,0.000000
483.066667,0.000000
483.1,0.000000
483.133333,0.000000
483.166667,0.000000
483.2,0.000000
483.233333,0.000000
483.266667,0.000000
483.3,0.000000
483.333333,0.000000
483.366667,0.000000
483.4,0.000000
483.433333,0.000000
483.466667,0.000000
483.5,0.040973
483.533333,0.000009
483.566667,0.000003
483.6,0.000001
483.633333,0.000000
483.666667,0.000000
483.7,0.000000
483.733333,0.000000
483.766667,0.000000
483.8,0.000000
483.833333,0.000000
483.866667,0.000000
483.9,0.000000
483.933333,0.000000
483.966667,0.000000
484,0.000000
484.033333,0.000000
484.066667,0.000000
484.1,0.000000
484.133333,0.000618
484.166667,0.000224
484.2,0.000093
484.233333,0.000033
484.266667,0.000027
484.3,0.000040
484.333333,0.000003
484.366667,0.000026
484.4,0.000004
484.433333,0.000005
484.466667,0.000019
484.5,0.000005
484.533333,0.000002
484.566667,0.000001
484.6,0.000026
484.633333,0.000026
484.666667,0.000027
484.7,0.000018
484.733333,0.000016
484.766667,0.000005
484.8,0.000000
484.833333,0.000000
484.866667,0.000004
484.9,0.000022
484.933333,0.000026
484.966667,0.000007
485,0.000018
485.033333,0.000022
485.066667,0.000002
485.1,0.121791
485.133333,0.000103
485.166667,0.000000
485.2,0.000006
485.233333,0.000013
485.266667,0.000015
485.3,0.000005
485.333333,0.000021
485.366667,0.000021
485.4,0.000002
485.433333,0.000001
485.466667,0.000003
485.5,0.000003
485.533333,0.000014
485.566667,0.000011
485.6,0.000017
485.633333,0.000017
485.666667,0.000020
485.7,0.000003
485.733333,0.000003
485.766667,0.000003
485.8,0.000019
485.833333,0.000004
485.866667,0.000005
485.9,0.000024
485.933333,0.000006
485.966667,0.000049
486,0.000019
486.033333,0.000029
486.066667,0.000086
486.1,0.000216
486.133333,0.000004
486.166667,0.000000
486.2,0.000000
486.233333,0.000000
486.266667,0.000000
486.3,0.000000
486.333333,0.000000
486.366667,0.000000
486.4,0.000000
486.433333,0.000000
486.466667,0.000000
486.5,0.000000
486.533333,0.000000
486.566667,0.000000
486.6,0.000000
486.633333,0.016582
486.666667,0.000009
486.7,0.000004
486.733333,0.000001
486.766667,0.000000
486.8,0.000000
486.833333,0.000000
486.866667,0.000000
486.9,0.000000
486.933333,0.000000
486.966667,0.000000
487,0.000000
487.033333,0.000000
487.066667,0.000000
487.1,0.000000
487.133333,0.000000
487.166667,0.000000
487.2,0.000000
487.233333,0.000000
487.266667,0.000000
487.3,0.000000
487.333333,0.000000
487.366667,0.000000
487.4,0.000000
487.433333,0.000000
487.466667,0.000000
487.5,0.000000
487.533333,0.000000
487.566667,0.000000
487.6,0.000000
487.633333,0.073495
487.666667,0.000012
487.7,0.000005
487.733333,0.000001
487.766667,0.000000
487.8,0.000000
487.833333,0.000000
487.866667,0.000000
487.9,0.000000
487.933333,0.000000
487.966667,0.000000
488,0.000110
488.033333,0.000010
488.066667,0.000003
488.1,0.000001
488.133333,0.000000
488.166667,0.000000
488.2,0.000000
488.233333,0.000000
488.266667,0.000000
488.3,0.000000
488.333333,0.000000
488.366667,0.000000
488.4,0.000000
488.433333,0.000000
488.466667,0.000000
488.5,0.000000
488.533333,0.000000
488.566667,0.000000
488.6,0.000000
488.633333,0.000000
488.666667,0.000000
488.7,0.000000
488.733333,0.000000
488.766667,0.000000
488.8,0.000000
488.833333,0.000000
488.866667,0.000000
488.9,0.000000
488.933333,0.000000
488.966667,0.000000
489,0.000000
489.033333,0.000000
489.066667,0.000000
489.1,0.000000
489.133333,0.000594
489.166667,0.000216
489.2,0.000086
489.233333,0.000029
489.266667,0.000019
489.3,0.000049
489.333333,0.000006
489.366667,0.000024
489.4,0.000005
489.433333,0.000005
489.466667,0.000019
489.5,0.000003
489.533333,0.000003
489.566667,0.000003
489.6,0.000020
489.633333,0.000017
489.666667,0.000017
489.7,0.000011
489.733333,0.000014
489.766667,0.000003
489.8,0.000002
489.833333,0.000000
489.866667,0.000002
489.9,0.000021
489.933333,0.000022
489.966667,0.000005
490,0.000015
490.033333,0.000013
490.066667,0.000003
490.1,0.383731
490.133333,0.000159
490.166667,0.000403
490.2,0.000049
490.233333,0.000135
490.266667,0.000085
490.3,0.000049
490.333333,0.000004
490.366667,0.000014
490.4,0.000009
490.433333,0.000003
490.466667,0.000004
490.5,0.000004
490.533333,0.000012
490.566667,0.000009
490.6,0.000001
490.633333,0.000001
490.666667,0.000013
490.7,0.000011
490.733333,0.000003
490.766667,0.000003
490.8,0.000005
490.833333,0.000003
490.866667,0.000002
490.9,0.000007
490.933333,0.000003
490.966667,0.000007
491,0.000001
491.033333,0.000003
491.066667,0.000009
491.1,0.000015
491.133333,0.000031
491.166667,0.000023
491.2,0.000026
491.233333,0.000019
491.266667,0.000020
491.3,0.000009
491.333333,0.000006
491.366667,0.000006
491.4,0.000003
491.433333,0.000001
491.466667,0.000013
491.5,0.000002
491.533333,0.000002
491.566667,0.000009
491.6,0.000005
491.633333,0.000015
491.666667,0.000017
491.7,0.000021
491.733333,0.000003
491.766667,0.000005
491.8,0.000011
491.833333,0.000000
491.866667,0.000012
491.9,0.000001
491.933333,0.000007
491.966667,0.000003
492,0.000001
492.033333,0.000012
492.066667,0.000006
492.1,0.000003
492.133333,0.000013
492.166667,0.000003
492.2,0.000017
492.233333,0.000004
492.266667,0.000011
492.3,0.000016
492.333333,0.000002
492.366667,0.000016
492.4,0.000009
492.433333,0.000009
492.466667,0.000005
492.5,0.000016
492.533333,0.000017
492.566667,0.000015
492.6,0.000013
492.633333,0.000003
492.666667,0.000020
492.7,0.000079
492.733333,0.000006
492.766667,0.063723
492.8,0.000092
492.833333,0.000034
492.866667,0.000005
492.9,0.000001
492.933333,0.000000
492.966667,0.000000
493,0.000000
493.033333,0.000000
493.066667,0.000000
493.1,0.000000
493.133333,0.000000
493.166667,0.000000
493.2,0.000000
493.233333,0.000000
493.266667,0.000000
493.3,0.000000
493.333333,0.000000
493.366667,0.000000
493.4,0.000000
493.433333,0.000000
493.466667,0.000000
493.5,0.000000
493.533333,0.000000
493.566667,0.000000
493.6,0.000000
493.633333,0.000000
493.666667,0.000000
493.7,0.000000
493.733333,0.000000
493.766667,0.000000
493.8,0.000000
493.833333,0.000000
493.866667,0.000000
493.9,0.000000
493.933333,0.000000
493.966667,0.000000
494,0.000000
494.033333,0.000000
494.066667,0.000000
494.1,0.052834
494.133333,0.000065
494.166667,0.000013
494.2,0.000002
494.233333,0.000000
494.266667,0.000000
494.3,0.000000
494.333333,0.000000
494.366667,0.000000
494.4,0.000000
494.433333,0.000000
494.466667,0.000000
494.5,0.000000
494.533333,0.000000
494.566667,0.000000
494.6,0.000000
494.633333,0.000000
494.666667,0.000000
494.7,0.000000
494.733333,0.000000
494.766667,0.000000
494.8,0.000000
494.833333,0.000000
494.866667,0.000000
494.9,0.000000
494.933333,0.000000
494.966667,0.000000
495,0.000000
495.033333,0.000000
495.066667,0.000000
495.1,0.000000
495.133333,0.000000
495.166667,0.000000
495.2,0.000000
495.233333,0.000000
495.266667,0.000000
495.3,0.000000
495.333333,0.000000
495.366667,0.000000
495.4,0.000000
495.433333,0.000000
495.466667,0.000000
495.5,0.000000
495.533333,0.000000
495.566667,0.000000
495.6,0.000000
495.633333,0.000000
495.666667,0.000000
495.7,0.000000
495.733333,0.000000
495.766667,0.000000
495.8,0.000000
495.833333,0.000000
495.866667,0.000000
495.9,0.000000
495.933333,0.000000
495.966667,0.000000
496,0.001180
496.033333,0.000062
496.066667,0.000018
496.1,0.000006
496.133333,0.000001
496.166667,0.000000
496.2,0.000000
496.233333,0.000000
496.266667,0.000000
496.3,0.000000
496.333333,0.000000
496.366667,0.000000
496.4,0.000000
496.433333,0.000000
496.466667,0.000000
496.5,0.000000
496.533333,0.000000
496.566667,0.000000
496.6,0.000000
496.633333,0.000000
496.666667,0.000000
496.7,0.000000
496.733333,0.039743
496.766667,0.000034
496.8,0.000017
496.833333,0.000003
496.866667,0.000001
496.9,0.000000
496.933333,0.000000
496.966667,0.000000
497,0.000000
497.033333,0.000000
497.066667,0.000000
497.1,0.000000
497.133333,0.000000
497.166667,0.000000
497.2,0.000000
497.233333,0.000000
497.266667,0.000000
497.3,0.000000
497.333333,0.000000
497.366667,0.000000
497.4,0.000000
497.433333,0.000000
497.466667,0.000000
497.5,0.000000
497.533333,0.000000
497.566667,0.000000
497.6,0.000000
497.633333,0.000000
497.666667,0.000000
497.7,0.000000
497.733333,0.000000
497.766667,0.000000
497.8,0.000000
497.833333,0.000000
497.866667,0.000000
497.9,0.000000
497.933333,0.000000
497.966667,0.000000
498,0.000000
498.033333,0.000000
498.066667,0.000000
498.1,0.000000
498.133333,0.000000
498.166667,0.000000
498.2,0.000000
498.233333,0.000000
498.266667,0.000000
498.3,0.000000
498.333333,0.000000
498.366667,0.000000
498.4,0.000000
498.433333,0.000000
498.466667,0.000000
498.5,0.000000
498.533333,0.000000
498.566667,0.000000
498.6,0.042873
498.633333,0.000034
498.666667,0.000016
498.7,0.000002
498.733333,0.000000
498.766667,0.000000
498.8,0.000000
498.833333,0.000000
498.866667,0.000000
498.9,0.000000
498.933333,0.000000
498.966667,0.000000
499,0.000000
499.033333,0.000000
499.066667,0.000000
499.1,0.000000
499.133333,0.000000
499.166667,0.000000
499.2,0.000000
499.233333,0.000000
499.266667,0.000000
499.3,0.000000
499.333333,0.000000
499.366667,0.000000
499.4,0.000000
499.433333,0.000000
499.466667,0.000000
499.5,0.000000
499.533333,0.000000
499.566667,0.000000
499.6,0.000000
499.633333,0.000000
499.666667,0.000000
499.7,0.000000
499.733333,0.000000
499.766667,0.000000
499.8,0.000000
499.833333,0.068503
499.866667,0.000032
499.9,0.000015
499.933333,0.000002
499.966667,0.000000
500,0.000000
500.033333,0.000000
500.066667,0.000000
500.1,0.000000
500.133333,0.000000
500.166667,0.000000
500.2,0.000000
500.233333,0.000000
500.266667,0.000000
500.3,0.000000
500.333333,0.000000
500.366667,0.000000
500.4,0.000000
500.433333,0.000000
500.466667,0.000000
500.5,0.000000
500.533333,0.000000
500.566667,0.000000
500.6,0.000000
500.633333,0.000000
500.666667,0.000000
500.7,0.000000
500.733333,0.000000
500.766667,0.000000
500.8,0.000000
500.833333,0.000000
500.866667,0.000000
500.9,0.000000
500.933333,0.000000
500.966667,0.000000
501,0.000000
501.033333,0.000000
501.066667,0.000000
501.1,0.000000
501.133333,0.000000
501.166667,0.000000
501.2,0.000000
501.233333,0.000000
501.266667,0.000000
501.3,0.000000
501.333333,0.000000
501.366667,0.000000
501.4,0.000000
501.433333,0.000000
501.466667,0.000000
501.5,0.000000
501.533333,0.000000
501.566667,0.000000
501.6,0.000000
501.633333,0.000000
501.666667,0.000000
501.7,0.000000
501.733333,0.000000
501.766667,0.000000
501.8,0.000000
501.833333,0.000000
501.866667,0.000000
501.9,0.000000
501.933333,0.000000
501.966667,0.000000
502,0.000000
502.033333,0.000000
502.066667,0.000000
502.1,0.000000
502.133333,0.000000
502.166667,0.000000
502.2,0.000000
502.233333,0.000000
502.266667,0.000000
502.3,0.000000
502.333333,0.000000
502.366667,0.000000
502.4,0.000000
502.433333,0.000000
502.466667,0.000000
502.5,0.073638
502.533333,0.022049
502.566667,0.003703
502.6,0.004607
502.633333,0.000020
502.666667,0.003440
502.7,0.003897
502.733333,0.000363
502.766667,0.000251
502.8,0.000886
502.833333,0.000321
502.866667,0.000278
502.9,0.000343
502.933333,0.000824
502.966667,0.005220
503,0.002996
503.033333,0.004292
503.066667,0.004089
503.1,0.004576
503.133333,0.001070
503.166667,0.000238
503.2,0.001606
503.233333,0.004121
503.266667,0.003493
503.3,0.005375
503.333333,0.001056
503.366667,0.051121
503.4,0.087008
503.433333,0.077044
503.466667,0.057942
503.5,0.026521
503.533333,0.010306
503.566667,0.002002
503.6,0.000397
503.633333,0.000900
503.666667,0.000160
503.7,0.000731
503.733333,0.000079
503.766667,0.000100
503.8,0.000063
503.833333,0.000019
503.866667,0.000005
503.9,0.000000
503.933333,0.000000
503.966667,0.000000
504,0.001028
504.033333,0.000050
504.066667,0.000016
504.1,0.000004
504.133333,0.000001
504.166667,0.000000
504.2,0.000000
504.233333,0.000000
504.266667,0.000000
504.3,0.000000
504.333333,0.000000
504.366667,0.000000
504.4,0.000000
504.433333,0.000000
504.466667,0.000000
504.5,0.000000
504.533333,0.000000
504.566667,0.000000
504.6,0.000000
504.633333,0.000000
504.666667,0.000000
504.7,0.000000
504.733333,0.000000
504.766667,0.000000
504.8,0.000000
504.833333,0.000000
504.866667,0.000000
504.9,0.000000
504.933333,0.000000
504.966667,0.000000
505,0.000000
505.033333,0.000000
505.066667,0.000000
505.1,0.000000
505.133333,0.000000
505.166667,0.000000
505.2,0.000000
505.233333,0.000000
505.266667,0.000000
505.3,0.589811
505.333333,0.000643
505.366667,0.000118
505.4,0.000076
505.433333,0.000015
505.466667,0.000025
505.5,0.000010
505.533333,0.000019
505.566667,0.029360
505.6,0.000065
505.633333,0.000903
505.666667,0.000029
505.7,0.000238
505.733333,0.000016
505.766667,0.000013
505.8,0.000027
505.833333,0.000038
505.866667,0.000020
505.9,0.000040
505.933333,0.000062
505.966667,0.000865
506,0.000034
506.033333,0.000037
506.066667,0.000049
506.1,0.022679
506.133333,0.001235
506.166667,0.000473
506.2,0.000285
506.233333,0.000272
506.266667,0.000067
506.3,0.002184
506.333333,0.000159
506.366667,0.000291
506.4,0.000016
506.433333,0.000029
506.466667,0.000009
506.5,0.000017
506.533333,0.000018
506.566667,0.000007
506.6,0.000047
506.633333,0.020698
506.666667,0.000972
506.7,0.000162
506.733333,0.000235
506.766667,0.000016
506.8,0.000018
506.833333,0.000020
506.866667,0.000010
506.9,0.000012
506.933333,0.000048
506.966667,0.000584
507,0.000012
507.033333,0.000024
507.066667,0.000009
507.1,0.000019
507.133333,0.021563
507.166667,0.000798
507.2,0.000652
507.233333,0.000477
507.266667,0.032527
507.3,0.000855
507.333333,0.000108
507.366667,0.000220
507.4,0.000269
507.433333,0.000238
507.466667,0.000103
507.5,0.000050
507.533333,0.000009
507.566667,0.026164
507.6,0.000043
507.633333,0.000512
507.666667,0.000168
507.7,0.000089
507.733333,0.000619
507.766667,0.000181
507.8,0.000035
507.833333,0.000037
507.866667,0.000040
507.9,0.000039
507.933333,0.000081
507.966667,0.000981
508,0.000048
508.033333,0.000044
508.066667,0.000013
508.1,0.018848
508.133333,0.000869
508.166667,0.001187
508.2,0.000807
508.233333,0.000334
508.266667,0.000231
508.3,0.001201
508.333333,0.000015
508.366667,0.000053
508.4,0.000035
508.433333,0.000041
508.466667,0.000068
508.5,0.000047
508.533333,0.000121
508.566667,0.000097
508.6,0.000239
508.633333,0.017310
508.666667,0.001403
508.7,0.001611
508.733333,0.000214
508.766667,0.000560
508.8,0.000597
508.833333,0.000282
508.866667,0.000449
508.9,0.000078
508.933333,0.000059
508.966667,0.000062
509,0.000005
509.033333,0.000003
509.066667,0.000001
509.1,0.017730
509.133333,0.000084
509.166667,0.000878
509.2,0.000311
509.233333,0.000233
509.266667,0.037260
509.3,0.000100
509.333333,0.000026
509.366667,0.000006
509.4,0.000000
509.433333,0.000000
509.466667,0.000000
509.5,0.004824
509.533333,0.001654
509.566667,0.020331
509.6,0.000020
509.633333,0.000481
509.666667,0.002861
509.7,0.000106
509.733333,0.002004
509.766667,0.000218
509.8,0.001783
509.833333,0.000200
509.866667,0.002221
509.9,0.000237
509.933333,0.001093
509.966667,0.000107
510,0.000960
510.033333,0.000274
510.066667,0.000284
510.1,0.017517
510.133333,0.000049
510.166667,0.000324
510.2,0.000321
510.233333,0.000248
510.266667,0.000177
510.3,0.000010
510.333333,0.000018
510.366667,0.000010
510.4,0.000005
510.433333,0.000002
510.466667,0.000002
510.5,0.000002
510.533333,0.000001
510.566667,0.000002
510.6,0.000044
510.633333,0.015913
510.666667,0.000056
510.7,0.000329
510.733333,0.000290
510.766667,0.000251
510.8,0.000189
510.833333,0.000095
510.866667,0.000013
510.9,0.000003
510.933333,0.000047
510.966667,0.000041
511,0.053666
511.033333,0.000132
511.066667,0.000011
511.1,0.018646
511.133333,0.000060
511.166667,0.000390
511.2,0.000348
511.233333,0.000277
511.266667,0.000052
511.3,0.000070
511.333333,0.000091
511.366667,0.000021
511.4,0.000006
511.433333,0.000003
511.466667,0.000003
511.5,0.000002
511.533333,0.000002
511.566667,0.022942
511.6,0.000033
511.633333,0.000171
511.666667,0.000299
511.7,0.000017
511.733333,0.000109
511.766667,0.000174
511.8,0.000088
511.833333,0.000016
511.866667,0.000005
511.9,0.000049
511.933333,0.000046
511.966667,0.000001
512,0.001917
512.033333,0.000161
512.066667,0.000049
512.1,0.018301
512.133333,0.000045
512.166667,0.000299
512.2,0.000298
512.233333,0.000132
512.266667,0.000063
512.3,0.000042
512.333333,0.000024
512.366667,0.020893
512.4,0.000128
512.433333,0.000009
512.466667,0.000002
512.5,0.000001
512.533333,0.000001
512.566667,0.000046
512.6,0.016447
512.633333,0.000055
512.666667,0.000317
512.7,0.000289
512.733333,0.000250
512.766667,0.000089
512.8,0.000031
512.833333,0.000005
512.866667,0.000004
512.9,0.000048
512.933333,0.000045
512.966667,0.000003
513,0.000000
513.033333,0.000000
513.066667,0.000001
513.1,0.018590
513.133333,0.000065
513.166667,0.000376
513.2,0.000346
513.233333,0.000343
513.266667,0.000108
513.3,0.000213
513.333333,0.000080
513.366667,0.000023
513.4,0.000002
513.433333,0.000003
513.466667,0.000002
513.5,0.000002
513.533333,0.000002
513.566667,0.000046
513.6,0.022917
513.633333,0.000060
513.666667,0.021163
513.7,0.000737
513.733333,0.000169
513.766667,0.000075
513.8,0.000100
513.833333,0.000013
513.866667,0.000002
513.9,0.000052
513.933333,0.000043
513.966667,0.000001
514,0.000002
514.033333,0.000000
514.066667,0.018263
514.1,0.000045
514.133333,0.000303
514.166667,0.000316
514.2,0.000262
514.233333,0.000096
514.266667,0.000054
514.3,0.000014
514.333333,0.000006
514.366667,0.000005
514.4,0.000001
514.433333,0.000002
514.466667,0.000001
514.5,0.000002
514.533333,0.000001
514.566667,0.000045
514.6,0.016408
514.633333,0.000057
514.666667,0.000329
514.7,0.000281
514.733333,0.000254
514.766667,0.000094
514.8,0.000025
514.833333,0.000010
514.866667,0.000002
514.9,0.000049
514.933333,0.000046
514.966667,0.000001
515,0.000002
515.033333,0.000001
515.066667,0.000000
515.1,1.000000
515.133333,0.000018
515.166667,0.000091
515.2,0.125185
515.233333,0.000020
515.266667,0.000268
515.3,0.000042
515.333333,0.000066
515.366667,0.094566
515.4,0.000019
515.433333,0.098191
515.466667,0.000020
515.5,0.000124
515.533333,0.101286
515.566667,0.000023
515.6,0.104297
515.633333,0.000024
515.666667,0.000123
515.7,0.103962
515.733333,0.000022
515.766667,0.099549
515.8,0.000024
515.833333,0.000128
515.866667,0.097467
515.9,0.000020
515.933333,0.096377
515.966667,0.000025
516,0.000120
516.033333,0.094051
516.066667,0.000021
516.1,0.093576
516.133333,0.000019
516.166667,0.000108
516.2,0.093166
516.233333,0.000022
516.266667,0.093344
516.3,0.000024
516.333333,0.000124
516.366667,0.092876
516.4,0.000021
516.433333,0.093139
516.466667,0.000024
516.5,0.000123
516.533333,0.095057
516.566667,0.000025
516.6,0.098879
516.633333,0.000023
516.666667,0.000116
516.7,0.103676
516.733333,0.000023
516.766667,0.103867
516.8,0.000025
516.833333,0.000129
516.866667,0.105519
516.9,0.000019
516.933333,0.107053
516.966667,0.000021
517,0.000120
517.033333,0.108194
517.066667,0.000018
517.1,0.113963
517.133333,0.000027
517.166667,0.038116
517.2,0.085190
517.233333,0.000024
517.266667,0.133808
517.3,0.000029
517.333333,0.000122
517.366667,0.150214
517.4,0.000025
517.433333,0.166992
517.466667,0.000030
517.5,0.000136
517.533333,0.180398
517.566667,0.000022
517.6,0.198436
517.633333,0.000028
517.666667,0.000127
517.7,0.208560
517.733333,0.000027
517.766667,0.226097
517.8,0.000033
517.833333,0.000129
517.866667,0.239698
517.9,0.000024
517.933333,0.237746
517.966667,0.000033
518,0.000114
518.033333,0.248569
518.066667,0.000023
518.1,0.263101
518.133333,0.000033
518.166667,0.000125
518.2,0.283959
518.233333,0.000026
518.266667,0.249776
518.3,0.000035
518.333333,0.000121
518.366667,0.227942
518.4,0.000024
518.433333,0.207488
518.466667,0.000034
518.5,0.000123
518.533333,0.196400
518.566667,0.000022
518.6,0.164184
518.633333,0.000029
518.666667,0.000125
518.7,0.149695
518.733333,0.000023
518.766667,0.145943
518.8,0.000027
518.833333,0.000122
518.866667,0.127324
518.9,0.000015
518.933333,0.115392
518.966667,0.000029
519,0.000117
519.033333,0.108160
519.066667,0.000027
519.1,0.107756
519.133333,0.000029
519.166667,0.000107
519.2,0.107107
519.233333,0.000024
519.266667,0.107153
519.3,0.000025
519.333333,0.000123
519.366667,0.104063
519.4,0.000018
519.433333,0.097338
519.466667,0.000022
519.5,0.000116
519.533333,0.093478
519.566667,0.000021
519.6,0.090517
519.633333,0.000022
519.666667,0.037911
519.7,0.051230
519.733333,0.000020
519.766667,0.087911
519.8,0.000020
519.833333,0.000093
519.866667,0.087041
519.9,0.000021
519.933333,0.088595
519.966667,0.000023
520,0.001917
520.033333,0.088196
520.066667,0.000020
520.1,0.091238
520.133333,0.000020
520.166667,0.000120
520.2,0.091625
520.233333,0.000020
520.266667,0.092358
520.3,0.000024
520.333333,0.000105
520.366667,0.092655
520.4,0.000022
520.433333,0.090128
520.466667,0.000019
520.5,0.000096
520.533333,0.090772
520.566667,0.000022
520.6,0.092153
520.633333,0.000025
520.666667,0.000118
520.7,0.094603
520.733333,0.000019
520.766667,0.099675
520.8,0.000022
520.833333,0.000114
520.866667,0.104177
520.9,0.000024
520.933333,0.105833
520.966667,0.000026
521,0.000110
521.033333,0.106313
521.066667,0.000020
521.1,0.104415
521.133333,0.000022
521.166667,0.000105
521.2,0.104901
521.233333,0.000023
521.266667,0.106761
521.3,0.000026
521.333333,0.000127
521.366667,0.109638
521.4,0.000022
521.433333,0.112636
521.466667,0.000022
521.5,0.000130
521.533333,0.107068
521.566667,0.000024
521.6,0.093942
521.633333,0.000022
521.666667,0.000114
521.7,0.090355
521.733333,0.000023
521.766667,0.086665
521.8,0.000030
521.833333,0.000127
521.866667,0.086770
521.9,0.000020
521.933333,0.089376
521.966667,0.000025
522,0.000124
522.033333,0.088423
522.066667,0.000020
522.1,0.125791
522.133333,0.000020
522.166667,0.000108
522.2,0.089705
522.233333,0.000022
522.266667,0.089206
522.3,0.000024
522.333333,0.000128
522.366667,0.086610
522.4,0.000004
522.433333,0.083884
522.466667,0.000049
522.5,0.000285
522.533333,0.086133
522.566667,0.000002
522.6,0.089974
522.633333,0.000252
522.666667,0.000087
522.7,0.091659
522.733333,0.000002
522.766667,0.093445
522.8,0.000276
522.833333,0.000125
522.866667,0.094542
522.9,0.000001
522.933333,0.096212
522.966667,0.000253
523,0.000086
523.033333,0.095747
523.066667,0.000001
523.1,0.092701
523.133333,0.000250
523.166667,0.000144
523.2,0.092338
523.233333,0.000002
523.266667,0.093217
523.3,0.000046
523.333333,0.000989
523.366667,0.092437
523.4,0.000002
523.433333,0.094856
523.466667,0.000057
523.5,0.001063
523.533333,0.094429
523.566667,0.000002
523.6,0.096040
523.633333,0.000060
523.666667,0.001053
523.7,0.094365
523.733333,0.000001
523.766667,0.092710
523.8,0.000045
523.833333,0.000991
523.866667,0.094056
523.9,0.000002
523.933333,0.097895
523.966667,0.000250
524,0.000084
524.033333,0.100229
524.066667,0.000024
524.1,0.102950
524.133333,0.000099
524.166667,0.000181
524.2,0.104525
524.233333,0.000009
524.266667,0.107407
524.3,0.000040
524.333333,0.000170
524.366667,0.107457
524.4,0.000011
524.433333,0.107730
524.466667,0.000041
524.5,0.000161
524.533333,0.110244
524.566667,0.000011
524.6,0.112610
524.633333,0.000048
524.666667,0.000184
524.7,0.115109
524.733333,0.000010
524.766667,0.116211
524.8,0.000043
524.833333,0.000174
524.866667,0.118171
524.9,0.000009
524.933333,0.120004
524.966667,0.000045
525,0.035278
525.033333,0.086029
525.066667,0.000011
525.1,0.119299
525.133333,0.000044
525.166667,0.000174
525.2,0.121541
525.233333,0.000011
525.266667,0.125087
525.3,0.000048
525.333333,0.000183
525.366667,0.126672
525.4,0.000010
525.433333,0.126241
525.466667,0.000045
525.5,0.000176
525.533333,0.127604
525.566667,0.000011
525.6,0.128051
525.633333,0.000045
525.666667,0.000170
525.7,0.127969
525.733333,0.000010
525.766667,0.124925
525.8,0.000048
525.833333,0.000143
525.866667,0.119571
525.9,0.000010
525.933333,0.121445
525.966667,0.000046
526,0.000176
526.033333,0.118301
526.066667,0.000010
526.1,0.116479
526.133333,0.000044
526.166667,0.000184
526.2,0.116323
526.233333,0.000010
526.266667,0.117149
526.3,0.000044
526.333333,0.000172
526.366667,0.117996
526.4,0.000009
526.433333,0.116233
526.466667,0.000045
526.5,0.000147
526.533333,0.116560
526.566667,0.000010
526.6,0.118006
526.633333,0.000051
526.666667,0.000184
526.7,0.147743
526.733333,0.000009
526.766667,0.117294
526.8,0.000043
526.833333,0.000183
526.866667,0.115225
526.9,0.000011
526.933333,0.113476
526.966667,0.000047
527,0.000164
527.033333,0.109731
527.066667,0.000010
527.1,0.103331
527.133333,0.000042
527.166667,0.000177
527.2,0.101523
527.233333,0.000009
527.266667,0.100497
527.3,0.000043
527.333333,0.000169
527.366667,0.099686
527.4,0.000010
527.433333,0.100404
527.466667,0.000036
527.5,0.000173
527.533333,0.101909
527.566667,0.000011
527.6,0.100851
527.633333,0.000046
527.666667,0.000186
527.7,0.098395
527.733333,0.000010
527.766667,0.095034
527.8,0.000043
527.833333,0.000170
527.866667,0.094349
527.9,0.000009
527.933333,0.097697
527.966667,0.000038
528,0.002032
528.033333,0.096036
528.066667,0.000009
528.1,0.100137
528.133333,0.000040
528.166667,0.000168
528.2,0.100106
528.233333,0.000008
528.266667,0.098687
528.3,0.000040
528.333333,0.000155
528.366667,0.099203
528.4,0.000010
528.433333,0.098452
528.466667,0.000039
528.5,0.000160
528.533333,0.098992
528.566667,0.000010
528.6,0.101033
528.633333,1.000000
528.666667,0.000093
528.7,0.000731
528.733333,0.002459
528.766667,0.000407
528.8,0.000434
528.833333,0.001692
528.866667,0.000314
528.9,0.000136
528.933333,0.000760
528.966667,0.000376
529,0.000098
529.033333,0.000074
529.066667,0.000029
529.1,0.000006
529.133333,0.000002
529.166667,0.000002
529.2,0.000015
529.233333,0.000012
529.266667,0.000003
529.3,0.000005
529.333333,0.000001
529.366667,0.000004
529.4,0.000003
529.433333,0.000008
529.466667,0.000003
529.5,0.000006
529.533333,0.000001
529.566667,0.000001
529.6,0.000007
529.633333,0.000014
529.666667,0.000030
529.7,0.000023
529.733333,0.000027
529.766667,0.000020
529.8,0.000021
529.833333,0.000011
529.866667,0.000007
529.9,0.000007
529.933333,0.000003
529.966667,0.000000
530,0.000013
530.033333,0.000002
530.066667,0.000002
530.1,0.000008
530.133333,0.000002
530.166667,0.000011
530.2,0.000014
530.233333,0.000019
530.266667,0.000004
530.3,0.000006
530.333333,0.000013
530.366667,0.000001
530.4,0.000010
530.433333,0.000003
530.466667,0.000004
530.5,0.000005
530.533333,0.000001
530.566667,0.000013
530.6,0.000005
530.633333,0.000005
530.666667,0.000011
530.7,0.000002
530.733333,0.000017
530.766667,0.000003
530.8,0.000009
530.833333,0.000017
530.866667,0.000002
530.9,0.000018
530.933333,0.000008
530.966667,0.000007
531,0.000006
531.033333,0.000017
531.066667,0.000015
531.1,0.000018
531.133333,0.000011
531.166667,0.068761
531.2,0.000722
531.233333,0.000048
531.266667,0.000010
531.3,0.000011
531.333333,0.000088
531.366667,0.000009
531.4,0.000001
531.433333,0.000000
531.466667,0.000000
531.5,0.000000
531.533333,0.000000
531.566667,0.000000
531.6,0.000000
531.633333,0.000000
531.666667,0.000000
531.7,0.000000
531.733333,0.000000
531.766667,0.000000
531.8,0.000000
531.833333,0.000000
531.866667,0.000000
531.9,0.000000
531.933333,0.000000
531.966667,0.000000
532,0.000000
532.033333,0.000000
532.066667,0.000000
532.1,0.000000
532.133333,0.000000
532.166667,0.000000
532.2,0.000000
532.233333,0.000000
532.266667,0.000000
532.3,0.000000
532.333333,0.000000
532.366667,0.000000
532.4,0.000000
532.433333,0.000000
532.466667,0.000000
532.5,0.000000
532.533333,0.000000
532.566667,0.000000
532.6,0.000000
532.633333,0.000000
532.666667,0.000000
532.7,0.000000
532.733333,0.000000
532.766667,0.000000
532.8,0.024173
532.833333,0.000089
532.866667,0.000009
532.9,0.000001
532.933333,0.000000
532.966667,0.000000
533,0.000000
533.033333,0.000000
533.066667,0.000000
533.1,0.000000
533.133333,0.000000
533.166667,0.000000
533.2,0.000000
533.233333,0.000000
533.266667,0.000000
533.3,0.000000
533.333333,0.000000
533.366667,0.000000
533.4,0.000000
533.433333,0.000000
533.466667,0.000000
533.5,0.000000
533.533333,0.000000
533.566667,0.000000
533.6,0.000000
533.633333,0.000000
533.666667,0.000000
533.7,0.000000
533.733333,0.000000
533.766667,0.000000
533.8,0.000000
533.833333,0.000000
533.866667,0.037986
533.9,0.000096
533.933333,0.000014
533.966667,0.000002
534,0.000000
534.033333,0.000000
534.066667,0.000000
534.1,0.000000
534.133333,0.000000
534.166667,0.000000
534.2,0.000000
534.233333,0.000000
534.266667,0.000000
534.3,0.000000
534.333333,0.000000
534.366667,0.000000
534.4,0.000000
534.433333,0.000000
534.466667,0.000000
534.5,0.000000
534.533333,0.000000
534.566667,0.000000
534.6,0.000000
534.633333,0.000000
534.666667,0.000000
534.7,0.000000
534.733333,0.000000
534.766667,0.000000
534.8,0.000000
534.833333,0.000000
534.866667,0.000000
534.9,0.000000
534.933333,0.000000
534.966667,0.000000
535,0.000000
535.033333,0.000000
535.066667,0.000000
535.1,0.000000
535.133333,0.000000
535.166667,0.000000
535.2,0.000000
535.233333,0.000000
535.266667,0.000000
535.3,0.000000
535.333333,0.000000
535.366667,0.000000
535.4,0.000000
535.433333,0.000000
535.466667,0.000000
535.5,0.000000
535.533333,0.000000
535.566667,0.000000
535.6,0.000000
535.633333,0.000000
535.666667,0.000000
535.7,0.000000
535.733333,0.000000
535.766667,0.000000
535.8,0.000000
535.833333,0.000000
535.866667,0.000000
535.9,0.046653
535.933333,0.000088
535.966667,0.000010
536,0.001568
536.033333,0.000072
536.066667,0.000021
536.1,0.000006
536.133333,0.000001
536.166667,0.000000
536.2,0.000000
536.233333,0.000000
536.266667,0.000000
536.3,0.000000
536.333333,0.000000
536.366667,0.000000
536.4,0.000000
536.433333,0.000000
536.466667,0.000000
536.5,0.000000
536.533333,0.000000
536.566667,0.000000
536.6,0.000000
536.633333,0.000000
536.666667,0.000000
536.7,0.000000
536.733333,0.000000
536.766667,0.000000
536.8,0.000000
536.833333,0.000000
536.866667,0.000000
536.9,0.000000
536.933333,0.000000
536.966667,0.000000
537,0.000000
537.033333,0.000000
537.066667,0.000000
537.1,0.000000
537.133333,0.000000
537.166667,0.000000
537.2,0.000000
537.233333,0.000000
537.266667,0.000000
537.3,0.000000
537.333333,0.000000
537.366667,0.000000
537.4,0.000000
537.433333,0.000000
537.466667,0.000000
537.5,0.000000
537.533333,0.000000
537.566667,0.000000
537.6,0.000000
537.633333,0.000000
537.666667,0.000000
537.7,0.000000
537.733333,0.000000
537.766667,0.000000
537.8,0.000000
537.833333,0.000000
537.866667,0.000000
537.9,0.000000
537.933333,0.000000
537.966667,0.000000
538,0.000000
538.033333,0.000000
538.066667,0.000000
538.1,0.000000
538.133333,0.000000
538.166667,0.000000
538.2,0.000000
538.233333,0.000000
538.266667,0.000000
538.3,0.000000
538.333333,0.000000
538.366667,0.000000
538.4,0.067353
538.433333,0.000056
538.466667,0.000024
538.5,0.000004
538.533333,0.000001
538.566667,0.000000
538.6,0.000000
538.633333,0.000000
538.666667,0.000000
538.7,0.000000
538.733333,0.000000
538.766667,0.000000
538.8,0.000000
538.833333,0.000000
538.866667,0.000000
538.9,0.000000
538.933333,0.000000
538.966667,0.000000
539,0.000000
539.033333,0.000000
539.066667,0.000000
539.1,0.000000
539.133333,0.000000
539.166667,0.216257
539.2,0.000000
539.233333,0.000000
539.266667,0.000000
539.3,0.000000
539.333333,0.000000
539.366667,0.000000
539.4,0.000012
539.433333,0.000103
539.466667,0.000127
539.5,0.000179
539.533333,0.000271
539.566667,0.000407
539.6,0.000551
539.633333,0.000745
539.666667,0.000905
539.7,0.001042
539.733333,0.001117
539.766667,0.001291
539.8,0.001295
539.833333,0.001343
539.866667,0.001361
539.9,0.001436
539.933333,0.001129
539.966667,0.000772
540,0.000356
540.033333,0.000437
540.066667,0.000729
540.1,0.000546
540.133333,0.000552
540.166667,0.000756
540.2,0.000108
540.233333,0.000044
540.266667,0.000218
540.3,0.000868
540.333333,0.000834
540.366667,0.001010
540.4,0.000961
540.433333,0.000020
540.466667,0.000729
540.5,0.001417
540.533333,0.001945
540.566667,0.002253
540.6,0.002990
540.633333,0.002788
540.666667,0.002259
540.7,0.000999
540.733333,0.000752
540.766667,0.001815
540.8,0.002540
540.833333,0.002542
540.866667,0.002205
540.9,0.001449
540.933333,0.000305
540.966667,0.000244
541,0.001285
541.033333,0.001550
541.066667,0.002408
541.1,0.002249
541.133333,0.002004
541.166667,0.000985
541.2,0.001437
541.233333,0.001918
541.266667,0.002715
541.3,0.002453
541.333333,0.002494
541.366667,0.002062
541.4,0.001999
541.433333,0.001633
541.466667,0.001592
541.5,0.001335
541.533333,0.001025
541.566667,0.001223
541.6,0.000678
541.633333,0.000639
541.666667,0.000717
541.7,0.000525
541.733333,0.000456
541.766667,0.000357
541.8,0.000615
541.833333,0.000100
541.866667,0.000631
541.9,0.000160
541.933333,0.000199
541.966667,0.000219
542,0.000083
542.033333,0.000122
542.066667,0.000102
542.1,0.000084
542.133333,0.000289
542.166667,0.000732
542.2,0.000509
542.233333,0.000154
542.266667,0.000021
542.3,0.000155
542.333333,0.000057
542.366667,0.000017
542.4,0.000145
542.433333,0.000216
542.466667,0.000056
542.5,0.000314
542.533333,0.000016
542.566667,0.000148
542.6,0.000350
542.633333,0.000012
542.666667,0.000129
542.7,0.000280
542.733333,0.000070
542.766667,0.000092
542.8,0.000120
542.833333,0.000081
542.866667,0.000069
542.9,0.000080
542.933333,0.000073
542.966667,0.000069
543,0.000008
543.033333,0.000046
543.066667,0.000072
543.1,0.000069
543.133333,0.000037
543.166667,0.000215
543.2,0.000070
543.233333,0.000107
543.266667,0.000018
543.3,0.000039
543.333333,0.000024
543.366667,0.000040
543.4,0.000035
543.433333,0.000071
543.466667,0.000076
543.5,0.000102
543.533333,0.000090
543.566667,0.000139
543.6,0.000106
543.633333,0.000093
543.666667,0.000084
543.7,0.000061
543.733333,0.000081
543.766667,0.000057
543.8,0.000050
543.833333,0.000046
543.866667,0.000040
543.9,0.000036
543.933333,0.000035
543.966667,0.000042
544,0.000074
544.033333,0.000082
544.066667,0.000039
544.1,0.000011
544.133333,0.000002
544.166667,0.000511
544.2,0.000101
544.233333,0.000030
544.266667,0.000010
544.3,0.000005
544.333333,0.000002
544.366667,0.000001
544.4,0.000000
544.433333,0.000000
544.466667,0.000000
544.5,0.000000
544.533333,0.000000
544.566667,0.000000
544.6,0.000000
544.633333,0.000000
544.666667,0.000000
544.7,0.000000
544.733333,0.000000
544.766667,0.000000
544.8,0.000000
544.833333,0.000000
544.866667,0.000000
544.9,0.000000
544.933333,0.000000
