t,YDIF
0,0
0.0333333,0.0775925
0.0666667,0.07228
0.1,0.00516
0.133333,0.00036
0.166667,0
0.2,0
0.233333,0
0.266667,0
0.3,0
0.333333,0
0.366667,0
0.4,0
0.433333,0
0.466667,0
0.5,0
0.533333,0
0.566667,0
0.6,0
0.633333,0
0.666667,0
0.7,0
0.733333,0
0.766667,0.043285
0.8,3.07917
0.833333,11.5812
0.866667,13.4001
0.9,10.7174
0.933333,0.0233225
0.966667,0.0029475
1,0.00015
1.033333,0
1.066667,0
1.1,0
1.133333,0
1.166667,0
1.2,0
1.233333,0
1.266667,0
1.3,0
1.333333,0
1.366667,0
1.4,0
1.433333,0
1.466667,0
1.5,0
1.533333,0
1.566667,0
1.6,0
1.633333,0
1.666667,0
1.7,0
1.733333,0
1.766667,0
1.8,0
1.833333,0
1.866667,0
1.9,0
1.933333,0
1.966667,0
2,9.12603
2.033333,9.38927
2.066667,9.69958
2.1,10.0823
2.133333,10.1122
2.166667,9.62871
2.2,0.018955
2.233333,0.00209
2.266667,3
2.3,0
2.333333,0
2.366667,0
2.4,0
2.433333,0
2.466667,0
2.5,0
2.533333,0
2.566667,0
2.6,0
2.633333,0
2.666667,0
2.7,0
2.733333,0
2.766667,0
2.8,0
2.833333,0
2.866667,0
2.9,0
2.933333,0
2.966667,0
3,0
3.033333,0
3.066667,0
3.1,0
3.133333,0
3.166667,0
3.2,0
3.233333,0
3.266667,0
3.3,0
3.333333,0
3.366667,0
3.4,0
3.433333,0
3.466667,0
3.5,176.621
3.533333,0.0564675
3.566667,0.0348775
3.6,0.0311125
3.633333,0.0361875
3.666667,0.040145
3.7,0.03975
3.733333,0.055265
3.766667,0.05309
3.8,1.13845
3.833333,0.57665
3.866667,0.44938
3.9,0.38353
3.933333,0.339687
3.966667,0.29266
4,0.491472
4.033333,0.260695
4.066667,0.249122
4.1,0.227908
4.133333,0.234338
4.166667,6.0826
4.2,5.43016
4.233333,0.092915
4.266667,0.0987325
4.3,0.049545
4.333333,0.0423875
4.366667,0.0410625
4.4,0.020405
4.433333,0.0167125
4.466667,0.023225
4.5,0.16776
4.533333,0.073775
4.566667,0.1186
4.6,0.0867825
4.633333,0.08267
4.666667,0.196318
4.7,0.223277
4.733333,0.114022
4.766667,0.20357
4.8,0.0690275
4.833333,0.05468
4.866667,0.0930625
4.9,0.0525175
4.933333,0.0580775
4.966667,0.029405
5,0.1537
5.033333,0.04307
5.066667,0.0503625
5.1,0.0266875
5.133333,0.055775
5.166667,0.123082
5.2,0.0245825
5.233333,0.06268
5.266667,0.118697
5.3,0.05642
5.333333,125.038
5.366667,12.6621
5.4,0.0453375
5.433333,0.0063725
5.466667,38.0576
5.5,0.04882
5.533333,17.2419
5.566667,21.6547
5.6,6.12181
5.633333,13.3132
5.666667,0.03312
5.7,12.1417
5.733333,7.35764
5.766667,10.8023
5.8,14.5775
5.833333,0.037915
5.866667,27.8925
5.9,0.0323225
5.933333,13.5299
5.966667,11.3117
6,0.01078
6.033333,19.757
6.066667,0.0425075
6.1,0.0078625
6.133333,12.2226
6.166667,20.7937
6.2,4.4238
6.233333,0.470615
6.266667,17.1695
6.3,0.49328
6.333333,0.381958
6.366667,5.88594
6.4,0.467925
6.433333,24.3123
6.466667,0.436635
6.5,5.44787
6.533333,14.5341
6.566667,0.48216
6.6,5.39839
6.633333,7.07622
6.666667,6.28582
6.7,6.91836
6.733333,0.394693
6.766667,13.4826
6.8,19.9697
6.833333,0.462747
6.866667,20.2642
6.9,5.27604
6.933333,6.14709
6.966667,14.2457
7,0.401465
7.033333,6.02135
7.066667,0.435818
7.1,0.427775
7.133333,32.5232
7.166667,6.54192
7.2,16.4535
7.233333,16.6454
7.266667,5.60393
7.3,15.6579
7.333333,0.021985
7.366667,11.0848
7.4,5.64027
7.433333,3.50027
7.466667,12.158
7.5,0.0362975
7.533333,4.29665
7.566667,0.01112
7.6,13.6554
7.633333,0.0404325
7.666667,0.893715
7.7,0.0123975
7.733333,0.00397
7.766667,28.0529
7.8,15.6854
7.833333,0.01775
7.866667,15.1161
7.9,0.0306725
7.933333,0.0092925
7.966667,3.44196
8,0.304528
8.033333,6.4749
8.066667,0.09574
8.1,14.5451
8.133333,0.085325
8.166667,20.9036
8.2,3.53371
8.233333,4.07798
8.266667,11.3029
8.3,9.36232
8.333333,79.7413
8.366667,0.00092
8.4,0.0074675
8.433333,0.0017
8.466667,0.0009375
8.5,0.0008575
8.533333,0.000845
8.566667,0.000845
8.6,0.000845
8.633333,0.000845
8.666667,0.000845
8.7,0.000845
8.733333,0.000845
8.766667,0.000845
8.8,0.000845
8.833333,0.000845
8.866667,0.000845
8.9,0.000845
8.933333,0.000845
8.966667,0.000845
9,0.000845
9.033333,0.000845
9.066667,0.000845
9.1,0.000845
9.133333,0.000845
9.166667,0.000845
9.2,0.000845
9.233333,0.000845
9.266667,0.000845
9.3,0.000845
9.333333,0.000845
9.366667,0.000845
9.4,0.000845
9.433333,0.000845
9.466667,0.000845
9.5,0.000845
9.533333,0.000845
9.566667,0.000845
9.6,0.000845
9.633333,0.000845
9.666667,0.000845
9.7,0.000845
9.733333,0.000845
9.766667,0.000845
9.8,28.0926
9.833333,0.0015
9.866667,0.03822
9.9,0.0743675
9.933333,0.0070675
9.966667,0.0192325
10,0.01257
10.033333,0.01152
10.066667,0.0114275
10.1,0.0114125
10.133333,0.0114125
10.166667,0.0114125
10.2,0.0114125
10.233333,0.0114125
10.266667,0.0114125
10.3,0.0114125
10.333333,0.0114125
10.366667,0.0114125
10.4,0.0114125
10.433333,0.0114125
10.466667,0.0114125
10.5,0.0114125
10.533333,0.0114125
10.566667,0.0114125
10.6,0.0114125
10.633333,0.0114125
10.666667,0.0114125
10.7,0.0114125
10.733333,0.0114125
10.766667,0.0114125
10.8,0.0114125
10.833333,0.0114125
10.866667,0.0114125
10.9,0.0114125
10.933333,10.4051
10.966667,0.009565
11,0.00717
11.033333,0.0067225
11.066667,0.006675
11.1,0.006665
11.133333,0.006665
11.166667,0.006665
11.2,0.006665
11.233333,0.006665
11.266667,0.006665
11.3,0.006665
11.333333,0.006665
11.366667,0.006665
11.4,0.006665
11.433333,0.006665
11.466667,0.006665
11.5,0.006665
11.533333,0.006665
11.566667,0.006665
11.6,0.006665
11.633333,0.006665
11.666667,0.006665
11.7,0.006665
11.733333,0.006665
11.766667,0.006665
11.8,0.006665
11.833333,0.006665
11.866667,15.7362
11.9,0.004255
11.933333,0.002005
11.966667,0.00161
12,0.001525
12.033333,0.001525
12.066667,0.001525
12.1,0.001525
12.133333,0.001525
12.166667,0.001525
12.2,0.001525
12.233333,0.001525
12.266667,0.001525
12.3,0.001525
12.333333,0.001525
12.366667,0.001525
12.4,0.001525
12.433333,0.001525
12.466667,0.001525
12.5,0.001525
12.533333,0.001525
12.566667,0.001525
12.6,0.001525
12.633333,0.001525
12.666667,0.001525
12.7,0.001525
12.733333,0.001525
12.766667,0.001525
12.8,0.001525
12.833333,0.001525
12.866667,0.001525
12.9,0.001525
12.933333,0.001525
12.966667,0.001525
13,0.001525
13.033333,0.001525
13.066667,0.001525
13.1,0.001525
13.133333,0.001525
13.166667,0.001525
13.2,0.001525
13.233333,0.001525
13.266667,0.001525
13.3,0.001525
13.333333,0.001525
13.366667,0.001525
13.4,0.001525
13.433333,0.001525
13.466667,0.001525
13.5,0.001525
13.533333,0.001525
13.566667,0.001525
13.6,0.001525
13.633333,0.001525
13.666667,0.001525
13.7,0.001525
13.733333,0.001525
13.766667,0.001525
13.8,0.001525
13.833333,0.001525
13.866667,0.001525
13.9,0.001525
13.933333,0.001525
13.966667,0.001525
14,0.001525
14.033333,0.001525
14.066667,0.001525
14.1,0.001525
14.133333,0.001525
14.166667,0.001525
14.2,0.001525
14.233333,0.001525
14.266667,0.001525
14.3,0.001525
14.333333,0.001525
14.366667,0.001525
14.4,0.001525
14.433333,0.001525
14.466667,0.001525
14.5,0.001525
14.533333,0.001525
14.566667,0.001525
14.6,0.001525
14.633333,0.001525
14.666667,0.001525
14.7,0.001525
14.733333,0.001525
14.766667,0.001525
14.8,0.001525
14.833333,0.001525
14.866667,0.001525
14.9,0.001525
14.933333,0.001525
14.966667,0.001525
15,0.001525
15.033333,0.001525
15.066667,0.001525
15.1,0.001525
15.133333,0.001525
15.166667,0.001525
15.2,0.001525
15.233333,19.5351
15.266667,0.0042175
15.3,0.00013
15.333333,0.0017925
15.366667,0.0011025
15.4,0.0005475
15.433333,0.000455
15.466667,0.000435
15.5,0.000435
15.533333,0.000435
15.566667,0.000435
15.6,0.000435
15.633333,0.000435
15.666667,0.000435
15.7,0.000435
15.733333,0.000435
15.766667,0.000435
15.8,0.000435
15.833333,0.000435
15.866667,0.000435
15.9,0.000435
15.933333,0.000435
15.966667,0.000435
16,0.012315
16.033333,0.0006325
16.066667,0.0001475
16.1,9
16.133333,9
16.166667,9
16.2,9
16.233333,9
16.266667,9
16.3,9
16.333333,9
16.366667,9
16.4,9
16.433333,9
16.466667,9
16.5,9
16.533333,9
16.566667,9
16.6,9
16.633333,9
16.666667,9
16.7,9
16.733333,9
16.766667,9
16.8,9
16.833333,9
16.866667,9
16.9,9
16.933333,9
16.966667,9
17,9
17.033333,6.33382
17.066667,0
17.1,0
17.133333,0
17.166667,0
17.2,0
17.233333,0
17.266667,0
17.3,0
17.333333,0
17.366667,0
17.4,0
17.433333,0
17.466667,0
17.5,0
17.533333,0
17.566667,0
17.6,0
17.633333,0
17.666667,0
17.7,0
17.733333,0
17.766667,0
17.8,0
17.833333,0
17.866667,0
17.9,0
17.933333,0
17.966667,0
18,0
18.033333,0
18.066667,0
18.1,0
18.133333,0
18.166667,0
18.2,0
18.233333,0
18.266667,0
18.3,0
18.333333,0
18.366667,0
18.4,0
18.433333,0
18.466667,1.5
18.5,0.000465
18.533333,0.0023625
18.566667,0.0225775
18.6,2.5
18.633333,0.0289375
18.666667,0.406678
18.7,0.807652
18.733333,0.979718
18.766667,0.674693
18.8,0.806645
18.833333,0.439485
18.866667,0.35088
18.9,0.447078
18.933333,0.483287
18.966667,0.48576
19,0.509193
19.033333,0.497648
19.066667,0.288795
19.1,0.889888
19.133333,0.740265
19.166667,0.478115
19.2,0.272405
19.233333,0.625973
19.266667,0.501985
19.3,0.460125
19.333333,0.34384
19.366667,0.12864
19.4,0.00047
19.433333,0.00047
19.466667,0.00047
19.5,0.00047
19.533333,0.00047
19.566667,0.00047
19.6,0.00047
19.633333,0.00047
19.666667,0.00047
19.7,0.00047
19.733333,0.00047
19.766667,0.00047
19.8,0.00047
19.833333,0.00047
19.866667,0.00047
19.9,0.00047
19.933333,0.00047
19.966667,0.00047
20,0.00047
20.033333,0.00047
20.066667,0.00047
20.1,0.00047
20.133333,0.00047
20.166667,0.00047
20.2,0.00047
20.233333,0.00047
20.266667,0.00047
20.3,0.00047
20.333333,0.00047
20.366667,0.00047
20.4,0.00047
20.433333,0.00047
20.466667,0.00047
20.5,0.00047
20.533333,0.00047
20.566667,0.00047
20.6,0.00047
20.633333,0.00047
20.666667,0.00047
20.7,0.00047
20.733333,0.00047
20.766667,0.00047
20.8,0.00047
20.833333,0.00047
20.866667,0.00047
20.9,0.00047
20.933333,0.00047
20.966667,0.00047
21,0.00047
21.033333,0.00047
21.066667,0.00047
21.1,0.00047
21.133333,0.00047
21.166667,0.00047
21.2,0.00047
21.233333,0.00047
21.266667,0.00047
21.3,0.00047
21.333333,0.00047
21.366667,0.00047
21.4,0.00047
21.433333,0.00047
21.466667,0.00047
21.5,0.00047
21.533333,87.6451
21.566667,0.00232
21.6,0.02855
21.633333,0.0711025
21.666667,0.0013325
21.7,0.0268475
21.733333,0.011555
21.766667,0.009375
21.8,0.0087
21.833333,0.00869
21.866667,0.00868
21.9,0.00869
21.933333,0.00868
21.966667,0.00869
22,0.00868
22.033333,0.00869
22.066667,0.00868
22.1,0.00869
22.133333,0.00868
22.166667,0.00869
22.2,0.00868
22.233333,0.00869
22.266667,0.00868
22.3,0.00869
22.333333,0.00868
22.366667,0.00869
22.4,0.00868
22.433333,0.00869
22.466667,0.00868
22.5,0.00869
22.533333,0.00868
22.566667,0.00869
22.6,0.00868
22.633333,0.849893
22.666667,0.841028
22.7,0.848422
22.733333,0.845248
22.766667,0.833075
22.8,0.842773
22.833333,0.84269
22.866667,0.840102
22.9,0.84004
22.933333,0.840625
22.966667,0.839618
23,0.836372
23.033333,0.83622
23.066667,0.838215
23.1,0.834545
23.133333,0.83573
23.166667,0.838255
23.2,0.83521
23.233333,1.46111
23.266667,7.8537
23.3,7.44251
23.333333,5.92875
23.366667,3.48683
23.4,2.35166
23.433333,1.50792
23.466667,1.46186
23.5,2.12645
23.533333,2.73095
23.566667,3.30531
23.6,2.16021
23.633333,0.10508
23.666667,0.270735
23.7,0.00771
23.733333,0.0438925
23.766667,0.136745
23.8,0.00623
23.833333,0.05647
23.866667,0.026155
23.9,0.0205
23.933333,0.0201825
23.966667,0.0143325
24,0.277905
24.033333,0.0110425
24.066667,0.00302
24.1,0.0022975
24.133333,0.002105
24.166667,0.002105
24.2,0.002105
24.233333,0.002105
24.266667,0.002105
24.3,0.002105
24.333333,0.002105
24.366667,0.002105
24.4,0.002105
24.433333,0.002105
24.466667,0.002105
24.5,0.002105
24.533333,0.002105
24.566667,0.002105
24.6,0.002105
24.633333,0.002105
24.666667,0.002105
24.7,0.002105
24.733333,0.002105
24.766667,0.002105
24.8,0.002105
24.833333,0.002105
24.866667,0.002105
24.9,0.002105
24.933333,0.002105
24.966667,0.002105
25,0.002105
25.033333,0.002105
25.066667,0.002105
25.1,0.002105
25.133333,0.002105
25.166667,0.002105
25.2,0.002105
25.233333,0.002105
25.266667,0.002105
25.3,0.002105
25.333333,0.002105
25.366667,0.002105
25.4,0.002105
25.433333,0.002105
25.466667,0.002105
25.5,0.002105
25.533333,0.002105
25.566667,0.002105
25.6,0.002105
25.633333,0.002105
25.666667,0.002105
25.7,0.002105
25.733333,0.002105
25.766667,0.002105
25.8,0.002105
25.833333,0.002105
25.866667,0.002105
25.9,0.002105
25.933333,0.002105
25.966667,0.002105
26,0.002105
26.033333,0.002105
26.066667,0.002105
26.1,0.002105
26.133333,0.002105
26.166667,0.002105
26.2,0.002105
26.233333,0.002105
26.266667,0.002105
26.3,0.002105
26.333333,0.002105
26.366667,0.002105
26.4,0.002105
26.433333,0.002105
26.466667,0.002105
26.5,0.002105
26.533333,0.002105
26.566667,0.002105
26.6,0.002105
26.633333,0.002105
26.666667,0.002105
26.7,0.002105
26.733333,61.4936
26.766667,0.07423
26.8,0.0805325
26.833333,0.015165
26.866667,0.0037075
26.9,0.00097
26.933333,0.0006075
26.966667,0.0005675
27,0.00053
27.033333,0.00051
27.066667,0.00051
27.1,0.00051
27.133333,0.00051
27.166667,0.00051
27.2,0.00051
27.233333,0.00051
27.266667,0.00051
27.3,0.00051
27.333333,0.00051
27.366667,0.00051
27.4,0.00051
27.433333,0.00051
27.466667,0.00051
27.5,0.00051
27.533333,0.00051
27.566667,0.00051
27.6,0.00051
27.633333,0.00051
27.666667,0.00051
27.7,0.00051
27.733333,0.0510975
27.766667,0.003485
27.8,0.0008
27.833333,0.0004425
27.866667,0.00041
27.9,0.00041
27.933333,0.00041
27.966667,0.00041
28,0.00041
28.033333,0.00041
28.066667,0.00041
28.1,0.00041
28.133333,0.00041
28.166667,0.00041
28.2,0.00041
28.233333,0.00041
28.266667,0.00041
28.3,0.00041
28.333333,0.00041
28.366667,0.00041
28.4,0.00041
28.433333,0.00041
28.466667,0.00041
28.5,0.00041
28.533333,0.00041
28.566667,0.00041
28.6,0.00041
28.633333,0.00041
28.666667,0.00041
28.7,0.00041
28.733333,0.00083
28.766667,0.0007175
28.8,0.00047
28.833333,0.000425
28.866667,0.00042
28.9,0.00041
28.933333,0.00041
28.966667,0.00041
29,0.00041
29.033333,0.00041
29.066667,0.00041
29.1,0.00041
29.133333,0.00041
29.166667,0.00041
29.2,0.00041
29.233333,0.00041
29.266667,0.00041
29.3,0.00041
29.333333,0.00041
29.366667,0.00041
29.4,0.00041
29.433333,0.00041
29.466667,0.00041
29.5,0.00041
29.533333,0.00041
29.566667,0.00041
29.6,0.00041
29.633333,0.00041
29.666667,0.00041
29.7,0.00382
29.733333,0.10021
29.766667,0.776155
29.8,2.21062
29.833333,5.29728
29.866667,8.32342
29.9,10.3702
29.933333,11.2295
29.966667,11.3077
30,11.8094
30.033333,11.7979
30.066667,10.9627
30.1,9.67798
30.133333,8.26483
30.166667,3.80272
30.2,6.12321
30.233333,4.79533
30.266667,3.55967
30.3,2.38763
30.333333,1.29015
30.366667,0.211762
30.4,0.0108025
30.433333,0.0022375
30.466667,0.0008725
30.5,0.000705
30.533333,0.00069
30.566667,0.00068
30.6,0.01307
30.633333,0.00076
30.666667,0.00068
30.7,0.00068
30.733333,0.09523
30.766667,0.0078175
30.8,0.003735
30.833333,0.001165
30.866667,0.0010275
30.9,6.16399
30.933333,8.50233
30.966667,6.2477
31,3.84738
31.033333,1.97649
31.066667,0.552335
31.1,64.3044
31.133333,7.64887
31.166667,2.64088
31.2,3.08871
31.233333,1.61224
31.266667,0.626873
31.3,0.719487
31.333333,0.819817
31.366667,0.79721
31.4,0.707392
31.433333,0.61593
31.466667,0.521552
31.5,0.456408
31.533333,0.381705
31.566667,0.314825
31.6,0.267083
31.633333,0.20343
31.666667,0.0755775
31.7,0.13427
31.733333,0.177882
31.766667,0.0447925
31.8,0.005555
31.833333,0.001485
31.866667,0.00079
31.9,0.00074
31.933333,0.00074
31.966667,0.00074
32,0.0264925
32.033333,0.000935
32.066667,0.000295
32.1,0.00026
32.133333,0.00026
32.166667,0.00881
32.2,0.00063
32.233333,0.00034
32.266667,0.00026
32.3,0.00026
32.333333,0.00026
32.366667,0.0126225
32.4,0.000365
32.433333,0.0002675
32.466667,0.00026
32.5,0.00026
32.533333,0.00026
32.566667,0.00026
32.6,0.00026
32.633333,0.00026
32.666667,0.00026
32.7,0.291397
32.733333,1.71253
32.766667,3.58484
32.8,4.93832
32.833333,6.30694
32.866667,6.8283
32.9,6.96724
32.933333,7.84101
32.966667,8.64607
33,7.85569
33.033333,6.10239
33.066667,4.8448
33.1,4.3921
33.133333,3.51211
33.166667,2.1898
33.2,1.39798
33.233333,0.846638
33.266667,0.490412
33.3,0.222385
33.333333,0.0657025
33.366667,0.00448
33.4,0.22176
33.433333,1.5968
33.466667,2.23597
33.5,2.40277
33.533333,2.80428
33.566667,2.37719
33.6,13.5777
33.633333,5.51072
33.666667,2.82052
33.7,4.54638
33.733333,4.13818
33.766667,3.0915
33.8,2.20943
33.833333,1.87274
33.866667,1.74916
33.9,1.6279
33.933333,1.34932
33.966667,1.20933
34,1.01222
34.033333,0.83467
34.066667,0.681985
34.1,0.558392
34.133333,0.46293
34.166667,0.20079
34.2,0.326565
34.233333,0.242757
34.266667,0.16419
34.3,0.0891875
34.333333,0.0355575
34.366667,0.195603
34.4,0.231272
34.433333,0.253585
34.466667,0.412662
34.5,0.478948
34.533333,0.32755
34.566667,0.189985
34.6,0.103655
34.633333,0.0253225
34.666667,0.0806175
34.7,0.41451
34.733333,0.614663
34.766667,0.524378
34.8,0.35192
34.833333,0.165532
34.866667,0.03871
34.9,0.138183
34.933333,0.292815
34.966667,0.292135
35,0.19772
35.033333,0.107805
35.066667,0.0437825
35.1,0.0027075
35.133333,0.0016
35.166667,0.0012425
35.2,0.0012425
35.233333,0.00117
35.266667,0.118358
35.3,1.01628
35.333333,1.89349
35.366667,1.90858
35.4,1.31685
35.433333,0.911343
35.466667,0.55344
35.5,0.570682
35.533333,2.58864
35.566667,6.25858
35.6,5.61326
35.633333,3.61185
35.666667,1.32999
35.7,1.914
35.733333,1.21863
35.766667,0.834708
35.8,0.46127
35.833333,0.120885
35.866667,2.17811
35.9,6.38536
35.933333,9.90036
35.966667,11.1381
36,9.78131
36.033333,8.65447
36.066667,8.08773
36.1,6.36673
36.133333,5.51885
36.166667,3.40584
36.2,3.55823
36.233333,2.06662
36.266667,1.33831
36.3,0.923085
36.333333,0.594697
36.366667,0.416455
36.4,0.201547
36.433333,0.071555
36.466667,0.02351
36.5,0.005025
36.533333,0.0008625
36.566667,0.0007625
36.6,0.0006975
36.633333,0.0007575
36.666667,0.00071
36.7,0.0007275
36.733333,0.00877
36.766667,0.0015925
36.8,0.0007325
36.833333,0.000505
36.866667,0.000455
36.9,0.0004875
36.933333,0.0004325
36.966667,0.00045
37,0.000455
37.033333,0.000485
37.066667,0.0004125
37.1,0.0004725
37.133333,0.0004425
37.166667,0.0004725
37.2,0.00041
37.233333,0.0004625
37.266667,0.00043
37.3,0.0004675
37.333333,0.0004175
37.366667,0.00047
37.4,0.000435
37.433333,0.000485
37.466667,0.0004
37.5,0.00045
37.533333,0.000455
37.566667,0.00048
37.6,0.000425
37.633333,0.0004775
37.666667,0.000445
37.7,0.000475
37.733333,0.0007175
37.766667,0.000605
37.8,0.000565
37.833333,0.0004625
37.866667,0.0004725
37.9,0.000485
37.933333,0.0004575
37.966667,0.000475
38,0.0004775
38.033333,0.000475
38.066667,0.0004325
38.1,0.0004675
38.133333,0.00045
38.166667,0.0004775
38.2,0.0004425
38.233333,0.000475
38.266667,0.00047
38.3,0.000495
38.333333,16.3537
38.366667,0.000315
38.4,6.75
38.433333,6.5
38.466667,0
38.5,0
38.533333,0
38.566667,0
38.6,0
38.633333,0
38.666667,0
38.7,0
38.733333,0
38.766667,0
38.8,0.17525
38.833333,0.380107
38.866667,0.380607
38.9,0.380902
38.933333,0.38101
38.966667,0.38109
39,0.381138
39.033333,0.381165
39.066667,0.381173
39.1,0.2585
39.133333,0
39.166667,0
39.2,0
39.233333,0
39.266667,0
39.3,0
39.333333,0
39.366667,0.149425
39.4,0.150295
39.433333,0.1515
39.466667,0.194917
39.5,0.151255
39.533333,0.151155
39.566667,0.19619
39.6,0.194222
39.633333,0.154943
39.666667,0.196933
39.7,0.196687
39.733333,0.19888
39.766667,0.197247
39.8,0.19918
39.833333,0.24285
39.866667,0.241207
39.9,0.202445
39.933333,0.28493
39.966667,0.247012
40,0.250688
40.033333,0.289067
40.066667,0.332703
40.1,0.33537
40.133333,0.338137
40.166667,0.381887
40.2,0.42818
40.233333,0.516857
40.266667,0.606117
40.3,0.825828
40.333333,2.28158
40.366667,0.00163
40.4,0.00054
40.433333,0.000315
40.466667,0.000265
40.5,0.000265
40.533333,0.000265
40.566667,0.000265
40.6,0.000265
40.633333,0.000265
40.666667,0.000265
40.7,0.000265
40.733333,0.000265
40.766667,0.000265
40.8,0.000265
40.833333,0.25985
40.866667,0.1117
40.9,0.0003075
40.933333,0.000265
40.966667,0.000265
41,0.000265
41.033333,0.000265
41.066667,0.000265
41.1,0.000265
41.133333,0.004325
41.166667,0.0611075
41.2,0.0939
41.233333,0.0002825
41.266667,0.000275
41.3,0.000275
41.333333,0.000275
41.366667,0.000275
41.4,0.000275
41.433333,0.000275
41.466667,0.000275
41.5,0.000275
41.533333,0.000275
41.566667,0.000275
41.6,0.000275
41.633333,0.000275
41.666667,0.000275
41.7,0.000275
41.733333,0.000275
41.766667,0.000275
41.8,0.000275
41.833333,0.000275
41.866667,0.000275
41.9,0.000275
41.933333,0.000275
41.966667,0.000275
42,0.000275
42.033333,0.000275
42.066667,0.000275
42.1,0.000275
42.133333,0.000275
42.166667,0.000275
42.2,0.000275
42.233333,0.000275
42.266667,0.000275
42.3,0.000275
42.333333,0.000275
42.366667,0.000275
42.4,0.000275
42.433333,0.000275
42.466667,0.000275
42.5,0.000275
42.533333,0.000275
42.566667,0.000275
42.6,0.000275
42.633333,0.000275
42.666667,0.000275
42.7,0.000275
42.733333,0.000275
42.766667,0.000275
42.8,0.000275
42.833333,0.000275
42.866667,0.000275
42.9,0.000275
42.933333,0.000275
42.966667,0.000275
43,0.000275
43.033333,0.000275
43.066667,185.293
43.1,0
43.133333,0
43.166667,0
43.2,0
43.233333,0
43.266667,0
43.3,0
43.333333,0
43.366667,0
43.4,0
43.433333,0
43.466667,0
43.5,0
43.533333,0
43.566667,0
43.6,0
43.633333,0
43.666667,0
43.7,0
43.733333,0
43.766667,0
43.8,0
43.833333,0
43.866667,0
43.9,0
43.933333,0
43.966667,0
44,0
44.033333,0
44.066667,0
44.1,0
44.133333,0
44.166667,0
44.2,0
44.233333,0
44.266667,0
44.3,0
44.333333,0
44.366667,0
44.4,0
44.433333,0
44.466667,0
44.5,0
44.533333,0.252433
44.566667,0.24495
44.6,0.486918
44.633333,0.37599
44.666667,0.44006
44.7,0.29088
44.733333,0.328675
44.766667,0.27967
44.8,0.387263
44.833333,0.372638
44.866667,0.522047
44.9,0.33024
44.933333,0.358142
44.966667,0.338303
45,0.310335
45.033333,0.38208
45.066667,0.401917
45.1,0.306195
45.133333,0.22913
45.166667,0.316138
45.2,0.38459
45.233333,0.286913
45.266667,0.304995
45.3,0.22321
45.333333,0.240063
45.366667,0.44671
45.4,0.463228
45.433333,0.35713
45.466667,0.0194875
45.5,0.002375
45.533333,0.00218
45.566667,0.002175
45.6,0.002165
45.633333,0.002175
45.666667,0.002165
45.7,0.002175
45.733333,0.002165
45.766667,0.002175
45.8,0.002165
45.833333,0.002175
45.866667,0.002165
45.9,0.002175
45.933333,0.002165
45.966667,0.002175
46,0.002165
46.033333,0.002175
46.066667,0.002165
46.1,0.002175
46.133333,0.002165
46.166667,0.002175
46.2,0.002165
46.233333,0.002175
46.266667,0.002165
46.3,0.002175
46.333333,0.002165
46.366667,0.002175
46.4,0.002165
46.433333,0.002175
46.466667,0.002165
46.5,0.002175
46.533333,0.002165
46.566667,0.002175
46.6,0.002165
46.633333,0.002175
46.666667,0.002165
46.7,0.002175
46.733333,0.002165
46.766667,0.002175
46.8,0.002165
46.833333,0.002175
46.866667,0.002165
46.9,0.002175
46.933333,0.002165
46.966667,0.002175
47,0.002165
47.033333,0.002175
47.066667,0.002165
47.1,0.002175
47.133333,0.002165
47.166667,0.002175
47.2,0.002165
47.233333,0.002175
47.266667,0.002165
47.3,0.002175
47.333333,0.002165
47.366667,0.002175
47.4,0.002165
47.433333,0.002175
47.466667,0.002165
47.5,0.002175
47.533333,0.002165
47.566667,0.002175
47.6,0.002165
47.633333,0.002175
47.666667,0.002165
47.7,0.002175
47.733333,0.002165
47.766667,0.002175
47.8,0.002165
47.833333,0.002175
47.866667,0.002165
47.9,0.002175
47.933333,0.002165
47.966667,0.002175
48,0.0656675
48.033333,0.0030075
48.066667,0.000875
48.1,0.000685
48.133333,0.00065
48.166667,0.00065
48.2,0.00065
48.233333,0.00065
48.266667,0.00065
48.3,0.00065
48.333333,0.00065
48.366667,0.00065
48.4,0.00065
48.433333,0.00065
48.466667,0.00065
48.5,0.00065
48.533333,0.00065
48.566667,0.00065
48.6,0.00065
48.633333,0.00065
48.666667,0.00065
48.7,0.00065
48.733333,0.00065
48.766667,0.00065
48.8,0.00065
48.833333,0.00065
48.866667,0.00065
48.9,0.00065
48.933333,0.00065
48.966667,0.00065
49,0.00065
49.033333,0.00065
49.066667,0.00065
49.1,0.00065
49.133333,0.00065
49.166667,0.00065
49.2,0.00065
49.233333,0.00065
49.266667,0.00065
49.3,0.00065
49.333333,0.00065
49.366667,0.00065
49.4,0.00065
49.433333,0.00065
49.466667,0.00065
49.5,0.00065
49.533333,0.00065
49.566667,0.00065
49.6,0.00065
49.633333,0.00065
49.666667,0.00065
49.7,0.00065
49.733333,0.00065
49.766667,0.00065
49.8,0.00065
49.833333,0.00065
49.866667,0.00065
49.9,0.00065
49.933333,0.00065
49.966667,0.00065
50,0.00065
50.033333,0.00065
50.066667,0.00065
50.1,0.00065
50.133333,0.00065
50.166667,0.00065
50.2,0.00065
50.233333,0.00065
50.266667,0.00065
50.3,0.00065
50.333333,0.00065
50.366667,0.00065
50.4,0.00065
50.433333,0.00065
50.466667,0.00065
50.5,0.00065
50.533333,0.00065
50.566667,0.00065
50.6,0.00065
50.633333,0.00065
50.666667,0.00065
50.7,0.00065
50.733333,0.00065
50.766667,0.00065
50.8,0.00065
50.833333,0.00065
50.866667,0.00065
50.9,0.00065
50.933333,0.00065
50.966667,0.00065
51,0.00065
51.033333,0.00065
51.066667,0.00065
51.1,0.00065
51.133333,0.00065
51.166667,0.00065
51.2,0.00065
51.233333,0.00065
51.266667,0.00065
51.3,0.00065
51.333333,0.00065
51.366667,0.00065
51.4,0.00065
51.433333,0.00065
51.466667,0.00065
51.5,0.00065
51.533333,0.00065
51.566667,0.00065
51.6,0.00065
51.633333,0.00065
51.666667,0.00065
51.7,0.00065
51.733333,0.00065
51.766667,0.00065
51.8,0.00065
51.833333,0.00065
51.866667,0.00065
51.9,0.00065
51.933333,0.00065
51.966667,0.00065
52,0.00065
52.033333,0.00065
52.066667,0.00065
52.1,0.00065
52.133333,0.00065
52.166667,0.00065
52.2,0.00065
52.233333,0.00065
52.266667,0.00065
52.3,0.00065
52.333333,0.00065
52.366667,0.00065
52.4,0.00065
52.433333,0.00065
52.466667,0.00065
52.5,0.00065
52.533333,0.00065
52.566667,0.00065
52.6,0.00065
52.633333,0.00065
52.666667,0.00065
52.7,0.00065
52.733333,0.00065
52.766667,0.00065
52.8,0.00065
52.833333,0.00065
52.866667,0.00065
52.9,0.00065
52.933333,0.00065
52.966667,0.00065
53,0.00065
53.033333,0.00065
53.066667,0.00065
53.1,0.00065
53.133333,0.00065
53.166667,0.00065
53.2,0.00065
53.233333,0.00065
53.266667,0.00065
53.3,0.00065
53.333333,0.00065
53.366667,0.00065
53.4,0.00065
53.433333,0.00065
53.466667,0.00065
53.5,0.00065
53.533333,0.00065
53.566667,0.00065
53.6,0.00065
53.633333,0.00065
53.666667,0.00065
53.7,0.00065
53.733333,0.00065
53.766667,0.00065
53.8,0.00065
53.833333,0.00065
53.866667,0.00065
53.9,0.00065
53.933333,0.00065
53.966667,0.00065
54,0.00065
54.033333,0.00065
54.066667,0.00065
54.1,0.00065
54.133333,0.00065
54.166667,0.00065
54.2,0.00065
54.233333,0.00065
54.266667,0.00065
54.3,0.00065
54.333333,0.00065
54.366667,0.00065
54.4,0.00065
54.433333,0.00065
54.466667,0.00065
54.5,0.00065
54.533333,0.00065
54.566667,0.00065
54.6,0.00065
54.633333,0.00065
54.666667,0.00065
54.7,0.00065
54.733333,0.00065
54.766667,0.00065
54.8,0.00065
54.833333,0.00065
54.866667,0.00065
54.9,0.00065
54.933333,0.00065
54.966667,0.00065
55,0.00065
55.033333,0.00065
55.066667,0.00065
55.1,0.00065
55.133333,0.00065
55.166667,0.00065
55.2,0.00065
55.233333,0.00065
55.266667,0.00065
55.3,0.00065
55.333333,0.00065
55.366667,0.00065
55.4,0.00065
55.433333,0.00065
55.466667,0.00065
55.5,0.00065
55.533333,189.911
55.566667,0.00131
55.6,0.00036
55.633333,0.000145
55.666667,0.000115
55.7,0.000115
55.733333,0.000115
55.766667,0.000115
55.8,0.000115
55.833333,0.000115
55.866667,0.000115
55.9,0.000115
55.933333,0.000115
55.966667,0.000115
56,0.0041275
56.033333,0.0002275
56.066667,8.5
56.1,7.5
56.133333,7
56.166667,7
56.2,7
56.233333,7
56.266667,7
56.3,7
56.333333,7
56.366667,7
56.4,7
56.433333,7
56.466667,7
56.5,7
56.533333,7
56.566667,7
56.6,7
56.633333,7
56.666667,7
56.7,7
56.733333,7
56.766667,7
56.8,7
56.833333,7
56.866667,7
56.9,7
56.933333,7
56.966667,7
57,7
57.033333,7
57.066667,7
57.1,7
57.133333,7
57.166667,7
57.2,7
57.233333,7
57.266667,7
57.3,7
57.333333,7
57.366667,7
57.4,7
57.433333,7
57.466667,7
57.5,7
57.533333,7
57.566667,7
57.6,7
57.633333,7
57.666667,7
57.7,7
57.733333,7
57.766667,7
57.8,7
57.833333,7
57.866667,7
57.9,7
57.933333,7
57.966667,7
58,7
58.033333,7
58.066667,7
58.1,7
58.133333,7
58.166667,7
58.2,7
58.233333,7
58.266667,7
58.3,7
58.333333,7
58.366667,7
58.4,7
58.433333,7
58.466667,7
58.5,7
58.533333,7
58.566667,7
58.6,7
58.633333,7
58.666667,7
58.7,7
58.733333,7
58.766667,7
58.8,7
58.833333,7
58.866667,7
58.9,7
58.933333,7
58.966667,7
59,7
59.033333,7
59.066667,7
59.1,7
59.133333,7
59.166667,7
59.2,7
59.233333,7
59.266667,7
59.3,7
59.333333,7
59.366667,7
59.4,7
59.433333,7
59.466667,7
59.5,7
59.533333,7
59.566667,7
59.6,7
59.633333,7
59.666667,7
59.7,7
59.733333,7
59.766667,7
59.8,7
59.833333,7
59.866667,7
59.9,7
59.933333,7
59.966667,7
60,7
60.033333,7
60.066667,7
60.1,7
60.133333,7
60.166667,7
60.2,7
60.233333,7
60.266667,7
60.3,0.081515
60.333333,0.08767
60.366667,0.0876725
60.4,0.0905
60.433333,0.087905
60.466667,0.0911925
60.5,0.0989425
60.533333,0.0988425
60.566667,0.103457
60.6,0.098795
60.633333,0.102182
60.666667,0.100425
60.7,0.0993775
60.733333,0.102648
60.766667,0.0997675
60.8,0.10171
60.833333,0.100608
60.866667,0.0994225
60.9,0.103262
60.933333,0.0988825
60.966667,0.102727
61,0.100288
61.033333,0.103053
61.066667,0.0967275
61.1,0.09398
61.133333,0.0930725
61.166667,0.089495
61.2,0.092985
61.233333,0.0879675
61.266667,0.085595
61.3,0.00115
61.333333,0.000335
61.366667,0.0002375
61.4,0.0002275
61.433333,0.00022
61.466667,0.00022
61.5,0.00022
61.533333,0.00022
61.566667,0.00022
61.6,0.00022
61.633333,0.00022
61.666667,0.00022
61.7,0.00022
61.733333,0.00022
61.766667,0.00022
61.8,0.00022
61.833333,0.00022
61.866667,0.00022
61.9,0.00022
61.933333,0.00022
61.966667,0.00022
62,0.00022
62.033333,0.00022
62.066667,0.00022
62.1,0.00022
62.133333,0.00022
62.166667,0.00022
62.2,0.00022
62.233333,0.00022
62.266667,0.00022
62.3,0.00022
62.333333,0.00022
62.366667,24.3036
62.4,0.0018575
62.433333,0.00064
62.466667,0.0003975
62.5,0.000365
62.533333,0.000365
62.566667,0.000365
62.6,0.000365
62.633333,0.000365
62.666667,0.000365
62.7,0.000365
62.733333,0.000365
62.766667,0.000365
62.8,0.000365
62.833333,0.000365
62.866667,0.000365
62.9,0.000365
62.933333,0.000365
62.966667,0.000365
63,0.000365
63.033333,0.000365
63.066667,0.000365
63.1,0.000365
63.133333,0.000365
63.166667,0.000365
63.2,0.000365
63.233333,0.000365
63.266667,0.000365
63.3,0.000365
63.333333,0.000365
63.366667,0.000365
63.4,0.000365
63.433333,0.000365
63.466667,0.000365
63.5,0.000365
63.533333,0.000365
63.566667,0.000365
63.6,0.000365
63.633333,0.000365
63.666667,0.000365
63.7,0.000365
63.733333,0.000365
63.766667,0.000365
63.8,0.000365
63.833333,0.000365
63.866667,0.000365
63.9,0.000365
63.933333,0.000365
63.966667,0.000365
64,0.01184
64.033333,0.00049
64.066667,0.000125
64.1,9.5
64.133333,9.5
64.166667,9.5
64.2,9.5
64.233333,9.5
64.266667,9.5
64.3,9.5
64.333333,9.5
64.366667,9.5
64.4,0.075375
64.433333,0.0763625
64.466667,0.076455
64.5,0.095485
64.533333,0.0782975
64.566667,0.07777
64.6,0.0965425
64.633333,0.097895
64.666667,0.0795875
64.7,0.099165
64.733333,0.0986725
64.766667,0.100185
64.8,0.10099
64.833333,0.101447
64.866667,0.120595
64.9,0.120822
64.933333,0.105182
64.966667,0.140418
65,0.126735
65.033333,0.126183
65.066667,0.146673
65.1,0.166565
65.133333,0.168217
65.166667,0.173412
65.2,0.19393
65.233333,0.217152
65.266667,0.260213
65.3,0.30644
65.333333,0.4174
65.366667,1.1511
65.4,0.001035
65.433333,0.0003975
65.466667,0.0002475
65.5,0.000215
65.533333,0.000215
65.566667,0.000215
65.6,0.000215
65.633333,0.000215
65.666667,0.000215
65.7,0.000215
65.733333,0.000215
65.766667,0.000215
65.8,0.000215
65.833333,0.000215
65.866667,0.000215
65.9,0.000215
65.933333,0.897687
65.966667,0.41973
66,0.350517
66.033333,0.360675
66.066667,0.293135
66.1,0.278625
66.133333,0.306405
66.166667,0.302932
66.2,0.261873
66.233333,0.291558
66.266667,0.278985
66.3,0.27989
66.333333,0.289608
66.366667,0.26739
66.4,0.318387
66.433333,0.32068
66.466667,0.269185
66.5,0.348995
66.533333,0.312348
66.566667,0.312818
66.6,0.354708
66.633333,0.386135
66.666667,0.39919
66.7,0.402375
66.733333,0.435368
66.766667,0.483007
66.8,0.580495
66.833333,0.66298
66.866667,0.886467
66.9,2.40453
66.933333,0.002335
66.966667,0.0005175
67,0.000345
67.033333,0.000305
67.066667,0.000305
67.1,0.000305
67.133333,0.000305
67.166667,0.000305
67.2,0.000305
67.233333,0.000305
67.266667,0.000305
67.3,0.000305
67.333333,0.000305
67.366667,0.000305
67.4,0.000305
67.433333,0.000305
67.466667,0.000305
67.5,0.000305
67.533333,0.000305
67.566667,0.000305
67.6,42.0123
67.633333,0.0027275
67.666667,0.000615
67.7,0.0003925
67.733333,0.00034
67.766667,0.00034
67.8,0.00034
67.833333,0.00034
67.866667,0.00034
67.9,0.00034
67.933333,0.00034
67.966667,0.00034
68,0.00034
68.033333,0.00034
68.066667,0.00034
68.1,0.00034
68.133333,0.00034
68.166667,0.00034
68.2,0.00034
68.233333,0.00034
68.266667,0.00034
68.3,0.00034
68.333333,0.00034
68.366667,0.00034
68.4,0.00034
68.433333,0.00034
68.466667,0.00034
68.5,0.00034
68.533333,0.00034
68.566667,0.00034
68.6,0.00034
68.633333,0.00034
68.666667,0.00034
68.7,0.00034
68.733333,0.00034
68.766667,0.00034
68.8,0.00034
68.833333,0.00034
68.866667,0.00034
68.9,0.00034
68.933333,0.00034
68.966667,0.293895
69,0.30693
69.033333,0.311835
69.066667,0.318582
69.1,0.315557
69.133333,0.32738
69.166667,0.35045
69.2,0.357708
69.233333,0.360815
69.266667,0.35599
69.3,0.358915
69.333333,0.358677
69.366667,0.358032
69.4,0.358683
69.433333,0.35911
69.466667,0.36413
69.5,0.357465
69.533333,0.3585
69.566667,0.36042
69.6,0.357675
69.633333,0.36357
69.666667,0.35199
69.7,0.36252
69.733333,0.346842
69.766667,0.323053
69.8,0.30997
69.833333,0.302092
69.866667,0.30036
69.9,0.288367
69.933333,0.276452
69.966667,0.0019125
70,0.0006925
70.033333,0.0005275
70.066667,0.00049
70.1,0.00049
70.133333,0.00049
70.166667,0.00049
70.2,0.00049
70.233333,0.00049
70.266667,0.00049
70.3,0.00049
70.333333,0.00049
70.366667,0.00049
70.4,0.00049
70.433333,0.00049
70.466667,0.00049
70.5,0.00049
70.533333,0.00049
70.566667,0.00049
70.6,0.00049
70.633333,0.00049
70.666667,0.00049
70.7,0.00049
70.733333,0.00049
70.766667,0.00049
70.8,0.00049
70.833333,0.00049
70.866667,0.00049
70.9,0.00049
70.933333,0.00049
70.966667,0.00049
71,0.00049
71.033333,0.00049
71.066667,0.00049
71.1,0.00049
71.133333,0.00049
71.166667,0.00049
71.2,0.00049
71.233333,0.00049
71.266667,0.00049
71.3,0.00049
71.333333,0.00049
71.366667,0.00049
71.4,0.00049
71.433333,0.00049
71.466667,0.00049
71.5,0.00049
71.533333,0.00049
71.566667,0.00049
71.6,0.00049
71.633333,0.00049
71.666667,0.00049
71.7,0.00049
71.733333,0.00049
71.766667,0.00049
71.8,0.00049
71.833333,0.00049
71.866667,0.00049
71.9,0.00049
71.933333,0.00049
71.966667,0.00049
72,0.01223
72.033333,0.000415
72.066667,5.5
72.1,5
72.133333,5
72.166667,5
72.2,5
72.233333,5
72.266667,5
72.3,5
72.333333,5
72.366667,5
72.4,5
72.433333,5
72.466667,5
72.5,5
72.533333,5
72.566667,5
72.6,5
72.633333,5
72.666667,5
72.7,5
72.733333,5
72.766667,5
72.8,5
72.833333,29.0696
72.866667,0.00138
72.9,0.31701
72.933333,0.091045
72.966667,0.00365
73,0.0337675
73.033333,0.0155525
73.066667,0.0124925
73.1,0.01147
73.133333,0.01144
73.166667,0.011425
73.2,0.011425
73.233333,0.011425
73.266667,0.011425
73.3,0.011425
73.333333,0.011425
73.366667,0.011425
73.4,0.011425
73.433333,0.011425
73.466667,0.011425
73.5,0.011425
73.533333,0.011425
73.566667,0.011425
73.6,0.011425
73.633333,0.011425
73.666667,0.011425
73.7,0.011425
73.733333,0.011425
73.766667,0.011425
73.8,0.011425
73.833333,0.011425
73.866667,0.011425
73.9,0.011425
73.933333,0.011425
73.966667,0.011425
74,0.011425
74.033333,0.011425
74.066667,0.011425
74.1,0.011425
74.133333,0.011425
74.166667,0.011425
74.2,0.011425
74.233333,0.011425
74.266667,0.011425
74.3,0.011425
74.333333,0.011425
74.366667,0.011425
74.4,0.011425
74.433333,0.011425
74.466667,0.011425
74.5,0.011425
74.533333,0.011425
74.566667,0.011425
74.6,0.011425
74.633333,0.011425
74.666667,0.011425
74.7,0.011425
74.733333,0.011425
74.766667,0.011425
74.8,0.011425
74.833333,0.011425
74.866667,0.011425
74.9,0.011425
74.933333,0.011425
74.966667,0.011425
75,0.011425
75.033333,0.011425
75.066667,0.011425
75.1,0.011425
75.133333,0.011425
75.166667,0.011425
75.2,0.011425
75.233333,0.011425
75.266667,0.011425
75.3,0.011425
75.333333,0.011425
75.366667,0.011425
75.4,0.011425
75.433333,0.011425
75.466667,0.011425
75.5,0.011425
75.533333,0.011425
75.566667,0.011425
75.6,0.011425
75.633333,0.011425
75.666667,0.011425
75.7,0.011425
75.733333,0.011425
75.766667,0.011425
75.8,0.011425
75.833333,0.011425
75.866667,0.011425
75.9,0.011425
75.933333,0.011425
75.966667,0.011425
76,0.011425
76.033333,0.011425
76.066667,0.011425
76.1,0.011425
76.133333,0.011425
76.166667,0.011425
76.2,0.011425
76.233333,0.011425
76.266667,0.011425
76.3,0.011425
76.333333,0.011425
76.366667,0.011425
76.4,0.011425
76.433333,0.011425
76.466667,0.011425
76.5,0.011425
76.533333,0.011425
76.566667,0.011425
76.6,0.011425
76.633333,0.011425
76.666667,0.011425
76.7,0.011425
76.733333,0.011425
76.766667,0.011425
76.8,0.011425
76.833333,0.011425
76.866667,0.011425
76.9,0.011425
76.933333,0.011425
76.966667,0.011425
77,0.011425
77.033333,0.011425
77.066667,0.011425
77.1,0.011425
77.133333,0.011425
77.166667,0.011425
77.2,0.011425
77.233333,0.011425
77.266667,0.011425
77.3,0.011425
77.333333,0.011425
77.366667,0.011425
77.4,0.011425
77.433333,0.011425
77.466667,0.011425
77.5,0.011425
77.533333,0.011425
77.566667,0.011425
77.6,0.011425
77.633333,0.011425
77.666667,0.011425
77.7,0.011425
77.733333,0.011425
77.766667,0.011425
77.8,0.011425
77.833333,0.011425
77.866667,0.011425
77.9,0.011425
77.933333,0.011425
77.966667,0.011425
78,0.011425
78.033333,0.011425
78.066667,0.011425
78.1,0.011425
78.133333,0.011425
78.166667,0.011425
78.2,0.011425
78.233333,0.011425
78.266667,0.011425
78.3,0.011425
78.333333,0.011425
78.366667,0.011425
78.4,0.011425
78.433333,0.011425
78.466667,0.011425
78.5,0.011425
78.533333,0.011425
78.566667,0.011425
78.6,0.011425
78.633333,0.011425
78.666667,0.011425
78.7,0.011425
78.733333,0.011425
78.766667,0.011425
78.8,0.011425
78.833333,0.011425
78.866667,0.011425
78.9,0.011425
78.933333,0.011425
78.966667,0.011425
79,0.011425
79.033333,0.011425
79.066667,0.011425
79.1,0.011425
79.133333,0.011425
79.166667,0.011425
79.2,0.011425
79.233333,0.011425
79.266667,0.011425
79.3,0.011425
79.333333,0.011425
79.366667,0.011425
79.4,0.011425
79.433333,0.011425
79.466667,0.011425
79.5,0.011425
79.533333,0.011425
79.566667,0.011425
79.6,0.011425
79.633333,0.011425
79.666667,0.011425
79.7,0.011425
79.733333,0.011425
79.766667,0.011425
79.8,0.011425
79.833333,0.011425
79.866667,0.011425
79.9,0.011425
79.933333,0.011425
79.966667,0.011425
80,0.24222
80.033333,0.01189
80.066667,0.0034675
80.1,0.00259
80.133333,0.00237
80.166667,0.002365
80.2,0.002365
80.233333,0.002365
80.266667,0.002365
80.3,0.002365
80.333333,0.002365
80.366667,0.002365
80.4,0.002365
80.433333,0.002365
80.466667,0.002365
80.5,0.002365
80.533333,0.002365
80.566667,0.002365
80.6,0.002365
80.633333,0.002365
80.666667,0.002365
80.7,0.002365
80.733333,0.002365
80.766667,0.002365
80.8,0.002365
80.833333,0.002365
80.866667,0.002365
80.9,0.002365
80.933333,0.002365
80.966667,0.002365
81,0.002365
81.033333,0.002365
81.066667,0.002365
81.1,0.002365
81.133333,0.002365
81.166667,0.002365
81.2,0.002365
81.233333,0.002365
81.266667,0.002365
81.3,0.002365
81.333333,0.002365
81.366667,0.002365
81.4,0.002365
81.433333,0.002365
81.466667,0.002365
81.5,0.002365
81.533333,0.002365
81.566667,0.002365
81.6,0.002365
81.633333,0.002365
81.666667,0.002365
81.7,0.002365
81.733333,0.002365
81.766667,0.002365
81.8,0.002365
81.833333,0.002365
81.866667,0.002365
81.9,0.002365
81.933333,0.002365
81.966667,0.002365
82,0.002365
82.033333,0.002365
82.066667,0.002365
82.1,0.002365
82.133333,0.002365
82.166667,0.002365
82.2,0.002365
82.233333,0.002365
82.266667,0.002365
82.3,0.002365
82.333333,0.002365
82.366667,0.002365
82.4,0.002365
82.433333,0.526247
82.466667,0.57214
82.5,0.604668
82.533333,0.552972
82.566667,0.619718
82.6,0.527665
82.633333,0.63405
82.666667,0.593553
82.7,0.57138
82.733333,0.582583
82.766667,0.571952
82.8,0.553325
82.833333,0.677985
82.866667,0.593047
82.9,0.53451
82.933333,0.80706
82.966667,0.805582
83,0.773335
83.033333,0.752278
83.066667,0.747178
83.1,0.71326
83.133333,0.72769
83.166667,0.709252
83.2,0.650528
83.233333,0.664687
83.266667,0.633143
83.3,0.675593
83.333333,0.49464
83.366667,0.921065
83.4,0.709688
83.433333,0.140173
83.466667,0.1379
83.5,0.1422
83.533333,0.1487
83.566667,0.152633
83.6,0.158188
83.633333,0.170095
83.666667,0.176395
83.7,0.185628
83.733333,0.196343
83.766667,0.214048
83.8,0.233217
83.833333,0.271047
83.866667,0.325245
83.9,0.558678
83.933333,0.00289
83.966667,0.0016775
84,0.00152
84.033333,0.001485
84.066667,0.001485
84.1,0.001485
84.133333,0.001485
84.166667,0.001485
84.2,0.001485
84.233333,0.001485
84.266667,0.001485
84.3,0.001485
84.333333,0.001485
84.366667,0.001485
84.4,0.001485
84.433333,0.001485
84.466667,0.001485
84.5,0.001485
84.533333,0.001485
84.566667,0.001485
84.6,0.001485
84.633333,0.001485
84.666667,0.001485
84.7,0.001485
84.733333,0.001485
84.766667,0.001485
84.8,0.001485
84.833333,0.001485
84.866667,0.001485
84.9,0.001485
84.933333,0.001485
84.966667,0.001485
85,0.001485
85.033333,0.001485
85.066667,0.001485
85.1,0.001485
85.133333,0.001485
85.166667,0.001485
85.2,0.001485
85.233333,0.001485
85.266667,0.001485
85.3,0.001485
85.333333,0.001485
85.366667,0.001485
85.4,0.001485
85.433333,0.001485
85.466667,0.001485
85.5,0.001485
85.533333,0.001485
85.566667,0.001485
85.6,0.001485
85.633333,0.001485
85.666667,0.001485
85.7,0.001485
85.733333,0.001485
85.766667,0.001485
85.8,0.001485
85.833333,0.001485
85.866667,0.001485
85.9,0.001485
85.933333,0.001485
85.966667,0.001485
86,0.001485
86.033333,0.001485
86.066667,0.001485
86.1,0.001485
86.133333,0.001485
86.166667,0.001485
86.2,0.001485
86.233333,0.001485
86.266667,0.001485
86.3,0.001485
86.333333,0.001485
86.366667,0.001485
86.4,0.001485
86.433333,0.001485
86.466667,0.001485
86.5,0.001485
86.533333,0.001485
86.566667,0.001485
86.6,0.001485
86.633333,0.001485
86.666667,0.001485
86.7,0.001485
86.733333,0.001485
86.766667,0.001485
86.8,0.001485
86.833333,0.001485
86.866667,0.001485
86.9,0.001485
86.933333,0.001485
86.966667,0.001485
87,0.001485
87.033333,0.001485
87.066667,0.001485
87.1,0.001485
87.133333,0.001485
87.166667,0.001485
87.2,0.001485
87.233333,0.001485
87.266667,0.001485
87.3,0.001485
87.333333,0.001485
87.366667,0.001485
87.4,0.001485
87.433333,0.001485
87.466667,0.001485
87.5,0.001485
87.533333,0.001485
87.566667,0.001485
87.6,0.001485
87.633333,0.001485
87.666667,0.001485
87.7,0.001485
87.733333,0.001485
87.766667,0.001485
87.8,0.001485
87.833333,0.001485
87.866667,0.001485
87.9,0.001485
87.933333,0.001485
87.966667,0.001485
88,0.03093
88.033333,0.003335
88.066667,0.00104
88.1,0.0007975
88.133333,0.000715
88.166667,0.000715
88.2,0.000715
88.233333,0.000715
88.266667,0.000715
88.3,0.000715
88.333333,0.000715
88.366667,0.000715
88.4,0.000715
88.433333,0.000715
88.466667,0.000715
88.5,0.000715
88.533333,0.000715
88.566667,0.000715
88.6,0.000715
88.633333,0.000715
88.666667,0.000715
88.7,0.000715
88.733333,0.000715
88.766667,0.000715
88.8,0.000715
88.833333,0.000715
88.866667,0.000715
88.9,0.000715
88.933333,0.000715
88.966667,0.000715
89,0.000715
89.033333,0.000715
89.066667,0.000715
89.1,0.000715
89.133333,0.000715
89.166667,0.000715
89.2,0.000715
89.233333,0.000715
89.266667,0.000715
89.3,0.000715
89.333333,0.000715
89.366667,0.000715
89.4,0.000715
89.433333,0.000715
89.466667,0.000715
89.5,0.000715
89.533333,0.000715
89.566667,0.000715
89.6,0.000715
89.633333,0.000715
89.666667,0.000715
89.7,0.000715
89.733333,0.000715
89.766667,0.000715
89.8,0.000715
89.833333,0.000715
89.866667,0.000715
89.9,0.000715
89.933333,0.000715
89.966667,0.000715
90,0.000715
90.033333,0.000715
90.066667,0.000715
90.1,0.000715
90.133333,0.000715
90.166667,0.000715
90.2,0.000715
90.233333,0.000715
90.266667,0.000715
90.3,0.000715
90.333333,0.000715
90.366667,0.000715
90.4,0.000715
90.433333,0.000715
90.466667,0.000715
90.5,0.000715
90.533333,0.000715
90.566667,0.000715
90.6,0.000715
90.633333,0.000715
90.666667,0.000715
90.7,0.000715
90.733333,0.000715
90.766667,0.000715
90.8,0.000715
90.833333,0.000715
90.866667,0.000715
90.9,0.000715
90.933333,0.000715
90.966667,0.000715
91,0.000715
91.033333,0.000715
91.066667,0.000715
91.1,0.000715
91.133333,0.000715
91.166667,0.000715
91.2,0.000715
91.233333,0.000715
91.266667,0.000715
91.3,0.000715
91.333333,0.000715
91.366667,0.000715
91.4,0.000715
91.433333,0.000715
91.466667,0.000715
91.5,0.000715
91.533333,0.000715
91.566667,0.000715
91.6,0.000715
91.633333,0.000715
91.666667,0.000715
91.7,0.000715
91.733333,0.000715
91.766667,0.000715
91.8,0.000715
91.833333,0.000715
91.866667,0.000715
91.9,0.000715
91.933333,0.000715
91.966667,0.000715
92,0.000715
92.033333,0.000715
92.066667,0.000715
92.1,0.000715
92.133333,0.000715
92.166667,0.000715
92.2,0.000715
92.233333,0.000715
92.266667,0.000715
92.3,0.000715
92.333333,0.000715
92.366667,0.000715
92.4,0.000715
92.433333,0.000715
92.466667,0.000715
92.5,0.000715
92.533333,0.000715
92.566667,0.000715
92.6,0.000715
92.633333,0.000715
92.666667,0.000715
92.7,0.000715
92.733333,0.000715
92.766667,0.000715
92.8,0.000715
92.833333,0.000715
92.866667,0.000715
92.9,0.000715
92.933333,0.000715
92.966667,0.000715
93,0.000715
93.033333,0.000715
93.066667,0.000715
93.1,0.000715
93.133333,0.000715
93.166667,0.000715
93.2,0.000715
93.233333,0.000715
93.266667,0.000715
93.3,0.000715
93.333333,0.000715
93.366667,0.000715
93.4,0.000715
93.433333,0.000715
93.466667,0.000715
93.5,0.000715
93.533333,0.000715
93.566667,0.000715
93.6,0.000715
93.633333,0.000715
93.666667,0.000715
93.7,0.000715
93.733333,0.000715
93.766667,0.000715
93.8,0.000715
93.833333,0.000715
93.866667,0.000715
93.9,0.000715
93.933333,0.000715
93.966667,0.000715
94,0.000715
94.033333,0.000715
94.066667,0.000715
94.1,0.000715
94.133333,0.000715
94.166667,0.000715
94.2,0.000715
94.233333,0.000715
94.266667,0.000715
94.3,0.000715
94.333333,0.000715
94.366667,0.000715
94.4,0.000715
94.433333,0.000715
94.466667,0.000715
94.5,0.000715
94.533333,0.000715
94.566667,0.000715
94.6,0.000715
94.633333,0.000715
94.666667,0.000715
94.7,0.000715
94.733333,0.000715
94.766667,0.000715
94.8,0.000715
94.833333,0.000715
94.866667,0.000715
94.9,0.000715
94.933333,0.000715
94.966667,0.000715
95,0.000715
95.033333,0.000715
95.066667,0.000715
95.1,0.000715
95.133333,0.000715
95.166667,0.000715
95.2,0.000715
95.233333,0.000715
95.266667,0.000715
95.3,0.000715
95.333333,0.000715
95.366667,0.000715
95.4,0.000715
95.433333,0.000715
95.466667,0.000715
95.5,0.000715
95.533333,0.000715
95.566667,0.000715
95.6,0.000715
95.633333,0.000715
95.666667,0.000715
95.7,0.000715
95.733333,0.000715
95.766667,0.000715
95.8,0.000715
95.833333,0.000715
95.866667,0.000715
95.9,0.000715
95.933333,0.000715
95.966667,0.000715
96,0.0035975
96.033333,0.003335
96.066667,0.00104
96.1,0.0007975
96.133333,0.000715
96.166667,0.000715
96.2,0.000715
96.233333,0.000715
96.266667,0.000715
96.3,0.000715
96.333333,0.000715
96.366667,0.000715
96.4,0.000715
96.433333,0.000715
96.466667,0.000715
96.5,0.000715
96.533333,0.000715
96.566667,0.000715
96.6,0.000715
96.633333,0.000715
96.666667,0.000715
96.7,0.000715
96.733333,0.000715
96.766667,0.000715
96.8,0.000715
96.833333,0.000715
96.866667,0.000715
96.9,0.000715
96.933333,0.000715
96.966667,0.000715
97,0.000715
97.033333,0.000715
97.066667,0.000715
97.1,0.000715
97.133333,0.000715
97.166667,0.000715
97.2,0.000715
97.233333,0.000715
97.266667,0.000715
97.3,0.000715
97.333333,0.000715
97.366667,0.000715
97.4,0.000715
97.433333,0.000715
97.466667,0.000715
97.5,0.000715
97.533333,0.000715
97.566667,0.000715
97.6,0.000715
97.633333,0.000715
97.666667,0.000715
97.7,0.000715
97.733333,0.000715
97.766667,0.000715
97.8,0.000715
97.833333,0.000715
97.866667,0.000715
97.9,0.000715
97.933333,0.000715
97.966667,0.000715
98,0.000715
98.033333,0.000715
98.066667,0.000715
98.1,0.000715
98.133333,0.000715
98.166667,0.000715
98.2,0.000715
98.233333,0.000715
98.266667,0.000715
98.3,0.000715
98.333333,0.000715
98.366667,0.000715
98.4,0.000715
98.433333,0.000715
98.466667,0.000715
98.5,0.000715
98.533333,0.000715
98.566667,0.000715
98.6,0.000715
98.633333,0.000715
98.666667,0.000715
98.7,0.000715
98.733333,0.000715
98.766667,0.000715
98.8,0.000715
98.833333,0.000715
98.866667,0.000715
98.9,0.000715
98.933333,0.000715
98.966667,0.000715
99,0.000715
99.033333,0.000715
99.066667,0.000715
99.1,0.000715
99.133333,0.000715
99.166667,0.000715
99.2,0.000715
99.233333,0.000715
99.266667,0.000715
99.3,0.000715
99.333333,0.000715
99.366667,0.000715
99.4,0.000715
99.433333,0.000715
99.466667,0.000715
99.5,0.000715
99.533333,0.000715
99.566667,0.000715
99.6,0.000715
99.633333,0.000715
99.666667,0.000715
99.7,0.000715
99.733333,0.000715
99.766667,0.000715
99.8,0.000715
99.833333,0.000715
99.866667,0.000715
99.9,0.000715
99.933333,0.000715
99.966667,0.000715
100,0.000715
100.033333,0.000715
100.066667,0.000715
100.1,0.000715
100.133333,0.000715
100.166667,0.000715
100.2,0.000715
100.233333,0.000715
100.266667,0.000715
100.3,0.000715
100.333333,0.000715
100.366667,0.000715
100.4,0.000715
100.433333,0.000715
100.466667,0.000715
100.5,0.000715
100.533333,0.000715
100.566667,0.000715
100.6,0.000715
100.633333,0.000715
100.666667,0.000715
100.7,0.000715
100.733333,0.000715
100.766667,0.000715
100.8,0.000715
100.833333,0.000715
100.866667,0.000715
100.9,0.000715
100.933333,0.000715
100.966667,0.000715
101,0.000715
101.033333,0.000715
101.066667,0.000715
101.1,0.000715
101.133333,0.000715
101.166667,0.000715
101.2,0.000715
101.233333,0.000715
101.266667,0.000715
101.3,0.000715
101.333333,0.000715
101.366667,0.000715
101.4,0.000715
101.433333,0.000715
101.466667,0.000715
101.5,0.000715
101.533333,0.000715
101.566667,0.000715
101.6,0.000715
101.633333,0.000715
101.666667,0.000715
101.7,0.000715
101.733333,0.000715
101.766667,0.000715
101.8,0.000715
101.833333,0.000715
101.866667,0.000715
101.9,0.000715
101.933333,0.000715
101.966667,0.000715
102,0.000715
102.033333,0.000715
102.066667,0.000715
102.1,0.000715
102.133333,0.000715
102.166667,0.000715
102.2,0.000715
102.233333,0.000715
102.266667,0.000715
102.3,0.000715
102.333333,0.000715
102.366667,0.000715
102.4,0.000715
102.433333,0.000715
102.466667,0.000715
102.5,0.000715
102.533333,0.000715
102.566667,0.000715
102.6,0.000715
102.633333,0.000715
102.666667,0.000715
102.7,0.000715
102.733333,0.000715
102.766667,0.000715
102.8,0.000715
102.833333,0.000715
102.866667,0.000715
102.9,0.000715
102.933333,0.000715
102.966667,0.000715
103,0.000715
103.033333,0.000715
103.066667,0.000715
103.1,0.000715
103.133333,0.000715
103.166667,0.000715
103.2,0.000715
103.233333,0.000715
103.266667,0.000715
103.3,0.000715
103.333333,0.000715
103.366667,0.000715
103.4,0.000715
103.433333,0.000715
103.466667,29.256
103.5,0.00401
103.533333,0.0255175
103.566667,0.063035
103.6,0.001345
103.633333,0.02406
103.666667,0.0102625
103.7,0.008435
103.733333,0.00778
103.766667,0.00775
103.8,0.00776
103.833333,0.00775
103.866667,0.00776
103.9,0.00775
103.933333,0.00776
103.966667,0.00775
104,0.201373
104.033333,0.0112025
104.066667,0.003715
104.1,0.002905
104.133333,0.00272
104.166667,0.002715
104.2,0.002705
104.233333,0.002715
104.266667,0.002705
104.3,0.002715
104.333333,0.002705
104.366667,0.047725
104.4,0.04941
104.433333,0.05098
104.466667,0.0523425
104.5,0.05294
104.533333,0.05511
104.566667,0.0560825
104.6,0.0580425
104.633333,0.05994
104.666667,0.063085
104.7,0.06483
104.733333,0.0678075
104.766667,0.070785
104.8,0.0748675
104.833333,0.0794425
104.866667,0.0854275
104.9,0.0932875
104.933333,0.104673
104.966667,0.121115
105,0.160765
105.033333,0.247668
105.066667,0.003575
105.1,0.00296
105.133333,0.002815
105.166667,0.002815
105.2,0.002795
105.233333,0.002805
105.266667,0.002795
105.3,0.002805
105.333333,0.002795
105.366667,0.002805
105.4,0.002795
105.433333,0.002805
105.466667,0.002795
105.5,0.002805
105.533333,0.002795
105.566667,0.002805
105.6,0.002795
105.633333,0.002805
105.666667,0.002795
105.7,0.002805
105.733333,0.002795
105.766667,0.002805
105.8,0.002795
105.833333,0.002805
105.866667,0.002795
105.9,0.002805
105.933333,0.002795
105.966667,0.002805
106,0.002795
106.033333,0.002805
106.066667,0.002795
106.1,0.002805
106.133333,0.002795
106.166667,0.002805
106.2,0.002795
106.233333,0.002805
106.266667,0.002795
106.3,0.002805
106.333333,0.002795
106.366667,0.002805
106.4,0.002795
106.433333,0.002805
106.466667,0.002795
106.5,0.002805
106.533333,0.002795
106.566667,0.002805
106.6,0.002795
106.633333,0.002805
106.666667,0.002795
106.7,0.002805
106.733333,0.002795
106.766667,0.002805
106.8,0.002795
106.833333,0.002805
106.866667,0.002795
106.9,0.002805
106.933333,0.002795
106.966667,0.002805
107,0.002795
107.033333,0.002805
107.066667,0.002795
107.1,0.002805
107.133333,0.002795
107.166667,0.002805
107.2,0.002795
107.233333,0.002805
107.266667,0.002795
107.3,0.002805
107.333333,0.002795
107.366667,0.002805
107.4,0.002795
107.433333,0.002805
107.466667,0.002795
107.5,0.002805
107.533333,0.002795
107.566667,0.002805
107.6,0.002795
107.633333,0.002805
107.666667,0.002795
107.7,0.002805
107.733333,0.002795
107.766667,0.002805
107.8,0.002795
107.833333,0.002805
107.866667,0.002795
107.9,0.002805
107.933333,0.002795
107.966667,0.002805
108,0.002795
108.033333,0.002805
108.066667,22.0758
108.1,0
108.133333,0
108.166667,0
108.2,0
108.233333,0
108.266667,0
108.3,0
108.333333,0
108.366667,0
108.4,0
108.433333,0
108.466667,0
108.5,0
108.533333,0
108.566667,0
108.6,0
108.633333,0
108.666667,0
108.7,0
108.733333,0
108.766667,0
108.8,0
108.833333,0
108.866667,0
108.9,0
108.933333,0
108.966667,0
109,0
109.033333,0
109.066667,0
109.1,0
109.133333,0
109.166667,0
109.2,0
109.233333,0
109.266667,0
109.3,0
109.333333,0
109.366667,0
109.4,0
109.433333,0
109.466667,0
109.5,0
109.533333,0
109.566667,0
109.6,0
109.633333,0
109.666667,0
109.7,0
109.733333,0
109.766667,0
109.8,0
109.833333,15.1319
109.866667,0.003165
109.9,0.000835
109.933333,0.0005475
109.966667,0.0005325
110,0.00052
110.033333,0.00052
110.066667,0.00052
110.1,0.00052
110.133333,0.00052
110.166667,0.00052
110.2,0.00052
110.233333,0.00052
110.266667,0.00052
110.3,0.00052
110.333333,0.00052
110.366667,0.00052
110.4,0.00052
110.433333,0.00052
110.466667,0.00052
110.5,0.00052
110.533333,0.00052
110.566667,0.00052
110.6,0.00052
110.633333,0.00052
110.666667,0.00052
110.7,0.00052
110.733333,0.00052
110.766667,0.00052
110.8,0.00052
110.833333,0.00052
110.866667,0.00052
110.9,0.00052
110.933333,0.00052
110.966667,0.00052
111,0.00052
111.033333,0.00052
111.066667,0.00052
111.1,0.00052
111.133333,0.00052
111.166667,0.00052
111.2,0.00052
111.233333,0.00052
111.266667,0.00052
111.3,0.00052
111.333333,0.00052
111.366667,0.00052
111.4,0.00052
111.433333,0.00052
111.466667,0.00052
111.5,0.00052
111.533333,0.00052
111.566667,0.00052
111.6,0.00052
111.633333,0.00052
111.666667,0.00052
111.7,0.00052
111.733333,0.00052
111.766667,0.00052
111.8,0.00052
111.833333,0.00052
111.866667,0.00052
111.9,0.00052
111.933333,34.3791
111.966667,0.00395
112,0.22391
112.033333,0.056685
112.066667,0.00801
112.1,0.01474
112.133333,0.0095375
112.166667,0.0083975
112.2,0.0083025
112.233333,0.00826
112.266667,0.00827
112.3,0.00826
112.333333,0.00827
112.366667,0.00826
112.4,0.00827
112.433333,0.00826
112.466667,0.00827
112.5,0.00826
112.533333,0.00827
112.566667,0.00826
112.6,0.00827
112.633333,0.00826
112.666667,0.00827
112.7,0.00826
112.733333,0.00827
112.766667,0.00826
112.8,0.00827
112.833333,0.00826
112.866667,0.00827
112.9,0.00826
112.933333,0.00827
112.966667,0.00826
113,0.00827
113.033333,0.00826
113.066667,0.00827
113.1,0.00826
113.133333,0.00827
113.166667,0.00826
113.2,0.00827
113.233333,0.00826
113.266667,0.00827
113.3,0.00826
113.333333,0.00827
113.366667,0.00826
113.4,0.00827
113.433333,0.00826
113.466667,0.00827
113.5,0.00826
113.533333,0.00827
113.566667,0.00826
113.6,0.00827
113.633333,0.00826
113.666667,0.00827
113.7,0.00826
113.733333,22.4664
113.766667,0.0031625
113.8,0.06481
113.833333,0.06783
113.866667,0.150695
113.9,0.06999
113.933333,0.070485
113.966667,0.011715
114,0.00747
114.033333,0.488195
114.066667,0.563852
114.1,0.740402
114.133333,0.571213
114.166667,0.567902
114.2,0.152408
114.233333,0.0053025
114.266667,0.461523
114.3,0.619545
114.333333,0.779842
114.366667,0.64429
114.4,0.625195
114.433333,0.24513
114.466667,0.00778
114.5,0.665312
114.533333,1.06037
114.566667,1.13188
114.6,1.12005
114.633333,1.06481
114.666667,0.542475
114.7,0.01243
114.733333,0.952945
114.766667,1.89132
114.8,1.91656
114.833333,2.03962
114.866667,1.89033
114.9,1.18256
114.933333,0.0121325
114.966667,0.670347
115,1.76527
115.033333,0.65334
115.066667,0.000415
115.1,0.00035
115.133333,0.00035
115.166667,0.00035
115.2,0.00035
115.233333,0.00035
115.266667,0.00035
115.3,0.00035
115.333333,0.00035
115.366667,0.00035
115.4,0.00035
115.433333,0.00035
115.466667,0.00035
115.5,0.00035
115.533333,0.00035
115.566667,0.00035
115.6,0.00035
115.633333,0.00035
115.666667,0.00035
115.7,0.00035
115.733333,0.00035
115.766667,0.0255125
115.8,0.0377425
115.833333,0.0353075
115.866667,0.0280575
115.9,0.0376975
115.933333,0.0353475
115.966667,0.0280575
116,0.0366
116.033333,0.0390775
116.066667,0.036635
116.1,0.0378675
116.133333,0.0379475
116.166667,0.0476675
116.2,0.03793
116.233333,0.0477475
116.266667,0.038055
116.3,0.0502425
116.333333,0.0478775
116.366667,0.047945
116.4,0.0504725
116.433333,0.0602225
116.466667,0.0578975
116.5,0.0616425
116.533333,0.0715125
116.566667,0.071645
116.6,0.08279
116.633333,0.095245
116.666667,0.104207
116.7,0.136518
116.733333,0.210377
116.766667,0.00038
116.8,0.00035
116.833333,0.00035
116.866667,0.00035
116.9,0.00035
116.933333,0.00035
116.966667,0.00035
117,0.00035
117.033333,0.00035
117.066667,0.00035
117.1,0.00035
117.133333,0.00035
117.166667,0.00035
117.2,0.00035
117.233333,0.00035
117.266667,0.00035
117.3,0.00035
117.333333,0.00035
117.366667,0.00035
117.4,0.00035
117.433333,0.00035
117.466667,0.00035
117.5,0.00035
117.533333,0.00035
117.566667,0.00035
117.6,0.00035
117.633333,0.00035
117.666667,0.00035
117.7,0.00035
117.733333,0.00035
117.766667,0.00035
117.8,0.00035
117.833333,0.00035
117.866667,0.00035
117.9,0.00035
117.933333,0.00035
117.966667,0.00035
118,0.00035
118.033333,0.00035
118.066667,0.00035
118.1,0.00035
118.133333,0.00035
118.166667,0.00035
118.2,0.00035
118.233333,0.00035
118.266667,0.00035
118.3,0.00035
118.333333,0.00035
118.366667,0.00035
118.4,27.5026
118.433333,0
118.466667,0
118.5,0
118.533333,0
118.566667,0
118.6,0
118.633333,0
118.666667,0
118.7,0
118.733333,0
118.766667,0
118.8,0
118.833333,0
118.866667,0
118.9,0
118.933333,0
118.966667,0
119,0
119.033333,0
119.066667,0
119.1,0
119.133333,0
119.166667,0
119.2,0
119.233333,0
119.266667,0
119.3,0
119.333333,0
119.366667,0
119.4,0
119.433333,0
119.466667,0
119.5,0
119.533333,0
119.566667,0
119.6,0
119.633333,0
119.666667,0
119.7,0
119.733333,0
119.766667,0
119.8,0
119.833333,0
119.866667,0
119.9,0
119.933333,0
119.966667,0
120,0
120.033333,0
120.066667,0
120.1,0
120.133333,0
120.166667,0
120.2,0
120.233333,0
120.266667,0.000255
120.3,0.528223
120.333333,0.763138
120.366667,0.690172
120.4,0.990027
120.433333,0.698615
120.466667,0.951555
120.5,0.0540925
120.533333,0.174113
120.566667,0.190167
120.6,0.289225
120.633333,0.0966675
120.666667,0.168107
120.7,0.106398
120.733333,0.159257
120.766667,0.296113
120.8,0.391515
120.833333,0.91263
120.866667,1.13356
120.9,0.45831
120.933333,0.573625
120.966667,0.195268
121,0.27394
121.033333,1.04601
121.066667,1.18216
121.1,0.72922
121.133333,0.826017
121.166667,0.450972
121.2,0.505115
121.233333,0.285338
121.266667,0.30129
121.3,0.0003975
121.333333,0.00034
121.366667,0.00034
121.4,0.00034
121.433333,0.00034
121.466667,0.00034
121.5,0.00034
121.533333,0.00034
121.566667,0.00034
121.6,0.00034
121.633333,0.00034
121.666667,0.00034
121.7,0.00034
121.733333,0.00034
121.766667,0.00034
121.8,0.00034
121.833333,0.00034
121.866667,0.00034
121.9,0.00034
121.933333,0.00034
121.966667,0.00034
122,0.00034
122.033333,0.00034
122.066667,0.00034
122.1,0.00034
122.133333,0.00034
122.166667,0.00034
122.2,0.00034
122.233333,0.00034
122.266667,0.00034
122.3,0.00034
122.333333,0.00034
122.366667,0.00034
122.4,0.00034
122.433333,0.00034
122.466667,0.00034
122.5,0.00034
122.533333,33.4749
122.566667,0.00416
122.6,0.0276325
122.633333,0.049475
122.666667,0.03532
122.7,0.01727
122.733333,0.008765
122.766667,0.008395
122.8,0.008365
122.833333,0.008375
122.866667,0.008365
122.9,0.008375
122.933333,0.008365
122.966667,0.008375
123,0.008365
123.033333,0.008375
123.066667,0.008365
123.1,0.008375
123.133333,0.008365
123.166667,0.008375
123.2,0.008365
123.233333,0.008375
123.266667,0.008365
123.3,0.008375
123.333333,0.008365
123.366667,0.008375
123.4,0.008365
123.433333,0.008375
123.466667,0.008365
123.5,0.008375
123.533333,0.008365
123.566667,0.008375
123.6,0.008365
123.633333,0.008375
123.666667,0.008365
123.7,0.008375
123.733333,0.008365
123.766667,0.008375
123.8,0.008365
123.833333,0.008375
123.866667,0.008365
123.9,0.008375
123.933333,0.008365
123.966667,0.008375
124,0.008365
124.033333,0.008375
124.066667,0.008365
124.1,0.008375
124.133333,0.008365
124.166667,0.008375
124.2,0.008365
124.233333,0.008375
124.266667,0.008365
124.3,0.008375
124.333333,0.008365
124.366667,0.008375
124.4,0.008365
124.433333,0.008375
124.466667,0.008365
124.5,0.008375
124.533333,0.008365
124.566667,0.008375
124.6,0.008365
124.633333,0.008375
124.666667,0.008365
124.7,0.008375
124.733333,0.008365
124.766667,0.008375
124.8,0.008365
124.833333,0.008375
124.866667,0.008365
124.9,0.008375
124.933333,0.008365
124.966667,0.008375
125,0.008365
125.033333,0.008375
125.066667,0.008365
125.1,0.008375
125.133333,0.008365
125.166667,0.008375
125.2,0.008365
125.233333,0.008375
125.266667,0.008365
125.3,0.008375
125.333333,0.008365
125.366667,0.008375
125.4,0.008365
125.433333,0.008375
125.466667,0.008365
125.5,0.008375
125.533333,0.008365
125.566667,0.008375
125.6,0.008365
125.633333,0.008375
125.666667,0.008365
125.7,0.008375
125.733333,0.008365
125.766667,0.008375
125.8,0.008365
125.833333,20.8459
125.866667,0
125.9,0
125.933333,0
125.966667,0
126,0
126.033333,0
126.066667,0
126.1,0
126.133333,0
126.166667,0
126.2,0
126.233333,0
126.266667,0
126.3,0
126.333333,0
126.366667,0
126.4,0
126.433333,0
126.466667,0
126.5,0
126.533333,0
126.566667,0
126.6,0
126.633333,0
126.666667,0
126.7,0
126.733333,0
126.766667,0
126.8,0
126.833333,0
126.866667,0
126.9,0
126.933333,0
126.966667,0
127,0
127.033333,0
127.066667,0
127.1,0
127.133333,0
127.166667,0
127.2,0
127.233333,0
127.266667,0
127.3,0
127.333333,0
127.366667,0
127.4,0
127.433333,0
127.466667,0
127.5,0
127.533333,0
127.566667,0
127.6,0
127.633333,0
127.666667,0
127.7,0
127.733333,0
127.766667,0
127.8,0
127.833333,0
127.866667,0
127.9,0
127.933333,0
127.966667,0.0207875
128,0.0175925
128.033333,0.18905
128.066667,0.47033
128.1,0.183575
128.133333,0.34025
128.166667,0.349975
128.2,0.149542
128.233333,0.37968
128.266667,0.102072
128.3,0.142395
128.333333,0.0975975
128.366667,0.130623
128.4,0.267053
128.433333,0.0809625
128.466667,0.5005
128.5,0.383062
128.533333,0.156445
128.566667,0.318673
128.6,0.0952075
128.633333,0.176838
128.666667,0.124582
128.7,0.220645
128.733333,0.462165
128.766667,0.149978
128.8,0.544617
128.833333,0.44745
128.866667,0.20603
128.9,0.449742
128.933333,0.151925
128.966667,0.747958
129,0.640643
129.033333,0.283672
129.066667,0.645227
129.1,0.23067
129.133333,0.130717
129.166667,0.00037
129.2,0.000345
129.233333,0.000345
129.266667,0.000345
129.3,0.000345
129.333333,0.000345
129.366667,0.000345
129.4,0.000345
129.433333,0.000345
129.466667,0.000345
129.5,0.000345
129.533333,0.000345
129.566667,0.000345
129.6,0.000345
129.633333,0.000345
129.666667,0.000345
129.7,0.000345
129.733333,0.000345
129.766667,0.000345
129.8,0.000345
129.833333,0.000345
129.866667,0.000345
129.9,0.000345
129.933333,0.000345
129.966667,0.000345
130,0.000345
130.033333,0.000345
130.066667,0.000345
130.1,0.000345
130.133333,0.000345
130.166667,0.000345
130.2,0.000345
130.233333,0.000345
130.266667,0.000345
130.3,0.000345
130.333333,0.000345
130.366667,0.000345
130.4,0.000345
130.433333,0.000345
130.466667,0.000345
130.5,0.000345
130.533333,0.000345
130.566667,0.000345
130.6,0.000345
130.633333,0.000345
130.666667,0.000345
130.7,0.000345
130.733333,0.000345
130.766667,0.000345
130.8,0.000345
130.833333,0.000345
130.866667,0.000345
130.9,0.000345
130.933333,0.000345
130.966667,0.000345
131,0.000345
131.033333,0.000345
131.066667,0.000345
131.1,0.000345
131.133333,0.000345
131.166667,0.000345
131.2,0.000345
131.233333,0.000345
131.266667,0.000345
131.3,0.000345
131.333333,0.000345
131.366667,0.000345
131.4,0.000345
131.433333,0.000345
131.466667,0.000345
131.5,0.000345
131.533333,0.000345
131.566667,0.000345
131.6,0.000345
131.633333,0.000345
131.666667,0.000345
131.7,0.000345
131.733333,0.000345
131.766667,0.000345
131.8,0.000345
131.833333,0.000345
131.866667,0.000345
131.9,0.000345
131.933333,0.000345
131.966667,9.97809
132,0
132.033333,0
132.066667,0
132.1,0
132.133333,0
132.166667,0
132.2,0
132.233333,0
132.266667,0
132.3,0
132.333333,0
132.366667,0
132.4,0
132.433333,0
132.466667,0
132.5,0
132.533333,0
132.566667,0
132.6,0
132.633333,0
132.666667,0
132.7,0
132.733333,0
132.766667,0
132.8,0
132.833333,0
132.866667,0
132.9,0
132.933333,0
132.966667,0
133,0
133.033333,0
133.066667,0
133.1,0
133.133333,0
133.166667,0
133.2,0
133.233333,0
133.266667,0
133.3,0
133.333333,0
133.366667,0
133.4,0
133.433333,0
133.466667,0
133.5,0
133.533333,0
133.566667,0
133.6,0
133.633333,0
133.666667,0
133.7,0
133.733333,0
133.766667,0
133.8,0
133.833333,0
133.866667,0
133.9,0
133.933333,0
133.966667,0
134,0
134.033333,0
134.066667,0
134.1,0
134.133333,0.479963
134.166667,1.22094
134.2,1.00441
134.233333,0.185922
134.266667,0.212767
134.3,0.380525
134.333333,0.659552
134.366667,0.102813
134.4,0.369563
134.433333,0.14575
134.466667,0.3434
134.5,1.12417
134.533333,1.83747
134.566667,0.932915
134.6,0.72138
134.633333,0.712642
134.666667,0.50484
134.7,0.000395
134.733333,0.00039
134.766667,0.00039
134.8,0.00039
134.833333,0.00039
134.866667,0.00039
134.9,0.00039
134.933333,0.00039
134.966667,0.00039
135,0.00039
135.033333,0.00039
135.066667,0.00039
135.1,0.00039
135.133333,0.00039
135.166667,0.00039
135.2,0.00039
135.233333,0.00039
135.266667,0.00039
135.3,0.00039
135.333333,0.00039
135.366667,0.00039
135.4,0.00039
135.433333,0.00039
135.466667,0.00039
135.5,0.00039
135.533333,0.00039
135.566667,0.00039
135.6,0.00039
135.633333,0.00039
135.666667,0.00039
135.7,0.00039
135.733333,0.00039
135.766667,0.00039
135.8,0.00039
135.833333,0.00039
135.866667,0.00039
135.9,0.00039
135.933333,0.00039
135.966667,0.00039
136,0.0104775
136.033333,0.0007925
136.066667,0.0002475
136.1,0.0002225
136.133333,0.00021
136.166667,0.00021
136.2,0.00021
136.233333,0.00021
136.266667,0.00021
136.3,0.00021
136.333333,0.00021
136.366667,0.00021
136.4,0.00021
136.433333,0.00021
136.466667,0.00021
136.5,0.00021
136.533333,0.00021
136.566667,0.00021
136.6,0.00021
136.633333,17.2071
136.666667,0.0029425
136.7,0.0007825
136.733333,0.0004725
136.766667,0.0004425
136.8,0.000435
136.833333,0.000435
136.866667,0.000435
136.9,0.000435
136.933333,0.000435
136.966667,0.000435
137,0.000435
137.033333,0.000435
137.066667,0.000435
137.1,0.000435
137.133333,0.000435
137.166667,0.000435
137.2,0.000435
137.233333,0.000435
137.266667,0.000435
137.3,0.000435
137.333333,0.000435
137.366667,0.000435
137.4,0.000435
137.433333,0.000435
137.466667,0.000435
137.5,0.000435
137.533333,0.000435
137.566667,0.000435
137.6,0.000435
137.633333,0.000435
137.666667,0.000435
137.7,0.000435
137.733333,0.000435
137.766667,0.000435
137.8,0.000435
137.833333,0.000435
137.866667,0.000435
137.9,0.000435
137.933333,0.000435
137.966667,0.000435
138,0.000435
138.033333,0.000435
138.066667,0.000435
138.1,0.000435
138.133333,0.000435
138.166667,0.000435
138.2,0.000435
138.233333,0.000435
138.266667,0.000435
138.3,0.000435
138.333333,0.000435
138.366667,0.000435
138.4,0.000435
138.433333,0.000435
138.466667,0.000435
138.5,0.000435
138.533333,0.048685
138.566667,0.0502225
138.6,0.0512075
138.633333,0.059755
138.666667,0.0520425
138.7,0.0523475
138.733333,0.0618575
138.766667,0.0619925
138.8,0.0546325
138.833333,0.0639625
138.866667,0.064235
138.9,0.06521
138.933333,0.0661725
138.966667,0.067135
139,0.07604
139.033333,0.078315
139.066667,0.07113
139.1,0.08842
139.133333,0.0826025
139.166667,0.0847
139.2,0.094795
139.233333,0.105535
139.266667,0.109402
139.3,0.11229
139.333333,0.126158
139.366667,0.141345
139.4,0.165917
139.433333,0.19736
139.466667,0.267278
139.5,0.732735
139.533333,0.0018525
139.566667,0.00078
139.6,0.0005625
139.633333,0.000545
139.666667,0.000545
139.7,0.000545
139.733333,0.000545
139.766667,0.000545
139.8,0.000545
139.833333,0.000545
139.866667,0.000545
139.9,0.000545
139.933333,0.000545
139.966667,0.000545
140,0.000545
140.033333,0.000545
140.066667,0.000545
140.1,0.000545
140.133333,0.000545
140.166667,0.000545
140.2,0.000545
140.233333,0.000545
140.266667,0.000545
140.3,0.000545
140.333333,0.000545
140.366667,0.000545
140.4,0.000545
140.433333,0.000545
140.466667,0.000545
140.5,0.000545
140.533333,0.000545
140.566667,0.000545
140.6,0.000545
140.633333,0.000545
140.666667,0.000545
140.7,0.000545
140.733333,0.000545
140.766667,0.000545
140.8,0.000545
140.833333,0.000545
140.866667,0.000545
140.9,0.000545
140.933333,0.000545
140.966667,0.0566475
141,0.13562
141.033333,0.149995
141.066667,0.0006225
141.1,0.00057
141.133333,0.0005525
141.166667,0.000545
141.2,0.000545
141.233333,0.000545
141.266667,0.000545
141.3,0.000545
141.333333,0.000545
141.366667,0.000545
141.4,0.000545
141.433333,0.000545
141.466667,0.000545
141.5,0.000545
141.533333,0.000545
141.566667,0.000545
141.6,0.000545
141.633333,0.000545
141.666667,0.000545
141.7,0.000545
141.733333,0.000545
141.766667,0.000545
141.8,0.000545
141.833333,0.000545
141.866667,0.000545
141.9,0.000545
141.933333,0.000545
141.966667,0.000545
142,0.000545
142.033333,0.000545
142.066667,0.000545
142.1,0.000545
142.133333,0.000545
142.166667,0.000545
142.2,0.000545
142.233333,0.000545
142.266667,0.000545
142.3,0.000545
142.333333,0.000545
142.366667,0.000545
142.4,0.000545
142.433333,0.000545
142.466667,0.000545
142.5,0.000545
142.533333,0.000545
142.566667,0.000545
142.6,0.000545
142.633333,0.000545
142.666667,0.000545
142.7,0.000545
142.733333,0.000545
142.766667,0.000545
142.8,0.000545
142.833333,0.000545
142.866667,0.000545
142.9,0.000545
142.933333,0.000545
142.966667,0.000545
143,0.000545
143.033333,0.000545
143.066667,0.000545
143.1,0.000545
143.133333,0.000545
143.166667,0.000545
143.2,0.000545
143.233333,0.000545
143.266667,0.000545
143.3,0.000545
143.333333,0.000545
143.366667,0.000545
143.4,0.000545
143.433333,0.000545
143.466667,0.000545
143.5,0.000545
143.533333,0.000545
143.566667,0.000545
143.6,0.000545
143.633333,0.000545
143.666667,0.000545
143.7,0.000545
143.733333,0.000545
143.766667,0.000545
143.8,0.000545
143.833333,0.000545
143.866667,0.000545
143.9,0.000545
143.933333,0.000545
143.966667,0.000545
144,0.0149325
144.033333,0.001035
144.066667,0.0002425
144.1,0.00018
144.133333,0.00016
144.166667,0.00016
144.2,0.00016
144.233333,0.00016
144.266667,0.00016
144.3,0.00016
144.333333,0.00016
144.366667,0.00016
144.4,0.00016
144.433333,0.00016
144.466667,0.00016
144.5,0.00016
144.533333,0.00016
144.566667,0.00016
144.6,0.00016
144.633333,0.00016
144.666667,0.00016
144.7,0.00016
144.733333,0.00016
144.766667,0.00016
144.8,0.00016
144.833333,0.00016
144.866667,0.00016
144.9,0.00016
144.933333,0.00016
144.966667,0.00016
145,0.00016
145.033333,0.00016
145.066667,0.00016
145.1,0.00016
145.133333,0.00016
145.166667,0.00016
145.2,0.00016
145.233333,0.00016
145.266667,0.00016
145.3,0.00016
145.333333,0.00016
145.366667,0.00016
145.4,0.00016
145.433333,0.00016
145.466667,0.00016
145.5,0.00016
145.533333,0.00016
145.566667,0.00016
145.6,0.00016
145.633333,0.00016
145.666667,0.00016
145.7,0.00016
145.733333,0.00016
145.766667,0.00016
145.8,0.00016
145.833333,0.00016
145.866667,0.00016
145.9,0.00016
145.933333,0.00016
145.966667,0.00016
146,0.00016
146.033333,0.00016
146.066667,0.00016
146.1,0.00016
146.133333,0.00016
146.166667,0.00016
146.2,0.00016
146.233333,0.00016
146.266667,0.00016
146.3,0.00016
146.333333,0.00016
146.366667,0.00016
146.4,0.00016
146.433333,0.00016
146.466667,0.00016
146.5,0.00016
146.533333,0.00016
146.566667,0.00016
146.6,0.00016
146.633333,0.00016
146.666667,0.00016
146.7,0.00016
146.733333,0.00016
146.766667,0.00016
146.8,0.00016
146.833333,0.00016
146.866667,0.00016
146.9,0.00016
146.933333,0.00016
146.966667,0.00016
147,0.00016
147.033333,0.00016
147.066667,0.00016
147.1,0.00016
147.133333,0.00016
147.166667,0.00016
147.2,0.00016
147.233333,0.00016
147.266667,0.00016
147.3,0.00016
147.333333,0.00016
147.366667,0.00016
147.4,0.00016
147.433333,0.00016
147.466667,0.00016
147.5,0.00016
147.533333,0.00016
147.566667,0.00016
147.6,0.00016
147.633333,0.00016
147.666667,0.00016
147.7,0.00016
147.733333,0.00016
147.766667,0.00016
147.8,0.00016
147.833333,0.00016
147.866667,0.00016
147.9,0.00016
147.933333,0.00016
147.966667,0.00016
148,0.00016
148.033333,0.00016
148.066667,0.00016
148.1,0.00016
148.133333,0.00016
148.166667,0.00016
148.2,0.00016
148.233333,0.00016
148.266667,0.00016
148.3,0.00016
148.333333,0.00016
148.366667,0.00016
148.4,0.00016
148.433333,0.00016
148.466667,0.00016
148.5,0.00016
148.533333,0.00016
148.566667,0.00016
148.6,0.00016
148.633333,0.00016
148.666667,0.00016
148.7,0.00016
148.733333,0.644125
148.766667,0.234155
148.8,0.167785
148.833333,0.149147
148.866667,0.12358
148.9,0.109475
148.933333,0.106542
148.966667,0.0935675
149,0.0908775
149.033333,0.08124
149.066667,0.07875
149.1,0.076145
149.133333,0.06753
149.166667,0.0653625
149.2,0.073375
149.233333,0.0557675
149.266667,0.0627275
149.3,0.0618525
149.333333,0.0608475
149.366667,0.052285
149.4,0.0509925
149.433333,0.05933
149.466667,0.04973
149.5,0.0499475
149.533333,0.0489925
149.566667,0.04831
149.6,0.0482525
149.633333,0.047545
149.666667,0.0471575
149.7,0.038835
149.733333,0.04632
149.766667,0.0463825
149.8,0.03772
149.833333,0.046445
149.866667,0.036685
149.9,0.0455225
149.933333,0.036355
149.966667,0.03672
150,0.0445775
150.033333,16.6307
150.066667,0.0026025
150.1,0.00073
150.133333,0.0004325
150.166667,0.000415
150.2,0.000415
150.233333,0.000415
150.266667,0.000415
150.3,0.000415
150.333333,0.000415
150.366667,0.000415
150.4,0.000415
150.433333,0.000415
150.466667,0.000415
150.5,0.000415
150.533333,0.000415
150.566667,0.000415
150.6,0.000415
150.633333,0.000415
150.666667,0.000415
150.7,0.000415
150.733333,0.000415
150.766667,0.000415
150.8,0.000415
150.833333,0.000415
150.866667,0.000415
150.9,0.000415
150.933333,0.000415
150.966667,0.000415
151,0.000415
151.033333,0.000415
151.066667,0.000415
151.1,0.000415
151.133333,0.000415
151.166667,0.000415
151.2,0.000415
151.233333,0.000415
151.266667,0.000415
151.3,0.000415
151.333333,0.000415
151.366667,0.000415
151.4,0.000415
151.433333,0.000415
151.466667,0.000415
151.5,0.000415
151.533333,0.000415
151.566667,0.000415
151.6,0.000415
151.633333,0.000415
151.666667,0.000415
151.7,0.000415
151.733333,0.000415
151.766667,0.000415
151.8,0.000415
151.833333,0.000415
151.866667,0.000415
151.9,0.000415
151.933333,0.000415
151.966667,0.000415
152,0.01144
152.033333,0.000785
152.066667,0.0001975
152.1,0.00014
152.133333,0.00013
152.166667,0.00013
152.2,0.00013
152.233333,0.00013
152.266667,0.00013
152.3,0.00013
152.333333,0.00013
152.366667,0.00013
152.4,0.00013
152.433333,0.00013
152.466667,0.00013
152.5,0.00013
152.533333,0.00013
152.566667,0.00013
152.6,0.00013
152.633333,0.00013
152.666667,0.00013
152.7,0.00013
152.733333,0.00013
152.766667,0.00013
152.8,0.00013
152.833333,0.00013
152.866667,0.00013
152.9,0.00013
152.933333,0.00013
152.966667,0.00013
153,0.00013
153.033333,0.00013
153.066667,0.00013
153.1,0.00013
153.133333,0.00013
153.166667,0.00013
153.2,0.00013
153.233333,0.00013
153.266667,0.00013
153.3,0.00013
153.333333,0.00013
153.366667,0.00013
153.4,0.00013
153.433333,0.00013
153.466667,0.00013
153.5,0.00013
153.533333,0.00013
153.566667,0.00013
153.6,0.00013
153.633333,0.00013
153.666667,0.00013
153.7,0.00013
153.733333,0.00013
153.766667,0.00013
153.8,0.00013
153.833333,0.00013
153.866667,0.00013
153.9,0.00013
153.933333,0.00013
153.966667,0.00013
154,0.00013
154.033333,0.00013
154.066667,0.00013
154.1,0.00013
154.133333,0.00013
154.166667,0.00013
154.2,0.00013
154.233333,0.00013
154.266667,0.00013
154.3,0.00013
154.333333,0.00013
154.366667,0.00013
154.4,0.00013
154.433333,0.00013
154.466667,0.00013
154.5,0.00013
154.533333,0.00013
154.566667,0.00013
154.6,0.00013
154.633333,0.00013
154.666667,0.00013
154.7,0.00013
154.733333,0.00013
154.766667,0.00013
154.8,0.00013
154.833333,0.00013
154.866667,0.00013
154.9,0.00013
154.933333,0.00013
154.966667,0.00013
155,0.00013
155.033333,0.00013
155.066667,0.00013
155.1,0.00013
155.133333,0.00013
155.166667,0.00013
155.2,0.00013
155.233333,0.00013
155.266667,0.00013
155.3,0.00013
155.333333,0.00013
155.366667,0.00013
155.4,0.00013
155.433333,0.00013
155.466667,0.00013
155.5,0.00013
155.533333,0.00013
155.566667,0.00013
155.6,0.00013
155.633333,0.00013
155.666667,0.00013
155.7,0.00013
155.733333,0.00013
155.766667,0.00013
155.8,0.00013
155.833333,0.00013
155.866667,0.00013
155.9,0.00013
155.933333,0.00013
155.966667,0.00013
156,0.00013
156.033333,13.5236
156.066667,0.0014675
156.1,0.00043
156.133333,0.00028
156.166667,0.00028
156.2,0.00028
156.233333,0.00028
156.266667,0.00028
156.3,0.00028
156.333333,0.00028
156.366667,0.00028
156.4,0.00028
156.433333,0.00028
156.466667,0.00028
156.5,0.00028
156.533333,0.00028
156.566667,0.00028
156.6,0.00028
156.633333,0.00028
156.666667,0.00028
156.7,0.00028
156.733333,0.00028
156.766667,0.00028
156.8,0.00028
156.833333,0.00028
156.866667,0.00028
156.9,0.00028
156.933333,0.00028
156.966667,0.00028
157,0.00028
157.033333,0.00028
157.066667,0.00028
157.1,0.00028
157.133333,0.00028
157.166667,0.00028
157.2,0.00028
157.233333,0.00028
157.266667,0.00028
157.3,0.00028
157.333333,0.00028
157.366667,0.00028
157.4,0.00028
157.433333,0.00028
157.466667,0.00028
157.5,0.00028
157.533333,0.00028
157.566667,0.00028
157.6,0.00028
157.633333,0.00028
157.666667,0.00028
157.7,0.00028
157.733333,0.00028
157.766667,0.00028
157.8,0.00028
157.833333,0.00028
157.866667,0.00028
157.9,4.81037
157.933333,0.00089
157.966667,0.0004525
158,0.0003575
158.033333,0.00035
158.066667,0.00035
158.1,0.00035
158.133333,0.00035
158.166667,0.00035
158.2,0.00035
158.233333,0.00035
158.266667,0.00035
158.3,0.00035
158.333333,0.00035
158.366667,0.00035
158.4,0.00035
158.433333,0.00035
158.466667,0.00035
158.5,0.00035
158.533333,0.00035
158.566667,0.00035
158.6,0.00035
158.633333,0.00035
158.666667,0.00035
158.7,0.00035
158.733333,0.00035
158.766667,0.00035
158.8,0.00035
158.833333,0.00035
158.866667,0.00035
158.9,0.00035
158.933333,0.00035
158.966667,0.00035
159,0.00035
159.033333,0.00035
159.066667,0.00035
159.1,0.00035
159.133333,0.00035
159.166667,0.00035
159.2,0.00035
159.233333,0.00035
159.266667,0.00035
159.3,0.00035
159.333333,0.00035
159.366667,0.00035
159.4,0.00035
159.433333,4.49719
159.466667,0.00108
159.5,0.000565
159.533333,0.00047
159.566667,0.000455
159.6,0.00045
159.633333,0.00045
159.666667,0.00045
159.7,0.00045
159.733333,0.00045
159.766667,0.00045
159.8,0.00045
159.833333,0.00045
159.866667,0.00045
159.9,0.00045
159.933333,0.00045
159.966667,0.00045
160,0.010175
160.033333,0.0006225
160.066667,0.000205
160.1,0.0001425
160.133333,0.00012
160.166667,0.00012
160.2,0.00012
160.233333,0.00012
160.266667,0.00012
160.3,0.00012
160.333333,0.00012
160.366667,0.00012
160.4,0.00012
160.433333,0.00012
160.466667,0.00012
160.5,4.6533
160.533333,0.000785
160.566667,0.0003225
160.6,0.000235
160.633333,0.000225
160.666667,0.000225
160.7,0.000225
160.733333,0.000225
160.766667,0.000225
160.8,0.000225
160.833333,0.000225
160.866667,0.000225
160.9,0.000225
160.933333,0.000225
160.966667,0.000225
161,0.000225
161.033333,0.000225
161.066667,0.000225
161.1,0.000225
161.133333,0.000225
161.166667,0.000225
161.2,0.000225
161.233333,0.000225
161.266667,0.000225
161.3,0.000225
161.333333,0.000225
161.366667,0.000225
161.4,0.000225
161.433333,0.000225
161.466667,0.000225
161.5,0.000225
161.533333,0.000225
161.566667,0.000225
161.6,0.000225
161.633333,0.000225
161.666667,0.000225
161.7,0.000225
161.733333,0.000225
161.766667,0.000225
161.8,0.000225
161.833333,0.000225
161.866667,0.000225
161.9,0.000225
161.933333,0.000225
161.966667,0.000225
162,0.000225
162.033333,30.4503
162.066667,0.0646425
162.1,0.10387
162.133333,0.103337
162.166667,0.088245
162.2,0.08804
162.233333,0.0879475
162.266667,0.090045
162.3,0.09191
162.333333,0.09021
162.366667,0.09371
162.4,0.0945675
162.433333,0.0959625
162.466667,0.0972075
162.5,0.09861
162.533333,0.0996975
162.566667,0.101775
162.6,0.10261
162.633333,0.10494
162.666667,0.105963
162.7,0.10892
162.733333,0.111575
162.766667,0.111875
162.8,0.115352
162.833333,0.117492
162.866667,0.119478
162.9,0.122372
162.933333,0.126287
162.966667,0.13006
163,0.132625
163.033333,0.13673
163.066667,0.141728
163.1,0.146625
163.133333,0.15159
163.166667,0.158307
163.2,0.164775
163.233333,0.17505
163.266667,0.182805
163.3,0.198653
163.333333,0.212215
163.366667,0.0052875
163.4,0.0035925
163.433333,0.00326
163.466667,0.00324
163.5,0.00323
163.533333,0.00323
163.566667,0.00323
163.6,0.00323
163.633333,0.00323
163.666667,0.00323
163.7,0.00323
163.733333,0.00323
163.766667,0.00323
163.8,0.00323
163.833333,0.00323
163.866667,0.00323
163.9,0.00323
163.933333,0.00323
163.966667,0.00323
164,0.00323
164.033333,0.00323
164.066667,0.00323
164.1,0.00323
164.133333,0.00323
164.166667,0.00323
164.2,0.00323
164.233333,0.00323
164.266667,0.00323
164.3,0.00323
164.333333,0.00323
164.366667,0.00323
164.4,0.00323
164.433333,0.00323
164.466667,0.00323
164.5,0.00323
164.533333,0.00323
164.566667,0.00323
164.6,0.00323
164.633333,0.00323
164.666667,0.00323
164.7,0.00323
164.733333,0.00323
164.766667,0.00323
164.8,0.00323
164.833333,0.00323
164.866667,0.00323
164.9,0.00323
164.933333,0.00323
164.966667,0.00323
165,35.3063
165.033333,0.072875
165.066667,0.18496
165.1,0.297177
165.133333,0.394842
165.166667,0.480805
165.2,0.554205
165.233333,0.62122
165.266667,0.677327
165.3,0.731418
165.333333,0.77133
165.366667,0.79898
165.4,0.827605
165.433333,0.87611
165.466667,0.89809
165.5,0.918462
165.533333,0.910528
165.566667,0.915183
165.6,0.890055
165.633333,0.86914
165.666667,0.782717
165.7,0.70686
165.733333,0.63782
165.766667,0.57885
165.8,0.51447
165.833333,0.450578
165.866667,0.38577
165.9,0.312132
165.933333,0.230348
165.966667,0.148585
166,0.05229
166.033333,0.0527325
166.066667,0.14779
166.1,0.230272
166.133333,0.312223
166.166667,0.38475
166.2,0.449037
166.233333,0.514607
166.266667,0.578445
166.3,0.639565
166.333333,0.706072
166.366667,0.780743
166.4,0.869772
166.433333,0.889805
166.466667,0.91576
166.5,0.912508
166.533333,0.916107
166.566667,0.89748
166.6,0.876162
166.633333,0.827363
166.666667,0.801013
166.7,0.771905
166.733333,0.729818
166.766667,0.67702
166.8,0.621625
166.833333,0.556355
166.866667,0.481998
166.9,0.395662
166.933333,0.29844
166.966667,0.18686
167,0.0728075
167.033333,0.07275
167.066667,0.186307
167.1,0.298265
167.133333,0.395935
167.166667,0.481805
167.2,0.555068
167.233333,0.621885
167.266667,0.67781
167.3,0.731903
167.333333,0.771707
167.366667,0.798898
167.4,0.82742
167.433333,0.876425
167.466667,0.898288
167.5,0.918552
167.533333,0.91043
167.566667,0.915722
167.6,0.890145
167.633333,0.869348
167.666667,0.782972
167.7,0.706653
167.733333,0.63798
167.766667,0.578705
167.8,0.514578
167.833333,0.45099
167.866667,0.385858
167.9,0.312535
167.933333,0.231128
167.966667,0.148682
168,0.0556575
168.033333,0.051355
168.066667,0.146143
168.1,0.229052
168.133333,0.310897
168.166667,0.383582
168.2,0.448115
168.233333,0.513925
168.266667,0.578178
168.3,0.638805
168.333333,0.705793
168.366667,0.780068
168.4,0.86907
168.433333,0.889288
168.466667,0.9153
168.5,0.911955
168.533333,0.915767
168.566667,0.897275
168.6,0.875745
168.633333,0.826937
168.666667,0.800697
168.7,0.772225
168.733333,0.72967
168.766667,0.677005
168.8,0.621197
168.833333,0.555675
168.866667,0.481705
168.9,0.395108
168.933333,0.297555
168.966667,0.186537
169,0.07261
169.033333,0.072885
169.066667,0.186075
169.1,0.298295
169.133333,0.395332
169.166667,0.48118
169.2,0.554723
169.233333,0.621435
169.266667,0.677087
169.3,0.731797
169.333333,0.771177
169.366667,0.798687
169.4,0.827235
169.433333,0.876165
169.466667,0.897945
169.5,0.91856
169.533333,0.910713
169.566667,0.915127
169.6,0.88984
169.633333,0.869193
169.666667,0.78268
169.7,0.706592
169.733333,0.63788
169.766667,0.578743
169.8,0.514587
169.833333,0.45051
169.866667,0.385518
169.9,0.312475
169.933333,0.230895
169.966667,0.148757
170,0.0520875
170.033333,0.052705
170.066667,0.147797
170.1,0.230648
170.133333,0.31243
170.166667,0.384578
170.2,0.449035
170.233333,0.5144
170.266667,0.578653
170.3,0.639338
170.333333,0.705973
170.366667,0.780438
170.4,0.869215
170.433333,0.890105
170.466667,0.915585
170.5,0.912305
170.533333,0.916453
170.566667,0.897558
170.6,0.876485
170.633333,0.827198
170.666667,0.801157
170.7,0.772338
170.733333,0.72959
170.766667,0.676867
170.8,0.621583
170.833333,0.555805
170.866667,0.48173
170.9,0.395498
170.933333,0.298315
170.966667,0.187117
171,0.07295
171.033333,0.0729375
171.066667,0.186202
171.1,0.298007
171.133333,0.395888
171.166667,0.481225
171.2,0.554955
171.233333,0.621785
171.266667,0.67757
171.3,0.73175
171.333333,0.771218
171.366667,0.79906
171.4,0.827495
171.433333,0.876445
171.466667,0.898563
171.5,0.91856
171.533333,0.910443
171.566667,0.91559
171.6,0.890162
171.633333,0.869313
171.666667,0.782635
171.7,0.706682
171.733333,0.637785
171.766667,0.57845
171.8,0.514038
171.833333,0.450373
171.866667,0.385103
171.9,0.311987
171.933333,0.23037
171.966667,0.148175
172,0.0519475
172.033333,0.0522775
172.066667,0.148127
172.1,0.230543
172.133333,0.312623
172.166667,0.384755
172.2,0.449205
172.233333,0.514895
172.266667,0.5788
172.3,14.8858
172.333333,0.0160475
172.366667,0.0083225
172.4,0.015795
172.433333,0.0156925
172.466667,0.008525
172.5,0.0158075
172.533333,0.015965
172.566667,0.009405
172.6,0.0150525
172.633333,0.0157875
172.666667,0.0159375
172.7,0.01584
172.733333,0.01588
172.766667,0.015945
172.8,0.0159125
172.833333,0.01596
172.866667,0.0160675
172.9,0.016055
172.933333,0.01622
172.966667,0.0162725
173,0.016735
173.033333,0.0223025
173.066667,0.0166125
173.1,0.0211025
173.133333,0.018405
173.166667,0.02171
173.2,0.018605
173.233333,0.0002025
173.266667,0.000115
173.3,0.0001
173.333333,0.0001
173.366667,0.0001
173.4,0.0001
173.433333,0.0001
173.466667,0.0001
173.5,0.0001
173.533333,0.0001
173.566667,0.0001
173.6,0.0001
173.633333,0.0001
173.666667,0.0001
173.7,0.0001
173.733333,0.0001
173.766667,0.0001
173.8,0.0001
173.833333,0.0001
173.866667,0.0001
173.9,0.0001
173.933333,0.0001
173.966667,0.0001
174,0.0001
174.033333,0.0001
174.066667,0.0001
174.1,0.0001
174.133333,0.0001
174.166667,0.0001
174.2,0.0001
174.233333,0.0001
174.266667,0.0001
174.3,0.0001
174.333333,0.0001
174.366667,0.0001
174.4,0.0001
174.433333,0.0001
174.466667,0.0001
174.5,0.0001
174.533333,0.0001
174.566667,0.0001
174.6,0.0001
174.633333,0.0001
174.666667,0.0001
174.7,0.0001
174.733333,0.0001
174.766667,0.0001
174.8,0.0001
174.833333,0.0001
174.866667,0.0001
174.9,0.0001
174.933333,0.0001
174.966667,0.0001
175,0.0001
175.033333,0.0001
175.066667,10.7956
175.1,0
175.133333,0
175.166667,0
175.2,0
175.233333,0
175.266667,0
175.3,0
175.333333,0
175.366667,0
175.4,0
175.433333,0
175.466667,0
175.5,0
175.533333,0
175.566667,0
175.6,0
175.633333,0
175.666667,0
175.7,0
175.733333,0
175.766667,0
175.8,0
175.833333,0
175.866667,0
175.9,0
175.933333,0
175.966667,0
176,2.5
176.033333,0
176.066667,0
176.1,0
176.133333,0
176.166667,0
176.2,0
176.233333,0
176.266667,0
176.3,0
176.333333,0
176.366667,0
176.4,0
176.433333,0
176.466667,0
176.5,0
176.533333,0
176.566667,0
176.6,0.0010975
176.633333,0.0209525
176.666667,0.005415
176.7,7
176.733333,5
176.766667,1
176.8,0
176.833333,0
176.866667,0
176.9,0
176.933333,0
176.966667,0
177,0
177.033333,0
177.066667,0
177.1,0
177.133333,0
177.166667,0
177.2,0
177.233333,0
177.266667,0
177.3,0
177.333333,0
177.366667,0
177.4,0
177.433333,0
177.466667,0
177.5,0
177.533333,0
177.566667,0
177.6,0
177.633333,0
177.666667,0
177.7,0
177.733333,0
177.766667,0
177.8,0
177.833333,0
177.866667,0
177.9,0
177.933333,0
177.966667,0
178,0
178.033333,0
178.066667,0
178.1,0
178.133333,0
178.166667,0
178.2,0
178.233333,0
178.266667,0
178.3,0
178.333333,0
178.366667,0
178.4,0
178.433333,0
178.466667,0
178.5,0
178.533333,0
178.566667,0
178.6,0
178.633333,0
178.666667,0
178.7,0
178.733333,0
178.766667,0
178.8,0
178.833333,0
178.866667,0
178.9,0
178.933333,0
178.966667,0
179,0
179.033333,0
179.066667,0
179.1,0
179.133333,0
179.166667,0
179.2,0
179.233333,0
179.266667,0
179.3,0
179.333333,0
179.366667,0
179.4,0
179.433333,0
179.466667,0
179.5,0
179.533333,0
179.566667,0
179.6,0
179.633333,0
179.666667,0
179.7,0
179.733333,0
179.766667,0
179.8,0
179.833333,0
179.866667,0
179.9,0
179.933333,0
179.966667,0
180,0
180.033333,0
180.066667,0
180.1,0
180.133333,0
180.166667,0
180.2,0
180.233333,0
180.266667,0
180.3,0
180.333333,0
180.366667,0
180.4,0
180.433333,0
180.466667,0
180.5,0
180.533333,0
180.566667,0
180.6,0
180.633333,0
180.666667,0
180.7,0
180.733333,0
180.766667,0
180.8,0
180.833333,0
180.866667,0
180.9,0
180.933333,0
180.966667,0
181,0
181.033333,0
181.066667,0
181.1,0
181.133333,0
181.166667,0
181.2,0
181.233333,0
181.266667,0
181.3,0
181.333333,4.88247
181.366667,0.0004075
181.4,0.000155
181.433333,8.5
181.466667,8.5
181.5,8.5
181.533333,8.5
181.566667,8.5
181.6,8.5
181.633333,8.5
181.666667,8.5
181.7,8.5
181.733333,8.5
181.766667,8.5
181.8,8.5
181.833333,8.5
181.866667,8.5
181.9,8.5
181.933333,8.5
181.966667,8.5
182,8.5
182.033333,8.5
182.066667,8.5
182.1,8.5
182.133333,8.5
182.166667,8.5
182.2,8.5
182.233333,8.5
182.266667,8.5
182.3,8.5
182.333333,8.5
182.366667,8.5
182.4,8.5
182.433333,8.5
182.466667,8.5
182.5,8.5
182.533333,8.5
182.566667,8.5
182.6,8.5
182.633333,8.5
182.666667,8.5
182.7,8.5
182.733333,8.5
182.766667,8.5
182.8,8.5
182.833333,8.5
182.866667,8.5
182.9,8.5
182.933333,8.5
182.966667,8.5
183,8.5
183.033333,8.5
183.066667,8.5
183.1,8.5
183.133333,8.5
183.166667,8.5
183.2,8.5
183.233333,8.5
183.266667,8.5
183.3,8.5
183.333333,8.5
183.366667,8.5
183.4,8.5
183.433333,8.5
183.466667,8.5
183.5,8.5
183.533333,8.5
183.566667,8.5
183.6,8.5
183.633333,8.5
183.666667,8.5
183.7,8.5
183.733333,8.5
183.766667,8.5
183.8,8.5
183.833333,8.5
183.866667,8.5
183.9,8.5
183.933333,8.5
183.966667,8.5
184,0.0018925
184.033333,0.00019
184.066667,6
184.1,3
184.133333,3
184.166667,3
184.2,3
184.233333,3
184.266667,3
184.3,3
184.333333,3
184.366667,3
184.4,3
184.433333,3
184.466667,3
184.5,3
184.533333,3
184.566667,3
184.6,3
184.633333,3
184.666667,3
184.7,3
184.733333,3
184.766667,3
184.8,3
184.833333,3
184.866667,3
184.9,3
184.933333,3
184.966667,3
185,3
185.033333,3
185.066667,3
185.1,3
185.133333,3
185.166667,3
185.2,3
185.233333,3
185.266667,3
185.3,3
185.333333,3
185.366667,3
185.4,3
185.433333,3
185.466667,3
185.5,3
185.533333,3
185.566667,3
185.6,3
185.633333,3
185.666667,3
185.7,3
185.733333,3
185.766667,3
185.8,3
185.833333,3
185.866667,3
185.9,3
185.933333,3
185.966667,3
186,3
186.033333,3
186.066667,3
186.1,3
186.133333,3
186.166667,3
186.2,3
186.233333,3
186.266667,3
186.3,3
186.333333,3
186.366667,3
186.4,3
186.433333,3
186.466667,3
186.5,3
186.533333,3
186.566667,3
186.6,3
186.633333,3
186.666667,3
186.7,3
186.733333,3
186.766667,3
186.8,3
186.833333,3
186.866667,3
186.9,3
186.933333,3
186.966667,3
187,3
187.033333,3
187.066667,3
187.1,3
187.133333,3
187.166667,3
187.2,3
187.233333,3
187.266667,3
187.3,3
187.333333,3
187.366667,3
187.4,3
187.433333,3
187.466667,3
187.5,3
187.533333,3
187.566667,3
187.6,3
187.633333,3
187.666667,3
187.7,3
187.733333,3
187.766667,3
187.8,3
187.833333,3
187.866667,3
187.9,3
187.933333,3
187.966667,3
188,3
188.033333,3
188.066667,3
188.1,3
188.133333,3
188.166667,3
188.2,3
188.233333,3
188.266667,3
188.3,3
188.333333,3
188.366667,3
188.4,3
188.433333,3
188.466667,3
188.5,3
188.533333,3
188.566667,3
188.6,3
188.633333,3
188.666667,3
188.7,3
188.733333,3
188.766667,3
188.8,3
188.833333,3
188.866667,3
188.9,3
188.933333,3
188.966667,3
189,3
189.033333,3
189.066667,3
189.1,3
189.133333,3
189.166667,3
189.2,3
189.233333,3
189.266667,3
189.3,3
189.333333,3
189.366667,3
189.4,3
189.433333,3
189.466667,3
189.5,3
189.533333,3
189.566667,3
189.6,3
189.633333,3
189.666667,3
189.7,3
189.733333,3
189.766667,3
189.8,3
189.833333,3
189.866667,3
189.9,3
189.933333,3
189.966667,3
190,3
190.033333,3
190.066667,3
190.1,3
190.133333,3
190.166667,3
190.2,3
190.233333,3
190.266667,3
190.3,4.8824
190.333333,0.015555
190.366667,0.0286275
190.4,0.016505
190.433333,0.0163875
190.466667,0.0156275
190.5,0.0293725
190.533333,0.0159275
190.566667,0.029015
190.6,0.0165975
190.633333,0.015875
190.666667,0.0295625
190.7,0.0159475
190.733333,0.029875
190.766667,0.0160975
190.8,0.016095
190.833333,0.0295425
190.866667,0.0287575
190.9,0.0167775
190.933333,0.0300425
190.966667,0.0163175
191,0.0296075
191.033333,0.0164725
191.066667,0.0294375
191.1,0.030055
191.133333,0.01621
191.166667,0.0298275
191.2,0.0302325
191.233333,0.0292425
191.266667,0.0296425
191.3,0.0172525
191.333333,0.0301
191.366667,0.03022
191.4,0.0297125
191.433333,0.0304625
191.466667,0.03018
191.5,0.0426725
191.533333,0.0305525
191.566667,0.0304475
191.6,0.0304425
191.633333,0.0434825
191.666667,0.030935
191.7,0.0434025
191.733333,0.0309025
191.766667,0.0436975
191.8,0.0438975
191.833333,0.04443
191.866667,0.0438925
191.9,0.0444525
191.933333,0.044625
191.966667,0.0574025
192,0.058995
192.033333,0.0575325
192.066667,0.0583875
192.1,0.07181
192.133333,0.0850575
192.166667,0.08543
192.2,0.112195
192.233333,0.164882
192.266667,0.0001925
192.3,4.5
192.333333,5
192.366667,5
192.4,5
192.433333,5
192.466667,5
192.5,5
192.533333,5
192.566667,5
192.6,5
192.633333,5
192.666667,5
192.7,5
192.733333,5
192.766667,5
192.8,5
192.833333,5
192.866667,5
192.9,5
192.933333,5
192.966667,5
193,5
193.033333,5
193.066667,5
193.1,5
193.133333,5
193.166667,5
193.2,5
193.233333,5
193.266667,5
193.3,5
193.333333,5
193.366667,5
193.4,5
193.433333,5
193.466667,5
193.5,5
193.533333,5
193.566667,5
193.6,5
193.633333,5
193.666667,5
193.7,5
193.733333,5
193.766667,5
193.8,5
193.833333,5
193.866667,5
193.9,5
193.933333,5
193.966667,5
194,5
194.033333,5
194.066667,5
194.1,5
194.133333,5
194.166667,5
194.2,5
194.233333,5
194.266667,5
194.3,5
194.333333,5
194.366667,5
194.4,5
194.433333,5
194.466667,5
194.5,5
194.533333,5
194.566667,5
194.6,5
194.633333,5
194.666667,5
194.7,5
194.733333,5
194.766667,5
194.8,5
194.833333,5
194.866667,5
194.9,5
194.933333,5
194.966667,5
195,5
195.033333,5
195.066667,5
195.1,5
195.133333,5
195.166667,5
195.2,5
195.233333,5
195.266667,5
195.3,5
195.333333,5
195.366667,5
195.4,5
195.433333,5
195.466667,5
195.5,5
195.533333,5
195.566667,5
195.6,5
195.633333,5
195.666667,5
195.7,5
195.733333,5
195.766667,5
195.8,5
195.833333,5
195.866667,5
195.9,5
195.933333,5
195.966667,5
196,5
196.033333,5
196.066667,5
196.1,5
196.133333,5
196.166667,0.137793
196.2,0.110637
196.233333,0.084605
196.266667,0.0713375
196.3,0.0706375
196.333333,0.0577575
196.366667,0.05747
196.4,0.0444475
196.433333,0.04391
196.466667,0.0569375
196.5,0.04405
196.533333,0.0308325
196.566667,0.04374
196.6,0.0429425
196.633333,0.030985
196.666667,0.043085
196.7,0.030245
196.733333,0.0301025
196.766667,0.0432625
196.8,0.03014
196.833333,0.029705
196.866667,0.0299675
196.9,0.0300275
196.933333,0.029615
196.966667,0.0296725
197,0.0299475
197.033333,0.0167025
197.066667,0.0293125
197.1,0.029955
197.133333,0.02921
197.166667,0.016475
197.2,0.02993
197.233333,0.0291325
197.266667,0.016375
197.3,0.02926
197.333333,0.01643
197.366667,0.02934
197.4,0.016265
197.433333,0.02891
197.466667,0.016035
197.5,0.0294475
197.533333,0.01633
197.566667,0.0291925
197.6,0.0156475
197.633333,0.01592
197.666667,0.029505
197.7,0.0157075
197.733333,0.016095
197.766667,0.0292275
197.8,0.0151925
197.833333,0.01592
197.866667,0.0161075
197.9,0.0292275
197.933333,0.015935
197.966667,0.0156475
198,0.0158225
198.033333,0.0290525
198.066667,0.0157775
198.1,0.0157
198.133333,0.0159325
198.166667,0.0156375
198.2,0.0155875
198.233333,0.029455
198.266667,0.0153025
198.3,0.0161
198.333333,0.015195
198.366667,0.01553
198.4,0
198.433333,0
198.466667,0
198.5,0
198.533333,0
198.566667,0
198.6,0
198.633333,0
198.666667,0
198.7,0
198.733333,0
198.766667,0
198.8,0
198.833333,0
198.866667,0
198.9,0
198.933333,0
198.966667,0
199,0
199.033333,0
199.066667,0
199.1,0
199.133333,0
199.166667,0
199.2,0
199.233333,0
199.266667,0
199.3,0
199.333333,0
199.366667,0
199.4,0
199.433333,0
199.466667,0
199.5,0
199.533333,1.77925
199.566667,0.00046
199.6,0.0001725
199.633333,0.00013
199.666667,0.00013
199.7,0.00013
199.733333,0.00013
199.766667,0.00013
199.8,0.00013
199.833333,0.00013
199.866667,0.00013
199.9,0.00013
199.933333,0.00013
199.966667,0.00013
200,0.00155
200.033333,0.0001825
200.066667,7.5
200.1,5
200.133333,5
200.166667,5
200.2,5
200.233333,5
200.266667,5
200.3,5
200.333333,5
200.366667,5
200.4,5
200.433333,5
200.466667,5
200.5,5
200.533333,5
200.566667,5
200.6,5
200.633333,5
200.666667,5
200.7,5
200.733333,5
200.766667,5
200.8,5
200.833333,5
200.866667,5
200.9,5
200.933333,5
200.966667,5
201,5
201.033333,5
201.066667,5
201.1,5
201.133333,5
201.166667,5
201.2,5
201.233333,5
201.266667,5
201.3,5
201.333333,5
201.366667,5
201.4,5
201.433333,5
201.466667,5
201.5,5
201.533333,5
201.566667,5
201.6,0.0948725
201.633333,0.117227
201.666667,0.117215
201.7,0.0432975
201.733333,0.0366325
201.766667,0.0917925
201.8,0.13339
201.833333,0.075765
201.866667,0.004025
201.9,0.228455
201.933333,0.300262
201.966667,0.242572
202,0.06119
202.033333,0.14667
202.066667,0.281525
202.1,0.298435
202.133333,0.19149
202.166667,0.025305
202.2,0.353475
202.233333,0.394027
202.266667,0.349955
202.3,0.0398825
202.333333,0.157353
202.366667,0.282535
202.4,0.263285
202.433333,0.133105
202.466667,0.0309675
202.5,0.334977
202.533333,0.37952
202.566667,0.347378
202.6,0.03097
202.633333,0.03043
202.666667,0.115585
202.7,0.054235
202.733333,0.0228125
202.766667,0.056555
202.8,0.178175
202.833333,0.248142
202.866667,0.157007
202.9,0.002815
202.933333,0.137327
202.966667,0.180608
203,0.14779
203.033333,0.0425375
203.066667,0.148308
203.1,0.178973
203.133333,0.165247
203.166667,0.04452
203.2,0.10854
203.233333,0.229455
203.266667,0.257085
203.3,0.159747
203.333333,0.00085
203.366667,0.122912
203.4,0.20006
203.433333,0.197265
203.466667,0.106838
203.5,0.0205125
203.533333,0.09594
203.566667,0.119557
203.6,0.0933475
203.633333,0.0035875
203.666667,0.237165
203.7,0.342502
203.733333,0.30406
203.766667,0.126367
203.8,0.0946225
203.833333,0.260443
203.866667,0.274438
203.9,0.212897
203.933333,0.002945
203.966667,0.161912
204,0.181855
204.033333,0.171942
204.066667,0.04577
204.1,0.049705
204.133333,0.09827
204.166667,0.06737
204.2,0.0005475
204.233333,0.0005175
204.266667,0.00051
204.3,0.00051
204.333333,0.00051
204.366667,0.00051
204.4,0.00051
204.433333,0.00051
204.466667,0.00051
204.5,0.00051
204.533333,0.00051
204.566667,0.00051
204.6,0.00051
204.633333,0.00051
204.666667,0.00051
204.7,0.00051
204.733333,0.00051
204.766667,0.00051
204.8,0.00051
204.833333,0.00051
204.866667,0.00051
204.9,0.00051
204.933333,0.00051
204.966667,0.00051
205,0.00051
205.033333,0.00051
205.066667,0.00051
205.1,0.00051
205.133333,0.00051
205.166667,0.00051
205.2,0.00051
205.233333,0.00051
205.266667,0.00051
205.3,0.00051
205.333333,0.00051
205.366667,0.00051
205.4,0.00051
205.433333,0.00051
205.466667,0.00051
205.5,0.00051
205.533333,0.00051
205.566667,0.00051
205.6,0.00051
205.633333,0.00051
205.666667,0.00051
205.7,0.00051
205.733333,0.00051
205.766667,0.00051
205.8,0.00051
205.833333,0.00051
205.866667,0.00051
205.9,0.00051
205.933333,0.00051
205.966667,0.00051
206,0.00051
206.033333,0.00051
206.066667,0.00051
206.1,0.00051
206.133333,0.00051
206.166667,0.00051
206.2,0.00051
206.233333,0.00051
206.266667,0.00051
206.3,0.00051
206.333333,0.00051
206.366667,0.00051
206.4,0.00051
206.433333,0.00051
206.466667,0.00051
206.5,0.00051
206.533333,0.00051
206.566667,0.00051
206.6,0.00051
206.633333,0.00051
206.666667,0.00051
206.7,0.00051
206.733333,0.00051
206.766667,0.00051
206.8,0.00051
206.833333,0.00051
206.866667,0.00051
206.9,0.00051
206.933333,0.00051
206.966667,0.00051
207,0.00051
207.033333,0.00051
207.066667,0.00051
207.1,0.00051
207.133333,0.00051
207.166667,0.00051
207.2,0.00051
207.233333,0.00051
207.266667,0.00051
207.3,0.00051
207.333333,0.00051
207.366667,0.00051
207.4,0.00051
207.433333,0.00051
207.466667,0.00051
207.5,0.00051
207.533333,0.00051
207.566667,0.00051
207.6,0.00051
207.633333,0.00051
207.666667,0.00051
207.7,0.00051
207.733333,0.00051
207.766667,0.00051
207.8,0.00051
207.833333,0.00051
207.866667,0.00051
207.9,0.00051
207.933333,0.00051
207.966667,0.00051
208,0.01441
208.033333,0.0012025
208.066667,0.000315
208.1,0.00023
208.133333,0.00023
208.166667,0.00023
208.2,0.00023
208.233333,0.00023
208.266667,0.00023
208.3,0.00023
208.333333,0.00023
208.366667,0.00023
208.4,0.00023
208.433333,0.00023
208.466667,0.00023
208.5,0.00023
208.533333,0.00023
208.566667,0.00023
208.6,0.00023
208.633333,0.00023
208.666667,0.00023
208.7,0.00023
208.733333,0.00023
208.766667,0.00023
208.8,0.00023
208.833333,0.00023
208.866667,0.00023
208.9,0.00023
208.933333,0.00023
208.966667,0.00023
209,0.00023
209.033333,0.00023
209.066667,0.00023
209.1,0.00023
209.133333,0.00023
209.166667,0.00023
209.2,0.00023
209.233333,0.00023
209.266667,0.00023
209.3,0.00023
209.333333,0.00023
209.366667,0.00023
209.4,0.00023
209.433333,0.00023
209.466667,0.00023
209.5,0.00023
209.533333,0.00023
209.566667,0.00023
209.6,0.00023
209.633333,0.00023
209.666667,0.00023
209.7,0.00023
209.733333,0.00023
209.766667,0.00023
209.8,0.00023
209.833333,0.00023
209.866667,0.00023
209.9,0.00023
209.933333,0.00023
209.966667,0.00023
210,0.00023
210.033333,0.00023
210.066667,0.00023
210.1,0.00023
210.133333,0.00023
210.166667,0.00023
210.2,0.00023
210.233333,0.00023
210.266667,0.00023
210.3,0.00023
210.333333,0.00023
210.366667,0.00023
210.4,0.00023
210.433333,0.00023
210.466667,0.00023
210.5,0.00023
210.533333,0.00023
210.566667,0.00023
210.6,0.00023
210.633333,0.00023
210.666667,0.00023
210.7,0.00023
210.733333,0.00023
210.766667,0.00023
210.8,0.00023
210.833333,0.00023
210.866667,0.00023
210.9,0.00023
210.933333,0.00023
210.966667,0.00023
211,0.00023
211.033333,0.00023
211.066667,0.00023
211.1,0.00023
211.133333,0.00023
211.166667,0.00023
211.2,0.00023
211.233333,0.00023
211.266667,0.00023
211.3,0.00023
211.333333,0.00023
211.366667,0.00023
211.4,0.00023
211.433333,0.00023
211.466667,0.00023
211.5,0.00023
211.533333,0.00023
211.566667,0.00023
211.6,0.00023
211.633333,0.00023
211.666667,0.00023
211.7,0.00023
211.733333,0.00023
211.766667,14.2398
211.8,0.0230375
211.833333,0.03346
211.866667,0.0343475
211.9,0.02361
211.933333,0.033385
211.966667,0.0344525
212,0.0238375
212.033333,0.0335375
212.066667,0.03523
212.1,0.0342425
212.133333,0.0339
212.166667,0.035385
212.2,0.044155
212.233333,0.0343025
212.266667,0.045575
212.3,0.03419
212.333333,0.0457225
212.366667,0.044235
212.4,0.0457925
212.433333,0.0447475
212.466667,0.0562925
212.5,0.05491
212.533333,0.05634
212.566667,0.06704
212.6,0.07272
212.633333,0.07954
212.666667,0.08972
212.7,0.098365
212.733333,0.13033
212.766667,0.202765
212.8,4
212.833333,0
212.866667,0
212.9,0
212.933333,0
212.966667,0
213,0
213.033333,0
213.066667,0
213.1,0
213.133333,0
213.166667,0
213.2,0
213.233333,0
213.266667,0
213.3,0
213.333333,0
213.366667,0
213.4,0
213.433333,0
213.466667,0
213.5,0
213.533333,0
213.566667,0
213.6,0
213.633333,0
213.666667,0
213.7,0
213.733333,0
213.766667,0
213.8,0
213.833333,0
213.866667,0
213.9,0
213.933333,0
213.966667,0
214,0
214.033333,0
214.066667,0
214.1,0
214.133333,0
214.166667,0
214.2,0
214.233333,0
214.266667,0
214.3,0
214.333333,0
214.366667,0
214.4,0
214.433333,0
214.466667,0
214.5,0
214.533333,0
214.566667,0
214.6,0
214.633333,0
214.666667,0
214.7,0
214.733333,0
214.766667,0
214.8,0
214.833333,0
214.866667,0
214.9,0
214.933333,0
214.966667,0
215,0
215.033333,0
215.066667,0
215.1,0
215.133333,0
215.166667,0
215.2,0
215.233333,0
215.266667,0
215.3,0
215.333333,0
215.366667,0
215.4,0
215.433333,0
215.466667,0
215.5,0
215.533333,0
215.566667,0
215.6,0
215.633333,0
215.666667,0
215.7,0
215.733333,0
215.766667,0
215.8,0
215.833333,0
215.866667,0
215.9,0
215.933333,0
215.966667,0
216,0.0001625
216.033333,2.5
216.066667,0
216.1,0
216.133333,0
216.166667,0
216.2,0
216.233333,0
216.266667,0
216.3,0
216.333333,0
216.366667,0
216.4,0
216.433333,0
216.466667,0
216.5,0
216.533333,0
216.566667,0
216.6,0
216.633333,0
216.666667,0
216.7,0
216.733333,0
216.766667,0
216.8,0
216.833333,0
216.866667,0
216.9,0
216.933333,0
216.966667,0
217,0
217.033333,50.1543
217.066667,0.00139
217.1,0.033775
217.133333,0.008075
217.166667,0.06297
217.2,0.00522
217.233333,0.0167725
217.266667,0.011365
217.3,0.01055
217.333333,0.0105175
217.366667,0.0105175
217.4,0.0105175
217.433333,0.0105175
217.466667,0.0105175
217.5,0.0105175
217.533333,0.0105175
217.566667,0.0105175
217.6,0.0105175
217.633333,0.0105175
217.666667,0.0105175
217.7,0.0105175
217.733333,0.0105175
217.766667,0.0105175
217.8,0.0105175
217.833333,0.0105175
217.866667,0.0105175
217.9,0.0105175
217.933333,0.0105175
217.966667,0.0105175
218,0.0105175
218.033333,0.0105175
218.066667,0.0105175
218.1,0.0105175
218.133333,0.0105175
218.166667,0.0105175
218.2,0.0105175
218.233333,0.0105175
218.266667,0.0105175
218.3,0.0105175
218.333333,0.0105175
218.366667,0.0105175
218.4,0.0105175
218.433333,0.0105175
218.466667,0.0105175
218.5,0.0105175
218.533333,0.0105175
218.566667,0.0105175
218.6,0.0105175
218.633333,0.0105175
218.666667,0.0105175
218.7,0.0105175
218.733333,0.0105175
218.766667,0.0105175
218.8,0.0105175
218.833333,0.0105175
218.866667,0.0105175
218.9,0.0105175
218.933333,0.0105175
218.966667,0.0105175
219,0.0105175
219.033333,0.0105175
219.066667,0.0105175
219.1,0.0105175
219.133333,0.0105175
219.166667,0.0105175
219.2,0.0105175
219.233333,0.0105175
219.266667,0.0105175
219.3,0.0105175
219.333333,0.0105175
219.366667,0.0105175
219.4,0.0105175
219.433333,0.0105175
219.466667,0.0105175
219.5,0.0105175
219.533333,0.0105175
219.566667,0.0105175
219.6,0.0105175
219.633333,0.0105175
219.666667,0.0105175
219.7,0.0105175
219.733333,0.0105175
219.766667,0.0105175
219.8,0.0105175
219.833333,0.0105175
219.866667,0.0105175
219.9,0.0105175
219.933333,0.0105175
219.966667,0.0105175
220,0.0105175
220.033333,0.0105175
220.066667,0.0105175
220.1,0.0105175
220.133333,0.0105175
220.166667,0.0105175
220.2,0.0105175
220.233333,0.0105175
220.266667,0.0105175
220.3,0.0105175
220.333333,0.0105175
220.366667,0.0105175
220.4,0.0105175
220.433333,0.0105175
220.466667,0.0105175
220.5,0.0105175
220.533333,0.0105175
220.566667,0.0105175
220.6,0.0105175
220.633333,0.0105175
220.666667,0.0105175
220.7,0.0105175
220.733333,0.0105175
220.766667,0.0105175
220.8,0.0105175
220.833333,0.0105175
220.866667,0.0105175
220.9,0.0105175
220.933333,0.0105175
220.966667,0.0105175
221,0.0105175
221.033333,0.0105175
221.066667,0.0105175
221.1,0.0105175
221.133333,0.0105175
221.166667,0.0105175
221.2,0.0105175
221.233333,0.0105175
221.266667,0.0105175
221.3,0.0105175
221.333333,0.0105175
221.366667,0.0105175
221.4,0.0105175
221.433333,0.0105175
221.466667,0.0105175
221.5,0.0105175
221.533333,0.0105175
221.566667,0.0105175
221.6,0.0105175
221.633333,0.0105175
221.666667,0.0105175
221.7,0.0105175
221.733333,0.0105175
221.766667,0.0105175
221.8,0.0105175
221.833333,0.0105175
221.866667,0.0105175
221.9,0.0105175
221.933333,0.0105175
221.966667,0.0105175
222,0.0105175
222.033333,0.0105175
222.066667,0.0105175
222.1,0.0105175
222.133333,0.0105175
222.166667,0.0105175
222.2,0.0105175
222.233333,0.0105175
222.266667,0.0105175
222.3,0.0105175
222.333333,0.0105175
222.366667,0.0105175
222.4,0.0105175
222.433333,0.0105175
222.466667,0.0105175
222.5,0.0105175
222.533333,0.0105175
222.566667,0.0105175
222.6,0.0105175
222.633333,0.0105175
222.666667,0.0105175
222.7,0.0105175
222.733333,0.0105175
222.766667,0.0105175
222.8,0.0105175
222.833333,0.0105175
222.866667,0.0105175
222.9,0.0105175
222.933333,0.0105175
222.966667,0.0105175
223,0.0105175
223.033333,0.0105175
223.066667,0.0105175
223.1,0.0105175
223.133333,0.0105175
223.166667,0.0105175
223.2,0.0105175
223.233333,0.0105175
223.266667,0.0105175
223.3,0.0105175
223.333333,169.245
223.366667,11.9009
223.4,33.1332
223.433333,50.6674
223.466667,49.844
223.5,0.0071125
223.533333,0.0021575
223.566667,0.00124
223.6,0.001125
223.633333,0.00111
223.666667,0.00111
223.7,0.00111
223.733333,0.00111
223.766667,0.00111
223.8,0.00111
223.833333,0.00111
223.866667,0.00111
223.9,0.00111
223.933333,0.00111
223.966667,0.00111
224,0.03342
224.033333,0.001435
224.066667,0.0004425
224.1,0.0003825
224.133333,0.00036
224.166667,0.00036
224.2,0.00036
224.233333,0.00036
224.266667,0.00036
224.3,0.00036
224.333333,0.00036
224.366667,0.00036
224.4,0.00036
224.433333,0.00036
224.466667,0.00036
224.5,0.00036
224.533333,0.00036
224.566667,0.00036
224.6,0.00036
224.633333,0.00036
224.666667,0.00036
224.7,0.00036
224.733333,0.00036
224.766667,0.00036
224.8,0.00036
224.833333,0.00036
224.866667,0.00036
224.9,0.00036
224.933333,0.00036
224.966667,0.00036
225,144.555
225.033333,0.0033575
225.066667,0.00086
225.1,0.0004675
225.133333,0.000425
225.166667,0.000425
225.2,0.000425
225.233333,0.000425
225.266667,0.000425
225.3,0.000425
225.333333,0.000425
225.366667,0.000425
225.4,0.000425
225.433333,0.000425
225.466667,0.000425
225.5,0.000425
225.533333,0.000425
225.566667,0.000425
225.6,0.000425
225.633333,0.000425
225.666667,0.000425
225.7,0.000425
225.733333,0.000425
225.766667,0.000425
225.8,0.000425
225.833333,0.000425
225.866667,0.000425
225.9,0.000425
225.933333,0.000425
225.966667,0.000425
226,0.000425
226.033333,0.000425
226.066667,0.000425
226.1,0.000425
226.133333,0.000425
226.166667,0.000425
226.2,0.000425
226.233333,0.000425
226.266667,0.000425
226.3,0.000425
226.333333,0.000425
226.366667,0.000425
226.4,0.000425
226.433333,0.000425
226.466667,0.000425
226.5,0.000425
226.533333,0.000425
226.566667,0.000425
226.6,0.000425
226.633333,0.000425
226.666667,0.000425
226.7,0.000425
226.733333,0.000425
226.766667,0.000425
226.8,0.000425
226.833333,0.000425
226.866667,0.000425
226.9,0.000425
226.933333,0.000425
226.966667,0.000425
227,0.000425
227.033333,0.000425
227.066667,0.000425
227.1,0.000425
227.133333,0.000425
227.166667,0.000425
227.2,0.000425
227.233333,0.000425
227.266667,0.000425
227.3,0.000425
227.333333,0.000425
227.366667,0.000425
227.4,0.000425
227.433333,0.000425
227.466667,0.000425
227.5,0.000425
227.533333,0.000425
227.566667,0.000425
227.6,0.000425
227.633333,0.000425
227.666667,0.000425
227.7,0.000425
227.733333,0.000425
227.766667,0.000425
227.8,0.000425
227.833333,0.000425
227.866667,0.000425
227.9,0.000425
227.933333,0.000425
227.966667,0.000425
228,0.000425
228.033333,0.000425
228.066667,0.000425
228.1,0.000425
228.133333,0.000425
228.166667,0.000425
228.2,0.000425
228.233333,0.000425
228.266667,0.000425
228.3,0.000425
228.333333,0.000425
228.366667,0.000425
228.4,0.000425
228.433333,0.000425
228.466667,0.000425
228.5,0.000425
228.533333,0.000425
228.566667,0.000425
228.6,0.000425
228.633333,0.000425
228.666667,0.000425
228.7,0.000425
228.733333,0.000425
228.766667,0.000425
228.8,0.000425
228.833333,0.000425
228.866667,0.000425
228.9,0.000425
228.933333,0.000425
228.966667,0.000425
229,0.000425
229.033333,0.000425
229.066667,0.000425
229.1,0.000425
229.133333,0.000425
229.166667,0.000425
229.2,0.000425
229.233333,0.000425
229.266667,0.000425
229.3,0.000425
229.333333,0.000425
229.366667,0.000425
229.4,0.000425
229.433333,0.000425
229.466667,0.000425
229.5,0.000425
229.533333,0.000425
229.566667,0.000425
229.6,0.000425
229.633333,0.000425
229.666667,0.000425
229.7,0.000425
229.733333,0.000425
229.766667,0.000425
229.8,0.000425
229.833333,0.000425
229.866667,0.000425
229.9,0.000425
229.933333,0.000425
229.966667,0.000425
230,0.000425
230.033333,0.000425
230.066667,0.000425
230.1,0.000425
230.133333,0.000425
230.166667,0.000425
230.2,0.000425
230.233333,0.000425
230.266667,0.000425
230.3,0.000425
230.333333,0.000425
230.366667,0.000425
230.4,0.000425
230.433333,0.000425
230.466667,0.000425
230.5,0.000425
230.533333,0.000425
230.566667,0.000425
230.6,0.000425
230.633333,0.000425
230.666667,0.000425
230.7,0.000425
230.733333,0.000425
230.766667,0.000425
230.8,0.000425
230.833333,0.000425
230.866667,0.000425
230.9,0.000425
230.933333,0.000425
230.966667,0.000425
231,0.000425
231.033333,0.000425
231.066667,0.000425
231.1,0.000425
231.133333,0.000425
231.166667,0.000425
231.2,0.000425
231.233333,0.000425
231.266667,0.000425
231.3,0.000425
231.333333,0.000425
231.366667,0.000425
231.4,0.000425
231.433333,0.000425
231.466667,0.000425
231.5,0.000425
231.533333,0.000425
231.566667,0.000425
231.6,0.000425
231.633333,0.000425
231.666667,0.000425
231.7,0.000425
231.733333,0.000425
231.766667,0.000425
231.8,0.000425
231.833333,0.000425
231.866667,0.000425
231.9,0.000425
231.933333,0.000425
231.966667,0.000425
232,0.0123525
232.033333,0.0008725
232.066667,0.0002075
232.1,0.000165
232.133333,0.00016
232.166667,0.00016
232.2,0.00016
232.233333,0.00016
232.266667,0.00016
232.3,0.00016
232.333333,0.00016
232.366667,0.00016
232.4,0.00016
232.433333,0.00016
232.466667,0.00016
232.5,0.00016
232.533333,0.00016
232.566667,0.00016
232.6,0.00016
232.633333,0.00016
232.666667,0.00016
232.7,0.00016
232.733333,0.00016
232.766667,0.00016
232.8,0.00016
232.833333,0.00016
232.866667,0.00016
232.9,0.00016
232.933333,0.00016
232.966667,0.00016
233,0.00016
233.033333,0.00016
233.066667,0.00016
233.1,0.00016
233.133333,0.00016
233.166667,0.00016
233.2,0.00016
233.233333,0.00016
233.266667,0.00016
233.3,0.00016
233.333333,0.00016
233.366667,0.00016
233.4,0.00016
233.433333,0.00016
233.466667,0.00016
233.5,0.00016
233.533333,0.00016
233.566667,0.00016
233.6,0.00016
233.633333,0.00016
233.666667,0.00016
233.7,0.00016
233.733333,0.00016
233.766667,0.00016
233.8,0.00016
233.833333,0.00016
233.866667,0.00016
233.9,0.00016
233.933333,0.00016
233.966667,0.00016
234,0.00016
234.033333,0.00016
234.066667,0.00016
234.1,0.00016
234.133333,0.00016
234.166667,0.00016
234.2,0.00016
234.233333,0.00016
234.266667,0.00016
234.3,0.00016
234.333333,0.00016
234.366667,0.00016
234.4,0.00016
234.433333,0.00016
234.466667,0.00016
234.5,0.00016
234.533333,0.00016
234.566667,0.00016
234.6,0.00016
234.633333,0.00016
234.666667,0.00016
234.7,0.00016
234.733333,0.00016
234.766667,0.00016
234.8,0.00016
234.833333,0.00016
234.866667,0.00016
234.9,0.00016
234.933333,0.00016
234.966667,0.00016
235,0.00016
235.033333,0.00016
235.066667,0.00016
235.1,0.00016
235.133333,0.00016
235.166667,0.00016
235.2,0.00016
235.233333,0.00016
235.266667,0.00016
235.3,0.00016
235.333333,0.00016
235.366667,0.00016
235.4,0.00016
235.433333,0.00016
235.466667,0.00016
235.5,0.00016
235.533333,0.00016
235.566667,0.00016
235.6,0.00016
235.633333,0.00016
235.666667,0.00016
235.7,0.00016
235.733333,0.00016
235.766667,0.00016
235.8,0.00016
235.833333,0.00016
235.866667,0.00016
235.9,0.00016
235.933333,0.00016
235.966667,0.00016
236,0.00016
236.033333,0.00016
236.066667,0.00016
236.1,0.00016
236.133333,0.00016
236.166667,0.00016
236.2,0.00016
236.233333,0.00016
236.266667,0.00016
236.3,0.00016
236.333333,0.00016
236.366667,0.00016
236.4,0.00016
236.433333,0.00016
236.466667,0.00016
236.5,0.00016
236.533333,0.00016
236.566667,0.00016
236.6,0.00016
236.633333,0.00016
236.666667,0.00016
236.7,0.00016
236.733333,0.00016
236.766667,0.00016
236.8,0.00016
236.833333,0.00016
236.866667,0.00016
236.9,0.00016
236.933333,0.00016
236.966667,0.00016
237,0.00016
237.033333,0.00016
237.066667,0.00016
237.1,0.00016
237.133333,0.00016
237.166667,0.00016
237.2,0.00016
237.233333,0.00016
237.266667,0.00016
237.3,0.00016
237.333333,0.00016
237.366667,0.00016
237.4,0.00016
237.433333,0.00016
237.466667,0.00016
237.5,0.00016
237.533333,0.00016
237.566667,0.00016
237.6,0.00016
237.633333,0.00016
237.666667,0.00016
237.7,0.00016
237.733333,0.00016
237.766667,0.00016
237.8,0.00016
237.833333,0.00016
237.866667,0.00016
237.9,0.00016
237.933333,0.00016
237.966667,0.00016
238,0.00016
238.033333,0.00016
238.066667,0.00016
238.1,0.00016
238.133333,0.00016
238.166667,0.00016
238.2,0.00016
238.233333,0.00016
238.266667,0.00016
238.3,0.00016
238.333333,0.00016
238.366667,0.00016
238.4,0.00016
238.433333,0.00016
238.466667,0.00016
238.5,0.00016
238.533333,0.00016
238.566667,0.00016
238.6,0.00016
238.633333,0.00016
238.666667,0.00016
238.7,0.00016
238.733333,0.00016
238.766667,0.00016
238.8,0.00016
238.833333,0.00016
238.866667,0.00016
238.9,0.00016
238.933333,0.00016
238.966667,0.00016
239,0.00016
239.033333,0.00016
239.066667,0.00016
239.1,0.00016
239.133333,0.00016
239.166667,0.00016
239.2,0.0597725
239.233333,0.0854275
239.266667,0.134167
239.3,0.0948625
239.333333,0.0875
239.366667,0.02807
239.4,0.0019975
239.433333,0.0667
239.466667,0.151957
239.5,0.169917
239.533333,0.163233
239.566667,0.15943
239.6,0.06398
239.633333,0.0020975
239.666667,0.0486325
239.7,0.184195
239.733333,0.204962
239.766667,0.19393
239.8,0.189837
239.833333,0.115435
239.866667,0.0034325
239.9,0.0126025
239.933333,0.10177
239.966667,0.108747
240,0.1225
240.033333,0.103938
240.066667,0.0865725
240.1,0.0034825
240.133333,0.00358
240.166667,0.0538825
240.2,0.0626275
240.233333,0.107345
240.266667,0.059175
240.3,0.0593725
240.333333,0.0059675
240.366667,0.0037575
240.4,0.160387
240.433333,0.210365
240.466667,0.242633
240.5,0.229302
240.533333,0.214995
240.566667,0.0376425
240.6,0.0030125
240.633333,0.085545
240.666667,0.17831
240.7,0.163898
240.733333,0.172492
240.766667,0.187975
240.8,0.04394
240.833333,0.00155
240.866667,0.01121
240.9,0.02496
240.933333,0.05034
240.966667,0.04494
241,0.02493
241.033333,0.0139225
241.066667,0.0010325
241.1,0.0066075
241.133333,0.0228375
241.166667,0.0338825
241.2,0.07695
241.233333,0.02292
241.266667,0.0184325
241.3,1.11783
241.333333,0.0004075
241.366667,0.000365
241.4,0.000345
241.433333,0.000345
241.466667,0.000345
241.5,0.000345
241.533333,0.000345
241.566667,0.000345
241.6,0.000345
241.633333,0.000345
241.666667,0.000345
241.7,0.000345
241.733333,0.000345
241.766667,0.000345
241.8,0.000345
241.833333,0.000345
241.866667,0.000345
241.9,0.000345
241.933333,0.000345
241.966667,0.000345
242,0.000345
242.033333,0.000345
242.066667,0.000345
242.1,0.000345
242.133333,0.000345
242.166667,0.000345
242.2,0.000345
242.233333,0.000345
242.266667,0.000345
242.3,0.000345
242.333333,0.000345
242.366667,0.000345
242.4,0.000345
242.433333,0.000345
242.466667,0.000345
242.5,0.000345
242.533333,0.000345
242.566667,0.000345
242.6,0.000345
242.633333,0.000345
242.666667,0.000345
242.7,0.000345
242.733333,0.000345
242.766667,0.000345
242.8,0.000345
242.833333,0.000345
242.866667,0.000345
242.9,0.000345
242.933333,0.000345
242.966667,0.000345
243,0.000345
243.033333,0.000345
243.066667,0.000345
243.1,0.000345
243.133333,0.000345
243.166667,0.000345
243.2,0.000345
243.233333,0.000345
243.266667,0.000345
243.3,0.000345
243.333333,0.000345
243.366667,0.000345
243.4,0.000345
243.433333,0.000345
243.466667,0.000345
243.5,0.000345
243.533333,0.000345
243.566667,0.000345
243.6,0.000345
243.633333,0.000345
243.666667,0.000345
243.7,0.000345
243.733333,0.000345
243.766667,0.000345
243.8,0.000345
243.833333,0.000345
243.866667,0.000345
243.9,0.000345
243.933333,0.000345
243.966667,0.000345
244,0.000345
244.033333,0.000345
244.066667,0.000345
244.1,0.000345
244.133333,0.000345
244.166667,0.000345
244.2,0.000345
244.233333,0.000345
244.266667,0.000345
244.3,0.000345
244.333333,0.000345
244.366667,0.000345
244.4,0.000345
244.433333,0.000345
244.466667,0.000345
244.5,0.000345
244.533333,0.000345
244.566667,0.000345
244.6,0.000345
244.633333,0.000345
244.666667,0.000345
244.7,0.000345
244.733333,0.000345
244.766667,0.000345
244.8,0.000345
244.833333,0.000345
244.866667,0.000345
244.9,0.000345
244.933333,0.000345
244.966667,0.000345
245,0.000345
245.033333,0.000345
245.066667,0.000345
245.1,0.000345
245.133333,0.000345
245.166667,0.000345
245.2,0.000345
245.233333,0.000345
245.266667,0.000345
245.3,0.0007025
245.333333,0.0068025
245.366667,0.009725
245.4,0.011565
245.433333,0.0144525
245.466667,0.0141925
245.5,0.01541
245.533333,0.018495
245.566667,0.0174275
245.6,0.016605
245.633333,0.01691
245.666667,0.0186625
245.7,0.0160575
245.733333,0.0154125
245.766667,0.0166925
245.8,0.0142875
245.833333,0.01382
245.866667,0.01492
245.9,0.012715
245.933333,0.0120825
245.966667,0.012825
246,0.0110175
246.033333,0.01042
246.066667,0.011025
246.1,0.0093225
246.133333,0.008525
246.166667,0.00672
246.2,0.00103
246.233333,0.000415
246.266667,0.000405
246.3,0.000405
246.333333,0.000405
246.366667,0.000405
246.4,0.000405
246.433333,0.000405
246.466667,0.000405
246.5,0.000405
246.533333,0.000405
246.566667,0.000405
246.6,0.000405
246.633333,0.000405
246.666667,0.000405
246.7,0.000405
246.733333,0.000405
246.766667,0.000405
246.8,0.000405
246.833333,0.000405
246.866667,0.000405
246.9,0.000405
246.933333,0.000405
246.966667,0.000405
247,0.000405
247.033333,0.000405
247.066667,0.000405
247.1,0.000405
247.133333,0.000405
247.166667,0.000405
247.2,0.000405
247.233333,0.000405
247.266667,0.000405
247.3,0.000405
247.333333,0.000405
247.366667,0.000405
247.4,0.000405
247.433333,0.000405
247.466667,0.000405
247.5,0.000405
247.533333,0.000405
247.566667,0.000405
247.6,0.000405
247.633333,0.000405
247.666667,0.000405
247.7,0.000405
247.733333,0.000405
247.766667,0.000405
247.8,0.000405
247.833333,0.000405
247.866667,0.000405
247.9,0.000405
247.933333,0.000405
247.966667,0.000405
248,0.008675
248.033333,0.0015625
248.066667,0.00041
248.1,0.00027
248.133333,0.00025
248.166667,0.00025
248.2,0.00025
248.233333,0.00025
248.266667,0.00025
248.3,0.00025
248.333333,0.00025
248.366667,0.00025
248.4,0.00025
248.433333,1.45056
248.466667,0.00098
248.5,0.002
248.533333,0.0086525
248.566667,0.032075
248.6,0.0439125
248.633333,0.041395
248.666667,0.0419825
248.7,0.04407
248.733333,0.0384325
248.766667,0.04494
248.8,0.055035
248.833333,0.0457725
248.866667,0.0425725
248.9,0.044505
248.933333,0.0379975
248.966667,0.0398925
249,0.0436625
249.033333,0.04245
249.066667,0.0098
249.1,0.0010475
249.133333,0.0005475
249.166667,0.0007125
249.2,0.00105
249.233333,0.0016025
249.266667,0.0054175
249.3,0.025755
249.333333,0.034595
249.366667,0.0319925
249.4,0.03295
249.433333,0.0337475
249.466667,0.0345625
249.5,0.038145
249.533333,0.0391825
249.566667,0.03547
249.6,0.033275
249.633333,0.0339525
249.666667,0.0344925
249.7,0.036805
249.733333,0.03293
249.766667,0.0371
249.8,0.011855
249.833333,0.0018275
249.866667,0.030555
249.9,0.03851
249.933333,0.0395775
249.966667,0.0300225
250,0.0373475
250.033333,0.04064
250.066667,0.030285
250.1,0.03877
250.133333,0.04055
250.166667,0.0391175
250.2,0.039585
250.233333,0.04163
250.266667,0.04801
250.3,0.0409775
250.333333,0.051255
250.366667,0.0415075
250.4,0.05159
250.433333,0.0512725
250.466667,0.0536725
250.5,0.0534875
250.533333,0.0624525
250.566667,0.0632475
250.6,0.06549
250.633333,0.076725
250.666667,0.0753925
250.7,0.0889375
250.733333,0.101042
250.766667,0.112153
250.8,0.14902
250.833333,0.233027
250.866667,0.000435
250.9,0.000315
250.933333,0.00029
250.966667,0.00029
251,0.00029
251.033333,0.00029
251.066667,0.00029
251.1,0.00029
251.133333,0.00029
251.166667,0.00029
251.2,0.00029
251.233333,0.00029
251.266667,0.00029
251.3,0.00029
251.333333,0.00029
251.366667,0.00029
251.4,0.00029
251.433333,0.00029
251.466667,0.00029
251.5,0.00029
251.533333,0.00029
251.566667,0.00029
251.6,0.00029
251.633333,0.00029
251.666667,0.00029
251.7,0.00029
251.733333,0.00029
251.766667,0.00029
251.8,0.00029
251.833333,0.00029
251.866667,0.00029
251.9,0.00029
251.933333,0.00029
251.966667,0.00029
252,0.00029
252.033333,0.00029
252.066667,0.00029
252.1,0.00029
252.133333,0.00029
252.166667,0.00029
252.2,0.00029
252.233333,0.00029
252.266667,0.00029
252.3,0.00029
252.333333,0.00029
252.366667,0.00029
252.4,0.00029
252.433333,0.00029
252.466667,0.15815
252.5,0.0995575
252.533333,0.0866475
252.566667,0.0748175
252.6,0.0717
252.633333,0.054075
252.666667,0.0600425
252.7,0.0510225
252.733333,0.0418575
252.766667,0.050355
252.8,0.039325
252.833333,0.038935
252.866667,0.0474575
252.9,0.0303275
252.933333,0.03864
252.966667,0.0381775
253,0.0351975
253.033333,0.029485
253.066667,0.0366025
253.1,0.028985
253.133333,0.02716
253.166667,0.0363625
253.2,0.0282925
253.233333,0.025405
253.266667,0.02691
253.3,0.02687
253.333333,0.02685
253.366667,0.0266525
253.4,0.02686
253.433333,0.0247075
253.466667,0.026565
253.5,0.026355
253.533333,0.0254425
253.566667,0.025745
253.6,0.0160575
253.633333,0.026345
253.666667,0.02458
253.7,0.025605
253.733333,0.015995
253.766667,0.02504
253.8,0.025225
253.833333,0.017275
253.866667,0.0231475
253.9,0.017315
253.933333,0.02452
253.966667,0.01727
254,0.0228325
254.033333,0.0175575
254.066667,0.024465
254.1,0.0171375
254.133333,0.0231275
254.166667,2.57411
254.2,0.0702875
254.233333,0.31682
254.266667,0.268615
254.3,0.013905
254.333333,0.222612
254.366667,0.245795
254.4,0.058155
254.433333,0.123802
254.466667,0.189335
254.5,0.0790025
254.533333,0.0841675
254.566667,0.172432
254.6,0.10793
254.633333,0.04565
254.666667,0.151493
254.7,0.125642
254.733333,0.00533
254.766667,0.0553525
254.8,0.024985
254.833333,0.0006675
254.866667,0.0006475
254.9,0.00062
254.933333,0.00062
254.966667,0.00062
255,0.00062
255.033333,0.00062
255.066667,0.00062
255.1,0.00062
255.133333,0.00062
255.166667,0.00062
255.2,0.00062
255.233333,0.00062
255.266667,0.00062
255.3,0.00062
255.333333,0.00062
255.366667,0.00062
255.4,0.00062
255.433333,0.00062
255.466667,0.00062
255.5,0.00062
255.533333,0.00062
255.566667,0.00062
255.6,0.00062
255.633333,0.00062
255.666667,0.00062
255.7,0.00062
255.733333,0.00062
255.766667,0.00062
255.8,0.00062
255.833333,0.00062
255.866667,0.00062
255.9,0.00062
255.933333,0.00062
255.966667,0.00062
256,0.01329
256.033333,0.002175
256.066667,0.00048
256.1,0.00035
256.133333,0.00033
256.166667,0.00033
256.2,0.00033
256.233333,0.00033
256.266667,0.00033
256.3,0.00033
256.333333,0.00033
256.366667,0.00033
256.4,0.00033
256.433333,0.00033
256.466667,0.00033
256.5,0.00033
256.533333,0.00033
256.566667,0.00033
256.6,0.00033
256.633333,0.00033
256.666667,0.00033
256.7,0.00033
256.733333,0.00033
256.766667,0.00033
256.8,0.00033
256.833333,0.00033
256.866667,0.00033
256.9,0.00033
256.933333,0.00033
256.966667,0.00033
257,0.00033
257.033333,0.00033
257.066667,0.00033
257.1,0.00033
257.133333,0.00033
257.166667,0.00033
257.2,0.00033
257.233333,0.00033
257.266667,0.00033
257.3,14.3871
257.333333,0
257.366667,0
257.4,0
257.433333,0
257.466667,0
257.5,0
257.533333,0
257.566667,0
257.6,0
257.633333,0
257.666667,0
257.7,0
257.733333,0
257.766667,0
257.8,0
257.833333,0
257.866667,0
257.9,0
257.933333,0
257.966667,0
258,0
258.033333,0
258.066667,0
258.1,0
258.133333,0
258.166667,0
258.2,0
258.233333,0
258.266667,0
258.3,0
258.333333,0
258.366667,0
258.4,0
258.433333,0
258.466667,0
258.5,0
258.533333,0
258.566667,0
258.6,0
258.633333,0
258.666667,0
258.7,0
258.733333,0
258.766667,0
258.8,0
258.833333,0
258.866667,0
258.9,0
258.933333,0
258.966667,0
259,0
259.033333,0
259.066667,0
259.1,0
259.133333,0
259.166667,0
259.2,0
259.233333,0
259.266667,0
259.3,0
259.333333,0
259.366667,0
259.4,0
259.433333,0
259.466667,0.036325
259.5,0.0770325
259.533333,0.447475
259.566667,0.464923
259.6,0.347818
259.633333,0.0320425
259.666667,0.510585
259.7,0.534525
259.733333,0.451753
259.766667,0.0063975
259.8,0.472755
259.833333,0.507038
259.866667,0.49216
259.9,0.008935
259.933333,0.34955
259.966667,0.433555
260,0.420675
260.033333,0.03716
260.066667,0.24784
260.1,0.340128
260.133333,0.328575
260.166667,0.0730675
260.2,0.132068
260.233333,0.20368
260.266667,0.203013
260.3,0.06617
260.333333,0.00875
260.366667,0.05579
260.4,0.0217325
260.433333,0.008205
260.466667,0.0003875
260.5,0.000345
260.533333,0.000345
260.566667,0.000345
260.6,0.000345
260.633333,0.000345
260.666667,0.000345
260.7,0.000345
260.733333,0.000345
260.766667,0.000345
260.8,0.000345
260.833333,0.000345
260.866667,0.000345
260.9,0.000345
260.933333,0.000345
260.966667,0.000345
261,0.000345
261.033333,0.000345
261.066667,0.000345
261.1,0.000345
261.133333,0.000345
261.166667,0.000345
261.2,0.000345
261.233333,0.000345
261.266667,0.000345
261.3,0.000345
261.333333,0.000345
261.366667,0.000345
261.4,0.000345
261.433333,0.000345
261.466667,0.000345
261.5,0.000345
261.533333,0.000345
261.566667,0.000345
261.6,0.000345
261.633333,0.000345
261.666667,0.000345
261.7,0.000345
261.733333,0.000345
261.766667,0.000345
261.8,0.000345
261.833333,0.000345
261.866667,0.000345
261.9,0.000345
261.933333,0.000345
261.966667,0.000345
262,0.000345
262.033333,0.000345
262.066667,0.000345
262.1,0.000345
262.133333,0.000345
262.166667,0.000345
262.2,0.000345
262.233333,0.000345
262.266667,0.000345
262.3,0.000345
262.333333,0.000345
262.366667,0.000345
262.4,0.000345
262.433333,0.000345
262.466667,0.000345
262.5,0.000345
262.533333,0.000345
262.566667,0.000345
262.6,0.000345
262.633333,0.000345
262.666667,0.000345
262.7,0.000345
262.733333,0.000345
262.766667,0.000345
262.8,0.000345
262.833333,0.000345
262.866667,0.000345
262.9,0.000345
262.933333,0.000345
262.966667,0.000345
263,0.000345
263.033333,0.000345
263.066667,0.000345
263.1,0.000345
263.133333,0.000345
263.166667,0.000345
263.2,0.000345
263.233333,0.000345
263.266667,0.000345
263.3,0.000345
263.333333,0.000345
263.366667,0.000345
263.4,0.000345
263.433333,0.000345
263.466667,0.000345
263.5,0.000345
263.533333,0.0012725
263.566667,0.000755
263.6,0.0007975
263.633333,0.0007575
263.666667,0.000745
263.7,0.0095175
263.733333,0.016905
263.766667,0.0170025
263.8,0.0170625
263.833333,0.017215
263.866667,0.027315
263.9,0.0499525
263.933333,0.0168175
263.966667,0.0167525
264,0.025285
264.033333,0.01741
264.066667,0.017295
264.1,0.0045025
264.133333,0.00042
264.166667,0.0004275
264.2,0.0005525
264.233333,0.0036425
264.266667,0.0241775
264.3,0.0241775
264.333333,0.0221825
264.366667,0.0232175
264.4,0.0253075
264.433333,0.06784
264.466667,0.0285275
264.5,0.024795
264.533333,0.02499
264.566667,0.0248975
264.6,0.02481
264.633333,0.016255
264.666667,0.0011725
264.7,0.0007025
264.733333,0.0006425
264.766667,0.0008125
264.8,0.02547
264.833333,0.042725
264.866667,0.0426975
264.9,0.042805
264.933333,0.0430225
264.966667,0.050515
265,0.06109
265.033333,0.04359
265.066667,0.04359
265.1,0.0406575
265.133333,0.04166
265.166667,0.0432125
265.2,0.0086375
265.233333,0.000745
265.266667,0.000805
265.3,0.0009175
265.333333,0.0093875
265.366667,0.057225
265.4,0.0573375
265.433333,0.05732
265.466667,0.05731
265.5,0.05375
265.533333,0.0954975
265.566667,0.0580925
265.6,0.056955
265.633333,0.0574475
265.666667,0.05763
265.7,0.0578175
265.733333,0.035915
265.766667,0.00164
265.8,0.000925
265.833333,0.0009425
265.866667,0.00092
265.9,0.042245
265.933333,0.0430425
265.966667,0.0423075
266,0.0431625
266.033333,0.0425725
266.066667,0.0442875
266.1,0.04279
266.133333,0.05486
266.166667,0.0445925
266.2,0.0544575
266.233333,0.05584
266.266667,0.0542825
266.3,0.05561
266.333333,0.05764
266.366667,0.0571275
266.4,0.0674325
266.433333,0.068615
266.466667,0.0698625
266.5,0.080305
266.533333,0.08124
266.566667,0.084225
266.6,0.095745
266.633333,0.117273
266.666667,0.13264
266.7,0.170288
266.733333,0.27069
266.766667,0.00059
266.8,0.00043
266.833333,0.0004
266.866667,0.0004
266.9,0.0004
266.933333,0.0004
266.966667,0.0004
267,0.0004
267.033333,0.0004
267.066667,0.0004
267.1,0.0004
267.133333,0.0004
267.166667,0.0004
267.2,2.67997
267.233333,0.001025
267.266667,0.0005675
267.3,0.000495
267.333333,0.00049
267.366667,0.00049
267.4,0.00049
267.433333,0.00049
267.466667,0.00049
267.5,0.00049
267.533333,0.00049
267.566667,0.00049
267.6,0.00049
267.633333,0.00049
267.666667,0.00049
267.7,0.00049
267.733333,0.00049
267.766667,0.00049
267.8,0.00049
267.833333,0.00049
267.866667,0.00049
267.9,0.00049
267.933333,0.00049
267.966667,0.00049
268,0.00049
268.033333,0.00049
268.066667,0.00049
268.1,0.00049
268.133333,0.00049
268.166667,0.00049
268.2,0.00049
268.233333,0.00049
268.266667,0.00049
268.3,0.00049
268.333333,0.00049
268.366667,0.00049
268.4,0.00049
268.433333,0.00049
268.466667,0.00049
268.5,0.00049
268.533333,0.00049
268.566667,0.00049
268.6,0.00049
268.633333,0.00049
268.666667,0.00049
268.7,0.00049
268.733333,0.00049
268.766667,0.00049
268.8,0.00049
268.833333,0.00049
268.866667,0.00049
268.9,0.00049
268.933333,0.00049
268.966667,0.00049
269,0.00049
269.033333,0.00049
269.066667,0.00049
269.1,0.00049
269.133333,0.00049
269.166667,0.00049
269.2,0.00049
269.233333,0.00049
269.266667,0.00049
269.3,0.00049
269.333333,0.00049
269.366667,0.00049
269.4,0.00049
269.433333,5.6905
269.466667,0.001515
269.5,0.0006175
269.533333,0.0005525
269.566667,0.0005275
269.6,0.00052
269.633333,0.00052
269.666667,0.00052
269.7,0.00052
269.733333,0.00052
269.766667,0.00052
269.8,0.00052
269.833333,0.00052
269.866667,0.00052
269.9,0.00052
269.933333,0.00052
269.966667,0.00052
270,0.00052
270.033333,0.00052
270.066667,0.00052
270.1,0.00052
270.133333,0.00052
270.166667,0.00052
270.2,0.00052
270.233333,0.00052
270.266667,0.00052
270.3,0.00052
270.333333,0.00052
270.366667,0.00052
270.4,0.00052
270.433333,0.00052
270.466667,0.00052
270.5,0.00052
270.533333,0.00052
270.566667,0.00052
270.6,0.00052
270.633333,0.00052
270.666667,0.00052
270.7,0.00052
270.733333,0.00052
270.766667,0.00052
270.8,0.00052
270.833333,0.00052
270.866667,0.00052
270.9,0.00052
270.933333,0.00052
270.966667,0.00052
271,0.00052
271.033333,0.00052
271.066667,0.00052
271.1,0.00052
271.133333,0.00052
271.166667,0.00052
271.2,0.00052
271.233333,0.00052
271.266667,0.00052
271.3,0.00052
271.333333,0.00052
271.366667,0.00052
271.4,0.00052
271.433333,0.00052
271.466667,0.00052
271.5,0.00052
271.533333,0.00052
271.566667,0.00052
271.6,0.00052
271.633333,0.00052
271.666667,0.00052
271.7,0.00052
271.733333,0.00052
271.766667,0.00052
271.8,0.00052
271.833333,0.00052
271.866667,0.00052
271.9,0.00052
271.933333,0.00052
271.966667,0.00052
272,0.0093175
272.033333,0.00119
272.066667,0.00043
272.1,0.0003375
272.133333,0.00032
272.166667,0.00032
272.2,0.00032
272.233333,0.00032
272.266667,0.00032
272.3,0.00032
272.333333,0.00032
272.366667,0.00032
272.4,0.00032
272.433333,0.00032
272.466667,0.00032
272.5,0.00032
272.533333,0.00032
272.566667,0.00032
272.6,5.19095
272.633333,0.060475
272.666667,0.06716
272.7,0.09755
272.733333,0.0737475
272.766667,0.06842
272.8,0.053475
272.833333,0.0008975
272.866667,0.0021175
272.9,0.0194625
272.933333,0.0189725
272.966667,0.0366525
273,0.0197425
273.033333,0.0195575
273.066667,0.0120525
273.1,0.001045
273.133333,0.0127975
273.166667,0.045285
273.2,0.0451475
273.233333,0.0507425
273.266667,0.045755
273.3,0.0456875
273.333333,0.0201275
273.366667,0.00107
273.4,0.0321375
273.433333,0.0784275
273.466667,0.07975
273.5,0.127205
273.533333,0.0796425
273.566667,0.0802225
273.6,0.02117
273.633333,0.0006725
273.666667,0.05425
273.7,0.0928775
273.733333,0.0922775
273.766667,0.091765
273.8,0.0927075
273.833333,0.0964625
273.866667,0.010045
273.9,0.000685
273.933333,0.0350425
273.966667,0.045715
274,0.0454425
274.033333,0.0044825
274.066667,0.000545
274.1,0.0005675
274.133333,0.000545
274.166667,0.000545
274.2,0.000545
274.233333,0.000545
274.266667,0.000545
274.3,0.000545
274.333333,0.000545
274.366667,0.000545
274.4,0.000545
274.433333,0.000545
274.466667,0.000545
274.5,0.000545
274.533333,0.000545
274.566667,0.000545
274.6,0.000545
274.633333,0.000545
274.666667,0.000545
274.7,0.000545
274.733333,0.000545
274.766667,0.000545
274.8,0.000545
274.833333,0.000545
274.866667,0.000545
274.9,0.000545
274.933333,0.000545
274.966667,0.000545
275,0.000545
275.033333,0.000545
275.066667,0.000545
275.1,0.000545
275.133333,0.000545
275.166667,0.000545
275.2,0.000545
275.233333,0.000545
275.266667,0.000545
275.3,0.000545
275.333333,0.000545
275.366667,0.000545
275.4,0.000545
275.433333,0.000545
275.466667,0.000545
275.5,0.000545
275.533333,0.000545
275.566667,0.000545
275.6,0.000545
275.633333,0.000545
275.666667,0.000545
275.7,0.000545
275.733333,0.000545
275.766667,0.000545
275.8,0.000545
275.833333,0.000545
275.866667,0.000545
275.9,0.000545
275.933333,0.000545
275.966667,0.000545
276,0.000545
276.033333,0.000545
276.066667,0.000545
276.1,0.000545
276.133333,0.000545
276.166667,0.000545
276.2,0.000545
276.233333,0.000545
276.266667,0.000545
276.3,0.000545
276.333333,0.000545
276.366667,0.000545
276.4,0.000545
276.433333,0.000545
276.466667,0.000545
276.5,0.000545
276.533333,0.000545
276.566667,0.000545
276.6,0.000545
276.633333,0.000545
276.666667,0.000545
276.7,0.000545
276.733333,0.000545
276.766667,0.000545
276.8,0.000545
276.833333,0.000545
276.866667,0.000545
276.9,0.000545
276.933333,0.000545
276.966667,0.000545
277,0.000545
277.033333,0.000545
277.066667,0.000545
277.1,195.35
277.133333,10.9243
277.166667,30.4089
277.2,43.8229
277.233333,45.5998
277.266667,0.0052475
277.3,0.0015525
277.333333,0.0009125
277.366667,0.000805
277.4,0.000785
277.433333,0.000785
277.466667,0.000785
277.5,0.000785
277.533333,0.000785
277.566667,0.000785
277.6,0.000785
277.633333,0.000785
277.666667,0.000785
277.7,0.000785
277.733333,0.000785
277.766667,0.000785
277.8,0.000785
277.833333,0.000785
277.866667,0.000785
277.9,0.000785
277.933333,0.000785
277.966667,0.000785
278,0.000785
278.033333,0.000785
278.066667,0.000785
278.1,0.000785
278.133333,0.000785
278.166667,0.000785
278.2,0.000785
278.233333,0.000785
278.266667,0.000785
278.3,0.000785
278.333333,0.000785
278.366667,0.000785
278.4,0.000785
278.433333,0.000785
278.466667,0.000785
278.5,0.000785
278.533333,0.000785
278.566667,0.000785
278.6,0.000785
278.633333,0.000785
278.666667,0.000785
278.7,0.000785
278.733333,0.000785
278.766667,150.351
278.8,0.0059725
278.833333,0.0017325
278.866667,0.0010575
278.9,0.00092
278.933333,0.000915
278.966667,0.000915
279,0.000915
279.033333,0.000915
279.066667,0.000915
279.1,0.000915
279.133333,0.000915
279.166667,0.000915
279.2,0.000915
279.233333,0.000915
279.266667,0.000915
279.3,0.000915
279.333333,0.000915
279.366667,0.000915
279.4,0.000915
279.433333,0.000915
279.466667,0.000915
279.5,0.000915
279.533333,0.000915
279.566667,0.000915
279.6,0.000915
279.633333,0.000915
279.666667,0.000915
279.7,0.000915
279.733333,0.000915
279.766667,0.000915
279.8,0.000915
279.833333,0.000915
279.866667,0.000915
279.9,0.000915
279.933333,0.000915
279.966667,0.000915
280,0.023495
280.033333,0.0016375
280.066667,0.0004875
280.1,0.00033
280.133333,0.00031
280.166667,0.00031
280.2,0.00031
280.233333,0.00031
280.266667,0.00031
280.3,0.00031
280.333333,0.00031
280.366667,0.00031
280.4,0.00031
280.433333,0.00031
280.466667,0.00031
280.5,0.00031
280.533333,0.00031
280.566667,0.00031
280.6,0.00031
280.633333,0.00031
280.666667,0.00031
280.7,0.00031
280.733333,0.00031
280.766667,0.00031
280.8,0.00031
280.833333,0.00031
280.866667,0.00031
280.9,0.00031
280.933333,0.00031
280.966667,0.00031
281,0.00031
281.033333,0.00031
281.066667,0.00031
281.1,0.00031
281.133333,0.00031
281.166667,0.00031
281.2,0.00031
281.233333,0.00031
281.266667,0.00031
281.3,0.00031
281.333333,0.00031
281.366667,0.00031
281.4,0.00031
281.433333,0.00031
281.466667,0.00031
281.5,0.00031
281.533333,0.00031
281.566667,0.00031
281.6,0.00031
281.633333,0.00031
281.666667,0.00031
281.7,0.00031
281.733333,0.00031
281.766667,0.00031
281.8,0.00031
281.833333,0.00031
281.866667,0.00031
281.9,0.00031
281.933333,0.00031
281.966667,0.00031
282,0.00031
282.033333,0.00031
282.066667,0.00031
282.1,0.00031
282.133333,0.00031
282.166667,0.00031
282.2,0.00031
282.233333,0.00031
282.266667,0.00031
282.3,0.00031
282.333333,0.00031
282.366667,0.00031
282.4,0.00031
282.433333,0.00031
282.466667,0.00031
282.5,0.00031
282.533333,0.00031
282.566667,0.00031
282.6,0.00031
282.633333,0.00031
282.666667,0.00031
282.7,0.00031
282.733333,0.00031
282.766667,0.00031
282.8,0.00031
282.833333,0.00031
282.866667,0.00031
282.9,0.00031
282.933333,0.00031
282.966667,0.00031
283,0.00031
283.033333,0.00031
283.066667,0.00031
283.1,0.00031
283.133333,0.00031
283.166667,0.00031
283.2,0.00031
283.233333,0.00031
283.266667,0.00031
283.3,0.00031
283.333333,0.00031
283.366667,0.00031
283.4,0.00031
283.433333,0.00031
283.466667,0.00031
283.5,0.00031
283.533333,0.00031
283.566667,0.00031
283.6,0.00031
283.633333,0.00031
283.666667,0.00031
283.7,0.00031
283.733333,0.00031
283.766667,0.00031
283.8,0.00031
283.833333,0.00031
283.866667,0.00031
283.9,0.00031
283.933333,0.00031
283.966667,0.00031
284,0.00031
284.033333,0.00031
284.066667,0.00031
284.1,0.00031
284.133333,0.00031
284.166667,0.00031
284.2,0.00031
284.233333,0.00031
284.266667,0.00031
284.3,0.00031
284.333333,0.00031
284.366667,0.00031
284.4,0.00031
284.433333,0.00031
284.466667,0.00031
284.5,0.00031
284.533333,0.00031
284.566667,0.00031
284.6,0.00031
284.633333,0.00031
284.666667,0.00031
284.7,0.00031
284.733333,0.00031
284.766667,0.00031
284.8,0.00031
284.833333,0.00031
284.866667,0.00031
284.9,0.00031
284.933333,0.00031
284.966667,0.00031
285,0.00031
285.033333,0.00031
285.066667,0.00031
285.1,0.00031
285.133333,0.00031
285.166667,0.00031
285.2,0.00031
285.233333,0.00031
285.266667,0.00031
285.3,0.00031
285.333333,0.00031
285.366667,0.00031
285.4,0.00031
285.433333,0.00031
285.466667,0.00031
285.5,0.00031
285.533333,0.00031
285.566667,0.00031
285.6,0.00031
285.633333,0.00031
285.666667,0.00031
285.7,0.00031
285.733333,0.00031
285.766667,0.00031
285.8,0.00031
285.833333,0.00031
285.866667,0.00031
285.9,0.00031
285.933333,0.00031
285.966667,0.00031
286,0.00031
286.033333,0.00031
286.066667,0.00031
286.1,0.00031
286.133333,0.00031
286.166667,0.00031
286.2,0.00031
286.233333,0.00031
286.266667,0.00031
286.3,0.00031
286.333333,0.00031
286.366667,0.00031
286.4,0.00031
286.433333,0.00031
286.466667,0.00031
286.5,0.00031
286.533333,0.00031
286.566667,0.00031
286.6,0.00031
286.633333,0.00031
286.666667,0.00031
286.7,0.00031
286.733333,0.00031
286.766667,0.00031
286.8,0.00031
286.833333,0.00031
286.866667,0.00031
286.9,0.00031
286.933333,0.00031
286.966667,0.00031
287,0.00031
287.033333,0.00031
287.066667,0.00031
287.1,0.00031
287.133333,0.00031
287.166667,0.00031
287.2,0.00031
287.233333,0.00031
287.266667,0.00031
287.3,0.00031
287.333333,0.00031
287.366667,0.00031
287.4,0.00031
287.433333,0.00031
287.466667,0.00031
287.5,0.00031
287.533333,0.00031
287.566667,0.00031
287.6,0.00031
287.633333,0.00031
287.666667,0.00031
287.7,0.00031
287.733333,0.00031
287.766667,0.00031
287.8,0.00031
287.833333,0.00031
287.866667,0.00031
287.9,0.00031
287.933333,0.00031
287.966667,0.00031
288,0.001765
288.033333,0.0016375
288.066667,0.0004875
288.1,0.00033
288.133333,0.00031
288.166667,0.00031
288.2,0.00031
288.233333,0.00031
288.266667,0.00031
288.3,0.00031
288.333333,0.00031
288.366667,0.00031
288.4,0.00031
288.433333,0.00031
288.466667,0.00031
288.5,0.00031
288.533333,0.00031
288.566667,0.00031
288.6,0.00031
288.633333,0.00031
288.666667,0.00031
288.7,0.00031
288.733333,0.00031
288.766667,0.00031
288.8,0.00031
288.833333,0.00031
288.866667,0.00031
288.9,0.00031
288.933333,0.00031
288.966667,0.00031
289,0.00031
289.033333,0.00031
289.066667,0.00031
289.1,0.00031
289.133333,0.00031
289.166667,0.00031
289.2,0.00031
289.233333,0.00031
289.266667,0.00031
289.3,0.00031
289.333333,0.00031
289.366667,0.00031
289.4,0.00031
289.433333,0.00031
289.466667,0.00031
289.5,0.00031
289.533333,0.00031
289.566667,0.00031
289.6,0.00031
289.633333,0.00031
289.666667,0.00032
289.7,0.00032
289.733333,0.00032
289.766667,0.00032
289.8,0.00033
289.833333,0.00032
289.866667,0.00032
289.9,0.00032
289.933333,0.00033
289.966667,0.00032
290,0.00032
290.033333,0.00035
290.066667,0.0016975
290.1,0.0005175
290.133333,0.0005925
290.166667,0.0026325
290.2,0.001205
290.233333,0.0478675
290.266667,0.108472
290.3,0.000345
290.333333,0.00032
290.366667,0.00031
290.4,0.00031
290.433333,0.00031
290.466667,0.00031
290.5,0.00031
290.533333,0.00031
290.566667,0.00031
290.6,0.00031
290.633333,0.00031
290.666667,0.00031
290.7,0.00031
290.733333,0.00031
290.766667,0.00031
290.8,0.00031
290.833333,0.00031
290.866667,0.00031
290.9,0.00031
290.933333,0.00031
290.966667,0.00031
291,0.00031
291.033333,0.00031
291.066667,0.00031
291.1,0.00031
291.133333,0.00031
291.166667,0.00031
291.2,0.00031
291.233333,0.00031
291.266667,0.00031
291.3,0.00031
291.333333,0.00031
291.366667,0.00031
291.4,0.00031
291.433333,0.00031
291.466667,0.00031
291.5,0.00031
291.533333,0.0798525
291.566667,0.163318
291.6,0.157858
291.633333,0.15334
291.666667,0.15887
291.7,0.161515
291.733333,0.164325
291.766667,0.1617
291.8,0.158883
291.833333,0.159568
291.866667,0.164225
291.9,0.163463
291.933333,0.159293
291.966667,0.158947
292,0.16268
292.033333,0.164382
292.066667,0.16053
292.1,0.158815
292.133333,0.160672
292.166667,0.164425
292.2,0.0823475
292.233333,0.0003775
292.266667,0.00036
292.3,0.00036
292.333333,0.00036
292.366667,0.00036
292.4,0.00036
292.433333,0.00036
292.466667,0.00036
292.5,0.00036
292.533333,0.00036
292.566667,0.00036
292.6,0.00036
292.633333,0.00036
292.666667,0.00036
292.7,0.00036
292.733333,0.00036
292.766667,0.00036
292.8,0.00036
292.833333,0.00036
292.866667,0.00036
292.9,0.00036
292.933333,0.00036
292.966667,0.00036
293,0.00036
293.033333,0.00036
293.066667,0.00036
293.1,0.00036
293.133333,0.00036
293.166667,0.00036
293.2,0.00036
293.233333,0.00036
293.266667,0.00036
293.3,0.00036
293.333333,0.00036
293.366667,0.00036
293.4,0.00036
293.433333,0.00036
293.466667,0.00036
293.5,0.00036
293.533333,0.00036
293.566667,0.00036
293.6,0.00036
293.633333,0.00036
293.666667,0.00036
293.7,0.00036
293.733333,0.00036
293.766667,0.00036
293.8,0.00036
293.833333,0.00036
293.866667,0.00036
293.9,0.00036
293.933333,0.00036
293.966667,0.00036
294,0.00036
294.033333,0.00036
294.066667,0.00036
294.1,0.00036
294.133333,0.00036
294.166667,0.00036
294.2,0.00036
294.233333,0.00036
294.266667,0.00036
294.3,0.00036
294.333333,0.00036
294.366667,0.00036
294.4,0.00036
294.433333,0.00036
294.466667,0.00036
294.5,0.00036
294.533333,0.00036
294.566667,0.00036
294.6,0.00036
294.633333,0.00036
294.666667,0.00036
294.7,0.00036
294.733333,0.00036
294.766667,0.00036
294.8,0.00036
294.833333,0.00036
294.866667,0.00036
294.9,0.00036
294.933333,0.00036
294.966667,0.00036
295,0.00036
295.033333,0.00036
295.066667,0.00036
295.1,0.00036
295.133333,0.00036
295.166667,0.00036
295.2,0.00036
295.233333,0.00036
295.266667,0.00036
295.3,0.00036
295.333333,0.00036
295.366667,0.00036
295.4,0.00036
295.433333,0.00036
295.466667,0.00036
295.5,0.00036
295.533333,0.00036
295.566667,0.00036
295.6,0.00036
295.633333,0.00036
295.666667,0.00036
295.7,0.00036
295.733333,0.00036
295.766667,0.00036
295.8,0.00036
295.833333,0.00036
295.866667,0.00036
295.9,0.00036
295.933333,0.00036
295.966667,0.00036
296,0.0038175
296.033333,0.001765
296.066667,0.0005425
296.1,0.00036
296.133333,0.00034
296.166667,0.00034
296.2,0.00034
296.233333,0.00034
296.266667,0.00034
296.3,0.00034
296.333333,0.00034
296.366667,0.00034
296.4,0.00034
296.433333,0.00034
296.466667,3.21192
296.5,0.0330425
296.533333,0.039275
296.566667,0.0350575
296.6,0.03903
296.633333,0.0405775
296.666667,0.0455775
296.7,0.04267
296.733333,0.0475225
296.766667,0.0483475
296.8,0.0550125
296.833333,0.0606175
296.866667,0.0628425
296.9,0.07069
296.933333,0.0822
296.966667,0.0984
297,0.130345
297.033333,0.361113
297.066667,0.0006625
297.1,0.0003975
297.133333,0.000365
297.166667,0.000365
297.2,0.000365
297.233333,0.000365
297.266667,0.000365
297.3,0.000365
297.333333,0.000365
297.366667,0.000365
297.4,0.000365
297.433333,0.000365
297.466667,0.000365
297.5,0.000365
297.533333,0.000365
297.566667,0.000365
297.6,0.000365
297.633333,0.000365
297.666667,0.000365
297.7,0.000365
297.733333,0.000365
297.766667,0.000365
297.8,0.000365
297.833333,0.000365
297.866667,0.000365
297.9,0.000365
297.933333,0.000365
297.966667,10.7048
298,0.0007875
298.033333,0.00027
298.066667,0.00016
298.1,0.00015
298.133333,0.00015
298.166667,0.00015
298.2,0.00015
298.233333,0.00015
298.266667,0.00015
298.3,0.00015
298.333333,0.00015
298.366667,0.0297425
298.4,0.099
298.433333,0.10149
298.466667,0.16271
298.5,0.103243
298.533333,0.105427
298.566667,0.10389
298.6,0.104968
298.633333,0.103133
298.666667,0.10247
298.7,0.10241
298.733333,0.01348
298.766667,0.00014
298.8,0.00014
298.833333,0.00014
298.866667,0.00014
298.9,0.00014
298.933333,0.00014
298.966667,0.00014
299,0.00014
299.033333,0.00014
299.066667,0.00014
299.1,0.00014
299.133333,0.00014
299.166667,0.00014
299.2,0.00014
299.233333,0.00014
299.266667,0.00014
299.3,0.00014
299.333333,0.00014
299.366667,0.00014
299.4,0.00014
299.433333,0.00014
299.466667,0.00014
299.5,0.00014
299.533333,0.00014
299.566667,0.00014
299.6,0.00014
299.633333,0.00014
299.666667,0.0220775
299.7,0.02852
299.733333,0.0275875
299.766667,0.0212525
299.8,0.02756
299.833333,0.0281225
299.866667,0.02174
299.9,0.0282475
299.933333,0.0286025
299.966667,0.029245
300,0.0290775
300.033333,0.02962
300.066667,0.0359175
300.1,0.0301375
300.133333,0.03682
300.166667,0.0310575
300.2,0.0374625
300.233333,0.038105
300.266667,0.039145
300.3,0.0388225
300.333333,0.0460475
300.366667,0.04682
300.4,0.0479475
300.433333,0.05586
300.466667,0.056545
300.5,0.0652325
300.533333,0.0735025
300.566667,0.084155
300.6,0.109393
300.633333,0.17148
300.666667,0.00025
300.7,0.00015
300.733333,0.00013
300.766667,0.00013
300.8,0.00013
300.833333,0.00013
300.866667,0.00013
300.9,0.00013
300.933333,0.00013
300.966667,0.00013
301,0.00013
301.033333,0.00013
301.066667,0.00013
301.1,0.00013
301.133333,0.00013
301.166667,0.00013
301.2,0.00013
301.233333,0.00013
301.266667,0.00013
301.3,0.00013
301.333333,0.00013
301.366667,0.00013
301.4,0.00013
301.433333,0.00013
301.466667,0.00013
301.5,0.00013
301.533333,0.00013
301.566667,0.00013
301.6,0.00013
301.633333,0.00013
301.666667,0.00013
301.7,0.00013
301.733333,0.00013
301.766667,0.00013
301.8,0.00013
301.833333,0.00013
301.866667,0.00013
301.9,0.00013
301.933333,0.00013
301.966667,0.00013
302,0.00013
302.033333,0.00013
302.066667,2.8088
302.1,0.000835
302.133333,0.00027
302.166667,0.0002075
302.2,0.0002
302.233333,0.0002
302.266667,0.0002
302.3,0.168665
302.333333,0.107735
302.366667,0.0828525
302.4,0.0724875
302.433333,0.0642525
302.466667,0.05575
302.5,0.0552625
302.533333,0.0472275
302.566667,0.0461825
302.6,0.04561
302.633333,0.038195
302.666667,0.038745
302.7,0.037645
302.733333,0.03718
302.766667,0.0305775
302.8,0.036555
302.833333,0.0297325
302.866667,0.0356225
302.9,0.029225
302.933333,0.0288975
302.966667,0.02908
303,0.0285075
303.033333,0.0281125
303.066667,0.0218075
303.1,0.027885
303.133333,0.0276825
303.166667,0.02143
303.2,0.027715
303.233333,0.029125
303.266667,0.0240925
303.3,0.000305
303.333333,0.0002325
303.366667,0.00022
303.4,0.00021
303.433333,0.00021
303.466667,0.00021
303.5,0.00021
303.533333,0.00021
303.566667,0.00021
303.6,0.00021
303.633333,0.00021
303.666667,0.00021
303.7,0.00021
303.733333,0.00021
303.766667,0.00021
303.8,0.00021
303.833333,0.00021
303.866667,0.00021
303.9,0.00021
303.933333,0.00021
303.966667,0.00021
304,0.006605
304.033333,0.000575
304.066667,0.00024
304.1,0.0002175
304.133333,0.00021
304.166667,0.00021
304.2,0.00021
304.233333,0.00021
304.266667,0.00021
304.3,0.00021
304.333333,0.00021
304.366667,0.00021
304.4,0.00021
304.433333,0.00021
304.466667,0.00021
304.5,0.00021
304.533333,0.00021
304.566667,0.00021
304.6,0.00021
304.633333,0.00021
304.666667,0.00021
304.7,0.00021
304.733333,0.00021
304.766667,0.00021
304.8,0.00021
304.833333,0.00021
304.866667,0.00021
304.9,0.00021
304.933333,0.00021
304.966667,0.00021
305,0.00021
305.033333,0.00021
305.066667,0.00021
305.1,0.00021
305.133333,0.00021
305.166667,0.00021
305.2,0.00021
305.233333,0.00021
305.266667,0.00021
305.3,0.00021
305.333333,0.00021
305.366667,0.00021
305.4,0.00021
305.433333,0.00021
305.466667,0.00021
305.5,0.00021
305.533333,0.00021
305.566667,0.00021
305.6,0.00021
305.633333,0.00021
305.666667,0.00021
305.7,0.00021
305.733333,0.00021
305.766667,0.00021
305.8,0.00021
305.833333,0.00021
305.866667,0.00021
305.9,0.00021
305.933333,0.00021
305.966667,0.00021
306,0.00021
306.033333,0.00021
306.066667,0.00021
306.1,0.00021
306.133333,0.00021
306.166667,0.00021
306.2,0.00021
306.233333,0.00021
306.266667,0.00021
306.3,0.00021
306.333333,0.00021
306.366667,0.00021
306.4,0.00021
306.433333,0.00021
306.466667,0.00021
306.5,0.00021
306.533333,0.00021
306.566667,0.00021
306.6,0.00021
306.633333,0.00021
306.666667,0.00021
306.7,0.00021
306.733333,0.00021
306.766667,0.00021
306.8,0.00021
306.833333,0.00021
306.866667,0.00021
306.9,0.00021
306.933333,0.00021
306.966667,0.00021
307,0.00021
307.033333,0.00021
307.066667,0.00021
307.1,0.00021
307.133333,0.00021
307.166667,0.00021
307.2,0.00021
307.233333,0.00021
307.266667,0.00021
307.3,0.00021
307.333333,0.00021
307.366667,0.00021
307.4,0.00021
307.433333,0.00021
307.466667,0.00021
307.5,0.00021
307.533333,0.00021
307.566667,0.00021
307.6,0.00021
307.633333,0.00021
307.666667,0.00021
307.7,0.00021
307.733333,0.00021
307.766667,0.00021
307.8,0.00021
307.833333,0.00021
307.866667,0.00021
307.9,0.00021
307.933333,0.00021
307.966667,0.00021
308,0.00021
308.033333,0.00021
308.066667,0.00021
308.1,0.00021
308.133333,0.00021
308.166667,0.00021
308.2,0.00021
308.233333,0.00021
308.266667,0.00021
308.3,0.00021
308.333333,0.00021
308.366667,0.00021
308.4,0.00021
308.433333,0.00021
308.466667,0.00021
308.5,0.00021
308.533333,0.00021
308.566667,0.00021
308.6,0.00021
308.633333,0.00021
308.666667,0.00021
308.7,0.00021
308.733333,0.00021
308.766667,0.00021
308.8,0.00021
308.833333,0.00021
308.866667,0.00021
308.9,0.00021
308.933333,0.00021
308.966667,0.00021
309,0.00021
309.033333,0.00021
309.066667,0.00021
309.1,0.00021
309.133333,0.00021
309.166667,0.00021
309.2,0.00021
309.233333,0.00021
309.266667,0.00021
309.3,0.00021
309.333333,0.00021
309.366667,0.00021
309.4,0.00021
309.433333,0.00021
309.466667,0.00021
309.5,0.00021
309.533333,0.00021
309.566667,0.00021
309.6,0.00021
309.633333,0.00021
309.666667,0.00021
309.7,0.00021
309.733333,0.00021
309.766667,0.00021
309.8,0.00021
309.833333,0.00021
309.866667,0.00021
309.9,0.00021
309.933333,0.00021
309.966667,0.00021
310,0.00021
310.033333,0.00021
310.066667,0.00021
310.1,0.00021
310.133333,0.00021
310.166667,0.00021
310.2,0.00021
310.233333,0.00021
310.266667,0.00021
310.3,0.00021
310.333333,0.00021
310.366667,0.00021
310.4,0.00021
310.433333,0.00021
310.466667,0.00021
310.5,0.00021
310.533333,0.00021
310.566667,0.00021
310.6,0.00021
310.633333,0.00021
310.666667,0.00021
310.7,0.00021
310.733333,0.00021
310.766667,0.00021
310.8,0.00021
310.833333,0.00021
310.866667,0.00021
310.9,0.00021
310.933333,0.00021
310.966667,0.00021
311,0.00021
311.033333,0.00021
311.066667,0.00021
311.1,0.00021
311.133333,0.00021
311.166667,0.00021
311.2,0.00021
311.233333,0.00021
311.266667,0.00021
311.3,0.00021
311.333333,0.00021
311.366667,0.00021
311.4,0.00021
311.433333,0.00021
311.466667,0.00021
311.5,0.00021
311.533333,0.00021
311.566667,0.00021
311.6,0.00021
311.633333,0.00021
311.666667,0.00021
311.7,0.00021
311.733333,0.00021
311.766667,0.00021
311.8,0.00021
311.833333,0.00021
311.866667,0.00021
311.9,0.00021
311.933333,0.00021
311.966667,0.00021
312,0.0005975
312.033333,0.000575
312.066667,0.00024
312.1,0.0002175
312.133333,0.00021
312.166667,0.00021
312.2,0.00021
312.233333,0.00021
312.266667,0.00021
312.3,0.00021
312.333333,0.00021
312.366667,0.00021
312.4,0.00021
312.433333,0.00021
312.466667,0.00021
312.5,0.00021
312.533333,0.00021
312.566667,0.00021
312.6,0.00021
312.633333,0.00021
312.666667,0.00021
312.7,0.00021
312.733333,0.00021
312.766667,0.00021
312.8,0.00021
312.833333,0.00021
312.866667,0.00021
312.9,0.00021
312.933333,0.00021
312.966667,0.00021
313,0.00021
313.033333,0.00021
313.066667,0.00021
313.1,0.00021
313.133333,0.00021
313.166667,0.11639
313.2,0.0521275
313.233333,0.0516425
313.266667,0.036125
313.3,0.03492
313.333333,0.0345225
313.366667,0.019785
313.4,0.03367
313.433333,0.0198925
313.466667,0.01935
313.5,0.019365
313.533333,0.0323625
313.566667,0.0195475
313.6,0.0183625
313.633333,0.01966
313.666667,0.0187875
313.7,0.0046675
313.733333,0.01898
313.766667,0.018095
313.8,0.0194325
313.833333,0.0184825
313.866667,0.0177925
313.9,0.0055175
313.933333,0.0178975
313.966667,0.018105
314,0.0043325
314.033333,0.01889
314.066667,0.018005
314.1,0.004325
314.133333,0.0187025
314.166667,0.01811
314.2,0.0045875
314.233333,0.0182025
314.266667,0.0181275
314.3,0.004655
314.333333,0.018535
314.366667,0.004245
314.4,0.018445
314.433333,0.0038525
314.466667,0.0192525
314.5,0.018155
314.533333,0.00455
314.566667,0.01868
314.6,0.00431
314.633333,0.01849
314.666667,0.00495
314.7,0.0187175
314.733333,0.0049375
314.766667,0.0189
314.8,0.00515
314.833333,0.0190425
314.866667,0.0051875
314.9,0.0061
314.933333,0.0193025
314.966667,0.006355
315,0.020455
315.033333,0.00778
315.066667,0.0212925
315.1,0.0090175
315.133333,0.0257025
315.166667,0.0236325
315.2,0.17956
315.233333,0.18006
315.266667,0.33559
315.3,0.183448
315.333333,0.180647
315.366667,0.18249
315.4,0.33829
315.433333,0.185665
315.466667,0.182025
315.5,0.34015
315.533333,0.18681
315.566667,0.185885
315.6,0.342552
315.633333,0.187232
315.666667,0.191037
315.7,0.346015
315.733333,0.190722
315.766667,0.349425
315.8,0.194467
315.833333,0.349297
315.866667,0.199008
315.9,0.35731
315.933333,0.204185
315.966667,0.36067
316,0.36648
316.033333,0.218012
316.066667,0.381455
316.1,0.40407
316.133333,0.273103
316.166667,0.54086
316.2,0.0005125
316.233333,0.0002725
316.266667,0.000245
316.3,0.000235
316.333333,0.00023
316.366667,0.00023
316.4,0.00023
316.433333,0.00023
316.466667,0.00023
316.5,0.00023
316.533333,0.00023
316.566667,0.00023
316.6,0.00023
316.633333,0.00023
316.666667,0.00023
316.7,0.00023
316.733333,0.00023
316.766667,0.00023
316.8,0.466477
316.833333,0.727395
316.866667,0.261365
316.9,0.42511
316.933333,0.0329475
316.966667,0.0789025
317,0.16504
317.033333,0.336645
317.066667,0.0686375
317.1,0.175762
317.133333,0.059185
317.166667,0.16468
317.2,0.363513
317.233333,0.78958
317.266667,0.598943
317.3,1.41026
317.333333,0.224428
317.366667,0.51252
317.4,0.17208
317.433333,0.447568
317.466667,0.0288375
317.5,0.093795
317.533333,0.159337
317.566667,0.880308
317.6,0.243223
317.633333,0.00085
317.666667,0.000635
317.7,0.000635
317.733333,0.000635
317.766667,0.000635
317.8,0.000635
317.833333,0.000635
317.866667,0.000635
317.9,0.000635
317.933333,0.000635
317.966667,0.000635
318,0.000635
318.033333,14.0745
318.066667,0.0023025
318.1,0.0009275
318.133333,0.000615
318.166667,0.000545
318.2,0.00054
318.233333,0.00054
318.266667,0.00054
318.3,0.00054
318.333333,0.00054
318.366667,0.00054
318.4,0.00054
318.433333,0.00054
318.466667,0.00054
318.5,0.00054
318.533333,0.00054
318.566667,0.00054
318.6,0.00054
318.633333,0.00054
318.666667,0.00054
318.7,0.00054
318.733333,0.00054
318.766667,0.00054
318.8,0.00054
318.833333,0.00054
318.866667,0.00054
318.9,0.00054
318.933333,0.00054
318.966667,0.00054
319,0.00054
319.033333,0.00054
319.066667,0.00054
319.1,0.00054
319.133333,0.00054
319.166667,0.00054
319.2,0.00054
319.233333,0.00054
319.266667,0.00054
319.3,0.00054
319.333333,0.00054
319.366667,0.00054
319.4,0.00054
319.433333,0.00054
319.466667,0.00054
319.5,0.00054
319.533333,0.00054
319.566667,0.00054
319.6,0.00054
319.633333,0.00054
319.666667,0.00054
319.7,0.00054
319.733333,0.00054
319.766667,0.00054
319.8,0.00054
319.833333,0.00054
319.866667,0.00054
319.9,0.00054
319.933333,0.00054
319.966667,0.00054
320,0.0122
320.033333,0.001345
320.066667,0.0005125
320.1,191.792
320.133333,3
320.166667,7.5
320.2,0
320.233333,0
320.266667,0
320.3,0
320.333333,0
320.366667,0
320.4,0.340135
320.433333,12.0988
320.466667,33.0483
320.5,49.6871
320.533333,48.2721
320.566667,0.006445
320.6,0.0018175
320.633333,0.001185
320.666667,0.00111
320.7,0.00111
320.733333,0.00111
320.766667,0.00111
320.8,0.00111
320.833333,0.00111
320.866667,0.00111
320.9,0.00111
320.933333,0.00111
320.966667,0.00111
321,0.00111
321.033333,0.00111
321.066667,0.00111
321.1,0.00111
321.133333,0.00111
321.166667,0.00111
321.2,0.00111
321.233333,0.00111
321.266667,0.00111
321.3,0.00111
321.333333,0.00111
321.366667,0.00111
321.4,0.00111
321.433333,0.00111
321.466667,0.00111
321.5,0.00111
321.533333,0.00111
321.566667,0.00111
321.6,0.00111
321.633333,0.00111
321.666667,0.00111
321.7,0.00111
321.733333,0.00111
321.766667,142.842
321.8,0.005765
321.833333,0.00162
321.866667,0.0010525
321.9,0.00092
321.933333,0.000905
321.966667,0.000905
322,0.000905
322.033333,0.000905
322.066667,0.000905
322.1,0.000905
322.133333,0.000905
322.166667,0.000905
322.2,0.000905
322.233333,0.000905
322.266667,0.000905
322.3,0.000905
322.333333,0.000905
322.366667,0.000905
322.4,0.000905
322.433333,0.000905
322.466667,0.000905
322.5,0.000905
322.533333,0.000905
322.566667,0.000905
322.6,0.000905
322.633333,0.000905
322.666667,0.000905
322.7,0.000905
322.733333,0.000905
322.766667,0.000905
322.8,0.000905
322.833333,0.000905
322.866667,0.000905
322.9,0.000905
322.933333,0.000905
322.966667,0.000905
323,0.000905
323.033333,0.000905
323.066667,0.000905
323.1,0.000905
323.133333,0.000905
323.166667,0.000905
323.2,0.000905
323.233333,0.000905
323.266667,0.000905
323.3,0.000905
323.333333,0.000905
323.366667,0.000905
323.4,0.000905
323.433333,0.000905
323.466667,0.000905
323.5,0.000905
323.533333,0.000905
323.566667,0.000905
323.6,0.000905
323.633333,0.000905
323.666667,0.000905
323.7,0.000905
323.733333,0.000905
323.766667,0.000905
323.8,0.000905
323.833333,0.000905
323.866667,0.000905
323.9,0.000905
323.933333,0.000905
323.966667,0.000905
324,0.000905
324.033333,0.000905
324.066667,0.000905
324.1,0.000905
324.133333,0.000905
324.166667,0.000905
324.2,0.000905
324.233333,0.000905
324.266667,0.000905
324.3,0.000905
324.333333,0.000905
324.366667,0.000905
324.4,0.000905
324.433333,0.000905
324.466667,0.000905
324.5,0.000905
324.533333,0.000905
324.566667,0.000905
324.6,0.000905
324.633333,0.000905
324.666667,0.000905
324.7,0.000905
324.733333,0.000905
324.766667,0.000905
324.8,0.000905
324.833333,0.000905
324.866667,0.000905
324.9,0.000905
324.933333,0.000905
324.966667,2.1908
325,0.02896
325.033333,0.0089525
325.066667,0.0313025
325.1,0.0302125
325.133333,0.009535
325.166667,0.032205
325.2,0.030455
325.233333,0.01012
325.266667,0.031575
325.3,0.0308075
325.333333,0.010125
325.366667,0.03181
325.4,0.0310425
325.433333,0.03172
325.466667,0.010335
325.5,0.031485
325.533333,0.031635
325.566667,0.010715
325.6,0.03201
325.633333,0.0310875
325.666667,0.03232
325.7,0.0103175
325.733333,0.0322375
325.766667,0.03197
325.8,0.0313375
325.833333,0.0110875
325.866667,0.0323925
325.9,0.03213
325.933333,0.0322675
325.966667,0.0329125
326,0.011065
326.033333,0.032515
326.066667,0.03224
326.1,0.03267
326.133333,0.0332025
326.166667,0.0114525
326.2,0.0322425
326.233333,0.03246
326.266667,0.033735
326.3,0.0330275
326.333333,0.03381
326.366667,0.0331075
326.4,0.032445
326.433333,0.01255
326.466667,0.033775
326.5,0.0336575
326.533333,0.0336025
326.566667,0.0335575
326.6,0.0338575
326.633333,0.0335825
326.666667,0.0341275
326.7,0.03428
326.733333,0.0347475
326.766667,0.0346
326.8,0.0347625
326.833333,0.0345025
326.866667,0.0343725
326.9,0.03515
326.933333,0.0354225
326.966667,0.036025
327,0.0560025
327.033333,0.03635
327.066667,0.0363325
327.1,0.0362675
327.133333,0.03683
327.166667,0.0588675
327.2,0.0371225
327.233333,0.03731
327.266667,0.061095
327.3,0.03716
327.333333,0.06446
327.366667,0.0646275
327.4,0.0961575
327.433333,0.001845
327.466667,0.0009525
327.5,0.0006725
327.533333,0.00063
327.566667,0.000625
327.6,0.000625
327.633333,0.000625
327.666667,0.000625
327.7,0.000625
327.733333,0.000625
327.766667,0.000625
327.8,0.000625
327.833333,0.000625
327.866667,0.000625
327.9,0.000625
327.933333,0.000625
327.966667,0.000625
328,0.016885
328.033333,0.00086
328.066667,0.00023
328.1,0.0001725
328.133333,0.000165
328.166667,0.000165
328.2,0.000165
328.233333,0.000165
328.266667,0.000165
328.3,0.000165
328.333333,0.000165
328.366667,0.000165
328.4,0.000165
328.433333,0.000165
328.466667,0.000165
328.5,0.000165
328.533333,0.000165
328.566667,0.000165
328.6,0.000165
328.633333,0.000165
328.666667,0.000165
328.7,0.000165
328.733333,0.000165
328.766667,0.000165
328.8,0.000165
328.833333,0.000165
328.866667,0.000165
328.9,0.000165
328.933333,0.000165
328.966667,0.000165
329,0.000165
329.033333,0.000165
329.066667,0.000165
329.1,0.000165
329.133333,0.000165
329.166667,0.000165
329.2,0.000165
329.233333,0.000165
329.266667,0.000165
329.3,0.000165
329.333333,0.000165
329.366667,0.000165
329.4,0.000165
329.433333,0.000165
329.466667,0.000165
329.5,0.000165
329.533333,0.000165
329.566667,0.000165
329.6,0.000165
329.633333,0.000165
329.666667,0.000165
329.7,0.000165
329.733333,0.000165
329.766667,0.000165
329.8,0.000165
329.833333,0.000165
329.866667,0.000165
329.9,0.000165
329.933333,0.000165
329.966667,0.000165
330,0.000165
330.033333,0.000165
330.066667,0.000165
330.1,0.000165
330.133333,0.000165
330.166667,0.000165
330.2,0.000165
330.233333,0.000165
330.266667,0.000165
330.3,0.000165
330.333333,0.000165
330.366667,0.000165
330.4,0.000165
330.433333,0.000165
330.466667,0.000165
330.5,0.000165
330.533333,0.000165
330.566667,0.000165
330.6,0.000165
330.633333,0.000165
330.666667,0.000165
330.7,0.000165
330.733333,0.000165
330.766667,0.000165
330.8,0.000165
330.833333,0.000165
330.866667,0.000165
330.9,0.000165
330.933333,0.000165
330.966667,0.000165
331,0.000165
331.033333,0.000165
331.066667,0.000165
331.1,0.000165
331.133333,0.000165
331.166667,0.000165
331.2,0.000165
331.233333,0.000165
331.266667,0.000165
331.3,0.000165
331.333333,0.000165
331.366667,0.000165
331.4,0.000165
331.433333,0.000165
331.466667,0.000165
331.5,0.000165
331.533333,0.000165
331.566667,0.000165
331.6,0.000165
331.633333,0.000165
331.666667,0.000165
331.7,0.000165
331.733333,0.000165
331.766667,0.000165
331.8,0.000165
331.833333,0.000165
331.866667,0.000165
331.9,0.000165
331.933333,0.000165
331.966667,0.000165
332,0.000165
332.033333,0.000165
332.066667,0.000165
332.1,0.000165
332.133333,0.000165
332.166667,0.000165
332.2,0.000165
332.233333,0.000165
332.266667,0.000165
332.3,0.000165
332.333333,0.000165
332.366667,0.000165
332.4,0.000165
332.433333,0.000165
332.466667,0.000165
332.5,0.000165
332.533333,0.000165
332.566667,0.000165
332.6,0.000165
332.633333,0.000165
332.666667,0.000165
332.7,0.000165
332.733333,0.000165
332.766667,0.000165
332.8,0.000165
332.833333,0.000165
332.866667,0.000165
332.9,0.000165
332.933333,0.000165
332.966667,0.000165
333,0.000165
333.033333,0.000165
333.066667,0.000165
333.1,0.000165
333.133333,0.000165
333.166667,0.000165
333.2,0.000165
333.233333,0.000165
333.266667,0.000165
333.3,0.000165
333.333333,0.000165
333.366667,0.000165
333.4,0.000165
333.433333,0.000165
333.466667,0.000165
333.5,0.000165
333.533333,0.000165
333.566667,0.000165
333.6,0.000165
333.633333,0.000165
333.666667,0.000165
333.7,0.000165
333.733333,0.000165
333.766667,0.000165
333.8,0.000165
333.833333,0.000165
333.866667,0.000165
333.9,0.000165
333.933333,0.000165
333.966667,0.000165
334,0.000165
334.033333,0.000165
334.066667,0.000165
334.1,0.000165
334.133333,0.000165
334.166667,0.000165
334.2,0.000165
334.233333,0.000165
334.266667,0.000165
334.3,0.000165
334.333333,0.000165
334.366667,0.000165
334.4,0.000165
334.433333,0.000165
334.466667,0.000165
334.5,0.000165
334.533333,0.000165
334.566667,0.000165
334.6,0.000165
334.633333,0.000165
334.666667,0.000165
334.7,0.0544375
334.733333,0.0346225
334.766667,0.0316725
334.8,0.0290725
334.833333,0.02735
334.866667,0.026065
334.9,0.0266
334.933333,0.0241125
334.966667,0.025
335,0.0232225
335.033333,0.0231425
335.066667,0.022625
335.1,0.0220025
335.133333,0.021545
335.166667,0.0209
335.2,0.0209675
335.233333,0.02048
335.266667,0.019865
335.3,0.01978
335.333333,0.0193825
335.366667,0.0192025
335.4,0.018595
335.433333,0.0187025
335.466667,0.018315
335.5,0.0183175
335.533333,0.0177725
335.566667,0.017795
335.6,0.0178325
335.633333,0.0168925
335.666667,1.62441
335.7,0.0095175
335.733333,0.0108625
335.766667,0.0097425
335.8,0.0116375
335.833333,0.0116525
335.866667,0.008795
335.9,0.01164
335.933333,0.01257
335.966667,0.01259
336,0.0166575
336.033333,0.0132025
336.066667,0.01261
336.1,0.012535
336.133333,0.0125025
336.166667,0.0144225
336.2,0.01537
336.233333,0.0125275
336.266667,0.0163
336.3,0.0153825
336.333333,0.0182075
336.366667,0.0163075
336.4,0.0191575
336.433333,0.0220025
336.466667,0.020095
336.5,0.0258175
336.533333,0.02488
336.566667,0.0296125
336.6,0.0353
336.633333,0.04482
336.666667,0.100792
336.7,0.000155
336.733333,0.000145
336.766667,0.000145
336.8,0.000145
336.833333,0.000145
336.866667,0.000145
336.9,0.000145
336.933333,0.000145
336.966667,0.000145
337,0.000145
337.033333,0.000145
337.066667,0.000145
337.1,0.000145
337.133333,0.000145
337.166667,0.000145
337.2,0.000145
337.233333,0.000145
337.266667,0.000145
337.3,0.000145
337.333333,0.000145
337.366667,0.000145
337.4,0.000145
337.433333,0.000145
337.466667,0.000145
337.5,0.000145
337.533333,0.000145
337.566667,0.000145
337.6,0.000145
337.633333,0.000145
337.666667,0.000145
337.7,0.000145
337.733333,0.000145
337.766667,0.000145
337.8,0.000145
337.833333,0.000145
337.866667,0.000145
337.9,0.000145
337.933333,0.000145
337.966667,0.000145
338,0.000145
338.033333,0.000145
338.066667,0.000145
338.1,0.1008
338.133333,0.04479
338.166667,0.0352975
338.2,0.029615
338.233333,0.02487
338.266667,0.0258225
338.3,0.020085
338.333333,0.0220225
338.366667,0.01916
338.4,0.016315
338.433333,0.0182075
338.466667,0.0153775
338.5,0.0162925
338.533333,0.0125075
338.566667,0.015375
338.6,0.0144325
338.633333,0.0125225
338.666667,0.01251
338.7,0.0125075
338.733333,0.012515
338.766667,0.010625
338.8,0.0125125
338.833333,0.01252
338.866667,0.011565
338.9,0.0087175
338.933333,0.011585
338.966667,0.0115575
339,0.0096425
339.033333,0.0106175
339.066667,1.61575
339.1,0.0006775
339.133333,0.0002975
339.166667,0.0002125
339.2,0.000185
339.233333,0.000175
339.266667,0.000175
339.3,0.000175
339.333333,0.000175
339.366667,0.000175
339.4,0.000175
339.433333,0.000175
339.466667,0.000175
339.5,0.000175
339.533333,0.000175
339.566667,0.000175
339.6,0.000175
339.633333,0.000175
339.666667,0.000175
339.7,0.000175
339.733333,0.000175
339.766667,0.000175
339.8,0.000175
339.833333,0.000175
339.866667,0.000175
339.9,0.000175
339.933333,0.000175
339.966667,0.000175
340,0.000175
340.033333,0.000175
340.066667,0.000175
340.1,0.000175
340.133333,0.000175
340.166667,0.000175
340.2,0.000175
340.233333,0.028115
340.266667,0.0349175
340.3,0.0348375
340.333333,0.0349975
340.366667,0.03601
340.4,0.0341975
340.433333,0.035345
340.466667,0.035605
340.5,0.0344175
340.533333,0.0345575
340.566667,0.035
340.6,0.03379
340.633333,0.0340675
340.666667,0.0347775
340.7,0.035905
340.733333,0.0338275
340.766667,0.033965
340.8,0.0356125
340.833333,0.0348325
340.866667,0.021615
340.9,0.0003875
340.933333,0.0003475
340.966667,0.00033
341,0.00033
341.033333,0.00033
341.066667,0.00033
341.1,0.00033
341.133333,0.00033
341.166667,0.00033
341.2,0.00033
341.233333,0.00033
341.266667,0.00033
341.3,0.00033
341.333333,0.00033
341.366667,0.00033
341.4,0.00033
341.433333,0.00033
341.466667,0.00033
341.5,0.00033
341.533333,0.00033
341.566667,0.00033
341.6,0.00033
341.633333,0.00033
341.666667,0.00033
341.7,0.00033
341.733333,0.00033
341.766667,0.00033
341.8,0.00033
341.833333,0.00033
341.866667,0.00033
341.9,0.00033
341.933333,0.00033
341.966667,0.00033
342,0.00033
342.033333,0.00033
342.066667,0.00033
342.1,0.00033
342.133333,0.00033
342.166667,0.00033
342.2,0.00033
342.233333,0.00033
342.266667,0.00033
342.3,0.00033
342.333333,0.00033
342.366667,0.00033
342.4,0.00033
342.433333,0.00033
342.466667,0.00033
342.5,0.00033
342.533333,0.00033
342.566667,0.00033
342.6,0.00033
342.633333,0.00033
342.666667,0.00033
342.7,0.00033
342.733333,0.00033
342.766667,0.00033
342.8,0.00033
342.833333,0.00033
342.866667,0.00033
342.9,2.27422
342.933333,0.0276225
342.966667,0.038005
343,0.0371625
343.033333,0.02804
343.066667,0.0371525
343.1,0.037645
343.133333,0.0281725
343.166667,0.0384175
343.2,0.0373
343.233333,0.039325
343.266667,0.0374075
343.3,0.0390075
343.333333,0.0485225
343.366667,0.039265
343.4,0.0489125
343.433333,0.0396225
343.466667,0.0501475
343.5,0.05009
343.533333,0.05023
343.566667,0.05026
343.6,0.0608725
343.633333,0.0619575
343.666667,0.062345
343.7,0.07163
343.733333,0.07448
343.766667,0.0834775
343.8,0.0958775
343.833333,0.107883
343.866667,0.142033
343.9,0.218993
343.933333,0.0004225
343.966667,0.000325
344,0.005995
344.033333,0.0007725
344.066667,0.0002425
344.1,0.000175
344.133333,0.000145
344.166667,0.000145
344.2,0.000145
344.233333,0.000145
344.266667,0.000145
344.3,0.000145
344.333333,0.000145
344.366667,0.000145
344.4,0.000145
344.433333,0.000145
344.466667,0.000145
344.5,0.000145
344.533333,0.000145
344.566667,0.000145
344.6,0.000145
344.633333,0.000145
344.666667,0.000145
344.7,0.000145
344.733333,0.000145
344.766667,0.000145
344.8,0.000145
344.833333,0.000145
344.866667,0.000145
344.9,0.000145
344.933333,0.000145
344.966667,0.000145
345,0.000145
345.033333,0.000145
345.066667,0.000145
345.1,0.000145
345.133333,0.000145
345.166667,0.000145
345.2,0.000145
345.233333,0.000145
345.266667,0.000145
345.3,0.000145
345.333333,0.000145
345.366667,0.000145
345.4,0.000145
345.433333,0.000145
345.466667,0.000145
345.5,0.000145
345.533333,0.000145
345.566667,0.000145
345.6,0.000145
345.633333,0.000145
345.666667,0.000145
345.7,0.000145
345.733333,0.000145
345.766667,0.000145
345.8,0.000145
345.833333,0.000145
345.866667,0.000145
345.9,0.000145
345.933333,0.000145
345.966667,0.219098
346,0.141745
346.033333,0.107717
346.066667,0.0958175
346.1,0.0832325
346.133333,0.07438
346.166667,0.071475
346.2,0.06221
346.233333,0.06184
346.266667,0.06051
346.3,0.05026
346.333333,0.05027
346.366667,0.0499175
346.4,0.0499225
346.433333,0.039635
346.466667,0.048765
346.5,0.0391325
346.533333,0.04848
346.566667,0.0388825
346.6,0.0374775
346.633333,0.03915
346.666667,0.0372825
346.7,0.0384
346.733333,0.027905
346.766667,0.03744
346.8,0.0372025
346.833333,0.0278625
346.866667,0.03719
346.9,0.03757
346.933333,0.0267425
346.966667,0.0008175
347,0.0006625
347.033333,0.00067
347.066667,0.000735
347.1,0.0006675
347.133333,0.0008525
347.166667,0.0011775
347.2,0.00243
347.233333,0.0024975
347.266667,0.002165
347.3,0.002305
347.333333,0.0023175
347.366667,0.00221
347.4,0.00218
347.433333,0.0022375
347.466667,0.002305
347.5,0.0022875
347.533333,0.00248
347.566667,0.0024175
347.6,0.01527
347.633333,0.0094775
347.666667,0.0030075
347.7,0.0023275
347.733333,0.002455
347.766667,0.002345
347.8,0.0082775
347.833333,0.0084875
347.866667,0.00285
347.9,0.00841
347.933333,0.0084875
347.966667,0.008345
348,0.0028875
348.033333,0.008155
348.066667,0.006985
348.1,0.0070325
348.133333,0.0069625
348.166667,0.0017375
348.2,0.00674
348.233333,0.006985
348.266667,0.0069975
348.3,0.0070525
348.333333,0.007265
348.366667,0.00297
348.4,0.0093175
348.433333,0.00972
348.466667,0.009955
348.5,0.009865
348.533333,0.0092
348.566667,0.00961
348.6,0.00867
348.633333,0.0057875
348.666667,0.00937
348.7,0.0097125
348.733333,0.00992
348.766667,0.0112725
348.8,0.033605
348.833333,0.01272
348.866667,0.01002
348.9,0.0098525
348.933333,0.0099075
348.966667,0.009805
349,0.0099375
349.033333,0.00994
349.066667,0.010075
349.1,0.010115
349.133333,0.0097475
349.166667,0.00949
349.2,0.0097875
349.233333,0.0088625
349.266667,0.007385
349.3,0.00721
349.333333,0.0075375
349.366667,0.00952
349.4,0.0089225
349.433333,0.0080175
349.466667,0.006825
349.5,0.0068925
349.533333,0.00701
349.566667,0.00737
349.6,0.0105125
349.633333,0.0072675
349.666667,0.0069525
349.7,0.0003725
349.733333,0.0002275
349.766667,0.00021
349.8,0.00021
349.833333,0.00021
349.866667,0.00021
349.9,0.00021
349.933333,0.00021
349.966667,0.00021
350,0.00021
350.033333,0.00021
350.066667,0.00021
350.1,0.00021
350.133333,0.00021
350.166667,0.00021
350.2,0.00021
350.233333,0.00021
350.266667,0.00021
350.3,0.00021
350.333333,0.00021
350.366667,0.00021
350.4,0.00021
350.433333,0.00021
350.466667,0.00021
350.5,0.333595
350.533333,0.00115
350.566667,0.0023525
350.6,0.02266
350.633333,0.0265075
350.666667,0.026005
350.7,0.0257025
350.733333,0.0266425
350.766667,0.025165
350.8,0.0278375
350.833333,0.0277
350.866667,0.03434
350.9,0.02362
350.933333,0.027345
350.966667,0.025175
351,0.0263225
351.033333,0.0258375
351.066667,0.0255075
351.1,0.0249575
351.133333,0.001255
351.166667,0.0012775
351.2,0.001175
351.233333,0.00117
351.266667,0.0012775
351.3,0.00227
351.333333,0.0231225
351.366667,0.0269125
351.4,0.0265975
351.433333,0.0261675
351.466667,0.0271975
351.5,0.0255825
351.533333,0.0283125
351.566667,0.026445
351.6,0.03221
351.633333,0.0239575
351.666667,0.02805
351.7,0.025745
351.733333,0.0271075
351.766667,0.02665
351.8,0.0266725
351.833333,0.0262425
351.866667,0.0014925
351.9,0.001345
351.933333,0.00148
351.966667,2.53511
352,0.007845
352.033333,0.0012175
352.066667,0.000365
352.1,0.000235
352.133333,0.000205
352.166667,0.000205
352.2,0.000205
352.233333,0.000205
352.266667,0.000205
352.3,0.000205
352.333333,0.000205
352.366667,0.000205
352.4,0.000205
352.433333,0.000205
352.466667,0.000205
352.5,0.000205
352.533333,0.000205
352.566667,0.000205
352.6,0.000205
352.633333,0.000205
352.666667,0.000205
352.7,0.000205
352.733333,0.000205
352.766667,0.000205
352.8,0.000205
352.833333,0.000205
352.866667,0.000205
352.9,0.000205
352.933333,0.000205
352.966667,0.000205
353,0.000205
353.033333,0.000205
353.066667,0.000205
353.1,0.000205
353.133333,0.000205
353.166667,0.000205
353.2,0.000205
353.233333,0.000205
353.266667,0.000205
353.3,0.000205
353.333333,0.000205
353.366667,0.000205
353.4,0.000205
353.433333,0.000205
353.466667,0.000205
353.5,0.000205
353.533333,0.000205
353.566667,0.000205
353.6,0.000205
353.633333,0.000205
353.666667,0.000205
353.7,0.000205
353.733333,0.000205
353.766667,0.000205
353.8,0.000205
353.833333,0.000205
353.866667,0.000205
353.9,0.000205
353.933333,0.000205
353.966667,0.000205
354,0.000205
354.033333,0.000205
354.066667,0.000205
354.1,0.000205
354.133333,0.000205
354.166667,0.000205
354.2,0.000205
354.233333,0.000205
354.266667,0.000205
354.3,0.000205
354.333333,0.000205
354.366667,0.000205
354.4,0.000205
354.433333,0.000205
354.466667,0.000205
354.5,0.000205
354.533333,0.000205
354.566667,0.000205
354.6,0.000205
354.633333,6.97224
354.666667,0.000635
354.7,2.24238
354.733333,4.36822
354.766667,5.06118
354.8,3.98784
354.833333,4.68886
354.866667,4.90608
354.9,4.28739
354.933333,3.98712
354.966667,3.69643
355,2.8414
355.033333,1.92676
355.066667,0.985993
355.1,0.004895
355.133333,0
355.166667,0
355.2,0
355.233333,0
355.266667,0
355.3,0
355.333333,0
355.366667,0
355.4,0
355.433333,0
355.466667,0
355.5,6.76234
355.533333,0.000865
355.566667,0.00021
355.6,0.000105
355.633333,8
355.666667,8
355.7,8
355.733333,8
355.766667,8
355.8,8
355.833333,8
355.866667,8
355.9,8
355.933333,8
355.966667,8
356,8
356.033333,8
356.066667,8
356.1,8
356.133333,0.39679
356.166667,1.49288
356.2,0.576775
356.233333,1.16876
356.266667,0.664455
356.3,2.85117
356.333333,0.945828
356.366667,0.35989
356.4,0.0010125
356.433333,0.0007725
356.466667,17.4804
356.5,0.005705
356.533333,0.00145
356.566667,0.0009025
356.6,0.000815
356.633333,0.000805
356.666667,0.000805
356.7,0.000805
356.733333,0.000805
356.766667,0.000805
356.8,0.000805
356.833333,0.000805
356.866667,0.000805
356.9,0.000805
356.933333,0.000805
356.966667,0.000805
357,0.000805
357.033333,0.000805
357.066667,0.000805
357.1,0.000805
357.133333,0.000805
357.166667,0.000805
357.2,0.000805
357.233333,0.000805
357.266667,0.000805
357.3,0.000805
357.333333,0.000805
357.366667,0.000805
357.4,0.000805
357.433333,0.000805
357.466667,0.000805
357.5,0.000805
357.533333,0.000805
357.566667,0.000805
357.6,0.000805
357.633333,30.271
357.666667,0.00689
357.7,0.00171
357.733333,0.0008675
357.766667,0.0007925
357.8,0.00077
357.833333,0.00077
357.866667,0.00077
357.9,0.00077
357.933333,0.00077
357.966667,0.00077
358,0.00077
358.033333,0.00077
358.066667,0.00077
358.1,0.00077
358.133333,0.00077
358.166667,0.00077
358.2,0.00077
358.233333,0.00077
358.266667,0.00077
358.3,0.00077
358.333333,0.00077
358.366667,0.00077
358.4,0.00077
358.433333,0.00077
358.466667,0.00077
358.5,0.00077
358.533333,0.00077
358.566667,0.00077
358.6,0.00077
358.633333,0.00077
358.666667,0.00077
358.7,0.00077
358.733333,0.0126925
358.766667,0.019105
358.8,0.0140225
358.833333,0.0191025
358.866667,0.017865
358.9,0.0140475
358.933333,0.0178975
358.966667,0.02038
359,0.0192025
359.033333,0.0179275
359.066667,0.0191975
359.1,0.0192225
359.133333,0.0180175
359.166667,0.020515
359.2,0.0244025
359.233333,0.0244175
359.266667,0.01811
359.3,0.0244875
359.333333,0.025785
359.366667,0.0296425
359.4,0.024595
359.433333,0.029765
359.466667,0.034955
359.5,0.0311325
359.533333,0.04022
359.566667,0.0403275
359.6,0.0456
359.633333,0.05738
359.666667,0.0732075
359.7,0.17319
359.733333,0.000795
359.766667,0.00077
359.8,0.00077
359.833333,0.00077
359.866667,0.00077
359.9,0.00077
359.933333,0.00077
359.966667,0.00077
360,0.024285
360.033333,0.00201
360.066667,0.000525
360.1,0.00044
360.133333,0.00041
360.166667,0.00041
360.2,0.00041
360.233333,0.00041
360.266667,0.00041
360.3,0.00041
360.333333,0.00041
360.366667,0.00041
360.4,0.00041
360.433333,0.00041
360.466667,0.00041
360.5,0.00041
360.533333,0.00041
360.566667,0.00041
360.6,0.00041
360.633333,0.00041
360.666667,0.00041
360.7,0.00041
360.733333,0.00041
360.766667,0.00041
360.8,0.00041
360.833333,0.00041
360.866667,0.00041
360.9,0.00041
360.933333,0.00041
360.966667,0.00041
361,0.00041
361.033333,0.00041
361.066667,0.00041
361.1,0.00041
361.133333,0.00041
361.166667,0.00041
361.2,0.923198
361.233333,0.00042
361.266667,0.00041
361.3,0.00041
361.333333,0.00041
361.366667,0.00041
361.4,0.00041
361.433333,0.00041
361.466667,0.00041
361.5,0.00041
361.533333,0.00041
361.566667,0.00041
361.6,0.00041
361.633333,0.00041
361.666667,0.00041
361.7,0.00041
361.733333,0.00041
361.766667,0.00041
361.8,0.00041
361.833333,0.00041
361.866667,0.00041
361.9,0.00041
361.933333,0.00041
361.966667,0.00041
362,0.00041
362.033333,0.00041
362.066667,0.00041
362.1,0.00041
362.133333,0.00041
362.166667,0.00041
362.2,0.00041
362.233333,0.00041
362.266667,0.00041
362.3,0.00041
362.333333,0.00041
362.366667,0.00041
362.4,0.00041
362.433333,0.00041
362.466667,0.00041
362.5,0.00041
362.533333,0.00041
362.566667,0.00041
362.6,0.00041
362.633333,0.00041
362.666667,0.00041
362.7,0.00041
362.733333,0.00041
362.766667,0.00041
362.8,0.00041
362.833333,0.00041
362.866667,0.00041
362.9,0.00041
362.933333,0.00041
362.966667,0.00041
363,0.00041
363.033333,0.00041
363.066667,0.00041
363.1,0.00041
363.133333,0.00041
363.166667,0.00041
363.2,0.00041
363.233333,0.00041
363.266667,0.00041
363.3,0.00041
363.333333,0.00041
363.366667,0.00041
363.4,0.00041
363.433333,0.00041
363.466667,0.00041
363.5,0.00041
363.533333,0.00041
363.566667,0.00041
363.6,0.00041
363.633333,0.00041
363.666667,0.00041
363.7,0.00041
363.733333,0.00041
363.766667,0.00041
363.8,0.00041
363.833333,0.00041
363.866667,0.00041
363.9,0.00041
363.933333,0.00041
363.966667,0.00041
364,0.00041
364.033333,0.00041
364.066667,0.00041
364.1,0.00041
364.133333,0.00041
364.166667,0.00041
364.2,0.00041
364.233333,0.00041
364.266667,0.00041
364.3,0.00041
364.333333,0.00041
364.366667,0.00041
364.4,0.00041
364.433333,0.00041
364.466667,0.00041
364.5,0.00041
364.533333,0.00041
364.566667,0.00041
364.6,0.00041
364.633333,0.00041
364.666667,0.00041
364.7,0.00041
364.733333,0.00041
364.766667,0.00041
364.8,0.00041
364.833333,0.00041
364.866667,0.00041
364.9,0.00041
364.933333,0.00041
364.966667,0.00041
365,0.00041
365.033333,0.00041
365.066667,0.00041
365.1,0.00041
365.133333,0.00041
365.166667,0.00041
365.2,0.00041
365.233333,0.00041
365.266667,0.00041
365.3,0.00041
365.333333,0.00041
365.366667,0.00041
365.4,0.00041
365.433333,0.00041
365.466667,0.00041
365.5,0.00041
365.533333,5.73071
365.566667,0
365.6,0
365.633333,0
365.666667,0
365.7,0
365.733333,0
365.766667,0
365.8,0
365.833333,0
365.866667,0
365.9,0
365.933333,0
365.966667,0
366,0
366.033333,0
366.066667,0
366.1,0
366.133333,0
366.166667,0
366.2,0
366.233333,0
366.266667,0
366.3,0
366.333333,0
366.366667,0
366.4,0
366.433333,0
366.466667,0
366.5,0
366.533333,0
366.566667,0
366.6,0
366.633333,0
366.666667,0
366.7,0
366.733333,0
366.766667,0
366.8,0
366.833333,0
366.866667,0
366.9,0
366.933333,0
366.966667,0
367,0
367.033333,0
367.066667,0
367.1,0
367.133333,0
367.166667,0
367.2,0
367.233333,0
367.266667,0
367.3,0
367.333333,0
367.366667,0
367.4,0
367.433333,0
367.466667,0
367.5,0
367.533333,0
367.566667,0
367.6,0
367.633333,0
367.666667,0
367.7,0
367.733333,0
367.766667,0
367.8,0
367.833333,0
367.866667,0
367.9,0
367.933333,0
367.966667,0
368,7.5
368.033333,0
368.066667,0
368.1,0
368.133333,0
368.166667,0
368.2,0
368.233333,0
368.266667,0
368.3,0
368.333333,0
368.366667,0
368.4,0
368.433333,0
368.466667,0
368.5,0
368.533333,0
368.566667,0
368.6,0
368.633333,0
368.666667,0
368.7,0
368.733333,0
368.766667,0
368.8,0
368.833333,0
368.866667,0
368.9,0
368.933333,0
368.966667,0
369,0
369.033333,0
369.066667,0
369.1,0
369.133333,0
369.166667,0
369.2,0
369.233333,0
369.266667,0
369.3,0
369.333333,0
369.366667,0
369.4,0
369.433333,0
369.466667,0
369.5,0
369.533333,0
369.566667,0
369.6,0
369.633333,0
369.666667,0
369.7,0
369.733333,0
369.766667,0
369.8,0
369.833333,0
369.866667,0
369.9,0
369.933333,0
369.966667,0
370,0
370.033333,0
370.066667,0
370.1,0
370.133333,0
370.166667,0
370.2,0
370.233333,0
370.266667,0
370.3,0
370.333333,0
370.366667,0
370.4,0
370.433333,0
370.466667,0
370.5,0
370.533333,0
370.566667,0
370.6,0
370.633333,0
370.666667,0
370.7,0
370.733333,0
370.766667,0
370.8,0
370.833333,0
370.866667,0
370.9,0
370.933333,0
370.966667,0
371,0
371.033333,0
371.066667,0
371.1,0
371.133333,0
371.166667,0
371.2,0
371.233333,0
371.266667,0
371.3,0
371.333333,0
371.366667,0
371.4,0
371.433333,0
371.466667,0
371.5,0
371.533333,0
371.566667,0
371.6,0
371.633333,0
371.666667,0
371.7,0
371.733333,0
371.766667,0
371.8,0
371.833333,0
371.866667,0
371.9,0
371.933333,0
371.966667,0
372,0
372.033333,0
372.066667,0
372.1,0
372.133333,0
372.166667,0
372.2,0
372.233333,0
372.266667,0
372.3,0
372.333333,0
372.366667,0
372.4,0
372.433333,0
372.466667,0
372.5,0
372.533333,0
372.566667,0
372.6,0
372.633333,0
372.666667,0
372.7,0
372.733333,0
372.766667,0
372.8,0
372.833333,0
372.866667,0
372.9,0
372.933333,0
372.966667,0
373,0
373.033333,0
373.066667,0
373.1,0
373.133333,0
373.166667,0
373.2,0
373.233333,0
373.266667,0
373.3,0
373.333333,0.0649325
373.366667,0.0909525
373.4,0.277902
373.433333,0.144475
373.466667,0.23493
373.5,0.119655
373.533333,0.145242
373.566667,0.0712725
373.6,0.144707
373.633333,0.105997
373.666667,0.352148
373.7,0.135272
373.733333,0.104218
373.766667,0.133417
373.8,0.41815
373.833333,0.21802
373.866667,0.436475
373.9,0.221238
373.933333,0.413417
373.966667,0.132568
374,0.167805
374.033333,0.105402
374.066667,0.204712
374.1,0.166285
374.133333,0.330792
374.166667,0.152995
374.2,0.26977
374.233333,0.211907
374.266667,0.421052
374.3,0.14344
374.333333,0.257305
374.366667,0.13386
374.4,0.22613
374.433333,0.105228
374.466667,0.0010025
374.5,0.0008375
374.533333,0.0007875
374.566667,0.00078
374.6,0.00078
374.633333,0.00078
374.666667,0.00078
374.7,0.00078
374.733333,0.00078
374.766667,0.00078
374.8,0.00078
374.833333,0.00078
374.866667,0.00078
374.9,0.00078
374.933333,0.00078
374.966667,0.00078
375,0.00078
375.033333,0.00078
375.066667,0.00078
375.1,0.00078
375.133333,0.00078
375.166667,0.00078
375.2,0.00078
375.233333,0.00078
375.266667,0.00078
375.3,0.00078
375.333333,0.00078
375.366667,0.00078
375.4,0.00078
375.433333,0.00078
375.466667,0.00078
375.5,0.00078
375.533333,0.00078
375.566667,0.00078
375.6,0.00078
375.633333,0.00078
375.666667,0.00078
375.7,0.00078
375.733333,0.00078
375.766667,0.00078
375.8,0.00078
375.833333,0.00078
375.866667,0.00078
375.9,0.00078
375.933333,0.00078
375.966667,0.00078
376,0.0242425
376.033333,0.0017225
376.066667,0.0004025
376.1,1.61203
376.133333,0.0011625
376.166667,0.000435
376.2,0.00033
376.233333,0.00031
376.266667,0.00031
376.3,0.00031
376.333333,0.00031
376.366667,0.00031
376.4,0.00031
376.433333,0.00031
376.466667,0.00031
376.5,0.00031
376.533333,0.00031
376.566667,0.00031
376.6,0.00031
376.633333,0.00031
376.666667,0.00031
376.7,0.00031
376.733333,0.00031
376.766667,0.00031
376.8,0.00031
376.833333,0.00031
376.866667,0.00031
376.9,0.00031
376.933333,0.00031
376.966667,0.00031
377,0.00031
377.033333,0.00031
377.066667,0.00031
377.1,0.00031
377.133333,0.00031
377.166667,0.00031
377.2,0.00031
377.233333,0.00031
377.266667,0.00031
377.3,0.00031
377.333333,0.00031
377.366667,0.00031
377.4,0.00031
377.433333,0.00031
377.466667,0.00031
377.5,0.00031
377.533333,0.00031
377.566667,0.00031
377.6,0.00031
377.633333,0.00031
377.666667,0.00031
377.7,0.00031
377.733333,0.00031
377.766667,0.00031
377.8,0.00031
377.833333,0.00031
377.866667,0.00031
377.9,0.00031
377.933333,0.00031
377.966667,0.00031
378,0.00031
378.033333,0.00031
378.066667,0.00031
378.1,0.00031
378.133333,0.00031
378.166667,0.00031
378.2,0.00031
378.233333,0.00031
378.266667,0.00031
378.3,0.00031
378.333333,0.00031
378.366667,0.00031
378.4,0.00031
378.433333,0.00031
378.466667,0.00031
378.5,0.00031
378.533333,0.00031
378.566667,0.00031
378.6,0.00031
378.633333,0.00031
378.666667,0.00031
378.7,0.00031
378.733333,0.00031
378.766667,0.00031
378.8,0.00031
378.833333,210.458
378.866667,8.78271
378.9,22.596
378.933333,35.6201
378.966667,34.9592
379,0.0051075
379.033333,0.0013125
379.066667,0.0008125
379.1,0.000755
379.133333,0.000745
379.166667,0.000745
379.2,0.000745
379.233333,0.000745
379.266667,0.000745
379.3,0.000745
379.333333,0.000745
379.366667,0.000745
379.4,0.000745
379.433333,0.000745
379.466667,0.000745
379.5,0.000745
379.533333,0.000745
379.566667,0.000745
379.6,0.000745
379.633333,0.000745
379.666667,0.000745
379.7,0.000745
379.733333,0.000745
379.766667,0.000745
379.8,0.000745
379.833333,0.000745
379.866667,0.000745
379.9,0.000745
379.933333,0.000745
379.966667,0.000745
380,0.000745
380.033333,0.000745
380.066667,0.000745
380.1,0.000745
380.133333,0.000745
380.166667,0.000745
380.2,0.000745
380.233333,0.000745
380.266667,0.000745
380.3,0.000745
380.333333,0.000745
380.366667,0.000745
380.4,0.000745
380.433333,0.000745
380.466667,0.000745
380.5,165.109
380.533333,0.0045675
380.566667,0.00121
380.6,0.0007225
380.633333,0.000625
380.666667,0.000625
380.7,0.000625
380.733333,0.000625
380.766667,0.000625
380.8,0.000625
380.833333,0.000625
380.866667,0.000625
380.9,0.000625
380.933333,0.000625
380.966667,0.000625
381,0.000625
381.033333,0.000625
381.066667,0.000625
381.1,0.000625
381.133333,0.000625
381.166667,0.000625
381.2,0.000625
381.233333,0.000625
381.266667,0.000625
381.3,0.000625
381.333333,0.000625
381.366667,0.000625
381.4,0.000625
381.433333,0.000625
381.466667,0.000625
381.5,0.000625
381.533333,0.000625
381.566667,0.000625
381.6,0.000625
381.633333,0.000625
381.666667,0.000625
381.7,0.000625
381.733333,0.000625
381.766667,0.000625
381.8,0.000625
381.833333,0.000625
381.866667,0.000625
381.9,0.000625
381.933333,0.000625
381.966667,0.000625
382,0.000625
382.033333,0.000625
382.066667,0.000625
382.1,0.000625
382.133333,0.000625
382.166667,0.000625
382.2,0.000625
382.233333,0.000625
382.266667,0.000625
382.3,0.000625
382.333333,0.000625
382.366667,0.000625
382.4,0.000625
382.433333,0.000625
382.466667,0.000625
382.5,0.000625
382.533333,0.000625
382.566667,0.000625
382.6,0.000625
382.633333,0.000625
382.666667,0.000625
382.7,0.000625
382.733333,0.000625
382.766667,0.000625
382.8,0.000625
382.833333,0.000625
382.866667,0.000625
382.9,0.000625
382.933333,0.000625
382.966667,0.000625
383,0.000625
383.033333,0.000625
383.066667,0.000625
383.1,0.000625
383.133333,0.000625
383.166667,0.000625
383.2,0.000625
383.233333,0.000625
383.266667,0.000625
383.3,0.000625
383.333333,0.000625
383.366667,0.000625
383.4,0.000625
383.433333,0.000625
383.466667,0.000625
383.5,0.000625
383.533333,0.000625
383.566667,0.000625
383.6,0.000625
383.633333,0.000625
383.666667,0.000625
383.7,0.000625
383.733333,0.000625
383.766667,0.000625
383.8,0.000625
383.833333,0.000625
383.866667,0.000625
383.9,0.000625
383.933333,0.000625
383.966667,0.000625
384,0.0195775
384.033333,0.001405
384.066667,0.0004475
384.1,0.0003
384.133333,0.00028
384.166667,0.00028
384.2,0.00028
384.233333,0.00028
384.266667,0.00028
384.3,0.00028
384.333333,0.00028
384.366667,0.00028
384.4,0.00028
384.433333,0.00028
384.466667,0.00028
384.5,0.00028
384.533333,0.00028
384.566667,0.00028
384.6,0.00028
384.633333,0.00028
384.666667,0.00028
384.7,0.00028
384.733333,0.00028
384.766667,0.00028
384.8,0.00028
384.833333,0.00028
384.866667,0.00028
384.9,0.00028
384.933333,0.00028
384.966667,0.00028
385,0.00028
385.033333,0.00028
385.066667,0.00028
385.1,0.00028
385.133333,0.00028
385.166667,0.00028
385.2,0.00028
385.233333,0.00028
385.266667,0.00028
385.3,0.00028
385.333333,0.00028
385.366667,0.00028
385.4,0.00028
385.433333,0.00028
385.466667,0.00028
385.5,0.00028
385.533333,0.00028
385.566667,0.00028
385.6,0.00028
385.633333,0.00028
385.666667,0.00028
385.7,0.00028
385.733333,0.00028
385.766667,0.00028
385.8,0.00028
385.833333,0.00028
385.866667,0.00028
385.9,0.00028
385.933333,0.00028
385.966667,0.00028
386,0.00028
386.033333,0.00028
386.066667,0.00028
386.1,0.00028
386.133333,0.00028
386.166667,0.00028
386.2,0.00028
386.233333,0.00028
386.266667,0.00028
386.3,0.00028
386.333333,0.00028
386.366667,0.00028
386.4,0.00028
386.433333,0.00028
386.466667,0.00028
386.5,0.00028
386.533333,0.00028
386.566667,0.00028
386.6,0.00028
386.633333,0.00028
386.666667,0.00028
386.7,0.00028
386.733333,0.00028
386.766667,0.00028
386.8,0.00028
386.833333,0.00028
386.866667,0.00028
386.9,0.00028
386.933333,0.00028
386.966667,0.00028
387,0.00028
387.033333,0.00028
387.066667,0.00028
387.1,0.00028
387.133333,0.00028
387.166667,0.00028
387.2,0.00028
387.233333,0.00028
387.266667,0.00028
387.3,0.00028
387.333333,0.00028
387.366667,0.00028
387.4,0.00028
387.433333,0.00028
387.466667,0.00028
387.5,0.00028
387.533333,0.00028
387.566667,0.00028
387.6,0.00028
387.633333,0.00028
387.666667,0.00028
387.7,0.00028
387.733333,0.00028
387.766667,0.00028
387.8,0.00028
387.833333,0.00028
387.866667,0.00028
387.9,0.00028
387.933333,0.00028
387.966667,0.00028
388,0.00028
388.033333,0.00028
388.066667,0.00028
388.1,0.00028
388.133333,0.00028
388.166667,0.00028
388.2,0.00028
388.233333,0.00028
388.266667,0.00028
388.3,0.00028
388.333333,0.00028
388.366667,0.00028
388.4,0.00028
388.433333,0.00028
388.466667,0.00028
388.5,0.00028
388.533333,0.00028
388.566667,0.00028
388.6,0.00028
388.633333,0.00028
388.666667,0.00028
388.7,0.00028
388.733333,0.00028
388.766667,0.00028
388.8,0.00028
388.833333,0.00028
388.866667,0.00028
388.9,0.00028
388.933333,0.00028
388.966667,0.00028
389,0.00028
389.033333,0.00028
389.066667,0.00028
389.1,0.00028
389.133333,0.00028
389.166667,0.00028
389.2,0.00028
389.233333,0.00028
389.266667,0.00028
389.3,0.00028
389.333333,0.00028
389.366667,0.00028
389.4,0.00028
389.433333,0.00028
389.466667,0.00028
389.5,0.00028
389.533333,0.00028
389.566667,0.00028
389.6,0.00028
389.633333,0.00028
389.666667,0.00028
389.7,0.00028
389.733333,0.00028
389.766667,0.00028
389.8,0.00028
389.833333,0.00028
389.866667,0.00028
389.9,0.00028
389.933333,0.00028
389.966667,0.00028
390,0.00028
390.033333,0.00028
390.066667,0.00028
390.1,0.00028
390.133333,0.00028
390.166667,0.00028
390.2,0.00028
390.233333,0.00028
390.266667,0.00028
390.3,0.00028
390.333333,0.00028
390.366667,0.00028
390.4,0.00028
390.433333,0.00028
390.466667,0.00028
390.5,0.00028
390.533333,0.00028
390.566667,0.00028
390.6,0.00028
390.633333,0.00028
390.666667,0.00028
390.7,0.00028
390.733333,0.00028
390.766667,0.00028
390.8,0.00028
390.833333,0.00028
390.866667,0.00028
390.9,0.00028
390.933333,0.00028
390.966667,0.00028
391,0.00028
391.033333,0.00028
391.066667,0.00028
391.1,0.00028
391.133333,0.00028
391.166667,0.00028
391.2,0.00028
391.233333,0.00028
391.266667,0.00028
391.3,0.00028
391.333333,0.00028
391.366667,0.00028
391.4,0.00028
391.433333,0.00028
391.466667,0.00028
391.5,0.00028
391.533333,0.00028
391.566667,0.00028
391.6,0.00028
391.633333,0.00028
391.666667,0.00028
391.7,0.00028
391.733333,0.00028
391.766667,0.00028
391.8,0.00028
391.833333,0.00028
391.866667,0.00028
391.9,0.00028
391.933333,0.00028
391.966667,0.00028
392,0.0015275
392.033333,0.001405
392.066667,0.0004475
392.1,0.0003
392.133333,0.00028
392.166667,0.00028
392.2,0.00028
392.233333,0.00028
392.266667,0.00028
392.3,0.00028
392.333333,0.00028
392.366667,0.00028
392.4,0.00028
392.433333,0.00028
392.466667,0.00028
392.5,0.00028
392.533333,0.00028
392.566667,0.00028
392.6,0.00028
392.633333,0.00028
392.666667,0.00028
392.7,0.00028
392.733333,0.00028
392.766667,0.00028
392.8,0.00028
392.833333,0.00028
392.866667,0.00028
392.9,0.00028
392.933333,0.00028
392.966667,0.00028
393,0.00028
393.033333,0.00028
393.066667,0.00028
393.1,0.00028
393.133333,0.00028
393.166667,0.00028
393.2,0.00028
393.233333,0.00028
393.266667,0.00028
393.3,0.00028
393.333333,0.00028
393.366667,0.00028
393.4,0.00028
393.433333,0.00028
393.466667,0.00028
393.5,0.00028
393.533333,0.00028
393.566667,0.00028
393.6,0.00028
393.633333,0.00028
393.666667,0.00028
393.7,0.00028
393.733333,0.00028
393.766667,0.00028
393.8,0.00028
393.833333,0.00028
393.866667,0.00028
393.9,0.00028
393.933333,0.00028
393.966667,0.00028
394,0.00028
394.033333,0.00028
394.066667,3.6762
394.1,0.00012
394.133333,0.00012
394.166667,0.00012
394.2,0.00012
394.233333,0.00012
394.266667,0.00012
394.3,0.00012
394.333333,0.00012
394.366667,0.00012
394.4,0.00012
394.433333,0.00012
394.466667,0.00012
394.5,0.00012
394.533333,0.00012
394.566667,0.00012
394.6,0.00012
394.633333,0.00012
394.666667,0.00012
394.7,0.00012
394.733333,0.00012
394.766667,0.00012
394.8,0.00012
394.833333,0.00012
394.866667,0.00012
394.9,0.00012
394.933333,0.00012
394.966667,0.00012
395,0.00012
395.033333,0.00012
395.066667,0.00012
395.1,0.00012
395.133333,0.00012
395.166667,0.00012
395.2,0.00012
395.233333,0.00012
395.266667,0.00012
395.3,0.00012
395.333333,0.00012
395.366667,0.00012
395.4,0.00012
395.433333,0.00012
395.466667,0.00012
395.5,0.00012
395.533333,0.00012
395.566667,0.00012
395.6,0.00012
395.633333,0.00012
395.666667,0.00012
395.7,0.00012
395.733333,0.00012
395.766667,0.00012
395.8,0.00012
395.833333,0.00012
395.866667,0.00012
395.9,0.00012
395.933333,0.00012
395.966667,0.00012
396,0.00012
396.033333,0.00012
396.066667,0.00012
396.1,0.00012
396.133333,0.00012
396.166667,0.00012
396.2,0.00012
396.233333,0.00012
396.266667,0.00012
396.3,0.00012
396.333333,0.00012
396.366667,0.00012
396.4,0.00012
396.433333,0.00012
396.466667,0.00012
396.5,0.00012
396.533333,0.00012
396.566667,0.00012
396.6,0.00012
396.633333,0.00012
396.666667,0.00012
396.7,0.00012
396.733333,0.00012
396.766667,0.00012
396.8,0.00012
396.833333,0.00012
396.866667,0.00012
396.9,0.00012
396.933333,0.00012
396.966667,0.00012
397,0.00012
397.033333,0.00012
397.066667,0.00012
397.1,0.00012
397.133333,0.00012
397.166667,0.00012
397.2,0.00012
397.233333,0.00012
397.266667,0.00012
397.3,0.00012
397.333333,0.00012
397.366667,0.00012
397.4,0.00012
397.433333,0.00012
397.466667,0.00012
397.5,0.00012
397.533333,0.00012
397.566667,0.00012
397.6,0.00012
397.633333,0.00012
397.666667,0.00012
397.7,0.00012
397.733333,0.00012
397.766667,0.00012
397.8,0.00012
397.833333,0.00012
397.866667,0.00012
397.9,0.00012
397.933333,0.00012
397.966667,0.00012
398,0.00012
398.033333,0.00012
398.066667,0.00012
398.1,0.00012
398.133333,0.00012
398.166667,0.00012
398.2,0.00012
398.233333,0.00012
398.266667,0.00012
398.3,0.00012
398.333333,0.00012
398.366667,0.00012
398.4,0.00012
398.433333,0.00012
398.466667,0.00012
398.5,0.00012
398.533333,0.00012
398.566667,0.00012
398.6,0.00012
398.633333,0.00012
398.666667,0.00012
398.7,0.00012
398.733333,0.00012
398.766667,0.00012
398.8,0.00012
398.833333,0.00012
398.866667,0.00012
398.9,0.00012
398.933333,0.00012
398.966667,0.00012
399,0.00012
399.033333,0.00012
399.066667,0.00012
399.1,0.00012
399.133333,0.00012
399.166667,0.00012
399.2,0.00012
399.233333,0.00012
399.266667,0.00012
399.3,0.00012
399.333333,0.00012
399.366667,0.00012
399.4,0.00012
399.433333,0.00012
399.466667,0.00012
399.5,0.00012
399.533333,0.00012
399.566667,0.00012
399.6,0.00012
399.633333,0.00012
399.666667,0.00012
399.7,1.55653
399.733333,0.000815
399.766667,0.00033
399.8,0.0002375
399.833333,0.00023
399.866667,0.00023
399.9,0.00023
399.933333,0.00023
399.966667,0.00023
400,0.0028075
400.033333,0.00087
400.066667,0.00031
400.1,0.0001725
400.133333,0.00016
400.166667,0.00016
400.2,0.00016
400.233333,0.00016
400.266667,0.00016
400.3,0.00016
400.333333,0.00016
400.366667,0.00016
400.4,0.00016
400.433333,0.00016
400.466667,0.00016
400.5,0.00016
400.533333,0.00016
400.566667,0.00016
400.6,0.00016
400.633333,0.00016
400.666667,0.00016
400.7,0.00016
400.733333,0.00016
400.766667,0.00016
400.8,0.00016
400.833333,0.00016
400.866667,0.00016
400.9,0.00016
400.933333,0.00016
400.966667,0.00016
401,0.00016
401.033333,0.00016
401.066667,0.00016
401.1,0.00016
401.133333,0.00016
401.166667,0.00016
401.2,0.00016
401.233333,0.00016
401.266667,0.00016
401.3,0.00016
401.333333,0.00016
401.366667,0.00016
401.4,0.00016
401.433333,0.00016
401.466667,0.00016
401.5,0.00016
401.533333,0.00016
401.566667,0.00016
401.6,0.00016
401.633333,0.00016
401.666667,0.00016
401.7,0.00016
401.733333,0.00016
401.766667,0.00016
401.8,0.00016
401.833333,0.00016
401.866667,0.00016
401.9,0.00016
401.933333,0.00016
401.966667,0.00016
402,0.00016
402.033333,0.00016
402.066667,0.00016
402.1,0.00016
402.133333,0.00016
402.166667,0.00016
402.2,0.00016
402.233333,0.00016
402.266667,0.00016
402.3,0.00016
402.333333,0.00016
402.366667,0.00016
402.4,0.00016
402.433333,0.00016
402.466667,0.00016
402.5,0.00016
402.533333,0.00016
402.566667,0.00016
402.6,0.00016
402.633333,0.00016
402.666667,0.00016
402.7,0.00016
402.733333,0.00016
402.766667,0.00016
402.8,0.00016
402.833333,0.00016
402.866667,0.00016
402.9,0.00016
402.933333,0.00016
402.966667,0.00016
403,0.00016
403.033333,0.00016
403.066667,0.00016
403.1,0.00016
403.133333,0.00016
403.166667,0.00016
403.2,0.00016
403.233333,0.00016
403.266667,0.00016
403.3,0.00016
403.333333,0.00016
403.366667,0.00016
403.4,0.00016
403.433333,0.00016
403.466667,0.00016
403.5,0.00016
403.533333,0.00016
403.566667,0.00016
403.6,0.00016
403.633333,0.00016
403.666667,0.00016
403.7,0.00016
403.733333,0.00016
403.766667,0.00016
403.8,0.00016
403.833333,0.00016
403.866667,0.00016
403.9,0.00016
403.933333,0.00016
403.966667,0.00016
404,0.00016
404.033333,0.00016
404.066667,0.00016
404.1,0.00016
404.133333,0.00016
404.166667,0.00016
404.2,0.00016
404.233333,0.00016
404.266667,0.00016
404.3,0.00016
404.333333,0.00016
404.366667,0.00016
404.4,0.00016
404.433333,0.00016
404.466667,0.00016
404.5,0.00016
404.533333,0.00016
404.566667,0.00016
404.6,0.00016
404.633333,0.00016
404.666667,0.00016
404.7,0.00016
404.733333,0.00016
404.766667,0.00016
404.8,0.00016
404.833333,0.00016
404.866667,0.00016
404.9,0.00016
404.933333,0.00016
404.966667,0.00016
405,0.00016
405.033333,0.00016
405.066667,0.00016
405.1,0.00016
405.133333,0.00016
405.166667,0.00016
405.2,0.00016
405.233333,0.00016
405.266667,0.00016
405.3,0.00016
405.333333,0.00016
405.366667,0.00016
405.4,0.00016
405.433333,0.00016
405.466667,0.00016
405.5,0.00016
405.533333,0.00016
405.566667,0.00016
405.6,0.00016
405.633333,0.00016
405.666667,0.00016
405.7,0.00016
405.733333,0.00016
405.766667,0.00016
405.8,0.00016
405.833333,0.00016
405.866667,0.00016
405.9,0.00016
405.933333,0.00016
405.966667,0.00016
406,0.00016
406.033333,0.00016
406.066667,0.00016
406.1,0.00016
406.133333,0.00016
406.166667,0.00016
406.2,0.00016
406.233333,0.00016
406.266667,0.00016
406.3,0.00016
406.333333,0.00016
406.366667,0.00016
406.4,0.00016
406.433333,0.00016
406.466667,0.00016
406.5,0.00016
406.533333,0.00016
406.566667,0.00016
406.6,0.00016
406.633333,0.00016
406.666667,0.00016
406.7,0.00016
406.733333,0.00016
406.766667,0.00016
406.8,0.00016
406.833333,0.00016
406.866667,0.00016
406.9,0.00016
406.933333,0.00016
406.966667,0.00016
407,0.00016
407.033333,0.00016
407.066667,0.00016
407.1,0.00016
407.133333,0.00016
407.166667,0.00016
407.2,0.00016
407.233333,0.00016
407.266667,0.00016
407.3,0.00016
407.333333,0.00016
407.366667,0.00016
407.4,0.00016
407.433333,0.00016
407.466667,0.00016
407.5,0.00016
407.533333,0.00016
407.566667,0.00016
407.6,0.00016
407.633333,0.00016
407.666667,0.00016
407.7,0.00016
407.733333,0.00016
407.766667,0.00016
407.8,0.00016
407.833333,0.00016
407.866667,0.00016
407.9,0.00016
407.933333,0.00016
407.966667,0.00016
408,0.0009975
408.033333,0.00087
408.066667,0.00031
408.1,0.0001725
408.133333,0.00016
408.166667,0.00016
408.2,0.00016
408.233333,0.00016
408.266667,0.00016
408.3,0.00016
408.333333,0.00016
408.366667,0.00016
408.4,0.00016
408.433333,0.00016
408.466667,0.00016
408.5,0.00016
408.533333,0.00016
408.566667,0.00016
408.6,0.00016
408.633333,0.00016
408.666667,0.00016
408.7,0.00016
408.733333,0.00016
408.766667,0.00016
408.8,0.00016
408.833333,0.00016
408.866667,0.00016
408.9,0.00016
408.933333,0.00016
408.966667,0.00016
409,0.00016
409.033333,0.00016
409.066667,0.00016
409.1,0.00016
409.133333,0.00016
409.166667,0.00016
409.2,0.00016
409.233333,0.00016
409.266667,0.00016
409.3,0.00016
409.333333,0.00016
409.366667,0.00016
409.4,0.00016
409.433333,0.00016
409.466667,0.00016
409.5,0.00016
409.533333,0.00016
409.566667,0.00016
409.6,0.00016
409.633333,0.00016
409.666667,0.00016
409.7,0.00016
409.733333,0.00016
409.766667,0.00016
409.8,0.00016
409.833333,0.00016
409.866667,0.00016
409.9,0.00016
409.933333,0.00016
409.966667,0.00016
410,0.00016
410.033333,0.00016
410.066667,0.00016
410.1,0.00016
410.133333,0.00016
410.166667,0.00016
410.2,0.00016
410.233333,0.00016
410.266667,0.00016
410.3,0.00016
410.333333,0.00016
410.366667,0.00016
410.4,0.00016
410.433333,7.20625
410.466667,0.0035425
410.5,0.0008475
410.533333,0.0004875
410.566667,0.0004425
410.6,0.000435
410.633333,0.000435
410.666667,0.000435
410.7,0.000435
410.733333,0.000435
410.766667,0.000435
410.8,0.000435
410.833333,0.000435
410.866667,0.000435
410.9,0.000435
410.933333,0.000435
410.966667,0.000435
411,0.000435
411.033333,0.000435
411.066667,0.000435
411.1,0.000435
411.133333,0.000435
411.166667,0.000435
411.2,0.000435
411.233333,0.000435
411.266667,0.000435
411.3,0.000435
411.333333,0.000435
411.366667,0.000435
411.4,0.000435
411.433333,0.000435
411.466667,0.000435
411.5,0.000435
411.533333,0.000435
411.566667,0.000435
411.6,0.000435
411.633333,0.000435
411.666667,0.000435
411.7,0.000435
411.733333,0.000435
411.766667,0.000435
411.8,0.000435
411.833333,0.000435
411.866667,0.000435
411.9,0.000435
411.933333,0.000435
411.966667,0.000435
412,0.000435
412.033333,0.000435
412.066667,0.000435
412.1,0.000435
412.133333,0.000435
412.166667,0.000435
412.2,0.000435
412.233333,0.000435
412.266667,0.000435
412.3,0.000435
412.333333,0.000435
412.366667,0.000435
412.4,0.000435
412.433333,0.000435
412.466667,0.000435
412.5,0.000435
412.533333,0.000435
412.566667,0.000435
412.6,0.000435
412.633333,0.000435
412.666667,0.000435
412.7,0.000435
412.733333,0.000435
412.766667,0.000435
412.8,0.000435
412.833333,0.000435
412.866667,0.000435
412.9,0.000435
412.933333,0.000435
412.966667,0.000435
413,0.000435
413.033333,0.000435
413.066667,0.000435
413.1,0.000435
413.133333,0.000435
413.166667,0.000435
413.2,0.000435
413.233333,0.000435
413.266667,0.000435
413.3,0.000435
413.333333,0.000435
413.366667,0.000435
413.4,0.000435
413.433333,0.000435
413.466667,0.000435
413.5,0.000435
413.533333,0.000435
413.566667,0.000435
413.6,0.000435
413.633333,0.000435
413.666667,0.000435
413.7,0.000435
413.733333,0.000435
413.766667,0.000435
413.8,0.000435
413.833333,0.000435
413.866667,0.000435
413.9,0.000435
413.933333,0.000435
413.966667,0.000435
414,0.000435
414.033333,0.000435
414.066667,0.000435
414.1,0.000435
414.133333,0.000435
414.166667,0.000435
414.2,0.000435
414.233333,0.000435
414.266667,0.000435
414.3,0.000435
414.333333,0.000435
414.366667,0.000435
414.4,0.000435
414.433333,0.000435
414.466667,0.000435
414.5,0.000435
414.533333,0.000435
414.566667,0.000435
414.6,0.000435
414.633333,0.000435
414.666667,8.7618
414.7,0.0022475
414.733333,0.000575
414.766667,0.00029
414.8,0.000255
414.833333,0.000255
414.866667,0.000255
414.9,0.000255
414.933333,0.000255
414.966667,0.000255
415,0.000255
415.033333,0.000255
415.066667,0.000255
415.1,0.000255
415.133333,0.51143
415.166667,0.556177
415.2,0.325735
415.233333,0.181425
415.266667,0.134983
415.3,0.157702
415.333333,0.227085
415.366667,0.342965
415.4,0.105885
415.433333,0.231717
415.466667,0.288168
415.5,0.194298
415.533333,0.215785
415.566667,0.06584
415.6,0.136265
415.633333,0.00918
415.666667,0.000585
415.7,0.0005675
415.733333,0.000545
415.766667,0.000545
415.8,0.000545
415.833333,0.000545
415.866667,0.000545
415.9,0.000545
415.933333,0.000545
415.966667,0.000545
416,0.01854
416.033333,0.001405
416.066667,0.0004475
416.1,0.0003
416.133333,0.00028
416.166667,0.00028
416.2,0.00028
416.233333,0.00028
416.266667,0.00028
416.3,0.00028
416.333333,0.00028
416.366667,0.00028
416.4,0.00028
416.433333,0.00028
416.466667,0.00028
416.5,0.00028
416.533333,0.00028
416.566667,0.00028
416.6,0.00028
416.633333,0.00028
416.666667,0.00028
416.7,0.00028
416.733333,0.00028
416.766667,0.00028
416.8,0.00028
416.833333,0.00028
416.866667,0.00028
416.9,0.00028
416.933333,0.00028
416.966667,0.00028
417,0.00028
417.033333,0.00028
417.066667,0.00028
417.1,0.00028
417.133333,0.00028
417.166667,0.00028
417.2,0.00028
417.233333,0.00028
417.266667,0.00028
417.3,0.00028
417.333333,0.00028
417.366667,0.00028
417.4,0.00028
417.433333,0.00028
417.466667,0.00028
417.5,0.00028
417.533333,0.00028
417.566667,0.00028
417.6,0.00028
417.633333,0.00028
417.666667,5.62036
417.7,0.003185
417.733333,0.0008325
417.766667,0.0005375
417.8,0.00048
417.833333,0.00047
417.866667,0.00047
417.9,0.00047
417.933333,0.00047
417.966667,0.00047
418,0.00047
418.033333,0.00047
418.066667,0.00047
418.1,0.00047
418.133333,0.00047
418.166667,0.00047
418.2,0.00047
418.233333,0.00047
418.266667,0.00047
418.3,0.00047
418.333333,0.00047
418.366667,0.00047
418.4,0.00047
418.433333,0.00047
418.466667,0.00047
418.5,0.00047
418.533333,0.00047
418.566667,0.00047
418.6,0.00047
418.633333,0.00047
418.666667,0.00047
418.7,0.00047
418.733333,0.00047
418.766667,0.00047
418.8,0.00047
418.833333,0.00047
418.866667,0.00047
418.9,0.00047
418.933333,0.00047
418.966667,0.00047
419,0.00047
419.033333,0.00047
419.066667,0.00047
419.1,0.00047
419.133333,0.00047
419.166667,0.00047
419.2,0.00047
419.233333,0.00047
419.266667,0.00047
419.3,0.00047
419.333333,0.00047
419.366667,0.00047
419.4,0.00047
419.433333,0.00047
419.466667,0.00047
419.5,0.00047
419.533333,0.00047
419.566667,0.00047
419.6,0.00047
419.633333,0.00047
419.666667,0.00047
419.7,0.00047
419.733333,0.00047
419.766667,0.00047
419.8,0.00047
419.833333,0.00047
419.866667,0.00047
419.9,0.00047
419.933333,0.00047
419.966667,0.00047
420,0.00047
420.033333,0.00047
420.066667,0.00047
420.1,0.00047
420.133333,0.00047
420.166667,0.00047
420.2,0.00047
420.233333,0.00047
420.266667,0.00047
420.3,0.00047
420.333333,0.00047
420.366667,0.00047
420.4,0.00047
420.433333,0.00047
420.466667,0.00047
420.5,0.00047
420.533333,0.00047
420.566667,0.00047
420.6,0.00047
420.633333,0.00047
420.666667,0.00047
420.7,0.00047
420.733333,0.00047
420.766667,0.00047
420.8,0.00047
420.833333,0.00047
420.866667,0.00047
420.9,0.00047
420.933333,0.00047
420.966667,0.00047
421,0.00047
421.033333,0.00047
421.066667,0.00047
421.1,0.00047
421.133333,0.00047
421.166667,0.00047
421.2,0.00047
421.233333,0.00047
421.266667,0.00047
421.3,0.00047
421.333333,0.00047
421.366667,0.00047
421.4,0.00047
421.433333,0.00047
421.466667,0.00047
421.5,0.00047
421.533333,0.00047
421.566667,0.00047
421.6,0.00047
421.633333,0.00047
421.666667,0.00047
421.7,0.00047
421.733333,0.00047
421.766667,0.00047
421.8,0.00047
421.833333,0.00047
421.866667,0.00047
421.9,0.00047
421.933333,0.00047
421.966667,0.00047
422,0.00047
422.033333,0.00047
422.066667,0.00047
422.1,0.00047
422.133333,0.00047
422.166667,0.00047
422.2,0.00047
422.233333,0.00047
422.266667,0.00047
422.3,0.00047
422.333333,0.00047
422.366667,0.00047
422.4,0.00047
422.433333,0.00047
422.466667,0.00047
422.5,0.00047
422.533333,0.00047
422.566667,0.00047
422.6,0.00047
422.633333,0.00047
422.666667,0.00047
422.7,0.00047
422.733333,0.00047
422.766667,0.00047
422.8,0.00047
422.833333,0.00047
422.866667,0.00047
422.9,0.00047
422.933333,0.00047
422.966667,0.00047
423,0.00047
423.033333,0.00047
423.066667,0.00047
423.1,0.00047
423.133333,0.00047
423.166667,0.00047
423.2,0.00047
423.233333,0.00047
423.266667,0.00047
423.3,0.00047
423.333333,0.00047
423.366667,0.00047
423.4,0.00047
423.433333,0.00047
423.466667,0.00047
423.5,0.00047
423.533333,0.00047
423.566667,0.00047
423.6,0.00047
423.633333,0.00047
423.666667,0.00047
423.7,0.00047
423.733333,0.00047
423.766667,0.00047
423.8,0.00047
423.833333,0.00047
423.866667,0.00047
423.9,0.00047
423.933333,0.00047
423.966667,0.00047
424,0.0128125
424.033333,0.00068
424.066667,0.000155
424.1,9.5
424.133333,9
424.166667,9
424.2,9
424.233333,9
424.266667,9
424.3,9
424.333333,9
424.366667,9
424.4,9
424.433333,9
424.466667,9
424.5,9
424.533333,9
424.566667,9
424.6,9
424.633333,9
424.666667,9
424.7,9
424.733333,9
424.766667,9
424.8,9
424.833333,9
424.866667,9
424.9,9
424.933333,9
424.966667,9
425,9
425.033333,9
425.066667,9
425.1,9
425.133333,9
425.166667,9
425.2,9
425.233333,9
425.266667,9
425.3,9
425.333333,9
425.366667,9
425.4,9
425.433333,9
425.466667,9
425.5,9
425.533333,9
425.566667,9
425.6,9
425.633333,9
425.666667,9
425.7,9
425.733333,9
425.766667,9
425.8,9
425.833333,9
425.866667,9
425.9,9
425.933333,9
425.966667,9
426,9
426.033333,9
426.066667,9
426.1,9
426.133333,9
426.166667,9
426.2,9
426.233333,9
426.266667,9
426.3,9
426.333333,9
426.366667,9
426.4,9
426.433333,9
426.466667,9
426.5,9
426.533333,9
426.566667,9
426.6,9
426.633333,9
426.666667,9
426.7,9
426.733333,9
426.766667,9
426.8,9
426.833333,9
426.866667,9
426.9,9
426.933333,9
426.966667,9
427,9
427.033333,9
427.066667,9
427.1,9
427.133333,9
427.166667,9
427.2,9
427.233333,9
427.266667,9
427.3,9
427.333333,9
427.366667,9
427.4,9
427.433333,9
427.466667,9
427.5,9
427.533333,9
427.566667,9
427.6,9
427.633333,9
427.666667,9
427.7,9
427.733333,9
427.766667,9
427.8,9
427.833333,9
427.866667,9
427.9,9
427.933333,9
427.966667,9
428,9
428.033333,9
428.066667,9
428.1,9
428.133333,9
428.166667,9
428.2,9
428.233333,9
428.266667,9
428.3,9
428.333333,9
428.366667,9
428.4,9
428.433333,9
428.466667,9
428.5,9
428.533333,9
428.566667,9
428.6,9
428.633333,9
428.666667,9
428.7,9
428.733333,9
428.766667,9
428.8,9
428.833333,9
428.866667,9
428.9,9
428.933333,9
428.966667,9
429,9
429.033333,9
429.066667,9
429.1,9
429.133333,9
429.166667,9
429.2,9
429.233333,9
429.266667,9
429.3,9
429.333333,9
429.366667,9
429.4,9
429.433333,9
429.466667,9
429.5,9
429.533333,9
429.566667,9
429.6,9
429.633333,9
429.666667,9
429.7,9
429.733333,9
429.766667,9
429.8,9
429.833333,9
429.866667,9
429.9,9
429.933333,9
429.966667,9
430,9
430.033333,9
430.066667,9
430.1,9
430.133333,9
430.166667,9
430.2,9
430.233333,9
430.266667,9
430.3,9
430.333333,9
430.366667,9
430.4,9
430.433333,9
430.466667,9
430.5,9
430.533333,9
430.566667,9
430.6,9
430.633333,9
430.666667,9
430.7,9
430.733333,9
430.766667,9
430.8,9
430.833333,9
430.866667,9
430.9,9
430.933333,9
430.966667,9
431,9
431.033333,9
431.066667,9
431.1,9
431.133333,9
431.166667,9
431.2,9
431.233333,9
431.266667,9
431.3,9
431.333333,9
431.366667,9
431.4,9
431.433333,9
431.466667,9
431.5,9
431.533333,9
431.566667,9
431.6,9
431.633333,9
431.666667,9
431.7,9
431.733333,9
431.766667,9
431.8,9
431.833333,9
431.866667,9
431.9,9
431.933333,9
431.966667,9
432,0.00073
432.033333,0.00068
432.066667,0.000155
432.1,9.5
432.133333,9
432.166667,9
432.2,9
432.233333,9
432.266667,9
432.3,9
432.333333,9
432.366667,9
432.4,9
432.433333,9
432.466667,9
432.5,9
432.533333,9
432.566667,9
432.6,9
432.633333,9
432.666667,9
432.7,9
432.733333,9
432.766667,9
432.8,9
432.833333,9
432.866667,9
432.9,9
432.933333,9
432.966667,9
433,9
433.033333,9
433.066667,9
433.1,9
433.133333,9
433.166667,9
433.2,9
433.233333,9
433.266667,9
433.3,9
433.333333,9
433.366667,9
433.4,9
433.433333,9
433.466667,9
433.5,9
433.533333,9
433.566667,9
433.6,9
433.633333,9
433.666667,9
433.7,9
433.733333,9
433.766667,9
433.8,9
433.833333,9
433.866667,9
433.9,9
433.933333,9
433.966667,9
434,9
434.033333,9
434.066667,9
434.1,9
434.133333,9
434.166667,9
434.2,9
434.233333,9
434.266667,9
434.3,9
434.333333,9
434.366667,9
434.4,9
434.433333,9
434.466667,9
434.5,9
434.533333,9
434.566667,9
434.6,9
434.633333,9
434.666667,9
434.7,9
434.733333,9
434.766667,9
434.8,9
434.833333,9
434.866667,9
434.9,9
434.933333,9
434.966667,9
435,9
435.033333,9
435.066667,9
435.1,9
435.133333,9
435.166667,9
435.2,9
435.233333,9
435.266667,9
435.3,9
435.333333,9
435.366667,9
435.4,9
435.433333,9
435.466667,9
435.5,9
435.533333,9
435.566667,9
435.6,9
435.633333,9
435.666667,9
435.7,9
435.733333,9
435.766667,9
435.8,9
435.833333,0.202247
435.866667,0.411017
435.9,0.932928
435.933333,0.31422
435.966667,0.49909
436,0.257195
436.033333,0.61111
436.066667,0.15731
436.1,0.294478
436.133333,0.0479775
436.166667,0.113915
436.2,0.0611075
436.233333,0.149865
436.266667,0.0471125
436.3,0.113812
436.333333,0.43829
436.366667,0.634282
436.4,0.020245
436.433333,0.099115
436.466667,0.312018
436.5,0.327055
436.533333,0.27339
436.566667,0.234305
436.6,0.158445
436.633333,0.105605
436.666667,0.261053
436.7,0.00055
436.733333,0.0004825
436.766667,0.000445
436.8,0.000445
436.833333,0.000445
436.866667,0.000445
436.9,0.000445
436.933333,0.000445
436.966667,0.000445
437,0.000445
437.033333,0.000445
437.066667,0.000445
437.1,0.000445
437.133333,0.000445
437.166667,0.000445
437.2,0.000445
437.233333,0.000445
437.266667,0.000445
437.3,0.000445
437.333333,0.000445
437.366667,0.000445
437.4,0.000445
437.433333,0.000445
437.466667,0.000445
437.5,0.000445
437.533333,0.000445
437.566667,0.000445
437.6,0.000445
437.633333,0.000445
437.666667,0.000445
437.7,0.000445
437.733333,0.000445
437.766667,0.000445
437.8,0.000445
437.833333,0.000445
437.866667,0.000445
437.9,0.000445
437.933333,0.000445
437.966667,0.000445
438,0.000445
438.033333,0.000445
438.066667,0.000445
438.1,0.000445
438.133333,0.000445
438.166667,0.000445
438.2,0.000445
438.233333,0.000445
438.266667,0.000445
438.3,0.000445
438.333333,0.000445
438.366667,0.000445
438.4,0.000445
438.433333,0.000445
438.466667,0.000445
438.5,0.000445
438.533333,0.000445
438.566667,0.000445
438.6,0.000445
438.633333,0.000445
438.666667,0.000445
438.7,0.000445
438.733333,0.000445
438.766667,0.000445
438.8,0.000445
438.833333,100.937
438.866667,0.0061575
438.9,0.0014325
438.933333,0.0008425
438.966667,0.000745
439,0.000755
439.033333,0.000745
439.066667,0.000755
439.1,0.000745
439.133333,0.000755
439.166667,0.000745
439.2,0.000755
439.233333,0.000745
439.266667,0.000755
439.3,0.000745
439.333333,0.000755
439.366667,0.000745
439.4,0.000755
439.433333,0.000745
439.466667,0.000755
439.5,0.000745
439.533333,0.000755
439.566667,0.000745
439.6,0.000755
439.633333,0.000745
439.666667,0.000755
439.7,0.000745
439.733333,0.000755
439.766667,0.000745
439.8,0.000755
439.833333,0.000745
439.866667,0.000755
439.9,0.000745
439.933333,0.000755
439.966667,0.000745
440,0.0227325
440.033333,0.00165
440.066667,0.000475
440.1,0.0003625
440.133333,0.00032
440.166667,0.00032
440.2,0.00032
440.233333,0.00032
440.266667,0.00032
440.3,0.00032
440.333333,0.00032
440.366667,0.00032
440.4,0.00032
440.433333,0.00032
440.466667,0.00032
440.5,0.00032
440.533333,0.00032
440.566667,0.00032
440.6,0.00032
440.633333,0.00032
440.666667,0.00032
440.7,0.00032
440.733333,0.00032
440.766667,0.00032
440.8,0.00032
440.833333,0.00032
440.866667,0.00032
440.9,0.00032
440.933333,0.00032
440.966667,0.00032
441,19.7093
441.033333,0.00349
441.066667,0.00097
441.1,0.00062
441.133333,0.0005975
441.166667,0.000585
441.2,0.000585
441.233333,0.000585
441.266667,0.000585
441.3,0.000585
441.333333,0.000585
441.366667,0.000585
441.4,0.000585
441.433333,0.000585
441.466667,0.000585
441.5,0.000585
441.533333,0.000585
441.566667,0.000585
441.6,0.000585
441.633333,0.000585
441.666667,0.000585
441.7,0.000585
441.733333,0.000585
441.766667,0.000585
441.8,0.000585
441.833333,0.000585
441.866667,0.000585
441.9,0.000585
441.933333,0.000585
441.966667,0.000585
442,0.000585
442.033333,0.000585
442.066667,0.000585
442.1,0.000585
442.133333,0.000585
442.166667,0.000585
442.2,0.000585
442.233333,0.000585
442.266667,0.000585
442.3,0.000585
442.333333,0.000585
442.366667,0.000585
442.4,0.000585
442.433333,0.000585
442.466667,0.000585
442.5,0.000585
442.533333,0.000585
442.566667,0.000585
442.6,0.000585
442.633333,0.000585
442.666667,0.000585
442.7,0.000585
442.733333,0.000585
442.766667,0.000585
442.8,0.000585
442.833333,0.000585
442.866667,0.000585
442.9,0.000585
442.933333,0.000585
442.966667,0.000585
443,0.000585
443.033333,0.000585
443.066667,0.000585
443.1,0.000585
443.133333,0.000585
443.166667,0.000585
443.2,0.000585
443.233333,0.000585
443.266667,0.000585
443.3,0.000585
443.333333,0.000585
443.366667,0.000585
443.4,0.000585
443.433333,0.000585
443.466667,0.000585
443.5,0.000585
443.533333,0.000585
443.566667,0.000585
443.6,0.000585
443.633333,0.000585
443.666667,0.000585
443.7,0.000585
443.733333,0.000585
443.766667,0.000585
443.8,0.000585
443.833333,0.000585
443.866667,0.000585
443.9,0.000585
443.933333,0.000585
443.966667,0.000585
444,0.000585
444.033333,0.000585
444.066667,0.000585
444.1,0.000585
444.133333,0.000585
444.166667,0.000585
444.2,0.000585
444.233333,0.000585
444.266667,0.000585
444.3,0.000585
444.333333,0.000585
444.366667,0.000585
444.4,0.000585
444.433333,0.000585
444.466667,0.000585
444.5,0.000585
444.533333,0.000585
444.566667,0.000585
444.6,0.000585
444.633333,0.000585
444.666667,0.000585
444.7,0.000585
444.733333,0.000585
444.766667,0.000585
444.8,0.000585
444.833333,0.000585
444.866667,0.000585
444.9,0.000585
444.933333,0.000585
444.966667,0.000585
445,0.000585
445.033333,0.000585
445.066667,0.000585
445.1,0.000585
445.133333,0.000585
445.166667,0.000585
445.2,0.000585
445.233333,0.000585
445.266667,0.000585
445.3,0.000585
445.333333,0.000585
445.366667,0.000585
445.4,0.000585
445.433333,0.000585
445.466667,0.000585
445.5,0.000585
445.533333,0.000585
445.566667,0.000585
445.6,0.000585
445.633333,0.000585
445.666667,0.000585
445.7,0.000585
445.733333,0.000585
445.766667,0.000585
445.8,0.000585
445.833333,0.000585
445.866667,0.000585
445.9,0.000585
445.933333,0.000585
445.966667,0.000585
446,0.000585
446.033333,0.000585
446.066667,0.000585
446.1,0.000585
446.133333,0.000585
446.166667,0.000585
446.2,0.000585
446.233333,0.000585
446.266667,0.000585
446.3,0.000585
446.333333,0.000585
446.366667,0.000585
446.4,0.000585
446.433333,0.000585
446.466667,0.000585
446.5,0.000585
446.533333,0.000585
446.566667,0.000585
446.6,0.000585
446.633333,0.000585
446.666667,0.000585
446.7,0.000585
446.733333,0.000585
446.766667,0.000585
446.8,0.000585
446.833333,0.000585
446.866667,0.000585
446.9,0.000585
446.933333,0.000585
446.966667,0.000585
447,0.000585
447.033333,0.000585
447.066667,0.000585
447.1,0.000585
447.133333,0.000585
447.166667,0.000585
447.2,0.000585
447.233333,0.000585
447.266667,0.000585
447.3,0.000585
447.333333,0.000585
447.366667,0.000585
447.4,0.000585
447.433333,0.000585
447.466667,0.000585
447.5,0.000585
447.533333,0.000585
447.566667,0.000585
447.6,0.000585
447.633333,0.000585
447.666667,0.000585
447.7,0.000585
447.733333,0.000585
447.766667,0.000585
447.8,0.000585
447.833333,0.000585
447.866667,0.000585
447.9,0.000585
447.933333,0.000585
447.966667,0.000585
448,0.01625
448.033333,0.00175
448.066667,0.0004825
448.1,0.0003425
448.133333,0.000305
448.166667,0.0003
448.2,0.0003
448.233333,0.0003
448.266667,0.0003
448.3,0.0003
448.333333,0.0003
448.366667,0.0003
448.4,0.0003
448.433333,0.0003
448.466667,0.0003
448.5,0.0003
448.533333,0.0003
448.566667,0.0003
448.6,0.0003
448.633333,0.0003
448.666667,0.0003
448.7,0.0003
448.733333,0.0003
448.766667,0.0003
448.8,0.0003
448.833333,0.0003
448.866667,0.0003
448.9,0.0003
448.933333,0.0003
448.966667,0.0003
449,0.0003
449.033333,0.0003
449.066667,0.0003
449.1,0.0003
449.133333,0.0003
449.166667,0.0003
449.2,0.0003
449.233333,0.0003
449.266667,0.0003
449.3,0.0003
449.333333,0.0003
449.366667,0.0003
449.4,0.0003
449.433333,0.0003
449.466667,0.0003
449.5,0.0003
449.533333,0.0003
449.566667,0.0003
449.6,0.0003
449.633333,0.0003
449.666667,0.0003
449.7,0.0003
449.733333,0.0003
449.766667,0.0003
449.8,0.0003
449.833333,0.0003
449.866667,0.0003
449.9,0.0003
449.933333,0.0003
449.966667,0.0003
450,0.0003
450.033333,0.0003
450.066667,0.0003
450.1,0.0003
450.133333,0.0003
450.166667,0.0003
450.2,0.0003
450.233333,0.0003
450.266667,0.0003
450.3,0.0003
450.333333,0.0003
450.366667,0.0003
450.4,0.0003
450.433333,0.0003
450.466667,0.0003
450.5,0.0003
450.533333,0.0003
450.566667,0.0003
450.6,0.0003
450.633333,0.0003
450.666667,0.0003
450.7,0.0003
450.733333,0.0003
450.766667,0.0003
450.8,0.0003
450.833333,0.0003
450.866667,0.0003
450.9,0.0003
450.933333,0.0003
450.966667,0.0003
451,0.0003
451.033333,0.0003
451.066667,0.0003
451.1,0.0003
451.133333,0.0003
451.166667,0.0003
451.2,0.0003
451.233333,0.0003
451.266667,0.0003
451.3,0.0003
451.333333,0.0003
451.366667,0.0003
451.4,0.0003
451.433333,0.0003
451.466667,0.0003
451.5,0.0003
451.533333,0.0003
451.566667,0.0003
451.6,0.0003
451.633333,0.0003
451.666667,0.0003
451.7,0.0003
451.733333,0.0003
451.766667,0.0003
451.8,0.0003
451.833333,0.0003
451.866667,0.0003
451.9,0.0003
451.933333,0.0003
451.966667,0.0003
452,0.0003
452.033333,0.0003
452.066667,0.0003
452.1,0.0003
452.133333,0.0003
452.166667,0.0003
452.2,0.0003
452.233333,0.0003
452.266667,0.0003
452.3,0.0003
452.333333,0.0003
452.366667,0.0003
452.4,0.0003
452.433333,0.0003
452.466667,0.0003
452.5,0.0003
452.533333,0.0003
452.566667,0.0003
452.6,0.0003
452.633333,0.0003
452.666667,0.0003
452.7,0.0003
452.733333,0.0003
452.766667,0.0003
452.8,0.0003
452.833333,0.0003
452.866667,0.0003
452.9,0.0003
452.933333,0.0003
452.966667,0.0003
453,0.0003
453.033333,0.0003
453.066667,0.0003
453.1,0.0003
453.133333,0.0003
453.166667,0.0003
453.2,0.0003
453.233333,0.0003
453.266667,0.0003
453.3,0.0003
453.333333,0.0003
453.366667,0.0003
453.4,0.0003
453.433333,0.0003
453.466667,0.0003
453.5,0.0003
453.533333,0.0003
453.566667,0.0003
453.6,0.0003
453.633333,0.0003
453.666667,0.0003
453.7,0.0003
453.733333,0.0003
453.766667,0.0003
453.8,0.0003
453.833333,0.0003
453.866667,0.0003
453.9,0.0003
453.933333,0.0003
453.966667,0.0003
454,0.0003
454.033333,0.0003
454.066667,0.0003
454.1,0.0003
454.133333,0.0003
454.166667,0.0003
454.2,0.0003
454.233333,0.0003
454.266667,0.0003
454.3,0.0003
454.333333,0.0003
454.366667,0.0003
454.4,0.0003
454.433333,0.0003
454.466667,0.0003
454.5,0.0003
454.533333,0.0003
454.566667,0.0003
454.6,0.0003
454.633333,0.0003
454.666667,0.0003
454.7,0.0003
454.733333,0.0003
454.766667,0.0003
454.8,0.0003
454.833333,0.0003
454.866667,0.0003
454.9,0.0003
454.933333,0.0003
454.966667,0.0003
455,0.0003
455.033333,0.0003
455.066667,0.0003
455.1,0.0003
455.133333,0.0003
455.166667,0.0003
455.2,0.0003
455.233333,0.0003
455.266667,0.0003
455.3,0.0003
455.333333,0.0003
455.366667,0.0003
455.4,0.0003
455.433333,0.0003
455.466667,0.0003
455.5,0.0003
455.533333,0.0003
455.566667,0.0003
455.6,0.0003
455.633333,0.0003
455.666667,0.0003
455.7,0.0003
455.733333,0.0003
455.766667,0.0003
455.8,0.0003
455.833333,0.0003
455.866667,0.0003
455.9,0.0003
455.933333,0.0003
455.966667,0.0003
456,0.001885
456.033333,0.00175
456.066667,0.0004825
456.1,0.0003425
456.133333,0.000305
456.166667,0.0003
456.2,0.0003
456.233333,0.0003
456.266667,0.0003
456.3,0.0003
456.333333,0.0003
456.366667,0.0003
456.4,0.0003
456.433333,0.0003
456.466667,0.0003
456.5,0.0003
456.533333,0.0003
456.566667,0.0003
456.6,0.0003
456.633333,0.0003
456.666667,0.0003
456.7,0.0003
456.733333,0.0003
456.766667,0.0003
456.8,0.0003
456.833333,0.0003
456.866667,0.0003
456.9,0.0003
456.933333,0.0003
456.966667,0.0003
457,0.0003
457.033333,0.0003
457.066667,0.0003
457.1,0.0003
457.133333,0.0003
457.166667,0.0003
457.2,0.0003
457.233333,0.0003
457.266667,0.0003
457.3,0.0003
457.333333,0.0003
457.366667,0.0003
457.4,0.0003
457.433333,0.0003
457.466667,0.0003
457.5,0.0003
457.533333,0.0003
457.566667,0.0003
457.6,0.0003
457.633333,0.0003
457.666667,0.0003
457.7,0.0003
457.733333,0.0003
457.766667,0.0003
457.8,0.0003
457.833333,0.0003
457.866667,0.0003
457.9,0.0003
457.933333,0.0003
457.966667,0.0003
458,0.0003
458.033333,0.0003
458.066667,0.0003
458.1,0.0003
458.133333,0.0003
458.166667,0.0003
458.2,0.0003
458.233333,0.0003
458.266667,0.0003
458.3,0.0003
458.333333,0.0003
458.366667,0.0003
458.4,0.0003
458.433333,0.0003
458.466667,0.0003
458.5,0.0003
458.533333,0.0003
458.566667,0.0003
458.6,0.0003
458.633333,0.0003
458.666667,0.0003
458.7,0.0003
458.733333,0.0003
458.766667,0.0003
458.8,0.0003
458.833333,0.0003
458.866667,0.0003
458.9,0.0003
458.933333,0.0003
458.966667,0.0003
459,0.0003
459.033333,0.0003
459.066667,0.0003
459.1,0.0003
459.133333,0.0003
459.166667,0.0003
459.2,0.0003
459.233333,0.0003
459.266667,0.0003
459.3,0.0003
459.333333,0.0003
459.366667,0.0003
459.4,0.0003
459.433333,0.0003
459.466667,0.0003
459.5,0.0003
459.533333,0.0003
459.566667,0.0003
459.6,0.0003
459.633333,0.0003
459.666667,0.0003
459.7,0.0003
459.733333,0.0003
459.766667,0.0003
459.8,0.0003
459.833333,0.0003
459.866667,0.0003
459.9,0.0003
459.933333,0.0003
459.966667,0.0003
460,0.0003
460.033333,0.0003
460.066667,0.0003
460.1,0.0003
460.133333,0.0003
460.166667,0.0003
460.2,0.0003
460.233333,0.0003
460.266667,0.0003
460.3,0.0003
460.333333,0.0003
460.366667,0.0003
460.4,0.0003
460.433333,0.0003
460.466667,0.0003
460.5,0.0003
460.533333,0.0003
460.566667,0.0003
460.6,0.0003
460.633333,0.0003
460.666667,0.0003
460.7,0.0003
460.733333,0.0003
460.766667,0.0003
460.8,0.0003
460.833333,0.0003
460.866667,0.0003
460.9,0.0003
460.933333,0.0003
460.966667,0.0003
461,0.0003
461.033333,0.0003
461.066667,0.0003
461.1,0.0003
461.133333,0.0003
461.166667,0.0003
461.2,0.0003
461.233333,0.0003
461.266667,0.0003
461.3,0.0003
461.333333,0.0003
461.366667,0.0003
461.4,0.0003
461.433333,0.0003
461.466667,0.0003
461.5,0.0003
461.533333,0.0003
461.566667,0.0003
461.6,0.0003
461.633333,0.0003
461.666667,0.0003
461.7,0.0003
461.733333,0.0003
461.766667,0.0003
461.8,0.0003
461.833333,0.0003
461.866667,0.0003
461.9,0.0003
461.933333,0.0003
461.966667,0.0003
462,0.0003
462.033333,0.0003
462.066667,0.0003
462.1,0.0003
462.133333,0.0003
462.166667,0.0003
462.2,0.0003
462.233333,0.0003
462.266667,0.0003
462.3,0.0003
462.333333,0.0003
462.366667,0.0003
462.4,0.0003
462.433333,0.0003
462.466667,0.0003
462.5,0.0003
462.533333,0.0003
462.566667,0.0003
462.6,0.0003
462.633333,0.0003
462.666667,0.0003
462.7,0.0003
462.733333,0.0003
462.766667,0.0003
462.8,0.0003
462.833333,0.0003
462.866667,0.0003
462.9,0.0003
462.933333,0.0003
462.966667,0.0003
463,0.0003
463.033333,0.0003
463.066667,0.0003
463.1,0.0003
463.133333,0.0003
463.166667,0.0003
463.2,0.0003
463.233333,0.0003
463.266667,0.0003
463.3,0.0003
463.333333,0.0003
463.366667,0.0003
463.4,0.0003
463.433333,0.0003
463.466667,0.0003
463.5,0.0003
463.533333,0.0003
463.566667,0.0003
463.6,0.0003
463.633333,0.0003
463.666667,0.0003
463.7,0.0003
463.733333,0.0003
463.766667,0.0003
463.8,0.0003
463.833333,0.0003
463.866667,0.0003
463.9,0.0003
463.933333,0.0003
463.966667,0.0003
464,0.001885
464.033333,0.00175
464.066667,0.0004825
464.1,0.0003425
464.133333,0.000305
464.166667,0.0003
464.2,0.0003
464.233333,0.0003
464.266667,0.0003
464.3,0.0003
464.333333,0.0003
464.366667,0.0003
464.4,0.0003
464.433333,0.0003
464.466667,0.0003
464.5,0.0003
464.533333,0.0003
464.566667,0.0003
464.6,0.0003
464.633333,0.0003
464.666667,0.0003
464.7,0.0003
464.733333,0.0003
464.766667,0.0003
464.8,0.0003
464.833333,0.0003
464.866667,0.0003
464.9,0.0003
464.933333,0.0003
464.966667,0.0003
465,0.0003
465.033333,0.0003
465.066667,0.0003
465.1,0.0003
465.133333,0.0003
465.166667,0.0003
465.2,0.0003
465.233333,0.0003
465.266667,0.0003
465.3,0.0003
465.333333,0.0003
465.366667,0.0003
465.4,0.0003
465.433333,0.0003
465.466667,0.0003
465.5,0.0003
465.533333,0.0003
465.566667,0.0003
465.6,0.0003
465.633333,0.0003
465.666667,0.0003
465.7,0.0003
465.733333,0.0003
465.766667,0.0003
465.8,0.0003
465.833333,0.0003
465.866667,0.0003
465.9,0.0003
465.933333,0.0003
465.966667,0.0003
466,0.0003
466.033333,0.0003
466.066667,0.0003
466.1,0.0003
466.133333,0.0003
466.166667,0.0003
466.2,0.0003
466.233333,0.0003
466.266667,0.0003
466.3,0.0003
466.333333,0.0003
466.366667,0.0003
466.4,0.0003
466.433333,0.0003
466.466667,0.0003
466.5,0.0003
466.533333,0.0003
466.566667,0.0003
466.6,0.0003
466.633333,0.0003
466.666667,0.0003
466.7,0.0003
466.733333,0.0003
466.766667,0.0003
466.8,0.0003
466.833333,0.0003
466.866667,0.0003
466.9,0.0003
466.933333,0.0003
466.966667,0.0003
467,0.0003
467.033333,0.0003
467.066667,0.0003
467.1,0.0003
467.133333,0.0003
467.166667,0.0003
467.2,0.0003
467.233333,0.0003
467.266667,0.0003
467.3,0.0003
467.333333,0.0003
467.366667,0.0003
467.4,0.0003
467.433333,0.0003
467.466667,0.0003
467.5,0.0003
467.533333,0.0003
467.566667,0.0003
467.6,0.0003
467.633333,0.0003
467.666667,0.0003
467.7,0.0003
467.733333,0.0003
467.766667,0.0003
467.8,0.0003
467.833333,0.0003
467.866667,0.0003
467.9,0.0003
467.933333,0.0003
467.966667,0.0003
468,0.0003
468.033333,0.0003
468.066667,0.0003
468.1,0.0003
468.133333,0.0003
468.166667,0.0003
468.2,0.0003
468.233333,0.0003
468.266667,0.0003
468.3,0.0003
468.333333,0.0003
468.366667,0.0003
468.4,0.0003
468.433333,0.0003
468.466667,0.0003
468.5,0.0003
468.533333,0.0003
468.566667,0.0003
468.6,0.0003
468.633333,0.0003
468.666667,0.0003
468.7,0.0003
468.733333,0.0003
468.766667,0.0003
468.8,0.0003
468.833333,0.0003
468.866667,0.0003
468.9,0.0003
468.933333,0.0003
468.966667,0.0003
469,0.0003
469.033333,0.0003
469.066667,0.0003
469.1,0.0003
469.133333,0.0003
469.166667,0.0003
469.2,0.0003
469.233333,0.0003
469.266667,0.0003
469.3,0.0003
469.333333,0.0003
469.366667,0.0003
469.4,0.0003
469.433333,0.0003
469.466667,0.0003
469.5,0.0003
469.533333,0.0003
469.566667,0.0003
469.6,0.0003
469.633333,0.0003
469.666667,0.0003
469.7,0.0003
469.733333,0.0003
469.766667,0.0003
469.8,0.0003
469.833333,0.0003
469.866667,0.0003
469.9,0.0003
469.933333,0.0003
469.966667,0.0003
470,0.0003
470.033333,0.0003
470.066667,0.0003
470.1,0.0003
470.133333,0.0003
470.166667,0.0003
470.2,0.0003
470.233333,0.0003
470.266667,0.0003
470.3,0.0003
470.333333,0.0003
470.366667,0.0003
470.4,0.0003
470.433333,0.0003
470.466667,0.0003
470.5,0.0003
470.533333,0.0003
470.566667,0.0003
470.6,0.0003
470.633333,0.0003
470.666667,0.0003
470.7,0.0003
470.733333,0.0003
470.766667,0.0003
470.8,0.0003
470.833333,0.0003
470.866667,0.0003
470.9,0.0003
470.933333,0.0003
470.966667,0.0003
471,0.0003
471.033333,0.0003
471.066667,0.0003
471.1,0.0003
471.133333,0.0003
471.166667,0.0003
471.2,0.0003
471.233333,0.0003
471.266667,0.0003
471.3,0.0003
471.333333,0.0003
471.366667,0.0003
471.4,0.0003
471.433333,0.0003
471.466667,0.0003
471.5,0.0003
471.533333,0.0003
471.566667,0.0003
471.6,0.0003
471.633333,0.0003
471.666667,0.0003
471.7,0.0003
471.733333,0.0003
471.766667,0.0003
471.8,99.6187
471.833333,0.00287
471.866667,0.0006975
471.9,0.00041
471.933333,0.00036
471.966667,0.00037
472,0.01228
472.033333,0.00089
472.066667,0.0001775
472.1,0.00012
472.133333,0.00012
472.166667,0.00012
472.2,0.00012
472.233333,0.00012
472.266667,0.00012
472.3,0.00012
472.333333,0.00012
472.366667,0.00012
472.4,0.00012
472.433333,0.00012
472.466667,0.00012
472.5,0.00012
472.533333,0.00012
472.566667,0.00012
472.6,0.00012
472.633333,0.00012
472.666667,0.00012
472.7,0.00012
472.733333,0.00012
472.766667,0.00012
472.8,0.00012
472.833333,0.00012
472.866667,0.00012
472.9,0.00012
472.933333,0.00012
472.966667,0.00012
473,0.00012
473.033333,0.00012
473.066667,0.00012
473.1,0.00012
473.133333,0.00012
473.166667,0.00012
473.2,0.00012
473.233333,0.00012
473.266667,0.00012
473.3,0.00012
473.333333,0.00012
473.366667,0.00012
473.4,0.00012
473.433333,0.00012
473.466667,0.00012
473.5,0.00012
473.533333,0.00012
473.566667,0.00012
473.6,0.00012
473.633333,0.00012
473.666667,0.00012
473.7,0.00012
473.733333,0.00012
473.766667,0.00012
473.8,0.00012
473.833333,0.00012
473.866667,0.00012
473.9,0.00012
473.933333,0.00012
473.966667,0.00012
474,0.00012
474.033333,0.00012
474.066667,0.00012
474.1,0.00012
474.133333,0.00012
474.166667,0.00012
474.2,0.00012
474.233333,0.00012
474.266667,0.00012
474.3,0.00012
474.333333,0.00012
474.366667,0.00012
474.4,0.00012
474.433333,0.00012
474.466667,0.00012
474.5,0.00012
474.533333,0.00012
474.566667,0.00012
474.6,0.00012
474.633333,0.00012
474.666667,0.00012
474.7,0.00012
474.733333,0.00012
474.766667,0.00012
474.8,0.00012
474.833333,0.00012
474.866667,0.00012
474.9,0.00012
474.933333,0.00012
474.966667,0.00012
475,0.00012
475.033333,0.00012
475.066667,0.00012
475.1,0.00012
475.133333,0.00012
475.166667,0.00012
475.2,0.00012
475.233333,0.00012
475.266667,0.00012
475.3,0.00012
475.333333,0.00012
475.366667,0.00012
475.4,0.00012
475.433333,0.00012
475.466667,0.00012
475.5,0.00012
475.533333,0.00012
475.566667,0.00012
475.6,0.00012
475.633333,0.00012
475.666667,0.00012
475.7,0.00012
475.733333,0.00012
475.766667,0.00012
475.8,0.00012
475.833333,0.00012
475.866667,0.00012
475.9,0.00012
475.933333,0.00012
475.966667,0.00012
476,0.00012
476.033333,0.00012
476.066667,0.00012
476.1,0.00012
476.133333,0.00012
476.166667,0.00012
476.2,0.00012
476.233333,0.00012
476.266667,0.00012
476.3,0.00012
476.333333,0.00012
476.366667,0.00012
476.4,0.00012
476.433333,0.00012
476.466667,0.00012
476.5,0.00012
476.533333,0.00012
476.566667,0.00012
476.6,0.00012
476.633333,0.00012
476.666667,0.00012
476.7,0.00012
476.733333,0.00012
476.766667,0.00012
476.8,0.00012
476.833333,0.00012
476.866667,0.00012
476.9,0.00012
476.933333,0.00012
476.966667,0.00012
477,0.00012
477.033333,0.00012
477.066667,0.00012
477.1,0.00012
477.133333,0.00012
477.166667,0.00012
477.2,0.00012
477.233333,0.00012
477.266667,0.00012
477.3,0.00012
477.333333,0.00012
477.366667,0.00012
477.4,0.00012
477.433333,0.00012
477.466667,0.00012
477.5,0.00012
477.533333,0.00012
477.566667,0.00012
477.6,0.00012
477.633333,0.00012
477.666667,0.00012
477.7,0.00012
477.733333,0.00012
477.766667,0.00012
477.8,0.00012
477.833333,0.00012
477.866667,0.00012
477.9,0.00012
477.933333,0.00012
477.966667,0.00012
478,0.00012
478.033333,0.00012
478.066667,0.00012
478.1,0.00012
478.133333,0.00012
478.166667,0.00012
478.2,0.00012
478.233333,0.00012
478.266667,0.00012
478.3,0.00012
478.333333,0.00012
478.366667,0.00012
478.4,0.00012
478.433333,0.00012
478.466667,0.00012
478.5,0.00012
478.533333,0.00012
478.566667,0.00012
478.6,0.00012
478.633333,0.00012
478.666667,0.00012
478.7,0.00012
478.733333,0.00012
478.766667,0.00012
478.8,0.00012
478.833333,0.00012
478.866667,0.00012
478.9,0.00012
478.933333,0.00012
478.966667,0.00012
479,0.00012
479.033333,0.00012
479.066667,0.00012
479.1,0.00012
479.133333,0.00012
479.166667,0.00012
479.2,0.00012
479.233333,0.00012
479.266667,0.00012
479.3,0.00012
479.333333,0.00012
479.366667,0.00012
479.4,0.00012
479.433333,0.00012
479.466667,0.00012
479.5,0.00012
479.533333,0.00012
479.566667,0.00012
479.6,0.00012
479.633333,0.00012
479.666667,0.00012
479.7,0.00012
479.733333,0.00012
479.766667,0.00012
479.8,0.00012
479.833333,0.00012
479.866667,0.00012
479.9,0.00012
479.933333,0.00012
479.966667,0.00012
480,0.0009275
480.033333,0.00089
480.066667,0.0001775
480.1,0.00012
480.133333,0.00012
480.166667,0.00012
480.2,0.00012
480.233333,0.00012
480.266667,0.00012
480.3,0.00012
480.333333,0.00012
480.366667,0.00012
480.4,0.00012
480.433333,0.00012
480.466667,0.00012
480.5,0.00012
480.533333,0.00012
480.566667,0.00012
480.6,0.00012
480.633333,0.00012
480.666667,0.00012
480.7,0.00012
480.733333,0.00012
480.766667,0.00012
480.8,0.00012
480.833333,0.00012
480.866667,0.00012
480.9,0.00012
480.933333,0.00012
480.966667,0.00012
481,0.00012
481.033333,0.00012
481.066667,0.00012
481.1,0.00012
481.133333,0.00012
481.166667,0.00012
481.2,0.00012
481.233333,0.00012
481.266667,0.00012
481.3,0.00012
481.333333,0.00012
481.366667,0.00012
481.4,0.00012
481.433333,0.00012
481.466667,0.00012
481.5,0.00012
481.533333,0.00012
481.566667,0.00012
481.6,0.00012
481.633333,0.00012
481.666667,0.00012
481.7,0.00012
481.733333,0.00012
481.766667,0.00012
481.8,0.00012
481.833333,0.00012
481.866667,0.00012
481.9,0.00012
481.933333,0.00012
481.966667,0.00012
482,0.00012
482.033333,0.00012
482.066667,0.00012
482.1,0.00012
482.133333,0.00012
482.166667,0.00012
482.2,0.00012
482.233333,0.00012
482.266667,0.00012
482.3,0.00012
482.333333,0.00012
482.366667,0.00012
482.4,0.00012
482.433333,0.00012
482.466667,0.00012
482.5,0.00012
482.533333,0.00012
482.566667,0.00012
482.6,0.00012
482.633333,0.00012
482.666667,0.00012
482.7,0.00012
482.733333,0.00012
482.766667,0.00012
482.8,0.00012
482.833333,0.00012
482.866667,0.00012
482.9,0.00012
482.933333,0.00012
482.966667,0.00012
483,0.00012
483.033333,0.00012
483.066667,0.00012
483.1,0.00012
483.133333,0.00012
483.166667,0.00012
483.2,0.00012
483.233333,0.00012
483.266667,0.00012
483.3,0.00012
483.333333,0.00012
483.366667,0.00012
483.4,0.00012
483.433333,0.00012
483.466667,0.00012
483.5,0.916955
483.533333,0.0002
483.566667,0.00013
483.6,0.00012
483.633333,0.00012
483.666667,0.00012
483.7,0.00012
483.733333,0.00012
483.766667,0.00012
483.8,0.00012
483.833333,0.00012
483.866667,0.00012
483.9,0.00012
483.933333,0.00012
483.966667,0.00012
484,0.00012
484.033333,0.00012
484.066667,0.00012
484.1,0.00012
484.133333,0.11617
484.166667,0.0740325
484.2,0.0559475
484.233333,0.04946
484.266667,0.0440375
484.3,0.0378775
484.333333,0.03712
484.366667,0.0323625
484.4,0.0315775
484.433333,0.030205
484.466667,0.0273525
484.5,0.026255
484.533333,0.025655
484.566667,0.025105
484.6,0.0210775
484.633333,0.0251875
484.666667,0.0204775
484.7,0.0231275
484.733333,0.0206225
484.766667,0.019875
484.8,0.019815
484.833333,0.019705
484.866667,0.018975
484.9,0.01567
484.933333,0.0194825
484.966667,0.01819
485,0.0156275
485.033333,0.0189175
485.066667,0.0187175
485.1,15.3034
485.133333,0.0174825
485.166667,0.0183875
485.2,0.0173
485.233333,0.01585
485.266667,0.01824
485.3,0.0184825
485.333333,0.0155925
485.366667,0.018545
485.4,0.019675
485.433333,0.0190625
485.466667,0.0200325
485.5,0.0201575
485.533333,0.0224025
485.566667,0.0208075
485.6,0.0235825
485.633333,0.02098
485.666667,0.024715
485.7,0.025085
485.733333,0.0257275
485.766667,0.0260225
485.8,0.03
485.833333,0.03016
485.866667,0.03195
485.9,0.035875
485.933333,0.0379775
485.966667,0.04661
486,0.04906
486.033333,0.054815
486.066667,0.07157
486.1,0.111885
486.133333,0.00044
486.166667,0.000425
486.2,0.000425
486.233333,0.000425
486.266667,0.000425
486.3,0.000425
486.333333,0.000425
486.366667,0.000425
486.4,0.000425
486.433333,0.000425
486.466667,0.000425
486.5,0.000425
486.533333,0.000425
486.566667,0.000425
486.6,0.000425
486.633333,0.000425
486.666667,0.000425
486.7,0.000425
486.733333,0.000425
486.766667,0.000425
486.8,0.000425
486.833333,0.000425
486.866667,0.000425
486.9,0.000425
486.933333,0.000425
486.966667,0.000425
487,0.000425
487.033333,0.000425
487.066667,0.000425
487.1,0.000425
487.133333,0.000425
487.166667,0.000425
487.2,0.000425
487.233333,0.000425
487.266667,0.000425
487.3,0.000425
487.333333,0.000425
487.366667,0.000425
487.4,0.000425
487.433333,0.000425
487.466667,0.000425
487.5,0.000425
487.533333,0.000425
487.566667,0.000425
487.6,0.000425
487.633333,0.000425
487.666667,0.000425
487.7,0.000425
487.733333,0.000425
487.766667,0.000425
487.8,0.000425
487.833333,0.000425
487.866667,0.000425
487.9,0.000425
487.933333,0.000425
487.966667,0.000425
488,0.0140775
488.033333,0.000985
488.066667,0.0003075
488.1,0.00022
488.133333,0.00021
488.166667,0.00021
488.2,0.00021
488.233333,0.00021
488.266667,0.00021
488.3,0.00021
488.333333,0.00021
488.366667,0.00021
488.4,0.00021
488.433333,0.00021
488.466667,0.00021
488.5,0.00021
488.533333,0.00021
488.566667,0.00021
488.6,0.00021
488.633333,0.00021
488.666667,0.00021
488.7,0.00021
488.733333,0.00021
488.766667,0.00021
488.8,0.00021
488.833333,0.00021
488.866667,0.00021
488.9,0.00021
488.933333,0.00021
488.966667,0.00021
489,0.00021
489.033333,0.00021
489.066667,0.00021
489.1,0.00021
489.133333,0.111602
489.166667,0.07131
489.2,0.054605
489.233333,0.0487725
489.266667,0.046415
489.3,0.0377325
489.333333,0.0356325
489.366667,0.0318075
489.4,0.0299275
489.433333,0.0297125
489.466667,0.02581
489.5,0.0255475
489.533333,0.0248425
489.566667,0.02449
489.6,0.020755
489.633333,0.0232975
489.666667,0.0206675
489.7,0.0220025
489.733333,0.020015
489.766667,0.019705
489.8,0.0189125
489.833333,0.01939
489.866667,0.01837
489.9,0.0153
489.933333,0.018295
489.966667,0.0179275
490,0.0156025
490.033333,0.0169825
490.066667,0.01771
490.1,21.7451
490.133333,0.02919
490.166667,0.078205
490.2,0.073395
490.233333,0.06113
490.266667,0.0587925
490.3,0.0544575
490.333333,0.055505
490.366667,0.054115
490.4,0.05444
490.433333,0.0550225
490.466667,0.05607
490.5,0.05705
490.533333,0.05503
490.566667,0.0561875
490.6,0.055615
490.633333,0.05675
490.666667,0.0599225
490.7,0.05743
490.733333,0.0564775
490.766667,0.057325
490.8,0.0595225
490.833333,0.060075
490.866667,0.0592825
490.9,0.0595675
490.933333,0.0599125
490.966667,0.0614825
491,0.0610675
491.033333,0.05967
491.066667,0.0624375
491.1,0.059495
491.133333,0.0658275
491.166667,0.05992
491.2,0.066395
491.233333,0.062255
491.266667,0.0666625
491.3,0.06455
491.333333,0.0650575
491.366667,0.0666925
491.4,0.0663325
491.433333,0.06592
491.466667,0.0689125
491.5,0.06805
491.533333,0.0690875
491.566667,0.07009
491.6,0.0696225
491.633333,0.0721275
491.666667,0.068805
491.7,0.0732525
491.733333,0.07367
491.766667,0.0726275
491.8,0.07455
491.833333,0.075175
491.866667,0.076655
491.9,0.076995
491.933333,0.07824
491.966667,0.07848
492,0.079255
492.033333,0.0817525
492.066667,0.0829325
492.1,0.08285
492.133333,0.0852
492.166667,0.0853975
492.2,0.0882725
492.233333,0.0876875
492.266667,0.089345
492.3,0.092485
492.333333,0.093575
492.366667,0.0960725
492.4,0.0969625
492.433333,0.0989875
492.466667,0.100828
492.5,0.10408
492.533333,0.107412
492.566667,0.110265
492.6,0.113653
492.633333,0.112995
492.666667,0.116112
492.7,0.134545
492.733333,0.13208
492.766667,0.13214
492.8,0.0055425
492.833333,0.0040825
492.866667,0.003805
492.9,0.003725
492.933333,0.003725
492.966667,0.003725
493,0.003725
493.033333,0.003725
493.066667,0.003725
493.1,0.003725
493.133333,0.003725
493.166667,0.003725
493.2,0.003725
493.233333,0.003725
493.266667,0.003725
493.3,0.003725
493.333333,0.003725
493.366667,0.003725
493.4,0.003725
493.433333,0.003725
493.466667,0.003725
493.5,0.003725
493.533333,0.003725
493.566667,0.003725
493.6,0.003725
493.633333,0.003725
493.666667,0.003725
493.7,0.003725
493.733333,0.003725
493.766667,0.003725
493.8,0.003725
493.833333,0.003725
493.866667,0.003725
493.9,0.003725
493.933333,0.003725
493.966667,0.003725
494,0.003725
494.033333,0.003725
494.066667,0.003725
494.1,0.003725
494.133333,0.003725
494.166667,0.003725
494.2,0.003725
494.233333,0.003725
494.266667,0.003725
494.3,0.003725
494.333333,0.003725
494.366667,0.003725
494.4,0.003725
494.433333,0.003725
494.466667,0.003725
494.5,0.003725
494.533333,0.003725
494.566667,0.003725
494.6,0.003725
494.633333,0.003725
494.666667,0.003725
494.7,0.003725
494.733333,0.003725
494.766667,0.003725
494.8,0.003725
494.833333,0.003725
494.866667,0.003725
494.9,0.003725
494.933333,0.003725
494.966667,0.003725
495,0.003725
495.033333,0.003725
495.066667,0.003725
495.1,0.003725
495.133333,0.003725
495.166667,0.003725
495.2,0.003725
495.233333,0.003725
495.266667,0.003725
495.3,0.003725
495.333333,0.003725
495.366667,0.003725
495.4,0.003725
495.433333,0.003725
495.466667,0.003725
495.5,0.003725
495.533333,0.003725
495.566667,0.003725
495.6,0.003725
495.633333,0.003725
495.666667,0.003725
495.7,0.003725
495.733333,0.003725
495.766667,0.003725
495.8,0.003725
495.833333,0.003725
495.866667,0.003725
495.9,0.003725
495.933333,0.003725
495.966667,0.003725
496,0.090975
496.033333,0.00438
496.066667,0.001235
496.1,0.0008775
496.133333,0.00082
496.166667,0.00082
496.2,0.00082
496.233333,0.00082
496.266667,0.00082
496.3,0.00082
496.333333,0.00082
496.366667,0.00082
496.4,0.00082
496.433333,0.00082
496.466667,0.00082
496.5,0.00082
496.533333,0.00082
496.566667,0.00082
496.6,0.00082
496.633333,0.00082
496.666667,0.00082
496.7,0.00082
496.733333,0.00082
496.766667,0.00082
496.8,0.00082
496.833333,0.00082
496.866667,0.00082
496.9,0.00082
496.933333,0.00082
496.966667,0.00082
497,0.00082
497.033333,0.00082
497.066667,0.00082
497.1,0.00082
497.133333,0.00082
497.166667,0.00082
497.2,0.00082
497.233333,0.00082
497.266667,0.00082
497.3,0.00082
497.333333,0.00082
497.366667,0.00082
497.4,0.00082
497.433333,0.00082
497.466667,0.00082
497.5,0.00082
497.533333,0.00082
497.566667,0.00082
497.6,0.00082
497.633333,0.00082
497.666667,0.00082
497.7,0.00082
497.733333,0.00082
497.766667,0.00082
497.8,0.00082
497.833333,0.00082
497.866667,0.00082
497.9,0.00082
497.933333,0.00082
497.966667,0.00082
498,0.00082
498.033333,0.00082
498.066667,0.00082
498.1,0.00082
498.133333,0.00082
498.166667,0.00082
498.2,0.00082
498.233333,0.00082
498.266667,0.00082
498.3,0.00082
498.333333,0.00082
498.366667,0.00082
498.4,0.00082
498.433333,0.00082
498.466667,0.00082
498.5,0.00082
498.533333,0.00082
498.566667,0.00082
498.6,0.00082
498.633333,0.00082
498.666667,0.00082
498.7,0.00082
498.733333,0.00082
498.766667,0.00082
498.8,0.00082
498.833333,0.00082
498.866667,0.00082
498.9,0.00082
498.933333,0.00082
498.966667,0.00082
499,0.00082
499.033333,0.00082
499.066667,0.00082
499.1,0.00082
499.133333,0.00082
499.166667,0.00082
499.2,0.00082
499.233333,0.00082
499.266667,0.00082
499.3,0.00082
499.333333,0.00082
499.366667,0.00082
499.4,0.00082
499.433333,0.00082
499.466667,0.00082
499.5,0.00082
499.533333,0.00082
499.566667,0.00082
499.6,0.00082
499.633333,0.00082
499.666667,0.00082
499.7,0.00082
499.733333,0.00082
499.766667,0.00082
499.8,0.00082
499.833333,0.00082
499.866667,0.00082
499.9,0.00082
499.933333,0.00082
499.966667,0.00082
500,0.00082
500.033333,0.00082
500.066667,0.00082
500.1,0.00082
500.133333,0.00082
500.166667,0.00082
500.2,0.00082
500.233333,0.00082
500.266667,0.00082
500.3,0.00082
500.333333,0.00082
500.366667,0.00082
500.4,0.00082
500.433333,0.00082
500.466667,0.00082
500.5,0.00082
500.533333,0.00082
500.566667,0.00082
500.6,0.00082
500.633333,0.00082
500.666667,0.00082
500.7,0.00082
500.733333,0.00082
500.766667,0.00082
500.8,0.00082
500.833333,0.00082
500.866667,0.00082
500.9,0.00082
500.933333,0.00082
500.966667,0.00082
501,0.00082
501.033333,0.00082
501.066667,0.00082
501.1,0.00082
501.133333,0.00082
501.166667,0.00082
501.2,0.00082
501.233333,0.00082
501.266667,0.00082
501.3,0.00082
501.333333,0.00082
501.366667,0.00082
501.4,0.00082
501.433333,0.00082
501.466667,0.00082
501.5,0.00082
501.533333,0.00082
501.566667,0.00082
501.6,0.00082
501.633333,0.00082
501.666667,0.00082
501.7,0.00082
501.733333,0.00082
501.766667,0.00082
501.8,0.00082
501.833333,0.00082
501.866667,0.00082
501.9,0.00082
501.933333,0.00082
501.966667,0.00082
502,0.00082
502.033333,0.00082
502.066667,0.00082
502.1,0.00082
502.133333,0.00082
502.166667,0.00082
502.2,0.00082
502.233333,0.00082
502.266667,0.00082
502.3,0.00082
502.333333,0.00082
502.366667,0.00082
502.4,0.00082
502.433333,0.00082
502.466667,0.00082
502.5,0.00403
502.533333,2.60566
502.566667,2.00526
502.6,2.66527
502.633333,2.66706
502.666667,2.08875
502.7,2.7068
502.733333,2.72627
502.766667,2.74439
502.8,2.79426
502.833333,2.78846
502.866667,2.80283
502.9,2.82863
502.933333,2.77968
502.966667,3.4847
503,2.92598
503.033333,3.58373
503.066667,2.92935
503.1,3.59564
503.133333,3.7134
503.166667,3.64171
503.2,3.7952
503.233333,4.44003
503.266667,3.81664
503.3,4.57854
503.333333,4.8561
503.366667,21.1387
503.4,39.4251
503.433333,38.6629
503.466667,17.4402
503.5,0.502975
503.533333,0.0045825
503.566667,0.073075
503.6,0.0128625
503.633333,0.036185
503.666667,0.00349
503.7,0.0237775
503.733333,0.0018
503.766667,0.004075
503.8,0.001475
503.833333,0.0010925
503.866667,0.000955
503.9,0.000945
503.933333,0.000945
503.966667,0.000945
504,0.026925
504.033333,0.0011425
504.066667,0.00031
504.1,0.00021
504.133333,0.00019
504.166667,0.00019
504.2,0.00019
504.233333,0.00019
504.266667,0.00019
504.3,0.00019
504.333333,0.00019
504.366667,0.00019
504.4,0.00019
504.433333,0.00019
504.466667,0.00019
504.5,0.00019
504.533333,0.00019
504.566667,0.00019
504.6,0.00019
504.633333,0.00019
504.666667,0.00019
504.7,0.00019
504.733333,0.00019
504.766667,0.00019
504.8,0.00019
504.833333,0.00019
504.866667,0.00019
504.9,0.00019
504.933333,0.00019
504.966667,0.00019
505,0.00019
505.033333,0.00019
505.066667,0.00019
505.1,0.00019
505.133333,0.00019
505.166667,0.00019
505.2,0.00019
505.233333,0.00019
505.266667,0.00019
505.3,23.5332
505.333333,0.02246
505.366667,0.030695
505.4,0.0230125
505.433333,0.01918
505.466667,0.0188325
505.5,0.0199425
505.533333,0.0192375
505.566667,3.10882
505.6,0.0068925
505.633333,0.0596425
505.666667,0.0508425
505.7,0.0209975
505.733333,0.0188075
505.766667,0.0179575
505.8,0.01862
505.833333,0.020265
505.866667,0.0204475
505.9,0.0201075
505.933333,0.00324
505.966667,0.021825
506,0.0214075
506.033333,0.022345
506.066667,0.0224425
506.1,2.58761
506.133333,0.051935
506.166667,0.0805275
506.2,0.03706
506.233333,0.0404625
506.266667,0.003825
506.3,0.0527625
506.333333,0.00683
506.366667,0.116205
506.4,0.127147
506.433333,0.13441
506.466667,0.133018
506.5,0.138437
506.533333,0.139797
506.566667,0.145345
506.6,0.00665
506.633333,2.52147
506.666667,0.1773
506.7,0.172542
506.733333,0.153537
506.766667,0.152562
506.8,0.15846
506.833333,0.161268
506.866667,0.16498
506.9,0.17082
506.933333,0.00759
506.966667,0.172873
507,0.173955
507.033333,0.181893
507.066667,0.186683
507.1,0.189858
507.133333,2.58126
507.166667,0.191955
507.2,0.280017
507.233333,0.23421
507.266667,0.0158125
507.3,0.2363
507.333333,0.267495
507.366667,0.33552
507.4,0.405815
507.433333,0.327628
507.466667,0.02193
507.5,0.00637
507.533333,0.004035
507.566667,2.56
507.6,0.004465
507.633333,0.0595175
507.666667,0.038285
507.7,0.00874
507.733333,0.147725
507.766667,0.181588
507.8,0.192395
507.833333,0.193273
507.866667,0.20252
507.9,0.211505
507.933333,0.0126375
507.966667,0.21848
508,0.2239
508.033333,0.233247
508.066667,0.234572
508.1,1.99867
508.133333,0.170465
508.166667,0.351467
508.2,0.25546
508.233333,0.3097
508.266667,0.0360525
508.3,0.289825
508.333333,0.293233
508.366667,0.30388
508.4,0.31617
508.433333,0.3256
508.466667,0.33998
508.5,0.348548
508.533333,0.36938
508.566667,0.394305
508.6,0.0412375
508.633333,1.91081
508.666667,0.312015
508.7,0.582167
508.733333,0.609785
508.766667,0.758343
508.8,0.592525
508.833333,0.054885
508.866667,0.112333
508.9,0.0128625
508.933333,0.0202125
508.966667,0.01035
509,0.009295
509.033333,0.0089175
509.066667,0.0088575
509.1,1.58866
509.133333,0.0110775
509.166667,0.122247
509.2,0.0816975
509.233333,0.0295325
509.266667,0.020565
509.3,0.0110975
509.333333,0.009075
509.366667,0.008485
509.4,0.008585
509.433333,0.0084875
509.466667,0.00847
509.5,0.632957
509.533333,0.204788
509.566667,1.8152
509.6,0.0021
509.633333,0.0596325
509.666667,0.397285
509.7,0.0121975
509.733333,0.250958
509.766667,0.02555
509.8,0.246287
509.833333,0.02726
509.866667,0.294608
509.9,0.02841
509.933333,0.159535
509.966667,0.0122
510,0.128387
510.033333,0.031
510.066667,0.065645
510.1,1.59589
510.133333,0.006065
510.166667,0.04891
510.2,0.09082
510.233333,0.05644
510.266667,0.0219975
510.3,0.0215075
510.333333,0.01912
510.366667,0.017515
510.4,0.0172775
510.433333,0.01684
510.466667,0.016895
510.5,0.0164425
510.533333,0.0163975
510.566667,0.0160025
510.6,0.010855
510.633333,1.54454
510.666667,0.0074525
510.7,0.047195
510.733333,0.083645
510.766667,0.0541025
510.8,0.0301175
510.833333,0.018955
510.866667,0.0173025
510.9,0.016535
510.933333,0.0102025
510.966667,0.01629
511,0.0163375
511.033333,0.0155525
511.066667,0.01554
511.1,1.61712
511.133333,0.0062975
511.166667,0.0518975
511.2,0.0929075
511.233333,0.03173
511.266667,0.039545
511.3,0.030395
511.333333,0.02053
511.366667,0.0184525
511.4,0.0173025
511.433333,0.01682
511.466667,0.01692
511.5,0.0164525
511.533333,0.016325
511.566667,1.80683
511.6,0.0043125
511.633333,0.0241
511.666667,0.05894
511.7,0.063395
511.733333,0.0484125
511.766667,0.0283825
511.8,0.017755
511.833333,0.0164675
511.866667,0.0157375
511.9,0.009795
511.933333,0.015455
511.966667,0.0152825
512,0.252028
512.033333,0.01849
512.066667,0.0134675
512.1,1.5523
512.133333,0.005105
512.166667,0.0436475
512.2,0.07921
512.233333,0.0169975
512.266667,0.0241525
512.3,0.0187675
512.333333,0.0159575
512.366667,0.0152225
512.4,0.0149025
512.433333,0.0145025
512.466667,0.0144625
512.5,0.014135
512.533333,0.0140025
512.566667,0.0085775
512.6,1.52961
512.633333,0.0075925
512.666667,0.0436575
512.7,0.0810075
512.733333,0.0303225
512.766667,0.0204225
512.8,0.01622
512.833333,0.016025
512.866667,0.015175
512.9,0.00918
512.933333,0.0149575
512.966667,0.01448
513,0.0148675
513.033333,0.0143175
513.066667,0.0146175
513.1,1.61044
513.133333,0.0069275
513.166667,0.0501775
513.2,0.0886675
513.233333,0.0384525
513.266667,0.05196
513.3,0.0280025
513.333333,0.0185725
513.366667,0.0166525
513.4,0.0157425
513.433333,0.015625
513.466667,0.0154075
513.5,0.015545
513.533333,0.01512
513.566667,0.00916
513.6,1.80111
513.633333,0.00793
513.666667,0.0423825
513.7,0.082155
513.733333,0.0195325
513.766667,0.02847
513.8,0.017415
513.833333,0.01532
513.866667,0.015675
513.9,0.00919
513.933333,0.01468
513.966667,0.0141225
514,0.01437
514.033333,0.0139825
514.066667,1.5497
514.1,0.00504
514.133333,0.04293
514.166667,0.0807325
514.2,0.031775
514.233333,0.0117625
514.266667,0.0182875
514.3,0.016845
514.333333,0.0158775
514.366667,0.0153975
514.4,0.0152825
514.433333,0.0154075
514.466667,0.015
514.5,0.014805
514.533333,0.0149675
514.566667,0.00929
514.6,1.52521
514.633333,0.00655
514.666667,0.04442
514.7,0.078615
514.733333,0.0302625
514.766667,0.01804
514.8,0.015285
514.833333,0.0142625
514.866667,0.0141525
514.9,0.0085475
514.933333,0.013725
514.966667,0.0137
515,0.013375
515.033333,0.01345
515.066667,0.01341
515.1,147.062
515.133333,0.00223
515.166667,0.0118975
515.2,13.2349
515.233333,0.002915
515.266667,0.03165
515.3,0.0280675
515.333333,0.0075175
515.366667,8.85204
515.4,0.002225
515.433333,9.22613
515.466667,0.00248
515.5,0.017145
515.533333,9.52868
515.566667,0.0031475
515.6,9.21947
515.633333,0.0031275
515.666667,0.0171475
515.7,8.90343
515.733333,0.00296
515.766667,8.04484
515.8,0.0032525
515.833333,0.016985
515.866667,7.51488
515.9,0.0027
515.933333,7.3287
515.966667,0.003125
516,0.01726
516.033333,7.28321
516.066667,0.002465
516.1,7.70745
516.133333,0.002435
516.166667,0.014635
516.2,7.88288
516.233333,0.00289
516.266667,8.98725
516.3,0.0027675
516.333333,0.01733
516.366667,9.05781
516.4,0.0024525
516.433333,9.83729
516.466667,0.00313
516.5,0.0179
516.533333,10.3392
516.566667,0.00295
516.6,11.0614
516.633333,0.0028325
516.666667,0.016685
516.7,11.843
516.733333,0.0028725
516.766667,11.552
516.8,0.0028225
516.833333,0.0184925
516.866667,12.3809
516.9,0.002725
516.933333,13.1118
516.966667,0.00249
517,0.017635
517.033333,12.5166
517.066667,0.0019175
517.1,12.4251
517.133333,0.0031375
517.166667,0.0193625
517.2,12.9665
517.233333,0.00338
517.266667,12.7681
517.3,0.0033525
517.333333,0.0186825
517.366667,14.7774
517.4,0.00282
517.433333,16.9988
517.466667,0.00325
517.5,0.021425
517.533333,20.2872
517.566667,0.00284
517.6,24.8853
517.633333,0.004
517.666667,0.019665
517.7,26.7271
517.733333,0.0031
517.766667,31.2083
517.8,0.00369
517.833333,0.0200125
517.866667,35.5942
517.9,0.00301
517.933333,29.6888
517.966667,0.004225
518,0.018875
518.033333,31.9928
518.066667,0.0030225
518.1,34.5205
518.133333,0.003815
518.166667,0.019465
518.2,29.9836
518.233333,0.00304
518.266667,25.2902
518.3,0.00369
518.333333,0.0191225
518.366667,21.579
518.4,0.002885
518.433333,19.5901
518.466667,0.003425
518.5,0.0184975
518.533333,17.299
518.566667,0.002695
518.6,13.4773
518.633333,0.0025675
518.666667,0.018205
518.7,11.4547
518.733333,0.00295
518.766667,11.7888
518.8,0.0030175
518.833333,0.0189025
518.866667,12.4575
518.9,0.00196
518.933333,12.204
518.966667,0.0031875
519,0.0176525
519.033333,11.1879
519.066667,0.0030075
519.1,10.7079
519.133333,0.00303
519.166667,0.01724
519.2,11.0426
519.233333,0.00322
519.266667,11.4167
519.3,0.0025875
519.333333,0.020015
519.366667,11.8197
519.4,0.00251
519.433333,11.6656
519.466667,0.00258
519.5,0.019205
519.533333,11.306
519.566667,0.0030275
519.6,10.8394
519.633333,0.0026625
519.666667,0.0182225
519.7,10.5405
519.733333,0.003185
519.766667,10.1391
519.8,0.00248
519.833333,0.0149
519.866667,10.1466
519.9,0.0028825
519.933333,10.4182
519.966667,0.0031475
520,0.248333
520.033333,10.6642
520.066667,0.0025125
520.1,10.4074
520.133333,0.00242
520.166667,0.0184125
520.2,10.403
520.233333,0.0023075
520.266667,10.7908
520.3,0.00331
520.333333,0.0163775
520.366667,10.892
520.4,0.0027875
520.433333,10.8151
520.466667,0.00235
520.5,0.0155025
520.533333,11.9199
520.566667,0.002775
520.6,12.3042
520.633333,0.0030575
520.666667,0.0201025
520.7,13.0613
520.733333,0.00254
520.766667,12.1607
520.8,0.003305
520.833333,0.0194125
520.866667,10.5084
520.9,0.003145
520.933333,10.1884
520.966667,0.0036375
521,0.0194425
521.033333,10.1767
521.066667,0.0026
521.1,9.91
521.133333,0.00272
521.166667,0.0167775
521.2,10.4056
521.233333,0.002875
521.266667,10.7627
521.3,0.0030725
521.333333,0.02249
521.366667,10.8402
521.4,0.00301
521.433333,11.1183
521.466667,0.00259
521.5,0.02111
521.533333,11.5968
521.566667,0.0030325
521.6,11.7572
521.633333,0.0025325
521.666667,0.0187725
521.7,11.4286
521.733333,0.00299
521.766667,11.137
521.8,0.0035275
521.833333,0.021475
521.866667,11.15
521.9,0.00271
521.933333,11.1538
521.966667,0.00276
522,0.0194925
522.033333,10.8453
522.066667,0.0030625
522.1,11.1695
522.133333,0.00235
522.166667,0.015515
522.2,11.693
522.233333,0.00273
522.266667,11.6952
522.3,0.003075
522.333333,0.0193225
522.366667,11.3652
522.4,0.0005025
522.433333,11.061
522.466667,0.0057275
522.5,0.0427175
522.533333,11.655
522.566667,5.75
522.6,12.2658
522.633333,0.0303475
522.666667,0.0487375
522.7,12.5579
522.733333,0
522.766667,12.3448
522.8,0.0333975
522.833333,0.0573975
522.866667,11.9741
522.9,4
522.933333,11.9559
522.966667,0.0334725
523,0.04628
523.033333,11.8401
523.066667,8
523.1,11.4898
523.133333,0.03108
523.166667,0.0526275
523.2,11.5227
523.233333,6.5
523.266667,11.9678
523.3,0.00554
523.333333,0.14182
523.366667,11.772
523.4,0.0001375
523.433333,11.6171
523.466667,0.00618
523.5,0.150007
523.533333,11.1703
523.566667,0.000265
523.6,11.116
523.633333,0.0070775
523.666667,0.142863
523.7,10.963
523.733333,0.000155
523.766667,10.0784
523.8,0.0051125
523.833333,0.12912
523.866667,10.1266
523.9,0.0001375
523.933333,10.4725
523.966667,0.0288725
524,0.0401725
524.033333,10.7825
524.066667,0.00303
524.1,11.6266
524.133333,0.0130575
524.166667,0.0325425
524.2,12.2098
524.233333,0.00133
524.266667,13.0801
524.3,0.00578
524.333333,0.02629
524.366667,13.6503
524.4,0.001415
524.433333,13.8652
524.466667,0.00496
524.5,0.0253075
524.533333,13.9229
524.566667,0.0011975
524.6,13.7443
524.633333,0.0067925
524.666667,0.029435
524.7,13.6032
524.733333,0.00139
524.766667,13.1232
524.8,0.00562
524.833333,0.0296275
524.866667,13.0167
524.9,0.00125
524.933333,13.3238
524.966667,0.006295
525,0.0298875
525.033333,12.9839
525.066667,0.0013375
525.1,12.8753
525.133333,0.00514
525.166667,0.028645
525.2,13.7513
525.233333,0.001255
525.266667,14.1677
525.3,0.00605
525.333333,0.029975
525.366667,13.779
525.4,0.00132
525.433333,13.5748
525.466667,0.00509
525.5,0.02744
525.533333,13.3484
525.566667,0.001125
525.6,13.4139
525.633333,0.0053225
525.666667,0.02638
525.7,13.14
525.733333,0.0012675
525.766667,12.3041
525.8,0.0057425
525.833333,0.02404
525.866667,11.7403
525.9,0.00124
525.933333,11.3074
525.966667,0.0053375
526,0.026295
526.033333,10.5683
526.066667,0.0012825
526.1,9.84221
526.133333,0.0048125
526.166667,0.0265125
526.2,9.47092
526.233333,0.001185
526.266667,9.31691
526.3,0.00451
526.333333,0.024425
526.366667,9.05409
526.4,0.00115
526.433333,8.57758
526.466667,0.00543
526.5,0.020705
526.533333,8.45839
526.566667,0.0011525
526.6,8.51496
526.633333,0.005185
526.666667,0.0243475
526.7,8.59301
526.733333,0.000745
526.766667,8.57094
526.8,0.00453
526.833333,0.0241475
526.866667,8.52019
526.9,0.0012725
526.933333,8.73842
526.966667,0.006425
527,0.022815
527.033333,8.7954
527.066667,0.00126
527.1,8.40911
527.133333,0.00543
527.166667,0.024125
527.2,8.51422
527.233333,0.000695
527.266667,8.54345
527.3,0.0051975
527.333333,0.02294
527.366667,8.32764
527.4,0.001255
527.433333,8.51768
527.466667,0.0036625
527.5,0.023405
527.533333,8.57217
527.566667,0.0008675
527.6,8.7469
527.633333,0.00491
527.666667,0.0270475
527.7,9.02935
527.733333,0.0010975
527.766667,9.1387
527.8,0.0047375
527.833333,0.02487
527.866667,8.86297
527.9,0.0007825
527.933333,9.25719
527.966667,0.0040975
528,0.25736
528.033333,9.49428
528.066667,0.00094
528.1,9.41973
528.133333,0.0044975
528.166667,0.0273775
528.2,9.67572
528.233333,0.0007275
528.266667,10.2604
528.3,0.0042925
528.333333,0.02481
528.366667,11.1147
528.4,0.0009625
528.433333,12.0559
528.466667,0.004405
528.5,0.027765
528.533333,13.1625
528.566667,0.00111
528.6,14.0612
528.633333,144.334
528.666667,0.016845
528.7,0.1005
528.733333,0.228265
528.766667,0.0556775
528.8,0.08628
528.833333,0.186945
528.866667,0.05322
528.9,0.0586975
528.933333,0.11007
528.966667,0.05496
529,0.064395
529.033333,0.0594675
529.066667,0.05643
529.1,0.05729
529.133333,0.05701
529.166667,0.0569725
529.2,0.0614975
529.233333,0.0585625
529.266667,0.0576475
529.3,0.05802
529.333333,0.06028
529.366667,0.060905
529.4,0.0600275
529.433333,0.0608425
529.466667,0.06082
529.5,0.0624975
529.533333,0.0621125
529.566667,0.06069
529.6,0.063305
529.633333,0.060225
529.666667,0.0672475
529.7,0.0600175
529.733333,0.067515
529.766667,0.0627
529.8,0.0678
529.833333,0.0654425
529.866667,0.06608
529.9,0.0670575
529.933333,0.0671425
529.966667,0.067325
530,0.069445
530.033333,0.0688875
530.066667,0.070075
530.1,0.070685
530.133333,0.071365
530.166667,0.072005
530.2,0.0702275
530.233333,0.073695
530.266667,0.074705
530.3,0.07391
530.333333,0.07564
530.366667,0.07587
530.4,0.0775375
530.433333,0.0782875
530.466667,0.0788125
530.5,0.079805
530.533333,0.0799875
530.566667,0.0824825
530.6,0.0834975
530.633333,0.08384
530.666667,0.086365
530.7,0.08548
530.733333,0.08951
530.766667,0.0889575
530.8,0.0895425
530.833333,0.09381
530.866667,0.09371
530.9,0.0971375
530.933333,0.098225
530.966667,0.0997275
531,0.101718
531.033333,0.105285
531.066667,0.107795
531.1,0.111645
531.133333,0.114375
531.166667,0.11359
531.2,0.117495
531.233333,0.135518
531.266667,0.133205
531.3,0.132837
531.333333,0.006395
531.366667,0.0048175
531.4,0.0045725
531.433333,0.0045475
531.466667,0.0045475
531.5,0.0045475
531.533333,0.0045475
531.566667,0.0045475
531.6,0.0045475
531.633333,0.0045475
531.666667,0.0045475
531.7,0.0045475
531.733333,0.0045475
531.766667,0.0045475
531.8,0.0045475
531.833333,0.0045475
531.866667,0.0045475
531.9,0.0045475
531.933333,0.0045475
531.966667,0.0045475
532,0.0045475
532.033333,0.0045475
532.066667,0.0045475
532.1,0.0045475
532.133333,0.0045475
532.166667,0.0045475
532.2,0.0045475
532.233333,0.0045475
532.266667,0.0045475
532.3,0.0045475
532.333333,0.0045475
532.366667,0.0045475
532.4,0.0045475
532.433333,0.0045475
532.466667,0.0045475
532.5,0.0045475
532.533333,0.0045475
532.566667,0.0045475
532.6,0.0045475
532.633333,0.0045475
532.666667,0.0045475
532.7,0.0045475
532.733333,0.0045475
532.766667,0.0045475
532.8,0.0045475
532.833333,0.0045475
532.866667,0.0045475
532.9,0.0045475
532.933333,0.0045475
532.966667,0.0045475
533,0.0045475
533.033333,0.0045475
533.066667,0.0045475
533.1,0.0045475
533.133333,0.0045475
533.166667,0.0045475
533.2,0.0045475
533.233333,0.0045475
533.266667,0.0045475
533.3,0.0045475
533.333333,0.0045475
533.366667,0.0045475
533.4,0.0045475
533.433333,0.0045475
533.466667,0.0045475
533.5,0.0045475
533.533333,0.0045475
533.566667,0.0045475
533.6,0.0045475
533.633333,0.0045475
533.666667,0.0045475
533.7,0.0045475
533.733333,0.0045475
533.766667,0.0045475
533.8,0.0045475
533.833333,0.0045475
533.866667,0.0045475
533.9,0.0045475
533.933333,0.0045475
533.966667,0.0045475
534,0.0045475
534.033333,0.0045475
534.066667,0.0045475
534.1,0.0045475
534.133333,0.0045475
534.166667,0.0045475
534.2,0.0045475
534.233333,0.0045475
534.266667,0.0045475
534.3,0.0045475
534.333333,0.0045475
534.366667,0.0045475
534.4,0.0045475
534.433333,0.0045475
534.466667,0.0045475
534.5,0.0045475
534.533333,0.0045475
534.566667,0.0045475
534.6,0.0045475
534.633333,0.0045475
534.666667,0.0045475
534.7,0.0045475
534.733333,0.0045475
534.766667,0.0045475
534.8,0.0045475
534.833333,0.0045475
534.866667,0.0045475
534.9,0.0045475
534.933333,0.0045475
534.966667,0.0045475
535,0.0045475
535.033333,0.0045475
535.066667,0.0045475
535.1,0.0045475
535.133333,0.0045475
535.166667,0.0045475
535.2,0.0045475
535.233333,0.0045475
535.266667,0.0045475
535.3,0.0045475
535.333333,0.0045475
535.366667,0.0045475
535.4,0.0045475
535.433333,0.0045475
535.466667,0.0045475
535.5,0.0045475
535.533333,0.0045475
535.566667,0.0045475
535.6,0.0045475
535.633333,0.0045475
535.666667,0.0045475
535.7,0.0045475
535.733333,0.0045475
535.766667,0.0045475
535.8,0.0045475
535.833333,0.0045475
535.866667,0.0045475
535.9,0.0045475
535.933333,0.0045475
535.966667,0.0045475
536,0.104295
536.033333,0.00438
536.066667,0.001235
536.1,0.0008775
536.133333,0.00082
536.166667,0.00082
536.2,0.00082
536.233333,0.00082
536.266667,0.00082
536.3,0.00082
536.333333,0.00082
536.366667,0.00082
536.4,0.00082
536.433333,0.00082
536.466667,0.00082
536.5,0.00082
536.533333,0.00082
536.566667,0.00082
536.6,0.00082
536.633333,0.00082
536.666667,0.00082
536.7,0.00082
536.733333,0.00082
536.766667,0.00082
536.8,0.00082
536.833333,0.00082
536.866667,0.00082
536.9,0.00082
536.933333,0.00082
536.966667,0.00082
537,0.00082
537.033333,0.00082
537.066667,0.00082
537.1,0.00082
537.133333,0.00082
537.166667,0.00082
537.2,0.00082
537.233333,0.00082
537.266667,0.00082
537.3,0.00082
537.333333,0.00082
537.366667,0.00082
537.4,0.00082
537.433333,0.00082
537.466667,0.00082
537.5,0.00082
537.533333,0.00082
537.566667,0.00082
537.6,0.00082
537.633333,0.00082
537.666667,0.00082
537.7,0.00082
537.733333,0.00082
537.766667,0.00082
537.8,0.00082
537.833333,0.00082
537.866667,0.00082
537.9,0.00082
537.933333,0.00082
537.966667,0.00082
538,0.00082
538.033333,0.00082
538.066667,0.00082
538.1,0.00082
538.133333,0.00082
538.166667,0.00082
538.2,0.00082
538.233333,0.00082
538.266667,0.00082
538.3,0.00082
538.333333,0.00082
538.366667,0.00082
538.4,0.00082
538.433333,0.00082
538.466667,0.00082
538.5,0.00082
538.533333,0.00082
538.566667,0.00082
538.6,0.00082
538.633333,0.00082
538.666667,0.00082
538.7,0.00082
538.733333,0.00082
538.766667,0.00082
538.8,0.00082
538.833333,0.00082
538.866667,0.00082
538.9,0.00082
538.933333,0.00082
538.966667,0.00082
539,0.00082
539.033333,0.00082
539.066667,0.00082
539.1,0.00082
539.133333,0.00082
539.166667,17.8019
539.2,0
539.233333,0
539.266667,0
539.3,0
539.333333,0
539.366667,0
539.4,0.0064
539.433333,0.059925
539.466667,0.12172
539.5,0.200905
539.533333,0.31091
539.566667,0.463803
539.6,0.661147
539.633333,0.931388
539.666667,1.24605
539.7,1.51625
539.733333,1.68497
539.766667,1.79846
539.8,1.79777
539.833333,1.92919
539.866667,2.11974
539.9,2.36267
539.933333,2.51479
539.966667,2.61117
540,2.66616
540.033333,2.63967
540.066667,2.6105
540.1,2.64434
540.133333,2.69615
540.166667,2.74587
540.2,2.65978
540.233333,2.54234
540.266667,2.44618
540.3,2.20371
540.333333,1.98091
540.366667,1.83818
540.4,1.71691
540.433333,1.61352
540.466667,1.51326
540.5,1.41653
540.533333,1.31376
540.566667,1.2283
540.6,1.14138
540.633333,1.04016
540.666667,0.957483
540.7,0.88412
540.733333,0.781162
540.766667,0.702985
540.8,0.632023
540.833333,0.554998
540.866667,0.503395
540.9,0.82031
540.933333,1.44508
540.966667,2.27741
541,3.47409
541.033333,4.77205
541.066667,6.25394
541.1,7.80395
541.133333,9.05039
541.166667,9.73111
541.2,9.60533
541.233333,9.04341
541.266667,8.10012
541.3,3.78253
541.333333,3.23349
541.366667,2.82024
541.4,2.50125
541.433333,2.19307
541.466667,1.93314
541.5,1.70961
541.533333,1.50657
541.566667,1.32525
541.6,1.17106
541.633333,1.03527
541.666667,0.903095
541.7,0.788077
541.733333,0.664602
541.766667,0.605457
541.8,0.43733
541.833333,0.458877
541.866667,0.33311
541.9,0.27866
541.933333,0.200917
541.966667,0.135535
542,0.107792
542.033333,0.038235
542.066667,0.0003475
542.1,0.00024
542.133333,0.00024
542.166667,0.0217775
542.2,0.0013975
542.233333,0.000685
542.266667,0.00028
542.3,0.000195
542.333333,0.000185
542.366667,0.000185
542.4,0.000185
542.433333,0.000185
542.466667,0.000185
542.5,0.000185
542.533333,0.000185
542.566667,0.000185
542.6,0.000185
542.633333,0.000185
542.666667,0.000185
542.7,0.000185
542.733333,0.000185
542.766667,0.000185
542.8,0.000805
542.833333,0.0033325
542.866667,0.0043725
542.9,0.0108225
542.933333,0.0186575
542.966667,0.0264675
543,0.03545
543.033333,0.0438225
543.066667,0.05073
543.1,0.0557625
543.133333,0.0587975
543.166667,0.062035
543.2,0.0639675
543.233333,0.0601
543.266667,0.0577075
543.3,0.054585
543.333333,0.0530325
543.366667,0.0479575
543.4,0.04694
543.433333,0.043315
543.466667,0.040105
543.5,0.0368975
543.533333,0.0322425
543.566667,0.0284675
543.6,0.0249275
543.633333,0.0224625
543.666667,0.016095
543.7,0.0122025
543.733333,0.008395
543.766667,0.0072025
543.8,0.0076725
543.833333,0.00466
543.866667,0.0007525
543.9,0.00033
543.933333,0.0002175
543.966667,0.0002025
544,0.0073025
544.033333,0.0002325
544.066667,5
544.1,4
544.133333,4
544.166667,0.0237475
544.2,0.003545
544.233333,0.0011
544.266667,0.00125
544.3,0.0001075
544.333333,0.0001
544.366667,0.0001
544.4,0.0001
544.433333,0.0001
544.466667,0.0001
544.5,0.0001
544.533333,0.0001
544.566667,0.0001
544.6,0.0001
544.633333,0.0001
544.666667,0.0001
544.7,0.0001
544.733333,0.0001
544.766667,0.0001
544.8,0.0001
544.833333,0.0001
544.866667,0.0001
544.9,0.0001
544.933333,0.0001
