t,scene_score
0,0.000000
0.0333333,0.006316
0.0666667,0.000011
0.1,0.000002
0.133333,0.003790
0.166667,0.000137
0.2,0.007605
0.233333,0.000016
0.266667,0.000509
0.3,0.000047
0.333333,0.000002
0.366667,0.000000
0.4,0.004757
0.433333,0.000085
0.466667,0.000016
0.5,0.000001
0.533333,0.000000
0.566667,0.000000
0.6,0.004678
0.633333,0.000085
0.666667,0.000014
0.7,0.000001
0.733333,0.000000
0.766667,0.000063
0.8,0.014104
0.833333,0.029139
0.866667,0.033267
0.9,0.003262
0.933333,0.000217
0.966667,0.000033
1,0.004684
1.033333,0.000078
1.066667,0.000014
1.1,0.000000
1.133333,0.000000
1.166667,0.000000
1.2,0.004619
1.233333,0.000079
1.266667,0.000015
1.3,0.000001
1.333333,0.000000
1.366667,0.000000
1.4,0.004738
1.433333,0.000084
1.466667,0.000016
1.5,0.000001
1.533333,0.000000
1.566667,0.000000
1.6,0.004681
1.633333,0.000085
1.666667,0.000014
1.7,0.000001
1.733333,0.000000
1.766667,0.000000
1.8,0.004623
1.833333,0.000082
1.866667,0.000015
1.9,0.000000
1.933333,0.000000
1.966667,0.000000
2,0.072898
2.033333,0.000888
2.066667,0.003404
2.1,0.070442
2.133333,0.063021
2.166667,0.003467
2.2,0.004881
2.233333,0.000106
2.266667,0.000015
2.3,0.000001
2.333333,0.000000
2.366667,0.000000
2.4,0.004737
2.433333,0.000086
2.466667,0.000017
2.5,0.000001
2.533333,0.000000
2.566667,0.000000
2.6,0.004676
2.633333,0.000083
2.666667,0.000012
2.7,0.000001
2.733333,0.000000
2.766667,0.000000
2.8,0.004619
2.833333,0.000084
2.866667,0.000015
2.9,0.000000
2.933333,0.000000
2.966667,0.000000
3,0.004715
3.033333,0.000078
3.066667,0.000013
3.1,0.000000
3.133333,0.000000
3.166667,0.000000
3.2,0.004619
3.233333,0.000076
3.266667,0.000015
3.3,0.000001
3.333333,0.000000
3.366667,0.000000
3.4,0.004734
3.433333,0.000085
3.466667,0.000015
3.5,0.000001
3.533333,0.000000
3.566667,0.000000
3.6,1.000000
3.633333,0.018177
3.666667,0.007529
3.7,0.003201
3.733333,0.000622
3.766667,0.000516
3.8,0.112057
3.833333,0.004876
3.866667,0.002151
3.9,0.000267
3.933333,0.000231
3.966667,0.000317
4,0.000007
4.033333,0.000014
4.066667,0.000327
4.1,0.002442
4.133333,0.001901
4.166667,0.000344
4.2,0.023689
4.233333,0.004813
4.266667,0.000121
4.3,0.000466
4.333333,0.091475
4.366667,0.022955
4.4,0.011411
4.433333,0.002087
4.466667,0.011322
4.5,0.005531
4.533333,0.001301
4.566667,0.000131
4.6,0.002198
4.633333,0.000377
4.666667,0.000102
4.7,0.000003
4.733333,0.000016
4.766667,0.000075
4.8,0.000049
4.833333,0.043833
4.866667,0.000094
4.9,0.013757
4.933333,0.002921
4.966667,0.003860
5,0.002795
5.033333,0.002405
5.066667,0.004355
5.1,0.003289
5.133333,0.008253
5.166667,0.007403
5.2,0.000488
5.233333,0.027484
5.266667,0.023765
5.3,0.000537
5.333333,0.000090
5.366667,0.001689
5.4,0.002653
5.433333,0.001287
5.466667,0.000047
5.5,0.003761
5.533333,0.001526
5.566667,0.073312
5.6,0.040737
5.633333,0.002685
5.666667,0.000212
5.7,0.001288
5.733333,0.000376
5.766667,0.000200
5.8,0.001139
5.833333,0.001057
5.866667,0.000343
5.9,0.000245
5.933333,0.004440
5.966667,0.000931
6,0.002893
6.033333,0.010672
6.066667,0.000605
6.1,0.001974
6.133333,0.000541
6.166667,0.000195
6.2,0.042542
6.233333,0.002958
6.266667,0.003575
6.3,0.000305
6.333333,0.000009
6.366667,0.000045
6.4,0.028252
6.433333,0.010719
6.466667,0.004348
6.5,0.004145
6.533333,0.012998
6.566667,0.000687
6.6,0.002953
6.633333,0.000720
6.666667,0.730664
6.7,0.009222
6.733333,0.002948
6.766667,0.002460
6.8,0.000214
6.833333,0.000304
6.866667,0.000297
6.9,0.000125
6.933333,0.000011
6.966667,0.000001
7,0.000010
7.033333,0.000116
7.066667,0.000295
7.1,0.000206
7.133333,0.003648
7.166667,0.004809
7.2,0.074951
7.233333,0.015726
7.266667,0.000237
7.3,0.011199
7.333333,0.018208
7.366667,0.001162
7.4,0.018482
7.433333,0.009602
7.466667,0.000378
7.5,0.000379
7.533333,0.000341
7.566667,0.000145
7.6,0.000014
7.633333,0.000249
7.666667,0.000134
7.7,0.000095
7.733333,0.000442
7.766667,0.000321
7.8,0.000394
7.833333,0.000729
7.866667,0.001191
7.9,0.001292
7.933333,0.000621
7.966667,0.000713
8,0.001430
8.033333,0.001174
8.066667,0.001956
8.1,0.001142
8.133333,0.000736
8.166667,0.000749
8.2,0.001430
8.233333,0.001132
8.266667,0.000244
8.3,0.000334
8.333333,0.000396
8.366667,0.000547
8.4,0.001551
8.433333,0.001093
8.466667,0.000037
8.5,0.001888
8.533333,0.001718
8.566667,0.001066
8.6,0.000288
8.633333,0.000367
8.666667,0.000150
8.7,0.000645
8.733333,0.002038
8.766667,0.001477
8.8,0.062365
8.833333,0.000352
8.866667,0.000180
8.9,0.000098
8.933333,0.000003
8.966667,0.000027
9,0.000014
9.033333,0.000072
9.066667,0.000152
9.1,0.000165
9.133333,0.000383
9.166667,0.000309
9.2,0.000024
9.233333,0.000009
9.266667,0.000032
9.3,0.000033
9.333333,0.000004
9.366667,0.000012
9.4,0.000029
9.433333,0.000126
9.466667,0.000004
9.5,0.000018
9.533333,0.000003
9.566667,0.000016
9.6,0.000004
9.633333,0.000270
9.666667,0.000236
9.7,0.000002
9.733333,0.000021
9.766667,0.000014
9.8,0.001062
9.833333,0.001610
9.866667,0.001390
9.9,0.000583
9.933333,0.000003
9.966667,0.000001
10,0.000121
10.033333,0.000660
10.066667,0.001542
10.1,0.001151
10.133333,0.000490
10.166667,0.000269
10.2,0.000020
10.233333,0.000003
10.266667,0.221330
10.3,0.000071
10.333333,0.000023
10.366667,0.000335
10.4,0.000034
10.433333,0.003015
10.466667,0.000037
10.5,0.000017
10.533333,0.000003
10.566667,0.000001
10.6,0.000284
10.633333,0.000041
10.666667,0.000019
10.7,0.004010
10.733333,0.000019
10.766667,0.000257
10.8,0.000038
10.833333,0.000017
10.866667,0.000002
10.9,0.000001
10.933333,0.000227
10.966667,0.000035
11,0.000016
11.033333,0.000002
11.066667,0.000002
11.1,0.003696
11.133333,0.000047
11.166667,0.000019
11.2,0.000004
11.233333,0.000001
11.266667,0.000257
11.3,0.000037
11.333333,0.000017
11.366667,0.002762
11.4,0.000018
11.433333,0.000295
11.466667,0.000041
11.5,0.000017
11.533333,0.000003
11.566667,0.000000
11.6,0.000503
11.633333,0.000051
11.666667,0.000020
11.7,0.000002
11.733333,0.004143
11.766667,0.001957
11.8,0.000049
11.833333,0.000018
11.866667,0.168806
11.9,0.000047
11.933333,0.000045
11.966667,0.000031
12,0.000010
12.033333,0.000001
12.066667,0.000000
12.1,0.000000
12.133333,0.000000
12.166667,0.000000
12.2,0.000000
12.233333,0.000000
12.266667,0.000000
12.3,0.000000
12.333333,0.003712
12.366667,0.000028
12.4,0.000005
12.433333,0.000000
12.466667,0.000000
12.5,0.000000
12.533333,0.000000
12.566667,0.000000
12.6,0.000000
12.633333,0.000000
12.666667,0.000000
12.7,0.000000
12.733333,0.000000
12.766667,0.060803
12.8,0.002071
12.833333,0.002152
12.866667,0.002586
12.9,0.002208
12.933333,0.002068
12.966667,0.001868
13,0.001673
13.033333,0.001265
13.066667,0.000863
13.1,0.000353
13.133333,0.000082
13.166667,0.000443
13.2,0.000820
13.233333,0.000596
13.266667,0.000104
13.3,0.001043
13.333333,0.001419
13.366667,0.002002
13.4,0.000167
13.433333,0.000494
13.466667,0.000162
13.5,0.000146
13.533333,0.000068
13.566667,0.000014
13.6,0.000004
13.633333,0.000000
13.666667,1.000000
13.7,0.000019
13.733333,0.000323
13.766667,0.000491
13.8,0.000017
13.833333,0.000296
13.866667,0.000137
13.9,0.000027
13.933333,0.000010
13.966667,0.000001
14,0.000000
14.033333,0.000000
14.066667,0.000000
14.1,0.000000
14.133333,0.000000
14.166667,0.000000
14.2,0.000000
14.233333,0.000000
14.266667,0.000000
14.3,0.000000
14.333333,0.000000
14.366667,0.000000
14.4,0.000000
14.433333,0.000000
14.466667,0.000000
14.5,0.000000
14.533333,0.000000
14.566667,0.000000
14.6,0.000000
14.633333,0.000000
14.666667,0.000000
14.7,0.000000
14.733333,0.000000
14.766667,0.000000
14.8,0.000000
14.833333,0.000000
14.866667,0.000000
14.9,0.000000
14.933333,0.000000
14.966667,0.000000
15,0.000000
15.033333,0.000000
15.066667,0.000000
15.1,0.000000
15.133333,0.000000
15.166667,0.000000
15.2,0.000000
15.233333,0.000000
15.266667,0.000000
15.3,0.000000
15.333333,0.000000
15.366667,0.000000
15.4,0.000000
15.433333,0.000000
15.466667,0.000000
15.5,0.000000
15.533333,1.000000
15.566667,0.016459
15.6,0.001110
15.633333,0.005349
15.666667,0.000542
15.7,0.026132
15.733333,0.005921
15.766667,0.006020
15.8,0.004975
15.833333,0.000443
15.866667,0.000589
15.9,0.039786
15.933333,0.009339
15.966667,0.001441
16,0.007218
16.033333,0.004317
16.066667,0.001097
16.1,0.037146
16.133333,0.001271
16.166667,0.004108
16.2,0.005682
16.233333,0.005206
16.266667,0.000689
16.3,0.019794
16.333333,0.001054
16.366667,0.001593
16.4,0.002192
16.433333,0.000173
16.466667,0.000593
16.5,0.017073
16.533333,0.000832
16.566667,0.007602
16.6,0.005495
16.633333,0.002916
16.666667,0.000731
16.7,0.039845
16.733333,0.002133
16.766667,0.012343
16.8,0.005030
16.833333,0.005074
16.866667,0.001664
16.9,0.016939
16.933333,0.005712
16.966667,0.003012
17,0.005972
17.033333,0.005581
17.066667,0.000776
17.1,0.039117
17.133333,0.004671
17.166667,0.022677
17.2,0.025537
17.233333,0.000785
17.266667,0.002099
17.3,0.021917
17.333333,0.003570
17.366667,0.004133
17.4,0.000105
17.433333,0.002960
17.466667,0.000745
17.5,0.019245
17.533333,0.005310
17.566667,0.003607
17.6,0.008195
17.633333,0.000512
17.666667,0.000207
17.7,0.017054
17.733333,0.003680
17.766667,0.000320
17.8,0.009840
17.833333,0.003937
17.866667,0.000740
17.9,0.024311
17.933333,0.006388
17.966667,0.005641
18,0.009717
18.033333,0.005367
18.066667,0.000749
18.1,0.039460
18.133333,0.004516
18.166667,0.001563
18.2,0.003107
18.233333,0.003220
18.266667,0.000240
18.3,0.041935
18.333333,0.001145
18.366667,0.001244
18.4,0.002909
18.433333,0.003374
18.466667,0.000228
18.5,0.030725
18.533333,0.004035
18.566667,0.565385
18.6,0.000006
18.633333,0.001000
18.666667,0.000052
18.7,0.000213
18.733333,0.010222
18.766667,0.000930
18.8,0.000379
18.833333,0.000101
18.866667,0.000137
18.9,0.000176
18.933333,0.015271
18.966667,0.001061
19,0.000043
19.033333,0.000998
19.066667,0.001048
19.1,0.000608
19.133333,0.000118
19.166667,0.000200
19.2,0.000028
19.233333,0.000646
19.266667,0.000148
19.3,0.000156
19.333333,0.001149
19.366667,0.007241
19.4,0.000045
19.433333,0.010766
19.466667,0.003873
19.5,0.001100
19.533333,0.001270
19.566667,0.000811
19.6,0.000151
19.633333,0.002176
19.666667,0.001002
19.7,0.000182
19.733333,0.000951
19.766667,0.000903
19.8,0.000032
19.833333,0.001316
19.866667,0.000028
19.9,0.000133
19.933333,0.016528
19.966667,0.001847
20,0.000039
20.033333,0.008217
20.066667,0.003620
20.1,0.001336
20.133333,0.002360
20.166667,0.012851
20.2,0.000113
20.233333,0.001121
20.266667,0.008577
20.3,0.003151
20.333333,0.001671
20.366667,0.000082
20.4,0.000034
20.433333,0.001355
20.466667,0.000500
20.5,0.017124
20.533333,0.002495
20.566667,0.000633
20.6,0.000045
20.633333,0.001599
20.666667,0.007795
20.7,0.003226
20.733333,0.001306
20.766667,0.003621
20.8,0.000053
20.833333,0.002367
20.866667,0.000555
20.9,0.033438
20.933333,0.001854
20.966667,0.001421
21,0.000019
21.033333,0.003322
21.066667,0.001199
21.1,0.000128
21.133333,0.015928
21.166667,0.005526
21.2,0.000053
21.233333,0.011615
21.266667,0.003262
21.3,0.000480
21.333333,0.000291
21.366667,0.000126
21.4,0.000034
21.433333,0.003239
21.466667,0.000519
21.5,0.001568
21.533333,0.019415
21.566667,0.005825
21.6,0.000055
21.633333,0.008345
21.666667,0.002333
21.7,0.001111
21.733333,0.001013
21.766667,0.000061
21.8,0.000030
21.833333,0.002523
21.866667,0.000422
21.9,0.000047
21.933333,0.002504
21.966667,0.007655
22,0.000137
22.033333,0.025039
22.066667,0.003132
22.1,0.000315
22.133333,0.000703
22.166667,0.002266
22.2,0.000054
22.233333,0.003743
22.266667,0.000936
22.3,0.001052
22.333333,0.000432
22.366667,0.006428
22.4,0.000055
22.433333,0.005212
22.466667,0.002585
22.5,0.000002
22.533333,0.000084
22.566667,0.010356
22.6,0.000133
22.633333,0.019833
22.666667,0.003578
22.7,0.003416
22.733333,0.002879
22.766667,0.003417
22.8,0.000093
22.833333,0.007755
22.866667,0.002011
22.9,0.001854
22.933333,0.001090
22.966667,0.003452
23,0.000080
23.033333,0.020249
23.066667,0.008650
23.1,0.002436
23.133333,0.001150
23.166667,1.000000
23.2,0.129582
23.233333,0.000119
23.266667,0.161899
23.3,0.035063
23.333333,0.000556
23.366667,0.000146
23.4,0.129539
23.433333,0.048469
23.466667,0.016951
23.5,0.000072
23.533333,0.074947
23.566667,0.000084
23.6,0.028947
23.633333,0.103728
23.666667,0.000015
23.7,0.000214
23.733333,0.027268
23.766667,0.005048
23.8,0.000108
23.833333,0.000013
23.866667,0.000171
23.9,0.052760
23.933333,0.149598
23.966667,0.082880
24,0.001272
24.033333,0.036914
24.066667,0.000126
24.1,0.120424
24.133333,0.040100
24.166667,0.000020
24.2,0.000210
24.233333,0.035606
24.266667,0.072241
24.3,0.034295
24.333333,0.000057
24.366667,0.000009
24.4,0.000004
24.433333,0.079188
24.466667,0.057577
24.5,0.000153
24.533333,0.031189
24.566667,0.000442
24.6,0.138710
24.633333,0.000363
24.666667,0.000037
24.7,0.000256
24.733333,0.051152
24.766667,0.000093
24.8,0.000003
24.833333,0.000037
24.866667,0.139779
24.9,0.039072
24.933333,0.000056
24.966667,0.000179
25,0.000039
25.033333,0.004215
25.066667,0.000078
25.1,0.000010
25.133333,0.000005
25.166667,0.000030
25.2,0.286105
25.233333,0.004253
25.266667,0.000183
25.3,0.117628
25.333333,0.000112
25.366667,0.000003
25.4,0.130797
25.433333,0.062600
25.466667,0.000103
25.5,0.000104
25.533333,0.000085
25.566667,0.000003
25.6,0.000038
25.633333,0.049202
25.666667,0.000055
25.7,0.000044
25.733333,0.146046
25.766667,0.000173
25.8,0.060621
25.833333,0.000145
25.866667,0.092362
25.9,0.036754
25.933333,0.000059
25.966667,0.000132
26,0.000048
26.033333,0.160320
26.066667,0.000148
26.1,0.048818
26.133333,0.019501
26.166667,0.000055
26.2,0.117328
26.233333,0.000078
26.266667,0.000004
26.3,0.137281
26.333333,0.000022
26.366667,0.112075
26.4,0.000067
26.433333,0.000182
26.466667,0.905189
26.5,0.000002
26.533333,0.000073
26.566667,0.000017
26.6,0.000128
26.633333,0.000038
26.666667,0.000012
26.7,0.000002
26.733333,0.000000
26.766667,0.000000
26.8,0.000000
26.833333,0.000000
26.866667,0.000000
26.9,0.000000
26.933333,0.000000
26.966667,0.000000
27,0.000000
27.033333,0.103935
27.066667,0.000039
27.1,0.000014
27.133333,0.000002
27.166667,0.000000
27.2,0.000000
27.233333,0.000000
27.266667,0.000000
27.3,0.000000
27.333333,0.000000
27.366667,0.000000
27.4,0.000000
27.433333,0.000000
27.466667,0.000000
27.5,0.000000
27.533333,0.000000
27.566667,0.000000
27.6,0.000000
27.633333,0.000000
27.666667,0.000000
27.7,0.000000
27.733333,0.000000
27.766667,0.000000
27.8,0.000000
27.833333,0.000000
27.866667,0.000000
27.9,0.000000
27.933333,0.000000
27.966667,0.000000
28,0.000000
28.033333,0.000000
28.066667,0.000000
28.1,0.000000
28.133333,0.000000
28.166667,0.000000
28.2,0.139889
28.233333,0.053356
28.266667,0.002999
28.3,0.000334
28.333333,0.002646
28.366667,0.003803
28.4,0.003177
28.433333,0.003500
28.466667,0.009630
28.5,0.007427
28.533333,0.003239
28.566667,0.003024
28.6,0.004588
28.633333,0.004227
28.666667,0.000062
28.7,0.000027
28.733333,0.000204
28.766667,0.000948
28.8,0.004629
28.833333,0.004510
28.866667,0.005318
28.9,0.007072
28.933333,0.005895
28.966667,0.006967
29,0.001599
29.033333,0.001555
29.066667,0.011881
29.1,0.010284
29.133333,0.004455
29.166667,0.003648
29.2,0.000436
29.233333,0.001568
29.266667,0.001164
29.3,0.002020
29.333333,0.003371
29.366667,0.003857
29.4,0.003272
29.433333,0.002474
29.466667,0.000868
29.5,0.000752
29.533333,1.000000
29.566667,0.000023
29.6,0.000006
29.633333,0.000003
29.666667,0.000000
29.7,0.000000
29.733333,0.000000
29.766667,0.000000
29.8,0.000000
29.833333,0.000000
29.866667,0.000000
29.9,0.000000
29.933333,0.000000
29.966667,0.000000
30,0.000000
30.033333,0.000000
30.066667,0.000000
30.1,0.000000
30.133333,0.000000
30.166667,0.000000
30.2,0.000000
30.233333,0.000000
30.266667,0.000000
30.3,0.000000
30.333333,0.000000
30.366667,0.000000
30.4,0.000000
30.433333,0.000000
30.466667,0.002977
30.5,0.001327
30.533333,0.000468
30.566667,0.000186
30.6,0.000169
30.633333,0.000059
30.666667,0.000076
30.7,0.000087
30.733333,0.000004
30.766667,0.000001
30.8,0.022435
30.833333,0.000014
30.866667,0.000005
30.9,0.000001
30.933333,0.000000
30.966667,0.000000
31,0.000000
31.033333,0.000000
31.066667,0.000000
31.1,0.000000
31.133333,0.000000
31.166667,0.000000
31.2,0.000000
31.233333,0.000000
31.266667,0.000000
31.3,0.000000
31.333333,0.000000
31.366667,0.000000
31.4,0.000000
31.433333,0.000000
31.466667,0.000000
31.5,0.000000
31.533333,0.000000
31.566667,0.000000
31.6,0.001106
31.633333,0.000621
31.666667,0.000352
31.7,0.000068
31.733333,0.001070
31.766667,0.001524
31.8,0.002037
31.833333,0.001055
31.866667,0.000035
31.9,0.000179
31.933333,0.001436
31.966667,0.000541
32,0.001345
32.033333,0.000709
32.066667,0.000186
32.1,0.000147
32.133333,0.000102
32.166667,0.000078
32.2,0.000048
32.233333,0.000276
32.266667,0.027183
32.3,0.000248
32.333333,0.000024
32.366667,0.026754
32.4,0.000787
32.433333,0.001054
32.466667,0.000551
32.5,0.000234
32.533333,0.001286
32.566667,0.000431
32.6,0.000365
32.633333,0.000900
32.666667,0.000352
32.7,0.001197
32.733333,0.000411
32.766667,0.000921
32.8,0.001122
32.833333,0.000094
32.866667,0.001294
32.9,0.000445
32.933333,0.000492
32.966667,0.000305
33,0.001233
33.033333,0.000016
33.066667,0.000318
33.1,0.000077
33.133333,0.000007
33.166667,0.000003
33.2,0.000000
33.233333,0.000000
33.266667,0.000000
33.3,0.000000
33.333333,0.000785
33.366667,0.000086
33.4,0.000009
33.433333,0.000011
33.466667,0.000006
33.5,0.000961
33.533333,0.000375
33.566667,0.000190
33.6,0.000079
33.633333,0.002410
33.666667,0.001603
33.7,0.000241
33.733333,0.000186
33.766667,0.000133
33.8,0.000078
33.833333,0.000213
33.866667,0.000026
33.9,0.000006
33.933333,0.000011
33.966667,0.000031
34,0.000051
34.033333,0.000126
34.066667,0.000493
34.1,0.000011
34.133333,0.000005
34.166667,0.000001
34.2,0.000000
34.233333,0.000000
34.266667,0.000000
34.3,0.000000
34.333333,0.000000
34.366667,0.000000
34.4,0.000000
34.433333,0.000000
34.466667,0.000000
34.5,0.034069
34.533333,0.000021
34.566667,0.000007
34.6,0.000002
34.633333,0.000000
34.666667,0.000000
34.7,0.000000
34.733333,0.000000
34.766667,0.000000
34.8,0.000000
34.833333,0.000183
34.866667,0.000007
34.9,0.000008
34.933333,0.000019
34.966667,0.000001
35,0.000011
35.033333,0.000018
35.066667,0.000004
35.1,0.000011
35.133333,0.000004
35.166667,0.000011
35.2,0.000005
35.233333,0.000001
35.266667,0.000000
35.3,0.000000
35.333333,0.000000
35.366667,0.000000
35.4,0.000000
35.433333,0.000000
35.466667,0.000000
35.5,0.000000
35.533333,0.000000
35.566667,0.000000
35.6,0.000000
35.633333,0.000000
35.666667,0.000000
35.7,0.000000
35.733333,0.000000
35.766667,0.000000
35.8,0.000000
35.833333,0.000000
35.866667,0.000000
35.9,0.000000
35.933333,0.000000
35.966667,0.000000
36,0.000000
36.033333,0.000000
36.066667,0.000000
36.1,0.000000
36.133333,0.000000
36.166667,0.000000
36.2,0.000000
36.233333,0.000000
36.266667,0.000000
36.3,0.000000
36.333333,0.000000
36.366667,0.000000
36.4,0.000000
36.433333,0.000000
36.466667,0.000000
36.5,0.000000
36.533333,0.000000
36.566667,0.000000
36.6,0.000000
36.633333,0.000000
36.666667,0.000000
36.7,0.000000
36.733333,0.000000
36.766667,0.000000
36.8,0.000000
36.833333,0.000000
36.866667,0.000000
36.9,0.000000
36.933333,0.000000
36.966667,0.000000
37,0.000000
37.033333,0.000000
37.066667,0.000000
37.1,0.000000
37.133333,0.000000
37.166667,1.000000
37.2,0.000015
37.233333,0.000004
37.266667,0.000002
37.3,0.000000
37.333333,0.000000
37.366667,0.000000
37.4,0.000000
37.433333,0.000000
37.466667,0.000000
37.5,0.000000
37.533333,0.000000
37.566667,0.000000
37.6,0.000000
37.633333,0.000000
37.666667,0.000000
37.7,0.000000
37.733333,0.000000
37.766667,0.000000
37.8,0.000000
37.833333,0.000000
37.866667,0.019467
37.9,0.000007
37.933333,0.000003
37.966667,0.000000
38,0.000000
38.033333,0.000000
38.066667,0.000000
38.1,0.000000
38.133333,0.000000
38.166667,0.000000
38.2,0.000000
38.233333,0.000000
38.266667,0.000000
38.3,0.000000
38.333333,0.000000
38.366667,0.000000
38.4,0.000000
38.433333,0.042632
38.466667,0.044032
38.5,0.000032
38.533333,0.000011
38.566667,0.000004
38.6,0.000001
38.633333,0.000000
38.666667,0.000000
38.7,0.000000
38.733333,0.000000
38.766667,0.000000
38.8,0.000000
38.833333,0.000000
38.866667,0.000000
38.9,0.129022
38.933333,0.025504
38.966667,0.012850
39,0.016560
39.033333,0.005339
39.066667,0.012513
39.1,0.002073
39.133333,0.050491
39.166667,0.070126
39.2,0.000168
39.233333,0.001133
39.266667,0.000029
39.3,0.000815
39.333333,0.000049
39.366667,0.034804
39.4,0.000314
39.433333,0.000086
39.466667,0.008589
39.5,0.008502
39.533333,0.008647
39.566667,0.012868
39.6,0.020642
39.633333,0.008456
39.666667,0.010247
39.7,0.000282
39.733333,0.015485
39.766667,0.018785
39.8,0.007136
39.833333,0.000129
39.866667,0.000448
39.9,0.006397
39.933333,0.026466
39.966667,0.027023
40,0.036805
40.033333,0.003699
40.066667,0.000103
40.1,0.004300
40.133333,0.009801
40.166667,0.006018
40.2,0.044196
40.233333,0.032223
40.266667,0.004485
40.3,0.005802
40.333333,0.036532
40.366667,0.000055
40.4,0.000024
40.433333,0.000005
40.466667,0.000001
40.5,0.000000
40.533333,0.000000
40.566667,0.000000
40.6,0.000000
40.633333,0.000000
40.666667,0.000000
40.7,0.000000
40.733333,0.000000
40.766667,0.000000
40.8,0.000000
40.833333,0.000000
40.866667,0.000000
40.9,0.000000
40.933333,0.000000
40.966667,0.000000
41,0.000000
41.033333,0.000000
41.066667,0.000000
41.1,0.000000
41.133333,0.000000
41.166667,0.000000
41.2,0.000000
41.233333,0.000000
41.266667,0.000000
41.3,0.604148
41.333333,0.000989
41.366667,0.000178
41.4,0.000131
41.433333,0.000065
41.466667,0.000014
41.5,0.000005
41.533333,0.000001
41.566667,0.000000
41.6,0.000000
41.633333,0.000000
41.666667,0.000000
41.7,0.000000
41.733333,0.000000
41.766667,0.000000
41.8,0.000000
41.833333,0.000000
41.866667,0.000000
41.9,0.000000
41.933333,0.000000
41.966667,0.000000
42,0.000000
42.033333,0.000000
42.066667,0.000000
42.1,0.000000
42.133333,0.000000
42.166667,0.000000
42.2,0.000000
42.233333,0.000000
42.266667,0.000000
42.3,0.000585
42.333333,0.000051
42.366667,0.000013
42.4,0.000006
42.433333,0.000001
42.466667,0.000000
42.5,0.000000
42.533333,0.000000
42.566667,0.000000
42.6,0.000000
42.633333,0.000000
42.666667,0.000000
42.7,0.000000
42.733333,0.000000
42.766667,0.000000
42.8,0.000000
42.833333,0.000000
42.866667,0.000000
42.9,0.000000
42.933333,0.000000
42.966667,0.000000
43,0.000000
43.033333,0.000000
43.066667,0.000000
43.1,0.000000
43.133333,0.000000
43.166667,0.000000
43.2,0.000000
43.233333,0.000000
43.266667,0.000000
43.3,0.000013
43.333333,0.000001
43.366667,0.000007
43.4,0.000001
43.433333,0.000000
43.466667,0.000000
43.5,0.000000
43.533333,0.000000
43.566667,0.000000
43.6,0.000000
43.633333,0.000000
43.666667,0.000000
43.7,0.000000
43.733333,0.000000
43.766667,0.000000
43.8,0.000000
43.833333,0.000000
43.866667,0.000000
43.9,0.000000
43.933333,0.000000
43.966667,0.000000
44,0.000000
44.033333,0.000000
44.066667,0.000000
44.1,0.000000
44.133333,0.000000
44.166667,0.000000
44.2,0.090997
44.233333,0.000052
44.266667,0.000018
44.3,0.000326
44.333333,0.001179
44.366667,0.003972
44.4,0.010210
44.433333,0.011419
44.466667,0.010698
44.5,0.005685
44.533333,0.001204
44.566667,0.000355
44.6,0.002070
44.633333,0.003676
44.666667,0.004869
44.7,0.005322
44.733333,0.013080
44.766667,0.008149
44.8,0.004532
44.833333,0.004128
44.866667,0.003364
44.9,0.002171
44.933333,0.000397
44.966667,0.000090
45,0.000745
45.033333,0.003692
45.066667,0.001455
45.1,0.000234
45.133333,0.001382
45.166667,0.000320
45.2,0.001175
45.233333,0.001894
45.266667,0.001714
45.3,0.000130
45.333333,0.001687
45.366667,0.002753
45.4,0.004662
45.433333,0.002418
45.466667,0.022082
45.5,0.013539
45.533333,0.010109
45.566667,0.011537
45.6,0.007157
45.633333,0.041485
45.666667,0.170986
45.7,0.034068
45.733333,0.012375
45.766667,0.003452
45.8,0.005593
45.833333,0.001893
45.866667,0.011776
45.9,0.000093
45.933333,0.000394
45.966667,0.000948
46,0.002354
46.033333,0.000603
46.066667,0.000547
46.1,0.001611
46.133333,0.001797
46.166667,0.001092
46.2,0.001200
46.233333,0.007048
46.266667,0.004454
46.3,0.002279
46.333333,0.003074
46.366667,0.002344
46.4,0.002027
46.433333,0.000912
46.466667,0.005161
46.5,0.009542
46.533333,0.001902
46.566667,0.001527
46.6,0.000663
46.633333,0.022335
46.666667,0.001075
46.7,0.004189
46.733333,0.013016
46.766667,0.007645
46.8,0.020556
46.833333,0.015581
46.866667,0.002079
46.9,0.001888
46.933333,0.001168
46.966667,0.001301
47,0.001293
47.033333,0.001138
47.066667,0.006755
47.1,0.004395
47.133333,0.001054
47.166667,0.000365
47.2,0.002628
47.233333,0.003016
47.266667,0.003112
47.3,0.002288
47.333333,0.000298
47.366667,0.000108
47.4,0.000747
47.433333,0.000010
47.466667,0.000642
47.5,0.000706
47.533333,0.000486
47.566667,0.001704
47.6,0.002567
47.633333,0.001170
47.666667,0.000895
47.7,0.000930
47.733333,0.002047
47.766667,0.001639
47.8,0.000520
47.833333,0.000746
47.866667,0.002316
47.9,0.004228
47.933333,0.004282
47.966667,0.001892
48,0.054333
48.033333,0.019641
48.066667,0.004410
48.1,0.002828
48.133333,0.000589
48.166667,0.040600
48.2,0.019343
48.233333,0.011948
48.266667,0.008080
48.3,0.005824
48.333333,0.006395
48.366667,0.003296
48.4,0.001504
48.433333,0.001791
48.466667,0.001243
48.5,0.001132
48.533333,0.001089
48.566667,0.001004
48.6,0.011458
48.633333,0.003845
48.666667,0.003181
48.7,0.002988
48.733333,0.003660
48.766667,0.000057
48.8,0.001649
48.833333,0.000835
48.866667,0.000548
48.9,0.000227
48.933333,0.000989
48.966667,0.000218
49,0.000085
49.033333,0.000821
49.066667,0.000415
49.1,0.000961
49.133333,0.000791
49.166667,0.000469
49.2,0.000139
49.233333,0.000283
49.266667,0.001807
49.3,0.001068
49.333333,0.000553
49.366667,0.000926
49.4,0.000835
49.433333,0.000195
49.466667,0.000494
49.5,0.000796
49.533333,0.000022
49.566667,0.000481
49.6,0.054974
49.633333,0.000229
49.666667,0.000018
49.7,0.000012
49.733333,0.000582
49.766667,0.005378
49.8,0.006303
49.833333,0.000266
49.866667,0.000092
49.9,0.004224
49.933333,0.001764
49.966667,0.005191
50,0.002654
50.033333,0.001617
50.066667,0.001660
50.1,0.006145
50.133333,0.010989
50.166667,0.002693
50.2,0.006447
50.233333,0.004186
50.266667,0.002102
50.3,0.002160
50.333333,0.001342
50.366667,0.001286
50.4,0.000446
50.433333,0.094567
50.466667,0.020444
50.5,0.011274
50.533333,0.006556
50.566667,0.000497
50.6,0.001962
50.633333,0.003471
50.666667,0.006650
50.7,0.005290
50.733333,0.009198
50.766667,0.000446
50.8,0.004390
50.833333,0.002709
50.866667,0.001878
50.9,0.001141
50.933333,0.000712
50.966667,0.000393
51,0.000144
51.033333,0.000049
51.066667,0.000014
51.1,0.000007
51.133333,0.000000
51.166667,0.000000
51.2,0.000000
51.233333,0.000000
51.266667,0.000000
51.3,0.000106
51.333333,0.000020
51.366667,0.000007
51.4,0.000002
51.433333,0.000001
51.466667,0.000000
51.5,0.000000
51.533333,0.000000
51.566667,0.000000
51.6,0.000000
51.633333,0.000000
51.666667,0.000000
51.7,0.000000
51.733333,0.000000
51.766667,0.000000
51.8,0.000000
51.833333,0.000000
51.866667,0.000000
51.9,0.000000
51.933333,0.000000
51.966667,0.000000
52,0.000000
52.033333,0.000000
52.066667,0.000000
52.1,0.000000
52.133333,0.000000
52.166667,0.000000
52.2,0.000000
52.233333,0.000000
52.266667,0.000000
52.3,0.000002
52.333333,0.000001
52.366667,0.000001
52.4,0.000000
52.433333,0.000000
52.466667,0.000000
52.5,0.000000
52.533333,0.000000
52.566667,0.000000
52.6,0.000000
52.633333,0.000000
52.666667,0.000000
52.7,0.000000
52.733333,0.000000
52.766667,0.000000
52.8,0.000000
52.833333,0.000000
52.866667,0.000000
52.9,0.202226
52.933333,0.000005
52.966667,0.000074
53,0.000083
53.033333,0.000046
53.066667,0.000012
53.1,0.000003
53.133333,0.000000
53.166667,0.000000
53.2,0.000000
53.233333,0.000000
53.266667,0.000000
53.3,0.000000
53.333333,0.000000
53.366667,0.000000
53.4,0.000000
53.433333,0.000000
53.466667,0.000000
53.5,0.000000
53.533333,0.000000
53.566667,0.000000
53.6,0.000000
53.633333,0.000000
53.666667,0.000000
53.7,0.000000
53.733333,0.000000
53.766667,0.000000
53.8,0.000000
53.833333,0.000000
53.866667,0.000000
53.9,0.000000
53.933333,0.000000
53.966667,0.000000
54,0.000000
54.033333,0.000000
54.066667,0.000000
54.1,0.000000
54.133333,0.000000
54.166667,0.000000
54.2,0.001524
54.233333,0.000127
54.266667,0.000090
54.3,0.000090
54.333333,0.000191
54.366667,0.000195
54.4,0.000024
54.433333,0.000193
54.466667,0.000157
54.5,0.000024
54.533333,0.000039
54.566667,0.000012
54.6,0.000151
54.633333,0.000153
54.666667,0.000025
54.7,0.000214
54.733333,0.000047
54.766667,0.000087
54.8,0.000032
54.833333,0.000060
54.866667,0.039095
54.9,0.001039
54.933333,0.000020
54.966667,0.000145
55,0.000038
55.033333,0.000162
55.066667,0.000181
55.1,0.000357
55.133333,0.000547
55.166667,0.003278
55.2,0.000040
55.233333,0.000005
55.266667,0.000001
55.3,0.000000
55.333333,0.000000
55.366667,0.000000
55.4,0.000000
55.433333,0.000000
55.466667,0.000861
55.5,0.000222
55.533333,0.000071
55.566667,0.000044
55.6,0.000008
55.633333,0.000023
55.666667,0.000035
55.7,0.000034
55.733333,0.000031
55.766667,0.000006
55.8,0.000007
55.833333,0.000022
55.866667,0.000018
55.9,0.000063
55.933333,0.000099
55.966667,0.000041
56,0.000694
56.033333,0.000697
56.066667,0.000353
56.1,0.000049
56.133333,0.000022
56.166667,0.000004
56.2,0.000001
56.233333,0.000000
56.266667,0.000000
56.3,0.067350
56.333333,0.000036
56.366667,0.003659
56.4,0.000872
56.433333,0.000431
56.466667,0.000014
56.5,0.000001
56.533333,0.000030
56.566667,0.000549
56.6,0.001134
56.633333,0.000260
56.666667,0.000071
56.7,0.000065
56.733333,0.000071
56.766667,0.000001
56.8,0.000070
56.833333,0.000081
56.866667,0.000001
56.9,0.000003
56.933333,0.000000
56.966667,0.000085
57,0.000075
57.033333,0.000005
57.066667,0.003592
57.1,0.000824
57.133333,0.000863
57.166667,0.000577
57.2,0.000774
57.233333,0.000233
57.266667,0.000305
57.3,0.000368
57.333333,0.000418
57.366667,0.000697
57.4,0.000079
57.433333,0.000099
57.466667,0.000198
57.5,0.000312
57.533333,0.001842
57.566667,0.000023
57.6,0.000003
57.633333,0.000000
57.666667,0.000000
57.7,0.000000
57.733333,0.000000
57.766667,0.005077
57.8,0.002580
57.833333,0.001508
57.866667,0.000155
57.9,0.002965
57.933333,0.002298
57.966667,0.000699
58,0.000164
58.033333,0.000661
58.066667,0.000463
58.1,0.000260
58.133333,0.000594
58.166667,0.000076
58.2,0.000003
58.233333,0.000008
58.266667,0.003223
58.3,0.000985
58.333333,0.000558
58.366667,0.000492
58.4,0.000468
58.433333,0.000397
58.466667,0.000412
58.5,0.000239
58.533333,0.001180
58.566667,0.001018
58.6,0.003526
58.633333,0.053972
58.666667,0.003003
58.7,0.005038
58.733333,0.003353
58.766667,0.002379
58.8,0.003338
58.833333,0.003253
58.866667,0.002441
58.9,0.003139
58.933333,0.003054
58.966667,0.003468
59,0.003187
59.033333,0.003748
59.066667,0.003092
59.1,0.003875
59.133333,0.003023
59.166667,0.003986
59.2,0.002561
59.233333,0.004064
59.266667,0.002414
59.3,0.003315
59.333333,0.002826
59.366667,0.003462
59.4,0.002020
59.433333,0.002389
59.466667,0.000569
59.5,0.000102
59.533333,0.000612
59.566667,0.001032
59.6,0.003279
59.633333,0.086823
59.666667,0.005566
59.7,0.001721
59.733333,0.002749
59.766667,0.000000
59.8,0.000304
59.833333,0.002983
59.866667,0.000001
59.9,0.000644
59.933333,0.001938
59.966667,0.000022
60,0.000218
60.033333,0.001200
60.066667,0.000038
60.1,0.000114
60.133333,0.000130
60.166667,0.000122
60.2,0.000019
60.233333,0.000002
60.266667,0.000000
60.3,0.000000
60.333333,0.000000
60.366667,0.000000
60.4,0.000000
60.433333,0.000000
60.466667,0.000000
60.5,0.000000
60.533333,0.000000
60.566667,0.000000
60.6,0.000000
60.633333,0.000000
60.666667,0.037881
60.7,0.000163
60.733333,0.000213
60.766667,0.000105
60.8,0.000135
60.833333,0.000001
60.866667,0.000000
60.9,0.000000
60.933333,0.000000
60.966667,0.000000
61,0.000000
61.033333,0.000000
61.066667,0.000000
61.1,0.000000
61.133333,0.000000
61.166667,0.000000
61.2,0.000000
61.233333,0.000000
61.266667,0.000000
61.3,0.000000
61.333333,0.000000
61.366667,0.000000
61.4,0.000000
61.433333,0.000000
61.466667,0.000000
61.5,0.000000
61.533333,0.000000
61.566667,0.000000
61.6,0.000000
61.633333,0.000000
61.666667,0.000000
61.7,0.000000
61.733333,0.000000
61.766667,0.000000
61.8,0.000000
61.833333,0.000000
61.866667,0.000000
61.9,0.000000
61.933333,0.000000
61.966667,0.000000
62,0.000000
62.033333,0.000000
62.066667,0.075857
62.1,0.000162
62.133333,0.000013
62.166667,0.000126
62.2,0.000007
62.233333,0.000002
62.266667,0.000000
62.3,0.000000
62.333333,0.000000
62.366667,0.000000
62.4,0.000000
62.433333,0.000000
62.466667,0.000000
62.5,0.000000
62.533333,0.000000
62.566667,0.000000
62.6,0.000000
62.633333,0.000000
62.666667,0.000000
62.7,0.000000
62.733333,0.000125
62.766667,0.000007
62.8,0.000001
62.833333,0.000000
62.866667,0.000003
62.9,0.000129
62.933333,0.000117
62.966667,0.000002
63,0.000000
63.033333,0.000000
63.066667,0.000000
63.1,0.000131
63.133333,0.000117
63.166667,0.000000
63.2,0.000000
63.233333,0.000000
63.266667,0.000002
63.3,0.000129
63.333333,0.000117
63.366667,0.000000
63.4,0.000000
63.433333,0.000000
63.466667,0.000000
63.5,0.000132
63.533333,0.000117
63.566667,0.000000
63.6,0.000000
63.633333,0.000000
63.666667,0.000002
63.7,0.000129
63.733333,0.000117
63.766667,0.000000
63.8,0.000000
63.833333,0.000000
63.866667,0.000000
63.9,0.000132
63.933333,0.000117
63.966667,0.000000
64,0.002353
64.033333,0.000134
64.066667,0.000062
64.1,0.000029
64.133333,0.000006
64.166667,0.000002
64.2,0.000000
64.233333,0.000000
64.266667,0.000000
64.3,0.000000
64.333333,0.000000
64.366667,0.000000
64.4,0.000000
64.433333,0.000000
64.466667,0.000000
64.5,0.000000
64.533333,0.000000
64.566667,0.000000
64.6,0.000000
64.633333,0.000000
64.666667,0.000000
64.7,0.000000
64.733333,0.000000
64.766667,0.000000
64.8,0.000000
64.833333,0.000000
64.866667,0.000000
64.9,0.000000
64.933333,0.000000
64.966667,0.000000
65,0.000000
65.033333,0.000000
65.066667,0.000000
65.1,0.000000
65.133333,0.000000
65.166667,0.000000
65.2,0.000000
65.233333,0.000000
65.266667,0.000000
65.3,0.408117
65.333333,0.000010
65.366667,0.000073
65.4,0.000034
65.433333,0.000050
65.466667,0.000036
65.5,0.000014
65.533333,0.000002
65.566667,0.000000
65.6,0.000000
65.633333,0.000000
65.666667,0.000000
65.7,0.000000
65.733333,0.000000
65.766667,0.000000
65.8,0.000000
65.833333,0.000000
65.866667,0.000000
65.9,0.000000
65.933333,0.000000
65.966667,0.000000
66,0.000000
66.033333,0.000000
66.066667,0.000000
66.1,0.000000
66.133333,0.000000
66.166667,0.000000
66.2,0.000000
66.233333,0.000026
66.266667,0.106362
66.3,0.000242
66.333333,0.000037
66.366667,0.000031
66.4,0.000018
66.433333,0.000027
66.466667,0.000012
66.5,0.000003
66.533333,0.000000
66.566667,0.000000
66.6,0.033114
66.633333,0.000028
66.666667,0.000013
66.7,0.106400
66.733333,0.000155
66.766667,0.000028
66.8,0.000048
66.833333,0.000041
66.866667,0.000015
66.9,0.000008
66.933333,0.000002
66.966667,0.000003
67,0.000000
67.033333,0.000000
67.066667,0.000000
67.1,0.000016
67.133333,0.108311
67.166667,0.001166
67.2,0.000113
67.233333,0.000001
67.266667,0.000101
67.3,0.000043
67.333333,0.000019
67.366667,0.000003
67.4,0.000000
67.433333,0.000000
67.466667,0.000016
67.5,0.115174
67.533333,0.000182
67.566667,0.000058
67.6,0.000063
67.633333,0.000035
67.666667,0.000015
67.7,0.000005
67.733333,0.000001
67.766667,0.000000
67.8,0.000000
67.833333,0.000000
67.866667,0.000000
67.9,0.000000
67.933333,0.130510
67.966667,0.000110
68,0.000063
68.033333,0.000006
68.066667,0.000069
68.1,0.000032
68.133333,0.000011
68.166667,0.000003
68.2,0.000002
68.233333,0.000001
68.266667,0.000000
68.3,0.000000
68.333333,0.064749
68.366667,0.000032
68.4,0.000014
68.433333,0.000003
68.466667,0.000000
68.5,0.000000
68.533333,0.000000
68.566667,0.000000
68.6,0.000000
68.633333,0.000000
68.666667,0.000000
68.7,0.000000
68.733333,0.000000
68.766667,0.000000
68.8,0.000000
68.833333,0.000000
68.866667,0.000000
68.9,0.000000
68.933333,0.000000
68.966667,0.000000
69,0.000000
69.033333,0.000000
69.066667,0.000000
69.1,0.000000
69.133333,0.000000
69.166667,0.000000
69.2,0.000000
69.233333,0.000000
69.266667,0.000000
69.3,0.000000
69.333333,0.156455
69.366667,0.000143
69.4,0.000059
69.433333,0.000007
69.466667,0.000081
69.5,0.000035
69.533333,0.000021
69.566667,0.000008
69.6,0.000002
69.633333,0.000000
69.666667,0.169884
69.7,0.000130
69.733333,0.000057
69.766667,0.000014
69.8,0.000078
69.833333,0.000033
69.866667,0.000021
69.9,0.000005
69.933333,0.000002
69.966667,0.000000
70,0.000000
70.033333,0.000000
70.066667,0.000000
70.1,0.000000
70.133333,0.000000
70.166667,0.000000
70.2,0.000000
70.233333,0.000000
70.266667,0.000000
70.3,0.000000
70.333333,0.000000
70.366667,0.000000
70.4,0.000000
70.433333,0.000000
70.466667,0.000000
70.5,0.000000
70.533333,0.000000
70.566667,0.000000
70.6,0.000039
70.633333,1.000000
70.666667,0.032800
70.7,0.001108
70.733333,0.002603
70.766667,0.000646
70.8,0.002145
70.833333,0.000346
70.866667,0.034896
70.9,0.000903
70.933333,0.001965
70.966667,0.004161
71,0.001258
71.033333,0.000375
71.066667,0.044842
71.1,0.000367
71.133333,0.001061
71.166667,0.000892
71.2,0.001610
71.233333,0.002846
71.266667,0.043267
71.3,0.000834
71.333333,0.001953
71.366667,0.000753
71.4,0.000452
71.433333,0.000117
71.466667,0.043271
71.5,0.000341
71.533333,0.001911
71.566667,0.004771
71.6,0.001403
71.633333,0.000118
71.666667,0.034420
71.7,0.007066
71.733333,0.010576
71.766667,0.001525
71.8,0.012368
71.833333,0.000454
71.866667,0.037003
71.9,0.002755
71.933333,0.002058
71.966667,0.006032
72,0.003220
72.033333,0.000050
72.066667,0.044961
72.1,0.002563
72.133333,0.001775
72.166667,0.001055
72.2,0.002961
72.233333,0.000095
72.266667,0.050557
72.3,0.001545
72.333333,0.001767
72.366667,0.003798
72.4,0.008055
72.433333,0.000428
72.466667,0.060805
72.5,0.002507
72.533333,0.000600
72.566667,0.000400
72.6,0.001941
72.633333,0.000025
72.666667,0.054873
72.7,0.005004
72.733333,0.001854
72.766667,0.000414
72.8,0.006479
72.833333,0.001676
72.866667,0.032433
72.9,0.012055
72.933333,0.002788
72.966667,0.009985
73,0.005487
73.033333,0.000419
73.066667,0.041489
73.1,0.279282
73.133333,0.000155
73.166667,0.004429
73.2,0.003403
73.233333,0.002608
73.266667,0.011876
73.3,0.004996
73.333333,0.000298
73.366667,0.023377
73.4,0.000052
73.433333,0.001756
73.466667,0.001540
73.5,0.001710
73.533333,0.000356
73.566667,0.025771
73.6,0.007388
73.633333,0.004664
73.666667,0.001283
73.7,0.000384
73.733333,0.000148
73.766667,0.011143
73.8,0.006515
73.833333,0.008377
73.866667,0.003645
73.9,0.005858
73.933333,0.000378
73.966667,0.011947
74,0.002044
74.033333,0.000471
74.066667,0.001116
74.1,0.012012
74.133333,0.000303
74.166667,0.027234
74.2,0.004272
74.233333,0.004745
74.266667,0.002866
74.3,0.000343
74.333333,0.000330
74.366667,0.011945
74.4,0.001494
74.433333,0.001505
74.466667,0.000138
74.5,0.000675
74.533333,0.000007
74.566667,0.006906
74.6,0.004394
74.633333,0.000470
74.666667,0.000820
74.7,0.000449
74.733333,0.002467
74.766667,0.011761
74.8,0.000272
74.833333,0.001302
74.866667,0.002120
74.9,0.000618
74.933333,0.020858
74.966667,0.013629
75,0.004496
75.033333,0.005603
75.066667,0.003552
75.1,0.004065
75.133333,0.000338
75.166667,0.020112
75.2,0.008013
75.233333,0.003516
75.266667,0.002394
75.3,0.002782
75.333333,0.000368
75.366667,0.018513
75.4,0.005479
75.433333,0.001607
75.466667,0.002263
75.5,0.005105
75.533333,0.002641
75.566667,0.014520
75.6,0.003693
75.633333,0.003389
75.666667,0.000050
75.7,0.011756
75.733333,0.000259
75.766667,0.022792
75.8,0.000252
75.833333,0.000418
75.866667,0.004977
75.9,0.007765
75.933333,0.000283
75.966667,0.015467
76,0.000212
76.033333,0.000247
76.066667,0.001883
76.1,0.004479
76.133333,0.000392
76.166667,0.027246
76.2,0.003618
76.233333,0.011051
76.266667,0.001592
76.3,0.004434
76.333333,0.000317
76.366667,0.331183
76.4,0.002499
76.433333,0.000074
76.466667,0.000611
76.5,0.000900
76.533333,0.000114
76.566667,0.000946
76.6,0.000613
76.633333,0.001850
76.666667,0.000431
76.7,0.000098
76.733333,0.000049
76.766667,0.001005
76.8,0.000261
76.833333,0.000283
76.866667,0.000177
76.9,0.000408
76.933333,0.000057
76.966667,0.000861
77,0.000203
77.033333,0.000308
77.066667,0.001037
77.1,0.000041
77.133333,0.000078
77.166667,0.000827
77.2,0.001309
77.233333,0.000098
77.266667,0.000668
77.3,0.005023
77.333333,0.000157
77.366667,0.000971
77.4,0.000369
77.433333,0.000364
77.466667,0.000582
77.5,0.000652
77.533333,0.000069
77.566667,0.001936
77.6,0.000730
77.633333,0.001248
77.666667,0.000448
77.7,0.000477
77.733333,0.000055
77.766667,0.001331
77.8,0.000414
77.833333,0.001147
77.866667,0.001149
77.9,0.001544
77.933333,0.000057
77.966667,0.001425
78,0.000276
78.033333,0.003590
78.066667,0.001435
78.1,0.000243
78.133333,0.000069
78.166667,0.000762
78.2,0.016937
78.233333,0.007955
78.266667,0.001856
78.3,0.000186
78.333333,0.002548
78.366667,0.001449
78.4,0.000227
78.433333,0.000209
78.466667,0.001240
78.5,0.000538
78.533333,0.002109
78.566667,0.000310
78.6,0.000462
78.633333,0.002906
78.666667,0.001716
78.7,0.001156
78.733333,0.000976
78.766667,0.036470
78.8,0.004141
78.833333,0.000754
78.866667,0.001749
78.9,0.000132
78.933333,0.002310
78.966667,0.002134
79,0.000543
79.033333,0.000327
79.066667,0.000143
79.1,0.001011
79.133333,0.002220
79.166667,0.002107
79.2,0.002112
79.233333,0.000396
79.266667,0.000875
79.3,0.000912
79.333333,0.000152
79.366667,0.002218
79.4,0.000229
79.433333,0.000106
79.466667,0.000458
79.5,0.002270
79.533333,0.000079
79.566667,0.001603
79.6,0.000768
79.633333,0.000471
79.666667,0.000315
79.7,0.000405
79.733333,0.000058
79.766667,0.001996
79.8,0.000139
79.833333,0.000335
79.866667,0.001162
79.9,0.000087
79.933333,0.000043
79.966667,0.001762
80,0.000097
80.033333,0.000787
80.066667,0.000155
80.1,0.000029
80.133333,0.000044
80.166667,0.004552
80.2,0.001970
80.233333,0.000602
80.266667,0.000387
80.3,0.000132
80.333333,0.000063
80.366667,0.001358
80.4,0.000446
80.433333,0.001321
80.466667,0.001031
80.5,0.000079
80.533333,0.000042
80.566667,0.000547
80.6,0.000391
80.633333,0.000308
80.666667,0.024096
80.7,0.000695
80.733333,0.000045
80.766667,0.000797
80.8,0.000167
80.833333,0.000329
80.866667,0.000935
80.9,0.003205
80.933333,0.000097
80.966667,0.000267
81,0.000048
81.033333,0.000018
81.066667,0.000312
81.1,0.000039
81.133333,0.000053
81.166667,0.000096
81.2,0.000537
81.233333,0.000019
81.266667,0.000199
81.3,0.000478
81.333333,0.000049
81.366667,0.000598
81.4,0.000293
81.433333,0.000421
81.466667,0.001042
81.5,0.000692
81.533333,0.000055
81.566667,0.001886
81.6,0.000387
81.633333,0.002600
81.666667,0.001766
81.7,0.000148
81.733333,0.000043
81.766667,0.002701
81.8,0.000732
81.833333,0.000123
81.866667,0.001377
81.9,0.000016
81.933333,0.000067
81.966667,0.002539
82,0.000498
82.033333,0.000310
82.066667,0.001850
82.1,0.001640
82.133333,0.018852
82.166667,0.000484
82.2,0.000200
82.233333,0.000630
82.266667,0.002099
82.3,0.000376
82.333333,0.000056
82.366667,0.006737
82.4,0.002914
82.433333,0.000562
82.466667,0.000214
82.5,0.001505
82.533333,0.000048
82.566667,0.002529
82.6,0.000486
82.633333,0.001154
82.666667,0.000422
82.7,0.000125
82.733333,0.000053
82.766667,0.002105
82.8,0.000348
82.833333,0.000194
82.866667,0.000325
82.9,0.000322
82.933333,0.000068
82.966667,0.001455
83,0.000214
83.033333,0.003634
83.066667,0.000990
83.1,0.000114
83.133333,0.000056
83.166667,0.000494
83.2,0.000173
83.233333,0.000025
83.266667,0.000011
83.3,0.000623
83.333333,0.000081
83.366667,0.000391
83.4,0.000642
83.433333,0.000019
83.466667,0.000522
83.5,0.000974
83.533333,0.026941
83.566667,0.001827
83.6,0.000310
83.633333,0.000110
83.666667,0.000505
83.7,0.001048
83.733333,0.000043
83.766667,0.004160
83.8,0.001654
83.833333,0.000358
83.866667,0.000121
83.9,0.000049
83.933333,0.000045
83.966667,0.000705
84,0.000521
84.033333,0.000090
84.066667,0.000127
84.1,0.000291
84.133333,0.000059
84.166667,0.002714
84.2,0.000585
84.233333,0.000998
84.266667,0.000880
84.3,0.000738
84.333333,0.000056
84.366667,0.001565
84.4,0.000770
84.433333,0.000945
84.466667,0.001653
84.5,0.001377
84.533333,0.000081
84.566667,0.001413
84.6,0.000316
84.633333,0.000572
84.666667,0.000992
84.7,0.000551
84.733333,0.000048
84.766667,0.001606
84.8,0.000678
84.833333,0.000235
84.866667,0.001330
84.9,0.000888
84.933333,0.000063
84.966667,0.002432
85,0.000247
85.033333,0.000117
85.066667,0.000409
85.1,0.000236
85.133333,0.000061
85.166667,0.002555
85.2,0.001137
85.233333,0.003176
85.266667,0.001146
85.3,0.034598
85.333333,0.000068
85.366667,0.000851
85.4,0.000448
85.433333,0.000230
85.466667,0.000233
85.5,0.000874
85.533333,0.000063
85.566667,0.001196
85.6,0.000557
85.633333,0.000083
85.666667,0.000058
85.7,0.000449
85.733333,0.000083
85.766667,0.001040
85.8,0.000479
85.833333,0.000190
85.866667,0.000165
85.9,0.004671
85.933333,0.000082
85.966667,0.002499
86,0.000301
86.033333,0.000206
86.066667,0.000140
86.1,0.000657
86.133333,0.000048
86.166667,0.002661
86.2,0.000096
86.233333,0.000808
86.266667,0.000186
86.3,0.000526
86.333333,0.000054
86.366667,0.001105
86.4,0.000393
86.433333,0.000513
86.466667,0.000181
86.5,0.000286
86.533333,0.000047
86.566667,0.001326
86.6,0.000251
86.633333,0.004009
86.666667,0.002498
86.7,0.001250
86.733333,0.000050
86.766667,0.001489
86.8,0.000106
86.833333,0.000320
86.866667,0.000064
86.9,0.000002
86.933333,0.000067
86.966667,0.001939
87,0.000092
87.033333,0.000529
87.066667,0.000373
87.1,0.000317
87.133333,0.000037
87.166667,0.001123
87.2,0.001565
87.233333,1.000000
87.266667,0.000017
87.3,0.000303
87.333333,0.000072
87.366667,0.000502
87.4,0.000049
87.433333,0.000108
87.466667,0.000048
87.5,0.000008
87.533333,0.000000
87.566667,0.000000
87.6,0.000000
87.633333,0.000000
87.666667,0.000000
87.7,0.000000
87.733333,0.000000
87.766667,0.000000
87.8,0.000000
87.833333,0.000000
87.866667,0.000000
87.9,0.000000
87.933333,0.000000
87.966667,0.000000
88,0.002074
88.033333,0.000112
88.066667,0.000033
88.1,0.000009
88.133333,0.000002
88.166667,0.000000
88.2,0.000000
88.233333,0.000000
88.266667,0.000000
88.3,0.000000
88.333333,0.000000
88.366667,0.000000
88.4,0.000000
88.433333,0.000000
88.466667,0.000000
88.5,0.000000
88.533333,0.000000
88.566667,0.000000
88.6,0.000000
88.633333,0.000000
88.666667,0.000000
88.7,0.000000
88.733333,0.000000
88.766667,0.000000
88.8,0.000000
88.833333,0.000000
88.866667,0.000000
88.9,0.000000
88.933333,0.000000
88.966667,0.000000
89,0.000000
89.033333,0.000000
89.066667,0.000000
89.1,0.000000
89.133333,0.000000
89.166667,0.000000
89.2,0.000000
89.233333,0.000000
89.266667,0.000000
89.3,0.000000
89.333333,0.000000
89.366667,0.000000
89.4,0.000000
89.433333,0.000000
89.466667,0.000000
89.5,0.000000
89.533333,0.000000
89.566667,0.081327
89.6,0.000111
89.633333,0.000046
89.666667,0.000010
89.7,0.000002
89.733333,0.000000
89.766667,0.000000
89.8,0.000000
89.833333,0.000000
89.866667,0.000000
89.9,0.000000
89.933333,0.000000
89.966667,0.000000
90,0.000000
90.033333,0.000000
90.066667,0.000000
90.1,0.000000
90.133333,0.000000
90.166667,0.000000
90.2,0.000000
90.233333,0.000000
90.266667,0.000000
90.3,0.000000
90.333333,0.000000
90.366667,0.000000
90.4,0.000000
90.433333,0.000000
90.466667,0.000000
90.5,0.000000
90.533333,0.000000
90.566667,0.000000
90.6,0.000000
90.633333,0.000000
90.666667,0.000000
90.7,0.000000
90.733333,0.000000
90.766667,0.000000
90.8,0.000000
90.833333,0.000000
90.866667,0.000000
90.9,0.000000
90.933333,0.000000
90.966667,0.000000
91,0.000000
91.033333,0.000000
91.066667,0.000000
91.1,0.000000
91.133333,0.000000
91.166667,0.000000
91.2,0.000000
91.233333,0.000000
91.266667,0.000000
91.3,0.000000
91.333333,0.234556
91.366667,0.000007
91.4,0.000079
91.433333,0.000083
91.466667,0.000050
91.5,0.000013
91.533333,0.000003
91.566667,0.000000
91.6,0.000000
91.633333,0.000000
91.666667,0.000000
91.7,0.000000
91.733333,0.000000
91.766667,0.000000
91.8,0.000000
91.833333,0.000000
91.866667,0.000000
91.9,0.000000
91.933333,0.000000
91.966667,0.000000
92,0.000000
92.033333,0.000000
92.066667,0.000000
92.1,0.000000
92.133333,0.000000
92.166667,0.000000
92.2,0.000000
92.233333,0.000000
92.266667,0.000000
92.3,0.000000
92.333333,0.000000
92.366667,0.000000
92.4,0.000000
92.433333,0.000000
92.466667,0.000000
92.5,0.000000
92.533333,0.000000
92.566667,0.000000
92.6,0.000000
92.633333,0.000000
92.666667,0.000000
92.7,0.000000
92.733333,0.000000
92.766667,0.000000
92.8,0.000000
92.833333,0.000000
92.866667,0.000000
92.9,0.000000
92.933333,0.000000
92.966667,0.000000
93,0.000000
93.033333,0.000000
93.066667,0.000000
93.1,0.000000
93.133333,0.000000
93.166667,0.000000
93.2,0.000000
93.233333,0.000000
93.266667,0.000000
93.3,0.000000
93.333333,0.000000
93.366667,0.000000
93.4,0.000000
93.433333,0.000000
93.466667,0.000000
93.5,0.000000
93.533333,0.000000
93.566667,0.000000
93.6,0.000000
93.633333,0.000000
93.666667,0.000000
93.7,0.000000
93.733333,0.000000
93.766667,0.000000
93.8,0.000000
93.833333,0.000000
93.866667,0.000000
93.9,0.000000
93.933333,0.000000
93.966667,0.000000
94,0.000000
94.033333,0.030786
94.066667,0.000038
94.1,0.000007
94.133333,0.000001
94.166667,0.063278
94.2,0.000045
94.233333,0.000014
94.266667,0.000002
94.3,0.000000
94.333333,0.000000
94.366667,0.000000
94.4,0.000000
94.433333,0.000000
94.466667,0.000000
94.5,0.000000
94.533333,0.000000
94.566667,0.000000
94.6,0.000000
94.633333,0.000000
94.666667,0.000000
94.7,0.000000
94.733333,0.000000
94.766667,0.000000
94.8,0.000000
94.833333,0.000000
94.866667,0.000000
94.9,0.000000
94.933333,0.000000
94.966667,0.000000
95,0.000000
95.033333,0.000000
95.066667,0.000000
95.1,0.000000
95.133333,0.000000
95.166667,0.000000
95.2,0.000000
95.233333,0.000000
95.266667,0.000000
95.3,0.000000
95.333333,0.000000
95.366667,0.000000
95.4,0.000000
95.433333,0.000000
95.466667,0.000000
95.5,0.000388
95.533333,0.000031
95.566667,0.000015
95.6,0.000023
95.633333,0.000020
95.666667,0.000023
95.7,0.043177
95.733333,0.000417
95.766667,0.000005
95.8,0.069296
95.833333,0.002799
95.866667,0.002340
95.9,0.004556
95.933333,0.003210
95.966667,0.002799
96,0.000020
96.033333,0.002005
96.066667,0.000841
96.1,0.000554
96.133333,0.001703
96.166667,0.000780
96.2,0.001274
96.233333,0.000910
96.266667,0.000698
96.3,0.000794
96.333333,0.000605
96.366667,0.000399
96.4,0.000025
96.433333,0.000191
96.466667,0.000780
96.5,0.000043
96.533333,0.000008
96.566667,0.000001
96.6,0.000000
96.633333,0.000000
96.666667,0.000000
96.7,0.000000
96.733333,0.000000
96.766667,0.000000
96.8,0.000000
96.833333,0.000000
96.866667,0.000000
96.9,0.000000
96.933333,0.000000
96.966667,0.000000
97,0.000000
97.033333,0.000000
97.066667,0.000000
97.1,0.000000
97.133333,0.000000
97.166667,0.000000
97.2,0.000000
97.233333,0.000000
97.266667,0.000000
97.3,0.000000
97.333333,0.000000
97.366667,0.000000
97.4,0.000000
97.433333,0.000000
97.466667,0.000000
97.5,0.000000
97.533333,0.000000
97.566667,0.000000
97.6,0.000000
97.633333,0.000000
97.666667,0.261089
97.7,0.000011
97.733333,0.000150
97.766667,0.000138
97.8,0.000083
97.833333,0.000026
97.866667,0.000007
97.9,0.000000
97.933333,0.000000
97.966667,0.000000
98,0.000000
98.033333,0.000000
98.066667,0.000000
98.1,0.000000
98.133333,0.000000
98.166667,0.000000
98.2,0.000000
98.233333,0.000000
98.266667,0.000000
98.3,0.000000
98.333333,0.000000
98.366667,0.000000
98.4,0.000000
98.433333,0.000000
98.466667,0.000000
98.5,0.000000
98.533333,0.000000
98.566667,0.000000
98.6,0.000000
98.633333,0.000000
98.666667,0.000000
98.7,0.000000
98.733333,0.000000
98.766667,0.000000
98.8,0.000000
98.833333,0.000000
98.866667,0.000000
98.9,0.000000
98.933333,0.000000
98.966667,0.000000
99,0.000000
99.033333,0.000000
99.066667,0.000000
99.1,0.000000
99.133333,0.000000
99.166667,0.000000
99.2,0.000000
99.233333,0.000000
99.266667,0.000000
99.3,0.000000
99.333333,0.000000
99.366667,0.000000
99.4,0.000000
99.433333,0.000000
99.466667,0.000000
99.5,0.000000
99.533333,0.000000
99.566667,0.000000
99.6,0.000000
99.633333,0.000000
99.666667,0.000000
99.7,0.000000
99.733333,0.000000
99.766667,0.000000
99.8,0.000000
99.833333,0.000000
99.866667,0.000000
99.9,0.000000
99.933333,0.000000
99.966667,0.000000
100,0.000000
100.033333,0.044863
100.066667,0.000076
100.1,0.000021
100.133333,0.000003
100.166667,0.000001
100.2,0.000000
100.233333,0.000000
100.266667,0.000000
100.3,0.000000
100.333333,0.000000
100.366667,0.000000
100.4,0.000000
100.433333,0.000000
100.466667,0.000000
100.5,0.000000
100.533333,0.000000
100.566667,0.000000
100.6,0.000000
100.633333,0.000000
100.666667,0.000000
100.7,0.000000
100.733333,0.000000
100.766667,0.000000
100.8,0.000000
100.833333,0.000000
100.866667,0.000000
100.9,0.000000
100.933333,0.000000
100.966667,0.000000
101,0.000000
101.033333,0.000000
101.066667,0.000000
101.1,0.000000
101.133333,0.000000
101.166667,0.000000
101.2,0.000000
101.233333,0.000000
101.266667,0.000000
101.3,0.000000
101.333333,0.000000
101.366667,0.000000
101.4,0.000000
101.433333,0.000000
101.466667,0.000000
101.5,0.000000
101.533333,0.000000
101.566667,0.000000
101.6,0.000000
101.633333,0.000000
101.666667,0.000000
101.7,0.032562
101.733333,0.000068
101.766667,0.000016
101.8,0.000003
101.833333,0.000000
101.866667,0.000000
101.9,0.000000
101.933333,0.000000
101.966667,0.000000
102,0.000000
102.033333,0.000000
102.066667,0.000000
102.1,0.000000
102.133333,0.000000
102.166667,0.000000
102.2,0.000000
102.233333,0.000000
102.266667,0.000000
102.3,0.000000
102.333333,0.000000
102.366667,0.000000
102.4,0.000000
102.433333,0.000000
102.466667,0.000000
102.5,0.000000
102.533333,0.000000
102.566667,0.000000
102.6,0.000000
102.633333,0.000000
102.666667,0.000000
102.7,0.000000
102.733333,0.000000
102.766667,0.000000
102.8,0.000000
102.833333,0.000000
102.866667,0.000000
102.9,0.000000
102.933333,0.000000
102.966667,0.000000
103,0.000000
103.033333,0.000000
103.066667,0.000000
103.1,0.000000
103.133333,0.000000
103.166667,0.000000
103.2,0.000000
103.233333,0.000000
103.266667,0.000000
103.3,0.000000
103.333333,0.000000
103.366667,0.000000
103.4,0.000000
103.433333,0.000000
103.466667,1.000000
103.5,0.000034
103.533333,0.000002
103.566667,0.000008
103.6,0.000003
103.633333,0.000000
103.666667,0.000000
103.7,0.000000
103.733333,0.000000
103.766667,0.000000
103.8,0.000000
103.833333,0.000000
103.866667,0.000000
103.9,0.000000
103.933333,0.000000
103.966667,0.000000
104,0.000110
104.033333,0.000005
104.066667,0.000001
104.1,0.000000
104.133333,0.000000
104.166667,0.000000
104.2,0.000000
104.233333,0.000000
104.266667,0.000000
104.3,0.000000
104.333333,0.000000
104.366667,0.000000
104.4,0.000000
104.433333,0.000000
104.466667,0.000000
104.5,0.000000
104.533333,0.000000
104.566667,0.000000
104.6,0.000000
104.633333,0.000000
104.666667,0.000000
104.7,0.000000
104.733333,0.000000
104.766667,0.000000
104.8,0.000000
104.833333,0.023111
104.866667,0.000011
104.9,0.000003
104.933333,0.000897
104.966667,0.000024
105,0.000172
105.033333,0.000048
105.066667,0.000022
105.1,0.000050
105.133333,0.000059
105.166667,0.000116
105.2,0.000061
105.233333,0.000016
105.266667,0.000097
105.3,0.000193
105.333333,0.000084
105.366667,0.000057
105.4,0.000144
105.433333,0.000031
105.466667,0.000064
105.5,0.000060
105.533333,0.000001
105.566667,0.000157
105.6,0.000264
105.633333,0.000201
105.666667,0.000072
105.7,0.000287
105.733333,0.000042
105.766667,0.000039
105.8,0.000040
105.833333,0.000099
105.866667,0.000037
105.9,0.000101
105.933333,0.000267
105.966667,0.000016
106,0.000026
106.033333,0.000012
106.066667,0.000015
106.1,0.000003
106.133333,0.000015
106.166667,0.000031
106.2,0.000032
106.233333,0.000048
106.266667,0.000015
106.3,0.000052
106.333333,0.000009
106.366667,0.000062
106.4,0.000056
106.433333,0.026574
106.466667,0.000256
106.5,0.000002
106.533333,0.000017
106.566667,0.000016
106.6,0.000001
106.633333,0.000055
106.666667,0.000066
106.7,0.000014
106.733333,0.000063
106.766667,0.000012
106.8,0.000023
106.833333,0.000019
106.866667,0.000005
106.9,0.000015
106.933333,0.000065
106.966667,0.000014
107,0.000002
107.033333,0.000012
107.066667,0.000002
107.1,0.000014
107.133333,0.000000
107.166667,0.000002
107.2,0.000002
107.233333,0.000011
107.266667,0.000005
107.3,0.000009
107.333333,0.000007
107.366667,0.000019
107.4,0.000004
107.433333,0.000003
107.466667,0.000029
107.5,0.000031
107.533333,0.000022
107.566667,0.000038
107.6,0.000001
107.633333,0.000021
107.666667,0.000018
107.7,0.000024
107.733333,0.000008
107.766667,0.000004
107.8,0.000028
107.833333,0.000006
107.866667,0.000010
107.9,0.000024
107.933333,0.022179
107.966667,0.044106
108,0.007309
108.033333,0.001651
108.066667,0.005276
108.1,0.004711
108.133333,0.003145
108.166667,0.003935
108.2,0.000975
108.233333,0.001491
108.266667,0.001190
108.3,0.000432
108.333333,0.001945
108.366667,0.001004
108.4,0.001485
108.433333,0.001508
108.466667,0.001525
108.5,0.001544
108.533333,0.001769
108.566667,0.003979
108.6,0.001195
108.633333,0.001189
108.666667,0.001625
108.7,0.001234
108.733333,0.001123
108.766667,0.001098
108.8,0.001421
108.833333,0.001450
108.866667,0.050896
108.9,0.003992
108.933333,0.002789
108.966667,0.002109
109,0.004160
109.033333,0.013594
109.066667,0.008216
109.1,0.009934
109.133333,0.016734
109.166667,0.014122
109.2,0.001358
109.233333,0.002685
109.266667,0.007408
109.3,0.008735
109.333333,0.027279
109.366667,0.004876
109.4,0.000676
109.433333,0.007078
109.466667,0.003605
109.5,0.006143
109.533333,0.000222
109.566667,0.000084
109.6,0.000034
109.633333,0.000006
109.666667,0.000001
109.7,0.000000
109.733333,0.000000
109.766667,0.000000
109.8,0.000000
109.833333,0.000000
109.866667,0.000000
109.9,0.000000
109.933333,0.000000
109.966667,0.000000
110,0.000000
110.033333,0.000000
110.066667,0.000000
110.1,0.000000
110.133333,0.000000
110.166667,0.000000
110.2,0.000000
110.233333,0.000000
110.266667,0.022703
110.3,0.001887
110.333333,0.030522
110.366667,0.026815
110.4,0.002029
110.433333,0.002125
110.466667,0.000120
110.5,0.000053
110.533333,0.000030
110.566667,0.000378
110.6,0.000192
110.633333,0.000185
110.666667,0.000202
110.7,0.000201
110.733333,0.000197
110.766667,0.000193
110.8,0.000183
110.833333,0.000175
110.866667,0.000014
110.9,0.000148
110.933333,0.000180
110.966667,0.000207
111,0.000206
111.033333,0.000199
111.066667,0.000198
111.1,0.000195
111.133333,0.000191
111.166667,0.000137
111.2,0.000094
111.233333,0.000054
111.266667,0.000213
111.3,0.000222
111.333333,0.000218
111.366667,0.000217
111.4,0.000213
111.433333,0.000214
111.466667,0.000167
111.5,0.000130
111.533333,0.000005
111.566667,0.000037
111.6,0.000010
111.633333,0.000001
111.666667,0.000000
111.7,0.000000
111.733333,0.000000
111.766667,0.000000
111.8,0.000000
111.833333,0.000000
111.866667,0.000000
111.9,0.000000
111.933333,0.000000
111.966667,0.000000
112,1.000000
112.033333,0.000016
112.066667,0.000006
112.1,0.000001
112.133333,0.000000
112.166667,0.000000
112.2,0.000000
112.233333,0.000000
112.266667,0.000000
112.3,0.000000
112.333333,0.000000
112.366667,0.000000
112.4,0.000000
112.433333,0.000000
112.466667,0.000000
112.5,0.000000
112.533333,0.000000
112.566667,0.000000
112.6,0.000000
112.633333,0.000000
112.666667,0.000000
112.7,0.000000
112.733333,0.000000
112.766667,0.000000
112.8,0.000000
112.833333,0.000000
112.866667,0.000000
112.9,0.000000
112.933333,0.000000
112.966667,0.000000
113,0.000000
113.033333,0.000000
113.066667,0.000000
113.1,0.000000
113.133333,0.000000
113.166667,0.000000
113.2,0.000000
113.233333,0.000000
113.266667,0.000000
113.3,0.000000
113.333333,0.000000
113.366667,0.000000
113.4,0.000000
113.433333,0.000000
113.466667,0.000000
113.5,0.000000
113.533333,0.000000
113.566667,0.000000
113.6,0.000000
113.633333,0.000000
113.666667,0.061439
113.7,0.000800
113.733333,0.001447
113.766667,0.001157
113.8,0.001226
113.833333,0.001032
113.866667,0.000688
113.9,0.061652
113.933333,0.062417
113.966667,0.001264
114,0.000735
114.033333,0.000462
114.066667,0.000474
114.1,0.000405
114.133333,0.000382
114.166667,0.000116
114.2,0.000177
114.233333,0.000044
114.266667,0.000017
114.3,0.000005
114.333333,0.000001
114.366667,0.000000
114.4,0.000000
114.433333,0.000000
114.466667,0.000000
114.5,0.001430
114.533333,0.006511
114.566667,0.001460
114.6,0.000008
114.633333,0.000020
114.666667,0.000008
114.7,0.000034
114.733333,0.000043
114.766667,0.000001
114.8,0.000001
114.833333,0.000009
114.866667,0.000009
114.9,0.000022
114.933333,0.000058
114.966667,0.000010
115,0.000052
115.033333,0.000048
115.066667,0.000018
115.1,0.000005
115.133333,0.000001
115.166667,0.000000
115.2,0.000000
115.233333,0.000832
115.266667,0.006252
115.3,0.000804
115.333333,0.000048
115.366667,0.000012
115.4,0.000009
115.433333,0.000041
115.466667,0.000044
115.5,0.000041
115.533333,0.000043
115.566667,0.000033
115.6,0.000014
115.633333,0.000015
115.666667,0.000097
115.7,0.000063
115.733333,0.000023
115.766667,0.000073
115.8,0.000019
115.833333,0.000088
115.866667,0.000001
115.9,0.000147
115.933333,0.000038
115.966667,0.000017
116,0.000004
116.033333,0.000001
116.066667,0.000737
116.1,0.047950
116.133333,0.000713
116.166667,0.000036
116.2,0.000070
116.233333,0.000052
116.266667,0.000062
116.3,0.000000
116.333333,0.000002
116.366667,0.000009
116.4,0.000012
116.433333,0.000040
116.466667,0.000029
116.5,0.000167
116.533333,0.000029
116.566667,0.000011
116.6,0.000002
116.633333,0.000000
116.666667,0.000000
116.7,0.000000
116.733333,0.000000
116.766667,0.000000
116.8,0.000000
116.833333,0.000000
116.866667,0.000000
116.9,0.000000
116.933333,0.000000
116.966667,0.000000
117,0.000000
117.033333,0.000000
117.066667,0.000000
117.1,0.000000
117.133333,0.000000
117.166667,0.000000
117.2,0.000000
117.233333,0.000000
117.266667,0.000000
117.3,0.000000
117.333333,0.000000
117.366667,0.000000
117.4,0.000000
117.433333,0.000000
117.466667,0.000000
117.5,0.000000
117.533333,0.000000
117.566667,0.000000
117.6,0.000000
117.633333,0.000000
117.666667,0.000000
117.7,0.000000
117.733333,0.000000
117.766667,0.050989
117.8,0.000031
117.833333,0.000015
117.866667,0.000002
117.9,0.000000
117.933333,0.000000
117.966667,0.000000
118,0.000000
118.033333,0.000000
118.066667,0.000000
118.1,0.000000
118.133333,0.000000
118.166667,0.000000
118.2,0.000000
118.233333,0.000000
118.266667,0.000000
118.3,0.000000
118.333333,0.000000
118.366667,0.000000
118.4,0.000000
118.433333,0.000000
118.466667,0.000000
118.5,0.000000
118.533333,0.000000
118.566667,0.000000
118.6,0.000000
118.633333,0.000000
118.666667,0.000000
118.7,0.000000
118.733333,0.000000
118.766667,0.000000
118.8,0.000000
118.833333,0.000000
118.866667,0.000000
118.9,0.000000
118.933333,0.000000
118.966667,0.000000
119,0.000000
119.033333,0.000000
119.066667,0.000000
119.1,0.000000
119.133333,0.000000
119.166667,0.000000
119.2,0.000000
119.233333,0.000000
119.266667,0.000000
119.3,0.000000
119.333333,0.000000
119.366667,0.000000
119.4,0.000000
119.433333,0.000000
119.466667,0.000000
119.5,0.000000
119.533333,0.000000
119.566667,0.000000
119.6,0.000000
119.633333,0.000000
119.666667,0.000000
119.7,0.000000
119.733333,0.000000
119.766667,0.000000
119.8,0.000000
119.833333,0.000000
119.866667,0.000000
119.9,0.000000
119.933333,0.000000
119.966667,0.000000
120,0.000383
120.033333,0.000017
120.066667,0.000005
120.1,0.000002
120.133333,0.000000
120.166667,0.000000
120.2,0.000000
120.233333,0.000000
120.266667,0.000000
120.3,0.000000
120.333333,0.000000
120.366667,0.303297
120.4,0.000018
120.433333,0.000243
120.466667,0.000233
120.5,0.000139
120.533333,0.000045
120.566667,0.000010
120.6,0.000001
120.633333,0.000000
120.666667,0.000000
120.7,0.000000
120.733333,0.000000
120.766667,0.000000
120.8,0.000000
120.833333,0.000000
120.866667,0.000000
120.9,0.000000
120.933333,0.000000
120.966667,0.000000
121,0.000000
121.033333,0.000000
121.066667,0.000000
121.1,0.000000
121.133333,0.000000
121.166667,0.000000
121.2,0.000000
121.233333,0.000000
121.266667,0.000000
121.3,0.000000
121.333333,0.000000
121.366667,0.000000
121.4,0.000000
121.433333,0.000000
121.466667,0.000000
121.5,0.000000
121.533333,0.000000
121.566667,0.000000
121.6,0.000000
121.633333,0.000000
121.666667,0.000000
121.7,0.000000
121.733333,0.001962
121.766667,0.000975
121.8,0.000017
121.833333,0.001239
121.866667,0.000085
121.9,0.000002
121.933333,0.000000
121.966667,0.000000
122,0.000000
122.033333,0.000000
122.066667,0.000000
122.1,0.000000
122.133333,0.000000
122.166667,0.000000
122.2,0.000000
122.233333,0.000000
122.266667,0.000000
122.3,0.000000
122.333333,0.000000
122.366667,0.000000
122.4,0.000000
122.433333,0.000000
122.466667,0.000000
122.5,0.000000
122.533333,0.000000
122.566667,0.000268
122.6,0.000008
122.633333,0.000009
122.666667,0.000006
122.7,0.000004
122.733333,0.000004
122.766667,0.000005
122.8,0.000004
122.833333,0.000001
122.866667,0.000003
122.9,0.000000
122.933333,0.000002
122.966667,0.000005
123,0.000015
123.033333,0.000032
123.066667,0.000087
123.1,0.000499
123.133333,0.000087
123.166667,0.000003
123.2,0.000000
123.233333,0.000000
123.266667,0.000000
123.3,0.000000
123.333333,0.000000
123.366667,0.000000
123.4,0.000000
123.433333,0.000000
123.466667,0.000000
123.5,0.000000
123.533333,0.000000
123.566667,0.000000
123.6,0.000000
123.633333,0.000000
123.666667,0.114425
123.7,0.005827
123.733333,0.005187
123.766667,0.005966
123.8,0.003731
123.833333,0.006426
123.866667,0.003691
123.9,0.000417
123.933333,0.003991
123.966667,0.002897
124,0.000079
124.033333,0.005333
124.066667,0.003493
124.1,0.073258
124.133333,0.076565
124.166667,0.001066
124.2,0.003888
124.233333,0.001629
124.266667,0.000383
124.3,0.001821
124.333333,0.000532
124.366667,0.001277
124.4,0.004939
124.433333,0.000232
124.466667,0.000835
124.5,0.000063
124.533333,0.000143
124.566667,0.000072
124.6,0.000013
124.633333,0.000001
124.666667,0.000000
124.7,0.000000
124.733333,0.000000
124.766667,0.000000
124.8,0.000000
124.833333,0.000000
124.866667,0.000000
124.9,0.000000
124.933333,0.000000
124.966667,0.000000
125,0.000000
125.033333,0.000000
125.066667,0.000000
125.1,0.000000
125.133333,0.000000
125.166667,0.000000
125.2,0.000000
125.233333,0.000000
125.266667,0.000000
125.3,0.000000
125.333333,0.000000
125.366667,0.000000
125.4,0.000000
125.433333,0.000000
125.466667,0.000000
125.5,0.000000
125.533333,0.000736
125.566667,0.000020
125.6,0.000040
125.633333,0.000045
125.666667,0.000055
125.7,0.000064
125.733333,0.000083
125.766667,0.000111
125.8,0.027345
125.833333,0.001692
125.866667,0.000516
125.9,0.002779
125.933333,0.000127
125.966667,0.000011
126,0.000002
126.033333,0.000000
126.066667,0.000000
126.1,0.000000
126.133333,0.000000
126.166667,0.000000
126.2,0.000000
126.233333,0.000000
126.266667,0.000000
126.3,0.000000
126.333333,0.000000
126.366667,0.000000
126.4,0.000000
126.433333,0.000000
126.466667,0.000000
126.5,0.000000
126.533333,0.000000
126.566667,0.000000
126.6,0.000000
126.633333,0.000000
126.666667,0.000000
126.7,0.000000
126.733333,0.000000
126.766667,0.000000
126.8,0.000000
126.833333,0.000000
126.866667,0.000000
126.9,0.000000
126.933333,0.000000
126.966667,0.000000
127,0.000000
127.033333,0.000000
127.066667,0.000000
127.1,0.000000
127.133333,0.000000
127.166667,0.000000
127.2,0.000000
127.233333,0.000000
127.266667,0.000000
127.3,0.000000
127.333333,0.000000
127.366667,0.000000
127.4,0.000000
127.433333,0.000000
127.466667,0.000000
127.5,0.000000
127.533333,0.000000
127.566667,0.000000
127.6,0.000000
127.633333,0.000000
127.666667,0.000000
127.7,0.000000
127.733333,0.000000
127.766667,0.000000
127.8,0.000000
127.833333,0.000000
127.866667,0.000000
127.9,0.000000
127.933333,0.000000
127.966667,0.000000
128,0.002162
128.033333,0.000098
128.066667,0.000030
128.1,0.000006
128.133333,0.000001
128.166667,0.000000
128.2,0.000000
128.233333,0.000000
128.266667,0.000000
128.3,0.000000
128.333333,0.000000
128.366667,0.000000
128.4,0.000000
128.433333,0.000000
128.466667,0.000000
128.5,0.358850
128.533333,0.000018
128.566667,0.000240
128.6,0.000228
128.633333,0.000178
128.666667,0.000143
128.7,0.000080
128.733333,0.000004
128.766667,0.000000
128.8,0.000000
128.833333,0.000000
128.866667,0.000000
128.9,0.000000
128.933333,0.000000
128.966667,0.000000
129,0.000000
129.033333,0.000000
129.066667,0.000000
129.1,0.000000
129.133333,0.000000
129.166667,0.000000
129.2,0.847872
129.233333,0.000015
129.266667,0.000130
129.3,0.000128
129.333333,0.000087
129.366667,0.000022
129.4,0.000005
129.433333,0.000000
129.466667,0.000000
129.5,0.000000
129.533333,0.000000
129.566667,0.000000
129.6,0.000000
129.633333,0.000000
129.666667,0.000000
129.7,0.000000
129.733333,0.000000
129.766667,0.000000
129.8,0.000000
129.833333,0.000000
129.866667,0.000000
129.9,0.000000
129.933333,0.000000
129.966667,0.000000
130,0.000000
130.033333,0.000000
130.066667,0.000000
130.1,0.000000
130.133333,0.000000
130.166667,0.000000
130.2,0.000000
130.233333,0.000000
130.266667,0.000000
130.3,0.000000
130.333333,0.000000
130.366667,0.000000
130.4,0.000000
130.433333,0.000000
130.466667,0.000000
130.5,0.000000
130.533333,0.000000
130.566667,0.000000
130.6,0.000000
130.633333,0.000000
130.666667,0.000000
130.7,0.000000
130.733333,0.000000
130.766667,0.000000
130.8,0.000000
130.833333,0.000000
130.866667,0.000000
130.9,0.000000
130.933333,0.000000
130.966667,0.000000
131,0.000000
131.033333,0.000000
131.066667,0.000000
131.1,0.000000
131.133333,0.000000
131.166667,1.000000
131.2,0.018903
131.233333,0.032975
131.266667,0.035427
131.3,0.008046
131.333333,0.000024
131.366667,0.000007
131.4,0.000003
131.433333,0.000001
131.466667,0.000000
131.5,0.000000
131.533333,0.000000
131.566667,0.000000
131.6,0.000000
131.633333,0.000000
131.666667,0.000000
131.7,0.000000
131.733333,0.000000
131.766667,0.000000
131.8,0.000000
131.833333,0.000000
131.866667,0.000000
131.9,0.000000
131.933333,0.000000
131.966667,0.000000
132,0.000000
132.033333,0.000000
132.066667,0.000000
132.1,0.000000
132.133333,0.000000
132.166667,0.000000
132.2,0.000000
132.233333,0.000000
132.266667,0.000000
132.3,0.000000
132.333333,0.000000
132.366667,0.000000
132.4,0.000000
132.433333,0.000000
132.466667,0.000000
132.5,0.000000
132.533333,0.000000
132.566667,0.000000
132.6,0.000000
132.633333,0.000000
132.666667,0.000000
132.7,0.000000
132.733333,0.000000
132.766667,0.000000
132.8,0.000000
132.833333,1.000000
132.866667,0.000014
132.9,0.000115
132.933333,0.000035
132.966667,0.000014
133,0.000002
133.033333,0.000000
133.066667,0.000000
133.1,0.000000
133.133333,0.000000
133.166667,0.000000
133.2,0.000000
133.233333,0.000000
133.266667,0.000000
133.3,0.000000
133.333333,0.000000
133.366667,0.000000
133.4,0.000000
133.433333,0.000000
133.466667,0.000000
133.5,0.000000
133.533333,0.000000
133.566667,0.000000
133.6,0.000000
133.633333,0.000000
133.666667,0.000000
133.7,0.000000
133.733333,0.000000
133.766667,0.000000
133.8,0.000000
133.833333,0.000000
133.866667,0.000000
133.9,0.000000
133.933333,0.000000
133.966667,0.000000
134,0.000000
134.033333,0.000000
134.066667,0.000000
134.1,0.000000
134.133333,0.000000
134.166667,0.000000
134.2,0.000000
134.233333,0.000000
134.266667,0.000000
134.3,0.000000
134.333333,0.000000
134.366667,0.000000
134.4,0.000000
134.433333,0.000000
134.466667,0.000000
134.5,0.000000
134.533333,0.000000
134.566667,0.000000
134.6,0.000000
134.633333,0.000000
134.666667,0.085485
134.7,0.000049
134.733333,0.000023
134.766667,0.000003
134.8,0.000000
134.833333,0.000000
134.866667,0.000000
134.9,0.000000
134.933333,0.000000
134.966667,0.000000
135,0.000000
135.033333,0.000000
135.066667,0.000000
135.1,0.000000
135.133333,0.000000
135.166667,0.000000
135.2,0.000000
135.233333,0.000000
135.266667,0.000000
135.3,0.000000
135.333333,0.000000
135.366667,0.000000
135.4,0.000000
135.433333,0.000000
135.466667,0.000000
135.5,0.000000
135.533333,0.000000
135.566667,0.000000
135.6,0.000000
135.633333,0.000000
135.666667,0.000000
135.7,0.000000
135.733333,0.000000
135.766667,0.000000
135.8,0.000000
135.833333,0.000000
135.866667,0.000000
135.9,0.000000
135.933333,0.000000
135.966667,0.000000
136,0.000515
136.033333,0.000042
136.066667,0.000016
136.1,0.000003
136.133333,0.000001
136.166667,0.000000
136.2,0.000000
136.233333,0.000000
136.266667,0.000000
136.3,0.000000
136.333333,0.000000
136.366667,0.000000
136.4,0.000000
136.433333,0.000000
136.466667,0.000000
136.5,0.000000
136.533333,0.000000
136.566667,0.000000
136.6,0.000000
136.633333,0.000000
136.666667,0.000000
136.7,0.000000
136.733333,0.000000
136.766667,0.000000
136.8,0.000000
136.833333,0.000000
136.866667,0.000000
136.9,0.000000
136.933333,0.000000
136.966667,0.000000
137,0.000000
137.033333,0.000000
137.066667,0.000000
137.1,0.000000
137.133333,0.000000
137.166667,0.000000
137.2,0.000000
137.233333,0.000000
137.266667,0.000000
137.3,0.000000
137.333333,0.000000
137.366667,0.000000
137.4,0.000000
137.433333,0.000000
137.466667,0.000000
137.5,0.000000
137.533333,0.000000
137.566667,0.000000
137.6,0.000000
137.633333,0.000000
137.666667,0.000000
137.7,0.000000
137.733333,0.123540
137.766667,0.040353
137.8,0.001728
137.833333,0.002928
137.866667,0.001046
137.9,0.000243
137.933333,0.003357
137.966667,0.001552
138,0.001645
138.033333,0.000638
138.066667,0.002281
138.1,0.000865
138.133333,0.000693
138.166667,0.002319
138.2,0.000383
138.233333,0.003219
138.266667,0.002085
138.3,0.003451
138.333333,0.002023
138.366667,0.001151
138.4,0.001072
138.433333,0.004751
138.466667,0.000576
138.5,0.000683
138.533333,0.002450
138.566667,0.001716
138.6,0.000729
138.633333,0.001010
138.666667,0.000498
138.7,0.001221
138.733333,0.000412
138.766667,0.000248
138.8,0.000145
138.833333,0.000159
138.866667,0.000045
138.9,0.000001
138.933333,0.000198
138.966667,0.000014
139,0.000120
139.033333,0.000116
139.066667,0.000294
139.1,0.000082
139.133333,0.000069
139.166667,0.000217
139.2,0.000099
139.233333,0.000733
139.266667,0.000772
139.3,0.042244
139.333333,0.002349
139.366667,0.001106
139.4,0.000758
139.433333,0.000578
139.466667,0.000538
139.5,0.000238
139.533333,0.000020
139.566667,0.000316
139.6,0.000118
139.633333,0.000119
139.666667,0.000202
139.7,0.000057
139.733333,0.000382
139.766667,0.000045
139.8,0.000042
139.833333,0.000123
139.866667,0.000059
139.9,0.000337
139.933333,0.000041
139.966667,0.000040
140,0.000083
140.033333,0.000118
140.066667,0.000037
140.1,0.000005
140.133333,0.000040
140.166667,0.000016
140.2,0.001717
140.233333,0.001313
140.266667,0.000651
140.3,0.002061
140.333333,0.000257
140.366667,0.000098
140.4,0.000034
140.433333,0.000151
140.466667,0.000014
140.5,0.000071
140.533333,0.000013
140.566667,0.006187
140.6,0.002777
140.633333,0.000488
140.666667,0.002322
140.7,0.000884
140.733333,0.000172
140.766667,0.000366
140.8,0.000295
140.833333,0.000217
140.866667,0.000286
140.9,0.000266
140.933333,0.157879
140.966667,0.078021
141,0.003333
141.033333,0.004352
141.066667,0.002049
141.1,0.000849
141.133333,0.003777
141.166667,0.002271
141.2,0.001956
141.233333,0.001062
141.266667,0.001252
141.3,0.000669
141.333333,0.001046
141.366667,0.000676
141.4,0.000666
141.433333,0.000990
141.466667,0.000367
141.5,0.000701
141.533333,0.000623
141.566667,0.000261
141.6,0.000736
141.633333,0.000431
141.666667,0.000704
141.7,0.000650
141.733333,0.000083
141.766667,0.000384
141.8,0.000241
141.833333,0.000380
141.866667,0.001495
141.9,0.000077
141.933333,0.000016
141.966667,0.000206
142,0.000262
142.033333,0.000594
142.066667,0.001819
142.1,0.000411
142.133333,0.000018
142.166667,0.000000
142.2,0.000003
142.233333,0.000111
142.266667,0.000048
142.3,0.000001
142.333333,0.000045
142.366667,0.000046
142.4,0.000004
142.433333,0.000003
142.466667,0.000028
142.5,0.000037
142.533333,0.000079
142.566667,0.000105
142.6,0.000002
142.633333,0.000118
142.666667,0.000038
142.7,0.000059
142.733333,0.000020
142.766667,0.000046
142.8,0.000037
142.833333,0.000049
142.866667,0.000059
142.9,0.000002
142.933333,0.000034
142.966667,0.000025
143,0.000261
143.033333,0.000064
143.066667,0.000000
143.1,0.000066
143.133333,0.000091
143.166667,0.000044
143.2,0.000020
143.233333,0.000007
143.266667,0.000023
143.3,0.000159
143.333333,0.000073
143.366667,0.000077
143.4,0.000024
143.433333,0.000002
143.466667,0.000000
143.5,0.000174
143.533333,0.000133
143.566667,0.000094
143.6,0.000041
143.633333,0.000139
143.666667,0.000158
143.7,0.000152
143.733333,0.080275
143.766667,0.000226
143.8,0.000138
143.833333,0.000049
143.866667,0.000095
143.9,0.000003
143.933333,0.000033
143.966667,0.000023
144,0.000751
144.033333,0.000134
144.066667,0.000046
144.1,0.000036
144.133333,0.000008
144.166667,0.000003
144.2,0.000000
144.233333,0.000003
144.266667,0.000001
144.3,0.000003
144.333333,0.000099
144.366667,0.000077
144.4,0.000014
144.433333,0.000044
144.466667,0.000073
144.5,0.000009
144.533333,0.000001
144.566667,0.000001
144.6,0.000001
144.633333,0.000002
144.666667,0.000000
144.7,0.000003
144.733333,0.000002
144.766667,0.000001
144.8,0.000000
144.833333,0.000000
144.866667,0.000001
144.9,0.000001
144.933333,0.000000
144.966667,0.000002
145,0.000093
145.033333,0.000009
145.066667,0.000001
145.1,0.000002
145.133333,0.000001
145.166667,0.000172
145.2,0.000009
145.233333,0.000101
145.266667,0.000011
145.3,0.000096
145.333333,0.000033
145.366667,0.024975
145.4,0.000251
145.433333,0.000027
145.466667,0.000099
145.5,0.000047
145.533333,0.000009
145.566667,0.000057
145.6,0.000022
145.633333,0.000090
145.666667,0.000017
145.7,0.000063
145.733333,0.000056
145.766667,0.000043
145.8,0.000078
145.833333,0.000043
145.866667,0.000042
145.9,0.000001
145.933333,0.000007
145.966667,0.001106
146,0.000339
146.033333,0.000164
146.066667,0.000054
146.1,0.000213
146.133333,0.000171
146.166667,0.000025
146.2,0.000087
146.233333,0.003817
146.266667,0.001553
146.3,0.000554
146.333333,0.000156
146.366667,0.000178
146.4,0.000066
146.433333,0.000041
146.466667,0.000052
146.5,0.000082
146.533333,0.000015
146.566667,0.000003
146.6,0.000135
146.633333,0.000215
146.666667,0.000159
146.7,0.048176
146.733333,0.001385
146.766667,0.000089
146.8,0.000036
146.833333,0.000019
146.866667,0.000073
146.9,0.000198
146.933333,0.000064
146.966667,0.000189
147,0.000004
147.033333,0.000004
147.066667,0.000014
147.1,0.000169
147.133333,0.000267
147.166667,0.000732
147.2,0.002115
147.233333,0.000298
147.266667,0.000123
147.3,0.000001
147.333333,0.000140
147.366667,0.000028
147.4,0.000101
147.433333,0.000070
147.466667,0.000068
147.5,0.000094
147.533333,0.000055
147.566667,0.000005
147.6,0.000068
147.633333,0.000027
147.666667,0.000062
147.7,0.000044
147.733333,0.000006
147.766667,0.000010
147.8,0.000037
147.833333,0.000065
147.866667,0.000014
147.9,0.000048
147.933333,0.000035
147.966667,0.000045
148,0.000126
148.033333,0.000024
148.066667,0.000102
148.1,0.000071
148.133333,0.000052
148.166667,0.000021
148.2,0.000038
148.233333,0.000022
148.266667,0.000045
148.3,0.000013
148.333333,0.000026
148.366667,0.000003
148.4,0.000026
148.433333,0.000005
148.466667,0.000028
148.5,0.004524
148.533333,0.001686
148.566667,0.000618
148.6,0.000104
148.633333,0.000333
148.666667,0.000188
148.7,0.000448
148.733333,0.000040
148.766667,0.000319
148.8,0.000058
148.833333,0.000078
148.866667,0.000032
148.9,0.000146
148.933333,0.000039
148.966667,0.036237
149,0.001445
149.033333,0.000029
149.066667,0.000000
149.1,0.000072
149.133333,0.000098
149.166667,0.000133
149.2,0.000218
149.233333,0.000121
149.266667,0.000052
149.3,0.000111
149.333333,0.000213
149.366667,0.000107
149.4,0.000030
149.433333,0.000627
149.466667,0.001851
149.5,0.000032
149.533333,0.002439
149.566667,0.000083
149.6,0.000037
149.633333,0.000007
149.666667,0.000001
149.7,0.000000
149.733333,0.000000
149.766667,0.000000
149.8,0.000000
149.833333,0.000000
149.866667,0.000000
149.9,0.000000
149.933333,0.000000
149.966667,0.000000
150,0.000000
150.033333,0.000000
150.066667,0.000000
150.1,0.000000
150.133333,0.000000
150.166667,0.000000
150.2,0.000000
150.233333,0.000000
150.266667,0.000000
150.3,0.000000
150.333333,0.000000
150.366667,0.000000
150.4,0.000000
150.433333,0.000000
150.466667,0.000000
150.5,0.000000
150.533333,0.000000
150.566667,0.000000
150.6,0.000000
150.633333,0.000000
150.666667,0.000000
150.7,0.000000
150.733333,0.000000
150.766667,0.000000
150.8,0.000000
150.833333,0.000000
150.866667,0.000000
150.9,0.000000
150.933333,0.000000
150.966667,0.000000
151,0.000000
151.033333,0.000000
151.066667,0.000000
151.1,0.000000
151.133333,0.000000
151.166667,0.000000
151.2,0.000000
151.233333,0.000000
151.266667,0.000000
151.3,0.003914
151.333333,0.001961
151.366667,0.000527
151.4,0.000258
151.433333,0.000133
151.466667,0.000120
151.5,0.000030
151.533333,0.040229
151.566667,0.000780
151.6,0.000029
151.633333,0.000077
151.666667,0.000018
151.7,0.000011
151.733333,0.000011
151.766667,0.000020
151.8,0.000047
151.833333,0.000030
151.866667,0.000065
151.9,0.000063
151.933333,0.000009
151.966667,0.000001
152,0.000698
152.033333,0.000460
152.066667,0.000510
152.1,0.000113
152.133333,0.000224
152.166667,0.000203
152.2,0.002093
152.233333,0.001150
152.266667,0.000050
152.3,0.000434
152.333333,0.000197
152.366667,0.000482
152.4,0.000263
152.433333,0.000220
152.466667,0.000039
152.5,0.000030
152.533333,0.000153
152.566667,0.000487
152.6,0.000030
152.633333,0.000381
152.666667,0.000131
152.7,0.000136
152.733333,0.000107
152.766667,0.000278
152.8,0.000102
152.833333,0.000039
152.866667,0.000076
152.9,0.000008
152.933333,0.000013
152.966667,0.000003
153,0.000000
153.033333,0.000058
153.066667,0.000032
153.1,0.000031
153.133333,0.000005
153.166667,0.000030
153.2,0.000020
153.233333,0.000003
153.266667,0.000000
153.3,0.000000
153.333333,0.000000
153.366667,0.000000
153.4,0.000000
153.433333,0.000000
153.466667,0.000000
153.5,0.000000
153.533333,0.000000
153.566667,0.000000
153.6,0.000000
153.633333,0.000000
153.666667,0.000000
153.7,0.000000
153.733333,0.000000
153.766667,0.000000
153.8,0.887700
153.833333,0.000008
153.866667,0.000067
153.9,0.000054
153.933333,0.000037
153.966667,0.000010
154,0.000002
154.033333,0.000000
154.066667,0.000000
154.1,0.000000
154.133333,0.000000
154.166667,0.000000
154.2,0.000000
154.233333,0.000000
154.266667,0.000000
154.3,0.000000
154.333333,0.000000
154.366667,0.000000
154.4,0.000000
154.433333,0.000000
154.466667,0.000000
154.5,0.000000
154.533333,0.000000
154.566667,0.000000
154.6,0.000000
154.633333,0.000000
154.666667,0.000000
154.7,0.000000
154.733333,0.000000
154.766667,0.000000
154.8,0.000000
154.833333,0.000000
154.866667,0.000000
154.9,0.000000
154.933333,0.000000
154.966667,0.000000
155,0.000000
155.033333,0.000000
155.066667,0.000000
155.1,0.000000
155.133333,0.000000
155.166667,0.025042
155.2,0.002923
155.233333,0.000211
155.266667,0.000409
155.3,0.000425
155.333333,0.000358
155.366667,0.000339
155.4,0.000339
155.433333,0.000282
155.466667,0.001751
155.5,0.003129
155.533333,0.000201
155.566667,0.000058
155.6,0.000022
155.633333,0.000005
155.666667,0.000002
155.7,0.000000
155.733333,0.000000
155.766667,0.000000
155.8,0.000000
155.833333,0.000000
155.866667,0.000000
155.9,0.000000
155.933333,0.000000
155.966667,0.000000
156,0.000000
156.033333,0.000000
156.066667,0.000000
156.1,0.000000
156.133333,0.000000
156.166667,0.000000
156.2,0.000000
156.233333,0.000000
156.266667,0.000000
156.3,0.000000
156.333333,0.000000
156.366667,0.000000
156.4,0.000000
156.433333,0.000000
156.466667,0.000000
156.5,0.000000
156.533333,0.000000
156.566667,0.000000
156.6,0.000000
156.633333,0.000000
156.666667,0.000000
156.7,0.000000
156.733333,0.000000
156.766667,0.000000
156.8,0.000000
156.833333,0.000000
156.866667,0.000000
156.9,0.000000
156.933333,0.000000
156.966667,0.000000
157,0.000000
157.033333,0.032035
157.066667,0.000036
157.1,0.000007
157.133333,0.000001
157.166667,0.000000
157.2,0.000000
157.233333,0.000000
157.266667,0.000000
157.3,0.000000
157.333333,0.000000
157.366667,0.000000
157.4,0.000000
157.433333,0.000000
157.466667,0.000000
157.5,0.000000
157.533333,0.000000
157.566667,0.000000
157.6,0.000000
157.633333,0.000000
157.666667,0.000000
157.7,0.000000
157.733333,0.000000
157.766667,0.000000
157.8,0.000000
157.833333,0.000000
157.866667,0.000000
157.9,0.000000
157.933333,0.000000
157.966667,0.000000
158,0.000000
158.033333,0.000000
158.066667,0.000000
158.1,0.000000
158.133333,0.000000
158.166667,0.000000
158.2,0.000000
158.233333,0.000000
158.266667,0.000000
158.3,0.000000
158.333333,0.000000
158.366667,0.000000
158.4,0.000000
158.433333,0.000000
158.466667,0.000000
158.5,0.000000
158.533333,0.000000
158.566667,0.000000
158.6,0.000000
158.633333,0.000000
158.666667,0.000000
158.7,0.000000
158.733333,0.000000
158.766667,0.000000
158.8,0.000000
158.833333,0.000000
158.866667,0.000000
158.9,0.000000
158.933333,0.000000
158.966667,0.000000
159,0.000000
159.033333,0.000000
159.066667,0.000000
159.1,0.000000
159.133333,0.000000
159.166667,0.000000
159.2,0.000000
159.233333,0.063751
159.266667,0.000051
159.3,0.000018
159.333333,0.000003
159.366667,0.000000
159.4,0.000000
159.433333,0.000000
159.466667,0.000000
159.5,0.000000
159.533333,0.000000
159.566667,0.000000
159.6,0.000000
159.633333,0.000000
159.666667,0.000000
159.7,0.000000
159.733333,0.000000
159.766667,0.000000
159.8,0.000000
159.833333,0.000000
159.866667,0.000000
159.9,0.000000
159.933333,0.000000
159.966667,0.000000
160,0.000752
160.033333,0.000047
160.066667,0.000013
160.1,0.000003
160.133333,0.000000
160.166667,0.000000
160.2,0.000000
160.233333,0.000000
160.266667,0.000000
160.3,0.000000
160.333333,0.000000
160.366667,0.000000
160.4,0.000000
160.433333,0.000000
160.466667,0.000000
160.5,0.000000
160.533333,0.000000
160.566667,0.000000
160.6,0.000000
160.633333,0.000000
160.666667,0.000000
160.7,0.000000
160.733333,0.000000
160.766667,0.000000
160.8,0.000000
160.833333,0.000000
160.866667,0.000000
160.9,0.000000
160.933333,0.000000
160.966667,0.000000
161,0.000000
161.033333,0.000000
161.066667,0.000000
161.1,0.000000
161.133333,0.000000
161.166667,0.000000
161.2,0.000000
161.233333,0.000000
161.266667,0.000000
161.3,0.000000
161.333333,0.000000
161.366667,0.000000
161.4,0.000000
161.433333,0.000000
161.466667,0.000000
161.5,0.000000
161.533333,0.000000
161.566667,0.000000
161.6,0.000000
161.633333,0.000000
161.666667,0.000000
161.7,0.000000
161.733333,0.000000
161.766667,0.000000
161.8,0.000000
161.833333,0.000000
161.866667,0.000000
161.9,0.000000
161.933333,0.000000
161.966667,0.000000
162,0.000000
162.033333,0.880075
162.066667,0.000010
162.1,0.000155
162.133333,0.000106
162.166667,0.000073
162.2,0.000023
162.233333,0.000065
162.266667,0.000006
162.3,0.000056
162.333333,0.000009
162.366667,0.000054
162.4,0.000003
162.433333,0.000049
162.466667,0.000010
162.5,0.000047
162.533333,0.000002
162.566667,0.000036
162.6,0.000009
162.633333,0.000027
162.666667,0.000006
162.7,0.000029
162.733333,0.000005
162.766667,0.000023
162.8,0.000212
162.833333,0.000018
162.866667,0.000004
162.9,0.000229
162.933333,0.000001
162.966667,0.000014
163,0.000018
163.033333,0.000007
163.066667,0.000018
163.1,0.000007
163.133333,0.000002
163.166667,0.000010
163.2,0.000001
163.233333,0.000039
163.266667,0.000087
163.3,0.000053
163.333333,0.000004
163.366667,0.000229
163.4,0.000099
163.433333,0.000057
163.466667,0.000021
163.5,0.000108
163.533333,0.000044
163.566667,0.000051
163.6,0.000082
163.633333,0.000006
163.666667,0.000023
163.7,0.000090
163.733333,0.000005
163.766667,0.000049
163.8,0.000102
163.833333,0.000010
163.866667,0.000072
163.9,0.000080
163.933333,0.000147
163.966667,0.000212
164,0.000050
164.033333,0.000030
164.066667,0.000021
164.1,0.000000
164.133333,0.000016
164.166667,0.000045
164.2,0.000046
164.233333,0.000043
164.266667,0.000238
164.3,0.000216
164.333333,0.000107
164.366667,0.000181
164.4,0.000032
164.433333,0.000046
164.466667,0.000028
164.5,0.000016
164.533333,0.000020
164.566667,0.000106
164.6,0.000055
164.633333,0.000046
164.666667,0.000003
164.7,0.050588
164.733333,0.000058
164.766667,0.000015
164.8,0.000095
164.833333,0.000044
164.866667,0.000093
164.9,0.000120
164.933333,0.000041
164.966667,0.000004
165,0.000001
165.033333,0.000003
165.066667,0.000226
165.1,0.000021
165.133333,0.000141
165.166667,0.000016
165.2,0.000022
165.233333,0.000001
165.266667,0.000029
165.3,0.000030
165.333333,0.000092
165.366667,0.000148
165.4,0.000040
165.433333,0.000042
165.466667,0.000041
165.5,0.000106
165.533333,0.000003
165.566667,0.000088
165.6,0.000093
165.633333,0.000008
165.666667,0.000001
165.7,0.000093
165.733333,0.000037
165.766667,0.000203
165.8,0.000031
165.833333,0.000076
165.866667,0.000055
165.9,0.000262
165.933333,0.085537
165.966667,0.000481
166,0.000065
166.033333,0.000141
166.066667,0.000035
166.1,0.000096
166.133333,0.000043
166.166667,0.000013
166.2,0.000067
166.233333,0.000041
166.266667,0.000176
166.3,0.000041
166.333333,0.000000
166.366667,0.000233
166.4,0.000116
166.433333,0.080064
166.466667,0.000654
166.5,0.003333
166.533333,0.001405
166.566667,0.002868
166.6,0.000881
166.633333,0.002671
166.666667,0.001986
166.7,0.004670
166.733333,0.004082
166.766667,0.004093
166.8,0.003146
166.833333,0.006909
166.866667,0.003341
166.9,0.002395
166.933333,0.006518
166.966667,0.000275
167,0.001526
167.033333,0.000394
167.066667,0.001297
167.1,0.000721
167.133333,0.000862
167.166667,0.000876
167.2,0.000104
167.233333,0.000075
167.266667,0.006210
167.3,0.009548
167.333333,0.000866
167.366667,0.000429
167.4,0.000045
167.433333,0.000002
167.466667,0.000001
167.5,0.000001
167.533333,0.000001
167.566667,0.000000
167.6,0.000301
167.633333,0.000573
167.666667,0.000218
167.7,0.000117
167.733333,0.000139
167.766667,0.000056
167.8,0.000045
167.833333,0.000002
167.866667,0.000002
167.9,0.000002
167.933333,0.000000
167.966667,0.000000
168,0.001183
168.033333,0.000608
168.066667,0.000092
168.1,0.002576
168.133333,0.000402
168.166667,0.000169
168.2,0.000073
168.233333,0.000492
168.266667,0.000244
168.3,0.000007
168.333333,0.000295
168.366667,0.000288
168.4,0.000071
168.433333,0.000024
168.466667,0.000000
168.5,0.000025
168.533333,0.000597
168.566667,0.000075
168.6,0.000115
168.633333,0.071558
168.666667,0.028173
168.7,0.000732
168.733333,0.001787
168.766667,0.003839
168.8,0.000062
168.833333,0.000231
168.866667,0.007505
168.9,0.002254
168.933333,0.004878
168.966667,0.003509
169,0.007399
169.033333,0.002370
169.066667,0.000468
169.1,0.002138
169.133333,0.002194
169.166667,0.006165
169.2,0.004148
169.233333,0.004245
169.266667,0.001621
169.3,0.002260
169.333333,0.000187
169.366667,0.003100
169.4,0.001021
169.433333,0.000307
169.466667,0.001113
169.5,0.000095
169.533333,0.000922
169.566667,0.001950
169.6,0.000611
169.633333,0.000646
169.666667,0.001467
169.7,0.000392
169.733333,0.001335
169.766667,0.000338
169.8,0.000851
169.833333,0.000139
169.866667,0.000560
169.9,0.000332
169.933333,0.000083
169.966667,0.000099
170,0.000015
170.033333,0.000326
170.066667,0.000034
170.1,0.000103
170.133333,0.000091
170.166667,0.000115
170.2,0.000050
170.233333,0.041483
170.266667,0.000424
170.3,0.000304
170.333333,0.000320
170.366667,0.000010
170.4,0.000055
170.433333,0.000024
170.466667,0.000096
170.5,0.000248
170.533333,0.000133
170.566667,0.000081
170.6,0.000000
170.633333,0.000218
170.666667,0.000225
170.7,0.000110
170.733333,0.000291
170.766667,0.000323
170.8,0.000050
170.833333,0.000009
170.866667,0.000060
170.9,0.000095
170.933333,0.001588
170.966667,0.007383
171,0.002351
171.033333,0.004664
171.066667,0.001473
171.1,0.003900
171.133333,0.000150
171.166667,0.000062
171.2,0.000041
171.233333,0.000084
171.266667,0.000105
171.3,0.000010
171.333333,0.000111
171.366667,0.000040
171.4,0.000050
171.433333,0.000059
171.466667,0.000012
171.5,0.000017
171.533333,0.000015
171.566667,0.000007
171.6,0.000046
171.633333,0.000047
171.666667,0.000025
171.7,0.000056
171.733333,0.000022
171.766667,0.000012
171.8,0.000082
171.833333,0.000023
171.866667,0.000046
171.9,0.000087
171.933333,0.000051
171.966667,0.000016
172,0.000059
172.033333,0.000083
172.066667,0.000001
172.1,0.000023
172.133333,0.000017
172.166667,0.000016
172.2,0.000011
172.233333,0.000028
172.266667,0.000014
172.3,0.000008
172.333333,0.000054
172.366667,0.000088
172.4,0.000065
172.433333,0.000008
172.466667,0.000097
172.5,0.000069
172.533333,0.000143
172.566667,0.000022
172.6,0.000021
172.633333,0.000001
172.666667,0.000003
172.7,0.000108
172.733333,0.000069
172.766667,0.000042
172.8,0.000027
172.833333,0.000011
172.866667,0.000002
172.9,0.000001
172.933333,0.000002
172.966667,0.000000
173,0.000001
173.033333,0.178277
173.066667,0.000012
173.1,0.000106
173.133333,0.000080
173.166667,0.000063
173.2,0.000016
173.233333,0.002479
173.266667,0.000074
173.3,0.000232
173.333333,0.071223
173.366667,0.010397
173.4,0.003220
173.433333,0.000484
173.466667,0.004824
173.5,0.000357
173.533333,0.003260
173.566667,0.000593
173.6,0.000853
173.633333,0.000709
173.666667,0.005343
173.7,0.000300
173.733333,0.002015
173.766667,0.005159
173.8,0.017132
173.833333,0.019625
173.866667,0.000101
173.9,0.000264
173.933333,0.000369
173.966667,0.000391
174,0.000267
174.033333,0.000195
174.066667,0.000405
174.1,0.000380
174.133333,0.031533
174.166667,0.002438
174.2,0.001225
174.233333,0.015122
174.266667,0.016363
174.3,0.000496
174.333333,0.003383
174.366667,0.002402
174.4,0.005551
174.433333,0.003948
174.466667,0.014362
174.5,0.017527
174.533333,0.000055
174.566667,0.000273
174.6,0.000146
174.633333,0.000159
174.666667,0.009113
174.7,0.001169
174.733333,0.003977
174.766667,0.000051
174.8,0.000634
174.833333,0.001129
174.866667,0.000308
174.9,0.000188
174.933333,0.051072
174.966667,0.000356
175,0.000027
175.033333,0.000021
175.066667,0.000027
175.1,0.000078
175.133333,0.000317
175.166667,0.000038
175.2,0.000044
175.233333,0.000009
175.266667,0.072180
175.3,0.002241
175.333333,0.003530
175.366667,0.007189
175.4,0.005849
175.433333,0.008160
175.466667,0.006380
175.5,0.000625
175.533333,0.000991
175.566667,0.001978
175.6,0.004240
175.633333,0.005009
175.666667,0.007631
175.7,0.005482
175.733333,0.005516
175.766667,0.000279
175.8,0.001360
175.833333,0.000487
175.866667,0.000049
175.9,0.000107
175.933333,0.000119
175.966667,0.000608
176,0.018360
176.033333,0.000049
176.066667,0.000024
176.1,0.000019
176.133333,0.000003
176.166667,0.000034
176.2,0.000004
176.233333,0.000022
176.266667,0.000007
176.3,0.000000
176.333333,0.000016
176.366667,0.000000
176.4,0.000239
176.433333,0.000019
176.466667,0.000001
176.5,0.000376
176.533333,0.000153
176.566667,0.000381
176.6,0.000019
176.633333,0.001353
176.666667,0.000022
176.7,0.000155
176.733333,0.000011
176.766667,0.000020
176.8,0.001100
176.833333,0.000020
176.866667,0.000002
176.9,0.000005
176.933333,0.000005
176.966667,0.000006
177,0.000006
177.033333,0.000001
177.066667,0.000005
177.1,0.000004
177.133333,0.000007
177.166667,0.000005
177.2,0.000950
177.233333,0.000038
177.266667,0.000020
177.3,0.000008
177.333333,0.000006
177.366667,0.000389
177.4,0.199807
177.433333,0.000005
177.466667,0.000077
177.5,0.000081
177.533333,0.000051
177.566667,0.000014
177.6,0.000002
177.633333,0.000000
177.666667,0.000000
177.7,0.000000
177.733333,0.000000
177.766667,0.000000
177.8,0.000000
177.833333,0.000000
177.866667,0.000000
177.9,0.000000
177.933333,0.000000
177.966667,0.000000
178,0.000000
178.033333,0.000000
178.066667,0.000000
178.1,0.000000
178.133333,0.000000
178.166667,0.000000
178.2,0.000000
178.233333,0.000000
178.266667,0.000000
178.3,0.000000
178.333333,0.000000
178.366667,0.000000
178.4,0.000000
178.433333,0.000000
178.466667,0.000000
178.5,0.000000
178.533333,0.000000
178.566667,0.000000
178.6,0.000000
178.633333,0.000000
178.666667,0.000000
178.7,0.000000
178.733333,0.000000
178.766667,0.000000
178.8,0.000000
178.833333,0.000000
178.866667,0.000000
178.9,0.000000
178.933333,0.000000
178.966667,0.000000
179,0.000000
179.033333,0.000000
179.066667,0.000000
179.1,0.000000
179.133333,0.000000
179.166667,0.000000
179.2,0.054015
179.233333,0.000048
179.266667,0.000011
179.3,0.000002
179.333333,0.000000
179.366667,0.000000
179.4,0.000000
179.433333,0.000000
179.466667,0.000000
179.5,0.000000
179.533333,0.000000
179.566667,0.000000
179.6,0.000007
179.633333,0.002566
179.666667,0.000071
179.7,0.000009
179.733333,0.000003
179.766667,0.000393
179.8,0.000010
179.833333,0.000050
179.866667,0.000144
179.9,0.011114
179.933333,0.001123
179.966667,0.004068
180,0.002274
180.033333,0.000075
180.066667,0.000179
180.1,0.000195
180.133333,0.000055
180.166667,0.001200
180.2,0.001034
180.233333,0.000089
180.266667,0.000226
180.3,0.000569
180.333333,0.033338
180.366667,0.004196
180.4,0.001443
180.433333,0.002442
180.466667,0.000084
180.5,0.000073
180.533333,0.000118
180.566667,0.000046
180.6,0.000117
180.633333,0.000073
180.666667,0.000175
180.7,0.000156
180.733333,0.000032
180.766667,0.000171
180.8,0.000094
180.833333,0.000479
180.866667,0.000041
180.9,0.001142
180.933333,0.000034
180.966667,0.000002
181,0.000000
181.033333,0.000000
181.066667,0.000000
181.1,0.000000
181.133333,0.041655
181.166667,0.000043
181.2,0.000009
181.233333,0.000001
181.266667,0.000000
181.3,0.000000
181.333333,0.000000
181.366667,0.000000
181.4,0.000000
181.433333,0.000000
181.466667,0.000000
181.5,0.000000
181.533333,0.000000
181.566667,0.000000
181.6,0.000000
181.633333,0.000000
181.666667,0.000000
181.7,0.000000
181.733333,0.000000
181.766667,0.000000
181.8,0.000000
181.833333,0.000000
181.866667,0.000000
181.9,0.000000
181.933333,0.000000
181.966667,0.000000
182,0.000000
182.033333,0.000000
182.066667,0.000000
182.1,0.000000
182.133333,0.000000
182.166667,0.000000
182.2,0.000000
182.233333,0.000000
182.266667,0.000000
182.3,0.000000
182.333333,0.000000
182.366667,0.000000
182.4,0.000000
182.433333,0.000000
182.466667,0.000000
182.5,0.000000
182.533333,0.000000
182.566667,0.000000
182.6,0.000000
182.633333,0.000000
182.666667,0.000000
182.7,0.000000
182.733333,0.000000
182.766667,0.000000
182.8,0.000000
182.833333,0.000000
182.866667,0.000000
182.9,0.000000
182.933333,0.000000
182.966667,0.035633
183,0.000048
183.033333,0.000013
183.066667,0.000003
183.1,0.000000
183.133333,0.000000
183.166667,0.000000
183.2,0.000000
183.233333,0.000000
183.266667,0.000000
183.3,0.000000
183.333333,0.000000
183.366667,0.000000
183.4,0.000000
183.433333,0.000000
183.466667,0.000000
183.5,0.000000
183.533333,0.000000
183.566667,0.000000
183.6,0.000000
183.633333,0.000000
183.666667,0.000000
183.7,0.000000
183.733333,0.000000
183.766667,0.000000
183.8,0.000000
183.833333,0.000000
183.866667,0.000000
183.9,0.000000
183.933333,0.000000
183.966667,0.000000
184,0.000838
184.033333,0.000060
184.066667,0.000017
184.1,0.000003
184.133333,0.000001
184.166667,0.000000
184.2,0.000000
184.233333,0.000000
184.266667,0.000000
184.3,0.000000
184.333333,0.000000
184.366667,0.000000
184.4,0.000000
184.433333,0.000000
184.466667,0.000000
184.5,0.000000
184.533333,0.000000
184.566667,0.000000
184.6,0.000000
184.633333,1.000000
184.666667,0.000005
184.7,0.000050
184.733333,0.000050
184.766667,0.000031
184.8,0.000008
184.833333,0.000002
184.866667,0.000000
184.9,0.000000
184.933333,0.000000
184.966667,0.000000
185,0.000000
185.033333,0.000000
185.066667,0.000000
185.1,0.000000
185.133333,0.000000
185.166667,0.000000
185.2,0.000000
185.233333,0.000000
185.266667,0.000000
185.3,0.000000
185.333333,0.000000
185.366667,0.000000
185.4,0.000000
185.433333,0.000000
185.466667,0.000000
185.5,0.000000
185.533333,0.000000
185.566667,0.000000
185.6,0.000000
185.633333,0.000000
185.666667,0.000000
185.7,0.000000
185.733333,0.000000
185.766667,0.000000
185.8,0.000000
185.833333,0.022963
185.866667,0.000032
185.9,0.000009
185.933333,0.000001
185.966667,0.000000
186,0.000000
186.033333,0.000000
186.066667,0.000000
186.1,0.000000
186.133333,0.000000
186.166667,0.000000
186.2,0.000000
186.233333,0.000000
186.266667,0.000000
186.3,0.000000
186.333333,0.000000
186.366667,0.000000
186.4,0.000000
186.433333,0.000000
186.466667,0.000000
186.5,0.000000
186.533333,0.000000
186.566667,0.000000
186.6,0.000000
186.633333,0.000000
186.666667,0.000000
186.7,0.000000
186.733333,0.000000
186.766667,0.000000
186.8,0.000000
186.833333,0.000000
186.866667,0.000000
186.9,0.000000
186.933333,0.000000
186.966667,0.000000
187,0.000000
187.033333,0.000000
187.066667,0.000000
187.1,0.000000
187.133333,0.000000
187.166667,0.000000
187.2,0.000000
187.233333,0.000000
187.266667,0.000000
187.3,0.000000
187.333333,0.000000
187.366667,0.000000
187.4,0.000000
187.433333,0.000000
187.466667,0.000000
187.5,0.000000
187.533333,0.162229
187.566667,0.000064
187.6,0.000027
187.633333,0.000006
187.666667,0.000001
187.7,0.000000
187.733333,0.000000
187.766667,0.000000
187.8,0.000000
187.833333,0.000000
187.866667,0.000000
187.9,0.000000
187.933333,0.000000
187.966667,0.000000
188,0.000000
188.033333,0.000000
188.066667,0.000000
188.1,0.000000
188.133333,0.000000
188.166667,0.000000
188.2,0.000000
188.233333,0.000000
188.266667,0.000000
188.3,0.000000
188.333333,0.000000
188.366667,0.000000
188.4,0.000000
188.433333,0.000000
188.466667,0.000000
188.5,0.000000
188.533333,0.000000
188.566667,0.000000
188.6,0.000000
188.633333,0.000000
188.666667,0.000000
188.7,0.000000
188.733333,0.000000
188.766667,0.000000
188.8,0.000000
188.833333,0.000000
188.866667,0.000000
188.9,0.000000
188.933333,0.000000
188.966667,0.000000
189,0.000000
189.033333,0.000000
189.066667,0.000000
189.1,0.000000
189.133333,0.000000
189.166667,0.000000
189.2,0.000000
189.233333,0.000000
189.266667,0.000000
189.3,0.000000
189.333333,0.000000
189.366667,0.000000
189.4,0.000000
189.433333,0.000000
189.466667,0.000000
189.5,0.000000
189.533333,0.000000
189.566667,0.000000
189.6,0.000000
189.633333,0.000000
189.666667,0.000000
189.7,0.000000
189.733333,0.000000
189.766667,0.000000
189.8,0.000000
189.833333,0.000000
189.866667,0.002695
189.9,0.000045
189.933333,0.000068
189.966667,0.000081
190,0.000088
190.033333,0.000019
190.066667,0.000004
190.1,0.000064
190.133333,0.000040
190.166667,0.000026
190.2,0.000098
190.233333,0.000023
190.266667,0.000065
190.3,0.000054
190.333333,0.038871
190.366667,0.002484
190.4,0.000087
190.433333,0.000058
190.466667,0.000023
190.5,0.000026
190.533333,0.000118
190.566667,0.000033
190.6,0.000079
190.633333,0.000044
190.666667,0.000070
190.7,0.000069
190.733333,0.000036
190.766667,0.000033
190.8,0.000077
190.833333,0.000011
190.866667,0.000046
190.9,0.000020
190.933333,0.018723
190.966667,0.000030
191,0.000007
191.033333,0.000001
191.066667,0.000000
191.1,0.000000
191.133333,0.000000
191.166667,0.000000
191.2,0.000000
191.233333,0.000000
191.266667,0.000000
191.3,0.000000
191.333333,0.000000
191.366667,0.000000
191.4,0.000000
191.433333,0.000000
191.466667,0.000000
191.5,0.000000
191.533333,0.000000
191.566667,0.000000
191.6,0.000000
191.633333,0.000000
191.666667,0.000349
191.7,0.000041
191.733333,0.000342
191.766667,0.000040
191.8,0.000345
191.833333,0.000004
191.866667,0.000043
191.9,0.000342
191.933333,0.000042
191.966667,0.000346
192,0.000154
192.033333,0.000144
192.066667,0.000026
192.1,0.000031
192.133333,0.056568
192.166667,0.000052
192.2,0.000331
192.233333,0.000014
192.266667,0.000038
192.3,0.000341
192.333333,0.000032
192.366667,0.000347
192.4,0.000012
192.433333,0.000042
192.466667,0.000335
192.5,0.000035
192.533333,0.000342
192.566667,0.000036
192.6,0.000340
192.633333,0.000005
192.666667,0.000017
192.7,0.000003
192.733333,0.000001
192.766667,0.000000
192.8,0.000000
192.833333,0.000000
192.866667,0.000000
192.9,0.000000
192.933333,0.000000
192.966667,0.000000
193,0.000000
193.033333,0.000000
193.066667,0.000000
193.1,0.000000
193.133333,0.000000
193.166667,0.000000
193.2,0.000000
193.233333,0.000000
193.266667,0.000000
193.3,0.000000
193.333333,0.000000
193.366667,0.000000
193.4,0.000000
193.433333,0.000000
193.466667,0.000000
193.5,0.000000
193.533333,0.000000
193.566667,0.000000
193.6,0.000000
193.633333,0.000000
193.666667,0.000000
193.7,0.000000
193.733333,0.000000
193.766667,0.000000
193.8,0.000000
193.833333,0.000000
193.866667,0.000000
193.9,0.000000
193.933333,0.000000
193.966667,0.000000
194,0.000000
194.033333,0.000000
194.066667,0.000000
194.1,0.000000
194.133333,0.000000
194.166667,0.000000
194.2,0.000000
194.233333,0.000000
194.266667,0.000000
194.3,0.000000
194.333333,0.000000
194.366667,0.000000
194.4,0.000000
194.433333,0.000000
194.466667,0.000000
194.5,0.000000
194.533333,0.000000
194.566667,0.000000
194.6,0.000000
194.633333,0.000000
194.666667,0.000000
194.7,0.000000
194.733333,0.000000
194.766667,0.000000
194.8,0.000000
194.833333,0.000000
194.866667,0.000000
194.9,1.000000
194.933333,0.000063
194.966667,0.000325
195,0.000057
195.033333,0.000046
195.066667,0.000079
195.1,0.000055
195.133333,0.000074
195.166667,0.000034
195.2,0.000022
195.233333,0.000029
195.266667,0.000091
195.3,0.000079
195.333333,0.000036
195.366667,0.000033
195.4,0.092281
195.433333,0.002449
195.466667,0.005024
195.5,0.000037
195.533333,0.000744
195.566667,0.000335
195.6,0.088925
195.633333,0.003162
195.666667,0.000121
195.7,0.079483
195.733333,0.000127
195.766667,0.000192
195.8,0.104613
195.833333,0.000038
195.866667,0.090153
195.9,0.003732
195.933333,0.002269
195.966667,0.000573
196,0.000213
196.033333,0.000192
196.066667,0.082235
196.1,0.000283
196.133333,0.002206
196.166667,0.000037
196.2,0.000767
196.233333,0.000142
196.266667,0.000116
196.3,0.000258
196.333333,0.000066
196.366667,0.000094
196.4,0.000078
196.433333,0.000027
196.466667,0.000058
196.5,0.000060
196.533333,0.000373
196.566667,0.000078
196.6,0.000144
196.633333,0.000111
196.666667,0.000093
196.7,0.000199
196.733333,0.000071
196.766667,0.000062
196.8,0.084909
196.833333,0.000035
196.866667,0.067608
196.9,0.012636
196.933333,0.001477
196.966667,0.004261
197,0.000124
197.033333,0.096078
197.066667,0.013589
197.1,0.000750
197.133333,0.000471
197.166667,0.000712
197.2,0.000518
197.233333,0.000524
197.266667,0.000438
197.3,0.000376
197.333333,0.000235
197.366667,0.000359
197.4,0.082821
197.433333,0.001537
197.466667,0.000235
197.5,0.000127
197.533333,0.083425
197.566667,0.002619
197.6,0.006998
197.633333,0.005574
197.666667,0.000127
197.7,0.075025
197.733333,0.012306
197.766667,0.009619
197.8,0.000320
197.833333,0.000625
197.866667,0.000244
197.9,0.000332
197.933333,0.000146
197.966667,0.000165
198,0.000070
198.033333,0.070068
198.066667,0.022656
198.1,0.024586
198.133333,0.000509
198.166667,0.000127
198.2,0.059561
198.233333,0.001389
198.266667,0.000907
198.3,0.004868
198.333333,0.000112
198.366667,0.051914
198.4,0.003316
198.433333,0.002313
198.466667,0.003543
198.5,0.000198
198.533333,0.046675
198.566667,0.000276
198.6,0.000729
198.633333,0.000014
198.666667,0.000188
198.7,0.000086
198.733333,0.000018
198.766667,0.000011
198.8,0.000041
198.833333,0.000030
198.866667,0.000063
198.9,0.000038
198.933333,0.000019
198.966667,0.000044
199,0.000037
199.033333,0.000170
199.066667,0.000046
199.1,0.000003
199.133333,0.063245
199.166667,0.000069
199.2,0.000005
199.233333,0.000026
199.266667,0.000037
199.3,0.000001
199.333333,0.000128
199.366667,0.000053
199.4,0.000040
199.433333,0.000045
199.466667,0.000025
199.5,0.000042
199.533333,0.000059
199.566667,0.000029
199.6,0.000004
199.633333,0.000021
199.666667,0.000041
199.7,0.000006
199.733333,0.000010
199.766667,0.000036
199.8,0.000030
199.833333,0.000064
199.866667,0.000048
199.9,0.000002
199.933333,0.000023
199.966667,0.000065
200,0.000047
200.033333,0.000072
200.066667,0.000007
200.1,0.000008
200.133333,0.000003
200.166667,0.000033
200.2,0.000005
200.233333,0.000022
200.266667,0.000036
200.3,0.040329
200.333333,0.000158
200.366667,0.000047
200.4,0.000103
200.433333,0.000028
200.466667,0.000053
200.5,0.000039
200.533333,0.000254
200.566667,0.000049
200.6,0.000064
200.633333,0.000023
200.666667,0.000014
200.7,0.000008
200.733333,0.000028
200.766667,0.000024
200.8,0.000117
200.833333,0.000071
200.866667,0.000009
200.9,0.000041
200.933333,0.000167
200.966667,0.000050
201,0.000067
201.033333,0.000009
201.066667,0.000003
201.1,0.000041
201.133333,0.000045
201.166667,0.000027
201.2,0.000034
201.233333,0.000269
201.266667,0.000141
201.3,0.000468
201.333333,0.000162
201.366667,0.000017
201.4,0.000063
201.433333,0.000091
201.466667,0.000060
201.5,0.000047
201.533333,0.000042
201.566667,0.000181
201.6,0.000125
201.633333,0.000071
201.666667,0.000007
201.7,0.000041
201.733333,0.061781
201.766667,0.000143
201.8,0.000024
201.833333,0.000073
201.866667,0.000093
201.9,0.000081
201.933333,0.000156
201.966667,0.000117
202,0.000137
202.033333,0.000107
202.066667,0.000014
202.1,0.000076
202.133333,0.000047
202.166667,0.000050
202.2,0.000149
202.233333,0.000002
202.266667,0.000059
202.3,0.000008
202.333333,0.000106
202.366667,0.000046
202.4,0.000055
202.433333,0.000082
202.466667,0.000033
202.5,0.000079
202.533333,0.000064
202.566667,0.000033
202.6,0.000035
202.633333,0.000113
202.666667,0.000051
202.7,0.000208
202.733333,0.000045
202.766667,0.000045
202.8,0.000029
202.833333,0.000135
202.866667,0.000080
202.9,0.000091
202.933333,0.000077
202.966667,0.000150
203,0.000060
203.033333,0.000010
203.066667,0.000008
203.1,0.000008
203.133333,0.000002
203.166667,0.000128
203.2,0.000003
203.233333,0.000038
203.266667,0.000054
203.3,0.000020
203.333333,0.000207
203.366667,0.000026
203.4,0.000168
203.433333,0.000058
203.466667,0.000099
203.5,0.000048
203.533333,0.000040
203.566667,0.000033
203.6,0.008836
203.633333,0.062727
203.666667,0.008937
203.7,0.000693
203.733333,0.000759
203.766667,0.000766
203.8,0.000604
203.833333,0.001054
203.866667,0.000730
203.9,0.000852
203.933333,0.000915
203.966667,0.001010
204,0.000944
204.033333,0.000788
204.066667,0.000775
204.1,0.000835
204.133333,0.000727
204.166667,0.000802
204.2,0.000822
204.233333,0.001120
204.266667,0.000918
204.3,0.000000
204.333333,0.000694
204.366667,0.000582
204.4,0.000748
204.433333,0.000683
204.466667,0.000768
204.5,0.000830
204.533333,0.000846
204.566667,0.000709
204.6,0.000769
204.633333,0.000695
204.666667,0.000803
204.7,0.000771
204.733333,0.000814
204.766667,0.000815
204.8,0.036083
204.833333,0.010155
204.866667,0.000791
204.9,0.000707
204.933333,0.000758
204.966667,0.000773
205,0.002566
205.033333,0.002505
205.066667,0.000009
205.1,0.000829
205.133333,0.000491
205.166667,0.000765
205.2,0.000773
205.233333,0.001219
205.266667,0.001187
205.3,0.000994
205.333333,0.000944
205.366667,0.001116
205.4,0.001086
205.433333,0.001307
205.466667,0.001234
205.5,0.001032
205.533333,0.001069
205.566667,0.001054
205.6,0.001039
205.633333,0.001307
205.666667,0.001247
205.7,0.001404
205.733333,0.001262
205.766667,0.000022
205.8,0.001328
205.833333,0.034494
205.866667,0.012167
205.9,0.000883
205.933333,0.000888
205.966667,0.001021
206,0.001241
206.033333,0.001277
206.066667,0.001320
206.1,0.001166
206.133333,0.001152
206.166667,0.001085
206.2,0.001554
206.233333,0.001731
206.266667,0.001741
206.3,0.001764
206.333333,0.001410
206.366667,0.000959
206.4,0.001337
206.433333,0.001584
206.466667,0.000001
206.5,0.001645
206.533333,0.002193
206.566667,0.002124
206.6,0.001486
206.633333,0.001820
206.666667,0.001816
206.7,0.001121
206.733333,0.000871
206.766667,0.001534
206.8,0.001982
206.833333,0.001865
206.866667,0.001860
206.9,0.002278
206.933333,0.002325
206.966667,0.001723
207,0.001546
207.033333,0.002030
207.066667,0.002043
207.1,0.002058
207.133333,0.001993
207.166667,0.036880
207.2,0.011605
207.233333,0.000253
207.266667,0.001881
207.3,0.001837
207.333333,0.001669
207.366667,0.001808
207.4,0.002135
207.433333,0.002175
207.466667,0.002305
207.5,0.002194
207.533333,0.002041
207.566667,0.001993
207.6,0.002022
207.633333,0.002147
207.666667,0.002544
207.7,0.002387
207.733333,0.002314
207.766667,0.002183
207.8,0.006023
207.833333,0.005984
207.866667,0.002276
207.9,0.002467
207.933333,0.000325
207.966667,0.002127
208,0.002056
208.033333,0.001659
208.066667,0.001749
208.1,0.002087
208.133333,0.002200
208.166667,0.002674
208.2,0.002653
208.233333,0.002598
208.266667,0.045146
208.3,0.013868
208.333333,0.002077
208.366667,0.002507
208.4,0.002365
208.433333,0.002313
208.466667,0.002389
208.5,0.002023
208.533333,0.002118
208.566667,0.002228
208.6,0.002043
208.633333,0.000769
208.666667,0.001174
208.7,0.001757
208.733333,0.002067
208.766667,0.001970
208.8,0.001628
208.833333,0.001804
208.866667,0.002211
208.9,0.002275
208.933333,0.002239
208.966667,0.001377
209,0.002113
209.033333,0.002215
209.066667,0.003366
209.1,0.004617
209.133333,0.003674
209.166667,0.001873
209.2,0.001816
209.233333,0.001673
209.266667,0.001982
209.3,0.002892
209.333333,0.003124
209.366667,0.002126
209.4,0.000237
209.433333,0.001565
209.466667,0.001594
209.5,0.001697
209.533333,0.001285
209.566667,0.002136
209.6,0.002039
209.633333,0.001980
209.666667,0.001700
209.7,0.001356
209.733333,0.001275
209.766667,0.001840
209.8,0.001988
209.833333,0.002469
209.866667,0.002629
209.9,0.002234
209.933333,0.159040
209.966667,0.000374
210,0.000545
210.033333,0.000426
210.066667,0.000258
210.1,0.000236
210.133333,0.000064
210.166667,0.000155
210.2,0.000003
210.233333,0.000002
210.266667,0.000017
210.3,0.000004
210.333333,0.000012
210.366667,0.000014
210.4,0.000005
210.433333,0.000016
210.466667,0.000016
210.5,0.000014
210.533333,0.000018
210.566667,0.000014
210.6,0.000027
210.633333,0.000021
210.666667,0.000030
210.7,0.000026
210.733333,0.000048
210.766667,0.000043
210.8,0.000066
210.833333,0.000090
210.866667,0.000129
210.9,0.000314
210.933333,0.000702
210.966667,0.000023
211,0.000008
211.033333,0.000001
211.066667,0.000505
211.1,0.000589
211.133333,0.000383
211.166667,0.000717
211.2,0.000355
211.233333,0.000730
211.266667,0.000387
211.3,0.000676
211.333333,0.000319
211.366667,0.000789
211.4,0.000001
211.433333,0.000383
211.466667,0.000739
211.5,0.000367
211.533333,0.038873
211.566667,0.000383
211.6,0.000765
211.633333,0.000383
211.666667,0.000759
211.7,0.000420
211.733333,0.000702
211.766667,0.000408
211.8,0.000764
211.833333,0.000423
211.866667,0.000752
211.9,0.000456
211.933333,0.000722
211.966667,0.000535
212,0.000699
212.033333,0.000007
212.066667,0.000017
212.1,0.000004
212.133333,0.000001
212.166667,0.000000
212.2,0.000000
212.233333,0.000000
212.266667,0.000000
212.3,0.000000
212.333333,0.146442
212.366667,0.001769
212.4,0.003924
212.433333,0.002526
212.466667,0.002824
212.5,0.003396
212.533333,0.044952
212.566667,0.050512
212.6,0.004279
212.633333,0.001953
212.666667,0.003129
212.7,0.002537
212.733333,0.002948
212.766667,0.003296
212.8,0.004004
212.833333,0.001941
212.866667,0.003232
212.9,0.002385
212.933333,0.000978
212.966667,0.001153
213,0.000478
213.033333,0.001733
213.066667,0.003759
213.1,0.000648
213.133333,0.002292
213.166667,0.000844
213.2,0.000686
213.233333,0.000599
213.266667,0.000178
213.3,0.000128
213.333333,0.000032
213.366667,0.000054
213.4,0.000168
213.433333,0.000076
213.466667,0.001415
213.5,0.001837
213.533333,0.000007
213.566667,0.000337
213.6,0.000070
213.633333,0.000336
213.666667,0.000077
213.7,0.000019
213.733333,0.000002
213.766667,0.000000
213.8,0.000000
213.833333,0.000000
213.866667,0.000000
213.9,0.000000
213.933333,0.000000
213.966667,0.000000
214,0.000000
214.033333,0.000000
214.066667,0.000000
214.1,0.000000
214.133333,0.000000
214.166667,0.000000
214.2,0.025732
214.233333,0.000027
214.266667,0.000010
214.3,0.000002
214.333333,0.000000
214.366667,0.000000
214.4,0.000000
214.433333,0.000000
214.466667,0.000000
214.5,0.000000
214.533333,0.000000
214.566667,0.000000
214.6,0.000000
214.633333,0.000000
214.666667,0.000000
214.7,0.000000
214.733333,0.000000
214.766667,0.000000
214.8,0.000000
214.833333,0.000000
214.866667,0.000000
214.9,0.000000
214.933333,0.000000
214.966667,0.000000
215,0.000000
215.033333,0.000000
215.066667,0.000000
215.1,0.000000
215.133333,0.000000
215.166667,0.000000
215.2,0.000000
215.233333,0.000000
215.266667,0.000000
215.3,0.000000
215.333333,0.000000
215.366667,0.000000
215.4,0.000000
215.433333,0.000000
215.466667,0.000000
215.5,0.000000
215.533333,0.000000
215.566667,0.000000
215.6,0.000000
215.633333,0.000000
215.666667,0.000000
215.7,0.000000
215.733333,0.000000
215.766667,0.000000
215.8,0.000000
215.833333,0.000000
215.866667,0.000000
215.9,0.000000
215.933333,0.000000
215.966667,0.000000
216,0.000363
216.033333,0.000014
216.066667,0.000004
216.1,0.000001
216.133333,0.000000
216.166667,0.000000
216.2,0.035929
216.233333,0.000016
216.266667,0.000006
216.3,0.000002
216.333333,0.000000
216.366667,0.000000
216.4,0.000000
216.433333,0.000000
216.466667,0.000000
216.5,0.000000
216.533333,0.000000
216.566667,0.000000
216.6,0.000000
216.633333,0.000000
216.666667,0.000000
216.7,0.000000
216.733333,0.000000
216.766667,0.000000
216.8,0.000000
216.833333,0.000000
216.866667,0.000000
216.9,0.000000
216.933333,0.000000
216.966667,0.000000
217,0.000000
217.033333,0.000000
217.066667,0.000000
217.1,0.000000
217.133333,0.000000
217.166667,0.000000
217.2,0.000000
217.233333,0.000000
217.266667,0.000000
217.3,0.000000
217.333333,0.000000
217.366667,0.000000
217.4,0.000000
217.433333,0.000000
217.466667,0.000000
217.5,0.000000
217.533333,0.000000
217.566667,0.000000
217.6,0.000000
217.633333,0.000000
217.666667,0.000000
217.7,0.000000
217.733333,0.000000
217.766667,0.000000
217.8,0.190399
217.833333,0.000992
217.866667,0.003860
217.9,0.001030
217.933333,0.000465
217.966667,0.004761
218,0.000585
218.033333,0.004699
218.066667,0.000547
218.1,0.000355
218.133333,0.004400
218.166667,0.000561
218.2,0.004767
218.233333,0.000617
218.266667,0.000297
218.3,0.004134
218.333333,0.000923
218.366667,0.000037
218.4,0.004071
218.433333,0.000975
218.466667,0.004093
218.5,0.000967
218.533333,0.000052
218.566667,0.004031
218.6,0.001058
218.633333,0.004075
218.666667,0.001074
218.7,0.000050
218.733333,0.000021
218.766667,0.000009
218.8,0.026110
218.833333,0.000017
218.866667,0.000008
218.9,0.000001
218.933333,0.000000
218.966667,0.000000
219,0.000000
219.033333,0.000000
219.066667,0.000000
219.1,0.000000
219.133333,0.000000
219.166667,0.000000
219.2,0.000000
219.233333,0.000000
219.266667,0.000000
219.3,0.000000
219.333333,0.000000
219.366667,0.000000
219.4,0.000000
219.433333,0.000000
219.466667,0.000000
219.5,0.000000
219.533333,0.000000
219.566667,0.000000
219.6,0.000000
219.633333,0.000000
219.666667,0.000000
219.7,0.000000
219.733333,0.000000
219.766667,0.000000
219.8,0.000000
219.833333,0.000000
219.866667,0.000000
219.9,0.000000
219.933333,0.000000
219.966667,0.000000
220,0.000000
220.033333,0.000000
220.066667,0.000000
220.1,0.020768
220.133333,0.000016
220.166667,0.000007
220.2,0.000002
220.233333,0.000000
220.266667,0.000000
220.3,0.000000
220.333333,0.000000
220.366667,0.000000
220.4,0.000000
220.433333,0.000000
220.466667,0.000000
220.5,0.000000
220.533333,0.000000
220.566667,0.000000
220.6,0.000000
220.633333,0.000000
220.666667,0.000000
220.7,0.000000
220.733333,0.000000
220.766667,0.000000
220.8,0.000000
220.833333,0.000000
220.866667,0.000000
220.9,0.000000
220.933333,0.000000
220.966667,0.000000
221,0.000000
221.033333,0.000000
221.066667,0.000000
221.1,0.000000
221.133333,0.000000
221.166667,0.000000
221.2,0.000000
221.233333,0.000000
221.266667,0.000000
221.3,0.000000
221.333333,1.000000
221.366667,0.017899
221.4,0.034595
221.433333,0.034922
221.466667,0.002323
221.5,0.000025
221.533333,0.000007
221.566667,0.000003
221.6,0.000001
221.633333,0.000000
221.666667,0.000000
221.7,0.000000
221.733333,0.000000
221.766667,0.000000
221.8,0.000000
221.833333,0.000000
221.866667,0.000000
221.9,0.000000
221.933333,0.000000
221.966667,0.000000
222,0.000000
222.033333,0.000000
222.066667,0.000000
222.1,0.000000
222.133333,0.000000
222.166667,0.000000
222.2,0.000000
222.233333,0.000000
222.266667,0.000000
222.3,0.000000
222.333333,0.000000
222.366667,0.000000
222.4,0.000000
222.433333,0.000000
222.466667,0.000000
222.5,0.000000
222.533333,0.000000
222.566667,0.000000
222.6,0.000000
222.633333,0.000000
222.666667,0.000000
222.7,0.000000
222.733333,0.000000
222.766667,0.000000
222.8,0.000000
222.833333,0.000000
222.866667,0.000000
222.9,0.000000
222.933333,0.000000
222.966667,0.000000
223,1.000000
223.033333,0.000031
223.066667,0.000501
223.1,0.000090
223.133333,0.000215
223.166667,0.000085
223.2,0.000089
223.233333,0.000015
223.266667,0.000098
223.3,0.000005
223.333333,0.000090
223.366667,0.000060
223.4,0.000120
223.433333,0.000001
223.466667,0.000121
223.5,0.000005
223.533333,0.000074
223.566667,0.000104
223.6,0.000283
223.633333,0.000308
223.666667,0.000093
223.7,0.000007
223.733333,0.000136
223.766667,0.000094
223.8,0.000060
223.833333,0.000205
223.866667,0.000027
223.9,0.000046
223.933333,0.000048
223.966667,0.000004
224,0.000991
224.033333,0.054353
224.066667,0.000048
224.1,0.000234
224.133333,0.000077
224.166667,0.000038
224.2,0.000108
224.233333,0.000029
224.266667,0.000036
224.3,0.000011
224.333333,0.000034
224.366667,0.000005
224.4,0.000037
224.433333,0.000011
224.466667,0.000017
224.5,0.000027
224.533333,0.000008
224.566667,0.000024
224.6,0.000001
224.633333,0.000032
224.666667,0.000005
224.7,0.000243
224.733333,0.000035
224.766667,0.000118
224.8,0.000059
224.833333,0.000016
224.866667,0.000014
224.9,0.000002
224.933333,0.000139
224.966667,0.000157
225,0.000003
225.033333,0.000029
225.066667,0.000003
225.1,0.000011
225.133333,0.000080
225.166667,0.000124
225.2,0.000032
225.233333,0.000003
225.266667,0.000010
225.3,0.000002
225.333333,0.000010
225.366667,0.000002
225.4,0.000009
225.433333,0.000006
225.466667,0.000010
225.5,0.000005
225.533333,0.000012
225.566667,0.000003
225.6,0.000007
225.633333,0.000002
225.666667,0.058061
225.7,0.000060
225.733333,0.000027
225.766667,0.000005
225.8,0.000010
225.833333,0.000129
225.866667,0.000035
225.9,0.000161
225.933333,0.000041
225.966667,0.000010
226,0.000002
226.033333,0.000003
226.066667,0.000002
226.1,0.000003
226.133333,0.000003
226.166667,0.000001
226.2,0.000004
226.233333,0.000211
226.266667,0.000090
226.3,0.000028
226.333333,0.000127
226.366667,0.000000
226.4,0.000042
226.433333,0.000050
226.466667,0.000030
226.5,0.000000
226.533333,0.000003
226.566667,0.000000
226.6,0.000002
226.633333,0.000000
226.666667,0.000002
226.7,0.000000
226.733333,0.000002
226.766667,0.000001
226.8,0.000000
226.833333,0.000000
226.866667,0.000001
226.9,0.000002
226.933333,0.000002
226.966667,0.000000
227,0.000002
227.033333,0.000000
227.066667,0.000122
227.1,0.000089
227.133333,0.000047
227.166667,0.000134
227.2,0.000028
227.233333,0.000001
227.266667,0.000004
227.3,0.000001
227.333333,0.000003
227.366667,0.000000
227.4,0.000123
227.433333,0.000030
227.466667,0.000003
227.5,0.000001
227.533333,0.000003
227.566667,0.079963
227.6,0.000043
227.633333,0.000015
227.666667,0.000002
227.7,0.000226
227.733333,0.000001
227.766667,0.000003
227.8,0.000026
227.833333,0.000886
227.866667,0.000309
227.9,0.000227
227.933333,0.000113
227.966667,0.000177
228,0.000225
228.033333,0.000170
228.066667,0.000107
228.1,0.000117
228.133333,0.000117
228.166667,0.000176
228.2,0.000118
228.233333,0.000121
228.266667,0.000024
228.3,0.000000
228.333333,0.000090
228.366667,0.000012
228.4,0.000081
228.433333,0.000021
228.466667,0.000136
228.5,0.000051
228.533333,0.000084
228.566667,0.000110
228.6,0.000124
228.633333,0.066612
228.666667,0.002441
228.7,0.000349
228.733333,0.000551
228.766667,0.001112
228.8,0.005409
228.833333,0.000087
228.866667,0.000034
228.9,0.000048
228.933333,0.000039
228.966667,0.000003
229,0.000001
229.033333,0.000000
229.066667,0.000000
229.1,0.000000
229.133333,0.000121
229.166667,0.000035
229.2,0.000001
229.233333,0.000121
229.266667,0.000001
229.3,0.000045
229.333333,0.000035
229.366667,0.000123
229.4,0.000090
229.433333,0.000054
229.466667,0.000009
229.5,0.000025
229.533333,0.000017
229.566667,0.000018
229.6,0.000018
229.633333,0.000000
229.666667,0.000037
229.7,0.000002
229.733333,0.000000
229.766667,0.000000
229.8,0.000000
229.833333,0.000000
229.866667,0.000000
229.9,0.001324
229.933333,0.000037
229.966667,0.000002
230,0.000000
230.033333,0.000000
230.066667,0.000000
230.1,0.000000
230.133333,0.000000
230.166667,0.000000
230.2,0.000000
230.233333,0.000000
230.266667,0.000927
230.3,0.000130
230.333333,0.000060
230.366667,0.000002
230.4,0.000018
230.433333,0.000006
230.466667,0.060859
230.5,0.000053
230.533333,0.000004
230.566667,0.000020
230.6,0.000021
230.633333,0.000002
230.666667,0.000018
230.7,0.000061
230.733333,0.000057
230.766667,0.000003
230.8,0.000319
230.833333,0.000034
230.866667,0.000084
230.9,0.000002
230.933333,0.000081
230.966667,0.000037
231,0.000057
231.033333,0.000003
231.066667,0.000066
231.1,0.000039
231.133333,0.000085
231.166667,0.000002
231.2,0.000269
231.233333,0.000164
231.266667,0.000092
231.3,0.000004
231.333333,0.000100
231.366667,0.000012
231.4,0.000086
231.433333,0.000008
231.466667,0.000107
231.5,0.000018
231.533333,0.000073
231.566667,0.000008
231.6,0.000123
231.633333,0.000039
231.666667,0.000122
231.7,0.000045
231.733333,0.000149
231.766667,0.000062
231.8,0.000042
231.833333,0.000004
231.866667,0.000054
231.9,0.000051
231.933333,0.000120
231.966667,0.133059
232,0.001414
232.033333,0.000085
232.066667,0.000042
232.1,0.000252
232.133333,0.000108
232.166667,0.000023
232.2,0.000050
232.233333,0.000003
232.266667,0.000005
232.3,0.000007
232.333333,0.000070
232.366667,0.000055
232.4,0.000002
232.433333,0.000069
232.466667,0.000003
232.5,0.000054
232.533333,0.000002
232.566667,0.000073
232.6,0.000049
232.633333,0.000003
232.666667,0.000141
232.7,0.000013
232.733333,0.000024
232.766667,0.000011
232.8,0.000081
232.833333,0.000052
232.866667,0.000003
232.9,0.000112
232.933333,0.000073
232.966667,0.000061
233,0.000029
233.033333,0.000060
233.066667,0.000083
233.1,0.021447
233.133333,0.000058
233.166667,0.000096
233.2,0.000037
233.233333,0.000016
233.266667,0.000008
233.3,0.000018
233.333333,0.000019
233.366667,0.000006
233.4,0.000013
233.433333,0.000019
233.466667,0.000026
233.5,0.000017
233.533333,0.000004
233.566667,0.000010
233.6,0.000014
233.633333,0.000024
233.666667,0.000006
233.7,0.000009
233.733333,0.000001
233.766667,0.000014
233.8,0.000055
233.833333,0.000006
233.866667,0.000003
233.9,0.000031
233.933333,0.000025
233.966667,0.000019
234,0.000026
234.033333,0.000017
234.066667,0.000020
234.1,0.000037
234.133333,0.000020
234.166667,0.000005
234.2,0.000007
234.233333,0.000003
234.266667,0.000003
234.3,0.000021
234.333333,0.000039
234.366667,0.000020
234.4,0.000010
234.433333,0.000063
234.466667,0.000041
234.5,0.077176
234.533333,0.000245
234.566667,0.000016
234.6,0.000013
234.633333,0.000029
234.666667,0.000046
234.7,0.000008
234.733333,0.000003
234.766667,0.000017
234.8,0.000018
234.833333,0.000042
234.866667,0.000027
234.9,0.003670
234.933333,0.001708
234.966667,0.000391
235,0.000094
235.033333,0.000217
235.066667,0.000021
235.1,0.000011
235.133333,0.000088
235.166667,0.000045
235.2,0.000023
235.233333,0.000135
235.266667,0.000048
235.3,0.000028
235.333333,0.000032
235.366667,0.000006
235.4,0.000011
235.433333,0.000027
235.466667,0.000001
235.5,0.000018
235.533333,0.000109
235.566667,0.000068
235.6,0.000080
235.633333,0.000126
235.666667,0.000026
235.7,0.000167
235.733333,0.000055
235.766667,0.000065
235.8,0.000205
235.833333,0.000534
235.866667,0.002036
235.9,0.000058
235.933333,0.000006
235.966667,0.000137
236,0.000018
236.033333,0.000051
236.066667,0.000000
236.1,0.000001
236.133333,0.000000
236.166667,0.000001
236.2,0.000065
236.233333,0.000009
236.266667,0.000065
236.3,0.000021
236.333333,0.000060
236.366667,0.000051
236.4,0.000044
236.433333,0.000044
236.466667,0.000000
236.5,0.000001
236.533333,0.000000
236.566667,0.000001
236.6,0.000000
236.633333,0.000088
236.666667,0.000024
236.7,0.000047
236.733333,0.000034
236.766667,0.000049
236.8,0.000033
236.833333,0.000044
236.866667,0.000051
236.9,0.000041
236.933333,0.000005
236.966667,0.000012
237,0.004242
237.033333,0.001948
237.066667,0.000459
237.1,0.000236
237.133333,0.000859
237.166667,0.000398
237.2,0.000179
237.233333,0.000951
237.266667,0.000012
237.3,0.000025
237.333333,0.000093
237.366667,0.000090
237.4,0.000254
237.433333,0.000112
237.466667,0.000343
237.5,0.000005
237.533333,0.000025
237.566667,0.000031
237.6,0.000179
237.633333,0.061069
237.666667,0.001336
237.7,0.000055
237.733333,0.000059
237.766667,0.000030
237.8,0.000052
237.833333,0.000164
237.866667,0.000347
237.9,0.000050
237.933333,0.000739
237.966667,0.001927
238,0.000602
238.033333,0.000273
238.066667,0.000075
238.1,0.000056
238.133333,0.000075
238.166667,0.000052
238.2,0.000084
238.233333,0.000124
238.266667,0.000003
238.3,0.000099
238.333333,0.000011
238.366667,0.000121
238.4,0.000049
238.433333,0.000142
238.466667,0.000018
238.5,0.000098
238.533333,0.000016
238.566667,0.000031
238.6,0.000047
238.633333,0.000010
238.666667,0.000168
238.7,0.000001
238.733333,0.000008
238.766667,0.000025
238.8,0.000035
238.833333,0.000051
238.866667,0.000024
238.9,0.000044
238.933333,0.000079
238.966667,0.000087
239,0.000057
239.033333,0.000085
239.066667,0.000014
239.1,0.000024
239.133333,0.000109
239.166667,0.000085
239.2,0.000115
239.233333,0.000057
239.266667,0.000124
239.3,0.000226
239.333333,0.035059
239.366667,0.026786
239.4,0.000165
239.433333,0.001362
239.466667,0.001787
239.5,0.000573
239.533333,0.001199
239.566667,0.001949
239.6,0.001053
239.633333,0.001937
239.666667,0.000460
239.7,0.000112
239.733333,0.000473
239.766667,0.001553
239.8,0.001329
239.833333,0.000335
239.866667,0.001643
239.9,0.000617
239.933333,0.001142
239.966667,0.000629
240,0.001688
240.033333,0.000577
240.066667,0.000129
240.1,0.000062
240.133333,0.000081
240.166667,0.000048
240.2,0.000167
240.233333,0.000017
240.266667,0.000159
240.3,0.000008
240.333333,0.000019
240.366667,0.000117
240.4,0.000243
240.433333,0.000168
240.466667,0.000041
240.5,0.000118
240.533333,0.000276
240.566667,0.000052
240.6,0.000262
240.633333,0.000306
240.666667,0.000051
240.7,0.000023
240.733333,0.000003
240.766667,0.000001
240.8,0.000002
240.833333,0.000002
240.866667,0.000003
240.9,0.000001
240.933333,0.000001
240.966667,0.000001
241,0.000001
241.033333,0.000001
241.066667,0.000001
241.1,0.043206
241.133333,0.000038
241.166667,0.000009
241.2,0.000008
241.233333,0.000006
241.266667,0.000001
241.3,0.000005
241.333333,0.000001
241.366667,0.000000
241.4,0.000109
241.433333,0.000324
241.466667,0.000075
241.5,0.000199
241.533333,0.000139
241.566667,0.000001
241.6,0.000042
241.633333,0.000057
241.666667,0.000193
241.7,0.000155
241.733333,0.000272
241.766667,0.000105
241.8,0.000036
241.833333,0.000169
241.866667,0.000163
241.9,0.000309
241.933333,0.000149
241.966667,0.000216
242,0.000104
242.033333,0.000021
242.066667,0.000041
242.1,0.000139
242.133333,0.000177
242.166667,0.000006
242.2,0.000101
242.233333,0.000177
242.266667,0.000215
242.3,0.000022
242.333333,0.000001
242.366667,0.000002
242.4,0.000001
242.433333,0.000002
242.466667,0.000002
242.5,0.000003
242.533333,0.000001
242.566667,0.000367
242.6,0.000108
242.633333,0.000023
242.666667,0.000141
242.7,0.000022
242.733333,0.000125
242.766667,0.000002
242.8,0.000205
242.833333,0.053044
242.866667,0.000497
242.9,0.000023
242.933333,0.000002
242.966667,0.000001
243,0.000000
243.033333,0.000001
243.066667,0.000334
243.1,0.007581
243.133333,0.003897
243.166667,0.001176
243.2,0.000358
243.233333,0.000371
243.266667,0.000214
243.3,0.000128
243.333333,0.000056
243.366667,0.000199
243.4,0.000074
243.433333,0.000211
243.466667,0.000093
243.5,0.000250
243.533333,0.000280
243.566667,0.000106
243.6,0.000131
243.633333,0.000446
243.666667,0.000001
243.7,0.000064
243.733333,0.002951
243.766667,0.002171
243.8,0.002858
243.833333,0.000343
243.866667,0.000018
243.9,0.000316
243.933333,0.001314
243.966667,0.000004
244,0.000314
244.033333,0.000111
244.066667,0.000022
244.1,0.000039
244.133333,0.000352
244.166667,0.000230
244.2,0.000189
244.233333,0.000029
244.266667,0.000001
244.3,0.000001
244.333333,0.000000
244.366667,0.000001
244.4,0.000443
244.433333,0.000113
244.466667,0.000028
244.5,0.000445
244.533333,0.000149
244.566667,0.142434
244.6,0.000425
244.633333,0.000101
244.666667,0.000031
244.7,0.000168
244.733333,0.000098
244.766667,0.000123
244.8,0.000160
244.833333,0.000108
244.866667,0.000004
244.9,0.000095
244.933333,0.000045
244.966667,0.000115
245,0.000145
245.033333,0.000001
245.066667,0.000337
245.1,0.000005
245.133333,0.000003
245.166667,0.000197
245.2,0.000207
245.233333,0.000125
245.266667,0.000042
245.3,0.000228
245.333333,0.000053
245.366667,0.000098
245.4,0.000130
245.433333,0.000226
245.466667,0.000011
245.5,0.000043
245.533333,0.000004
245.566667,0.000214
245.6,0.000136
245.633333,0.000138
245.666667,0.000126
245.7,0.000022
245.733333,0.000043
245.766667,0.000075
245.8,0.000086
245.833333,0.000035
245.866667,0.000075
245.9,0.000057
245.933333,0.000008
245.966667,0.029078
246,0.000189
246.033333,0.000044
246.066667,0.000097
246.1,0.072003
246.133333,0.001116
246.166667,0.002143
246.2,0.002449
246.233333,0.001128
246.266667,0.000613
246.3,0.002353
246.333333,0.000480
246.366667,0.002664
246.4,0.000840
246.433333,0.001498
246.466667,0.000009
246.5,0.002400
246.533333,0.001205
246.566667,0.004175
246.6,0.001941
246.633333,0.000231
246.666667,0.003632
246.7,0.001308
246.733333,0.001435
246.766667,0.000965
246.8,0.000952
246.833333,0.000686
246.866667,0.000556
246.9,0.000475
246.933333,0.000626
246.966667,0.000669
247,0.000001
247.033333,0.000266
247.066667,0.000072
247.1,0.000328
247.133333,0.000273
247.166667,0.000164
247.2,0.000079
247.233333,0.000063
247.266667,0.000134
247.3,0.000091
247.333333,0.000014
247.366667,0.000048
247.4,0.000107
247.433333,0.000027
247.466667,0.000020
247.5,0.000234
247.533333,0.000117
247.566667,0.000046
247.6,0.000103
247.633333,0.000211
247.666667,0.029097
247.7,0.000425
247.733333,0.000151
247.766667,0.002884
247.8,0.000816
247.833333,0.001088
247.866667,0.000348
247.9,0.000178
247.933333,0.000084
247.966667,0.000099
248,0.002298
248.033333,0.001528
248.066667,0.000117
248.1,0.002725
248.133333,0.000745
248.166667,0.000681
248.2,0.000102
248.233333,0.000275
248.266667,0.000751
248.3,0.001205
248.333333,0.000123
248.366667,0.001846
248.4,0.000534
248.433333,0.000143
248.466667,0.000105
248.5,0.000387
248.533333,0.000487
248.566667,0.000355
248.6,0.000104
248.633333,0.000243
248.666667,0.000158
248.7,0.000100
248.733333,0.000003
248.766667,0.000003
248.8,0.000001
248.833333,0.000002
248.866667,0.000000
248.9,0.000002
248.933333,0.000070
248.966667,0.000072
249,0.000001
249.033333,0.000072
249.066667,0.000162
249.1,0.000046
249.133333,0.000031
249.166667,0.000003
249.2,0.000031
249.233333,0.000078
249.266667,0.000017
249.3,0.000154
249.333333,0.000058
249.366667,0.000018
249.4,0.000003
249.433333,0.000000
249.466667,0.000002
249.5,0.000002
249.533333,0.000001
249.566667,0.000000
249.6,0.000000
249.633333,0.000000
249.666667,0.000000
249.7,0.000072
249.733333,0.000111
249.766667,0.000088
249.8,0.000016
249.833333,0.000001
249.866667,0.000000
249.9,0.001662
249.933333,0.000239
249.966667,0.000056
250,0.000056
250.033333,0.000004
250.066667,0.137373
250.1,0.000019
250.133333,0.000301
250.166667,0.000120
250.2,0.000043
250.233333,0.000011
250.266667,0.000009
250.3,0.043922
250.333333,0.000057
250.366667,0.000338
250.4,0.000326
250.433333,0.000041
250.466667,0.000203
250.5,0.000083
250.533333,0.000283
250.566667,0.000083
250.6,0.000137
250.633333,0.000166
250.666667,0.000051
250.7,0.000055
250.733333,0.000077
250.766667,0.000064
250.8,0.000539
250.833333,0.000084
250.866667,0.000033
250.9,0.000122
250.933333,0.000167
250.966667,0.000116
251,0.000210
251.033333,0.000236
251.066667,0.000008
251.1,0.000209
251.133333,0.000048
251.166667,0.000009
251.2,0.000077
251.233333,0.000091
251.266667,0.000043
251.3,0.000494
251.333333,0.000003
251.366667,0.000160
251.4,0.000156
251.433333,0.000247
251.466667,0.000152
251.5,0.000349
251.533333,0.000290
251.566667,0.000144
251.6,0.000266
251.633333,0.000123
251.666667,0.000070
251.7,0.000023
251.733333,0.000043
251.766667,0.000034
251.8,0.000010
251.833333,0.000002
251.866667,0.000033
251.9,0.000130
251.933333,0.000007
251.966667,0.000031
252,0.000014
252.033333,0.000224
252.066667,0.000141
252.1,0.000165
252.133333,0.000040
252.166667,0.000051
252.2,0.000248
252.233333,0.000147
252.266667,0.000300
252.3,0.000019
252.333333,0.000004
252.366667,0.000003
252.4,0.000323
252.433333,0.000039
252.466667,0.000002
252.5,0.000008
252.533333,0.000008
252.566667,0.050981
252.6,0.000835
252.633333,0.000143
252.666667,0.000065
252.7,0.000006
252.733333,0.000054
252.766667,0.000009
252.8,0.000045
252.833333,0.000025
252.866667,0.000044
252.9,0.000036
252.933333,0.000046
252.966667,0.000036
253,0.000028
253.033333,0.000036
253.066667,0.000019
253.1,0.000023
253.133333,0.000008
253.166667,0.000014
253.2,0.000030
253.233333,0.000014
253.266667,0.000038
253.3,0.000024
253.333333,0.000014
253.366667,0.000056
253.4,0.000024
253.433333,0.000073
253.466667,0.000120
253.5,0.000160
253.533333,0.000162
253.566667,0.000018
253.6,0.000052
253.633333,0.000010
253.666667,0.000001
253.7,0.000001
253.733333,0.000003
253.766667,0.000001
253.8,0.000004
253.833333,0.000005
253.866667,0.000006
253.9,0.000002
253.933333,0.000004
253.966667,0.000001
254,0.000002
254.033333,0.000000
254.066667,0.000002
254.1,0.000002
254.133333,0.000000
254.166667,0.000000
254.2,0.000000
254.233333,0.000000
254.266667,0.000000
254.3,0.000000
254.333333,0.001237
254.366667,0.000179
254.4,0.000082
254.433333,0.000035
254.466667,0.000003
254.5,0.000017
254.533333,0.190675
254.566667,0.000019
254.6,0.000049
254.633333,0.000021
254.666667,0.000008
254.7,0.000001
254.733333,0.000000
254.766667,0.000000
254.8,0.000000
254.833333,0.000000
254.866667,0.000000
254.9,0.000000
254.933333,0.000000
254.966667,0.000000
255,0.000000
255.033333,0.000000
255.066667,0.000000
255.1,0.000000
255.133333,0.000000
255.166667,0.000000
255.2,0.000000
255.233333,0.000000
255.266667,0.000000
255.3,0.000000
255.333333,0.000000
255.366667,0.000000
255.4,0.000000
255.433333,0.000000
255.466667,0.000000
255.5,0.000000
255.533333,0.000000
255.566667,0.000000
255.6,0.000000
255.633333,0.000000
255.666667,0.000000
255.7,0.000000
255.733333,0.000000
255.766667,0.000000
255.8,0.000000
255.833333,0.000000
255.866667,0.000000
255.9,0.000000
255.933333,0.000000
255.966667,0.000000
256,0.000279
256.033333,0.000016
256.066667,0.000006
256.1,0.000001
256.133333,0.000000
256.166667,0.000000
256.2,0.000000
256.233333,0.000000
256.266667,0.000000
256.3,0.000000
256.333333,0.000000
256.366667,0.000000
256.4,0.000000
256.433333,0.000000
256.466667,0.000000
256.5,0.000000
256.533333,0.000000
256.566667,0.000000
256.6,0.000000
256.633333,0.000000
256.666667,0.000000
256.7,0.000000
256.733333,0.000000
256.766667,0.000000
256.8,0.000000
256.833333,0.039580
256.866667,0.000022
256.9,0.000008
256.933333,0.000002
256.966667,0.000000
257,0.000000
257.033333,0.000000
257.066667,0.000000
257.1,0.000000
257.133333,0.000000
257.166667,0.000000
257.2,0.000000
257.233333,0.000000
257.266667,0.000000
257.3,0.000000
257.333333,0.000000
257.366667,0.000000
257.4,0.000000
257.433333,0.000000
257.466667,0.000000
257.5,0.000000
257.533333,0.000000
257.566667,0.000000
257.6,0.000000
257.633333,0.000000
257.666667,0.000000
257.7,0.000000
257.733333,0.000000
257.766667,0.000000
257.8,0.000000
257.833333,0.000000
257.866667,0.000000
257.9,0.000000
257.933333,0.000000
257.966667,0.000000
258,0.000000
258.033333,0.000000
258.066667,0.000000
258.1,0.000000
258.133333,0.000000
258.166667,0.000000
258.2,0.000000
258.233333,0.000000
258.266667,0.000337
258.3,0.000046
258.333333,0.000015
258.366667,0.000026
258.4,0.000048
258.433333,0.000061
258.466667,0.000022
258.5,0.000001
258.533333,0.000002
258.566667,0.000001
258.6,0.000002
258.633333,0.000002
258.666667,0.000000
258.7,0.000001
258.733333,0.034800
258.766667,0.000577
258.8,0.000011
258.833333,0.000003
258.866667,0.000003
258.9,0.000000
258.933333,0.000001
258.966667,0.000002
259,0.000000
259.033333,0.000002
259.066667,0.000021
259.1,0.000054
259.133333,0.000027
259.166667,0.000003
259.2,0.000010
259.233333,0.000022
259.266667,0.000018
259.3,0.000009
259.333333,0.000002
259.366667,0.000000
259.4,0.000000
259.433333,0.000000
259.466667,0.000000
259.5,0.000000
259.533333,0.000000
259.566667,0.000000
259.6,0.000000
259.633333,0.000000
259.666667,0.000000
259.7,0.000000
259.733333,0.000000
259.766667,0.000000
259.8,0.000000
259.833333,0.000000
259.866667,0.000000
259.9,0.000000
259.933333,0.000000
259.966667,0.000000
260,0.000000
260.033333,0.000000
260.066667,0.000000
260.1,0.000000
260.133333,0.000000
260.166667,0.000000
260.2,0.000000
260.233333,0.000000
260.266667,0.000000
260.3,0.000000
260.333333,0.000000
260.366667,0.039703
260.4,0.000014
260.433333,0.000006
260.466667,0.000001
260.5,0.000000
260.533333,0.000000
260.566667,0.000000
260.6,0.000000
260.633333,0.000000
260.666667,0.000000
260.7,0.000000
260.733333,0.000000
260.766667,0.000000
260.8,0.000000
260.833333,0.000000
260.866667,0.000000
260.9,0.000000
260.933333,0.000000
260.966667,0.000000
261,0.000000
261.033333,0.000000
261.066667,0.000000
261.1,0.000000
261.133333,0.000000
261.166667,0.000000
261.2,0.000000
261.233333,0.000000
261.266667,0.000000
261.3,0.000000
261.333333,0.000000
261.366667,0.000000
261.4,0.000000
261.433333,0.000000
261.466667,0.000000
261.5,0.000000
261.533333,0.000000
261.566667,0.000000
261.6,0.000000
261.633333,0.000000
261.666667,0.000000
261.7,0.000000
261.733333,0.000000
261.766667,0.000000
261.8,0.000000
261.833333,0.036309
261.866667,0.000011
261.9,0.000004
261.933333,0.000001
261.966667,0.000000
262,0.000000
262.033333,0.000000
262.066667,0.000000
262.1,0.000000
262.133333,0.000000
262.166667,0.000000
262.2,0.000000
262.233333,0.000000
262.266667,0.000000
262.3,0.000000
262.333333,0.000000
262.366667,0.000000
262.4,0.000000
262.433333,0.000000
262.466667,0.000000
262.5,0.000000
262.533333,0.000000
262.566667,0.000000
262.6,0.000000
262.633333,0.000000
262.666667,0.000000
262.7,0.000000
262.733333,0.000000
262.766667,0.000000
262.8,0.000000
262.833333,0.000000
262.866667,0.000000
262.9,0.000000
262.933333,0.055111
262.966667,0.000016
263,0.000006
263.033333,0.000002
263.066667,0.000000
263.1,0.000000
263.133333,0.000000
263.166667,0.000000
263.2,0.000000
263.233333,0.000000
263.266667,0.000000
263.3,0.000000
263.333333,0.000000
263.366667,0.000000
263.4,0.000000
263.433333,0.000000
263.466667,0.000000
263.5,0.000000
263.533333,0.000000
263.566667,0.000000
263.6,0.000000
263.633333,0.000000
263.666667,0.000000
263.7,0.000000
263.733333,0.000000
263.766667,0.000000
263.8,0.000000
263.833333,0.000000
263.866667,0.000000
263.9,0.000000
263.933333,0.000000
263.966667,0.000000
264,0.000120
264.033333,0.000009
264.066667,0.000002
264.1,0.000001
264.133333,0.000000
264.166667,0.000000
264.2,0.000000
264.233333,0.000000
264.266667,0.000000
264.3,0.000000
264.333333,0.000000
264.366667,0.000000
264.4,0.000000
264.433333,0.000000
264.466667,0.053635
264.5,0.000009
264.533333,0.000003
264.566667,0.000001
264.6,0.000000
264.633333,0.000000
264.666667,0.000000
264.7,0.000000
264.733333,0.000000
264.766667,0.000000
264.8,0.000000
264.833333,0.000000
264.866667,0.000000
264.9,0.000000
264.933333,0.000000
264.966667,0.000000
265,0.000000
265.033333,0.000000
265.066667,0.000000
265.1,0.000000
265.133333,0.000000
265.166667,0.000000
265.2,0.000000
265.233333,0.000000
265.266667,0.000000
265.3,0.000000
265.333333,0.000000
265.366667,0.000000
265.4,0.000000
265.433333,0.000000
265.466667,0.000000
265.5,0.000000
265.533333,0.000000
265.566667,0.000000
265.6,0.000000
265.633333,0.000000
265.666667,0.000000
265.7,0.000000
265.733333,0.213876
265.766667,0.000061
265.8,0.000001
265.833333,0.000004
265.866667,0.000014
265.9,0.000009
265.933333,0.000002
265.966667,0.000000
266,0.000000
266.033333,0.000000
266.066667,0.000000
266.1,0.000000
266.133333,0.000000
266.166667,0.000000
266.2,0.000000
266.233333,0.000000
266.266667,0.000000
266.3,0.000000
266.333333,0.000000
266.366667,0.000000
266.4,0.000000
266.433333,0.000000
266.466667,0.000000
266.5,0.000000
266.533333,0.000000
266.566667,0.000000
266.6,0.000000
266.633333,0.000000
266.666667,0.000000
266.7,0.000000
266.733333,0.000000
266.766667,0.000000
266.8,0.000000
266.833333,0.000000
266.866667,0.000000
266.9,0.000000
266.933333,0.000000
266.966667,0.000000
267,0.000000
267.033333,0.000000
267.066667,0.000000
267.1,0.000000
267.133333,0.000000
267.166667,0.000000
267.2,0.000000
267.233333,0.000000
267.266667,0.000000
267.3,0.000000
267.333333,0.000000
267.366667,0.000000
267.4,0.000000
267.433333,0.000000
267.466667,0.049216
267.5,0.000019
267.533333,0.000007
267.566667,0.000002
267.6,0.000000
267.633333,0.000000
267.666667,0.000000
267.7,0.000000
267.733333,0.000000
267.766667,0.000000
267.8,0.000000
267.833333,0.000000
267.866667,0.000000
267.9,0.000000
267.933333,0.000000
267.966667,0.000000
268,0.000000
268.033333,0.000000
268.066667,0.000000
268.1,0.000000
268.133333,0.000000
268.166667,0.000000
268.2,0.000000
268.233333,0.000000
268.266667,0.000000
268.3,0.000000
268.333333,0.000000
268.366667,0.000000
268.4,0.000000
268.433333,0.000000
268.466667,0.000000
268.5,0.000000
268.533333,0.000000
268.566667,0.000000
268.6,0.000000
268.633333,0.000000
268.666667,0.000000
268.7,0.000000
268.733333,0.000000
268.766667,0.000000
268.8,0.000000
268.833333,0.000000
268.866667,0.000000
268.9,0.000000
268.933333,0.000000
268.966667,0.000000
269,0.000000
269.033333,0.000000
269.066667,0.000000
269.1,0.000000
269.133333,0.000000
269.166667,0.000000
269.2,0.000000
269.233333,0.000000
269.266667,0.000000
269.3,0.000000
269.333333,0.000000
269.366667,0.056200
269.4,0.000015
269.433333,0.000006
269.466667,0.000002
269.5,0.000000
269.533333,0.000000
269.566667,0.000000
269.6,0.000000
269.633333,0.000000
269.666667,0.000000
269.7,0.000000
269.733333,0.000000
269.766667,0.000000
269.8,0.000000
269.833333,0.000000
269.866667,0.000000
269.9,0.000000
269.933333,0.000000
269.966667,0.000000
270,0.000000
270.033333,0.000000
270.066667,0.000000
270.1,0.000000
270.133333,0.000000
270.166667,0.000000
270.2,0.000000
270.233333,0.000000
270.266667,0.000000
270.3,0.000000
270.333333,0.000000
270.366667,0.000000
270.4,0.000000
270.433333,0.000000
270.466667,0.029381
270.5,0.000017
270.533333,0.000007
270.566667,0.000002
270.6,0.000000
270.633333,0.000000
270.666667,0.000000
270.7,0.000000
270.733333,0.000000
270.766667,0.000000
270.8,0.000000
270.833333,0.000000
270.866667,0.000000
270.9,0.000000
270.933333,0.000000
270.966667,0.000000
271,0.000000
271.033333,0.000000
271.066667,0.000000
271.1,0.000000
271.133333,0.000000
271.166667,0.000000
271.2,0.000000
271.233333,0.000000
271.266667,0.000000
271.3,0.000000
271.333333,0.000000
271.366667,0.000000
271.4,0.000000
271.433333,0.000000
271.466667,0.000000
271.5,0.000000
271.533333,0.000000
271.566667,0.000000
271.6,0.000000
271.633333,0.000000
271.666667,0.000000
271.7,0.000000
271.733333,0.000000
271.766667,0.061847
271.8,0.000028
271.833333,0.000012
271.866667,0.000002
271.9,0.000001
271.933333,0.000000
271.966667,0.000000
272,0.000169
272.033333,0.000017
272.066667,0.000006
272.1,0.000001
272.133333,0.000000
272.166667,0.000000
272.2,0.000000
272.233333,0.000000
272.266667,0.000000
272.3,0.000000
272.333333,0.000000
272.366667,0.000000
272.4,0.000000
272.433333,0.000000
272.466667,0.000000
272.5,0.000000
272.533333,0.000000
272.566667,0.000000
272.6,0.000000
272.633333,0.000000
272.666667,0.000000
272.7,0.000000
272.733333,0.000000
272.766667,0.000000
272.8,0.000000
272.833333,0.000000
272.866667,0.000000
272.9,0.000000
272.933333,0.000000
272.966667,0.000000
273,0.000000
273.033333,0.000000
273.066667,0.000000
273.1,0.000000
273.133333,0.000000
273.166667,0.000000
273.2,0.000000
273.233333,0.000000
273.266667,0.000000
273.3,0.000000
273.333333,0.000000
273.366667,0.000000
273.4,0.000000
273.433333,0.000000
273.466667,0.000000
273.5,0.000000
273.533333,0.000000
273.566667,0.000000
273.6,0.000000
273.633333,0.000000
273.666667,0.000000
273.7,0.000000
273.733333,0.000000
273.766667,0.000000
273.8,0.000000
273.833333,0.000000
273.866667,0.000000
273.9,0.000000
273.933333,0.000000
273.966667,0.000000
274,0.000000
274.033333,0.000000
274.066667,0.053842
274.1,0.000018
274.133333,0.000005
274.166667,0.000002
274.2,0.000000
274.233333,0.000000
274.266667,0.000000
274.3,0.000000
274.333333,0.000000
274.366667,0.000000
274.4,0.000000
274.433333,0.000000
274.466667,0.000000
274.5,0.000000
274.533333,0.000000
274.566667,0.000000
274.6,0.000000
274.633333,0.000000
274.666667,0.000000
274.7,0.000000
274.733333,0.000000
274.766667,0.000000
274.8,0.000000
274.833333,0.000000
274.866667,0.000000
274.9,0.000000
274.933333,0.000000
274.966667,0.000000
275,0.000000
275.033333,0.000000
275.066667,0.000000
275.1,0.000000
275.133333,0.000000
275.166667,0.000000
275.2,0.000000
275.233333,0.000000
275.266667,0.000000
275.3,0.000000
275.333333,0.000000
275.366667,0.000000
275.4,0.000000
275.433333,0.000000
275.466667,0.000000
275.5,0.000000
275.533333,0.000000
275.566667,0.000000
275.6,0.000000
275.633333,0.000000
275.666667,0.000000
275.7,0.000000
275.733333,0.000000
275.766667,1.000000
275.8,0.015330
275.833333,0.029516
275.866667,0.029391
275.9,0.002246
275.933333,0.000023
275.966667,0.000006
276,0.000003
276.033333,0.000001
276.066667,0.000000
276.1,0.000000
276.133333,0.000000
276.166667,0.000000
276.2,0.000000
276.233333,0.000000
276.266667,0.000000
276.3,0.000000
276.333333,0.000000
276.366667,0.000000
276.4,0.000000
276.433333,0.000000
276.466667,0.000000
276.5,0.000000
276.533333,0.000000
276.566667,0.000000
276.6,0.000000
276.633333,0.000000
276.666667,0.000000
276.7,0.000000
276.733333,0.000000
276.766667,0.000000
276.8,0.000000
276.833333,0.000000
276.866667,0.000000
276.9,0.000000
276.933333,0.000000
276.966667,0.000000
277,0.000000
277.033333,0.000000
277.066667,0.000000
277.1,0.000000
277.133333,0.000000
277.166667,0.000000
277.2,0.000000
277.233333,0.000000
277.266667,0.000000
277.3,0.000000
277.333333,0.000000
277.366667,0.000000
277.4,0.000000
277.433333,1.000000
277.466667,0.000058
277.5,0.000019
277.533333,0.000010
277.566667,0.000020
277.6,0.000014
277.633333,0.000009
277.666667,0.000004
277.7,0.000021
277.733333,0.000058
277.766667,0.000041
277.8,0.000033
277.833333,0.000012
277.866667,0.000121
277.9,0.000123
277.933333,0.000009
277.966667,0.000015
278,0.000012
278.033333,0.000003
278.066667,0.000008
278.1,0.000011
278.133333,0.000024
278.166667,0.000010
278.2,0.000005
278.233333,0.000007
278.266667,0.000063
278.3,0.000025
278.333333,0.000033
278.366667,0.000005
278.4,0.000027
278.433333,0.000000
278.466667,0.000030
278.5,0.000219
278.533333,0.000131
278.566667,0.000238
278.6,0.000012
278.633333,0.000094
278.666667,0.000010
278.7,0.000027
278.733333,0.000002
278.766667,0.000003
278.8,0.000056
278.833333,0.000035
278.866667,0.000030
278.9,0.000011
278.933333,0.000112
278.966667,0.000032
279,0.000071
279.033333,0.000163
279.066667,0.000208
279.1,0.000032
279.133333,0.000218
279.166667,0.000235
279.2,0.000080
279.233333,0.000018
279.266667,0.000062
279.3,0.000000
279.333333,0.000438
279.366667,0.000012
279.4,0.000285
279.433333,0.000227
279.466667,0.000055
279.5,0.000017
279.533333,0.000022
279.566667,0.000019
279.6,0.000039
279.633333,0.000053
279.666667,0.000047
279.7,0.000070
279.733333,0.000067
279.766667,0.000019
279.8,0.000022
279.833333,0.000001
279.866667,0.000053
279.9,0.001164
279.933333,0.000222
279.966667,0.000043
280,0.000840
280.033333,0.001142
280.066667,0.000857
280.1,0.089643
280.133333,0.000878
280.166667,0.084346
280.2,0.002473
280.233333,0.002977
280.266667,0.002960
280.3,0.003344
280.333333,0.003872
280.366667,0.004548
280.4,0.005039
280.433333,0.007338
280.466667,0.003740
280.5,0.002461
280.533333,0.001047
280.566667,0.001639
280.6,0.002405
280.633333,0.001106
280.666667,0.000534
280.7,0.001236
280.733333,0.011924
280.766667,0.000040
280.8,0.009392
280.833333,0.000142
280.866667,0.007082
280.9,0.000006
280.933333,0.004304
280.966667,0.000395
281,0.003929
281.033333,0.000000
281.066667,0.051190
281.1,0.002619
281.133333,0.000000
281.166667,0.000183
281.2,0.001413
281.233333,0.000234
281.266667,0.003254
281.3,0.000086
281.333333,0.000607
281.366667,0.000298
281.4,0.000594
281.433333,0.000062
281.466667,0.000336
281.5,0.000682
281.533333,0.001473
281.566667,0.001880
281.6,0.002176
281.633333,0.002831
281.666667,0.002974
281.7,0.002808
281.733333,0.003053
281.766667,0.002654
281.8,0.003490
281.833333,0.002794
281.866667,0.002960
281.9,0.002683
281.933333,0.003541
281.966667,0.002781
282,0.002872
282.033333,0.002643
282.066667,0.003466
282.1,0.002153
282.133333,0.001717
282.166667,0.002102
282.2,0.001614
282.233333,0.002496
282.266667,0.001321
282.3,0.000280
282.333333,0.000602
282.366667,0.000162
282.4,0.000381
282.433333,0.000078
282.466667,0.000029
282.5,0.000008
282.533333,0.000001
282.566667,0.053810
282.6,0.000024
282.633333,0.000005
282.666667,0.000001
282.7,0.000000
282.733333,0.000000
282.766667,0.000000
282.8,0.000000
282.833333,0.000000
282.866667,0.000000
282.9,0.000000
282.933333,0.000000
282.966667,0.000000
283,0.000000
283.033333,0.000000
283.066667,0.000000
283.1,0.000000
283.133333,0.000000
283.166667,0.002442
283.2,0.000432
283.233333,0.000032
283.266667,0.000452
283.3,0.000012
283.333333,0.000646
283.366667,0.000109
283.4,0.000686
283.433333,0.000144
283.466667,0.000436
283.5,0.046286
283.533333,0.005141
283.566667,0.001430
283.6,0.002777
283.633333,0.002672
283.666667,0.003417
283.7,0.002892
283.733333,0.003473
283.766667,0.002892
283.8,0.003468
283.833333,0.002897
283.866667,0.003479
283.9,0.002871
283.933333,0.003458
283.966667,0.002794
284,0.003450
284.033333,0.003121
284.066667,0.002988
284.1,0.002519
284.133333,0.003321
284.166667,0.000000
284.2,0.002001
284.233333,0.000399
284.266667,0.000149
284.3,0.001740
284.333333,0.000242
284.366667,0.000929
284.4,0.000273
284.433333,0.000767
284.466667,0.000020
284.5,0.000226
284.533333,0.000096
284.566667,0.000044
284.6,0.000008
284.633333,0.000001
284.666667,0.000000
284.7,0.000000
284.733333,0.000000
284.766667,0.000000
284.8,0.000000
284.833333,0.000000
284.866667,0.000000
284.9,0.000000
284.933333,0.000000
284.966667,0.000000
285,0.000000
285.033333,0.000000
285.066667,0.000000
285.1,0.000000
285.133333,0.000000
285.166667,0.000000
285.2,0.000000
285.233333,0.000000
285.266667,0.000000
285.3,0.000000
285.333333,0.000000
285.366667,0.046348
285.4,0.000046
285.433333,0.000011
285.466667,0.000002
285.5,0.000000
285.533333,0.000000
285.566667,0.000000
285.6,0.000000
285.633333,0.000000
285.666667,0.000000
285.7,0.000000
285.733333,0.000000
285.766667,0.000000
285.8,0.000000
285.833333,0.000000
285.866667,0.000000
285.9,0.000000
285.933333,0.000000
285.966667,0.000000
286,0.000000
286.033333,0.000000
286.066667,0.000000
286.1,0.000000
286.133333,0.000000
286.166667,0.000000
286.2,0.000000
286.233333,0.000000
286.266667,0.000000
286.3,0.000000
286.333333,0.000000
286.366667,0.000000
286.4,0.000000
286.433333,0.000000
286.466667,0.000000
286.5,0.000000
286.533333,0.000000
286.566667,0.000000
286.6,0.000000
286.633333,0.000000
286.666667,0.000000
286.7,0.000000
286.733333,0.000000
286.766667,0.000000
286.8,0.000000
286.833333,0.000000
286.866667,0.000000
286.9,0.000000
286.933333,0.000000
286.966667,0.000000
287,0.201405
287.033333,0.000001
287.066667,0.000035
287.1,0.000040
287.133333,0.000023
287.166667,0.000007
287.2,0.000002
287.233333,0.000000
287.266667,0.000000
287.3,0.000000
287.333333,0.000000
287.366667,0.000000
287.4,0.000000
287.433333,0.000000
287.466667,0.000000
287.5,0.000000
287.533333,0.000000
287.566667,0.000000
287.6,0.000000
287.633333,0.000000
287.666667,0.000000
287.7,0.000000
287.733333,0.000000
287.766667,0.000000
287.8,0.000000
287.833333,0.000000
287.866667,0.000000
287.9,0.000000
287.933333,0.000000
287.966667,0.000000
288,0.000265
288.033333,0.002681
288.066667,0.000409
288.1,0.000097
288.133333,0.000558
288.166667,0.000420
288.2,0.000143
288.233333,0.000166
288.266667,0.000078
288.3,0.000045
288.333333,0.000064
288.366667,0.000097
288.4,0.000010
288.433333,0.000050
288.466667,0.000019
288.5,0.000026
288.533333,0.000017
288.566667,0.000045
288.6,0.000011
288.633333,0.000027
288.666667,0.000010
288.7,0.000040
288.733333,0.030436
288.766667,0.000826
288.8,0.000027
288.833333,0.000016
288.866667,0.000022
288.9,0.000018
288.933333,0.000019
288.966667,0.000005
289,0.000847
289.033333,0.000015
289.066667,0.000006
289.1,0.000001
289.133333,0.004512
289.166667,0.000924
289.2,0.000296
289.233333,0.000150
289.266667,0.001144
289.3,0.000035
289.333333,0.000011
289.366667,0.000004
289.4,0.000001
289.433333,0.000000
289.466667,0.000577
289.5,0.000008
289.533333,0.000001
289.566667,0.000000
289.6,0.000000
289.633333,0.043116
289.666667,0.001153
289.7,0.001261
289.733333,0.001117
289.766667,0.001286
289.8,0.001316
289.833333,0.001241
289.866667,0.001274
289.9,0.001450
289.933333,0.001483
289.966667,0.001577
290,0.001462
290.033333,0.001361
290.066667,0.001402
290.1,0.001404
290.133333,0.001365
290.166667,0.001544
290.2,0.001464
290.233333,0.000814
290.266667,0.000218
290.3,0.000274
290.333333,0.000116
290.366667,0.000077
290.4,0.000035
290.433333,0.000049
290.466667,0.039915
290.5,0.001011
290.533333,0.000072
290.566667,0.000106
290.6,0.000148
290.633333,0.000211
290.666667,0.000020
290.7,0.000005
290.733333,0.000000
290.766667,0.000000
290.8,0.000000
290.833333,0.000000
290.866667,0.000000
290.9,0.000000
290.933333,0.000000
290.966667,0.000000
291,0.000000
291.033333,0.000000
291.066667,0.000000
291.1,0.000000
291.133333,0.000000
291.166667,0.000000
291.2,0.000000
291.233333,0.000000
291.266667,0.000000
291.3,0.000000
291.333333,0.000000
291.366667,0.000000
291.4,0.000000
291.433333,0.000000
291.466667,0.000000
291.5,0.000000
291.533333,0.000000
291.566667,0.000000
291.6,0.000000
291.633333,0.000000
291.666667,0.000000
291.7,0.000000
291.733333,0.000000
291.766667,0.000000
291.8,0.000000
291.833333,0.000000
291.866667,0.000000
291.9,0.000000
291.933333,0.000000
291.966667,0.000000
292,0.000000
292.033333,0.000000
292.066667,0.000000
292.1,0.000000
292.133333,0.000000
292.166667,0.000000
292.2,0.001948
292.233333,0.000167
292.266667,0.000112
292.3,0.000071
292.333333,0.000041
292.366667,0.000133
292.4,0.000141
292.433333,0.000056
292.466667,0.000088
292.5,0.000088
292.533333,0.000047
292.566667,0.000111
292.6,0.000004
292.633333,0.000010
292.666667,0.000076
292.7,0.054712
292.733333,0.002923
292.766667,0.000103
292.8,0.000030
292.833333,0.000181
292.866667,0.000136
292.9,0.000068
292.933333,0.000004
292.966667,0.000080
293,0.000054
293.033333,0.000021
293.066667,0.000122
293.1,0.000132
293.133333,0.000259
293.166667,0.001206
293.2,0.000306
293.233333,0.000689
293.266667,0.000068
293.3,0.000426
293.333333,0.000124
293.366667,0.000049
293.4,0.000016
293.433333,0.000004
293.466667,0.000000
293.5,0.000000
293.533333,0.000000
293.566667,0.000000
293.6,0.000000
293.633333,0.000000
293.666667,0.000000
293.7,0.030611
293.733333,0.000037
293.766667,0.000008
293.8,0.000001
293.833333,0.000001
293.866667,0.000000
293.9,0.000000
293.933333,0.000000
293.966667,0.000000
294,0.000000
294.033333,0.000000
294.066667,0.000000
294.1,0.000000
294.133333,0.000000
294.166667,0.000000
294.2,0.000000
294.233333,0.000000
294.266667,0.000000
294.3,0.000000
294.333333,0.000000
294.366667,0.000000
294.4,0.000000
294.433333,0.000000
294.466667,0.000000
294.5,0.000000
294.533333,0.000000
294.566667,0.000000
294.6,0.000000
294.633333,0.000000
294.666667,0.000000
294.7,0.000000
294.733333,0.000000
294.766667,0.000000
294.8,0.000000
294.833333,0.000000
294.866667,0.000000
294.9,0.000000
294.933333,0.000000
294.966667,0.000000
295,0.043281
295.033333,0.000042
295.066667,0.000012
295.1,0.000002
295.133333,0.000000
295.166667,0.000000
295.2,0.000000
295.233333,0.000000
295.266667,0.000000
295.3,0.000000
295.333333,0.000000
295.366667,0.000000
295.4,0.000000
295.433333,0.000000
295.466667,0.000000
295.5,0.000000
295.533333,0.000000
295.566667,0.000000
295.6,0.000000
295.633333,0.000000
295.666667,0.000000
295.7,0.000000
295.733333,0.000000
295.766667,0.000000
295.8,0.000000
295.833333,0.000000
295.866667,0.000000
295.9,0.000000
295.933333,0.000000
295.966667,0.000000
296,0.000696
296.033333,0.000029
296.066667,0.000008
296.1,0.000002
296.133333,0.000001
296.166667,0.000000
296.2,0.000000
296.233333,0.000000
296.266667,0.000000
296.3,0.000000
296.333333,0.000000
296.366667,0.000000
296.4,0.000000
296.433333,0.000000
296.466667,0.000000
296.5,0.000000
296.533333,0.000000
296.566667,0.000000
296.6,0.000000
296.633333,0.000000
296.666667,0.000000
296.7,0.000000
296.733333,0.036743
296.766667,0.000020
296.8,0.000009
296.833333,0.000002
296.866667,0.000000
296.9,0.000000
296.933333,0.000000
296.966667,0.000000
297,0.000000
297.033333,0.000000
297.066667,0.000000
297.1,0.000000
297.133333,0.000000
297.166667,0.000000
297.2,0.000000
297.233333,0.000000
297.266667,0.000000
297.3,0.000000
297.333333,0.000000
297.366667,0.000000
297.4,0.000000
297.433333,0.000000
297.466667,0.000000
297.5,0.000000
297.533333,0.000000
297.566667,0.000000
297.6,0.000000
297.633333,0.000000
297.666667,0.000000
297.7,0.000000
297.733333,0.000000
297.766667,0.000000
297.8,0.000000
297.833333,0.000000
297.866667,0.000000
297.9,0.000000
297.933333,0.000000
297.966667,0.000000
298,0.000000
298.033333,0.000000
298.066667,0.000000
298.1,0.000000
298.133333,0.000000
298.166667,0.000000
298.2,0.000000
298.233333,0.000000
298.266667,0.000000
298.3,0.049631
298.333333,0.000015
298.366667,0.000007
298.4,0.000001
298.433333,0.000000
298.466667,0.000000
298.5,0.000000
298.533333,0.000000
298.566667,0.000000
298.6,0.000000
298.633333,0.000000
298.666667,0.000000
298.7,0.000000
298.733333,0.000000
298.766667,0.000000
298.8,0.000000
298.833333,0.000000
298.866667,0.000000
298.9,0.000000
298.933333,0.000000
298.966667,0.000000
299,0.000000
299.033333,0.000000
299.066667,0.000000
299.1,0.000000
299.133333,0.000000
299.166667,0.000000
299.2,0.000000
299.233333,0.000000
299.266667,0.000000
299.3,0.000000
299.333333,0.000000
299.366667,0.000000
299.4,0.000000
299.433333,0.000000
299.466667,0.000000
299.5,0.000000
299.533333,0.000000
299.566667,0.000000
299.6,0.000000
299.633333,0.000000
299.666667,0.000000
299.7,0.177055
299.733333,0.000005
299.766667,0.000130
299.8,0.000032
299.833333,0.000242
299.866667,0.000077
299.9,0.000025
299.933333,0.000005
299.966667,0.000000
300,0.000000
300.033333,0.000000
300.066667,0.000000
300.1,0.000000
300.133333,0.000000
300.166667,0.000000
300.2,0.000000
300.233333,0.000000
300.266667,0.000000
300.3,0.000000
300.333333,0.000000
300.366667,0.000000
300.4,0.000000
300.433333,0.000000
300.466667,0.000000
300.5,0.000000
300.533333,0.000000
300.566667,0.000000
300.6,0.000000
300.633333,0.000000
300.666667,0.000000
300.7,0.000000
300.733333,0.000000
300.766667,0.000000
300.8,0.000000
300.833333,0.000000
300.866667,0.000000
300.9,0.000000
300.933333,0.000000
300.966667,0.000000
301,0.000000
301.033333,0.029286
301.066667,0.000053
301.1,0.000007
301.133333,0.000001
301.166667,0.000000
301.2,0.000000
301.233333,0.000000
301.266667,0.000000
301.3,0.000000
301.333333,0.000000
301.366667,0.000000
301.4,0.000000
301.433333,0.000000
301.466667,0.000000
301.5,0.000000
301.533333,0.000000
301.566667,0.000000
301.6,0.000000
301.633333,0.000000
301.666667,0.000000
301.7,0.000000
301.733333,0.000000
301.766667,0.000000
301.8,0.000000
301.833333,0.000000
301.866667,0.000000
301.9,0.000000
301.933333,0.000000
301.966667,0.000000
302,0.000000
302.033333,0.000000
302.066667,0.000000
302.1,0.063276
302.133333,0.023824
302.166667,0.015437
302.2,0.001128
302.233333,0.008103
302.266667,0.003567
302.3,0.005464
302.333333,0.002553
302.366667,0.003562
302.4,0.003012
302.433333,0.002750
302.466667,0.003498
302.5,0.002565
302.533333,0.003680
302.566667,0.001685
302.6,0.001725
302.633333,0.000373
302.666667,0.003507
302.7,0.000001
302.733333,0.000252
302.766667,0.002080
302.8,0.000068
302.833333,0.000334
302.866667,0.001232
302.9,0.000017
302.933333,0.000175
302.966667,0.000421
303,0.000049
303.033333,0.000073
303.066667,0.000057
303.1,0.000010
303.133333,0.000001
303.166667,0.000000
303.2,0.005084
303.233333,0.001120
303.266667,0.001965
303.3,0.024800
303.333333,0.003630
303.366667,0.004143
303.4,0.002993
303.433333,0.004181
303.466667,0.000001
303.5,0.000130
303.533333,0.002917
303.566667,0.000015
303.6,0.001338
303.633333,0.000557
303.666667,0.000019
303.7,0.000365
303.733333,0.000942
303.766667,0.000015
303.8,0.000093
303.833333,0.000105
303.866667,0.000066
303.9,0.000022
303.933333,0.000004
303.966667,0.000000
304,0.001205
304.033333,0.000050
304.066667,0.000016
304.1,0.000004
304.133333,0.000001
304.166667,0.000000
304.2,0.000000
304.233333,0.000000
304.266667,0.000000
304.3,0.000000
304.333333,0.000000
304.366667,0.536747
304.4,0.000003
304.433333,0.000110
304.466667,0.000029
304.5,0.000201
304.533333,0.000064
304.566667,0.000021
304.6,0.000004
304.633333,0.000000
304.666667,0.000000
304.7,0.000000
304.733333,0.000000
304.766667,0.000000
304.8,0.000000
304.833333,0.000000
304.866667,0.000000
304.9,0.000000
304.933333,0.000000
304.966667,0.000000
305,0.000000
305.033333,0.000000
305.066667,0.000000
305.1,0.000000
305.133333,0.000000
305.166667,0.000000
305.2,0.000000
305.233333,0.000000
305.266667,0.000000
305.3,0.000000
305.333333,0.000000
305.366667,0.000000
305.4,0.000000
305.433333,0.000000
305.466667,0.000000
305.5,0.000000
305.533333,0.000000
305.566667,0.000000
305.6,0.000000
305.633333,0.000000
305.666667,0.000000
305.7,0.000000
305.733333,0.000000
305.766667,0.000000
305.8,0.000000
305.833333,0.000000
305.866667,0.000000
305.9,0.000000
305.933333,0.000000
305.966667,0.000000
306,0.000000
306.033333,0.000000
306.066667,0.000000
306.1,0.000000
306.133333,0.000000
306.166667,0.000000
306.2,0.000000
306.233333,0.000000
306.266667,0.000000
306.3,0.000000
306.333333,0.000000
306.366667,0.000000
306.4,0.000000
306.433333,0.000000
306.466667,0.000000
306.5,0.000000
306.533333,0.000000
306.566667,0.000000
306.6,0.063763
306.633333,0.000050
306.666667,0.000010
306.7,0.000002
306.733333,0.000000
306.766667,0.000000
306.8,0.000000
306.833333,0.000000
306.866667,0.000000
306.9,0.000000
306.933333,0.000000
306.966667,0.000000
307,0.000000
307.033333,0.000000
307.066667,0.000000
307.1,0.000000
307.133333,0.000000
307.166667,0.000000
307.2,0.000000
307.233333,0.000000
307.266667,0.000841
307.3,0.000244
307.333333,0.000042
307.366667,0.000069
307.4,0.000112
307.433333,0.000054
307.466667,0.000093
307.5,0.000048
307.533333,0.000008
307.566667,0.000080
307.6,0.000066
307.633333,0.000007
307.666667,0.000077
307.7,0.000060
307.733333,0.000012
307.766667,0.000020
307.8,0.000069
307.833333,0.000057
307.866667,0.000016
307.9,0.000003
307.933333,0.000000
307.966667,0.000000
308,0.000000
308.033333,0.000000
308.066667,0.000000
308.1,0.000000
308.133333,0.000000
308.166667,0.000000
308.2,0.000000
308.233333,0.000000
308.266667,0.000936
308.3,0.000012
308.333333,0.000080
308.366667,0.000078
308.4,0.000030
308.433333,0.035691
308.466667,0.001048
308.5,0.000004
308.533333,0.000006
308.566667,0.000010
308.6,0.000011
308.633333,0.000013
308.666667,0.000019
308.7,0.000014
308.733333,0.000094
308.766667,0.000069
308.8,0.000010
308.833333,0.000019
308.866667,0.000109
308.9,0.000433
308.933333,0.000143
308.966667,0.000174
309,0.000182
309.033333,0.000201
309.066667,0.000203
309.1,0.000215
309.133333,0.000210
309.166667,0.000222
309.2,0.000043
309.233333,0.000151
309.266667,0.000197
309.3,0.000212
309.333333,0.000235
309.366667,0.000043
309.4,0.000177
309.433333,0.000234
309.466667,0.000046
309.5,0.000165
309.533333,0.000222
309.566667,0.000034
309.6,0.000056
309.633333,0.000014
309.666667,0.000002
309.7,0.000000
309.733333,0.000000
309.766667,0.000000
309.8,0.000000
309.833333,0.000000
309.866667,0.001064
309.9,0.000021
309.933333,0.000012
309.966667,0.000011
310,0.000014
310.033333,0.000010
310.066667,0.000021
310.1,0.000039
310.133333,0.000106
310.166667,0.000089
310.2,0.000019
310.233333,0.000161
310.266667,0.000121
310.3,0.000163
310.333333,0.022209
310.366667,0.000068
310.4,0.000026
310.433333,0.000004
310.466667,0.000001
310.5,0.000911
310.533333,0.000056
310.566667,0.000002
310.6,0.000028
310.633333,0.000005
310.666667,0.000040
310.7,0.000005
310.733333,0.000036
310.766667,0.000009
310.8,0.000021
310.833333,0.000026
310.866667,0.000026
310.9,0.000019
310.933333,0.000026
310.966667,0.000022
311,0.000064
311.033333,0.000022
311.066667,0.000004
311.1,0.000001
311.133333,0.000000
311.166667,0.000000
311.2,0.000000
311.233333,0.000000
311.266667,0.000000
311.3,0.000000
311.333333,0.000000
311.366667,0.000000
311.4,0.000000
311.433333,0.000000
311.466667,0.000000
311.5,0.000000
311.533333,0.000000
311.566667,0.000000
311.6,0.000000
311.633333,0.000000
311.666667,0.000000
311.7,0.000000
311.733333,0.000000
311.766667,0.000000
311.8,0.000000
311.833333,0.045306
311.866667,0.000059
311.9,0.000016
311.933333,0.000001
311.966667,0.000000
312,0.001107
312.033333,0.000046
312.066667,0.000014
312.1,0.000003
312.133333,0.000001
312.166667,0.000000
312.2,0.000000
312.233333,0.000000
312.266667,0.000000
312.3,0.000000
312.333333,0.000000
312.366667,0.000000
312.4,0.000000
312.433333,0.000000
312.466667,0.000000
312.5,0.000000
312.533333,0.000000
312.566667,0.000000
312.6,0.000000
312.633333,0.000000
312.666667,0.000000
312.7,0.000000
312.733333,0.000000
312.766667,0.000000
312.8,0.000000
312.833333,0.000000
312.866667,0.000000
312.9,0.000000
312.933333,0.000000
312.966667,0.000000
313,0.000000
313.033333,0.000000
313.066667,0.000000
313.1,0.000000
313.133333,0.000000
313.166667,0.000000
313.2,0.000000
313.233333,0.000000
313.266667,0.000000
313.3,0.000000
313.333333,0.000000
313.366667,0.000000
313.4,0.000000
313.433333,0.000000
313.466667,0.000000
313.5,0.000000
313.533333,0.000000
313.566667,0.000000
313.6,0.000000
313.633333,0.000000
313.666667,0.000000
313.7,0.000000
313.733333,0.000000
313.766667,0.000000
313.8,0.000000
313.833333,0.000000
313.866667,0.000000
313.9,0.000000
313.933333,0.000000
313.966667,0.000000
314,0.000000
314.033333,0.041380
314.066667,0.000022
314.1,0.000010
314.133333,0.000002
314.166667,0.000000
314.2,0.000000
314.233333,0.000000
314.266667,0.000000
314.3,0.000000
314.333333,0.000000
314.366667,0.000000
314.4,0.000000
314.433333,0.000000
314.466667,0.000000
314.5,0.000000
314.533333,0.000000
314.566667,0.000000
314.6,0.000000
314.633333,0.000000
314.666667,0.000000
314.7,0.000000
314.733333,0.000000
314.766667,0.000000
314.8,0.000000
314.833333,0.000000
314.866667,0.000000
314.9,0.000000
314.933333,0.000000
314.966667,0.000000
315,0.000000
315.033333,0.000000
315.066667,0.000000
315.1,0.000000
315.133333,0.000000
315.166667,0.000000
315.2,0.000000
315.233333,0.000000
315.266667,0.000000
315.3,0.000000
315.333333,0.000000
315.366667,0.000000
315.4,0.000000
315.433333,0.231553
315.466667,0.000002
315.5,0.000090
315.533333,0.000001
315.566667,0.000023
315.6,0.000154
315.633333,0.000049
315.666667,0.000018
315.7,0.000003
315.733333,0.000003
315.766667,0.000000
315.8,0.000000
315.833333,0.000000
315.866667,0.000000
315.9,0.000000
315.933333,0.000000
315.966667,0.000000
316,0.000000
316.033333,0.000000
316.066667,0.000000
316.1,0.000000
316.133333,0.000000
316.166667,0.000000
316.2,0.000000
316.233333,0.000000
316.266667,0.000000
316.3,0.000000
316.333333,0.000000
316.366667,0.000000
316.4,0.000000
316.433333,0.000000
316.466667,0.000000
316.5,0.000000
316.533333,0.000000
316.566667,0.000000
316.6,0.008686
316.633333,0.004220
316.666667,0.000433
316.7,0.000045
316.733333,0.000186
316.766667,0.000143
316.8,0.000247
316.833333,0.000093
316.866667,0.000306
316.9,0.000070
316.933333,0.000130
316.966667,0.000328
317,0.000082
317.033333,0.000032
317.066667,0.000075
317.1,0.063635
317.133333,0.002964
317.166667,0.001432
317.2,0.001454
317.233333,0.001422
317.266667,0.001127
317.3,0.001125
317.333333,0.000863
317.366667,0.000702
317.4,0.000528
317.433333,0.000715
317.466667,0.000524
317.5,0.000392
317.533333,0.000289
317.566667,0.000246
317.6,0.000427
317.633333,0.000323
317.666667,0.000049
317.7,0.000047
317.733333,0.000036
317.766667,0.000012
317.8,0.000002
317.833333,0.000000
317.866667,0.000000
317.9,0.000000
317.933333,0.000000
317.966667,0.000000
318,0.000000
318.033333,0.021959
318.066667,0.000025
318.1,0.000003
318.133333,0.000001
318.166667,0.000000
318.2,0.000000
318.233333,0.000000
318.266667,0.000000
318.3,0.000000
318.333333,0.000000
318.366667,0.000000
318.4,0.000000
318.433333,0.000000
318.466667,0.000000
318.5,0.000000
318.533333,0.000000
318.566667,0.000000
318.6,0.000000
318.633333,0.000000
318.666667,0.000000
318.7,0.000000
318.733333,0.062128
318.766667,0.000035
318.8,0.000010
318.833333,0.000002
318.866667,0.000000
318.9,0.000000
318.933333,0.000000
318.966667,0.000000
319,0.000000
319.033333,0.000000
319.066667,0.000000
319.1,0.000000
319.133333,0.000000
319.166667,0.000000
319.2,0.000000
319.233333,0.000000
319.266667,0.000000
319.3,0.000000
319.333333,0.000000
319.366667,0.000000
319.4,0.000000
319.433333,0.000000
319.466667,0.000000
319.5,0.000000
319.533333,0.000000
319.566667,0.000000
319.6,0.000000
319.633333,0.000000
319.666667,0.000000
319.7,0.000000
319.733333,0.000000
319.766667,0.000000
319.8,0.000000
319.833333,0.000000
319.866667,0.000000
319.9,0.000000
319.933333,0.000000
319.966667,0.000000
320,0.000785
320.033333,0.000033
320.066667,0.000008
320.1,0.000003
320.133333,0.000001
320.166667,0.000000
320.2,0.000000
320.233333,0.000000
320.266667,0.000000
320.3,0.000000
320.333333,0.047733
320.366667,0.000014
320.4,0.000007
320.433333,0.000001
320.466667,0.000000
320.5,0.000000
320.533333,0.000000
320.566667,0.000000
320.6,0.000000
320.633333,0.000000
320.666667,0.000000
320.7,0.000000
320.733333,0.000000
320.766667,0.000000
320.8,0.000000
320.833333,0.000000
320.866667,0.000000
320.9,0.000000
320.933333,0.000000
320.966667,0.000000
321,0.000000
321.033333,0.000000
321.066667,0.000000
321.1,0.000000
321.133333,0.000000
321.166667,0.000000
321.2,0.000000
321.233333,0.000000
321.266667,0.000000
321.3,0.000000
321.333333,0.000000
321.366667,0.000000
321.4,0.000000
321.433333,0.040938
321.466667,0.000018
321.5,0.000008
321.533333,0.000002
321.566667,0.000000
321.6,0.000000
321.633333,0.000000
321.666667,0.000000
321.7,0.000000
321.733333,0.000000
321.766667,0.000000
321.8,0.000000
321.833333,0.000000
321.866667,0.000000
321.9,0.000000
321.933333,0.000000
321.966667,0.000000
322,0.000000
322.033333,0.000000
322.066667,0.000000
322.1,0.000000
322.133333,0.000000
322.166667,0.000000
322.2,0.000000
322.233333,0.000000
322.266667,0.000000
322.3,0.000000
322.333333,0.000000
322.366667,0.000000
322.4,0.000000
322.433333,0.000000
322.466667,0.000000
322.5,0.000000
322.533333,0.000000
322.566667,0.000000
322.6,0.000000
322.633333,0.000000
322.666667,0.000000
322.7,0.000000
322.733333,0.000000
322.766667,0.000000
322.8,0.000000
322.833333,0.000000
322.866667,0.000000
322.9,0.000000
322.933333,0.000000
322.966667,0.000000
323,0.000000
323.033333,0.000000
323.066667,0.000000
323.1,0.000000
323.133333,0.000000
323.166667,0.000000
323.2,0.116599
323.233333,0.001891
323.266667,0.031558
323.3,0.002359
323.333333,0.000301
323.366667,0.000318
323.4,0.000567
323.433333,0.000611
323.466667,0.000475
323.5,0.000346
323.533333,0.000344
323.566667,0.000014
323.6,0.000016
323.633333,0.000048
323.666667,0.000043
323.7,0.000058
323.733333,0.000178
323.766667,0.000082
323.8,0.000036
323.833333,0.000008
323.866667,0.000001
323.9,0.000000
323.933333,0.000000
323.966667,0.000000
324,0.000000
324.033333,0.000000
324.066667,0.000000
324.1,0.000000
324.133333,0.000000
324.166667,0.000000
324.2,0.000000
324.233333,0.000000
324.266667,0.000000
324.3,0.000000
324.333333,0.000000
324.366667,0.000000
324.4,0.000000
324.433333,0.000000
324.466667,0.000000
324.5,0.000000
324.533333,0.024136
324.566667,0.000052
324.6,0.000012
324.633333,0.000002
324.666667,0.000000
324.7,0.000000
324.733333,0.001847
324.766667,0.000042
324.8,0.000006
324.833333,0.000025
324.866667,0.000006
324.9,0.000026
324.933333,0.000024
324.966667,0.000018
325,0.000030
325.033333,0.000034
325.066667,0.000280
325.1,0.000219
325.133333,0.000038
325.166667,0.000304
325.2,0.000234
325.233333,0.000725
325.266667,0.000234
325.3,0.000149
325.333333,0.000026
325.366667,0.000010
325.4,0.000017
325.433333,0.000145
325.466667,0.000161
325.5,0.000012
325.533333,0.000002
325.566667,0.000001
325.6,0.000005
325.633333,0.000005
325.666667,0.000002
325.7,0.000017
325.733333,0.000063
325.766667,0.000022
325.8,0.000004
325.833333,0.001038
325.866667,0.000015
325.9,0.000057
325.933333,0.000040
325.966667,0.000009
326,0.000035
326.033333,0.000041
326.066667,0.000032
326.1,0.000078
326.133333,0.000045
326.166667,0.000086
326.2,0.000042
326.233333,0.000069
326.266667,0.029987
326.3,0.001406
326.333333,0.000171
326.366667,0.000081
326.4,0.000040
326.433333,0.000002
326.466667,0.001101
326.5,0.000336
326.533333,0.000018
326.566667,0.000069
326.6,0.000057
326.633333,0.000055
326.666667,0.000027
326.7,0.000045
326.733333,0.000013
326.766667,0.000027
326.8,0.000007
326.833333,0.000010
326.866667,0.000024
326.9,0.000011
326.933333,0.000031
326.966667,0.000062
327,0.000022
327.033333,0.000004
327.066667,0.000001
327.1,0.000000
327.133333,0.000000
327.166667,0.000000
327.2,0.000000
327.233333,0.000000
327.266667,0.000000
327.3,0.000000
327.333333,0.000000
327.366667,0.000000
327.4,0.000000
327.433333,0.000000
327.466667,0.000000
327.5,0.000000
327.533333,0.000000
327.566667,0.000000
327.6,0.028414
327.633333,0.000048
327.666667,0.000011
327.7,0.000002
327.733333,0.000000
327.766667,0.000000
327.8,0.000000
327.833333,0.000000
327.866667,0.000000
327.9,0.000000
327.933333,0.000000
327.966667,0.000000
328,0.001208
328.033333,0.000046
328.066667,0.000014
328.1,0.000004
328.133333,0.000001
328.166667,0.000000
328.2,0.000000
328.233333,0.000000
328.266667,0.000000
328.3,0.000000
328.333333,0.000000
328.366667,0.000000
328.4,0.000000
328.433333,0.000000
328.466667,0.000000
328.5,0.000000
328.533333,0.000000
328.566667,0.000000
328.6,0.000000
328.633333,0.000000
328.666667,0.000000
328.7,0.000000
328.733333,0.000000
328.766667,0.000000
328.8,0.000000
328.833333,0.000000
328.866667,0.000000
328.9,0.000000
328.933333,0.000000
328.966667,0.000000
329,0.000000
329.033333,0.000000
329.066667,0.000000
329.1,0.000000
329.133333,0.000000
329.166667,0.000000
329.2,0.000000
329.233333,0.000000
329.266667,0.000000
329.3,0.000000
329.333333,0.000000
329.366667,0.000000
329.4,0.000000
329.433333,0.000000
329.466667,0.000000
329.5,0.000000
329.533333,0.000000
329.566667,0.000000
329.6,0.020985
329.633333,0.000023
329.666667,0.000010
329.7,0.000002
329.733333,0.000000
329.766667,0.000000
329.8,0.000000
329.833333,0.000000
329.866667,0.000000
329.9,0.000000
329.933333,0.000000
329.966667,0.000000
330,0.000000
330.033333,0.000000
330.066667,0.000000
330.1,0.000000
330.133333,0.000000
330.166667,0.000000
330.2,0.000000
330.233333,0.000000
330.266667,0.000000
330.3,0.000000
330.333333,0.000000
330.366667,0.000000
330.4,0.000000
330.433333,0.000000
330.466667,0.000000
330.5,0.000000
330.533333,0.000000
330.566667,0.000000
330.6,0.000000
330.633333,0.000000
330.666667,0.000000
330.7,0.000000
330.733333,0.000000
330.766667,0.000000
330.8,0.000000
330.833333,0.000000
330.866667,0.000000
330.9,0.057378
330.933333,0.000029
330.966667,0.000014
331,0.000003
331.033333,0.000000
331.066667,0.000000
331.1,0.000000
331.133333,0.000000
331.166667,0.000000
331.2,0.000000
331.233333,0.000000
331.266667,0.000000
331.3,0.000000
331.333333,0.000000
331.366667,0.000000
331.4,0.000000
331.433333,0.000000
331.466667,0.000000
331.5,0.000000
331.533333,0.000000
331.566667,0.000000
331.6,0.000000
331.633333,0.000000
331.666667,0.000000
331.7,0.000000
331.733333,0.000000
331.766667,0.000000
331.8,0.000000
331.833333,0.000000
331.866667,0.000000
331.9,0.000000
331.933333,0.000000
331.966667,0.000000
332,0.000000
332.033333,0.000000
332.066667,0.000000
332.1,0.000000
332.133333,0.000000
332.166667,0.000000
332.2,0.000000
332.233333,0.000000
332.266667,0.000000
332.3,0.000000
332.333333,0.000000
332.366667,0.000000
332.4,0.000000
332.433333,0.000000
332.466667,0.000000
332.5,0.000000
332.533333,0.000000
332.566667,0.000000
332.6,0.000000
332.633333,0.000000
332.666667,0.000000
332.7,0.000000
332.733333,0.255508
332.766667,0.000002
332.8,0.000106
332.833333,0.000028
332.866667,0.000192
332.9,0.000063
332.933333,0.000020
332.966667,0.000004
333,0.000000
333.033333,0.000000
333.066667,0.000000
333.1,0.000000
333.133333,0.000000
333.166667,0.000000
333.2,0.000000
333.233333,0.000000
333.266667,0.000000
333.3,0.000000
333.333333,0.000000
333.366667,0.000000
333.4,0.000000
333.433333,0.000000
333.466667,0.000000
333.5,0.000000
333.533333,0.000000
333.566667,0.000000
333.6,0.000000
333.633333,0.000000
333.666667,0.000000
333.7,0.000000
333.733333,0.000000
333.766667,0.000000
333.8,0.000000
333.833333,0.000000
333.866667,0.000000
333.9,0.000000
333.933333,0.000000
333.966667,0.000000
334,0.000000
334.033333,0.000000
334.066667,0.000000
334.1,0.000000
334.133333,0.000000
334.166667,0.000000
334.2,0.000000
334.233333,0.000000
334.266667,0.000000
334.3,0.000000
334.333333,0.000000
334.366667,0.000000
334.4,0.000000
334.433333,0.000000
334.466667,0.000000
334.5,0.000000
334.533333,0.000000
334.566667,0.000000
334.6,0.000000
334.633333,0.000000
334.666667,0.000000
334.7,0.000000
334.733333,0.000000
334.766667,0.000000
334.8,0.000000
334.833333,0.000000
334.866667,0.000000
334.9,0.030708
334.933333,0.002216
334.966667,0.000000
335,0.000134
335.033333,0.000287
335.066667,0.000467
335.1,0.000545
335.133333,0.000440
335.166667,0.000244
335.2,0.000044
335.233333,0.000348
335.266667,0.000353
335.3,0.000200
335.333333,0.000076
335.366667,0.000007
335.4,0.000120
335.433333,0.000108
335.466667,0.000143
335.5,0.000063
335.533333,0.000181
335.566667,0.000021
335.6,0.000146
335.633333,0.000027
335.666667,0.000024
335.7,0.000252
335.733333,0.000369
335.766667,0.000403
335.8,0.000363
335.833333,0.000471
335.866667,0.000362
335.9,0.000263
335.933333,0.000136
335.966667,0.000415
336,0.000613
336.033333,0.000009
336.066667,0.000029
336.1,0.000012
336.133333,0.000002
336.166667,0.000001
336.2,0.000000
336.233333,0.000000
336.266667,0.000000
336.3,0.000000
336.333333,0.000000
336.366667,0.000000
336.4,0.000000
336.433333,0.000000
336.466667,0.000000
336.5,0.048198
336.533333,0.000019
336.566667,0.000007
336.6,0.002462
336.633333,0.000015
336.666667,0.000340
336.7,0.000494
336.733333,0.000416
336.766667,0.000412
336.8,0.000315
336.833333,0.000116
336.866667,0.000141
336.9,0.000132
336.933333,0.000294
336.966667,0.000289
337,0.000203
337.033333,0.000344
337.066667,0.000492
337.1,0.000289
337.133333,0.000235
337.166667,0.000134
337.2,0.000043
337.233333,0.000056
337.266667,0.000125
337.3,0.000147
337.333333,0.000085
337.366667,0.000329
337.4,0.000443
337.433333,0.000360
337.466667,0.000103
337.5,0.000029
337.533333,0.072140
337.566667,0.061212
337.6,0.059446
337.633333,0.000497
337.666667,0.001358
337.7,0.000015
337.733333,0.000547
337.766667,0.000110
337.8,0.001028
337.833333,0.003418
337.866667,0.003640
337.9,0.002186
337.933333,0.000594
337.966667,0.002593
338,0.000777
338.033333,0.000598
338.066667,0.003824
338.1,0.000352
338.133333,0.003509
338.166667,0.000008
338.2,0.000521
338.233333,0.002122
338.266667,0.000193
338.3,0.000374
338.333333,0.001226
338.366667,0.000058
338.4,0.000146
338.433333,0.000559
338.466667,0.000118
338.5,0.000056
338.533333,0.000066
338.566667,0.000011
338.6,0.000003
338.633333,0.000001
338.666667,0.000002
338.7,0.000001
338.733333,0.000001
338.766667,0.000000
338.8,0.000001
338.833333,0.000000
338.866667,0.000001
338.9,0.000001
338.933333,0.000001
338.966667,0.000001
339,0.000000
339.033333,0.000001
339.066667,0.000000
339.1,0.000001
339.133333,0.000000
339.166667,0.000000
339.2,0.000000
339.233333,0.000000
339.266667,0.000015
339.3,0.000001
339.333333,0.000000
339.366667,0.000000
339.4,0.000000
339.433333,0.000000
339.466667,0.000000
339.5,0.000000
339.533333,0.000000
339.566667,0.000000
339.6,0.041483
339.633333,0.000075
339.666667,0.000011
339.7,0.000002
339.733333,0.000000
339.766667,0.000000
339.8,0.000000
339.833333,0.000000
339.866667,0.000000
339.9,0.000000
339.933333,0.000000
339.966667,0.000000
340,0.000000
340.033333,0.000000
340.066667,0.000000
340.1,0.000000
340.133333,0.000000
340.166667,0.000000
340.2,0.000000
340.233333,0.000000
340.266667,0.000000
340.3,0.000000
340.333333,0.000000
340.366667,0.000000
340.4,0.000000
340.433333,0.000000
340.466667,0.000000
340.5,0.000000
340.533333,0.000000
340.566667,0.000000
340.6,0.000000
340.633333,0.000000
340.666667,0.000000
340.7,0.000000
340.733333,0.000000
340.766667,0.000000
340.8,0.000000
340.833333,0.000000
340.866667,0.000000
340.9,0.000000
340.933333,0.000000
340.966667,0.000000
341,0.196794
341.033333,0.000003
341.066667,0.000138
341.1,0.000021
341.133333,0.000286
341.166667,0.000030
341.2,0.000049
341.233333,0.000025
341.266667,0.000005
341.3,0.000000
341.333333,0.000000
341.366667,0.000000
341.4,0.000000
341.433333,0.000000
341.466667,0.000000
341.5,0.000000
341.533333,0.000000
341.566667,0.000000
341.6,0.000000
341.633333,0.000000
341.666667,0.000000
341.7,0.000000
341.733333,0.000000
341.766667,0.000000
341.8,0.000000
341.833333,0.000000
341.866667,0.000000
341.9,0.000000
341.933333,0.000000
341.966667,0.000000
342,0.000000
342.033333,0.000000
342.066667,0.000000
342.1,0.000000
342.133333,0.000000
342.166667,0.000000
342.2,0.000000
342.233333,0.000000
342.266667,0.000000
342.3,0.000000
342.333333,0.000000
342.366667,0.000000
342.4,0.000000
342.433333,0.000000
342.466667,0.000000
342.5,0.000000
342.533333,0.000000
342.566667,0.000000
342.6,0.000000
342.633333,0.000000
342.666667,0.000000
342.7,0.000000
342.733333,0.000000
342.766667,0.000000
342.8,0.000096
342.833333,0.000068
342.866667,0.000043
342.9,0.000015
342.933333,0.000021
342.966667,0.000011
343,0.000008
343.033333,0.040357
343.066667,0.000131
343.1,0.000064
343.133333,0.000034
343.166667,0.000060
343.2,0.000001
343.233333,0.000004
343.266667,0.000001
343.3,0.000001
343.333333,0.000001
343.366667,0.000001
343.4,0.000001
343.433333,0.000002
343.466667,0.000000
343.5,0.000000
343.533333,0.000003
343.566667,0.000000
343.6,0.000001
343.633333,0.000010
343.666667,0.000002
343.7,0.000002
343.733333,0.000003
343.766667,0.000001
343.8,0.000024
343.833333,0.000001
343.866667,0.000000
343.9,0.000000
343.933333,0.000000
343.966667,0.000000
344,0.001097
344.033333,0.000056
344.066667,0.000017
344.1,0.000005
344.133333,0.000001
344.166667,0.000000
344.2,0.000000
344.233333,0.000000
344.266667,0.000000
344.3,0.000000
344.333333,0.000000
344.366667,0.000000
344.4,0.000000
344.433333,0.000000
344.466667,0.000000
344.5,0.000000
344.533333,0.000000
344.566667,0.000000
344.6,0.000000
344.633333,0.000000
344.666667,0.000000
344.7,0.000000
344.733333,0.000000
344.766667,0.000000
344.8,0.039425
344.833333,0.000030
344.866667,0.000015
344.9,0.000003
344.933333,0.000000
344.966667,0.000000
345,0.000000
345.033333,0.000000
345.066667,0.000000
345.1,0.000000
345.133333,0.000000
345.166667,0.000000
345.2,0.000000
345.233333,0.000000
345.266667,0.000000
345.3,0.000000
345.333333,0.000000
345.366667,0.000000
345.4,0.000000
345.433333,0.000000
345.466667,0.000000
345.5,0.000000
345.533333,0.000000
345.566667,0.000000
345.6,0.000000
345.633333,0.000000
345.666667,0.000000
345.7,0.000000
345.733333,0.000000
345.766667,0.000000
345.8,0.000000
345.833333,0.000000
345.866667,0.000000
345.9,0.000000
345.933333,0.000000
345.966667,0.000000
346,0.000000
346.033333,0.000000
346.066667,0.000000
346.1,0.000000
346.133333,0.000000
346.166667,0.000000
346.2,0.000000
346.233333,0.000000
346.266667,0.202012
346.3,0.000004
346.333333,0.000136
346.366667,0.000034
346.4,0.000265
346.433333,0.000122
346.466667,0.000077
346.5,0.000049
346.533333,0.000032
346.566667,0.000002
346.6,0.000002
346.633333,0.000001
346.666667,0.000003
346.7,0.000002
346.733333,0.000002
346.766667,0.000004
346.8,0.000006
346.833333,0.000004
346.866667,0.000011
346.9,0.000014
346.933333,0.000034
346.966667,0.000164
347,0.000049
347.033333,0.028647
347.066667,0.000058
347.1,0.000008
347.133333,0.000001
347.166667,0.000000
347.2,0.000000
347.233333,0.000000
347.266667,0.000000
347.3,0.000000
347.333333,0.000000
347.366667,0.000000
347.4,0.000000
347.433333,0.000000
347.466667,0.000000
347.5,0.000000
347.533333,0.000000
347.566667,0.000000
347.6,0.000000
347.633333,0.000000
347.666667,0.000000
347.7,0.000000
347.733333,0.000000
347.766667,0.000000
347.8,0.000000
347.833333,0.000000
347.866667,0.000000
347.9,0.000000
347.933333,0.000000
347.966667,0.000000
348,0.000000
348.033333,0.000000
348.066667,0.000000
348.1,0.057889
348.133333,0.000072
348.166667,0.000018
348.2,0.000002
348.233333,0.000000
348.266667,0.000000
348.3,0.000000
348.333333,0.000000
348.366667,0.000000
348.4,0.000000
348.433333,0.000000
348.466667,0.000000
348.5,0.000000
348.533333,0.000000
348.566667,0.000000
348.6,0.000000
348.633333,0.000000
348.666667,0.000000
348.7,0.000000
348.733333,0.000000
348.766667,0.000000
348.8,0.000000
348.833333,0.000000
348.866667,0.000000
348.9,0.000000
348.933333,0.000000
348.966667,0.000000
349,0.000000
349.033333,0.000000
349.066667,0.000000
349.1,0.000000
349.133333,0.000000
349.166667,0.000000
349.2,0.000000
349.233333,0.000000
349.266667,0.000000
349.3,0.000000
349.333333,0.000000
349.366667,0.000000
349.4,0.000000
349.433333,0.000000
349.466667,0.000000
349.5,0.000000
349.533333,0.000000
349.566667,0.000000
349.6,0.000000
349.633333,0.000000
349.666667,0.000000
349.7,0.000000
349.733333,0.147550
349.766667,0.000026
349.8,0.000008
349.833333,0.000003
349.866667,0.000000
349.9,0.000000
349.933333,0.000000
349.966667,0.000000
350,0.000000
350.033333,0.000000
350.066667,0.000000
350.1,0.000000
350.133333,0.000000
350.166667,0.000000
350.2,0.000000
350.233333,0.000000
350.266667,0.000000
350.3,0.000000
350.333333,0.000000
350.366667,0.000000
350.4,0.000000
350.433333,0.000000
350.466667,0.000000
350.5,0.000000
350.533333,0.000000
350.566667,0.000000
350.6,0.000000
350.633333,0.000000
350.666667,0.000000
350.7,0.000000
350.733333,0.000000
350.766667,0.000000
350.8,0.000000
350.833333,0.000000
350.866667,0.000000
350.9,0.000000
350.933333,0.000000
350.966667,0.000000
351,0.000000
351.033333,0.000000
351.066667,0.000000
351.1,0.000000
351.133333,0.000000
351.166667,0.000000
351.2,0.000000
351.233333,0.034381
351.266667,0.000012
351.3,0.000005
351.333333,0.000001
351.366667,0.000000
351.4,0.000000
351.433333,0.000000
351.466667,0.000000
351.5,0.000000
351.533333,0.000000
351.566667,0.000000
351.6,0.000000
351.633333,0.000000
351.666667,0.000000
351.7,0.000000
351.733333,0.000000
351.766667,0.000000
351.8,0.000000
351.833333,0.000000
351.866667,0.000000
351.9,0.000000
351.933333,0.000000
351.966667,0.000000
352,0.000106
352.033333,0.000005
352.066667,0.000001
352.1,0.000001
352.133333,0.000000
352.166667,0.000000
352.2,0.000000
352.233333,0.000000
352.266667,0.000000
352.3,0.000000
352.333333,0.000000
352.366667,0.000000
352.4,0.031095
352.433333,0.000012
352.466667,0.000003
352.5,0.000001
352.533333,0.000000
352.566667,0.000000
352.6,0.000000
352.633333,0.000000
352.666667,0.000000
352.7,0.000000
352.733333,0.000000
352.766667,0.000000
352.8,0.000000
352.833333,0.000000
352.866667,0.000000
352.9,0.000000
352.933333,0.000000
352.966667,0.000000
353,0.000000
353.033333,0.000000
353.066667,0.000000
353.1,0.000000
353.133333,0.000000
353.166667,0.000000
353.2,0.000000
353.233333,0.000000
353.266667,0.000000
353.3,0.000000
353.333333,0.000000
353.366667,0.000000
353.4,0.000000
353.433333,0.000000
353.466667,0.000000
353.5,0.000000
353.533333,0.000000
353.566667,0.000000
353.6,0.043870
353.633333,0.000017
353.666667,0.000005
353.7,0.000002
353.733333,0.000000
353.766667,0.000000
353.8,0.000000
353.833333,0.000000
353.866667,0.000000
353.9,0.000000
353.933333,0.000000
353.966667,0.000000
354,0.000000
354.033333,0.000000
354.066667,0.000000
354.1,0.000000
354.133333,0.000000
354.166667,0.000000
354.2,0.000000
354.233333,0.000000
354.266667,0.000000
354.3,0.000000
354.333333,0.000000
354.366667,0.000000
354.4,0.000000
354.433333,0.000000
354.466667,0.000000
354.5,0.000000
354.533333,0.000000
354.566667,0.000000
354.6,0.000000
354.633333,0.000000
354.666667,0.000000
354.7,0.000000
354.733333,0.000000
354.766667,0.000000
354.8,0.000000
354.833333,0.000000
354.866667,0.000000
354.9,0.000000
354.933333,0.000000
354.966667,0.000000
355,0.000000
355.033333,0.000000
355.066667,0.000000
355.1,0.000000
355.133333,0.000000
355.166667,0.000000
355.2,0.000000
355.233333,0.000000
355.266667,0.000000
355.3,0.000000
355.333333,0.000000
355.366667,0.071574
355.4,0.000027
355.433333,0.000007
355.466667,0.000003
355.5,0.000000
355.533333,0.000000
355.566667,0.000000
355.6,0.000000
355.633333,0.000000
355.666667,0.000000
355.7,0.000000
355.733333,0.000000
355.766667,0.000000
355.8,0.000000
355.833333,0.002463
355.866667,0.000135
355.9,0.000070
355.933333,0.000098
355.966667,0.000192
356,0.000079
356.033333,0.000113
356.066667,0.000076
356.1,0.000080
356.133333,0.000005
356.166667,0.000052
356.2,0.000226
356.233333,0.000237
356.266667,0.000390
356.3,0.000318
356.333333,0.000143
356.366667,0.000009
356.4,0.000023
356.433333,0.000198
356.466667,0.000786
356.5,0.000263
356.533333,0.000396
356.566667,0.000191
356.6,0.000072
356.633333,0.000010
356.666667,0.000111
356.7,0.000020
356.733333,0.000000
356.766667,0.000000
356.8,0.000000
356.833333,0.000000
356.866667,0.000000
356.9,0.000000
356.933333,0.000000
356.966667,0.000000
357,0.000000
357.033333,0.000000
357.066667,0.000000
357.1,0.000000
357.133333,0.000000
357.166667,0.000000
357.2,0.000000
357.233333,0.000000
357.266667,0.000000
357.3,0.000000
357.333333,0.000000
357.366667,0.000000
357.4,0.000000
357.433333,0.000000
357.466667,0.000000
357.5,0.000000
357.533333,0.000000
357.566667,0.000000
357.6,0.000000
357.633333,0.000000
357.666667,0.057903
357.7,0.001670
357.733333,0.000545
357.766667,0.000508
357.8,0.000343
357.833333,0.000209
357.866667,0.000143
357.9,0.000016
357.933333,0.000038
357.966667,0.000017
358,0.000009
358.033333,0.000017
358.066667,0.000017
358.1,0.000015
358.133333,0.000004
358.166667,0.000004
358.2,0.000034
358.233333,0.000126
358.266667,0.000113
358.3,0.000053
358.333333,0.000074
358.366667,0.000100
358.4,0.000028
358.433333,0.000045
358.466667,0.000013
358.5,0.000006
358.533333,0.000028
358.566667,0.000017
358.6,0.000021
358.633333,0.000022
358.666667,0.000195
358.7,0.000232
358.733333,0.000082
358.766667,0.000032
358.8,0.000008
358.833333,0.000001
358.866667,0.000000
358.9,0.000000
358.933333,0.000000
358.966667,0.000000
359,0.000000
359.033333,0.000000
359.066667,0.000000
359.1,0.000000
359.133333,0.000000
359.166667,0.000000
359.2,0.000000
359.233333,0.000000
359.266667,0.000000
359.3,0.000000
359.333333,0.000000
359.366667,0.000000
359.4,0.000000
359.433333,0.000000
359.466667,0.000000
359.5,0.000000
359.533333,0.034015
359.566667,0.000036
359.6,0.000011
359.633333,0.000001
359.666667,0.000000
359.7,0.000000
359.733333,0.000000
359.766667,0.000000
359.8,0.000000
359.833333,0.000000
359.866667,0.000000
359.9,0.000000
359.933333,0.000000
359.966667,0.000000
360,0.000645
360.033333,0.000154
360.066667,0.000203
360.1,0.000047
360.133333,0.000022
360.166667,0.000025
360.2,0.000034
360.233333,0.000051
360.266667,0.000031
360.3,0.000031
360.333333,0.000169
360.366667,0.000129
360.4,0.000189
360.433333,0.000023
360.466667,0.000029
360.5,0.000060
360.533333,0.000008
360.566667,0.000003
360.6,0.000024
360.633333,0.000024
360.666667,0.000002
360.7,0.000013
360.733333,0.000018
360.766667,0.000041
360.8,0.000020
360.833333,0.000015
360.866667,0.000008
360.9,0.000035
360.933333,0.000099
360.966667,0.000263
361,0.135640
361.033333,0.000002
361.066667,0.000185
361.1,0.000753
361.133333,0.000002
361.166667,0.000094
361.2,0.000407
361.233333,0.000183
361.266667,0.000084
361.3,0.000040
361.333333,0.000004
361.366667,0.000000
361.4,0.000000
361.433333,0.000000
361.466667,0.000000
361.5,0.000000
361.533333,0.000000
361.566667,0.000000
361.6,0.000000
361.633333,0.000000
361.666667,0.000000
361.7,0.000000
361.733333,0.000000
361.766667,0.000000
361.8,0.000000
361.833333,0.000000
361.866667,0.000000
361.9,0.000000
361.933333,0.000000
361.966667,0.000000
362,0.000000
362.033333,0.000000
362.066667,0.001583
362.1,0.000042
362.133333,0.056647
362.166667,0.000060
362.2,0.000015
362.233333,0.000002
362.266667,0.000000
362.3,0.000000
362.333333,0.000000
362.366667,0.000000
362.4,0.000000
362.433333,0.000000
362.466667,0.000000
362.5,0.000000
362.533333,0.000000
362.566667,0.000000
362.6,0.000000
362.633333,0.000000
362.666667,0.000000
362.7,0.000000
362.733333,0.000161
362.766667,0.000081
362.8,0.000023
362.833333,0.000008
362.866667,0.000006
362.9,0.000005
362.933333,0.000003
362.966667,0.000003
363,0.000332
363.033333,0.000161
363.066667,0.000044
363.1,0.000022
363.133333,0.000013
363.166667,0.000008
363.2,0.000009
363.233333,0.000004
363.266667,0.000006
363.3,0.000002
363.333333,0.000004
363.366667,0.000003
363.4,0.000002
363.433333,0.000003
363.466667,0.000002
363.5,0.000002
363.533333,0.000001
363.566667,0.000002
363.6,0.000002
363.633333,0.000001
363.666667,0.000001
363.7,0.000001
363.733333,0.000045
363.766667,0.000001
363.8,0.000000
363.833333,0.000000
363.866667,0.000319
363.9,0.000090
363.933333,0.000002
363.966667,0.000104
364,0.048734
364.033333,0.000616
364.066667,0.000057
364.1,0.000229
364.133333,0.000085
364.166667,0.000166
364.2,0.000060
364.233333,0.000157
364.266667,0.000247
364.3,0.000225
364.333333,0.000135
364.366667,0.000295
364.4,0.000044
364.433333,0.001346
364.466667,0.000043
364.5,0.000002
364.533333,0.000000
364.566667,0.000000
364.6,0.000000
364.633333,0.000000
364.666667,0.000000
364.7,0.000000
364.733333,0.000000
364.766667,0.000000
364.8,0.000000
364.833333,0.000000
364.866667,0.000000
364.9,0.000000
364.933333,0.000000
364.966667,0.000000
365,0.000000
365.033333,0.000000
365.066667,0.000000
365.1,0.000000
365.133333,0.000000
365.166667,0.000000
365.2,0.000000
365.233333,0.000000
365.266667,0.000000
365.3,0.000000
365.333333,0.000000
365.366667,0.000000
365.4,0.000000
365.433333,0.000307
365.466667,0.000129
365.5,0.046197
365.533333,0.000166
365.566667,0.000016
365.6,0.000012
365.633333,0.000002
365.666667,0.000005
365.7,0.000002
365.733333,0.000002
365.766667,0.000003
365.8,0.000001
365.833333,0.000001
365.866667,0.000001
365.9,0.000000
365.933333,0.000001
365.966667,0.000002
366,0.000000
366.033333,0.000000
366.066667,0.000004
366.1,0.000003
366.133333,0.000003
366.166667,0.000002
366.2,0.000007
366.233333,0.000008
366.266667,0.000011
366.3,0.000016
366.333333,0.000038
366.366667,0.000057
366.4,0.000058
366.433333,0.000044
366.466667,0.000002
366.5,0.000000
366.533333,0.000000
366.566667,0.000000
366.6,0.000000
366.633333,0.000000
366.666667,0.000000
366.7,0.000000
366.733333,0.000000
366.766667,0.000000
366.8,0.000000
366.833333,0.000000
366.866667,0.000000
366.9,0.000000
366.933333,0.000000
366.966667,0.000000
367,0.000000
367.033333,0.000000
367.066667,0.000000
367.1,0.000000
367.133333,0.000000
367.166667,0.000000
367.2,0.000000
367.233333,0.000000
367.266667,0.000000
367.3,0.000000
367.333333,0.000059
367.366667,0.134634
367.4,0.039546
367.433333,0.010694
367.466667,0.002668
367.5,0.003379
367.533333,0.006512
367.566667,0.007953
367.6,0.009821
367.633333,0.000795
367.666667,0.008025
367.7,0.007539
367.733333,0.005215
367.766667,0.008313
367.8,0.002538
367.833333,0.013598
367.866667,0.011637
367.9,0.004671
367.933333,0.001073
367.966667,0.004544
368,0.010867
368.033333,0.009846
368.066667,0.003303
368.1,0.001153
368.133333,0.006997
368.166667,0.010804
368.2,0.012527
368.233333,0.000410
368.266667,0.008314
368.3,0.007945
368.333333,0.007865
368.366667,0.010422
368.4,0.001456
368.433333,0.014954
368.466667,0.014269
368.5,0.006948
368.533333,0.002863
368.566667,0.005264
368.6,0.014727
368.633333,0.061905
368.666667,0.054142
368.7,0.001078
368.733333,0.007102
368.766667,0.013953
368.8,0.013418
368.833333,0.002377
368.866667,0.005881
368.9,0.007123
368.933333,0.009938
368.966667,0.012608
369,0.000602
369.033333,0.016197
369.066667,0.014765
369.1,0.009634
369.133333,0.004700
369.166667,0.004836
369.2,0.015197
369.233333,0.014577
369.266667,0.008576
369.3,0.003686
369.333333,0.006986
369.366667,0.015966
369.4,0.014790
369.433333,0.004511
369.466667,0.004077
369.5,0.006198
369.533333,0.010696
369.566667,0.011925
369.6,0.000494
369.633333,0.014477
369.666667,0.013938
369.7,0.012248
369.733333,0.009004
369.766667,0.003437
369.8,0.015529
369.833333,0.014639
369.866667,0.008556
369.9,0.004780
369.933333,0.006429
369.966667,0.015912
370,0.014665
370.033333,0.005020
370.066667,0.001889
370.1,0.005514
370.133333,0.011962
370.166667,0.011239
370.2,0.002504
370.233333,0.010476
370.266667,0.011572
370.3,0.011885
370.333333,0.010339
370.366667,0.002617
370.4,0.014573
370.433333,0.013779
370.466667,0.009983
370.5,0.007144
370.533333,0.005392
370.566667,0.016759
370.6,0.014907
370.633333,0.049004
370.666667,0.048231
370.7,0.000396
370.733333,0.003326
370.766667,0.000922
370.8,0.000529
370.833333,0.002611
370.866667,0.001064
370.9,0.001600
370.933333,0.000755
370.966667,0.001025
371,0.000691
371.033333,0.000700
371.066667,0.000613
371.1,0.000326
371.133333,0.000164
371.166667,0.000266
371.2,0.000120
371.233333,0.000102
371.266667,0.000189
371.3,0.000129
371.333333,0.000464
371.366667,0.000363
371.4,0.000122
371.433333,0.000043
371.466667,0.000103
371.5,0.000346
371.533333,0.000225
371.566667,0.000093
371.6,0.000040
371.633333,0.000003
371.666667,0.000000
371.7,0.000000
371.733333,0.000000
371.766667,0.000000
371.8,0.000000
371.833333,0.000000
371.866667,0.000000
371.9,0.000000
371.933333,0.000000
371.966667,0.000000
372,0.000000
372.033333,0.000000
372.066667,0.000000
372.1,0.000000
372.133333,0.000000
372.166667,0.000001
372.2,0.040446
372.233333,0.000051
372.266667,0.000012
372.3,0.000002
372.333333,0.000000
372.366667,0.000000
372.4,0.000000
372.433333,0.000000
372.466667,0.000000
372.5,0.000000
372.533333,0.000000
372.566667,0.000000
372.6,0.000000
372.633333,0.000000
372.666667,0.000000
372.7,0.000000
372.733333,0.000000
372.766667,0.000000
372.8,0.000000
372.833333,0.000000
372.866667,0.000000
372.9,0.000000
372.933333,0.000000
372.966667,0.000000
373,0.000000
373.033333,0.000000
373.066667,0.000000
373.1,0.000000
373.133333,0.000000
373.166667,0.000000
373.2,0.000000
373.233333,0.000000
373.266667,0.000000
373.3,0.000000
373.333333,0.000000
373.366667,0.000000
373.4,0.000000
373.433333,0.000000
373.466667,0.000000
373.5,0.000000
373.533333,0.000000
373.566667,0.000000
373.6,0.000000
373.633333,0.000000
373.666667,0.000000
373.7,0.000000
373.733333,0.000000
373.766667,0.000000
373.8,0.000000
373.833333,0.054710
373.866667,0.000042
373.9,0.000006
373.933333,0.000001
373.966667,0.003978
374,0.001520
374.033333,0.002645
374.066667,0.000057
374.1,0.000067
374.133333,0.001532
374.166667,0.002654
374.2,0.000080
374.233333,0.001522
374.266667,0.002631
374.3,0.000070
374.333333,0.001529
374.366667,0.002661
374.4,0.000021
374.433333,0.001559
374.466667,0.002702
374.5,0.000098
374.533333,0.001741
374.566667,0.002516
374.6,0.001840
374.633333,0.002605
374.666667,0.001933
374.7,0.002816
374.733333,0.002287
374.766667,0.002889
374.8,0.000296
374.833333,0.000633
374.866667,0.084934
374.9,0.018468
374.933333,0.000317
374.966667,0.000400
375,0.000012
375.033333,0.000124
375.066667,0.000242
375.1,0.000070
375.133333,0.000030
375.166667,0.000007
375.2,0.000001
375.233333,0.000000
375.266667,0.000000
375.3,0.000000
375.333333,0.000000
375.366667,0.000000
375.4,0.000000
375.433333,0.000000
375.466667,0.000000
375.5,0.000000
375.533333,0.000000
375.566667,0.000000
375.6,0.000000
375.633333,0.000000
375.666667,0.000000
375.7,0.000000
375.733333,0.000000
375.766667,0.000000
375.8,0.000000
375.833333,0.000000
375.866667,0.000000
375.9,0.000000
375.933333,0.000000
375.966667,0.000000
376,0.000551
376.033333,0.000020
376.066667,0.000005
376.1,0.000002
376.133333,0.000000
376.166667,0.000000
376.2,0.000000
376.233333,0.000000
376.266667,0.000000
376.3,0.053113
376.333333,0.000020
376.366667,0.000007
376.4,0.000002
376.433333,0.000000
376.466667,0.000000
376.5,0.000000
376.533333,0.000000
376.566667,0.000000
376.6,0.000000
376.633333,0.000000
376.666667,0.000000
376.7,0.000000
376.733333,0.018305
376.766667,0.005227
376.8,0.003781
376.833333,0.000009
376.866667,0.000002
376.9,0.000000
376.933333,0.000000
376.966667,0.000000
377,0.000000
377.033333,0.000000
377.066667,0.000000
377.1,0.000000
377.133333,0.000000
377.166667,0.000000
377.2,0.000000
377.233333,0.000000
377.266667,0.000000
377.3,0.000000
377.333333,0.000000
377.366667,0.000000
377.4,0.000000
377.433333,0.000000
377.466667,0.000000
377.5,0.000000
377.533333,0.000000
377.566667,0.000000
377.6,0.000000
377.633333,0.000000
377.666667,0.000000
377.7,0.000000
377.733333,0.000000
377.766667,0.000000
377.8,0.000000
377.833333,0.000000
377.866667,0.000000
377.9,0.000000
377.933333,0.000000
377.966667,0.000000
378,0.028707
378.033333,0.000021
378.066667,0.000009
378.1,0.000002
378.133333,0.000000
378.166667,0.000000
378.2,0.000000
378.233333,0.000000
378.266667,0.000000
378.3,0.000000
378.333333,0.000000
378.366667,0.000000
378.4,0.000000
378.433333,0.000000
378.466667,0.000000
378.5,0.000000
378.533333,0.000000
378.566667,0.000000
378.6,0.000000
378.633333,0.000000
378.666667,0.000000
378.7,0.000000
378.733333,0.000000
378.766667,0.000000
378.8,0.000000
378.833333,0.000000
378.866667,0.000000
378.9,0.000000
378.933333,0.000000
378.966667,0.000000
379,0.000000
379.033333,0.000000
379.066667,0.000000
379.1,0.000000
379.133333,0.000000
379.166667,0.000000
379.2,0.000000
379.233333,0.000000
379.266667,0.000000
379.3,0.000000
379.333333,0.000000
379.366667,0.000000
379.4,0.000000
379.433333,0.000000
379.466667,0.000000
379.5,0.000000
379.533333,0.052011
379.566667,0.000016
379.6,0.000008
379.633333,0.000002
379.666667,0.000000
379.7,0.000000
379.733333,0.000000
379.766667,0.000000
379.8,0.000000
379.833333,0.000000
379.866667,0.000000
379.9,0.000000
379.933333,0.000000
379.966667,0.000000
380,0.000000
380.033333,0.000000
380.066667,0.000000
380.1,0.000000
380.133333,0.000000
380.166667,0.000000
380.2,0.000000
380.233333,0.000000
380.266667,0.000000
380.3,0.000000
380.333333,0.000000
380.366667,0.000000
380.4,0.000000
380.433333,0.000000
380.466667,0.000000
380.5,0.000000
380.533333,0.000000
380.566667,0.000000
380.6,0.000000
380.633333,0.000000
380.666667,0.000000
380.7,0.000000
380.733333,0.000000
380.766667,0.000000
380.8,0.168763
380.833333,0.024036
380.866667,0.000070
380.9,0.000517
380.933333,0.000000
380.966667,0.000046
381,0.000134
381.033333,0.000077
381.066667,0.000020
381.1,0.000005
381.133333,0.000000
381.166667,0.000000
381.2,0.000000
381.233333,0.000000
381.266667,0.000000
381.3,0.000000
381.333333,0.000000
381.366667,0.000000
381.4,0.000000
381.433333,0.000000
381.466667,0.000000
381.5,0.000000
381.533333,0.000000
381.566667,0.000000
381.6,0.000000
381.633333,0.000000
381.666667,0.056633
381.7,0.000072
381.733333,0.000015
381.766667,0.000003
381.8,0.000000
381.833333,0.000000
381.866667,0.000000
381.9,0.000000
381.933333,0.000000
381.966667,0.000000
382,0.000000
382.033333,0.000000
382.066667,0.000000
382.1,0.000000
382.133333,0.000000
382.166667,0.000000
382.2,0.000000
382.233333,0.000000
382.266667,0.000000
382.3,0.000000
382.333333,0.000000
382.366667,0.000000
382.4,0.000000
382.433333,0.000000
382.466667,0.000000
382.5,0.000000
382.533333,0.000000
382.566667,0.000000
382.6,0.000000
382.633333,0.000000
382.666667,0.000000
382.7,0.000000
382.733333,0.000000
382.766667,0.000000
382.8,0.000000
382.833333,0.000000
382.866667,0.000000
382.9,0.000000
382.933333,0.000000
382.966667,0.000000
383,0.000000
383.033333,0.000000
383.066667,0.000000
383.1,0.000000
383.133333,0.000000
383.166667,0.000000
383.2,0.000000
383.233333,0.000000
383.266667,0.000000
383.3,1.000000
383.333333,0.000003
383.366667,0.000091
383.4,0.000022
383.433333,0.000161
383.466667,0.000050
383.5,0.000016
383.533333,0.000004
383.566667,0.000000
383.6,0.000000
383.633333,0.000000
383.666667,0.000000
383.7,0.000000
383.733333,0.000000
383.766667,0.000000
383.8,0.000000
383.833333,0.000000
383.866667,0.000000
383.9,0.000000
383.933333,0.000000
383.966667,0.000000
384,0.000670
384.033333,0.000031
384.066667,0.000008
384.1,0.000003
384.133333,0.000000
384.166667,0.000000
384.2,0.000000
384.233333,0.000000
384.266667,0.000000
384.3,0.000000
384.333333,0.000000
384.366667,0.000000
384.4,0.000000
384.433333,0.000000
384.466667,0.000000
384.5,0.000000
384.533333,0.000000
384.566667,0.000000
384.6,0.000000
384.633333,0.000000
384.666667,0.000000
384.7,0.000000
384.733333,0.000000
384.766667,0.000000
384.8,0.000000
384.833333,0.000000
384.866667,0.000000
384.9,0.000000
384.933333,0.000000
384.966667,0.000000
385,0.000000
385.033333,0.000000
385.066667,0.000000
385.1,0.000000
385.133333,0.000000
385.166667,0.000000
385.2,0.000000
385.233333,0.000000
385.266667,0.000000
385.3,0.000000
385.333333,0.000000
385.366667,0.011373
385.4,0.000691
385.433333,0.000973
385.466667,0.000638
385.5,0.000114
385.533333,0.000703
385.566667,0.000638
385.6,0.000616
385.633333,0.000563
385.666667,0.000434
385.7,0.000343
385.733333,0.025579
385.766667,0.008135
385.8,0.002612
385.833333,0.003637
385.866667,0.003599
385.9,0.002703
385.933333,0.003234
385.966667,0.003158
386,0.003260
386.033333,0.003326
386.066667,0.003328
386.1,0.002852
386.133333,0.002830
386.166667,0.003164
386.2,0.003266
386.233333,0.002392
386.266667,0.002128
386.3,0.001993
386.333333,0.002535
386.366667,0.002135
386.4,0.000217
386.433333,0.001610
386.466667,0.000040
386.5,0.000603
386.533333,0.000497
386.566667,0.000035
386.6,0.000165
386.633333,0.000058
386.666667,0.000024
386.7,0.000005
386.733333,0.000000
386.766667,0.000000
386.8,0.000000
386.833333,0.000000
386.866667,0.000000
386.9,0.000000
386.933333,0.000000
386.966667,0.000000
387,0.000000
387.033333,0.000000
387.066667,0.023089
387.1,0.000039
387.133333,0.000010
387.166667,0.000001
387.2,0.000000
387.233333,0.000000
387.266667,0.000000
387.3,0.016149
387.333333,0.001572
387.366667,0.001317
387.4,0.000745
387.433333,0.000507
387.466667,0.000582
387.5,0.001298
387.533333,0.001372
387.566667,0.002476
387.6,0.002138
387.633333,0.003009
387.666667,0.002666
387.7,0.003178
387.733333,0.002101
387.766667,0.001240
387.8,0.001089
387.833333,0.002061
387.866667,0.001682
387.9,0.002323
387.933333,0.002205
387.966667,0.001495
388,0.001597
388.033333,0.003009
388.066667,0.002960
388.1,0.001617
388.133333,0.001471
388.166667,0.003476
388.2,0.035004
388.233333,0.006953
388.266667,0.000342
388.3,0.000081
388.333333,0.001774
388.366667,0.000463
388.4,0.000978
388.433333,0.000023
388.466667,0.000216
388.5,0.000348
388.533333,0.000113
388.566667,0.000046
388.6,0.000011
388.633333,0.000001
388.666667,0.000000
388.7,0.000000
388.733333,0.000000
388.766667,0.000000
388.8,0.000000
388.833333,0.000000
388.866667,0.000000
388.9,0.000000
388.933333,0.000000
388.966667,0.000000
389,0.000000
389.033333,0.000000
389.066667,0.000000
389.1,0.000000
389.133333,0.000000
389.166667,0.000000
389.2,0.000000
389.233333,0.000000
389.266667,0.000000
389.3,0.000000
389.333333,0.000000
389.366667,0.000000
389.4,0.000000
389.433333,0.000000
389.466667,0.000000
389.5,0.000000
389.533333,0.000000
389.566667,0.000000
389.6,0.000000
389.633333,0.000000
389.666667,0.000000
389.7,0.000000
389.733333,0.000000
389.766667,0.000000
389.8,0.000000
389.833333,0.000000
389.866667,0.000000
389.9,0.000000
389.933333,0.030901
389.966667,0.000042
390,0.000007
390.033333,0.000001
390.066667,0.000000
390.1,0.000000
390.133333,0.000000
390.166667,0.000000
390.2,0.000000
390.233333,0.000000
390.266667,0.000000
390.3,0.000000
390.333333,0.000000
390.366667,0.000000
390.4,0.000000
390.433333,0.000000
390.466667,0.000000
390.5,0.000000
390.533333,0.000000
390.566667,0.000000
390.6,0.000000
390.633333,0.000000
390.666667,0.000000
390.7,0.000000
390.733333,0.000000
390.766667,0.000000
390.8,0.000000
390.833333,0.000000
390.866667,0.000000
390.9,0.000000
390.933333,0.000000
390.966667,0.000000
391,0.000000
391.033333,0.000000
391.066667,0.000000
391.1,0.000000
391.133333,0.029744
391.166667,0.000045
391.2,0.000010
391.233333,0.000002
391.266667,0.000000
391.3,0.000000
391.333333,0.000000
391.366667,0.000000
391.4,0.000000
391.433333,0.000000
391.466667,0.000000
391.5,0.000000
391.533333,0.000000
391.566667,0.000000
391.6,0.000000
391.633333,0.000000
391.666667,0.000000
391.7,0.000000
391.733333,0.000000
391.766667,0.000000
391.8,0.000000
391.833333,0.000000
391.866667,0.000000
391.9,0.000000
391.933333,0.000000
391.966667,0.000000
392,0.000886
392.033333,0.000036
392.066667,0.000010
392.1,0.000003
392.133333,0.000000
392.166667,0.000000
392.2,0.000000
392.233333,0.000000
392.266667,0.000000
392.3,0.000000
392.333333,0.000000
392.366667,0.000000
392.4,0.000000
392.433333,0.000000
392.466667,0.000000
392.5,0.000000
392.533333,0.000000
392.566667,0.030335
392.6,0.000015
392.633333,0.000007
392.666667,0.000001
392.7,0.000000
392.733333,0.000000
392.766667,0.000000
392.8,0.000000
392.833333,0.000000
392.866667,0.000000
392.9,0.000000
392.933333,0.000000
392.966667,0.000000
393,0.000000
393.033333,0.000000
393.066667,0.000000
393.1,0.000000
393.133333,0.000000
393.166667,0.000000
393.2,0.000000
393.233333,0.000000
393.266667,0.000000
393.3,0.000000
393.333333,0.000000
393.366667,0.000000
393.4,0.000000
393.433333,0.000000
393.466667,0.000000
393.5,0.000000
393.533333,0.000000
393.566667,0.000000
393.6,0.000000
393.633333,0.000000
393.666667,0.836094
393.7,0.000004
393.733333,0.000173
393.766667,0.000028
393.8,0.000191
393.833333,0.000057
393.866667,0.000016
393.9,0.000006
393.933333,0.000001
393.966667,0.000000
394,0.000002
394.033333,0.000000
394.066667,0.000002
394.1,0.000002
394.133333,0.005954
394.166667,0.000050
394.2,0.000011
394.233333,0.000004
394.266667,0.000000
394.3,0.000000
394.333333,0.000000
394.366667,0.000000
394.4,0.000000
394.433333,0.000000
394.466667,0.000015
394.5,0.000015
394.533333,0.000012
394.566667,0.006309
394.6,0.000082
394.633333,0.000026
394.666667,0.000018
394.7,0.000011
394.733333,0.000001
394.766667,0.000003
394.8,0.000001
394.833333,0.000009
394.866667,0.000001
394.9,0.038966
394.933333,0.000049
394.966667,0.000010
395,0.000003
395.033333,0.005910
395.066667,0.000087
395.1,0.000026
395.133333,0.000010
395.166667,0.000017
395.2,0.000014
395.233333,0.000004
395.266667,0.000000
395.3,0.000001
395.333333,0.000010
395.366667,0.000010
395.4,0.000000
395.433333,0.000002
395.466667,0.004871
395.5,0.000041
395.533333,0.000078
395.566667,0.000023
395.6,0.000045
395.633333,0.000004
395.666667,0.000008
395.7,0.000002
395.733333,0.000002
395.766667,0.000000
395.8,0.000003
395.833333,0.000001
395.866667,0.000003
395.9,0.000004
395.933333,0.006344
395.966667,0.052538
396,0.026291
396.033333,0.012375
396.066667,0.019353
396.1,0.002025
396.133333,0.015127
396.166667,0.002041
396.2,0.001440
396.233333,0.000368
396.266667,0.000110
396.3,0.000143
396.333333,0.000247
396.366667,0.000666
396.4,0.000261
396.433333,0.003389
396.466667,0.002891
396.5,0.003567
396.533333,0.003053
396.566667,0.003716
396.6,0.000260
396.633333,0.000437
396.666667,0.000500
396.7,0.003742
396.733333,0.003183
396.766667,0.004525
396.8,0.001011
396.833333,0.002197
396.866667,0.004329
396.9,0.002556
396.933333,0.008133
396.966667,0.001607
397,0.000504
397.033333,0.000478
397.066667,0.000068
397.1,0.000327
397.133333,0.000088
397.166667,0.000073
397.2,0.000035
397.233333,0.000007
397.266667,0.002013
397.3,0.000036
397.333333,0.000008
397.366667,0.000000
397.4,0.000000
397.433333,0.000000
397.466667,0.000001
397.5,0.000001
397.533333,0.000000
397.566667,0.000000
397.6,0.000001
397.633333,0.000001
397.666667,0.041030
397.7,0.000047
397.733333,0.002420
397.766667,0.733764
397.8,0.000433
397.833333,0.000313
397.866667,0.000102
397.9,0.000178
397.933333,0.000015
397.966667,0.000017
398,0.000026
398.033333,0.000024
398.066667,0.000003
398.1,0.000006
398.133333,0.029052
398.166667,0.000519
398.2,0.000346
398.233333,0.000104
398.266667,0.000190
398.3,0.000001
398.333333,0.000004
398.366667,0.000028
398.4,0.000017
398.433333,0.000014
398.466667,0.000027
398.5,0.000030
398.533333,0.000043
398.566667,0.000035
398.6,0.022747
398.633333,0.000924
398.666667,0.000413
398.7,0.000324
398.733333,0.000296
398.766667,0.000827
398.8,0.000228
398.833333,0.000296
398.866667,0.000026
398.9,0.000014
398.933333,0.000000
398.966667,0.000005
399,0.000015
399.033333,0.000002
399.066667,0.020215
399.1,0.000339
399.133333,0.000459
399.166667,0.000025
399.2,0.000171
399.233333,0.000014
399.266667,0.000008
399.3,0.000003
399.333333,0.000008
399.366667,0.000022
399.4,0.000004
399.433333,0.000016
399.466667,0.000010
399.5,0.000020
399.533333,0.021400
399.566667,0.000528
399.6,0.000495
399.633333,0.000155
399.666667,0.000402
399.7,0.000271
399.733333,0.000025
399.766667,0.000438
399.8,0.040387
399.833333,0.000048
399.866667,0.000061
399.9,0.000032
399.933333,0.026116
399.966667,0.000033
400,0.002205
400.033333,0.000476
400.066667,0.000521
400.1,0.000015
400.133333,0.000030
400.166667,0.000038
400.2,0.000027
400.233333,0.000040
400.266667,0.000265
400.3,0.000365
400.333333,0.000344
400.366667,0.000358
400.4,0.019037
400.433333,0.000675
400.466667,0.000694
400.5,0.000524
400.533333,0.000908
400.566667,0.001394
400.6,0.000960
400.633333,0.000582
400.666667,0.000180
400.7,0.000036
400.733333,0.000042
400.766667,0.000045
400.8,0.000061
400.833333,0.000069
400.866667,0.016262
400.9,0.001312
400.933333,0.000844
400.966667,0.000120
401,0.000984
401.033333,0.000792
401.066667,0.000152
401.1,0.001409
401.133333,0.000038
401.166667,0.000134
401.2,0.000089
401.233333,0.000126
401.266667,0.000023
401.3,0.018090
401.333333,0.000032
401.366667,0.000224
401.4,0.000173
401.433333,0.000139
401.466667,0.000041
401.5,0.000012
401.533333,0.000000
401.566667,0.000000
401.6,0.000000
401.633333,0.000001
401.666667,0.000000
401.7,0.000001
401.733333,0.022012
401.766667,0.000034
401.8,0.000196
401.833333,0.000161
401.866667,0.000126
401.9,0.000041
401.933333,0.000008
401.966667,0.039952
402,0.000095
402.033333,0.000016
402.066667,0.000003
402.1,0.000000
402.133333,0.000000
402.166667,0.000000
402.2,0.018106
402.233333,0.000028
402.266667,0.000176
402.3,0.000153
402.333333,0.000124
402.366667,0.000031
402.4,0.000008
402.433333,0.000000
402.466667,0.000003
402.5,0.000002
402.533333,0.000002
402.566667,0.000001
402.6,0.000001
402.633333,0.000000
402.666667,0.016217
402.7,0.000031
402.733333,0.000190
402.766667,0.000128
402.8,0.000115
402.833333,0.000027
402.866667,0.000009
402.9,0.000000
402.933333,0.000001
402.966667,0.000001
403,0.000000
403.033333,0.000001
403.066667,0.000001
403.1,0.018134
403.133333,0.000036
403.166667,0.000221
403.2,0.000150
403.233333,0.000134
403.266667,0.000040
403.3,0.000010
403.333333,0.000000
403.366667,0.000000
403.4,0.000000
403.433333,0.000001
403.466667,0.000000
403.5,0.000000
403.533333,0.022164
403.566667,0.000034
403.6,0.000183
403.633333,0.000159
403.666667,0.044834
403.7,0.000110
403.733333,0.000026
403.766667,0.000005
403.8,0.000003
403.833333,0.000001
403.866667,0.000001
403.9,0.000000
403.933333,0.000000
403.966667,0.000000
404,0.018472
404.033333,0.000030
404.066667,0.000179
404.1,0.000137
404.133333,0.000113
404.166667,0.000026
404.2,0.000009
404.233333,0.000000
404.266667,0.000000
404.3,0.000001
404.333333,0.000000
404.366667,0.000000
404.4,0.000000
404.433333,0.016637
404.466667,0.000033
404.5,0.000197
404.533333,0.000126
404.566667,0.000117
404.6,0.000030
404.633333,0.000010
404.666667,0.000003
404.7,0.000002
404.733333,0.000000
404.766667,0.000002
404.8,0.000000
404.833333,0.000001
404.866667,0.000001
404.9,0.018654
404.933333,0.005628
404.966667,0.000390
405,0.000252
405.033333,0.000033
405.066667,0.000216
405.1,0.000113
405.133333,0.000021
405.166667,0.000003
405.2,0.000000
405.233333,0.000001
405.266667,0.000000
405.3,0.000001
405.333333,0.022834
405.366667,0.000037
405.4,0.000186
405.433333,0.000161
405.466667,0.000115
405.5,0.000032
405.533333,0.000008
405.566667,0.000000
405.6,0.000000
405.633333,0.000000
405.666667,0.000000
405.7,0.000000
405.733333,0.000000
405.766667,0.018434
405.8,0.000023
405.833333,0.000184
405.866667,0.000156
405.9,0.000122
405.933333,0.000034
405.966667,0.000008
406,0.000000
406.033333,0.000001
406.066667,0.000000
406.1,0.000000
406.133333,0.000000
406.166667,0.000000
406.2,0.000000
406.233333,0.038008
406.266667,0.000037
406.3,0.000195
406.333333,0.000130
406.366667,0.000117
406.4,0.000033
406.433333,0.000008
406.466667,0.000002
406.5,0.000001
406.533333,0.000000
406.566667,0.000000
406.6,0.000000
406.633333,0.000000
406.666667,0.000000
406.7,0.018613
406.733333,0.000037
406.766667,0.000224
406.8,0.000321
406.833333,0.000019
406.866667,0.000223
406.9,0.000106
406.933333,0.000018
406.966667,0.000007
407,0.000000
407.033333,0.000000
407.066667,0.000000
407.1,0.022855
407.133333,0.000033
407.166667,0.000192
407.2,0.000155
407.233333,0.000031
407.266667,0.000085
407.3,0.000035
407.333333,0.000005
407.366667,0.000000
407.4,0.000001
407.433333,0.000000
407.466667,0.000001
407.5,0.000000
407.533333,0.000000
407.566667,0.018444
407.6,0.000027
407.633333,0.000177
407.666667,0.000154
407.7,0.000039
407.733333,0.349907
407.766667,0.000012
407.8,0.000376
407.833333,0.000005
407.866667,0.000071
407.9,0.000849
407.933333,0.000001
407.966667,0.000016
408,0.002526
408.033333,0.000119
408.066667,0.000034
408.1,0.000010
408.133333,0.000002
408.166667,0.000000
408.2,0.000000
408.233333,0.000000
408.266667,0.000000
408.3,0.000000
408.333333,0.000000
408.366667,0.000000
408.4,0.000000
408.433333,0.000000
408.466667,0.000000
408.5,0.000000
408.533333,0.000000
408.566667,0.000000
408.6,0.000000
408.633333,0.000000
408.666667,0.000000
408.7,0.000000
408.733333,0.120734
408.766667,0.000059
408.8,0.000047
408.833333,0.000042
408.866667,0.000009
408.9,0.000002
408.933333,0.000000
408.966667,0.000000
409,0.000000
409.033333,0.000000
409.066667,0.000000
409.1,0.000000
409.133333,0.000000
409.166667,0.000000
409.2,0.000000
409.233333,0.000000
409.266667,0.000000
409.3,0.000000
409.333333,0.000000
409.366667,0.000000
409.4,0.000000
409.433333,0.000000
409.466667,0.000000
409.5,0.000000
409.533333,0.000000
409.566667,0.000000
409.6,0.000000
409.633333,0.000000
409.666667,0.000000
409.7,0.000000
409.733333,0.000000
409.766667,0.000000
409.8,0.000000
409.833333,0.000000
409.866667,0.000000
409.9,0.000000
409.933333,0.000000
409.966667,0.000000
410,0.028165
410.033333,0.000048
410.066667,0.000014
410.1,0.000002
410.133333,0.000000
410.166667,0.000000
410.2,0.000000
410.233333,0.000000
410.266667,0.000000
410.3,0.000000
410.333333,0.000000
410.366667,0.000000
410.4,0.000000
410.433333,0.000000
410.466667,0.000000
410.5,0.000000
410.533333,0.000000
410.566667,0.000000
410.6,0.000000
410.633333,0.000000
410.666667,0.000000
410.7,0.000000
410.733333,0.000000
410.766667,0.000000
410.8,0.000000
410.833333,0.000000
410.866667,0.000000
410.9,0.000000
410.933333,0.000000
410.966667,0.000000
411,0.000000
411.033333,0.000000
411.066667,0.000000
411.1,0.000000
411.133333,0.000000
411.166667,0.000000
411.2,0.000000
411.233333,0.000000
411.266667,0.068156
411.3,0.000061
411.333333,0.000025
411.366667,0.000004
411.4,0.000001
411.433333,0.000000
411.466667,0.000000
411.5,0.000000
411.533333,0.000000
411.566667,0.000000
411.6,0.000000
411.633333,0.000000
411.666667,0.000000
411.7,0.000000
411.733333,0.000000
411.766667,0.000000
411.8,0.000000
411.833333,0.000000
411.866667,0.000000
411.9,0.000000
411.933333,0.000000
411.966667,0.000000
412,0.000000
412.033333,0.000000
412.066667,0.000000
412.1,0.000000
412.133333,0.000000
412.166667,0.000000
412.2,0.000000
412.233333,0.000000
412.266667,0.000000
412.3,0.000000
412.333333,0.000000
412.366667,0.000000
412.4,0.000000
412.433333,0.000000
412.466667,0.000000
412.5,0.000000
412.533333,0.000000
412.566667,0.000000
412.6,0.000000
412.633333,0.000000
412.666667,0.000000
412.7,0.000000
412.733333,0.000000
412.766667,0.000000
412.8,0.000000
412.833333,0.000000
412.866667,0.000000
412.9,0.000000
412.933333,0.000000
412.966667,0.000000
413,0.000000
413.033333,0.000000
413.066667,0.000000
413.1,0.000000
413.133333,0.000000
413.166667,0.000000
413.2,0.000000
413.233333,0.000000
413.266667,0.000000
413.3,0.000000
413.333333,0.000000
413.366667,0.000000
413.4,0.000000
413.433333,0.000000
413.466667,0.000000
413.5,0.000000
413.533333,0.000000
413.566667,0.000000
413.6,0.000000
413.633333,0.000000
413.666667,0.000000
413.7,0.000000
413.733333,0.000000
413.766667,0.000000
413.8,0.000000
413.833333,0.000000
413.866667,0.000000
413.9,0.431049
413.933333,0.000005
413.966667,0.000082
414,0.000093
414.033333,0.000051
414.066667,0.000016
414.1,0.000003
414.133333,0.000000
414.166667,0.000000
414.2,0.000000
414.233333,0.000000
414.266667,0.000000
414.3,0.000000
414.333333,0.000000
414.366667,0.000000
414.4,0.000000
414.433333,0.000000
414.466667,0.000000
414.5,0.000000
414.533333,0.000000
414.566667,0.000000
414.6,0.000000
414.633333,0.000000
414.666667,0.000000
414.7,0.000000
414.733333,0.000000
414.766667,0.000000
414.8,0.000000
414.833333,0.000000
414.866667,0.000000
414.9,0.000000
414.933333,0.000000
414.966667,0.000000
415,0.000000
415.033333,0.000000
415.066667,0.000000
415.1,0.000000
415.133333,0.000000
415.166667,0.000000
415.2,0.000000
415.233333,0.000202
415.266667,0.000003
415.3,0.000019
415.333333,0.000018
415.366667,0.000020
415.4,0.000010
415.433333,0.000003
415.466667,0.000004
415.5,0.000004
415.533333,0.000039
415.566667,0.000024
415.6,0.035592
415.633333,0.000364
415.666667,0.000026
415.7,0.000042
415.733333,0.000041
415.766667,0.000016
415.8,0.000051
415.833333,0.000057
415.866667,0.000135
415.9,0.000176
415.933333,0.001090
415.966667,0.000034
416,0.000736
416.033333,0.000044
416.066667,0.000013
416.1,0.000003
416.133333,0.000001
416.166667,0.000000
416.2,0.000270
416.233333,0.000009
416.266667,0.000005
416.3,0.000003
416.333333,0.000003
416.366667,0.000045
416.4,0.000034
416.433333,0.000051
416.466667,0.000038
416.5,0.000031
416.533333,0.000050
416.566667,0.000050
416.6,0.045931
416.633333,0.000514
416.666667,0.000091
416.7,0.000066
416.733333,0.000121
416.766667,0.000245
416.8,0.001387
416.833333,0.000016
416.866667,0.000003
416.9,0.000001
416.933333,0.000000
416.966667,0.000000
417,0.000000
417.033333,0.000000
417.066667,0.000000
417.1,0.000309
417.133333,0.000002
417.166667,0.000001
417.2,0.000010
417.233333,0.000033
417.266667,0.000015
417.3,0.000039
417.333333,0.000014
417.366667,0.000047
417.4,0.000018
417.433333,0.000089
417.466667,0.000066
417.5,0.000115
417.533333,0.000258
417.566667,0.001388
417.6,0.000016
417.633333,0.000003
417.666667,0.000001
417.7,0.000000
417.733333,0.000000
417.766667,0.000000
417.8,0.000000
417.833333,0.000000
417.866667,0.000000
417.9,0.000000
417.933333,0.000000
417.966667,0.000000
418,0.000000
418.033333,0.000000
418.066667,0.000000
418.1,0.000000
418.133333,0.000000
418.166667,0.000000
418.2,0.000000
418.233333,0.000000
418.266667,0.000000
418.3,0.000000
418.333333,0.000000
418.366667,0.000000
418.4,0.000000
418.433333,0.928890
418.466667,0.000006
418.5,0.000070
418.533333,0.000053
418.566667,0.000036
418.6,0.000010
418.633333,0.000002
418.666667,0.000000
418.7,0.000000
418.733333,0.000000
418.766667,0.000000
418.8,0.000000
418.833333,0.000000
418.866667,0.000000
418.9,0.000000
418.933333,0.000000
418.966667,0.000000
419,0.000000
419.033333,0.000000
419.066667,0.000000
419.1,0.000000
419.133333,0.000000
419.166667,0.000000
419.2,0.000000
419.233333,0.000000
419.266667,0.000000
419.3,0.000000
419.333333,0.000000
419.366667,0.000000
419.4,0.000000
419.433333,0.000000
419.466667,0.000000
419.5,0.000000
419.533333,0.000000
419.566667,0.000000
419.6,0.000000
419.633333,0.000000
419.666667,0.000000
419.7,0.000000
419.733333,0.000000
419.766667,0.000000
419.8,0.000000
419.833333,0.000000
419.866667,0.000000
419.9,0.000000
419.933333,0.000000
419.966667,0.000000
420,0.000000
420.033333,0.000000
420.066667,0.000000
420.1,0.000000
420.133333,0.000000
420.166667,0.000000
420.2,0.000000
420.233333,0.000000
420.266667,0.000000
420.3,0.000000
420.333333,0.000000
420.366667,0.000000
420.4,0.000000
420.433333,0.000000
420.466667,0.000000
420.5,0.000000
420.533333,0.000000
420.566667,0.034377
420.6,0.000033
420.633333,0.000009
420.666667,0.000001
420.7,0.000000
420.733333,0.000000
420.766667,0.000000
420.8,0.000000
420.833333,0.000000
420.866667,0.000000
420.9,0.000000
420.933333,0.000000
420.966667,0.000000
421,0.000000
421.033333,0.000000
421.066667,0.000000
421.1,0.000000
421.133333,0.000000
421.166667,0.000000
421.2,0.000000
421.233333,0.000000
421.266667,0.000000
421.3,0.000000
421.333333,0.000000
421.366667,0.000000
421.4,0.000000
421.433333,0.000000
421.466667,0.000000
421.5,0.000000
421.533333,0.000000
421.566667,0.000000
421.6,0.000000
421.633333,0.000000
421.666667,0.000000
421.7,0.000000
421.733333,0.000000
421.766667,0.000000
421.8,0.000000
421.833333,0.000000
421.866667,0.000000
421.9,0.000000
421.933333,0.000000
421.966667,0.000000
422,0.000000
422.033333,0.000000
422.066667,0.000000
422.1,0.000000
422.133333,0.000000
422.166667,0.000000
422.2,0.000000
422.233333,0.000000
422.266667,0.000000
422.3,0.000000
422.333333,0.000000
422.366667,0.850787
422.4,0.000020
422.433333,0.033641
422.466667,0.002794
422.5,0.036374
422.533333,0.025126
422.566667,0.022978
422.6,0.000413
422.633333,0.101137
422.666667,0.019144
422.7,0.089115
422.733333,0.036724
422.766667,0.003727
422.8,0.000504
422.833333,0.197082
422.866667,0.017690
422.9,0.076835
422.933333,0.039574
422.966667,0.095379
423,0.001057
423.033333,0.206114
423.066667,0.048066
423.1,0.061246
423.133333,0.075888
423.166667,0.021105
423.2,0.000558
423.233333,0.060189
423.266667,0.009535
423.3,0.007481
423.333333,0.011345
423.366667,0.024350
423.4,0.000873
423.433333,0.054154
423.466667,0.072753
423.5,0.006030
423.533333,0.059093
423.566667,0.054036
423.6,0.000186
423.633333,0.214600
423.666667,0.101584
423.7,0.070579
423.733333,0.034263
423.766667,0.020194
423.8,0.000523
423.833333,0.166707
423.866667,0.075032
423.9,0.072489
423.933333,0.042845
423.966667,0.045860
424,0.002796
424.033333,0.064696
424.066667,0.001279
424.1,0.023538
424.133333,0.005837
424.166667,0.006736
424.2,0.000206
424.233333,0.027398
424.266667,0.011279
424.3,0.001939
424.333333,0.003386
424.366667,0.006042
424.4,0.000182
424.433333,1.000000
424.466667,0.057584
424.5,0.022867
424.533333,0.007276
424.566667,0.001204
424.6,0.014235
424.633333,0.015503
424.666667,0.027060
424.7,0.000346
424.733333,0.002011
424.766667,0.000384
424.8,0.001269
424.833333,0.000232
424.866667,0.000951
424.9,0.000120
424.933333,0.000840
424.966667,0.000089
425,0.000844
425.033333,0.000018
425.066667,0.000004
425.1,0.000006
425.133333,0.000016
425.166667,0.000010
425.2,0.000013
425.233333,0.000011
425.266667,0.000018
425.3,0.000007
425.333333,0.000027
425.366667,0.000014
425.4,0.000019
425.433333,0.000020
425.466667,0.000025
425.5,0.000014
425.533333,0.000033
425.566667,0.000020
425.6,0.000031
425.633333,0.000037
425.666667,0.000028
425.7,0.000042
425.733333,0.000041
425.766667,0.000053
425.8,0.000054
425.833333,0.000072
425.866667,0.000073
425.9,0.000120
425.933333,0.000111
425.966667,0.000250
426,0.000133
426.033333,0.000017
426.066667,0.000003
426.1,0.000000
426.133333,0.000000
426.166667,0.000000
426.2,0.000000
426.233333,0.000000
426.266667,0.000000
426.3,0.000000
426.333333,0.000000
426.366667,0.000000
426.4,0.000000
426.433333,0.000000
426.466667,0.000000
426.5,0.000000
426.533333,0.000000
426.566667,0.000000
426.6,0.000000
426.633333,0.000000
426.666667,0.000000
426.7,0.040453
426.733333,0.000133
426.766667,0.000020
426.8,0.000003
426.833333,0.000000
426.866667,0.000000
426.9,0.000000
426.933333,0.000000
426.966667,0.000000
427,0.000000
427.033333,0.000000
427.066667,0.000000
427.1,0.000000
427.133333,0.000000
427.166667,0.000000
427.2,0.000000
427.233333,0.000000
427.266667,0.000000
427.3,0.000000
427.333333,0.000000
427.366667,0.000000
427.4,0.000000
427.433333,0.000000
427.466667,0.000000
427.5,0.000000
427.533333,0.000000
427.566667,0.000000
427.6,0.000000
427.633333,0.000000
427.666667,0.000000
427.7,0.000000
427.733333,0.000000
427.766667,0.000000
427.8,0.000000
427.833333,0.000000
427.866667,0.000000
427.9,0.000000
427.933333,0.000000
427.966667,0.000000
428,0.000000
428.033333,0.000000
428.066667,0.000000
428.1,0.000000
428.133333,0.000000
428.166667,0.000000
428.2,0.000000
428.233333,0.000000
428.266667,0.000000
428.3,0.000000
428.333333,0.000000
428.366667,0.000000
428.4,0.057200
428.433333,0.000148
428.466667,0.000031
428.5,0.000004
428.533333,0.000001
428.566667,0.000000
428.6,0.000000
428.633333,0.000000
428.666667,0.000000
428.7,0.000000
428.733333,0.000000
428.766667,0.000000
428.8,0.000000
428.833333,0.000000
428.866667,0.000000
428.9,0.000000
428.933333,0.000000
428.966667,0.000000
429,0.000000
429.033333,0.000000
429.066667,0.000000
429.1,0.000000
429.133333,0.000000
429.166667,0.000000
429.2,0.000000
429.233333,0.000000
429.266667,0.000000
429.3,0.000000
429.333333,0.000000
429.366667,0.000000
429.4,0.280764
429.433333,0.000000
429.466667,0.000000
429.5,0.000000
429.533333,0.000000
429.566667,0.000000
429.6,0.000000
429.633333,0.000014
429.666667,0.000114
429.7,0.000140
429.733333,0.000196
429.766667,0.000299
429.8,0.000447
429.833333,0.000604
429.866667,0.000822
429.9,0.000996
429.933333,0.001141
429.966667,0.001237
430,0.001416
430.033333,0.001423
430.066667,0.001473
430.1,0.001498
430.133333,0.001496
430.166667,0.000899
430.2,0.000460
430.233333,0.000189
430.266667,0.000910
430.3,0.000940
430.333333,0.000698
430.366667,0.000695
430.4,0.000847
430.433333,0.000132
430.466667,0.000044
430.5,0.000409
430.533333,0.001122
430.566667,0.001138
430.6,0.000807
430.633333,0.000881
430.666667,0.000075
430.7,0.001092
430.733333,0.002225
430.766667,0.002145
430.8,0.002322
430.833333,0.003507
430.866667,0.003041
430.9,0.002349
430.933333,0.001168
430.966667,0.000837
431,0.002173
431.033333,0.003090
431.066667,0.002728
431.1,0.002484
431.133333,0.001653
431.166667,0.000073
431.2,0.000692
431.233333,0.001365
431.266667,0.001637
431.3,0.002678
431.333333,0.003170
431.366667,0.002026
431.4,0.001257
431.433333,0.001277
431.466667,0.002368
431.5,0.003418
431.533333,0.002529
431.566667,0.002609
431.6,0.002178
431.633333,0.002265
431.666667,0.001730
431.7,0.002159
431.733333,0.001400
431.766667,0.001452
431.8,0.001028
431.833333,0.000883
431.866667,0.000688
431.9,0.000892
431.933333,0.000598
431.966667,0.000734
432,0.000111
432.033333,0.000743
432.066667,0.000053
432.1,0.000921
432.133333,0.000002
432.166667,0.000609
432.2,0.000154
432.233333,0.000134
432.266667,0.000316
432.3,0.000136
432.333333,0.000103
432.366667,0.000291
432.4,0.000556
432.433333,0.000324
432.466667,0.000163
432.5,0.000031
432.533333,0.000167
432.566667,0.000071
432.6,0.000030
432.633333,0.000185
432.666667,0.000144
432.7,0.000149
432.733333,0.000231
432.766667,0.000057
432.8,0.000164
432.833333,0.000514
432.866667,0.000076
432.9,0.000153
432.933333,0.000307
432.966667,0.000075
433,0.000103
433.033333,0.000119
433.066667,0.000105
433.1,0.000085
433.133333,0.000101
433.166667,0.000082
433.2,0.000063
433.233333,0.000006
433.266667,0.000052
433.3,0.000062
433.333333,0.000039
433.366667,0.000095
433.4,0.000191
433.433333,0.000066
433.466667,0.000055
433.5,0.000035
433.533333,0.000019
433.566667,0.000062
433.6,0.000046
433.633333,0.000025
433.666667,0.000086
433.7,0.000101
433.733333,0.000104
433.766667,0.000085
433.8,0.000149
433.833333,0.000075
433.866667,0.000125
433.9,0.000067
433.933333,0.000092
433.966667,0.000092
434,0.000067
434.033333,0.000058
434.066667,0.000042
434.1,0.000064
434.133333,0.000040
434.166667,0.000032
434.2,0.000043
434.233333,0.000056
434.266667,0.000047
434.3,0.000039
434.333333,0.000023
434.366667,0.000010
434.4,0.000371
434.433333,0.000084
434.466667,0.000037
434.5,0.000001
434.533333,0.000013
434.566667,0.000003
434.6,0.000001
434.633333,0.000000
434.666667,0.000000
434.7,0.000000
434.733333,0.000000
434.766667,0.000000
434.8,0.000000
434.833333,0.000000
434.866667,0.000000
434.9,0.000000
434.933333,0.000000
434.966667,0.000000
435,0.000000
435.033333,0.000000
435.066667,0.000000
435.1,0.000000
435.133333,0.000000
435.166667,0.000000
